t_s,platform_heave_m,platform_heave_acc_mps2,buoy1_clusterA_surge_m,buoy1_clusterA_surge_acc_mps2,buoy1_clusterA_sway_m,buoy1_clusterA_sway_acc_mps2,buoy1_clusterA_heave_m,buoy1_clusterA_heave_acc_mps2,buoy4_clusterB_surge_m,buoy4_clusterB_surge_acc_mps2,buoy4_clusterB_sway_m,buoy4_clusterB_sway_acc_mps2,buoy4_clusterB_heave_m,buoy4_clusterB_heave_acc_mps2,buoy7_clusterC_surge_m,buoy7_clusterC_surge_acc_mps2,buoy7_clusterC_sway_m,buoy7_clusterC_sway_acc_mps2,buoy7_clusterC_heave_m,buoy7_clusterC_heave_acc_mps2
56.56,-0.019092471876853777,0.09847574524916526,-0.20859238705706523,0.3242032975016176,-7.797699401374183e-10,1.2619849539869094e-09,-0.029475954585145816,0.07968883902006778,-0.18559878070001448,0.23372129685252327,-0.0001100137912550687,0.000313256837513304,-0.009962784039490578,-6.975890657194153e-05,-0.16088099824126023,0.14164905632047275,9.435953626409713e-10,-2.083934658511045e-09,0.0120955723340286,-0.08489338982365503
56.57,-0.018146848821481022,0.09792972904369655,-0.20813385172860946,0.32232965083518966,-7.82544639756096e-10,1.2721492629743434e-09,-0.028226379261933762,0.07263366162532081,-0.18508853534607478,0.2316844783588583,-0.00011467625766812192,0.0003288603824482435,-0.008658606690908966,-0.0062612204749991,-0.16049233595649384,0.14017384733917201,9.50837069005344e-10,-2.1127795457734467e-09,0.013466309150008874,-0.0902693940880017
56.58,-0.01719133273591589,0.09724762047625511,-0.2076431108147356,0.32032651368399584,-7.851922235965355e-10,1.2825305531445264e-09,-0.026969631177186912,0.06562607289762615,-0.18455514861138,0.22954780978638653,-0.00011930258016172695,0.0003444833511765153,-0.00735512959120923,-0.012367927934580577,-0.1600896759257794,0.1386461964411909,9.578667012493754e-10,-2.140848391722177e-09,0.014827949721557172,-0.09553991934595227
56.59,-0.016225998735683783,0.09642512572864408,-0.20712036635394213,0.31818182996443684,-7.877116580786247e-10,1.2928489848511138e-09,-0.025706409598024147,0.05867637916076344,-0.1839988351808584,0.22731206641495338,-0.00012389115900548635,0.00036022628239999586,-0.00605296183560041,-0.018385875371586872,-0.1596731714692669,0.13706614069266815,9.646814720570315e-10,-2.168112120924184e-09,0.01617996858148283,-0.10070439196379578
56.6,-0.015250936174623036,0.09545808537649254,-0.20656583437793805,0.3158928020092633,-7.901019213462089e-10,1.3026923376780261e-09,-0.024437407929762275,0.05179289115979603,-0.18341981965672965,0.22497725724216847,-0.00012844039284694596,0.0003760268611919613,-0.004752703591852389,-0.024311191785441864,-0.1592429811713716,0.13543275418025957,9.712786432847056e-10,-2.1953156286680014e-09,0.017521850893231137,-0.1057622249414232
56.61,-0.014266249052081691,0.09434247677384124,-0.2059797452332712,0.31346121395684345,-7.923620436752479e-10,1.312033536179481e-09,-0.023163312882659912,0.044982741340085355,-0.18281833650611615,0.2225445784001049,-0.00013294868033429975,0.0003918667446966711,-0.003454945725660651,-0.030140473796675792,-0.15879926908166017,0.1337409898739452,9.77655500366819e-10,-2.2224876684994278e-09,0.018853092524835805,-0.11071231156455709
56.620000000000005,-0.013272056406070319,0.09307441937982396,-0.20536234351783955,0.3108880729442979,-7.944910981975513e-10,1.3208158080536402e-09,-0.02188480374265349,0.03825285707789197,-0.18219462997659733,0.22001485625392345,-0.00013741442186061289,0.00040775704586800933,-0.002160269458185863,-0.03587052537070457,-0.15834220504554547,0.13198880539973948,9.838093486501646e-10,-2.248791651847712e-09,0.02017320013067671,-0.11555413202696609
56.63,-0.012268492691650652,0.09165019046977592,-0.20471388792494752,0.30817569372036785,-7.964882073596962e-10,1.329061604236022e-09,-0.02060255169404621,0.03160956589818757,-0.18154895400122967,0.21738909080551452,-0.00014183601933799,0.00042369718038771703,-0.0008692460521676059,-0.04149844518616488,-0.15787196490559197,0.13017618122989394,9.89737584725893e-10,-2.274230904561368e-09,0.021481691200789573,-0.12028761037137435
56.64,-0.011255708143981503,0.09006621581916575,-0.20403465105795815,0.30532574987452255,-7.98352567154148e-10,1.3367586324100595e-09,-0.019317219183581102,0.025058946399827742,-0.1808815721053617,0.21466818313756034,-0.00014621187578511726,0.0004396920969247298,0.0004175634755890509,-0.04702158221068596,-0.15738873057111655,0.12830220621861013,9.954376751242832e-10,-2.2987553186854515e-09,0.02277809407725808,-0.12491265006748917
56.65,-0.010233869125760386,0.08831908408969427,-0.2033249192408528,0.30234023749543343,-8.000834200759407e-10,1.3439117322233161e-09,-0.018029459321940645,0.018606647255868334,-0.18019275731379789,0.2118530706189598,-0.00015054039492505265,0.00045574472194964813,0.0016996086152579395,-0.05243755372935971,-0.15689269006741777,0.12636676172883324,1.000907182347706e-09,-2.3222508881885005e-09,0.024061947955501164,-0.1294293921087051
56.660000000000004,-0.009203158458409423,0.08640555125682714,-0.20258499233068766,0.29922098642883904,-8.016800516699047e-10,1.35051781821114e-09,-0.016739915322041943,0.01225797274656039,-0.17948279205913867,0.20894465810142085,-0.0001548199807108054,0.00047185971025639253,0.0029763495989925336,-0.057744231338197415,-0.15638403756445993,0.1243696979570461,1.0061437832415697e-09,-2.3447398631620663e-09,0.02533280287092845,-0.13383808383747128
56.67,-0.008163775736253051,0.08432254892163983,-0.20181518352969022,0.29596989854514577,-8.031418276625863e-10,1.3565778418299055e-09,-0.015449219974883894,0.006017837027738243,-0.17875196809098903,0.20594385147804253,-0.00015904903681816646,0.00048804102214445856,0.004247257610159775,-0.06293974268921973,-0.15586297339084823,0.12231088481667904,1.011145234690978e-09,-2.366186760935455e-09,0.02659021967220871,-0.13813908354370513
56.68,-0.007115937622994446,0.08206719105131598,-0.2010158191987262,0.2925888231960378,-8.044681479058384e-10,1.3620905261573081e-09,-0.014157995162844531,-0.00010921409252501706,-0.17800058638626537,0.2028515404966866,-0.00016322596611702102,0.0005042930638610672,0.005511814967211594,-0.06802246463719655,-0.15532970404765334,0.12019018596797372,1.0159094193509444e-09,-2.3865858184425696e-09,0.027833769983763128,-0.14233285241801952
56.69,-0.0060598781297865984,0.079636780859293,-0.20018723867179403,0.28907961496694395,-8.056584754869768e-10,1.3670554401344135e-09,-0.012866851410562593,-0.006119013322846339,-0.17722895706051964,0.1996686074171024,-0.00016734917013202946,0.0005206200661918277,0.006769515282584864,-0.07299102024099399,-0.15478444222187462,0.11800747459198135,1.0204343130360648e-09,-2.4059156910007284e-09,0.02906303615783383,-0.14641995338798366
56.7,-0.004995848874319979,0.07702881458706973,-0.19932979407213933,0.28544410177918694,-8.067123303139017e-10,1.3714719838091228e-09,-0.011576387473253425,-0.0120077645915028,-0.1764373992803014,0.19639592342738935,-0.00017141704850683284,0.0005370259190916023,0.008019863597077275,-0.07784427359963862,-0.15422740679951671,0.11576262560159019,1.0247180038426362e-09,-2.424162711407384e-09,0.030277611216453032,-0.1504010474762167
56.71,-0.003924119320490964,0.07424098540373344,-0.19844385012999294,0.2816840986771406,-8.076292896333594e-10,1.3753380846610305e-09,-0.010287189962282131,-0.017772042776300553,-0.1756262411764736,0.19303435156750304,-0.0001754279985176835,0.0005535133506559351,0.009262376490131431,-0.08258132576747268,-0.15365882287853497,0.1134555096449494,1.0287586813763326e-09,-2.4413122684690795e-09,0.0314770987835955,-0.15427689154920182
56.72,-0.002844976997922946,0.07127119860993711,-0.19752978400223534,0.2778013963569828,-8.084089812652619e-10,1.3786524059687917e-09,-0.00899983300766638,-0.02340878811136755,-0.17479581975844516,0.18958474548162027,-0.00017938041462608686,0.0005700857144706707,0.010496582166525333,-0.08720150859851447,-0.1530789217815411,0.1110860111268869,1.0325546501435919e-09,-2.457352196453185e-09,0.03266111300787438,-0.1580483324608135
56.730000000000004,-0.001758727700312218,0.06811757797382786,-0.19658798509419526,0.27379776392615135,-8.090510990006206e-10,1.3814121185845263e-09,-0.007714877957138796,-0.028915302989457572,-0.1739464808292721,0.18604795099722493,-0.00018327268799716722,0.0005867470198565679,0.011722020520051198,-0.09170437875301819,-0.15248794106727684,0.1086540354644731,1.0361043249695557e-09,-2.4722663704243932e-09,0.03382927847614864,-0.16171630545414087
56.74,-0.0006656956618457949,0.06477847008294942,-0.1956188548837462,0.26967494647980383,-8.095553745096601e-10,1.3836141079561474e-09,-0.006432873111348012,-0.034289246854911595,-0.1730785789015509,0.1824248068026883,-0.00018710320596580614,0.0006035013523568211,0.012938243174779967,-0.09608971205730844,-0.15188612454033118,0.10615950299737321,1.0394062391921428e-09,-2.486041539382171e-09,0.03498123011827208,-0.16528183279204828
56.75,0.0004337762887963621,0.06125244990251941,-0.19462280674773905,0.2654346658719511,-8.099216148895474e-10,1.3852547188363253e-09,-0.005154353494694598,-0.039528630408252476,-0.17219247711399016,0.17871614603328054,-0.00019087035147895658,0.000620352870291076,0.014144813504482745,-0.10035749764177733,-0.15127372225919208,0.10360235105792447,1.0424590291371805e-09,-2.498662559251214e-09,0.03611661310316742,-0.16874602139341652
56.76,0.0015393265973315186,0.05753832468454698,-0.19360026579077366,0.2610786208004645,-8.101496753524918e-10,1.3863293311584053e-09,-0.003879840661198595,-0.04463180874427931,-0.17128854714851835,0.1749227979065518,-0.00019457250253156238,0.0006373056227205004,0.015341306630782729,-0.10450793221760782,-0.15065099054264253,0.10098253415352562,1.0452614527257088e-09,-2.510115588047377e-09,0.03723508272644706,-0.1721100604908581
56.77,0.0026505748761190477,0.05363513958546293,-0.1925516686762737,0.2566084872994193,-8.102394661972467e-10,1.3868330527927843e-09,-0.0026098425347248666,-0.04959747427371741,-0.17036716914776737,0.17104558922528598,-0.00019820803160414843,0.0006543635935165709,0.016527309400625426,-0.10854141393077711,-0.15001819197437985,0.0983000262505601,1.0478123879180824e-09,-2.5203863012566953e-09,0.03833630428981445,-0.17537521940787767
56.78,0.0037671218202482357,0.04954218215468183,-0.1914774634598121,0.2520259194711107,-8.101909602963553e-10,1.3867603419126709e-09,-0.0013448532828388674,-0.05442464897014902,-0.16942873163277225,0.16708534609271652,-0.0002017753051050574,0.0006715306563872333,0.01770242034367173,-0.11245853624210894,-0.14937559540569237,0.09555482232377653,1.050110827366542e-09,-2.5294604951867314e-09,0.039419952972470404,-0.1785428454017961
56.79,0.004888549147934481,0.04525898693123782,-0.1903781094246067,0.24733255056207198,-8.100041878915811e-10,1.3861055936111561e-09,-8.535322352129118e-05,-0.05911267623481647,-0.1684736314207153,0.16304289568672237,-0.00020527268281878241,0.0006888105765049415,0.018866249610234115,-0.11626008165732311,-0.1487234759560124,0.09274694028453662,1.0521558806165764e-09,-2.537325307731049e-09,0.04048571369473755,-0.18161436158188204
56.800000000000004,0.006014419565658314,0.04078533951328748,-0.18925407691907464,0.24252999429057867,-8.096792328890743e-10,1.3848626835962794e-09,0.0011681912360842763,-0.06366121231341344,-0.16750227354253516,0.15891906814777754,-0.00020869851736199293,0.0007062069898597351,0.02001841889037735,-0.11994701541641072,-0.14806211501116406,0.08987642270240516,1.0539467794044595e-09,-2.543966819116697e-09,0.04153328097411627,-0.18459126488137817
56.81,0.007144276758450143,0.036121280402028805,-0.18810584719630746,0.23761984642983575,-8.092162494615138e-10,1.3830260259665518e-09,0.0024153276297464426,-0.06807021736940609,-0.1665150711602097,0.1547146985292534,-0.00021205115364872175,0.0007237233947027789,0.021158561314821907,-0.12352047911023244,-0.1473918002191281,0.08694333860317932,1.0554828795694287e-09,-2.549372813767032e-09,0.04256235877396997,-0.18747512407060163
56.82,0.008277645405687688,0.03126710845775948,-0.18693391225530537,0.23260368660188444,-8.08615437954075e-10,1.3805896366990406e-09,0.003655617431944222,-0.07233994623196842,-0.16551244548351648,0.1504306288125428,-0.00021532892836595788,0.0007413631380241834,0.02228632133828567,-0.12698178425720374,-0.14671282548314477,0.0839477851952413,1.0567636623618791e-09,-2.553531050669652e-09,0.04357266034504324,-0.19026757779897413
56.83,0.00941403121536193,0.0262231446796597,-0.1857387746804907,0.22748318704058904,-8.078770656979396e-10,1.3775606534195462e-09,0.0048886360304929806,-0.07647086835346745,-0.16449482568347182,0.1460677940893316,-0.00021853016952634745,0.000759127312205046,0.023401354604505008,-0.13033245123316736,-0.14602549094860937,0.08088999885876161,1.0577887336440442e-09,-2.556475673686119e-09,0.04456390806250257,-0.19297025185527047
56.84,0.010552920898797847,0.02098757851754652,-0.1845209474442033,0.222261081034992,-8.0700146134648e-10,1.3739604347262498e-09,0.00611397269622784,-0.08046301668550553,-0.16346264877457012,0.14162798667222548,-0.0002216531967449109,0.0007769974802242921,0.024503327778591995,-0.13357461538254253,-0.14533010290263704,0.07777280482165132,1.0585578002643047e-09,-2.5586181212199614e-09,0.045535833262176535,-0.19558477389015613
56.85,0.01169378196754203,0.015556221644330532,-0.18328095362278457,0.21694114420630273,-8.059889982076141e-10,1.3700368182404748e-09,0.007331230561135695,-0.08431671167916795,-0.16241635940214305,0.13711464211205565,-0.00022469632212292944,0.0007949688027336969,0.02559191834309984,-0.13671046699492714,-0.1446269732876,0.07460730429318717,1.059070647097417e-09,-2.5603758534174894e-09,0.046488175957605245,-0.19811663990884293
56.86,0.012836062272834965,0.009921687003918718,-0.18201932585629707,0.21153311142838618,-8.048400535339804e-10,1.3669383833703117e-09,0.008540026487839223,-0.08803561175138708,-0.16135640927159342,0.13253962193289748,-0.00022765785311736663,0.0008129634019706447,0.026666814290634,-0.13974506163896477,-0.14391641867644894,0.07140713796438132,1.0593271068905326e-09,-2.5617879796542176e-09,0.047420684335293145,-0.2005723425099815
56.870000000000005,0.013979189425634534,0.004079318509983748,-0.1807366054714575,0.20604742792330122,-8.035549611203172e-10,1.3638223149835298e-09,0.009739990734765587,-0.09162446563577557,-0.16028325624472498,0.12791104074756315,-0.00023053610107234216,0.0008308278526906099,0.027727713710031784,-0.1426822799269904,-0.1431987591497846,0.06817977012227659,1.0593270608705828e-09,-2.5626162599374878e-09,0.04833311421005311,-0.20295559408000838
56.88,0.015122570416162521,-0.001971421816418284,-0.1794333416561278,0.20048791778856667,-8.021340545566862e-10,1.3604196930825618e-09,0.010930766578450622,-0.0950855263604073,-0.15919736347041655,0.12323650241473712,-0.00023332938938569172,0.0008485871570596107,0.02877432437113781,-0.1455260935097265,-0.14247431741747263,0.06493299926612028,1.0590704323407247e-09,-2.562929525608695e-09,0.049225228584376425,-0.20527054273068143
56.89,0.016265591492342964,-0.008231017969424116,-0.17811009080527204,0.19486298799535426,-8.00577656893367e-10,1.357522276186311e-09,0.012112009985497402,-0.09842273279084028,-0.15809919862019067,0.11852342644647751,-0.00023603606018187087,0.0008660766391659257,0.02980636332104196,-0.14828071113245084,-0.1417434181320124,0.061671829353700115,1.0585572145540121e-09,-2.5624808096290903e-09,0.05009679728273837,-0.2075199886203691
56.9,0.017407618188161084,-0.014697815632851304,-0.17676741584048172,0.1891788056063933,-7.988860891825052e-10,1.354280490329405e-09,0.013283389255786838,-0.10163985639645444,-0.15698923331795564,0.11377356229748067,-0.00023865448440761185,0.0008832095823494516,0.030823556534069516,-0.1509481625224838,-0.14100638744568234,0.05839762317744722,1.0577874656255199e-09,-2.5612769730998027e-09,0.05094759666993855,-0.20970588679227375
56.910000000000004,0.01854799551306522,-0.021368395312789338,-0.1754058856982999,0.18343671828194874,-7.970597014060617e-10,1.350455657474121e-09,0.014444584690941425,-0.10473903942964714,-0.15586794277265553,0.1089912744977443,-0.0002411830644026817,0.0009001398477668592,0.031825638627244225,-0.15353169193008714,-0.14026355268096136,0.055115687636151954,1.0567613159293851e-09,-2.559515613943782e-09,0.05177740939697517,-0.21183151381847123
56.92,0.019686048266915255,-0.028239452112033228,-0.17402607507812787,0.17763880679816754,-7.950988788311776e-10,1.3462167872931396e-09,0.015595288342676353,-0.10772254919898813,-0.15473580533119688,0.10418295413790081,-0.00024362023246666923,0.0009167156616557907,0.03281235253317548,-0.1560353772750449,-0.13951524194847817,0.05182904929318571,1.0554789605384682e-09,-2.5568847631419273e-09,0.0525860241262581,-0.2138992412873736
56.93,0.02082108139276291,-0.03530739649945874,-0.17262856415184819,0.1717903024364511,-7.930040326227774e-10,1.3422431703607622e-09,0.01673520374586267,-0.11059399247319071,-0.15359330200717408,0.09935085948135211,-0.0002459644584019461,0.0009328288558955088,0.03378344915555347,-0.1584617488345543,-0.13876178387400726,0.048538325467478695,1.0539406835204845e-09,-2.5533061826022652e-09,0.053373235294867954,-0.2159108111154015
56.94,0.021952380381181094,-0.0425673490992522,-0.1712139380983963,0.1658965968019213,-7.907755802840404e-10,1.3379353573252571e-09,0.01786404557144667,-0.11335735015124035,-0.15244091621865372,0.09449579012279383,-0.0002482142573880381,0.0009484866458319749,0.03473868709235648,-0.16081308582013315,-0.1380035074853501,0.045244267125744066,1.0521468670194793e-09,-2.54877330998214e-09,0.05413884292351209,-0.2178680707139218
56.95,0.023079211776098327,-0.05001337969495064,-0.1697827866841752,0.15995932184765865,-7.884139836649405e-10,1.3328946182674773e-09,0.018981539269460192,-0.11601546904724394,-0.15127913367101775,0.08961882375361149,-0.00025036819205179845,0.0009636717565203873,0.03567783239323977,-0.16309195338988067,-0.13724074214698834,0.041947405012437225,1.0500979666832533e-09,-2.5433787058156322e-09,0.05488265243274529,-0.21977286610165547
56.96,0.024200823766315008,-0.057639276522764835,-0.1683357040388724,0.15397968976675108,-7.859197406020505e-10,1.3272930681971172e-09,0.020087420762367664,-0.11857114184984868,-0.15010844222108574,0.08472213222681516,-0.00025242487025801887,0.0009784706269713311,0.036600658298452646,-0.16530121941918352,-0.1364738174190865,0.03865098713789267,1.0477945385226589e-09,-2.5372984369499642e-09,0.05560447443726303,-0.22162768975087277
56.97,0.025316446819024164,-0.0654385798014264,-0.16687328851733238,0.1479592009648881,-7.832934346525917e-10,1.3210195024310508e-09,0.021181436156585163,-0.12102738582562722,-0.14892933159233127,0.07981078224951307,-0.00025438294244335983,0.0009928339261441822,0.03750694493341506,-0.16744452227586895,-0.13570306282255884,0.035357097653399935,1.045237207744414e-09,-2.5302784205456522e-09,0.05630412451653534,-0.2234347681616795
56.980000000000004,0.026425294344447674,-0.07340439081533988,-0.16539614255826415,0.14189926462572608,-7.805356964891367e-10,1.3141015634689829e-09,0.02226334144571169,-0.12338716197832054,-0.1477422930170586,0.07488687380007403,-0.0002562411053661283,0.0010066548921460943,0.038396478982131096,-0.16952476149298887,-0.1349288076592382,0.03206615803418263,1.0424266992109256e-09,-2.522235086198896e-09,0.05698142300191236,-0.22519580548458512
56.99,0.02752656340015419,-0.08152937760644928,-0.16390487254077543,0.135801320131594,-7.77647225474947e-10,1.3065208014981494e-09,0.023332902206629605,-0.1256536109548473,-0.14654781901129413,0.06995110017796993,-0.0002579981087579783,0.0010199115702856144,0.03926905339584174,-0.1715443837141254,-0.13415138093169238,0.02877876567245213,1.0393638319515862e-09,-2.5132187185568554e-09,0.05763619479210585,-0.22691259361632177
57.0,0.028619435440780175,-0.0898057009207073,-0.16240008861908573,0.12966752237389162,-7.746287862275184e-10,1.2986259129944886e-09,0.024389893276186625,-0.12783025237609316,-0.14534640326151657,0.06500467960957627,-0.00025965275862209453,0.0010325918378653663,0.04012446713459878,-0.17350596738392554,-0.1333711112920106,0.025495361315005155,1.0360495206401115e-09,-2.503181259473318e-09,0.05826826917418451,-0.2285869400613075
57.01,0.029703077116629156,-0.09822501506190161,-0.16088240445049598,0.12350231924469304,-7.714811692233353e-10,1.2903362686276191e-09,0.025434098385332657,-0.1299212623189683,-0.14413854052369934,0.06004849052024061,-0.0002612039184116317,0.001044682074275592,0.04096252491025394,-0.1754121272699458,-0.1325883269933451,0.0222164339275159,1.032484785530978e-09,-2.4921200631223555e-09,0.058877479644391204,-0.2302205758366567
57.02,0.03077664112154794,-0.10677850011718888,-0.15935243686251654,0.11730800121471097,-7.682052102291183e-10,1.2813411117378813e-09,0.02646530977043179,-0.13193026650121586,-0.1429247265253431,0.0550835213389153,-0.00026265050997765154,0.0010561720668055144,0.04178303692412122,-0.17726550837483165,-0.13180335584374592,0.018942420359988794,1.0286707538600124e-09,-2.480032229796787e-09,0.05946366373239679,-0.2318152351007551
57.03,0.03183926708622631,-0.11545693387509048,-0.15781080562112842,0.1110855645544857,-7.648018170408401e-10,1.2716229904635798e-09,0.027483327808041056,-0.13386059359752714,-0.14170545787062194,0.050110700174421256,-0.0002639915143185411,0.0010670534546228757,0.04258581860380601,-0.17906871128401888,-0.1310165251612347,0.01567376887085777,1.0246086445040398e-09,-2.466918342697431e-09,0.06002666282623541,-0.23337267607295603
57.04,0.03289008253059755,-0.12425011260833031,-0.15625813329375188,0.1048363870490405,-7.612719755965489e-10,1.2611898923922307e-09,0.028487960649538888,-0.1357164056041065,-0.14048123194099132,0.045131127207838836,-0.00026522597220354766,0.001077316744317648,0.04337069036266453,-0.18082365689682556,-0.13022816173162322,0.012410853032323811,1.0202997825605474e-09,-2.4527773432510403e-09,0.06056632196795919,-0.2348955659302434
57.050000000000004,0.03392820391905623,-0.13314631655386105,-0.1546950451291275,0.09856151483548184,-7.576167282984314e-10,1.25004359455942e-09,0.029479023784260885,-0.1375030386107134,-0.1392525467805572,0.04014615856199593,-0.0002663529844224421,0.001086965226439855,0.04413747743227611,-0.1825310182044872,-0.12943859177409003,0.009153906309732665,1.0157455963789397e-09,-2.437611155460489e-09,0.06108248955263233,-0.23638823445615745
57.06,0.034952737834287345,-0.1421330248326657,-0.15312216894197575,0.09226212411194709,-7.538371921436291e-10,1.2381954409230896e-09,0.03045633950751653,-0.13922649924344688,-0.1380199008985321,0.03515931603895333,-0.00026737171058722824,0.0010960294692273164,0.04488600977663624,-0.1841912542265374,-0.12864814089489104,0.005903817494468271,1.010947612234509e-09,-2.4215712320795377e-09,0.061575016897327646,-0.23785598156353244
57.07,0.03596278222798681,-0.15119746526813674,-0.15154013499794683,0.08593938437675869,-7.49934550251868e-10,1.2256504283443925e-09,0.03141973633448639,-0.14089272339850867,-0.13678379297290497,0.030173692035359474,-0.000268281369199163,0.0011044471180381178,0.045616122043288874,-0.1858047707889867,-0.12785713398425236,0.00266235639699506,1.0059074530749073e-09,-2.4045845266629513e-09,0.06204375772819435,-0.23930414523135457
57.08,0.036957427714361474,-0.1603263802026407,-0.14994957589531693,0.07959449648473571,-7.459100691052987e-10,1.2124216786991368e-09,0.03236904840058292,-0.14250777062594883,-0.13554472158299155,0.0251907432285072,-0.0002690812410385243,0.0011121792561052427,0.04632765353669274,-0.18737147734741416,-0.12706589509168256,-0.0005698379948324173,1.0006268200729048e-09,-2.386563976239255e-09,0.06248856764924601,-0.24073797481462278
57.09,0.03793575888834447,-0.16950663290354093,-0.1483511264414623,0.07322878286241098,-7.417650617806773e-10,1.1985175619839305e-09,0.033304114867814656,-0.14407735665669846,-0.13430318503255328,0.020211883178761384,-0.00026977067253978446,0.0011192094866759724,0.047020448207596044,-0.18889159303996403,-0.1262747473493356,-0.0037924391881012723,9.951075395634419e-10,-2.367532896744652e-09,0.06290930363183839,-0.24216216929151488
57.1,0.038896855656042686,-0.17872479132128757,-0.14674542352221592,0.06684358018869882,-7.375009273840046e-10,1.1839480637752964e-09,0.034224779345610565,-0.14560720352175657,-0.13305968120798933,0.01523850427987179,-0.00027034907768198224,0.0011255185103087972,0.0476943546375395,-0.19036531672495924,-0.12548401292663436,-0.007004910805278517,9.893515206638168e-10,-2.3474931586510245e-09,0.06330582353258277,-0.2435814464661993
57.11,0.03983979458508893,-0.1879671564711714,-0.14513310596704695,0.06044025844520514,-7.331191110937972e-10,1.1687261759609425e-09,0.03513088931690889,-0.14710307465267675,-0.1318147074382929,0.010272002375461024,-0.00027081593899770955,0.0011311058132050529,0.04834922602088761,-0.19179276318687358,-0.12469401298279749,-0.010206785232865513,9.833607773864035e-10,-2.3264576545766513e-09,0.06367798562031565,-0.24500055434500867
57.120000000000005,0.040763650259281366,-0.19722048882211188,-0.14351481440660885,0.05402037130342118,-7.286211347105584e-10,1.1528662894266218e-09,0.03602229558513675,-0.14856998663307416,-0.13056876035701734,0.005313715157644733,-0.00027117080799732887,0.0011359618244045852,0.048984920129495645,-0.193174760576476,-0.12390506761170215,-0.013397371612549716,9.771374275883112e-10,-2.3044270705299747e-09,0.0640256481313239,-0.24642326526125863
57.13,0.041667496650363435,-0.206470411449909,-0.14189119111735982,0.047585574974664493,-7.240085845704154e-10,1.136380457529113e-09,0.03689885177235298,-0.15001246714218605,-0.12932233576906157,0.0003649140412761728,-0.00027141330581428603,0.0011400731199914687,0.049601299227423346,-0.19451267118938806,-0.12311749577496242,-0.01657591123941239,9.70683678771661e-10,-2.2814206516886764e-09,0.06434866891396179,-0.2478519970192531
57.14,0.0425504085941471,-0.21570067563469997,-0.1402628798540587,0.041137635576092894,-7.192831087640635e-10,1.1192746359264477e-09,0.037760413868021606,-0.15143466617053558,-0.12807592852274421,-0.004573158387298383,-0.0002715431242254571,0.0011434255067483926,0.050198229931383294,-0.1958083053078897,-0.12233161522457638,-0.019741559973072444,9.640018427870758e-10,-2.2574391523320026e-09,0.06464690529907652,-0.24928464504275538
57.15,0.04341146336873036,-0.22489543202856596,-0.13863052564939618,0.03467914105712613,-7.144463875464288e-10,1.101767498860265e-09,0.03860683984256619,-0.15283955574718266,-0.12683003238829482,-0.009499379557812687,-0.0002715600265934698,0.0011460085664788758,0.050775582998115916,-0.19706478175924202,-0.12154774241357277,-0.022893265896388695,9.570943321709205e-10,-2.232494918864574e-09,0.064920214364532,-0.25071444208388083
57.160000000000004,0.044249742307742805,-0.23403823919141614,-0.13699477453463135,0.028213852186312498,-7.095001848152665e-10,1.0837861739102322e-09,0.039437989323929196,-0.15423019670324595,-0.12558513994193843,-0.014412598277912924,-0.000271463848698591,0.0011478094903801515,0.05133323303630442,-0.19828528373703339,-0.12076619239273864,-0.026029913619996188,9.499636376988087e-10,-2.206601632979803e-09,0.06516845355901867,-0.25213333769064084
57.17,0.04506433246317775,-0.2431117232839775,-0.13535627322727226,0.021744193791044863,-7.044462811538314e-10,1.065187154890638e-09,0.040253723281271074,-0.15561003368706697,-0.12434174244828396,-0.019311577974208256,-0.00027125449947227226,0.0011488207216433879,0.051871058213161354,-0.19947222718579172,-0.11998727870281067,-0.02915047572810266,9.426123666147569e-10,-2.179779567243472e-09,0.06539148147738465,-0.2535334119087033
57.18,0.045854328292597404,-0.25209957278559286,-0.13371566887739025,0.015272076837265579,-6.992865327098624e-10,1.0459907018872383e-09,0.04105390371556126,-0.1569816193861636,-0.12310032974016086,-0.024195154953495248,-0.0002709319614854912,0.0011490363179782884,0.05238893997727374,-0.2006286891898077,-0.11921131326729749,-0.03225384577018864,9.350432003999347e-10,-2.152037130076025e-09,0.06558915865335412,-0.2549067959482007
57.19,0.046618833314984495,-0.2609853693017911,-0.1320736088559274,0.008799728153798371,-6.940228482661867e-10,1.0261964503708184e-09,0.041838393399858516,-0.15834707975118534,-0.12186139010076989,-0.02906217912222826,-0.00027049629133718024,0.0011484488992893822,0.05288676275153376,-0.2017581514384766,-0.1184386062800496,-0.035338817885557296,9.272589277795005e-10,-2.123371949625292e-09,0.06576134840673357,-0.2562436918260354
57.2,0.04735696175964599,-0.2697523911111842,-0.1304307405414318,0.00232924826776589,-6.886571989349701e-10,1.005813641614245e-09,0.04260705565557951,-0.15970863059697915,-0.12062541014661358,-0.033911457748626875,-0.00026994761992333476,0.001147055801987796,0.053364413600318156,-0.20286386119126185,-0.11766946608749228,-0.03840422350008098,9.1926241071963e-10,-2.0938155988261736e-09,0.06590791778568285,-0.2575342773388621
57.21,0.048067840213780175,-0.27838449375830693,-0.12878771110547846,-0.004137220479385974,-6.831916108627042e-10,9.84850774980657e-10,0.04335975412643731,-0.16106869505849428,-0.11939287470716975,-0.03874175251954648,-0.00026928615240612286,0.00114485686754076,0.05382178191218923,-0.20394868046058037,-0.11690419907427685,-0.04144900926040344,9.110566150456624e-10,-2.0634065305233423e-09,0.06602873848136592,-0.25877090077144455
57.22,0.0487506092355446,-0.2868659005631072,-0.12714516729840253,-0.010597532604707333,-6.776281704394285e-10,9.633172775891858e-10,0.044096352546900905,-0.16242948698403137,-0.11816426670173456,-0.043551833968592316,-0.00026851216802567594,0.0011418515937322126,0.054258759135145766,-0.20501453684984858,-0.11614310955566916,-0.044472132446783524,9.026445829256856e-10,-2.03212029640574e-09,0.06612368762720078,-0.25994619421708115
57.230000000000004,0.049404424950463634,-0.29518039642106547,-0.12550375523050267,-0.01704942812897802,-6.719690049519082e-10,9.412229351499123e-10,0.04481671454063806,-0.16379245333829584,-0.1169400670183832,-0.048340556452007695,-0.0002676260200263652,0.0011380365339844546,0.054675238607992664,-0.20606198701730133,-0.11538649966707092,-0.04747236735993376,8.940294531183318e-10,-1.9999559614222825e-09,0.0661926486434236,-0.26104948043669657
57.24,0.050028460678864066,-0.30331120812061807,-0.1238641201463312,-0.023490608705824746,-6.662163273582278e-10,9.185816681166965e-10,0.04552070347059465,-0.16515873156187313,-0.11572075439821683,-0.053106805920022586,-0.00026662813557624287,0.0011334125698368469,0.055071115529167235,-0.20708992686820077,-0.11463466924538947,-0.05044851064971965,8.852144389452159e-10,-1.9669673872772585e-09,0.06623551223293173,-0.26207029628607076
57.25,0.05062190857333682,-0.3112423928079657,-0.12222690619596226,-0.02991881302131519,-6.603723754873665e-10,8.95412294084625e-10,0.046208182303812836,-0.1665299697033531,-0.11450680528743849,-0.057848321871201196,-0.00026551901650828994,0.0011279478784193922,0.05544628701717543,-0.20809782034558044,-0.11388791571467233,-0.05339957877450586,8.762028412389212e-10,-1.9332036314448274e-09,0.0662521773350312,-0.26300131978417424
57.26,0.05118398121527423,-0.3189583429260311,-0.12059275620814629,-0.036331806354224054,-6.544394537036856e-10,8.717289066286949e-10,0.046879013444943926,-0.1679082124477682,-0.11329869362718725,-0.06256264144780496,-0.0002642992398670815,0.0011216681736338624,0.05580065223289587,-0.2090832836093311,-0.11314653398735126,-0.056324728197471204,8.669980384436633e-10,-1.8986841173607533e-09,0.0662425518631688,-0.26383706591332406
57.27,0.05171391316317227,-0.3264439263125639,-0.1189623114655261,-0.04272735459524507,-6.484199086687867e-10,8.47544531579149e-10,0.04753305854458519,-0.16929535998533793,-0.11209689064535372,-0.06724842351122294,-0.0002629694564114169,0.0011145963712873145,0.05613411260668268,-0.21004313302438243,-0.11241081637359268,-0.05922301375410301,8.576034924438197e-10,-1.8632965639071144e-09,0.06620655335558386,-0.26456992250804884
57.28,0.052210962485918305,-0.33368350262339114,-0.11733621147966473,-0.049103199623432105,-6.423161448584516e-10,8.228751551703487e-10,0.048170178313437194,-0.17069310412300487,-0.11090186470559746,-0.07190451478933092,-0.0002615303889700047,0.0011067295210249177,0.05644657211273791,-0.21097511663307522,-0.11168105248137537,-0.06209326332437251,8.480227383001382e-10,-1.827117111182781e-09,0.06614410982536496,-0.2651880470856217
57.29,0.052674412306815,-0.3406615735074138,-0.11571509376262626,-0.055457009660230185,-6.361306028532763e-10,7.977424691168886e-10,0.04879023237559866,-0.17210229734362906,-0.10971408118714926,-0.07652974081381118,-0.00025998283164774304,0.0010980792886813233,0.05673793747463447,-0.2118782352714676,-0.11095752911353857,-0.06493463504961935,8.382593970637984e-10,-1.790259576203795e-09,0.06605516073843315,-0.26568358484532567
57.300000000000004,0.05310357230306181,-0.34736416290667765,-0.11409959359433719,-0.06178644926208128,-6.298657854272224e-10,7.721682519592948e-10,0.0493930791674072,-0.1735237953972229,-0.10853400236782365,-0.08112294474943174,-0.00025832764898546664,0.001088650272788224,0.057008118316960496,-0.21275063582956688,-0.1102405301878014,-0.0677466483008584,8.283171486868761e-10,-1.7527159485462233e-09,0.06593965772860041,-0.2660535291130443
57.31,0.053497780096537675,-0.3537782712256974,-0.11249034379073539,-0.06808926128977404,-6.235242280952571e-10,7.461730354629002e-10,0.04997857582889706,-0.17495922853835874,-0.10736208730533958,-0.0856828999749598,-0.0002565657750004261,0.0010784557586164347,0.0572570273991434,-0.21358836759150776,-0.10953033665444249,-0.0705279574248703,8.181997594910114e-10,-1.7143437497012133e-09,0.06579756506072383,-0.2662927285297819
57.32,0.053856402565390364,-0.3598909097922436,-0.11088797447867242,-0.07436328412206043,-6.171085004274944e-10,7.197717308024341e-10,0.05054657807770723,-0.1764095569215289,-0.1061987917158681,-0.0902083898961463,-0.0002546982120532746,0.0010675092790443943,0.05748458096273741,-0.21438770737755217,-0.10882722636898948,-0.07327691205700382,8.07911068832131e-10,-1.6751379261504166e-09,0.06562886023584275,-0.2663917626502038
57.33,0.054178837138689956,-0.3656889782655205,-0.10929311287695954,-0.08060635162055053,-6.106212303855395e-10,6.929854768700945e-10,0.051096940156216894,-0.1778739455200929,-0.10504456785419597,-0.09469827856174716,-0.0002527260295540623,0.0010558242082467442,0.0576906990503654,-0.21514683129054787,-0.10813147396061695,-0.07599276394929987,7.97454988367427e-10,-1.6352706777074057e-09,0.06543353478762104,-0.26634321716088133
57.34,0.05446451308276535,-0.371159800272729,-0.10770638307990768,-0.08681632381000802,-6.040650673500426e-10,6.658263797630568e-10,0.051629514923492104,-0.17935016936882592,-0.10389986439951535,-0.09915147667779893,-0.00025065036244287123,0.0010434196592681627,0.05787530571027607,-0.2158644396109691,-0.10744335075139616,-0.07867516404056128,7.868355074319864e-10,-1.5947754381665109e-09,0.06521159495787578,-0.2661431183714543
57.35,0.054712892728488435,-0.3762919887774071,-0.10612840584435729,-0.09299113403156574,-5.974427006522248e-10,6.383213881913438e-10,0.05214415404674026,-0.18083615364556607,-0.10276512634434429,-0.1035668698260803,-0.00024847240935511785,0.0010303160144612968,0.05803832913872055,-0.21653919503170446,-0.10676312471278677,-0.08132375372132576,7.760566895326934e-10,-1.5536436690598857e-09,0.0649630621608342,-0.2657875498865151
57.36,0.05492347259814436,-0.38107505970573075,-0.10455979838061616,-0.09912870742534778,-5.907568692189721e-10,6.104856846746677e-10,0.05264070818891365,-0.1823305992912886,-0.10164079488249476,-0.10794332251720723,-0.0002461934307193788,0.0010165332115518136,0.058179701888041155,-0.21716735739389034,-0.10609106042887531,-0.08393815245624463,7.651226308408491e-10,-1.5118737549100788e-09,0.06468797339604826,-0.2652719665439258
57.370000000000005,0.055095784441136275,-0.38549919738832034,-0.10300117414680676,-0.10522704494734011,-5.840103207408039e-10,5.823273859875779e-10,0.053119027193271454,-0.1838309697286505,-0.10052730729613019,-0.1122797187953572,-0.00024381474678547308,0.0010020957047571593,0.058299361185338704,-0.21774547418479506,-0.10542741905863989,-0.0865179891129959,7.54037520967395e-10,-1.4694451744959158e-09,0.06438638169445358,-0.2645917197814102
57.38,0.05522939620991939,-0.3895548604523879,-0.10145314264866712,-0.11128420722316748,-5.772058548524107e-10,5.538617429032671e-10,0.05357896031392164,-0.18533472294601594,-0.09942509684448167,-0.11657497795627104,-0.00024133773557358294,0.0009870241054179502,0.0583972492610416,-0.21827085176428102,-0.10477245829732933,-0.08906286260886098,7.428056065212958e-10,-1.4263688261488351e-09,0.06405835659909932,-0.26374160622203774
57.39,0.05532391298634144,-0.39323323337740346,-0.09991630924485381,-0.117298288122177,-5.703462847194824e-10,5.251035553179183e-10,0.05402035646939809,-0.18683937205654239,-0.09833459265583436,-0.12082805569810191,-0.00023876383097831807,0.0009713378102246455,0.05847331360808544,-0.2187416483966707,-0.10412643234417744,-0.09157261870574941,7.314311965552405e-10,-1.3827087743228008e-09,0.063703984601555,-0.2627188131196399
57.4,0.05537897783955201,-0.3965263672951836,-0.09839127495556585,-0.12326739674979516,-5.634344670211629e-10,4.960816208738404e-10,0.054443064483555834,-0.18834275775664272,-0.09725621962358988,-0.12503795828615635,-0.00023609452092080511,0.0009550601032436837,0.05852750714996069,-0.21915712751257282,-0.10348959188479355,-0.09404720261566396,7.199186546029279e-10,-1.3384884653414433e-09,0.06332336944869642,-0.2615212588026559
57.410000000000004,0.0553942725972314,-0.3994272576011482,-0.09687863627388878,-0.129189683638159,-5.564732763270816e-10,4.668051250104114e-10,0.05484693330694153,-0.18984279581558405,-0.09619039830603426,-0.12920370707211185,-0.00023333134532972316,0.0009382154701413617,0.0585597883310487,-0.21951675759325479,-0.10286218408427301,-0.0964865894818069,7.082724109234899e-10,-1.293699709123522e-09,0.06291663235511372,-0.2601472214642225
57.42,0.05536951853657374,-0.4019294222276369,-0.0953789849806648,-0.13506333642289386,-5.494656174074772e-10,4.3728124373483514e-10,0.05523181225138472,-0.19133664585666185,-0.09513754482695555,-0.1333242935521108,-0.00023047589418331128,0.0009208233401521822,0.058570121231860985,-0.21981816522343445,-0.10224445258401843,-0.09889076269505766,6.964969421507767e-10,-1.2483449066877827e-09,0.062483912185322524,-0.25859491592217365
57.43,0.055304477015071365,-0.4040268782428655,-0.09389290796433135,-0.14088661659289609,-5.424144104276543e-10,4.07522580694828e-10,0.055597551295033215,-0.19282034842312512,-0.09409807077434866,-0.1373986843418333,-0.00022752980562194865,0.0009029097168831355,0.058558475855028456,-0.2200562610790162,-0.1016366374983902,-0.1012596672684798,6.845967985010469e-10,-1.2024256221598185e-09,0.06202536564269614,-0.256862211827848
57.44,0.05519895003242998,-0.4057147312873991,-0.09242098701390715,-0.14665677237700708,-5.353226183175638e-10,3.7749932006978815e-10,0.05594400144610812,-0.19429031736033045,-0.09307238309991694,-0.14142592964654788,-0.00022449476382681202,0.0008845020172758849,0.05852482851382729,-0.22022815844082488,-0.10103897541184412,-0.10359331960389091,6.725765728981354e-10,-1.1559670148158821e-09,0.06154116744896417,-0.2549478786431759
57.45,0.05505278070576171,-0.40698882642007544,-0.0909637985607935,-0.1523709662381627,-5.281932048218885e-10,3.4725548278873953e-10,0.05627101506219987,-0.19574452766067188,-0.09206088402431496,-0.1454051468885809,-0.00022137249677144422,0.0008656261422527093,0.058469162095671684,-0.22033323584933404,-0.10045169938232054,-0.10589184845192562,6.604409167830077e-10,-1.1089950111688524e-09,0.061031510428586774,-0.25285255053002176
57.46,0.05486585366403443,-0.4078457366696071,-0.08952191343024485,-0.15802745832587495,-5.210291789601599e-10,3.1683850837206093e-10,0.05657844606497812,-0.19718160762339534,-0.09106397094840571,-0.14933548650613024,-0.00021816477395669462,0.000846310915093768,0.058391466144564697,-0.22037170377902465,-0.0998750389556052,-0.108155512075109,6.481945330151066e-10,-1.0615160966644695e-09,0.0604966054265248,-0.25057870141568556
57.47,0.054638095368447284,-0.40828278974767523,-0.08809589665051369,-0.16362467464555772,-5.138335480712886e-10,2.8625457441804006e-10,0.05686615011704941,-0.19859936762789818,-0.09008203636694977,-0.1532160810161879,-0.00021487340411783287,0.000826583232609336,0.05829173688477833,-0.22034289706681798,-0.09930922018513678,-0.11038446551614875,6.358421820176984e-10,-1.013543432705347e-09,0.0599366811303562,-0.24812776773900555
57.480000000000004,0.0543694743562132,-0.40829811509368824,-0.0866863072900586,-0.16916098108500466,-5.066093526577842e-10,2.55527193594391e-10,0.05713398483893256,-0.19999520888970282,-0.08911546778084194,-0.15704602236080578,-0.00021150023309728303,0.0008064667515385336,0.05816997732496447,-0.22024441407920423,-0.0987544656494056,-0.11257886733249872,6.233886684137999e-10,-9.6507537525868e-10,0.05935198391550299,-0.24550092013811756
57.49,0.05406000140799341,-0.4078905446828069,-0.08529369829866433,-0.17463485878392263,-4.993596341720965e-10,2.2465351211093333e-10,0.05738181010294216,-0.20136521952988676,-0.08816464760622339,-0.16082437644089803,-0.0002080471419159151,0.0007859861285561645,0.058026197519006145,-0.22007211390112985,-0.09821099446726057,-0.11473886794851916,6.108388471860342e-10,-9.161346753996138e-10,0.05874277771701136,-0.2426995589748571
57.5,0.05370972963686339,-0.4070598115936945,-0.08391861635572082,-0.18004487333914568,-4.920874627383659e-10,1.9365437521351343e-10,0.05760948840676044,-0.2027052692157241,-0.087229953084816,-0.16455031517486252,-0.00020451604461080322,0.0007651749135751563,0.05786041487727871,-0.21982411659065668,-0.09767902231460761,-0.11686467288660451,5.981976226751199e-10,-8.667422506146749e-10,0.05810934384320574,-0.2397267712483433
57.51,0.0533187544932286,-0.405806477985659,-0.08256160172594217,-0.18538962092919697,-4.847959077373448e-10,1.6256547941347938e-10,0.05781688523039924,-0.20401295622242524,-0.08631175620095945,-0.16822307365698494,-0.00020090888572650562,0.0007440635574212436,0.057672654353642924,-0.21950006389851345,-0.09715876144726465,-0.11895660347747418,5.854699534263037e-10,-8.169055633681356e-10,0.057451980633962896,-0.2365878333519446
57.52,0.052887213707719954,-0.40413121032372695,-0.08122318811974641,-0.1906677442988715,-4.774880580912689e-10,1.3140943017804934e-10,0.058003869307876765,-0.20528601646280414,-0.08541042360370389,-0.17184188092441777,-0.0001972276378477958,0.0007226808344088239,0.05746294853989207,-0.21909871417328103,-0.09665042072440073,-0.12101477873323477,5.726608234119775e-10,-7.666352655232662e-10,0.05677100300344682,-0.23328718313718405
57.53,0.052415287171710685,-0.4020359972090422,-0.07990390255688239,-0.19587789586050972,-4.701669990055659e-10,1.0021270355973312e-10,0.058170312854030654,-0.20652231313857078,-0.08452631653023716,-0.17540597749329123,-0.00019347429930218656,0.0007010551681167201,0.05723133775340094,-0.21861948552417632,-0.09615420562783253,-0.12303943225498547,5.59775284310039e-10,-7.159482222220402e-10,0.056066741948506346,-0.22983031180215452
57.54,0.05190319672201279,-0.3995237496848571,-0.07860426523234743,-0.2010187554607588,-4.6283584084742364e-10,6.900024949934973e-11,0.058316091788121124,-0.20771952158655838,-0.0836597907217833,-0.1789143443987486,-0.00018965089478592773,0.0006791222447916273,0.056977870123398604,-0.2180613504399479,-0.09567031828142188,-0.12503074620695684,5.468184087480364e-10,-6.648583498695412e-10,0.05533954402616105,-0.2262225633922156
57.550000000000004,0.05135120583075649,-0.396598130120276,-0.07732478938433723,-0.20608901715040823,-4.5549766400183177e-10,3.779115642250656e-11,0.05844108595352755,-0.20887566219672288,-0.08281119627570327,-0.18236430234717346,-0.00018575947988796,0.0006568405168866154,0.05670260169269546,-0.21742307179751705,-0.09519895747018252,-0.12698890142640834,5.337953327263136e-10,-6.133791910808799e-10,0.05458977078588324,-0.22247030739407292
57.56,0.050759619218402746,-0.39326350078253003,-0.07606598116426214,-0.21108740015846805,-4.4815558088887845e-10,6.598310929440298e-12,0.05854517930828165,-0.2099892666622864,-0.08198087743778153,-0.18575405555409902,-0.0001818021403393125,0.000634362567366921,0.05640559654457429,-0.21670321915316768,-0.0947403186597746,-0.12891412554825094,5.207112150272742e-10,-5.615242461218683e-10,0.053817798124568744,-0.21858087008813595
57.57,0.050128782410367674,-0.3895244534979497,-0.07482833951189338,-0.21601273912108876,-4.408126878731131e-10,-2.461288208411049e-11,0.058628260148271494,-0.2110567688016971,-0.0811691724387807,-0.1890828904346752,-0.00017778098375773667,0.000611758725960353,0.05608692696022589,-0.21589981558185373,-0.09429459401522662,-0.13080654633885752,5.075712551745144e-10,-5.093066154793749e-10,0.05302401556842653,-0.2145617581763178
57.58,0.04945908124460137,-0.3853863583476276,-0.0736123560398385,-0.2208639686126889,-4.334720838364637e-10,-5.580777260470135e-11,0.058690221469719445,-0.21207312044940227,-0.0803764133992803,-0.1923500078390864,-0.0001736981334483493,0.0005890400388382769,0.05574667355569922,-0.21501254368278847,-0.0938619724133933,-0.1326662176416587,4.943807007991929e-10,-4.5674042862189825e-10,0.05220882550263478,-0.21042127106795414
57.59,0.04875094131572905,-0.3808552539113353,-0.07241851492498305,-0.22564001357626948,-4.2613686704437966e-10,-8.69369248228801e-11,0.05873096139263563,-0.21303501239211875,-0.07960292625407399,-0.1955546857381636,-0.0001695557262915416,0.0005662326905570339,0.0553849253582129,-0.2140407432639959,-0.09344263944643996,-0.13449308392150156,4.811448253256395e-10,-4.038420210384522e-10,0.05137264236075097,-0.20616762926336998
57.6,0.048004827348161146,-0.3759379183681758,-0.07124729280055458,-0.2303397691185584,-4.188101366062017e-10,-1.1798547242268854e-10,0.05875038346038826,-0.21394131637371944,-0.07884903067766413,-0.19869616818491428,-0.00016535591141088725,0.0005433509577525304,0.05500177986650293,-0.21298375553221213,-0.09303677741571079,-0.13628699950009887,4.67868933540893e-10,-3.506263730728796e-10,0.0505158917999923,-0.20180913091287486
57.61,0.04722124248640233,-0.3706422081742817,-0.0700991586467121,-0.2349621351521219,-4.1149496948125783e-10,-1.4893517480414407e-10,0.058748396765608855,-0.2147919292086482,-0.07811504001025034,-0.2017737193249585,-0.00016110084861314296,0.0005204256014203649,0.054597343105502884,-0.21184132034857991,-0.09264456531685476,-0.13804774876060943,4.545583805983087e-10,-2.971112409841819e-10,0.04963900988720666,-0.197353654811968
57.620000000000005,0.04640072750413174,-0.36497642159021526,-0.06897457368152256,-0.23950603425072603,-4.0419445694851706e-10,-1.7977731782816402e-10,0.05872491598969354,-0.21558650958877748,-0.07740126118360308,-0.20478658831817348,-0.00015679270630568107,0.0004974851699385467,0.054171729676515484,-0.21061268473180683,-0.09226617881720929,-0.13977503393348756,4.41218521100689e-10,-2.4331366856169005e-10,0.0487424423001855,-0.19280920280019584
57.63,0.045543859961743906,-0.35894913910958076,-0.06787399125536918,-0.2439704595688963,-3.9691165511767255e-10,-2.1051296214511283e-10,0.058679861489798396,-0.21632290012831243,-0.07670799464674802,-0.2077340284864263,-0.00015243365920503322,0.000474557235993045,0.053725062836139544,-0.20929669758850913,-0.09190179022505117,-0.14146846908224092,4.278547765967067e-10,-1.8925377664044668e-10,0.047826643530058895,-0.1881838116486571
57.64,0.044651253329038104,-0.3525693456067299,-0.06679785675182741,-0.2483544850374712,-3.896496308280008e-10,-2.411625412457382e-10,0.05861315953326234,-0.2169972236671506,-0.07603553429307645,-0.21061534154384356,-0.00014802588606680164,0.00045167084472962267,0.053257474586771957,-0.20789278436280015,-0.09155156844599056,-0.14312744454822163,4.1447256683565954e-10,-1.3473087414243428e-10,0.046892076073337965,-0.18348571810034137
57.65,0.04372355607170792,-0.34584638129100004,-0.06574660749584589,-0.2526572455197479,-3.824114299904688e-10,-2.717027955723902e-10,0.0585247426720724,-0.2176049787642098,-0.07538416739072427,-0.21342985436068618,-0.00014357156731495315,0.00042885572221910994,0.05276910573971597,-0.2064005890568718,-0.091215678874779,-0.14474967167063102,4.0107738956761727e-10,-7.948887626445441e-11,0.04593920961334795,-0.17872315994101345
57.660000000000004,0.042761450690536655,-0.33879030198701987,-0.06472067266510971,-0.25687782855849234,-3.752000954904178e-10,-3.0208485612914235e-10,0.058414550078262614,-0.2181450288281924,-0.07475417451571066,-0.2161769114576083,-0.0001390728826498234,0.0004061392920872408,0.05226010593358468,-0.2048204834110342,-0.09089428321861978,-0.14633347124821242,3.87674781407833e-10,-2.395034117125607e-11,0.04496852020660592,-0.17390408548777944
57.67,0.04176565270423806,-0.3314116285519178,-0.06372047320023858,-0.26101531967552766,-3.6801865001807707e-10,-3.3229647825377056e-10,0.0582825277058438,-0.21861687227094062,-0.0741458294848913,-0.21885580647122208,-0.00013453200853213163,0.0003835552185862311,0.051730633622287976,-0.20315251915586466,-0.09058753934867488,-0.14787817627168767,3.7427031788111784e-10,3.1728519120893844e-11,0.04398048949722161,-0.1690359968121458
57.68,0.04073690958426058,-0.32372124829926857,-0.0627464217149844,-0.26506883707526835,-3.6087010454065267e-10,-3.623295676302743e-10,0.05812862838056259,-0.21901917326044715,-0.07355939928675068,-0.22146583253521127,-0.00012995111545965795,0.0003611342985666033,0.05118085606026897,-0.2013968840398014,-0.09029560120749867,-0.14938292155817076,3.6086959746758686e-10,8.758862364147578e-11,0.04297560396454698,-0.16412621483972833
57.69,0.03967599964936448,-0.31573048049085833,-0.06179892240869414,-0.26903752052002167,-3.5375745434972914e-10,-3.921839668162283e-10,0.0579528119163344,-0.21935065720397004,-0.07299514401089481,-0.22400627347864882,-0.00012533236555252737,0.0003388967799477889,0.050610949282486634,-0.19955392352972048,-0.09001861872659202,-0.15084683851617123,3.4747822391289507e-10,1.4355827732721386e-10,0.041954354198243705,-0.15918174478639277
57.7,0.038583730927220186,-0.30745080092785526,-0.06087837098159006,-0.2729205447932393,-3.466836720717385e-10,-4.218420790073298e-10,0.05775504527081199,-0.21960921586092788,-0.07245331677785614,-0.22647643799709877,-0.00012067791067593841,0.0003168629636273436,0.050021098071982496,-0.19762404473380266,-0.08975673773694479,-0.15226896308700155,3.3410182470058593e-10,1.9962531381467795e-10,0.04091723419280082,-0.1542095815287146
57.71,0.037460939984319486,-0.29889419970030184,-0.05998515455252682,-0.276717094266204,-3.396517143222354e-10,-4.5128932306196064e-10,0.057535302733470545,-0.21979298128499575,-0.07193416367210347,-0.2288757044754015,-0.00011598989064129226,0.0002950559565968799,0.04941149588372838,-0.19560886953470777,-0.08951009987335458,-0.1536482839238809,3.207460295437187e-10,2.5574716895674423e-10,0.03986474065046059,-0.1492166656351457
57.72,0.03630849072862595,-0.2900726426688166,-0.05911965157589682,-0.2804262871109812,-3.3266451932336925e-10,-4.806232754876557e-10,0.05729356614153543,-0.21989933258277058,-0.07143792367630544,-0.23120336431689936,-0.00011127043124209609,0.00027349835169289513,0.04878234474811896,-0.19350869301255258,-0.08927884247326105,-0.1549837481670959,3.07416477128731e-10,3.1190085476722994e-10,0.03879737230208075,-0.14420945050296463
57.730000000000004,0.0351272731887869,-0.28099858032243585,-0.05828223167380275,-0.28404459519379055,-3.2572502980253726e-10,-5.100523797004278e-10,0.057029825127876514,-0.2199256637628618,-0.07096482860399758,-0.23345875161276064,-0.00010652164233652984,0.00025220892089586425,0.0481338551803002,-0.1913249638484697,-0.08906309847061777,-0.15627423829539583,2.9411880615532923e-10,3.6805055825738925e-10,0.0377156292581089,-0.1391942280591276
57.74,0.033918202254051046,-0.2716849918271618,-0.05747325536038063,-0.2875692716882102,-3.1883616777732114e-10,-5.393012201463317e-10,0.056744077342586866,-0.2198706798684265,-0.0705151030316627,-0.2356411687778233,-0.00010174561608830408,0.00023120629033336336,0.04746624604571615,-0.18905954959549978,-0.08886299628502402,-0.1575186127252125,2.8085865696240096e-10,4.2416790006539493e-10,0.036620012395569154,-0.13417669357435602
57.75,0.032682216377669895,-0.26214490008111274,-0.056693073813114093,-0.290999535264322,-3.1200085815789474e-10,-5.682395184973524e-10,0.05643632859566967,-0.21973353358214995,-0.07008896423166742,-0.23774996930802667,-9.694442520226993e-05,0.00021051042172731156,0.04677974437383753,-0.18671458620180695,-0.08867865970727869,-0.15871569336999522,2.676416693093475e-10,4.802197396988002e-10,0.035511022777258185,-0.1291625556663727
57.76,0.03142027625403207,-0.252391787522488,-0.05594202875466332,-0.29433454021083577,-3.052219890312969e-10,-5.969154504300739e-10,0.05610659297031345,-0.2195127720566691,-0.06968662210767311,-0.2397845253523496,-9.212012111283312e-05,0.0001901392210326814,0.04607458512080851,-0.1842931664523524,-0.08851020778156224,-0.15986426638926435,2.544734680146976e-10,5.361748559373664e-10,0.034389161092532455,-0.12415718176794124
57.77,0.030133363470192076,-0.24243922023789938,-0.055220452372466595,-0.29757350950075223,-2.985024209195758e-10,-6.252922352891433e-10,0.05575489296095634,-0.2192068189666856,-0.0693082791307512,-0.24174416937139392,-8.727473234268086e-05,0.0001701059731840488,0.04535101088752346,-0.1817981233119394,-0.08835775468462381,-0.1609631011983556,2.4135967591634415e-10,5.920003734851736e-10,0.03325492712632497,-0.11916556017590602
57.78,0.028822479139055338,-0.23230094783480537,-0.054528667240668405,-0.3007156725667863,-2.918449955973773e-10,-6.533727421795819e-10,0.0553812596482614,-0.21881348510426632,-0.06895413024966045,-0.24362744830421823,-8.241027048702074e-05,0.00015018400634352663,0.04460927162986997,-0.17923234543008953,-0.08822140960286952,-0.16201094866753607,2.283059000007723e-10,6.476640788137987e-10,0.03210881926578769,-0.11419228348944678
57.79,0.027488642517241802,-0.22199088578067594,-0.05386698624458737,-0.30376028678965766,-2.8525251117055346e-10,-6.811347198749307e-10,0.054985732909079134,-0.2183305043963853,-0.068624362661867,-0.24542967939872695,-7.752874206163417e-05,0.0001303419404831473,0.04384962438124944,-0.1765984004294575,-0.08810127660758771,-0.1630065395730381,2.1531772905705893e-10,7.031339081387055e-10,0.030951334048825635,-0.10924146029090272
57.800000000000004,0.026132889610071354,-0.21152299988002607,-0.053235712507084754,-0.30670662249668007,-2.78727747216011e-10,-7.085708413422353e-10,0.05456836162270773,-0.21775624148884049,-0.06831915548044254,-0.2471484764106101,-7.263214621332483e-05,0.00011084627068494816,0.04307233298616034,-0.1738989769839325,-0.08799745452905906,-0.16394861268771338,2.024007353787494e-10,7.583769734231577e-10,0.029782965753927425,-0.10431688474221142
57.81,0.024756271768524712,-0.20091134645401823,-0.05263513931576075,-0.30955393827696714,-2.7227344344767877e-10,-7.356726935752438e-10,0.054129203823755793,-0.21708983000534146,-0.06803867950875535,-0.24878333839826924,-6.772246102751198e-05,9.173010907210553e-05,0.04227766782922354,-0.17113692080937815,-0.08791003683063663,-0.16483590579081772,1.895604616577683e-10,8.13361168974881e-10,0.02860420602779531,-0.09942193829934068
57.82,0.023359854284288793,-0.1901698843048428,-0.05206555005014052,-0.3123015025677576,-2.658923186362045e-10,-7.624349822902547e-10,0.05366832682806173,-0.21632964599514898,-0.06778309713939595,-0.2503333042434146,-6.280163733503597e-05,7.296489931873167e-05,0.041465905560456505,-0.16831486325533365,-0.08783911148272062,-0.16566714936290677,1.7680242927869136e-10,8.680549420975431e-10,0.027415543547197278,-0.0945597584138643
57.83,0.02194471498886385,-0.17931255557803397,-0.05152721811065537,-0.31494863367423526,-2.595870411230512e-10,-7.888519823041787e-10,0.053185807384420775,-0.2154739501535438,-0.06755256227506741,-0.2517976548876535,-5.7871598598251325e-05,5.457179119958448e-05,0.04063732883055489,-0.16543534962570822,-0.08778476083749324,-0.1664411106239394,1.641321310585374e-10,9.224255818740142e-10,0.026217463711203374,-0.08973315344194353
57.84,0.02051194285751159,-0.168353252761568,-0.051020406850726466,-0.3174946647736669,-2.5336026188788916e-10,-8.149148963272755e-10,0.05268173184485191,-0.21452106789425693,-0.06734722024864846,-0.2531755519997087,-5.293423997706598e-05,3.6557233539344306e-05,0.0397922260384281,-0.16250080313747248,-0.08774706150603774,-0.1671565801081876,1.5155502090334367e-10,9.76441103431522e-10,0.025010448364225155,-0.08494461342465913
57.85,0.01906263661564556,-0.15730589768209088,-0.05054536951092849,-0.3199389413596199,-2.472145862781659e-10,-8.406134262807859e-10,0.052156196293999264,-0.21347061435315565,-0.067167207743775,-0.25446621020988863,-4.799142691742421e-05,1.8933626751500156e-05,0.03893089108661838,-0.15951364258096853,-0.08772608423812761,-0.16781237431193377,1.390765203135065e-10,1.0300700386400999e-09,0.023794975554016395,-0.08019621211141748
57.86,0.01759790335029292,-0.1461842500412212,-0.05010234915381257,-0.322280801669872,-2.411525881744927e-10,-8.659442186852473e-10,0.05160930663726125,-0.2123214343013384,-0.06701265271521036,-0.25566882937353863,-4.304499384300734e-05,1.7087756399913226e-06,0.03805362314531902,-0.15647609230662493,-0.08772189380442605,-0.16840733158022778,1.267020129230405e-10,1.0832805177112544e-09,0.02257151932367273,-0.0754897894847687
57.870000000000005,0.01611885713128459,-0.13500201171762033,-0.04969157859893859,-0.3245195950306584,-2.351768106674728e-10,-8.908977921358827e-10,0.05104117867822787,-0.2110731241733009,-0.06688367430997068,-0.25678262413402086,-3.8096742813327425e-05,-1.5105947407848637e-05,0.037160726427993555,-0.15339031313215062,-0.0877345488504599,-0.16893932441515172,1.1443685899036392e-10,1.1368874718079226e-09,0.021340549537522006,-0.07082672650534885
57.88,0.014626617641832615,-0.12377279238393234,-0.04931328035805017,-0.3266546629963713,-2.292897410773316e-10,-9.15468150156727e-10,0.05045193815244209,-0.2097259839530395,-0.06678038278811464,-0.2578067846706903,-3.314844161379743e-05,-3.148449120752192e-05,0.03625250997607115,-0.15025839637835717,-0.08776410162100522,-0.16940355824493247,1.02286443400336e-10,1.1907079989164125e-09,0.020102531754233918,-0.06620775716775017
57.89,0.013122308816969831,-0.11251014497811765,-0.04896766657033795,-0.3286853562655542,-2.234938601565755e-10,-9.39681202963007e-10,0.04984172067596235,-0.20828146416828341,-0.06670287944259774,-0.25874050107190494,-2.8201821555264994e-05,-4.741807761188336e-05,0.035329287449379465,-0.14708239920761323,-0.08781059761340465,-0.1697978216384285,9.025614576941854e-11,1.243989486507738e-09,0.018857927144556138,-0.06163349650227712
57.9,0.011607057490948975,-0.10122749651683888,-0.04865493879760636,-0.3306064778448616,-2.1779160031524977e-10,-9.641547080810275e-10,0.049210671621830085,-0.2067410564031735,-0.06665125651855751,-0.259582961223295,-2.3258576480578013e-05,-6.291968166069792e-05,0.034391376922151176,-0.14386429793877553,-0.0878740753535023,-0.17012145040886378,7.835131388459242e-11,1.296672129632016e-09,0.017607192432119882,-0.057104412982087654
57.910000000000004,0.010081992058949924,-0.08993806509086721,-0.048375287571527585,-0.3324120693774415,-2.121854095811743e-10,-9.883869779126458e-10,0.04855894598816304,-0.2051057214848559,-0.06662559713356304,-0.2603333886365594,-1.83203628829108e-05,-7.799329250107029e-05,0.033439100688863514,-0.14060589905915846,-0.08795456628457236,-0.17037331305615955,6.657722045142605e-11,1.3487289800872276e-09,0.01635077985193803,-0.052620711077597804
57.92,0.008548241157362323,-0.07865489986008274,-0.04812889196044696,-0.3341009350300328,-2.0667771488669415e-10,-1.0120745564564534e-09,0.0478867082682175,-0.20337718109504846,-0.06662597519891787,-0.2609909864816635,-1.3388802057625418e-05,-9.270995476539604e-05,0.03247278508391635,-0.13730887941081224,-0.08805209467409938,-0.17055261415930623,5.4939089534679826e-11,1.4001237231014014e-09,0.015089137131676224,-0.04818237488048016
57.93,0.00700693236457269,-0.0673908073807175,-0.04791591937902654,-0.3356726153815862,-2.0127089481763366e-10,-1.0353466069908314e-09,0.0471941322944582,-0.2015571185657263,-0.06665245518046015,-0.2615497681552885,-8.465501152537594e-06,-0.0001076527921842126,0.03149276033731232,-0.1339740641725152,-0.08816667752532502,-0.17065847452393917,4.344206836714515e-11,1.4508259046737212e-09,0.013822707495818513,-0.043789166849043604
57.94,0.005459190925026119,-0.056158349739988456,-0.047736525516447276,-0.3371262678272065,-1.959672763392523e-10,-1.0581250005450916e-09,0.04648140107169058,-0.19964713957285626,-0.06670509158403026,-0.2620031429803097,-3.5520699699526144e-06,-0.0001224055517011771,0.030499360483715696,-0.13060199806205164,-0.08829832449445878,-0.17069011834913517,3.209123722475202e-11,1.5008032219546161e-09,0.012551929690594968,-0.039440667219659775
57.95,0.0039061384980080974,-0.04496984569038699,-0.04759085426605577,-0.33846123950169055,-1.9076915125202222e-10,-1.0804378222988768e-09,0.045748706616378816,-0.19764879713896405,-0.06678392847575672,-0.26234993707072723,1.3498961229396178e-06,-0.00013672443109894228,0.029492923284998678,-0.12719378154190425,-0.08844703781183741,-0.17064678652618592,2.0891597316056703e-11,1.5500268344731686e-09,0.011277238027698856,-0.035136279704370034
57.96,0.002348891930989438,-0.03383737815647282,-0.04747903765631711,-0.33967686188682916,-1.856787575320078e-10,-1.1022575031241393e-09,0.04499624980340511,-0.19556354260292136,-0.06688899928323859,-0.2625897993321614,6.238833112915124e-06,-0.00015073516456916164,0.02847379013083779,-0.12375050802360348,-0.08861281220925038,-0.17052782667426852,9.848074004463946e-12,1.5984654426173648e-09,0.009999062446256715,-0.030875220668107023
57.97,0.0007885620581756217,-0.02277276453638637,-0.04740119578729448,-0.3407725502713263,-1.8069828378480222e-10,-1.123583060873137e-09,0.044224240221496035,-0.19339274134658188,-0.06702032673386124,-0.2627220398268845,1.1113209529464202e-05,-0.0001643722025277664,0.027442305933934482,-0.12027309791087817,-0.08879563485489027,-0.17033265242350773,-1.034468945483973e-12,1.6460918245458863e-09,0.008717828592589016,-0.02665654246673026
57.980000000000004,-0.0007737474738535161,-0.011787537373083013,-0.04735743677072909,-0.3417477143266638,-1.7582986414994574e-10,-1.1444046792810008e-09,0.04343289603733611,-0.19113767357807396,-0.06717792280015375,-0.26274621276932114,1.597152678048719e-05,-0.0001776672714760342,0.026398819036737256,-0.11676238251313403,-0.08899548529551668,-0.17006073810851877,-1.1751281310792017e-11,1.692878527754756e-09,0.007433957916066155,-0.022479153791374745
57.99,-0.0023369413517485694,-0.0008929370180033703,-0.04734785667237801,-0.34260179380401534,-1.7107559938944355e-10,-1.1647441803697016e-09,0.042622443868169005,-0.18879953255188078,-0.06736178864920812,-0.26266183093226647,2.0812319943680338e-05,-0.00019060411367191206,0.025343681129827284,-0.11321906871387295,-0.08921233540488965,-0.16971162257140412,-2.22976712989492e-11,1.738800226979547e-09,0.0061478677792733815,-0.018341832182913787
58.0,-0.0038999337112203616,0.009900099450502818,-0.04737253919827248,-0.34332588827847643,-1.6643754788615924e-10,-1.1853817891562144e-09,0.041793118705944675,-0.18637803355883706,-0.06757191459743328,-0.26246849093751795,2.5634158611918706e-05,-0.00020317920416359898,0.024277247181312182,-0.10964376189154316,-0.08944614930053821,-0.1692836773719104,-3.266901719677593e-11,1.7849319951438846e-09,0.004859971585802505,-0.01424308470312759
58.01,-0.005461649223272361,0.02058091546009134,-0.04743155492416039,-0.3439096225925906,-1.6191777548765914e-10,-1.2056759523451944e-09,0.04094516392889796,-0.18387247880636487,-0.0678082800559571,-0.2621653796173183,3.043564062278683e-05,-0.00021563012503468721,0.023199875378842504,-0.10603690040353381,-0.0896968830306265,-0.16876965223035517,-4.286069127607959e-11,1.8313267936015664e-09,0.0035706789506601178,-0.010180552998535826
58.02,-0.007021024152266631,0.031139120614769637,-0.04752496056196196,-0.3443515194774598,-1.575183112776911e-10,-1.225254312768773e-09,0.04007883132092741,-0.18128352204042167,-0.06807085313161237,-0.26174112714613235,3.521535856506261e-05,-0.00022868409320336554,0.022111927133591742,-0.1023972489462398,-0.08996448409299816,-0.16816660201413938,-5.286807945905395e-11,1.8767651441551704e-09,0.0022803959053993026,-0.006152309275410975
58.03,-0.0085770073857108,0.04156462790922059,-0.04765279868117566,-0.34465155172469175,-1.5324111915954092e-10,-1.2443004151241408e-09,0.039194381026555355,-0.17861200012490439,-0.06835958978187465,-0.2611870645560057,3.9971877765226024e-05,-0.00024175815290490983,0.02101376716348706,-0.09872379336149728,-0.09024889116027561,-0.16747496876379908,-6.268663960027657e-11,1.9210541576556295e-09,0.0009895250877235515,-0.0021567889209124906
58.04,-0.01012856143203253,0.051847718147813054,-0.04781509765952981,-0.3448091061350863,-1.4908811186833647e-10,-1.2627147190182621e-09,0.0382920814762834,-0.17585855515436544,-0.06867443316059034,-0.26050314115618217,4.4703760487177804e-05,-0.0002545521898113833,0.019905763562449046,-0.09501668348061859,-0.090550034031681,-0.16669436582287078,-7.231195778951658e-11,1.964285843276101e-09,-0.00030153408916770155,0.001807769520926941
58.050000000000004,-0.011674663382902973,0.06197901652663175,-0.0480118716470769,-0.3448240155094971,-1.4506113674407196e-10,-1.280537185831827e-09,0.037372209317980784,-0.17302383086251694,-0.06901531341364907,-0.2596883688388672,4.9409585293440986e-05,-0.0002673087184908094,0.018788287813996433,-0.09127585993317419,-0.09086783360891611,-0.1658243441460771,-8.173970431227864e-11,2.006538242633548e-09,-0.0015923852622642739,0.005743202153329707
58.06,-0.013214305840760951,0.07194947082945219,-0.048243120306086656,-0.34468851192908256,-1.4116200970337982e-10,-1.2984201131582145e-09,0.03643504939329058,-0.17010712868778316,-0.06938214759843343,-0.2587417546995192,5.408794526866703e-05,-0.00027990644097209685,0.01766171479429555,-0.08750119608686122,-0.09120220185019005,-0.16486437775171225,-9.096567077195066e-11,2.047662301128642e-09,-0.002882634935088969,0.009651405662886794
58.07,-0.014746497812649204,0.08175037509418681,-0.048508827794595484,-0.3443821986462996,-1.3739250775891067e-10,-1.3160365261441664e-09,0.03548089484997092,-0.16710549269983088,-0.06977483961864873,-0.25766341281629423,5.873744914433504e-05,-0.0002923639347528845,0.016526422779004544,-0.08369268218838102,-0.09155304174109603,-0.1638146501056396,-9.998575103962689e-11,2.0875561146728537e-09,-0.0041718922912389895,0.013534222637430489
58.08,-0.01627026556876974,0.09137339934300362,-0.04880896143771958,-0.3438996333130782,-1.3375440199869866e-10,-1.3329106668604047e-09,0.03451004731921643,-0.16401833677880975,-0.07019328022143106,-0.2564537085698146,6.335672301657935e-05,-0.00030468893074273034,0.015382793445814936,-0.07985029908223541,-0.09192024730002493,-0.1626753778856089,-1.0879596943907531e-10,2.1262436539569126e-09,-0.005459769008480613,0.01739352226123138
58.09,-0.017784653463884727,0.10081058216057634,-0.04914347104984761,-0.34324061985261656,-1.3024938517922452e-10,-1.3491149346199881e-09,0.033522816994484325,-0.1608459139269441,-0.07063734702931945,-0.2551130269625225,6.794440992749685e-05,-0.0003168856595890811,0.014231211876370166,-0.07597398955284558,-0.0923037036022325,-0.16144687580005776,-1.1739247669593706e-10,2.163683787070627e-09,-0.006745879072585354,0.02123117722421682
58.1,-0.01928872472147259,0.11005432591176864,-0.049512288763413174,-0.3424034136274823,-1.2687906377137326e-10,-1.3645592332327124e-09,0.032519522630866556,-0.15758818393129106,-0.07110690458219737,-0.2536418838831414,7.249916973971203e-05,-0.00032896065608422937,0.013072066560684652,-0.0720636864120389,-0.09270328681123441,-0.16012951912614412,-1.2577152866824005e-10,2.1998681489393137e-09,-0.00802983859074128,0.02504905698345906
58.11,-0.020781562180845693,0.11909740630882389,-0.049915328969999485,-0.3413890317366356,-1.2364500850729218e-10,-1.3792430669630948e-09,0.031500491528594084,-0.15424554922660796,-0.07160180438825851,-0.25204086611908444,7.701967900913611e-05,-0.0003409183410283153,0.011905749403326324,-0.06811930700664774,-0.09311886421717806,-0.15872375047557022,-1.339295371963671e-10,2.2347730452728537e-09,-0.009311265605641607,0.028849014684482994
58.120000000000005,-0.022262269007142475,0.1279329648293331,-0.050352488341756985,-0.3401976674492642,-1.205486728423246e-10,-1.393159066724379e-09,0.0304660595048983,-0.15081826693984934,-0.07212188498407038,-0.250310658665395,8.150463085071035e-05,-0.00035276450339337645,0.010732655730598065,-0.0641407676822921,-0.0935502942815259,-0.1572300711673242,-1.4186301915764476e-10,2.26838441646118e-09,-0.010589779911173868,0.032632881112108054
58.13,-0.02372996936426428,0.13655451334099494,-0.050823645885665805,-0.3388301304323898,-1.1759146086283434e-10,-1.406302007532068e-09,0.029416570861126718,-0.14730669571252075,-0.07266697200335255,-0.24845202698956878,8.59527347552288e-05,-0.0003645049038187413,0.00955318429799177,-0.06012798744836422,-0.09399742668775093,-0.15564904096499507,-1.4956863311808646e-10,2.300685382798169e-09,-0.011865002870533277,0.03640245565231648
58.14,-0.025183809050692882,0.14495593455825093,-0.05132866300851522,-0.3372871200401702,-1.1477468487846844e-10,-1.4186677894918335e-09,0.028352378348043963,-0.14371118265072907,-0.07323687825425584,-0.2464658210460304,9.036271632893642e-05,-0.0003761461538345685,0.008367737297186963,-0.05608089616022735,-0.09446010239779892,-0.1539812759716868,-1.5704316513866124e-10,2.3316621023695023e-09,-0.013136557237543207,0.040159498872821164
58.15,-0.02662295609809049,0.1531314817878081,-0.051867383596209224,-0.33556958324338126,-1.1209959020730076e-10,-1.4302510106790033e-09,0.027273843127969488,-0.14003212969576417,-0.07383140380479726,-0.24435296891423558,9.473331695340116e-05,-0.0003876952751129225,0.007176720361952101,-0.05199944025434545,-0.09493815371414298,-0.15222744659504406,-1.6428354727861864e-10,2.361300327070018e-09,-0.014404066981960053,0.04390572535632993
58.160000000000004,-0.028046601332751168,0.16107577750293955,-0.05243963410502836,-0.33367853015775706,-1.0956732315406627e-10,-1.4410482208559231e-09,0.026181334733447723,-0.13626996992640728,-0.07445033607618419,-0.2421144757708714,9.906329336570735e-05,-0.00039915981121864494,0.005980542572293891,-0.04788358939349525,-0.09543140434718023,-0.1503882739612053,-1.7128682615726327e-10,2.3895872373586352e-09,-0.015667157119449895,0.04764279734212253
58.17,-0.0294539589000223,0.1687838124527184,-0.05304522366547197,-0.3316151202573031,-1.0717897655644657e-10,-1.451055846959647e-09,0.0250752310216602,-0.13242518866984468,-0.0750934499437299,-0.23975141990159898,0.00010335141716496762,-0.000410547734124773,0.004779616456236107,-0.04373334227478966,-0.0959396694876856,-0.14846452773541444,-1.7805020114225876e-10,2.416511423283748e-09,-0.01692545354687946,0.05137231869027199
58.18,-0.030844266751840543,0.17625094397088115,-0.053683944197770436,-0.3293806129479663,-1.0493553992771018e-10,-1.4602719211277289e-09,0.0239559181240568,-0.12849832195845673,-0.07576050784506458,-0.23726495012340226,0.00010759647424600841,-0.000421867466417913,0.0035743579886321694,-0.03954873238065519,-0.09646275588406579,-0.14645702351289197,-1.8457099542223677e-10,2.442062885854119e-09,-0.01817858288351071,0.05509582938142794
58.19,-0.03221678709755742,0.18347289404129777,-0.05435557053889597,-0.3269763858025961,-1.0283794816154983e-10,-1.468694600417353e-09,0.02282379039057911,-0.12448996590920658,-0.07645125989533468,-0.23465628246993644,0.00011179726416262771,-0.0004331278444261358,0.0023651865864487876,-0.03532983332551799,-0.0970004619241705,-0.14436662051777885,-1.908466923320463e-10,2.4662324495730764e-09,-0.019426172318643173,0.05881480049891614
58.2,-0.033570806818271355,0.19044574692003385,-0.055059860580512474,-0.32440391881375347,-1.0088703382167503e-10,-1.4763239692650993e-09,0.021679250327937424,-0.12040078026188741,-0.07716544400908623,-0.23192669723784304,0.00011595259942103562,-0.00044433810872917455,0.001152525099986632,-0.031076763907474932,-0.09755257772142321,-0.14219421921899497,-1.9687488960771725e-10,2.489011079902001e-09,-0.020667849466199643,0.0625306296579949
58.21,-0.03490563784492347,0.19716594642297225,-0.05579655541748484,-0.32166479554097926,-9.908355661192996e-11,-1.4831602897909308e-09,0.020522708531397538,-0.11623149437590509,-0.07790278602852574,-0.2290775358537281,0.00012006130470624293,-0.0004555078786710537,-6.320020045918565e-05,-0.026789692825325034,-0.09811888520503952,-0.1399407590644289,-2.026533366379409e-10,2.5103939203575605e-09,-0.021903242226706098,0.06624463691260432
58.22,-0.036220617500442066,0.2036302928820435,-0.05656537950646897,-0.3187606957356263,-9.742820604522061e-11,-1.4892052473160814e-09,0.019354583609582206,-0.11198291153343998,-0.07866299985785317,-0.22611019784864533,0.00012412221604306576,-0.00046664713266582065,-0.0012815596429674387,-0.02246884304836574,-0.09869915821410484,-0.13760721623409763,-2.0817992332812e-10,2.5303736077995387e-09,-0.023131978657069802,0.06995806108554803
58.230000000000004,-0.037515108806262104,0.2098359397922116,-0.057366040834146766,-0.3156933921898277,-9.592157313786113e-11,-1.4944607399206995e-09,0.018175302101817423,-0.10765591357733216,-0.07944578760336297,-0.22302613780789363,0.00012813417989398498,-0.0004777661834788026,-0.002502120177821746,-0.018114495849304683,-0.09929316259529064,-0.13519460146909623,-2.134526799917538e-10,2.5489466887715614e-09,-0.024353686848513495,0.07367205654305573
58.24,-0.03878850075356576,0.215780390181803,-0.05819823109464437,-0.3124647454611818,-9.456419012253295e-11,-1.4989309264263814e-09,0.016985298387584887,-0.10325146485881151,-0.08025083971901252,-0.21982686237748567,0.0001320960521967473,-0.0004888756540169161,-0.0037244454071970537,-0.013726994480073383,-0.09990065630399184,-0.13270395795275183,-2.1846978157210845e-10,2.566109004228031e-09,-0.025567994812989166,0.07738769037457474
58.25,-0.04004020853962637,0.22146149271786383,-0.059061625875685426,-0.30907669967753787,-9.335649359994676e-11,-1.5026187941854345e-09,0.015785014587688776,-0.09877061597965908,-0.08107783515715865,-0.21651392729984942,0.00013600669734415392,-0.0004999864509442983,-0.004948095621072446,-0.009306747502353285,-0.10052138950867698,-0.1301363592634189,-2.2322953259956287e-10,2.5818587934482167e-09,-0.02677453037833954,0.08110593998268922
58.26,-0.041269673769656644,0.2268774375760739,-0.05995588485302544,-0.30553127784406287,-9.229884449260216e-11,-1.505529107913527e-09,0.014574900456769376,-0.09421450707630616,-0.08192644152416931,-0.2130889345079836,0.00013986498710915178,-0.0005111097375831826,-0.006172627839693332,-0.0048542317618566755,-0.10115510469824703,-0.12749290739625388,-2.2773039429443115e-10,2.5961929715037652e-09,-0.0279729210924496,0.0848276910565514
58.27,-0.04247636462459095,0.2320267520882321,-0.06088065199272102,-0.3018305774668499,-9.139153370811364e-11,-1.5076659391662627e-09,0.013355413266839845,-0.08958437075678313,-0.08279631524062178,-0.20955352927819332,0.00014366979951804568,-0.000522256905488265,-0.007397595862875844,-0.0003699950148742593,-0.1018015367922072,-0.12477473086351015,-2.3197096060699288e-10,2.6091125187142825e-09,-0.029162794136584003,0.08855373592388004
58.28,-0.043659775995246786,0.2369082961906585,-0.061835555760791285,-0.29797676610797935,-9.063476428533865e-11,-1.5090347425599206e-09,0.012127017681564607,-0.08488153462896762,-0.08368710170580443,-0.20590939745678877,0.000147420017675416,-0.0005334395451237371,-0.008622550326416695,0.004145341795961552,-0.1024604132534647,-0.12198298287637524,-2.359499723672472e-10,2.6206150399993066e-09,-0.030343776248067434,0.09228477226188887
58.29,-0.04481942958333557,0.2415212576883371,-0.06282020933983547,-0.2939720770860124,-9.002867530183659e-11,-1.509639524853567e-09,0.010890185621026635,-0.08010742344445948,-0.08459843546624819,-0.202158262767761,0.00015111452854391137,-0.0005446694155467914,-0.009847038765825301,0.00869108260965292,-0.10313145420357088,-0.11911883961469608,-2.3966631245704495e-10,2.6307031093436992e-09,-0.031515493652437186,0.0960214021574175
58.300000000000004,-0.045954873969807145,0.24586514735372908,-0.06383421085217927,-0.2898188052340862,-8.957331793472768e-11,-1.5094862609938552e-09,0.009645396116780796,-0.07526356084491476,-0.08552994038802035,-0.19830188421209835,0.00015475222168227524,-0.0005559584133074683,-0.011070605687572161,0.013266454656489405,-0.10381437254023851,-0.11618349858816729,-2.431190070294412e-10,2.639375987931591e-09,-0.032677572005153206,0.09976413150009218
58.31,-0.04706568465102699,0.2499397938757691,-0.06487714358913078,-0.28551930277731635,-8.926866335860137e-11,-1.5085784332986974e-09,0.008393135157022462,-0.0703515707178287,-0.08648122983252328,-0.19434205356615847,0.00015833198794573805,-0.0005673185406424585,-0.01229279264800621,0.017870607202296725,-0.10450887405697146,-0.11317817709299037,-2.4630721337373805e-10,2.6466364806676294e-09,-0.03382963634292439,0.10351336969671812
58.32,-0.04815146404330612,0.25374533867577426,-0.0659485762459382,-0.28107597531435685,-8.911461301066486e-11,-1.5069218576587054e-09,0.007133895521742769,-0.06537317816231451,-0.08745190683555072,-0.19028059298662856,0.0001618527181520952,-0.000578761873116465,-0.013513138340063154,0.022502610621993782,-0.1052146575646549,-0.11010411076607932,-2.49230249861383e-10,2.652486385212478e-09,-0.03497131104467451,0.10726942969244961
58.33,-0.04921184145630746,0.2572822306058377,-0.06704806316205165,-0.2764912779246948,-8.911099148861798e-11,-1.5045199471888907e-09,0.005868176607779805,-0.06033021007052855,-0.0884415642893646,-0.18611935272751895,0.0001653133017171966,-0.0005903005268603919,-0.014731178687853945,0.027161455794674907,-0.10593141501496328,-0.10696255223811758,-2.518875528827897e-10,2.656928469917427e-09,-0.03610221980214277,0.11103252828617423
58.34,-0.05024647303586978,0.26055122054529395,-0.06817514456630455,-0.2717677114029322,-8.925755041137053e-11,-1.5013785249389582e-09,0.004596484243713068,-0.05522459533050963,-0.08944978512756695,-0.1818602089735084,0.00016871262526418584,-0.0006019466255781837,-0.015946446949189248,0.03184605381291084,-0.10665883162545375,-0.10375476988510049,-2.5427871927092907e-10,2.6599665899101936e-09,-0.03722198560008313,0.11480278672655456
58.35,-0.05125504167679699,0.2635533559105863,-0.0693293468266422,-0.26690781862982677,-8.955396875220417e-11,-1.497501304668606e-09,0.003319330494587605,-0.050058364657889064,-0.09047614251255215,-0.177505061792273,0.0001720495712100843,-0.0006137122674893115,-0.01715847382606721,0.03655523599755962,-0.10739658600622201,-0.10048204667692172,-2.5640348033267856e-10,2.661604206662363e-09,-0.03833023070599917,0.1185802315760915
58.36,-0.052237256906172105,0.26628997509328123,-0.07051018270403915,-0.2619141810838436,-8.999984046941697e-11,-1.4928940737402236e-09,0.002037233456489229,-0.04483365006517445,-0.09152020002533807,-0.17305583320697115,0.00017532301633354063,-0.0006256094923994331,-0.018366787583118136,0.041287754209563335,-0.10814435028800735,-0.09714567912013046,-2.582617017953544e-10,2.661846726300859e-09,-0.03942657666932484,0.12236479583020629
58.370000000000005,-0.053192854737755445,0.26876270184080137,-0.0717171516102604,-0.2567894154985059,-9.059470215367029e-11,-1.487561454566158e-09,0.0007507170410282218,-0.039552683978146416,-0.09258151185758537,-0.168514465388737,0.00017853183032829492,-0.0006376502490816707,-0.019570914173971093,0.046042281449293974,-0.10890179025164319,-0.09374697629111517,-2.598534035335419e-10,2.6606991681512844e-09,-0.04051064432993722,0.12615632027898543
58.38,-0.05412159749803927,0.2709734395934737,-0.07294973986913683,-0.25153617066888634,-9.133799450408106e-11,-1.4815101398039104e-09,-0.0005396892501724962,-0.03421779800996306,-0.09365962300562632,-0.16388291896791707,0.0001816748743455396,-0.0006498463631308139,-0.020770377375481954,0.05081741273407709,-0.10966856545875817,-0.09028725895519642,-2.6117872330965733e-10,2.658168248881746e-09,-0.04158205383585973,0.12995455509915055
58.39,-0.05502327362452855,0.27292436579103707,-0.07420742098103915,-0.2461571244102681,-9.222911480610137e-11,-1.4747453814975931e-09,-0.001833450560860852,-0.028831421404289254,-0.09475406946633715,-0.15916317146182374,0.00018475099952980933,-0.0006622095054717251,-0.021964698929728688,0.055611666244110666,-0.11044432938364122,-0.08676785876650248,-2.622379550273713e-10,2.6542607957210867e-09,-0.04264042466999666,0.13375916166434812
58.4,-0.05589769743682492,0.2746179261604679,-0.07548965589025018,-0.24065498067146057,-9.326736757193859e-11,-1.4672749222831267e-09,-0.003130026925247728,-0.02339607915932732,-0.09586437843469829,-0.1543572158162391,0.0001877590455517832,-0.0006747511616443357,-0.023153398693659264,0.06042348472692024,-0.11122872954619274,-0.08319011754350919,-2.6303152191588515e-10,2.648984686874806e-09,-0.04368537568571262,0.13756971456204628
58.410000000000004,-0.05674470888108982,0.27605682899607303,-0.07679589325495112,-0.23503246680479647,-9.445199451506592e-11,-1.4591062202664012e-09,-0.004428873522617933,-0.01791438984523978,-0.0969900685028992,-0.1494670590576189,0.00019069783914213494,-0.0006874826020000427,-0.024335994796246575,0.0652512371503985,-0.11202140764589011,-0.07955538661516187,-2.63559991773462e-10,2.642348910028917e-09,-0.044716525151055384,0.14138570380571022
58.42,-0.05756417324846281,0.27724403944141823,-0.0781255697195516,-0.22929233099454036,-9.578216614620708e-11,-1.450247494564967e-09,-0.005729440941235748,-0.012389063127752935,-0.09813064986085443,-0.1444947210527723,0.0001935661926300397,-0.0007004148528856756,-0.025512003802984972,0.07009322059445594,-0.11282199969670496,-0.07586502623290477,-2.638240573269952e-10,2.6343625869802686e-09,-0.0457334908013954,0.14520653723135343
58.43,-0.05835598086801112,0.27818277378131867,-0.0794781101891104,-0.22343733984515995,-9.72569782774227e-11,-1.4407076441296017e-09,-0.007031175451296494,-0.006822897011062927,-0.09928562449800953,-0.13944223337301778,0.00019636290249022532,-0.0007135586688837222,-0.026680940887533745,0.0749476623713327,-0.11363013616291365,-0.07212040504456359,-2.6382455416334383e-10,2.6250364599422924e-09,-0.04673588990024366,0.14903154306791275
58.44,-0.0591200467794754,0.27887634179991755,-0.08085292810768192,-0.2174703432845785,-9.887546643832672e-11,-1.430520589810925e-09,-0.008333519285472503,-0.0012187369240407094,-0.10045448640799953,-0.13431169253833597,0.0001990867479487655,-0.0007269230101186306,-0.027842320011221763,0.07981269237346518,-0.11444544209797021,-0.06832297155949676,-2.635624461966266e-10,2.614417539483445e-09,-0.04772333930597562,0.15286003779472415
58.45,-0.059856310449773346,0.279326327693767,-0.08224942576854449,-0.21139507802939558,-1.0063660936567639e-10,-1.4197436061632533e-09,-0.009635910910875036,0.004420981273588462,-0.10163672181887884,-0.12910591172576905,0.00020173649029561834,-0.0007404969115224058,-0.028995654122788903,0.08468598562837704,-0.11526753731648383,-0.06447511349636714,-2.6303882713465345e-10,2.602593090318619e-09,-0.048695455516738234,0.1566921138974342
58.46,-0.06056473557138771,0.2795343552610795,-0.08366699467349308,-0.2052153972274103,-1.0253929445288371e-10,-1.4083912251890289e-09,-0.010937785282358321,0.010093800042943418,-0.10283180946308874,-0.12382780343560845,0.00020431087327325373,-0.0007542675536549257,-0.03014045538621515,0.08956510060696866,-0.1160960366184294,-0.06057935669396429,-2.6225490539882573e-10,2.5895885008017133e-09,-0.04965185467572498,0.16052791184097248
58.47,-0.061245309894997976,0.27950196871642674,-0.08510501591837055,-0.19893524920907585,-1.0458239916795168e-10,-1.3966277057765468e-09,-0.012238574102801452,0.01579680689205007,-0.1040392208736235,-0.11848051157727442,0.00020680862398581818,-0.000768220459638999,-0.0312762354118507,0.09444797072624916,-0.11693055021924187,-0.05664407503395487,-2.612119960216199e-10,2.5762580124384085e-09,-0.05059215266524394,0.1643641192187816
58.480000000000004,-0.06189804516490466,0.2792274729063452,-0.08656286062722285,-0.1925599301258974,-1.0676472489602028e-10,-1.3844635139081866e-09,-0.01353770612993025,0.021526324055125286,-0.10525842074301374,-0.11306878128588846,0.00020922845491186612,-0.000782308877145318,-0.032402505441532746,0.09933349677144436,-0.11777068460645887,-0.05268201687082478,-2.599114577854992e-10,2.5622707010340815e-09,-0.05151596543200986,0.16819542567456117
58.49,-0.06252297709906217,0.27871293306129435,-0.08803989041379011,-0.18609340466408975,-1.0908504369780975e-10,-1.3718618709239698e-09,-0.014834607526646365,0.02727878680901559,-0.10648886740190529,-0.10759852198948537,0.00021156906551016166,-0.0007965514849864807,-0.033518776537303493,0.10421867471440928,-0.11861604357393203,-0.04870094210518219,-2.583547024711547e-10,2.5479101234126824e-09,-0.052422909412251216,0.17201869854689167
58.5,-0.06312016534806868,0.27795714228363966,-0.08953545785226234,-0.17954120487427613,-1.1154208857735256e-10,-1.358993953589413e-09,-0.01612870221788843,0.033050731082284984,-0.10773001364750545,-0.10208409022431406,0.00021382914554950747,-0.0008108267081020705,-0.034624559949672375,0.1090971103531646,-0.11946622925720493,-0.04471383049322877,-2.5654318250243795e-10,2.533253994529695e-09,-0.05331260191819019,0.17582985459511802
58.51,-0.06368969347610327,0.2769609935443967,-0.0910489071080637,-0.17291239135244518,-1.1413457490677272e-10,-1.34640196179112e-09,-0.01741941230471127,0.038836608062699875,-0.10898130778920986,-0.09653261784926859,0.0002160073841529618,-0.0008250101578010606,-0.03571936759734921,0.11396544168119174,-0.1203208431134708,-0.04072670712247326,-2.5447839422396936e-10,2.5177472822866885e-09,-0.05418466144827218,0.17962741134323781
58.52,-0.06423166875796991,0.27573005902902625,-0.09257957483793146,-0.16621809957689912,-1.16861217684033e-10,-1.3336089505536866e-09,-0.018706158637550988,0.04462898177174347,-0.11024219435980363,-0.09094655434646019,0.00021810247728395942,-0.0008391211983228818,-0.03680271243438308,0.11882127560164372,-0.12117948662341595,-0.03674437254991044,-2.5216188312237033e-10,2.502136469020796e-09,-0.05503870788514071,0.1834099712619136
58.53,-0.06474622176939185,0.27426780630009034,-0.09412679109390609,-0.15946401067607496,-1.1972072914814655e-10,-1.3204301243898387e-09,-0.019988361432134165,0.050423380781564,-0.11151211477132698,-0.08533867115769894,0.00022011312972466734,-0.0008531286907930013,-0.0378741088015251,0.12365923943450095,-0.12204176199743891,-0.03277817839689031,-2.495952340149567e-10,2.486271305066158e-09,-0.05587436271054344,0.18717378354951772
58.54,-0.06523350597944227,0.2725780130220744,-0.09568987993674799,-0.15265378943681482,-1.227117778888711e-10,-1.3068226455739764e-09,-0.021265440731728206,0.05621677982966026,-0.11279050823133527,-0.07971665639832476,0.00022203806012116518,-0.0008668907258791315,-0.03893307284424563,0.12847594317729022,-0.12290727295764914,-0.0288322334897464,-2.467800605909877e-10,2.4697242036586485e-09,-0.05669124925070324,0.1909178245959551
58.550000000000004,-0.06569369726880782,0.2706677021582847,-0.09726815990365162,-0.14579309630474888,-1.258329867595505e-10,-1.2931539481646625e-09,-0.022536816781796885,0.062004784155430814,-0.11407681243046866,-0.07408231489670365,0.0002238760093605764,-0.0008803665672858954,-0.039979122848484074,0.13326939537406257,-0.12377562519635416,-0.024907560640950607,-2.437180236179441e-10,2.452515875111772e-09,-0.057488992816317405,0.1946416312684757
58.56,-0.06612699325726074,0.2685447084941609,-0.09886094469127962,-0.13889266268711195,-1.290829938780288e-10,-1.279382365634536e-09,-0.02380191050791414,0.06778091158483832,-0.11537046385533294,-0.06843797773776324,0.00022562574488922975,-0.0008935556493351326,-0.04101177947869137,0.13803726593479865,-0.12464642662394186,-0.021007930993314997,-2.404108551934647e-10,2.4351055640842423e-09,-0.05826722078729883,0.19834388370710399
58.57,-0.06653361253336051,0.2662166842964034,-0.10046754397271193,-0.1319581651630269,-1.324603913363931e-10,-1.2651171422476044e-09,-0.025060144059045865,0.07354077113528883,-0.11667089813885864,-0.06279011278036034,0.00022728605928749813,-0.0009065144780713835,-0.04203056603590344,0.14277622294818218,-0.12551928783638847,-0.017141808082762038,-2.368602978960273e-10,2.417493429109321e-09,-0.05902556276684503,0.20202202293308874
58.58,-0.06691379388993922,0.2636908758584803,-0.10208726397134134,-0.12499224655936252,-1.3596373656071123e-10,-1.2503955583765683e-09,-0.026310941253687305,0.07928111053576291,-0.11797755072597181,-0.057148446893930456,0.00022885576987051294,-0.0009191492245425498,-0.043035008785838075,0.14748248194684002,-0.12639382272541597,-0.013313010051238817,-2.3306813483761536e-10,2.399351736466104e-09,-0.05976365077969972,0.20567459022589807
58.59,-0.0672677955578367,0.26097535343945694,-0.10371940781730539,-0.11799859307824893,-1.3959154278361e-10,-1.2351241789915518e-09,-0.027553727932850224,0.08499854329873116,-0.11928985758849855,-0.05151643818907095,0.00023033372510868812,-0.0009313489735306847,-0.044024637279566146,0.152153856260377,-0.12726964885766207,-0.009522301028802953,-2.2903618775751114e-10,2.380633401408746e-09,-0.06048111940710303,0.20930121897493204
58.6,-0.06759589437233296,0.25807931795722044,-0.10536327585972677,-0.11097972964094971,-1.433422751409769e-10,-1.2192800064979204e-09,-0.028787932274545115,0.09069041432945416,-0.1206072556255946,-0.04589529934414872,0.0002317188114585186,-0.0009431132678378656,-0.04499898460784011,0.15678804183584208,-0.1281463876287996,-0.005771012474195328,-2.247663427078727e-10,2.3613196086482607e-09,-0.06117760583494147,0.212901903403253
58.61,-0.06789838488615091,0.25501138795424744,-0.10701816600615735,-0.10394024997584214,-1.472143460936254e-10,-1.203267191654634e-09,-0.030012985069591092,0.09635422761925948,-0.12192918284735128,-0.04028682254146714,0.00023300995555248323,-0.0009544263626723398,-0.045957587662481376,0.16138167561617292,-0.12902366436890444,-0.002059941583683556,-2.2026054588079763e-10,2.3414112904844985e-09,-0.061852749820771845,0.21647798164066034
58.620000000000005,-0.06817557850222701,0.2517797699210984,-0.10868337429813026,-0.09688982888806913,-1.5120613961251322e-10,-1.1870385753617152e-09,-0.03122832000182333,0.10198661827201042,-0.12325507853009338,-0.03469239165033495,0.00023420612512800105,-0.0009652673372182502,-0.046899987465417604,0.1659309710192476,-0.12990110846155706,0.0016091784747912386,-2.1552078562022256e-10,2.321120772366253e-09,-0.06250619356854077,0.22003139863396365
58.63,-0.06842780262554404,0.24839309661826092,-0.11035819563609756,-0.08983352563757553,-1.5531602021838676e-10,-1.170267587516507e-09,-0.032433373924108444,0.10758564232547936,-0.12458438338953656,-0.029114250716223176,0.0002353063295084196,-0.0009756482592694777,-0.04782572954240644,0.17043204837727013,-0.13077835363197657,0.0052302940745641915,-2.1054908644197934e-10,2.30062902360031e-09,-0.06313758157870701,0.2235630642692255
58.64,-0.06865539980220503,0.24486000902012764,-0.1120419242880011,-0.08277352086697636,-1.59542296008422e-10,-1.152963187506691e-09,-0.03362758705225209,0.11315029722166152,-0.1259165399558715,-0.023560070227185655,0.00023630961909542277,-0.0009855641506722715,-0.048734364346756744,0.17487982651390518,-0.13165503838649045,0.008799960857455748,-2.053475117699167e-10,2.2796739487333303e-09,-0.06374656051742907,0.2270745373156702
58.65,-0.06885872684701717,0.24118924815537837,-0.11373385419655231,-0.07571303281126478,-1.6388321726504226e-10,-1.1351587206624262e-09,-0.034810403095555074,0.1186792218998891,-0.12725099314100283,-0.01803451187321112,0.00023721508725840914,-0.0009949389413290708,-0.04962544771212743,0.17927025675793665,-0.13253080631569344,0.012317741233167478,-1.999181609261543e-10,2.2581803375119077e-09,-0.06433277905612429,0.23056796507616342
58.660000000000004,-0.06903815394904882,0.237390115748264,-0.11543327926211874,-0.06865467093406863,-1.683370163566104e-10,-1.1168333143160723e-09,-0.03598126938696469,0.12417104310189198,-0.12858719065366034,-0.012538648114080484,0.00023802187587584566,-0.0010037032628493676,-0.05049854124087013,0.18360048934503637,-0.13340530620923574,0.01578281998726669,-1.9426318797173024e-10,2.2361693655244475e-09,-0.064895887682734,0.23404505985835855
58.67,-0.06919406374807477,0.23347191075136647,-0.11713949361193267,-0.061600909616389955,-1.7290184092522402e-10,-1.0979952869381114e-09,-0.03713963703048648,0.12962407171926144,-0.12992458319048406,-0.007073961246903764,0.00023872918038068218,-0.0010118373676115025,-0.05135321260721996,0.18786785654825985,-0.1342781921102761,0.019195017726496857,-1.8838480151601264e-10,2.213613294393269e-09,-0.06543553852606437,0.23750742621680984
58.68,-0.06932685040636709,0.22944374852922328,-0.11885179183954958,-0.05455386305082802,-1.775758006610696e-10,-1.078663614205718e-09,-0.038284961087140516,0.1350358758183229,-0.13126262456609858,-0.0016415979592995075,0.00023933625178588523,-0.0010193331498050697,-0.052189035794521124,0.19207077192867733,-0.13514912333900217,0.022554383103019156,-1.8228525160887214e-10,2.1905213204737872e-09,-0.06595138523396407,0.24095536906997986
58.69,-0.06943691868729103,0.22531483954790635,-0.12056946922370301,-0.047515639346619884,-1.8235696336761746e-10,-1.0588534447353118e-09,-0.03941670081824977,0.1404035541458536,-0.13260077184106653,0.003757089862270734,0.00023984239719995068,-0.0010261812470490016,-0.05300559125694114,0.1962082470732083,-0.13601776446747496,0.025861771174257742,-1.7596685635751093e-10,2.166875441510415e-09,-0.06644308301955637,0.2443858945166662
58.7,-0.06952468304814913,0.22109391512357085,-0.12229182198017152,-0.04048965523063225,-1.8724334204988808e-10,-1.038858455028109e-09,-0.04053431996284031,0.14572432443756067,-0.13393848544800632,0.009120923995127553,0.00024024698035415794,-0.0010323697616788337,-0.05380246603813976,0.20027903768379457,-0.136883785234534,0.029118543794878538,-1.6943197174218324e-10,2.1426740598027992e-09,-0.06691028895813031,0.247793995785178
58.71,-0.06959056677014169,0.21678922595431718,-0.12401814770422895,-0.03348341117399711,-1.9223294594994945e-10,-1.0186640133300087e-09,-0.04163728703499505,0.1509948646061271,-0.13527522931428995,0.014448690997398952,0.00024054942253543828,-0.0010378812425661382,-0.05457925389668076,0.20428170709931778,-0.13774686042167086,0.03232600139658256,-1.6268302397970666e-10,2.1178903281192957e-09,-0.06735266244103134,0.25117490913049817
58.72,-0.06963500108921111,0.21241008555590962,-0.1257477459236074,-0.02650061533808507,-1.9732374718699829e-10,-9.98053539840049e-10,-0.04272507563513172,0.15621218388214647,-0.136610470981477,0.01973922870376557,0.00024074920363941567,-0.0010427075336469729,-0.05533555542385425,0.20821553709360507,-0.13860666971399083,0.03548570244670304,-1.5572249046911603e-10,2.09255378008974e-09,-0.06776986572221838,0.25452176436222756
58.730000000000004,-0.0696584242782085,0.20796601011542692,-0.12747991847260595,-0.019542634194861644,-2.0251367884013485e-10,-9.77043278598886e-10,-0.0437971647428081,0.161373702777807,-0.1379436817477243,0.02499057157416255,0.0002408458628157264,-0.001046844699339218,-0.0560709781257697,0.21207993957712185,-0.13946289763869968,0.038596320906755244,-1.4855289123998563e-10,2.0668129738651346e-09,-0.06816156457935521,0.2578271928583867
58.74,-0.06966128072852405,0.20346554819508586,-0.12921396970122795,-0.012611662624246425,-2.078006589471288e-10,-9.556594400282627e-10,-0.04485303896896775,0.16647728649679908,-0.1392743369654512,0.030196977235466865,0.00024083899914443413,-0.0010502755132439402,-0.05678513651902722,0.21587321441545837,-0.14031523362470344,0.04165705752047353,-1.4117680964923562e-10,2.0405064308157407e-09,-0.06852742899546721,0.26108530513028677
58.75,-0.0696440200595559,0.19891778227200876,-0.13094920666257864,-0.00570936417627941,-2.1318252800405814e-10,-9.339047840069415e-10,-0.045892188777740435,0.17152081365266209,-0.14060191644951167,0.03535568092612768,0.0002407282727170219,-0.0010529898414542629,-0.05747765225465949,0.21959443588183988,-0.14116337201242612,0.04466972956683555,-1.33596868435559e-10,2.013528984068622e-09,-0.06886713381697339,0.26428893144531745
58.76,-0.06960709621012079,0.19433216337957457,-0.1326849392953407,0.0011624377203823207,-2.1865713639341584e-10,-9.118005461507932e-10,-0.046914110710437565,0.17650178439724326,-0.14192590473476469,0.040466450868389355,0.00024051340606621183,-0.001054967125083512,-0.058148154237654265,0.22324229127460862,-0.14200701192670276,0.047636067537270226,-1.2581577061741103e-10,1.9859171234436676e-09,-0.06918035945823184,0.26743049668130736
58.77,-0.06955096650587668,0.18971800727895752,-0.13442048060206288,0.008001971945991889,-2.242222681899697e-10,-8.893558976643713e-10,-0.04791830762494462,0.18141779230569718,-0.1432457911667137,0.045528505375698095,0.00024019418635286106,-0.00105617691743148,-0.058796278763458595,0.22681504210993772,-0.14284585711048947,0.05055753656114985,-1.1783626489201936e-10,1.9576504900721732e-09,-0.06946679261372966,0.2705036428054336
58.78,-0.06947609073976097,0.18508420642288637,-0.13615514682288907,0.014807634205220292,-2.2987569122186965e-10,-8.665759142213104e-10,-0.04890428893764836,0.18626643951786595,-0.1445610699471287,0.05054178034608594,0.00023977046741159393,-0.001056615843497719,-0.05942166971472507,0.23030992551627205,-0.14367961577237767,0.05343563520942416,-1.0966118646350342e-10,1.9287039045745865e-09,-0.06972612690911907,0.2735023042724612
58.79,-0.06938293028584627,0.18043935336526817,-0.13788825759677104,0.021577925651032493,-2.3561513903790403e-10,-8.434743105332091e-10,-0.04987157085362357,0.19104563352469153,-0.14587124016224504,0.055505980293641344,0.0002392421703576371,-0.0010562900855761428,-0.06002397879260241,0.23372496866523973,-0.1445080004298279,0.05627211769983473,-1.0129342314770377e-10,1.8990272838670326e-09,-0.06995806356512767,0.27641874992408727
58.800000000000004,-0.06927194723713534,0.1757920353471861,-0.13961913611432636,0.028311343020530486,-2.414382970298628e-10,-8.200583270144944e-10,-0.05081967657338887,0.19575354389581534,-0.1471758058017948,0.0604210178447234,0.00023860928324738917,-0.0010552068693879331,-0.060602865750368204,0.23705751340183379,-0.14533072774060316,0.05906869100339193,-9.273593194746927e-11,1.868623795202359e-09,-0.07016231214279993,0.27924508796759173
58.81,-0.06914360353955129,0.17115118204073018,-0.14134710926650362,0.03500645873657517,-2.4734285377711727e-10,-7.963358662710165e-10,-0.05174813648412421,0.2003882264005378,-0.1484742757691099,0.06528691010829198,0.00023787186057332418,-0.00105337509144726,-0.061157998659549594,0.24030443857029726,-0.14614751833731682,0.06182687369717706,-8.399175994680088e-11,1.8375033572893144e-09,-0.07033859129827368,0.2819744383250344
58.82,-0.06899836010203508,0.16652597119667065,-0.14307150778889374,0.04166186812023065,-2.5332643088637843e-10,-7.723183953047607e-10,-0.05265648834416846,0.20494796689454378,-0.1497661638824214,0.07010365921490913,0.00023703002271496188,-0.0010508039554766476,-0.06168905420719734,0.24346279140846766,-0.1469580966774284,0.06454801594844556,-7.506400815552158e-11,1.8056705579753241e-09,-0.07048662945735792,0.2846010016069572
58.83,-0.06883667590086216,0.16192517065526235,-0.14479166640219515,0.04827620604853987,-2.593866569515086e-10,-7.480120128405859e-10,-0.053544277453655025,0.20943120296556617,-0.151050988876754,0.07487120513491555,0.00023608395528764664,-0.0010475046415970577,-0.06219571797803954,0.24653013429799717,-0.14776219090959283,0.06723332844317771,-6.595586467252686e-11,1.7731041009280423e-09,-0.07060616538820778,0.28711990154690414
58.84,-0.06865900712550455,0.15735671742510285,-0.14650692398517684,0.05484697639079581,-2.655211156094018e-10,-7.235614336839843e-10,-0.05441105682071044,0.21383612394833804,-0.1523282744096892,0.07958947145805588,0.00023503390843675214,-0.001043485131619639,-0.06267768469864762,0.24950432680296536,-0.1485595327424017,0.06988427568690703,-5.6670579478255656e-11,1.739705977966987e-09,-0.0706969488102321,0.28952291747625575
58.85,-0.06846580639271256,0.15282794710742884,-0.14821662388158457,0.0613691274238678,-2.717273776116834e-10,-6.989370724796677e-10,-0.05525638734617895,0.21816061615125432,-0.1535975490682282,0.08425841187146842,0.00023388019626999703,-0.0010387532338741266,-0.06313465846220821,0.2523830508416226,-0.1493498573010634,0.07250239675415346,-4.721149198794003e-11,1.7055204404700957e-09,-0.07075874121467059,0.2917997285661821
58.86,-0.06825752198459759,0.14834692809285288,-0.1499201142680243,0.06784044446289393,-2.7800299588607714e-10,-6.740501704963699e-10,-0.05607983801669683,0.22240293528115435,-0.15485834637084425,0.08887809793951341,0.0002326231963681039,-0.0010333221943653373,-0.06356635297364857,0.25516342290468386,-0.15013290298713716,0.07508885056466987,-3.75820160439543e-11,1.6706097474316838e-09,-0.07079131674438065,0.2939435934298699
58.870000000000005,-0.06803459704602546,0.1439222766581343,-0.15161674838224423,0.07426033182173147,-2.8434549487168133e-10,-6.489159568401577e-10,-0.05688098608807215,0.22656125260308835,-0.15611020476352905,0.09344858783874457,0.0002312633491023495,-0.001027207898636658,-0.0639724918272825,0.2578425225140324,-0.1509084113650143,0.07764448983210605,-2.7785635041675927e-11,1.6349668332019977e-09,-0.0707944628384598,0.2959510053043171
58.88,-0.06779746875936099,0.1395620146375494,-0.15330588463025105,0.08062771282064886,-2.907523901012659e-10,-6.235445320504286e-10,-0.05765941726382652,0.230633795250514,-0.15735266761499453,0.09796991303079138,0.00022980115675289223,-0.001020424303905741,-0.06435280879729008,0.260417431317025,-0.15167612706922345,0.08017022556546896,-1.7825919503339452e-11,1.5985663016396234e-09,-0.0707679806998522,0.29781672592783476
58.89,-0.06754656757149399,0.13527308660643012,-0.15498688667783478,0.08694174871005704,-2.972211588931564e-10,-5.979511982551022e-10,-0.05841472585955777,0.2346192135363677,-0.1585852832427868,0.10244115442822156,0.00022823718463089911,-0.0010129188327957575,-0.0647070481039837,0.26288603370065095,-0.15243579771056404,0.08266710961693849,-7.706504853469233e-12,1.5613188349272797e-09,-0.0707116859087793,0.29953149135612567
58.9,-0.06728231650827989,0.13106172443551484,-0.1566591235364255,0.09320171080757854,-3.037492707070191e-10,-5.72148273229856e-10,-0.059146514993915336,0.23851458223525349,-0.15980760505093314,0.10685931682942831,0.00022657206325242933,-0.0010047122803575853,-0.06503496464153896,0.2652461742391656,-0.15318717377869873,0.08513604626954882,2.5688827793832808e-12,1.5232850151007304e-09,-0.07062540927457507,0.30108586207866983
58.910000000000004,-0.06700513053127967,0.1269346338394982,-0.15832196963944642,0.09940684917585714,-3.1033416007602046e-10,-5.461478275363913e-10,-0.05985439682758387,0.24231767157624395,-0.1610191917234193,0.11122352584575931,0.00022480648687837424,-0.0009958722301378232,-0.06533632416778712,0.2674964728693833,-0.15393000856393418,0.08757746410250382,1.2996444033978492e-11,1.484461323990579e-09,-0.07050899766940395,0.3024738435706993
58.92,-0.06671541588401987,0.12289857238034198,-0.1599748049196101,0.10555634632331164,-3.1697325128359814e-10,-5.199621510857591e-10,-0.06053799278551755,0.2460266880788548,-0.16221960731278864,0.11553423992835891,0.00022294120989760924,-0.0009864182954076833,-0.0656109035018691,0.26963407918497106,-0.1546640581517178,0.08999029099028197,2.3572297938967365e-11,1.4448033809554335e-09,-0.07036231468813721,0.30368967183157475
58.93,-0.06641356944099944,0.11895983610472569,-0.1616170148853375,0.11164953425824034,-3.236639554040164e-10,-4.936018460341631e-10,-0.06119693375904299,0.2496393428984629,-0.16340842123459423,0.11979147728420164,0.0002209770450583513,-0.0009763573172735983,-0.06585849078932478,0.2716558165064501,-0.15538908147480854,0.0923742916539341,3.429246800507342e-11,1.4043872388143465e-09,-0.07018524123403014,0.30472740827193345
58.94,-0.06609997808662252,0.11512446951544837,-0.16324799069110635,0.11768574492564086,-3.3040365717746995e-10,-4.670770566083975e-10,-0.06183086033183297,0.2531530838367055,-0.16458520825342732,0.12399537979741648,0.00021891486342675851,-0.0009656901265830213,-0.06607888578811205,0.2735592940558618,-0.15610484032933658,0.09473002224830693,4.51529197583483e-11,1.36322601778238e-09,-0.0699776761422673,0.30558001599225826
58.95,-0.06577501813471846,0.1113979118343983,-0.16486712920493257,0.12366430668669187,-3.371897285850618e-10,-4.403994243445148e-10,-0.06243942300680262,0.2565660645756256,-0.16574954847513115,0.12814597212779624,0.00021675559432965855,-0.0009544358032205002,-0.06627190011827394,0.275342250485075,-0.1568110993446666,0.0970577336517936,5.6149535860715113e-11,1.3212999029268634e-09,-0.06973953686359237,0.30624037832173795
58.96,-0.06543905479899541,0.10778509294014342,-0.1664738330738308,0.1295846180498236,-3.440195327946381e-10,-4.135782450493451e-10,-0.06302228241393679,0.25987609588555327,-0.16690102734280277,0.13224326396917238,0.00021450022432328123,-0.0009426202622691846,-0.06643735746996535,0.2770030614097223,-0.15750762595354983,0.09935764896267021,6.727811931983496e-11,1.2786476082748123e-09,-0.06947076018309249,0.30670106987960655
58.97,-0.0650924417027332,0.10429088445595318,-0.16806751078709897,0.13544603688222465,-3.5089040681939907e-10,-3.8662234253199193e-10,-0.0635791095235211,0.26308091219963264,-0.16803923563837894,0.13628718236980916,0.00021214979542190395,-0.0009302714676239662,-0.06657509375837162,0.27854071767227806,-0.1581941903749794,0.10162981904094708,7.853440343737331e-11,1.2353022865332605e-09,-0.0691713029098069,0.3069561565153158
58.980000000000004,-0.06473552040587631,0.10092002358973838,-0.16964757674175743,0.14124787025576999,-3.5779968380068783e-10,-3.595353709153009e-10,-0.06410958584759001,0.26617897247867467,-0.16916376948909143,0.14027763767106927,0.00020970540329846672,-0.0009174112383246109,-0.06668495722905465,0.2799544214790463,-0.15887056560991653,0.10387417053089926,8.991405097073486e-11,1.1912834902098258e-09,-0.06884114247381273,0.30700051409059786
58.99,-0.06436861996080702,0.09767657985178557,-0.17121345130795287,0.14698953256584302,-3.6474468882363226e-10,-3.323287064707497e-10,-0.06461340363950564,0.2691676857538313,-0.1702742303737197,0.14421462556800488,0.00020716819598601933,-0.0009040540039715823,-0.06676680860392006,0.2812413255843792,-0.15953652745095429,0.10609048688459116,1.0141265253043693e-10,1.1466046057483154e-09,-0.06848027748264549,0.3068280851770582
59.0,-0.06399205651973272,0.09456411248836201,-0.17276456089077954,0.1526704139983206,-3.7172271577596746e-10,-3.050010033119219e-10,-0.06509026612938874,0.27204451402115293,-0.17137022512383515,0.1480981773730954,0.0002045393727656198,-0.000890223508577058,-0.06682052137305389,0.2823970007915474,-0.1601918545055333,0.10827842061187869,1.1302574082255925e-10,1.1012790436479538e-09,-0.06808872830611194,0.3064328652474825
59.01,-0.06360613298785439,0.0915859479698476,-0.17430033798954253,0.15828995654824388,-3.787310694239345e-10,-2.775656677202428e-10,-0.06553988778880843,0.274806556501568,-0.17245136592540827,0.15192820027340698,0.0002018201826815794,-0.0008759447259267898,-0.06684598216344366,0.28341837052400415,-0.1608363282340977,0.11043744083907611,1.2474876582169712e-10,1.055306903170391e-09,-0.06766653768092878,0.3058087176874727
59.02,-0.06321113870362316,0.08874524033271704,-0.17582022125568933,0.163847576781268,-3.857670217222868e-10,-2.5003017567866707e-10,-0.06596199460480416,0.2774511552303659,-0.17351727032922787,0.15570449084009838,0.00019901192284422074,-0.000861241110073992,-0.06684309101357526,0.2843042565028112,-0.1614697330037205,0.11256689211064883,1.3657713829107635e-10,1.0087371460066444e-09,-0.06721377128705584,0.3049505986462779
59.03,-0.06280734915413484,0.08604443573093624,-0.177323655553689,0.16934260203722232,-3.928278556401578e-10,-2.2240596991172339e-10,-0.06635632430387912,0.27997711630695427,-0.17456756127067566,0.15942679792351208,0.00019611593668418618,-0.0008461389466813826,-0.06681176150466135,0.2850542223461449,-0.1620918561552266,0.11466599765083847,1.485061843634234e-10,9.61614177132829e-10,-0.0667305182241713,0.3038550348071048
59.04,-0.06239502574625251,0.08348542251077826,-0.1788100920253932,0.17477440454245818,-3.999108255787068e-10,-1.9470107099670657e-10,-0.06672262651772727,0.28238263537262026,-0.17560186709461417,0.16309485081718705,0.0001931336121061913,-0.0008306636928433692,-0.06675192084458745,0.28566696146826526,-0.16270248808200344,0.11673387495544492,1.6053119020456067e-10,9.139469600817174e-10,-0.06621689136999785,0.3025191678394168
59.050000000000004,-0.06197441562999274,0.08106974479885064,-0.18027898815590368,0.1801422916578354,-4.0701319978917504e-10,-1.6692542156849127e-10,-0.06706066294924036,0.284665938480808,-0.17661982158317405,0.1667083457745751,0.0001900663797225076,-0.000814836898239368,-0.06666351002239337,0.286139799337397,-0.1633014223204589,0.1187695100971083,1.7264737038277226e-10,8.657664771702606e-10,-0.0656730277040632,0.30093926949465727
59.06,-0.061545751561031814,0.07879858983552927,-0.18172980788541687,0.1854441548479081,-4.1413221210742166e-10,-1.3903945632077443e-10,-0.06737020758687301,0.2868240263566651,-0.1776210639883834,0.17026688677116308,0.00018691571143239334,-0.0007986744951481021,-0.06654648410504302,0.28646819718351196,-0.16388845565326235,0.12077175211582189,1.8484990645144553e-10,8.170997990116545e-10,-0.06509908866337392,0.2991115749135941
59.07,-0.061109251791005334,0.07667303745019449,-0.18316202180867544,0.19067735279547174,-4.2126510377472103e-10,-1.110799599232322e-10,-0.0676510469515776,0.28885478418222904,-0.17860523907266218,0.1737699909962117,0.00018368311908161113,-0.0007822000489366509,-0.06640081262378589,0.28664857269113203,-0.1644633882258191,0.12273932387811601,1.971339183122089e-10,7.679855485426585e-10,-0.0644952605023617,0.2970327948032112
59.08,-0.060665119978098786,0.07469391103749161,-0.1845751073725955,0.195841060571588,-4.284091070138653e-10,-8.306704500780485e-11,-0.0679029803380556,0.29075564928871855,-0.17957199715662045,0.17721713606002748,0.00018037015275980013,-0.0007654391802252994,-0.06622647988260719,0.2866795316554364,-0.1650260236704632,0.12467098690322884,2.094944811460171e-10,7.184636153874406e-10,-0.06386175454374889,0.2947024354774792
59.09,-0.06021354514355557,0.07286102513947335,-0.1859685489824854,0.20093484829077057,-4.3556143166271e-10,-5.49987358987236e-11,-0.06812582006716303,0.2925238492150481,-0.1805209941721443,0.1806077460913505,0.0001769783988913259,-0.0007484148575087082,-0.06602348515596107,0.28655915353001593,-0.16557616923723467,0.12656530724815293,2.2192663857237816e-10,6.685590727864953e-10,-0.06319880728620467,0.29211986614014157
59.1,-0.05975470170274225,0.07117355616869435,-0.18734183806105342,0.20595801981608827,-4.427193185234097e-10,-2.690337757226912e-11,-0.06831939172256757,0.2941577453056632,-0.18145189172135212,0.1839411649343298,0.0001735094783423434,-0.0007311510560193791,-0.06579184288679368,0.2862849497580087,-0.16611363593281225,0.12842087368996263,2.344253695752606e-10,6.183130412718691e-10,-0.06250668042328418,0.28928576090720076
59.11,-0.05928874953954496,0.06963094190688604,-0.18869447311055426,0.21090994910729327,-4.4987995793148586e-10,1.207638062182809e-12,-0.06848353437340471,0.29565447309560455,-0.1823643571435955,0.18721663760221147,0.00016996504455462093,-0.0007136692526380409,-0.06553158292352002,0.2858544156123782,-0.16663823866288863,0.13023625120979443,2.469856560548601e-10,5.677618471924048e-10,-0.061785660784124646,0.2862013287567032
59.120000000000005,-0.05881583408445199,0.06823248772509993,-0.19002595978034545,0.21578989183990546,-4.5704056210133103e-10,2.931358013597995e-11,-0.06861810082659359,0.29701144315231576,-0.1832580635921831,0.190433302760952,0.00016634678176619144,-0.0006959895168732806,-0.06524275077811284,0.28526475228826287,-0.16714979637352104,0.13201006054883946,2.5960241956752903e-10,5.16940342305865e-10,-0.06103606019506313,0.282868649829091
59.13,-0.05833608640873114,0.06697701799184315,-0.1913358109397106,0.22059707621158672,-4.6419835556399555e-10,5.740035246082701e-11,-0.06872295787983985,0.2982263885812699,-0.18413269012159847,0.19359019171543096,0.00016265640334189925,-0.0006781308811668279,-0.0649254079083277,0.2845128605743843,-0.1676481321872642,0.133741016595286,2.7227055947858876e-10,4.65884974787176e-10,-0.06025821523921627,0.27929137406355026
59.14,-0.05784962336062578,0.06586284548085039,-0.19262354675597337,0.22533067741868348,-4.713505372332177e-10,8.545397783429985e-11,-0.06879798655242784,0.2992970706917149,-0.18498792178631357,0.19668619910846025,0.00015889565010126225,-0.000660113412197023,-0.06457963203954335,0.28359502707347156,-0.1681330735344564,0.13542780399445892,2.849849625140427e-10,4.1462929224592625e-10,-0.05945248691701252,0.2754732916161128
59.15,-0.05735654773752603,0.06488823872153125,-0.193888694776632,0.22998984150318932,-4.784943232812855e-10,1.1346325441610757e-10,-0.06884308227002271,0.30022248964638776,-0.18582344975614498,0.19971997018200943,0.0001550662914593081,-0.0006418628497830281,-0.06420551747397216,0.28250912348231905,-0.16860445228374507,0.1370691191783475,2.977404835761449e-10,3.6320889659159974e-10,-0.058619260230516224,0.2714194327280842
59.160000000000004,-0.056856948484926506,0.06405099049858363,-0.19513079001586048,0.2345736523677477,-4.856269321688658e-10,1.4146507498283886e-10,-0.06885815503678827,0.3010000573193192,-0.18663897148660108,0.2026888541385232,0.00015117012899540122,-0.0006233747094205356,-0.06380317534679084,0.2812525986996433,-0.16906210487258624,0.13866365903714517,3.1053196417541154e-10,3.116566959507405e-10,-0.05775894368418448,0.26713546189305837
59.17,-0.05635090093900341,0.06334826305398117,-0.19634937504718505,0.239081110822437,-4.927455782153661e-10,1.6944045922431168e-10,-0.06884312973567784,0.3016247826142674,-0.18743419093327265,0.20559100561798332,0.00014720899450417272,-0.000604769936489713,-0.063372733897094,0.27982208344027765,-0.16950587243616133,0.14021016254005145,3.233542318258747e-10,2.6000656061392016e-10,-0.056871968699767864,0.2626280179294856
59.18,-0.05583846710395474,0.06277739792392158,-0.1975440001039725,0.24351113634900176,-4.998474776686227e-10,1.973423872325133e-10,-0.0687979465551278,0.3020924406798628,-0.1882088187319477,0.20842522986598067,0.00014318474302132898,-0.0005860851229106643,-0.06291433877751615,0.27821453659374673,-0.16993560093313578,0.14170740249356814,3.3620210434745625e-10,2.0829144636514865e-10,-0.05595878896943633,0.25790377638548734
59.19,-0.05531969594095494,0.06233546798802087,-0.1987142231864647,0.24786261854567349,-5.069298603445346e-10,2.2515357322683669e-10,-0.0687225613574791,0.3024010060689813,-0.18896257234088012,0.21119000127707016,0.00013909924841943477,-0.0005673270726334124,-0.06242815337490633,0.2764265601358043,-0.1703511412678509,0.14315418538331567,3.4907038945414423e-10,1.5654334978613317e-10,-0.0550198797871833,0.2529694333517125
59.2,-0.054794623673917624,0.06201930757482417,-0.19985961017155418,0.25213445685053526,-5.139899515030328e-10,2.528608442479285e-10,-0.06861694586943566,0.30255021021407147,-0.18969517618687956,0.21388378283483964,0.00013495440181992652,-0.0005485114829515149,-0.061914359136744354,0.2744549327481862,-0.17075234940899991,0.14454935532668717,3.619539005363138e-10,1.0479428589414035e-10,-0.05405573736960482,0.24783197271297916
59.21,-0.0542632741216943,0.06182543923126735,-0.20097973492482477,0.25632547945219764,-5.210249981205199e-10,2.804621417064697e-10,-0.0684810877602697,0.3025392031105134,-0.19040636182089185,0.21650495943918344,0.00013075211040051667,-0.0005296445515805597,-0.0613731558785042,0.2722969978462039,-0.17113908650432247,0.1458918029192783,3.7484743751679897e-10,5.3074448289902196e-11,-0.05306687814609154,0.24249889575042224
59.22,-0.053725659066452644,0.06174985509616407,-0.2020741794207849,0.26043435571925366,-5.280322517203949e-10,3.079723693809432e-10,-0.06831499078676048,0.30236477849134735,-0.19109586807608261,0.2190519665823627,0.00012649429622254096,-0.0005107398893265115,-0.06080476203814453,0.26995079731013344,-0.17151121898966204,0.1471805021936774,3.8774581231867486e-10,1.4128823530550204e-12,-0.052053837990447445,0.23697858932640758
59.230000000000004,-0.05318177867474663,0.06178787805725185,-0.20314253388098674,0.2644594744305507,-5.350089654740958e-10,3.354076428253789e-10,-0.06811867516641978,0.30202047680274746,-0.19176344123138822,0.22152303105872967,0.00012218289486264658,-0.0004918102239528747,-0.06020941491163606,0.26741350965402944,-0.17186861869052192,0.14841450621729607,4.0064384101662495e-10,-5.016091005326261e-11,-0.051017171388492884,0.231279767028798
59.24,-0.05263162196217307,0.06193481822741493,-0.20418439692947948,0.2683992126780205,-5.419524073069059e-10,3.6271309774923523e-10,-0.06789217810721913,0.3015014830776302,-0.19240883518632398,0.22391631594271877,0.00011781985394194411,-0.0004728669116504611,-0.05958737090382611,0.2646827512180346,-0.17221116291616956,0.14959292896346152,4.1353634370411047e-10,-1.0161937446439124e-10,-0.049957450572827466,0.22541111833458283
59.25,-0.05207516726766279,0.062186110858537876,-0.2051993757511497,0.2722520515126658,-5.488598558587998e-10,3.8985879469363365e-10,-0.06763555423148183,0.30080586391388353,-0.1930318116454415,0.22622990672110616,0.00011340713163476051,-0.00045392344876371056,-0.058938905759362586,0.26175663717113395,-0.17253873454747945,0.15071493867130692,4.2641815605704347e-10,-1.5293432891310976e-10,-0.048875264658984105,0.21938111835793336
59.26,-0.051512382729038866,0.0625369457341242,-0.20618708624781987,0.27601638482910323,-5.557285999807536e-10,4.168426729575356e-10,-0.06734887582773748,0.299931598274656,-0.19363214030398315,0.22846201458505427,0.0001089466951000145,-0.00043499215086581733,-0.05826431472515272,0.2586344238573758,-0.1728512221181656,0.15177979147419385,4.392841322492411e-10,-2.0408050456361682e-10,-0.047771218774037616,0.21319884600260708
59.27,-0.05094322677834111,0.06298217232286751,-0.20714715320049998,0.27969047925985974,-5.625559410093926e-10,4.436549175778081e-10,-0.06703223306936905,0.2988760383349104,-0.19420959903136792,0.23061076910114542,0.00010444051899450156,-0.0004160820995142756,-0.057563912645248225,0.2553154132595174,-0.17314851988803237,0.15278682624546386,4.521291387098571e-10,-2.5503116689984337e-10,-0.046645933153183536,0.20687358993864105
59.28,-0.05036764866564036,0.06351640614772147,-0.20807921044703595,0.28327236132719774,-5.693392155030013e-10,4.702902401433991e-10,-0.0666857343115807,0.29763505858527156,-0.19476397405597531,0.2326743075757587,9.989058413176392e-05,-0.0003972025769485009,-0.05683803401889467,0.2517992991346903,-0.1734305279078419,0.1537354643849775,4.649480539268323e-10,-3.057620591844347e-10,-0.045500042207764824,0.20041484249716046
59.29,-0.04978558899739672,0.06413437062339371,-0.20898290108047843,0.28675985134027493,-5.760757513941374e-10,4.96739589944671e-10,-0.06630950650076313,0.2962036586621542,-0.19529506014812392,0.23465086537619453,9.52988761872798e-05,-0.0003783621847603423,-0.05608703300429547,0.24808687932822113,-0.17369715207616193,0.1546252017014661,4.777357931746176e-10,-3.562502585109048e-10,-0.04433419357808866,0.19383212972838623
59.300000000000004,-0.04919698027728439,0.0648306722773594,-0.209857877666865,0.2901506238024665,-5.827629078730438e-10,5.229742346794091e-10,-0.06590369565484042,0.2945768851956989,-0.1958026607901058,0.23653893514561805,9.066738445986059e-05,-0.00035956784522538847,-0.05531128331692862,0.24418035248982348,-0.17394830418771715,0.15545563709009744,4.90487285831656e-10,-4.0647164566782564e-10,-0.04314904716563534,0.18713546202725487
59.31,-0.04860174743983222,0.06560025406299032,-0.21070380247075818,0.2934424667599738,-5.893980652948088e-10,5.489662827422127e-10,-0.06546846729934709,0.29275170521273,-0.19628658832420767,0.23833724813505755,8.59981006870087e-05,-0.0003408271596431083,-0.05451117798900507,0.24008347002604397,-0.17418390197293368,0.15622644193190635,5.031974920157398e-10,-4.564060005834667e-10,-0.0419452741437717,0.18033475063098703
59.32,-0.04799980836313273,0.06643825861235517,-0.21152034768016717,0.29663309937327303,-5.959786252625161e-10,5.747001686560927e-10,-0.06500400680348288,0.29072522520066757,-0.19674666408223498,0.24004458830940884,8.129301782484206e-05,-0.0003221482725676458,-0.053687129007708126,0.2358005316235584,-0.17440386913017913,0.15693734208807325,5.158613999463241e-10,-5.060309357894483e-10,-0.04072355597553177,0.17343952745548932
59.33,-0.047391074366328646,0.067339771489362,-0.21230719564202244,0.2997199361195375,-6.025020042200553e-10,6.00160790364907e-10,-0.0645105197187705,0.288493017092563,-0.19718271850532934,0.24165981699094022,7.65541287672054e-05,-0.0003035394815159934,-0.05283956688262471,0.23133626137709198,-0.17460813535727007,0.15758795346676568,5.284740287045526e-10,-5.556151513662984e-10,-0.03948458345407981,0.16645926128072358
59.34,-0.04677545070959891,0.06829974586362364,-0.21306403912184058,0.302700139140285,-6.089656731372733e-10,6.253345888509664e-10,-0.06398823221431543,0.2860498908020336,-0.19759459125705384,0.24318185609753254,7.178342498441962e-05,-0.00028501063019087825,-0.051968940173545024,0.22669563874520568,-0.17479663639212864,0.1581777364893435,5.410303855907801e-10,-6.050123784653563e-10,-0.03822905575481413,0.1594033888199606
59.35,-0.04615283710589918,0.06931298827300847,-0.21379058159781922,0.3055703536788764,-6.153670862602013e-10,6.503451217168946e-10,-0.06343739157329979,0.283390875450806,-0.1979821313296756,0.2446097015175489,6.698289509631101e-05,-0.0002665707289647818,-0.05107571498923456,0.22188390451892756,-0.17496931405055605,0.15870656404884706,5.535255432252274e-10,-6.540253740390836e-10,-0.03695767949227293,0.15228128430854537
59.36,-0.045523128241080374,0.07037433927032793,-0.21448653761940084,0.3083261245801262,-6.217037550705784e-10,6.751555511029685e-10,-0.06285826664110608,0.2805127058790575,-0.19834519714290821,0.2459424363943483,6.215452355526182e-05,-0.00024822524308754004,-0.05016037445610804,0.21690669429319345,-0.17512611624099156,0.15917449422958108,5.659545647957474e-10,-7.026654100564194e-10,-0.03567116778841724,0.14510207521424143
59.370000000000005,-0.04488621429828167,0.07147852595249923,-0.2151516331970579,0.3109640762813272,-6.279731891610425e-10,6.996202759161058e-10,-0.062251148181148984,0.27741223848026775,-0.19868365663409504,0.2471792344230956,5.730028952176748e-05,-0.00022997937823156285,-0.04922341815481264,0.21176988643442907,-0.1752669969615546,0.15958159881606654,5.783125794927176e-10,-7.509046916597837e-10,-0.03437023935769323,0.137874780870886
59.38,-0.04424198149162619,0.07262011950962477,-0.2157856061447324,0.3134813440425465,-6.34172938462329e-10,7.237173741986294e-10,-0.06161634920833492,0.27408577015396757,-0.19899738733968172,0.24831935100182537,5.2422165840853935e-05,-0.00021183759777449322,-0.04826536153182542,0.2064795289566566,-0.17539191628968745,0.15992804893060977,5.905947459204059e-10,-7.98732408991692e-10,-0.03305561760504056,0.1306083333497465
59.39,-0.04359031261111531,0.07379363635648017,-0.2163882063828356,0.31587483291685153,-6.403005917798719e-10,7.474228509586771e-10,-0.06095420532685706,0.27053027747208475,-0.1992862764680151,0.2493621340218217,4.7522118039990255e-05,-0.0001938049586366737,-0.04728673529027274,0.20104191666463508,-0.17550084036532576,0.16021405779728706,6.02796269616562e-10,-8.461300128245882e-10,-0.03172802973633991,0.12331147247333217
59.4,-0.042931087570921254,0.07499365629650394,-0.21695919623057572,0.3181418352426018,-6.463537728981626e-10,7.707167847028599e-10,-0.06026507498776065,0.2667446088783315,-0.19955022096270542,0.25030703710827157,4.260210327219674e-05,-0.00017588783197072073,-0.046288084754904646,0.19546367941795312,-0.17559374136846473,0.1604398894219762,6.149123965778167e-10,-8.930870041269742e-10,-0.03038820588994679,0.1159926196042785
59.410000000000004,-0.04226418395616326,0.07621472762346242,-0.2174983506832401,0.3202796585788931,-6.523301484945704e-10,7.935861442055122e-10,-0.059549339617476924,0.262728364962959,-0.19978912755597242,0.2511536103643124,3.7664069198744856e-05,-0.0001580921650307676,-0.04526996920908362,0.18975166122432308,-0.1756705974920941,0.16060584979476178,6.26938415729433e-10,-9.395910221409945e-10,-0.029036878294941202,0.10865996408640191
59.42,-0.04158947756647197,0.07745149848928033,-0.21800545766728727,0.32228605740435773,-6.582274222315311e-10,8.160161157076008e-10,-0.05880740360714686,0.25848325698435604,-0.20000291281182214,0.2519015117320487,3.270995286049809e-05,-0.00014042426372674354,-0.044232961204938255,0.18391301973482121,-0.17573139291110806,0.16071227584116923,6.38869670810413e-10,-9.856310393864463e-10,-0.027674780458397344,0.10132133121725986
59.43,-0.04090684294642143,0.07869888903028464,-0.21848031824594902,0.32415966504714727,-6.640433443291997e-10,8.380004968044402e-10,-0.05803969406241287,0.2540149005218096,-0.20019150315819784,0.2525505224762281,2.774167952234169e-05,-0.00012289126194647113,-0.04317764583994509,0.17795536247130359,-0.17577611774872792,0.16075950895784652,6.507015445139441e-10,-1.0311969011222791e-09,-0.026302646391601202,0.09398401670480533
59.44,-0.04021615389910074,0.07995185234664987,-0.2189227467623866,0.3258994462026843,-6.697757136141741e-10,8.595322298059081e-10,-0.05724666028195032,0.2493301044997157,-0.20035483490767628,0.25310052906671354,2.2761161497750758e-05,-0.00010549969938994865,-0.04210461999916126,0.17188649018149163,-0.17580476804136616,0.16074791438767783,6.624294669212598e-10,-1.076277882006774e-09,-0.02492120987915747,0.0866550085420767
59.45,-0.039517283993717914,0.08120529443643286,-0.21933257094580674,0.32750447340196737,-6.754223690083068e-10,8.806062426820837e-10,-0.05642877309208534,0.24443593456628823,-0.20049285426759816,0.2535515135105545,1.777029719082163e-05,-8.824983977715316e-05,-0.0410144915762583,0.16571429427816425,-0.17581734570137744,0.160677885151985,6.740489238803706e-10,-1.1208646905837864e-09,-0.023531203781069498,0.07934105909455968
59.46,-0.03881010707490292,0.08245410767262133,-0.2197096320000389,0.3289740033657748,-6.809811897671183e-10,9.012136535032161e-10,-0.05558652412926914,0.23933997308626523,-0.20060551735228482,0.25390317051169814,1.2770975178399127e-05,-7.098932588130772e-05,-0.03990787868185826,0.1594468097434757,-0.17581385847737457,0.1605498337788664,6.855554518093527e-10,-1.1649473543103197e-09,-0.022133359360751087,0.07204865581412762
59.47,-0.038094497773705535,0.08369316923906996,-0.2200537846764891,0.33030743598297657,-6.864501169873073e-10,9.213529010877013e-10,-0.05472042508132719,0.234050149027292,-0.20069279024204134,0.25415407790597927,7.765081379900097e-06,-5.371429414957419e-05,-0.03878540883603273,0.15309229750757525,-0.17579431991268918,0.16036418429229432,6.969446225471185e-10,-1.2085168408481344e-09,-0.02072840563868202,0.06478403151421926
59.480000000000004,-0.037370332019999355,0.08491733209056081,-0.2203648973311078,0.3315043429342204,-6.918271278925039e-10,9.410201674965237e-10,-0.05383100688956184,0.22857477680931246,-0.2007546490693562,0.2543039036244654,2.7544969355371252e-06,-3.658270777559744e-05,-0.03764771814926777,0.1466589387297879,-0.17575874930236018,0.16012137799540915,7.082120822705527e-10,-1.251564092371625e-09,-0.019317068772318858,0.057553147308277985
59.49,-0.0366374875564183,0.08612143625671914,-0.22064285196539082,0.3325644474388682,-6.971102382769578e-10,9.602130629907994e-10,-0.05291881891521383,0.22292248805045398,-0.20079108004759222,0.25435315015929827,-2.258910464778269e-06,-1.9611422896414223e-05,-0.03649545050551299,0.14015483153545907,-0.1757071716488682,0.15982186217094438,7.193535217297712e-10,-1.294079324132431e-09,-0.017900071462797845,0.05036169464685914
59.5,-0.03589584445346758,0.08730030817527439,-0.2208875442512349,0.33348764400480746,-7.022975265988331e-10,9.789292450732711e-10,-0.05198442807296889,0.2171022274881211,-0.20080207944007628,0.25430221904494754,-7.27329066765729e-06,-2.7913567330622782e-06,-0.03532925675047567,0.13358809086551882,-0.1756396176170032,0.1594660917691293,7.303646778088137e-10,-1.33605428969523e-09,-0.01647813238850698,0.04321509923765548
59.51,-0.0351452856258767,0.08844875281144686,-0.22109888353901883,0.33427400041125166,-7.073871192353841e-10,9.971645725723694e-10,-0.051028417934271375,0.21112321513504606,-0.20078765351234978,0.25415168555852885,-1.2286811648933819e-05,1.386741246924952e-05,-0.03414979388208956,0.126966788757103,-0.17555612348784772,0.1590545346689706,7.412413493059075e-10,-1.3774786745448545e-09,-0.015051965665287813,0.03611852250449947
59.52,-0.03438569735016072,0.08956156755444422,-0.2212767928488809,0.33492374305785955,-7.123771770991456e-10,1.0149188981459461e-09,-0.050051387803457206,0.20499491319857335,-0.200747818477056,0.2539021507536435,-1.7297660281005145e-05,3.036259067259771e-05,-0.03295772424410607,0.12029895400293263,-0.1754567311119386,0.15858766028328056,7.519793942437482e-10,-1.4183445370547414e-09,-0.013622280333174329,0.029076860817844916
59.53,-0.03361696978274015,0.09063354663911945,-0.221421208846002,0.335437252932782,-7.172659263649558e-10,1.032190424275216e-09,-0.04905395177019712,0.19872698990383134,-0.20068260043124753,0.25355430942033347,-2.230404316448578e-05,4.6689007320307913e-05,-0.031753714724892516,0.11359254347350604,-0.17534148786220122,0.15806593516007392,7.62574716274718e-10,-1.4586422119910851e-09,-0.01218977986961022,0.022094747548281175
59.54,-0.032838997478024656,0.09165948499871841,-0.22153208180052728,0.33581506093121904,-7.220516234152208e-10,1.048979308456022e-09,-0.04803673774166047,0.19232928739052113,-0.20059203528694755,0.25310890913357237,-2.7304187357513166e-05,6.28437974133989e-05,-0.030538435963315527,0.10685542785778433,-0.17521044658719,0.1574898200266367,7.730232931119756e-10,-1.4983634318587745e-09,-0.010755161728947702,0.0151765561730756
59.550000000000004,-0.03205167990608371,0.09263418192273996,-0.22160937553260027,0.33605784262055444,-7.267325886187573e-10,1.0652860276289147e-09,-0.04700038645774042,0.18581178781764468,-0.20047616869524956,0.25256676309408876,-3.2296341039022086e-05,7.882374836624055e-05,-0.029312561563610638,0.10009537129806342,-0.17506366556495395,0.1568597669908038,7.833211462954561e-10,-1.5374988643713458e-09,-0.009319116907910353,0.008326404175224133
59.56,-0.0312549219695317,0.09355244512981076,-0.22165306734367798,0.3361663917428272,-7.3130717957591e-10,1.0811610201004419e-09,-0.04594555049254664,0.17918458415601074,-0.2003350559645764,0.2519287356967101,-3.7278774092838763e-05,9.462663522511937e-05,-0.028076767321017777,0.093320015493327,-0.17490120845780424,0.1561762169420929,7.934643594045939e-10,-1.5760406018290554e-09,-0.007882329536623153,0.0015481575608997974
59.57,-0.03044863451878236,0.0944091096651456,-0.2216631480090775,0.3361392376248387,-7.357737920331385e-10,1.0970003030721578e-09,-0.044872893232132886,0.17245827356520768,-0.20016876197379527,0.2511957348275254,-4.224977854030644e-05,0.00011025313577329487,-0.026831730459773558,0.0865368665848914,-0.17472314426847838,0.15543958949027667,8.034490833422441e-10,-1.613979733188132e-09,-0.0064454764948417365,-0.005154566931728781
59.58,-0.029632734865016813,0.09519902697096244,-0.2216396218746035,0.3359750857561111,-7.401308385248339e-10,1.1124793777540305e-09,-0.04378308782343603,0.1656435084833093,-0.19997736108088743,0.2503687109161198,-4.720766877075495e-05,0.00012570452775818912,-0.025578128885035762,0.07975327586685656,-0.17452954729806613,0.15465028886150775,8.132715281664363e-10,-1.65130837292865e-09,-0.005009227052876425,-0.011778392522583522
59.59,-0.028807147291318315,0.09591705563875019,-0.2215825069162355,0.33567500698597563,-7.443767710500958e-10,1.1274179201283045e-09,-0.0426768161223008,0.1587505606013086,-0.19976093702731013,0.2494486588395695,-5.215078172398361e-05,0.00014098018081899717,-0.024316640450455826,0.07297642300890894,-0.17432049710543862,0.1538087092804048,8.22927955590312e-10,-1.6880185153994544e-09,-0.003574242536465801,-0.0183201741885582
59.6,-0.02797180356209264,0.09655807921191724,-0.22149183466984246,0.3352403874108883,-7.485100923004853e-10,1.1419135369437038e-09,-0.041554767661179055,0.15178964011549267,-0.1995195828383552,0.24843660551528357,-5.707747714139288e-05,0.00015607923910200693,-0.023047942242880117,0.06621330626629428,-0.17409607846796943,0.15291522961601936,8.324147025347822e-10,-1.7241036002744265e-09,-0.0021411760149215578,-0.024776994914314728
59.61,-0.02712664342972475,0.09711701804223066,-0.22136765009884382,0.334672606943444,-7.525293419718004e-10,1.1559268398678593e-09,-0.04041763862846865,0.1447709242012873,-0.19925340072049041,0.24733359654877207,-6.198613793696625e-05,0.0001709978769317747,-0.021772709885430303,0.05947072836553035,-0.17385638134354067,0.1519702187011377,8.417281656254152e-10,-1.7595660625063395e-09,-0.0007106720120491561,-0.031146160926992995
59.620000000000005,-0.026271615137575862,0.09758882902309188,-0.2212100114516649,0.3339731856810332,-7.564331151644002e-10,1.1694880236405246e-09,-0.039266130853577295,0.13770449844577423,-0.19896250196290463,0.24614049159067503,-6.687516625689384e-05,0.0001858764235719326,-0.020491616859032554,0.05275532298750487,-0.1736015008343694,0.15097401292350288,8.508648017617927e-10,-1.794396363283881e-09,0.0007166337606742404,-0.03742519487620984
59.63,-0.025406675918158282,0.09796853659086287,-0.2210189901116531,0.33314366901840237,-7.6022005755512e-10,1.1825942843118117e-09,-0.03810095080059953,0.13060033853185438,-0.1986470069511153,0.24485480559701545,-7.174296684211007e-05,0.00020103795677557846,-0.019205333825574253,0.0460740665164003,-0.1733315371541494,0.14992690019197105,8.598211266807613e-10,-1.828578407397447e-09,0.0021401146495278293,-0.04361182199530433
59.64,-0.024531792485686914,0.09825121068002518,-0.2207946704405643,0.3321856818386161,-7.638888516136978e-10,1.1952558220782918e-09,-0.036922808573776125,0.12346827385401608,-0.19830704531932405,0.24347502920344163,-7.658793751439593e-05,0.00021618908254653941,-0.017914527948298953,0.039433584450506404,-0.17304659560107596,0.14882907678714846,8.685937365108576e-10,-1.862290713259514e-09,0.003559153283541068,-0.0497039656628162
59.65,-0.02364694152413158,0.09843194473826425,-0.2205371496147635,0.331100942870236,-7.674382257667406e-10,1.2074782815402662e-09,-0.03573241693690613,0.11631798522447388,-0.19794275603961234,0.24200227996304674,-8.140848208451004e-05,0.0002311775513503975,-0.01661986224295629,0.03283984992587604,-0.17274678658195278,0.14767926194050723,8.771792376370558e-10,-1.896020323662152e-09,0.004973141786726362,-0.05569951671016983
59.660000000000004,-0.022752110171333544,0.09850588368076497,-0.2202465374532189,0.329891236724052,-7.708669648321071e-10,1.2192686291059087e-09,-0.03453049034845099,0.10915897568513949,-0.19755428736378355,0.24043762333189406,-8.620302176192779e-05,0.00024606802367471985,-0.015321994975397669,0.026298602379723146,-0.172432225699456,0.1464765507298105,8.85574274582372e-10,-1.9292076867461267e-09,0.006381481980766229,-0.061596601745053416
59.67,-0.021847296497535973,0.09846824729432575,-0.21992295635926093,0.32855449780178636,-7.741738549820456e-10,1.2312927172241114e-09,-0.03331774399213009,0.10200127515327241,-0.1971417967150717,0.23878215194680188,-9.096999587787644e-05,0.00026083399916455245,-0.01402157909122786,0.019815334659574625,-0.1721030338165076,0.14522112438367055,8.937755496945528e-10,-1.961593692340249e-09,0.007783585565899562,-0.06739369654311142
59.68,-0.020932509976603536,0.09831433327471796,-0.21956654153116176,0.3270860699689223,-7.77357710283447e-10,1.243124553365215e-09,-0.032094892775851994,0.09485521047205368,-0.19670545058025452,0.23703693594289973,-9.570786116820936e-05,0.00027550203612692513,-0.012719261669878617,0.013395293086370625,-0.1717593370614182,0.14391310540345015,9.017798242397815e-10,-1.993291694631276e-09,0.009178874274657172,-0.07308944622203194
59.69,-0.02000777194975503,0.09803950379843253,-0.21917744120808935,0.3254867609792891,-7.80417352958872e-10,1.2544185352901217e-09,-0.030862650343900212,0.0877298667026811,-0.19624542440221784,0.2352030502077618,-0.00010041509089661766,0.0002900767458723748,-0.01141568340374249,0.0070434650959540004,-0.17140126681449608,0.14255261615587453,9.095839491952812e-10,-2.024227059018267e-09,0.010566780005224886,-0.07868266107273755
59.7,-0.01907311608236398,0.0976391864596881,-0.21875581664966923,0.32375892691791397,-7.833516524591963e-10,1.2653064855641099e-09,-0.02962172816199197,0.08063376666398368,-0.1957619025377621,0.2332794630676294,-0.00010509015651491779,0.0003051302471532694,-0.010111478092186196,0.000764927528306397,-0.17102895969676288,0.14113974924126138,9.171848293573944e-10,-2.054418806586941e-09,0.011946744938371268,-0.08417230973061945
59.71,-0.018128588814656777,0.09710885683041244,-0.21830184195416588,0.3219041799266604,-7.861595198921032e-10,1.2757300643750678e-09,-0.028372834659324962,0.0735752829098881,-0.19525507852607918,0.23125844501720846,-0.00010973149839541842,0.00032069490103830864,-0.008807272109207906,-0.005434367076512229,-0.17064255756006955,0.13967460041202467,9.245794636764349e-10,-2.083852459878221e-09,0.013318221638338054,-0.08955751977156921
59.72,-0.017174249805460253,0.09644409646424476,-0.21781570396282088,0.3199215416307039,-7.888399038711375e-10,1.2862525541227966e-09,-0.027116674383174073,0.06656298288534498,-0.19472515555745226,0.2291378445089634,-0.00011433752710845611,0.00033631158772347704,-0.007503683862101141,-0.01154963452095441,-0.17024220747810057,0.13815725132346868,9.317649181160096e-10,-2.1125234805800416e-09,0.014680673137901699,-0.09483757420311272
59.730000000000004,-0.016210172366380976,0.09564059112653399,-0.21729760265532516,0.3177987431791926,-7.91391749700202e-10,1.2968079440285961e-09,-0.025853947091574344,0.05960722632984449,-0.1941723467057464,0.2269185254704296,-0.00011890664397227136,0.000352027301440779,-0.00620132331421201,-0.017576859134870882,-0.169828061739325,0.13658774163420007,9.387383390347452e-10,-2.1404009932539315e-09,0.016033573008499443,-0.1000118876646051
59.74,-0.015236443884431272,0.09469415728626644,-0.21674775189286222,0.3155319776820573,-7.938140191254904e-10,1.3069303469050252e-09,-0.02458534681037643,0.052716534013979535,-0.1935968749316219,0.22460038669469037,-0.00012343724849879655,0.00036781879483623124,-0.004900791571957756,-0.023512127371355926,-0.16940027785889938,0.13496557351447885,9.454969343864592e-10,-2.1680399340691204e-09,0.01737640541917497,-0.10507992780344826
59.75,-0.014253166231634357,0.09360074822606047,-0.21616637979911263,0.313122856109363,-7.961057009369038e-10,1.316529835226755e-09,-0.023311560986619805,0.04589810113646004,-0.1929989730354641,0.2221845714026175,-0.00012792773999108792,0.00038364043095015076,-0.003602680506799114,-0.029352000584101808,-0.1689590187515031,0.1332859220956906,9.520379345047278e-10,-2.195818994700092e-09,0.018708665207247406,-0.1100406143668098
59.76,-0.013260456160781364,0.09235645500005735,-0.2155537287290115,0.3105722634955529,-7.982658562125658e-10,1.3255862164499899e-09,-0.022033269750332783,0.03915890940717025,-0.1923788835770655,0.21967192725461268,-0.0001323765194772147,0.0003995159077300453,-0.002307572409496103,-0.035093260119553646,-0.1685044530579634,0.13154624729544345,9.583585936060183e-10,-2.2228355896827263e-09,0.020029857960428697,-0.11489333879051858
59.77,-0.012258445686631697,0.09095752644375657,-0.2149100551216598,0.3078825336004379,-8.00293577908524e-10,1.3340932723368907e-09,-0.020751145232310503,0.032505318137383464,-0.191736858781112,0.2170634387783269,-0.0001367819895987923,0.00041543833137456387,-0.001016039673486751,-0.040732974934843215,-0.16803675536725013,0.1297465132642999,9.644562286378982e-10,-2.248932845201213e-09,0.021339500070484303,-0.11963800944882957
59.78,-0.011247282451904882,0.08940035831740216,-0.21423562931705625,0.30505532010571174,-8.021880272602428e-10,1.3420529185539755e-09,-0.01946585092432087,0.025943445362145674,-0.19107316044424158,0.2143600101548294,-0.00014114255416698045,0.00043141578750953717,0.00027135549537531497,-0.04626846706083064,-0.1675561062963625,0.1278858200862987,9.70328243351783e-10,-2.2741690095435284e-09,0.02263711875246968,-0.1242745197880286
59.79,-0.010227130077808103,0.08768150712792086,-0.21353073536724032,0.30209261964543127,-8.039484235769609e-10,1.349463102803867e-09,-0.01817804107686897,0.01947897718275359,-0.19038805984254162,0.21156257273698487,-0.00014545661778425919,0.0004474494999674071,0.0015540613426756336,-0.051697325011116145,-0.16706269254213416,0.12596395802459248,9.759721331730014e-10,-2.2983863719524586e-09,0.023922252047649743,-0.12880298412730654
59.800000000000004,-0.009198168498493774,0.08579769511916058,-0.21279567084937706,0.2989962533245713,-8.055740323990749e-10,1.356323555947477e-09,-0.01688836013362039,0.013117257960007506,-0.18968183764016025,0.20867203010753047,-0.00014972258536902653,0.00046354493483320854,0.0028315368032683684,-0.05701739207077289,-0.1665567069133688,0.12398080385806666,9.813854930864208e-10,-2.321610047738489e-09,0.025194448811941845,-0.13322364125304054
59.81,-0.008160594278684466,0.08374581823296981,-0.2120307466783669,0.29576811981295126,-8.070641860887662e-10,1.3626336278239588e-09,-0.01559744220328559,0.006863242058538008,-0.18895478379879932,0.20568928467594666,-0.00015393886165644013,0.0004797056405945098,0.004103251713374059,-0.062226766986357526,-0.16603834834581702,0.12193621069693748,9.865660184589467e-10,-2.3438029372017733e-09,0.026453268690612583,-0.13753683404280842
59.82,-0.0071146209137744375,0.08152295309483912,-0.21123628692079516,0.2924100632978316,-8.084182596134738e-10,1.36839331995311e-09,-0.014305910568856234,0.0007215166713083799,-0.18820719748828493,0.20261522391276046,-0.00015810385066920233,0.0004959362316712132,0.005368686997332712,-0.06732379770034178,-0.16550782191616045,0.11983004676676147,9.915115095481856e-10,-2.364959746392587e-09,0.027698282082083567,-0.14174301151051844
59.83,-0.006060479111697925,0.07912636390708723,-0.2104126286098467,0.28892393488759655,-8.096357045791292e-10,1.3736012749501345e-09,-0.013014377234354287,-0.005303709056217809,-0.18743938699815627,0.19945072724052437,-0.00016221595518032945,0.0005122408504737193,0.0066273348294079775,-0.07230707811365575,-0.16496533885578046,0.11766217866847954,9.962198657298058e-10,-2.3850587240623e-09,0.028929070091341956,-0.14584272255725758
59.84,-0.004998417055944402,0.07655350730128602,-0.20956012156180986,0.28531155852883716,-8.107159983870761e-10,1.3782568518152849e-09,-0.011723442508945137,-0.011208596527178358,-0.18665166965029176,0.19619666317317283,-0.00016627357617141964,0.0005286236340430031,0.007878698771081242,-0.07717544300168952,-0.16441111656406288,0.11543248140148306,1.000689101007711e-09,-2.4040859875836642e-09,0.03014522447326826,-0.14983661460832767
59.85,-0.003928700649287711,0.0738020345377752,-0.20867912819416964,0.2815747461919728,-8.11658705123154e-10,1.3823591058712708e-09,-0.010433694628261825,-0.016989677808013092,-0.18584437171249388,0.1928538920029111,-0.00017027511233394692,0.0005450874168065704,0.009122293884276014,-0.08192796396598186,-0.16384537862153176,0.11314082347730241,1.0049173261533808e-09,-2.4220264270107068e-09,0.031346347566166964,-0.15372543063628122
59.86,-0.0028516137375799505,0.07086980618846009,-0.20777002334557834,0.27771528593269335,-8.124634269540651e-10,1.3859057452872759e-09,-0.009145709412616368,-0.022643849979167935,-0.18501782831298913,0.18942326471542614,-0.0001742189596172995,0.0005616354096320942,0.010357646820988078,-0.08656394356719946,-0.16326835480281318,0.1107870841857673,1.0089027664168517e-09,-2.438867554547795e-09,0.03253205221584197,-0.1575100039325077
59.870000000000005,-0.0017674583125956882,0.06775489995049168,-0.20683319409791184,0.2737349445318278,-8.131298254159933e-10,1.3888945969695578e-09,-0.007860049961736648,-0.028168371888250766,-0.18417238335579716,0.18590562438375396,-0.00017810351075557326,0.0005782715523746803,0.01158429588989726,-0.09108290922595763,-0.16268028108856394,0.10837116361913686,1.0126437628415192e-09,-2.4545942236942495e-09,0.03370196169059241,-0.1611912555539582
59.88,-0.0006765546931147955,0.06445561495519725,-0.20586903960059513,0.2696354649212543,-8.13657625734131e-10,1.391322944258337e-09,-0.0065772663856074115,-0.0335608592201262,-0.18330838943689776,0.18230180685780664,-0.00018192715474058083,0.0005949999427800874,0.012801791100556483,-0.09548460756263255,-0.1620813996756757,0.10589297799756617,1.0161387536480414e-09,-2.4691916398327152e-09,0.03485570958738514,-0.1647701932831461
59.89,0.0004207583162822121,0.060970477405985476,-0.20487797089724685,0.2654185668908204,-8.140465983906935e-10,1.393186455259164e-09,-0.005297895570929648,-0.03881927888942427,-0.18242620776108906,0.17861264222251458,-0.00018568827626575448,0.0006118247466391412,0.014009694185735192,-0.09976899854536242,-0.1614719589857819,0.10335245978470509,1.0193863061071487e-09,-2.4826458585903805e-09,0.035992939729382736,-0.16824790934352668
59.9,0.0015241232891743718,0.05729824443333282,-0.20386041075465344,0.26108594716135364,-8.142965803817623e-10,1.3944815115623858e-09,-0.004022460982607745,-0.043941942227435714,-0.18152620805939873,0.1748389564812888,-0.0001893852551614112,0.0006287500459371245,0.015207578602489497,-0.10393624980013383,-0.16085221367211797,0.10074955876623752,1.0223850900021789e-09,-2.4949416011482836e-09,0.03711330605504076,-0.1716255780573638
59.910000000000004,0.002633164064485506,0.053437909654803224,-0.20281679349403725,0.25663927986589635,-8.144074570196219e-10,1.3952027296204069e-09,-0.0027514724995967646,-0.04892749798115391,-0.18060876850688973,0.1709815730375841,-0.00019301646583063593,0.0006457798498045919,0.016395029512539933,-0.10798673051272298,-0.16022242462462802,0.09808424367984359,1.0251338988931248e-09,-2.506065376283656e-09,0.038216472499007594,-0.1749044536207941
59.92,0.003747485657371868,0.049388707764404696,-0.20174756482457068,0.2520802172175775,-8.143791875189348e-10,1.3953451877623787e-09,-0.0014854262843938051,-0.0537749246362633,-0.17967427564070063,0.1670413143884763,-0.0001965802766894185,0.0006629180650947784,0.017571643742562783,-0.11192100532572241,-0.15958285897315788,0.09535650406812032,1.0276316344649625e-09,-2.5160021901670235e-09,0.03930211286504874,-0.17808586795247353
59.93,0.004866674194289658,0.04515011915527884,-0.2006531816790593,0.24741039055044528,-8.142117710877631e-10,1.3949023913815135e-09,-0.000224804685403453,-0.058483522351637514,-0.17872312427815215,0.16301900387885862,-0.00020007504961276352,0.0006801684899848998,0.018737029725006276,-0.11573982810015816,-0.15893379008855515,0.09256635204706308,1.029877330248885e-09,-2.5247389272370775e-09,0.040369910691213026,-0.18117122861521398
59.94,0.005990296872677861,0.040721874054851816,-0.1995341120516875,0.24263141160146018,-8.139052817022278e-10,1.3938691897135329e-09,0.0010299238286350192,-0.06305290444303845,-0.1777557174347412,0.15891546757160102,-0.00020349913938795316,0.0006975347971289407,0.019890807420056954,-0.11944413562794035,-0.15827549758149584,0.089713824102618,1.0318701251406829e-09,-2.532261636496592e-09,0.04141955910744749,-0.18416201679628075
59.95,0.007117901945666133,0.03610395641581019,-0.1983908348376918,0.23774487405795622,-8.134598316838404e-10,1.3922389101441952e-09,0.0022783047030136825,-0.06748298851874833,-0.17677246624183376,0.15473153618216348,-0.0002068508931768608,0.0007150205229767663,0.021032608219386337,-0.12303504127514933,-0.15760826729885932,0.08679898284825661,1.033609299356491e-09,-2.538557474839375e-09,0.04245076068586413,-0.1870597853296338
59.96,0.008249018732181267,0.03129660743067635,-0.19722383967480536,0.2327523553154242,-8.128756197728136e-10,1.3900064863421793e-09,0.0035198973011058214,-0.07177398728686357,-0.175773789863862,0.1504680470800889,-0.00021012864998839827,0.0007326290550290135,0.022162074832313704,-0.1265138285829069,-0.1569323913174734,0.08382191876947602,1.0350942251596478e-09,-2.543613643949425e-09,0.043463227283856834,-0.1898661567503106
59.97,0.009383157650506095,0.026300254546216126,-0.19603362678526912,0.22765545156044617,-8.121528930122395e-10,1.3871715964133905e-09,0.004754274879696169,-0.07592637724410238,-0.17476011541401776,0.14612587244839814,-0.00021333074018246363,0.0007503629787579644,0.023278861154592056,-0.12988195889082735,-0.1562481679340028,0.0807827860544147,1.0363244301915296e-09,-2.5474417100629923e-09,0.04445667988103556,-0.192582796362468
59.980000000000004,0.010519810211998574,0.021113571037376797,-0.19482070678970928,0.2224566503960258,-8.112919520209416e-10,1.3837621138957064e-09,0.005981024555391392,-0.07994031317325771,-0.1737318778457457,0.14170660834088425,-0.00021645548555215732,0.0007682076703431005,0.02438263210832715,-0.13314143517542743,-0.1555559016045077,0.07768324987331011,1.0372995298627837e-09,-2.5503270495848324e-09,0.045430848422991575,-0.19521103512869736
59.99,0.011658448863296724,0.015732999063255888,-0.19358560044445097,0.21715948133873567,-8.102931571277127e-10,1.3799447520730188e-09,0.007199747282883584,-0.08381591189201872,-0.17268951977490335,0.13721291686407422,-0.0002195012004178438,0.0007861442645062343,0.025473063445881235,-0.1362944443474617,-0.15485590255010348,0.07453333535287653,1.0380192479255202e-09,-2.5527032117266263e-09,0.046385471572556965,-0.19775570975646392
60.0,0.012798526578454506,0.010151547145981994,-0.1923288381784938,0.2117717270318811,-8.091568791255731e-10,1.3767135715340826e-09,0.008410057760789855,-0.08755590261094512,-0.17163349099636724,0.13265519165272385,-0.00022246619338930435,0.0008041507249867441,0.026549841468870298,-0.13934527815859596,-0.15414848582301785,0.07134620743663928,1.0384833446084518e-09,-2.5548248890890803e-09,0.04732029624303484,-0.2002233274205749
60.01,0.013939476280722134,0.00436358853456752,-0.19105095927629565,0.2063051744721673,-8.078834564360931e-10,1.3736746639691037e-09,0.009611584134817277,-0.09116542090708327,-0.17056424762138328,0.12804306175897892,-0.0002253487747475743,0.0008220305875377114,0.02761266263178495,-0.14229847731878928,-0.1534339701794313,0.06813091733100834,1.0386916358290534e-09,-2.5562924333607496e-09,0.04823507705043775,-0.20261810045835252
60.02,0.015080710407607202,-0.0016318764718133373,-0.18975251100087195,0.20076441542620735,-8.064732191278986e-10,1.370232664708763e-09,0.010803967608224751,-0.09464707989446246,-0.16948225119002036,0.12338323780767091,-0.0002281472652936502,0.0008398200862152087,0.02866123312242589,-0.14515758670992146,-0.15271267714042355,0.06489499445618954,1.038643974174084e-09,-2.5572923968051897e-09,0.049129575851190606,-0.2049440706395617
60.03,0.016221620747412673,-0.007835329539154084,-0.18843404792284885,0.19515631758126786,-8.049265008161835e-10,1.3673698436906753e-09,0.011986862108791145,-0.09800415673006042,-0.16838796789335514,0.11868403304473847,-0.00023086000272994525,0.000857373759393997,0.029695268457474302,-0.14792709657635444,-0.15198493026599214,0.06164413250135764,1.0383402848589583e-09,-2.557567977599e-09,0.05000356136278295,-0.20720433124130475
60.04,0.0173615784386095,-0.014245762567370047,-0.18709613125486008,0.18948853786703054,-8.032436074833595e-10,1.364304586507126e-09,0.013159933943395206,-0.10124088262309794,-0.16728186794233788,0.11394831104586699,-0.0002334853516536302,0.0008745702809221018,0.03071449311435252,-0.15060944700677148,-0.1512510546707237,0.058380106634551086,1.0377805592540726e-09,-2.556972060759634e-09,0.050856808868588614,-0.2094008745648579
60.050000000000004,0.018499934124246473,-0.02085985764853442,-0.18573932828155695,0.18376291481753784,-8.014248784838218e-10,1.36059427553034e-09,0.014322861450810697,-0.10435959547914536,-0.16616442517958913,0.1091787575199821,-0.00023602170814623303,0.0008915411701897963,0.0317186402411559,-0.1532072244991948,-0.15051137668464049,0.055107432744161286,1.0369648645667238e-09,-2.555894316226202e-09,0.051689099963580766,-0.2115367354227369
60.06,0.019636018249602642,-0.02767429491052155,-0.184364212063499,0.1779812164981896,-7.994706815560753e-10,1.356449106589321e-09,0.015475334734111211,-0.10736247224367815,-0.16503611666882545,0.10438255425715676,-0.00023846749834628898,0.0009081925029485689,0.03270745134530087,-0.15572478562506772,-0.14976622347776974,0.05182992457106718,1.0358933302908522e-09,-2.553972085490908e-09,0.05250022228239261,-0.21361455636099325
60.07,0.020769141408890603,-0.03468563981425564,-0.18297136118536167,0.1721476104288476,-7.97381431613147e-10,1.352464008418884e-09,0.016617055407827017,-0.11025268213676075,-0.16389742219850484,0.0995625815067435,-0.00024082118399695453,0.0009244025724187263,0.03368067594213742,-0.15816485912926403,-0.14901592275748113,0.048548407174079745,1.034566162358422e-09,-2.551099701581016e-09,0.05328996925294555,-0.215636112447398
60.08,0.021898594732819264,-0.04188931720727589,-0.18156135932476902,0.16626828051203582,-7.951575376910493e-10,1.348269844049079e-09,0.017747736267966555,-0.11303440980374677,-0.1627488239742674,0.09471960684429362,-0.00024308127064386173,0.0009401527139139333,0.0346380712644242,-0.16052967334240154,-0.14826080263006672,0.04526361510865323,1.032983673571603e-09,-2.5472894499955262e-09,0.054058139899689495,-0.21760321003155425
60.09,0.02302365037092286,-0.049279573484969315,-0.18013479479420064,0.160345519701715,-7.927994518818601e-10,1.3433938740704864e-09,0.018867100926745834,-0.11571072443990783,-0.16159080648835264,0.08985479629689927,-0.0002452463109212943,0.0009554363621770829,0.03557940201877746,-0.16282177796307776,-0.14750119153535549,0.041975973722347806,1.0311462526409926e-09,-2.54254589504728e-09,0.05480453866194728,-0.21951767096325303
60.1,0.02414356206769913,-0.056850219144218596,-0.17869226027717405,0.15438025988914064,-7.903076593006638e-10,1.3379323992247203e-09,0.01997488349480725,-0.11828429293192871,-0.16042385640138485,0.08496962874079629,-0.0002473149032338219,0.0009703105683997875,0.03650444013187165,-0.16504386203640897,-0.1467374181243385,0.03868830685362296,1.029054392420448e-09,-2.5371615546527814e-09,0.05552897519379603,-0.22138187146750482
60.11,0.02525756578784326,-0.06459491476862378,-0.17723435268694332,0.14837412995671037,-7.876827186707689e-10,1.3318131699682806e-09,0.021070828293597618,-0.12075816369427131,-0.15924846228817774,0.08006923225066652,-0.0002492856888547782,0.0009847738628428692,0.03741296445414009,-0.16719956417692586,-0.1459698110339904,0.03540312883547015,1.026708648620063e-09,-2.530870327210305e-09,0.05623126413767917,-0.22319814303705532
60.120000000000005,0.02636488037137662,-0.07250686333743188,-0.17576167302657159,0.14232846890473325,-7.849252639476669e-10,1.325046941862853e-09,0.022154689560333226,-0.12313527227690937,-0.15806511427365097,0.0751562551324896,-0.0002511573540177903,0.0009987155345223696,0.038304760432614604,-0.16929191634883128,-0.14519869868932336,0.03212103127891165,1.024109663842574e-09,-2.5235406766363874e-09,0.056911224906936966,-0.22496824463720821
60.13,0.027464708227405134,-0.08057883601370641,-0.17427482624529253,0.13624475209958195,-7.820359723198077e-10,1.317619593530847e-09,0.02322623114581862,-0.12541872395345446,-0.15687430377859254,0.07023141797099751,-0.0002529286364644543,0.0010120926674739726,0.03917961981221907,-0.17132339184593534,-0.14442440920882704,0.02884252996239996,1.0212581899668613e-09,-2.515249555522228e-09,0.057568681497992505,-0.22669391977628786
60.14,0.028556236072220038,-0.08880314097041558,-0.1727744210866141,0.13012468813771916,-7.790155846667146e-10,1.3097560834965015e-09,0.02428522619813909,-0.12761188426012635,-0.1556765233942884,0.06529593666935818,-0.00025459832966130875,0.0010248994393524658,0.04003734037422512,-0.17329654237376432,-0.14364727035223707,0.025568120370855502,1.0181550776599194e-09,-2.5059391535873143e-09,0.058203462312322804,-0.22837698697020234
60.15,0.02963863571492523,-0.09717155236254794,-0.17126106983975412,0.12397265592732926,-7.75864896225983e-10,1.3015886736563611e-09,0.02533145680583619,-0.12971890563625413,-0.15447226678059944,0.06035070741709508,-0.0002561652841777091,0.001037119159371569,0.040877725680632936,-0.17521396292540298,-0.14286760947172994,0.022298267448279036,1.0148012674373692e-09,-2.495607924291555e-09,0.058815399977701556,-0.23001917694723045
60.160000000000004,0.03071106489306886,-0.1056753624447538,-0.1697353880043281,0.11779142138842402,-7.725847349636101e-10,1.292769397057874e-09,0.02636471360993652,-0.13174352632251077,-0.15326202856737425,0.05539671191561887,-0.00025762840863489803,0.00104874250128501,0.041700584813370384,-0.17707829773216127,-0.142085753465457,0.019033421384565777,1.0111978095331696e-09,-2.4842504986678952e-09,0.05940433117258463,-0.23162221248409548
60.17,0.03177266815446794,-0.11430546630337986,-0.16819799403405913,0.11158205997691933,-7.691759893102142e-10,1.2831985128715664e-09,0.02738479543379348,-0.13368906985588166,-0.152046304259633,0.050434876661756146,-0.0002589866705021215,0.0010597601785988168,0.04250573211140703,-0.1788921518482564,-0.1413020287326651,0.015774023076237008,1.0073458597341348e-09,-2.4718679663074127e-09,0.05997009645234808,-0.23318782787598155
60.18,0.03282257779383392,-0.12305191369104003,-0.1666495091872187,0.10534592466130174,-7.656396206077045e-10,1.2729242284123637e-09,0.028391508921567863,-0.13555950958241497,-0.15082559013949848,0.045466266068033785,-0.0002602390967306478,0.0010701633014884731,0.04329298692501121,-0.1806576077596181,-0.1405167611310308,0.012520465190943363,1.0032466673417268e-09,-2.458458228858089e-09,0.06051254005348955,-0.234718458931676
60.19,0.03385991488633564,-0.13190320733325855,-0.16509055740531403,0.09908408958434885,-7.619766681198209e-10,1.2619256810197807e-09,0.029384668115051037,-0.1373600431275352,-0.14960038315592541,0.04049215347683277,-0.00026138477436086805,0.0010799432128175282,0.04406217343657995,-0.18237545403480362,-0.13973027594117937,0.009272989777464496,9.989015885809894e-10,-2.4440223821420965e-09,0.06103150961029684,-0.23621824824104237
60.2,0.034883790442679814,-0.14084691730753565,-0.16352176519766226,0.0927977050992097,-7.581882316346336e-10,1.2502262216226672e-09,0.030364093933558493,-0.13909663460238142,-0.14837118074708172,0.03551557068118705,-0.00026242284926452584,0.0010891511750194813,0.044813120568355284,-0.18404607079438254,-0.13894289782613525,0.006032273904373934,9.943120723761832e-10,-2.428687191367594e-09,0.06152685574019057,-0.23769241378251682
60.21,0.03589330664780221,-0.14987037501721914,-0.16194376152691098,0.08648794590799447,-7.542754808509784e-10,1.2378241405229632e-09,0.03132961359266856,-0.14077521970000947,-0.14713848055788079,0.030539998188205002,-0.0002633525255004904,0.00109772248367325,0.04554566193301777,-0.18566993315310928,-0.13815495073637704,0.0028001563521227527,9.89479675695526e-10,-2.412420791766518e-09,0.061998431537772646,-0.2391463183230918
60.22,0.036887558145526314,-0.15896038753504238,-0.16035717769152263,0.08015599588317912,-7.502396706815497e-10,1.224733334668728e-09,0.03228106000490957,-0.1424018747222044,-0.14590278015630864,0.02556711114964384,-0.00026417306861081184,0.0011056117923628598,0.04625963580466173,-0.18724696740588467,-0.1373667577822543,-0.00042260474370423923,9.84406022781437e-10,-2.3951289287451403e-09,0.0624460920422553,-0.2405852678815952
60.230000000000004,0.03786563335060168,-0.16810385089011604,-0.1587626472035059,0.07380316092716993,-7.460820965671443e-10,1.2109631871331912e-09,0.03321827118422799,-0.14398234943096827,-0.1446645768414131,0.020598215511855776,-0.0002648838092593194,0.001112805976761694,0.046954885108227484,-0.1887773197332443,-0.1365786411511868,-0.0036357177402417513,9.79092876130879e-10,-2.3768191307824993e-09,0.06286969372205385,-0.24201401263353636
60.24,0.03882661577274123,-0.17728744940493768,-0.15716080565885931,0.06743078017135899,-7.418041399093652e-10,1.1965234963999882e-09,0.03414108966582279,-0.14552233217333393,-0.1434243675008714,0.015634756450643616,-0.0002654841452250316,0.0011192813209587136,0.04763125740635693,-0.19026121875570481,-0.13579092206141233,-0.006838638184344083,9.735420668863437e-10,-2.357499005221834e-09,0.06326909399007039,-0.2434372369567777
60.25,0.03976958536012232,-0.18649750168160784,-0.1555522906035624,0.06104020422814084,-7.374072455232938e-10,1.1814248087130432e-09,0.035049361931976386,-0.1470276267886112,-0.1421826484713599,0.01067810106418955,-0.00026597354256439784,0.001125037346253187,0.048288604883184705,-0.19169872080609665,-0.1350039207155271,-0.010030921747124706,9.677555386842218e-10,-2.3371788238662195e-09,0.06364415072938759,-0.24485975089354747
60.26,0.04069361985011235,-0.19572079527569916,-0.15393774139287905,0.054632959598236906,-7.328929171958993e-10,1.165684794109396e-09,0.035942937854262495,-0.14850336127469943,-0.14093991540021733,0.0057296093133303964,-0.00026635153609394095,0.0011300652944821704,0.048926784315203996,-0.193090527173843,-0.13421795624717622,-0.013211904528385632,9.617353366637334e-10,-2.3158605543753045e-09,0.06399472184164831,-0.2462854706580846
60.27,0.04159779612891504,-0.2049432947307069,-0.15231779903815668,0.048210688059328294,-7.282627279400557e-10,1.149312290305336e-09,0.036821670184613554,-0.149954088295664,-0.1396966631119197,0.0007905456729858952,-0.00026661772997593937,0.0011343523349564499,0.04954565699511681,-0.19443794405200407,-0.13343334665630843,-0.016380840102957105,9.554836039397765e-10,-2.2935606526683303e-09,0.064320664872068,-0.24771717925902292
60.28,0.042481191685432455,-0.21414891161349936,-0.1506931060414455,0.04177512773033485,-7.235183161559165e-10,1.1323167109699786e-09,0.0376854140969494,-0.1513840775219313,-0.13845338547973196,-0.004137836545853103,-0.0002667717987344898,0.0011378832970245663,0.050145088602031006,-0.1957426367800402,-0.13265040873381603,-0.01953691176695868,9.490025741376588e-10,-2.2702822001634327e-09,0.064621836832445,-0.24915363150048922
60.29,0.04334288617506434,-0.22332179152859,-0.14906430620609393,0.03532856570312772,-7.186613650965693e-10,1.1148625904224186e-09,0.038534026792223904,-0.1527963685812722,-0.1372105753037428,-0.009054412507828551,-0.0002668134882154906,0.0011406485493369322,0.05072494900130427,-0.19700758797258242,-0.13186945797469563,-0.02267909713478501,9.422945901727036e-10,-2.246037035879184e-09,0.06489809440768707,-0.25058833001743336
60.300000000000004,0.04418196302367253,-0.2324457021875993,-0.14743204437148283,0.02887480558088549,-7.13693614241505e-10,1.0969699356540865e-09,0.03936736717116003,-0.15419396082777756,-0.13596872419509498,-0.013958046042469256,-0.0002667426164200262,0.0011426345634485966,0.05128511196400258,-0.19823604708323503,-0.13109080847684923,-0.025806283044979953,9.35362082319609e-10,-2.2208366542431525e-09,0.0651492945435497,-0.25201341076660294
60.31,0.04499751108017118,-0.24150327343105712,-0.14579696609761805,0.022416496556753325,-7.086168488509604e-10,1.0784813227024295e-09,0.04018529551817274,-0.1555803462876171,-0.13472832245921385,-0.0188475050355757,-0.0002665590742922837,0.0011438328186864704,0.05182545487292785,-0.19943042909946432,-0.13031477283409423,-0.02891744597214327,9.282075769302824e-10,-2.1947002443073124e-09,0.0653752952085975,-0.25342091563690483
60.32,0.0457886263012378,-0.250478138272154,-0.14415971739969197,0.01595554425519492,-7.034329080365254e-10,1.0593786568936758e-09,0.040987673189338075,-0.15695812579898585,-0.13348985897621687,-0.02372162740523132,-0.0002662628262559085,0.001144237621525651,0.052345858445643816,-0.2005937640205852,-0.1295416620296111,-0.032011491916930014,9.208337007621194e-10,-2.1676415068037754e-09,0.06557595618667969,-0.2548029251386655
60.33,0.04655441340687244,-0.25935397790455733,-0.14252094453264702,0.009494161969771361,-6.981436961199987e-10,1.0396802449570584e-09,0.041774362348574,-0.1583294504783217,-0.1322538210834347,-0.028579269441704778,-0.000265853910614345,0.0011438412434798767,0.05284620643072917,-0.20172950141386145,-0.12877178532462064,-0.03508722829765314,9.132431560096653e-10,-2.139652236219291e-09,0.06575113992026742,-0.2561498719176787
60.34,0.04729398752564097,-0.26811406900826895,-0.14088129377875017,0.0030344483715056578,-6.927511772864652e-10,1.0193873437842263e-09,0.04254522574243941,-0.15969651222897102,-0.1310206944590223,-0.033419249058994835,-0.00026533243986277187,0.0011426402467939274,0.053326385276539934,-0.2028409184580427,-0.12800545014137463,-0.03814348169613125,9.054387537074556e-10,-2.1107643954083287e-09,0.06590071244794476,-0.257451751709237
60.35,0.04800647584222224,-0.2767422104299367,-0.1392414112334426,-0.0034214562462332137,-6.872573628345499e-10,9.985101350591328e-10,0.043300126476071954,-0.16106169113824412,-0.1297909630026682,-0.03824034021835193,-0.00026469860070522136,0.0011406343275120988,0.0537862838113452,-0.2039309326289695,-0.12724296194845564,-0.04117918645007654,8.974233858054863e-10,-2.0810168444062392e-09,0.06602454433340035,-0.2587005914892439
60.36,0.04869101921144849,-0.2852226896643787,-0.13760194259177438,-0.009871424426120354,-6.816643326455786e-10,9.77058178828739e-10,0.044038927781415445,-0.16242729227376734,-0.12856510871305457,-0.04304130686090765,-0.0002639526538749002,0.0011378231532235535,0.05422579296660591,-0.20500175120055067,-0.1264846241531264,-0.04419332117392873,8.892000333258823e-10,-2.0503957448423177e-09,0.0661225114772602,-0.2598892458624693
60.370000000000005,0.04934677375051146,-0.2935393652879221,-0.13596353293092991,-0.01631320869090131,-6.759742162312908e-10,9.550386640439027e-10,0.0447614928104224,-0.16379481356045233,-0.1273436115667551,-0.04782100387910536,-0.0002630949340675071,0.0011342028649617116,0.05464480558974126,-0.20605405024645082,-0.12573073799207304,-0.047184673308295025,8.807717595823357e-10,-2.0188849902890033e-09,0.06619449595067252,-0.26100724256973357
60.38,0.0499729124588224,-0.30167555428808424,-0.13432682648557603,-0.022744513242890133,-6.701892078225828e-10,9.324687451470432e-10,0.0454676844827316,-0.16516532985706295,-0.12612694940272842,-0.052578328462200105,-0.0002621258498531098,0.0011297752610906976,0.05504321639253262,-0.20708701703289942,-0.12498160241352271,-0.05015202890050967,8.721417232473216e-10,-1.9865383606462503e-09,0.06624038698371947,-0.26204388843995174
60.39,0.05056862685216564,-0.3096152334296019,-0.13269246641963467,-0.02916308086735714,-6.643115447249611e-10,9.093627076509983e-10,0.04615736535430219,-0.16654043271282362,-0.12491559778226478,-0.05731125669007378,-0.00026104588435303845,0.0011245093400666635,0.0554209219960036,-0.20810007650694226,-0.12423751396199136,-0.05309438408294405,8.633131554481703e-10,-1.9534087770917816e-09,0.06626008193878145,-0.2629914624287246
60.4,0.05113312856371526,-0.31734272488530857,-0.13106109459983278,-0.035566681328641506,-6.583435194586046e-10,8.857385049487881e-10,0.0468303974547128,-0.16792217432829187,-0.12371002978614866,-0.06201717731080352,-0.0002598555958819394,0.0011184256158048292,0.055777821043397124,-0.20909102241078517,-0.1234987666779208,-0.056010882408093564,8.542893776965452e-10,-1.9195199766192912e-09,0.06625348707832977,-0.2638442910586811
60.410000000000004,0.051665650895281814,-0.3248429690307355,-0.12943335137125472,-0.041953081478000497,-6.522874859475493e-10,8.616049461237378e-10,0.04748664209808902,-0.16931239472377743,-0.12251071580084574,-0.06669465276025162,-0.0002585556166515043,0.0011115480187079965,0.05611381441548804,-0.21005679347104964,-0.12276565200721896,-0.05890061837419902,8.450737767030073e-10,-1.8847666327856403e-09,0.06622051821382281,-0.2645953756766703
60.42,0.05216545034783543,-0.33210034820454015,-0.12780987533282478,-0.048320033391662666,-6.461458331344475e-10,8.369825735600641e-10,0.04812595969916583,-0.17071281479162073,-0.12131812336136692,-0.07134257959148897,-0.000257146651132965,0.001103874940499049,0.05642880550589389,-0.21099479774095545,-0.12203845870285276,-0.06176241358189348,8.356698356578413e-10,-1.8492032995144148e-09,0.06616110153077431,-0.26523282180203916
60.43,0.052631808165038756,-0.3390993013341236,-0.12619130310992926,-0.054665221986138296,-6.399210084319831e-10,8.118865301643014e-10,0.048748209622794185,-0.17212440130637746,-0.12013271703082411,-0.07595975726407478,-0.0002556294752133734,0.0010954170800835277,0.05672270043988377,-0.21190407086534643,-0.12131747272086812,-0.06459537741137822,8.260811079832722e-10,-1.8129466040402053e-09,0.06607517457861595,-0.265748079914921
60.44,0.0530640318407694,-0.3458256818671326,-0.12457826912287923,-0.060986314187537735,-6.336155031710446e-10,7.863445731161579e-10,0.04935325007776681,-0.17354797043736864,-0.11895495828383905,-0.08054505154991846,-0.00025400493536994356,0.0010861792365087317,0.05699540822329918,-0.21278300961146335,-0.12060297713765211,-0.06739902181280147,8.163112148020386e-10,-1.7760031349240198e-09,0.06596268702601417,-0.26613798330916244
60.45,0.053461456521627725,-0.3522664274309976,-0.12297140535532508,-0.06728104691963298,-6.272318462706203e-10,7.603718861050502e-10,0.049940938011854216,-0.1749850260816104,-0.11778530538858555,-0.08509723970457418,-0.00025227394773460094,0.001076173683140627,0.05724684096240155,-0.2136276937906817,-0.1198952520676771,-0.07017204619617794,8.063638631260358e-10,-1.7382350086341615e-09,0.06582360113546881,-0.2663977099652835
60.46,0.05382344632299535,-0.35840861825941106,-0.12137134112854753,-0.07354724669887659,-6.207726174791247e-10,7.339891971378651e-10,0.05051112898133773,-0.17643689728935558,-0.1166242132861632,-0.0896151112058138,-0.0002504374969970767,0.0010654139426497203,0.05747691420543409,-0.21443437650227715,-0.11919457453847938,-0.07291280691982874,7.96242830815036e-10,-1.6996240339097427e-09,0.06565789234706378,-0.2665181074978862
60.47,0.05414939562353993,-0.36423909284592104,-0.11977870288228025,-0.07978276293297898,-6.142404384675557e-10,7.072118564888139e-10,0.0510636770825699,-0.1779027439975481,-0.11547213347089605,-0.09409752225094827,-0.00024849663514665376,0.0010539129324315583,0.057685547271937254,-0.21520091568382121,-0.11850121835852756,-0.07562049889280685,7.859519746356294e-10,-1.6603333069291384e-09,0.0654655500720878,-0.26649121301551987
60.480000000000004,0.05443873035584578,-0.36974509360366714,-0.11819411395830884,-0.08598544028603372,-6.076379573388933e-10,6.800581235602889e-10,0.051598435026018234,-0.17938069289957506,-0.11432951387605741,-0.09854339008873178,-0.00024645248000359555,0.001041688936230924,0.057872663474061906,-0.2159259925053442,-0.11781545403350001,-0.07829476331717508,7.754952261986032e-10,-1.6204102347002168e-09,0.06524657839648283,-0.26631285406589267
60.49,0.05469090924356516,-0.37491508692986,-0.1166181943874568,-0.09215322533275012,-6.009678728366432e-10,6.525486151657038e-10,0.052115254318712764,-0.18086840118969907,-0.11319679876315557,-0.10295160668966383,-0.00024430621341620676,0.0010287626793668999,0.05803819025900724,-0.2166085014715259,-0.11713754872132946,-0.08093524660967498,7.648765748992596e-10,-1.5798423306160844e-09,0.06500099656370958,-0.2659791801017847
60.5,0.05490542493886584,-0.37973853650625283,-0.1150515606808291,-0.09828404181502985,-5.942329069207928e-10,6.247037905073514e-10,0.05261398545667028,-0.1823646168576764,-0.1120744286104897,-0.1073210412431135,-0.0002420590793518607,0.0010151538908492622,0.058182059403191856,-0.21724479436929595,-0.11646776619558066,-0.08354157089113448,7.541000818890152e-10,-1.5386303223625286e-09,0.06472883938908548,-0.26548562126133785
60.51,0.055081805066576776,-0.38420553446880684,-0.11349482562412884,-0.10437588350500332,-5.874358247456103e-10,5.965299539603668e-10,0.053094478104903226,-0.1838670467322635,-0.1109628400005348,-0.11165057688047685,-0.00023971238193716356,0.0010008865585612438,0.05830420732436516,-0.21783133520944806,-0.11580636680804067,-0.08611336807503268,7.431698728693732e-10,-1.4967576577446706e-09,0.06443015770501033,-0.2648275530281052
60.52,0.05521961320762469,-0.38830648121373534,-0.11194859807718457,-0.11042681462811334,-5.805794164267717e-10,5.680441313054827e-10,0.05355658132282507,-0.18537289523984368,-0.10986246550875681,-0.1159391346198348,-0.0002372674834357695,0.0009859811240804676,0.058404575415921624,-0.21836531859119512,-0.1151536074501571,-0.0886502323976742,7.320901363367463e-10,-1.4542245395199308e-09,0.06410501884428646,-0.2639996650300538
60.53,0.055318449833104945,-0.3920324666535238,-0.11041348277915573,-0.11643492481882442,-5.736665078629171e-10,5.392585093163484e-10,0.05400014381947779,-0.18687987161612696,-0.10877373359565254,-0.12018566977747541,-0.00023472580237045526,0.0009704567997264798,0.058483110316500615,-0.21884479700853093,-0.11450974151994375,-0.09115198894808202,7.208651311680045e-10,-1.4110976647058792e-09,0.06375350708903511,-0.26299889470108306
60.54,0.055377953172630695,-0.39537539598890686,-0.10889008015743284,-0.12239833670308231,-5.666999574233701e-10,5.102029646612913e-10,0.054425014198061,-0.18838554693151374,-0.10769706850279588,-0.12438918766991841,-0.0002320888116888571,0.0009543366314430414,0.05853976408931311,-0.21926890886021697,-0.11387501890312998,-0.09361857879093244,7.09499161231168e-10,-1.3674044900896097e-09,0.06337572399389572,-0.2618230964222846
60.550000000000004,0.05539779999862762,-0.39832813886915713,-0.10737898613938536,-0.1283151950808064,-5.596826374547381e-10,4.80886376939155e-10,0.054831041182357466,-0.18988797863211357,-0.1066328901526666,-0.12854871346533475,-0.0002293580367479003,0.0009376452988509751,0.05857449432209114,-0.2196370786152289,-0.11324968596591997,-0.09604998556885924,6.979966090621425e-10,-1.3231335013628938e-09,0.0629717886063306,-0.26047055432498417
60.56,0.05537770632793625,-0.4008841672315145,-0.10588079196730815,-0.13418369070945527,-5.526174605825697e-10,4.513203870044632e-10,0.055218073845674384,-0.19138445491878694,-0.10558161404979158,-0.13266325023664016,-0.00022653505333811597,0.000920402408760574,0.05858726423232855,-0.21994740693939874,-0.11263398555225358,-0.09844619600837898,6.863619012386905e-10,-1.2782909134181951e-09,0.0625418376493314,-0.2589394982761839
60.57,0.05531742806023558,-0.40303740797929233,-0.10439608401827859,-0.14000208451148435,-5.45507357751369e-10,4.215157319268545e-10,0.05558596190533786,-0.1928710611089015,-0.10454365118005622,-0.13673176341792798,-0.00022362148580909517,0.0009026329294150109,0.05857804293084481,-0.2201948004501159,-0.11202815698090676,-0.10080715896600835,6.745995289553288e-10,-1.2328773304650208e-09,0.0620860257100597,-0.2572277791236188
60.58,0.05521676155153715,-0.4047827684458196,-0.10292544360327144,-0.14576782235896,-5.383552858860137e-10,3.91439460112129e-10,0.055934556084996666,-0.19434410373324199,-0.10351940791017643,-0.14075329688135982,-0.0002206190049842923,0.0008843644650463239,0.058546805812799474,-0.22037599467087812,-0.11143243604263184,-0.10313288269581569,6.62714036666042e-10,-1.1869136485413395e-09,0.061604525426056995,-0.255333968963325
60.59,0.05507554410286298,-0.40611603488458115,-0.10146944671439243,-0.1514779270340447,-5.311642250073262e-10,3.611365333891301e-10,0.05626370844277785,-0.1958014133849671,-0.10250928589255406,-0.14472696651225098,-0.00021752932592529665,0.0008656226917273697,0.058493534845105465,-0.22049019990607585,-0.11084705500306695,-0.10542349104487324,6.507100305951316e-10,-1.1404274647768467e-09,0.061097527586171166,-0.2532584931284262
60.6,0.05489365436597302,-0.4070336387315228,-0.10002866377082274,-0.15713057681580517,-5.239371775904631e-10,3.3065113044676274e-10,0.05657327260048754,-0.19724144825582296,-0.10151368197639109,-0.14865192474355263,-0.0002143542056771312,0.0008464361667260444,0.05841821866613654,-0.2205375782324617,-0.11027224261685283,-0.10767924749517392,6.385921632613255e-10,-1.0934263934299688e-09,0.0605652410632738,-0.25100380139463924
60.61,0.054671012676022285,-0.4075327767669268,-0.09860365942240129,-0.16272423807052608,-5.16677175713149e-10,2.9999194766387503e-10,0.05686310392284308,-0.19866230622618603,-0.10053298812173792,-0.15252731366982936,-0.00021109544097573895,0.0008268321723209891,0.05832085260950383,-0.22051764612583027,-0.10970822414786938,-0.10990031587191301,6.263651410119845e-10,-1.0459224105614842e-09,0.06000789264047099,-0.24857136963777718
60.620000000000005,0.05440758130854372,-0.4076114534158936,-0.09719499238679015,-0.16825726334717409,-5.093872540031e-10,2.691859057398674e-10,0.05713305972751141,-0.20006126184503875,-0.09956759131244991,-0.15635223213136654,-0.0002077548660892669,0.0008068347594329574,0.058201438795285304,-0.22042815947371225,-0.1091552213874125,-0.11208686265313199,6.140337225940497e-10,-9.979148356384286e-10,0.05942572685303232,-0.2459624273844667
60.63,0.05410336465859677,-0.40726840730176816,-0.09580321529068604,-0.17372813249299404,-5.020704716777888e-10,2.3822518056017327e-10,0.05738299957082471,-0.20143468636496778,-0.09861787346589027,-0.16012574818959982,-0.00020433435088557122,0.0007864676655907058,0.05805998637738979,-0.22026504579567868,-0.10861345267021395,-0.11423904318925701,6.016027207728525e-10,-9.494251164972039e-10,0.05881900585897263,-0.24317829419005627
60.64,0.053758409341528625,-0.4065032209572459,-0.09442887451743043,-0.17913540027493224,-4.947298941198085e-10,2.0713226333781524e-10,0.05761278561175265,-0.20277838823725008,-0.09768421134318679,-0.16384702356385722,-0.00020083579871268487,0.000765764127413387,0.057896511859617195,-0.22002605922143187,-0.10808313289138674,-0.11635705817620796,5.890769986982328e-10,-9.004727271118069e-10,0.05818800926312722,-0.24022181070606954
60.65,0.053372804210596946,-0.40531634739697403,-0.09307251006244999,-0.1844776722613626,-4.873686183595415e-10,1.759417478064304e-10,0.057822282975205974,-0.20408967685914642,-0.09676697646585856,-0.1675152951585545,-0.00019726114391096448,0.0007447548932880388,0.05771103930039515,-0.21971080807975765,-0.10756447352959862,-0.1184412439528218,5.764614525671977e-10,-8.510674382733836e-10,0.05753303379021324,-0.23709821992762053
60.660000000000004,0.05294668031088785,-0.40370836882301725,-0.0917346553937546,-0.18975358716522486,-4.799897306164007e-10,1.4467429179981283e-10,0.05801136003646308,-0.20536637619464856,-0.09586653503798796,-0.17112979839061426,-0.0001936123493369862,0.0007234686401382293,0.05750360041288369,-0.21931815499597887,-0.10705768267149612,-0.12049173065500313,5.637610383214312e-10,-8.012174967447999e-10,0.056854392834752104,-0.23381193768551017
60.67,0.052480210772823985,-0.40168105929268094,-0.0904158373157297,-0.19496180346559525,-4.725963394720038e-10,1.133611552449494e-10,0.058179888651363205,-0.20660628371784384,-0.09498324787005195,-0.1746897756995783,-0.00018989140405089395,0.000701934134544052,0.0572742346525206,-0.2188473758761792,-0.10656296503199562,-0.1225087568495293,5.509807580324558e-10,-7.509408955442985e-10,0.056152415971547166,-0.23036844414857663
60.68,0.05197361061280506,-0.3992372119696328,-0.08911657583528466,-0.20010100162016484,-4.651915448979335e-10,8.202348132093183e-11,0.05832774438171063,-0.20780706508420488,-0.09411747029678905,-0.1781942649364557,-0.00018610032358368724,0.0006800981205508412,0.05702298930546465,-0.21829753354460474,-0.10608052197453892,-0.12449251759674784,5.381256531203383e-10,-7.002510192536458e-10,0.05542744843398774,-0.22677308843921704
60.69,0.05142713643665022,-0.3963803768815069,-0.08783738402998399,-0.2051698769629615,-4.5777846470655476e-10,5.0683700245186566e-11,0.05845480671799894,-0.20896670001666254,-0.09326955203369436,-0.18164063725283922,-0.00018224115441332173,0.0006579025933644742,0.05674991958908412,-0.21766737737909855,-0.10561055153116387,-0.1264432013219555,5.252008074111065e-10,-6.491605141241504e-10,0.05467985054901481,-0.22303215188078301
60.7,0.05084108606432186,-0.3931147932229998,-0.08657876791816649,-0.21016714989689186,-4.503602131062981e-10,1.9356262441438468e-11,0.05856095927309594,-0.21008368933027396,-0.09243983697087467,-0.18502703082792563,-0.0001783159737875399,0.0006355007653236835,0.056455088776692176,-0.2169555103830304,-0.10515324842299033,-0.12836104754750344,5.122113406837836e-10,-5.976839621543488e-10,0.053909997096484176,-0.2191529561959545
60.71,0.05021579809734335,-0.389444972808531,-0.08534122633371916,-0.21509164055761762,-4.4293989849376e-10,-1.1992100545246613e-11,0.0586460899954684,-0.2111548654612906,-0.09162866300647961,-0.1883527044496411,-0.00017432688157256436,0.0006129690889940967,0.05613856835594436,-0.21615987957607466,-0.1047088040801637,-0.13024619992158917,4.991624216929596e-10,-5.458329164153186e-10,0.053118276595621836,-0.21514292372714844
60.72,0.049551651436722736,-0.38537615796600483,-0.08412525080974843,-0.2199422802217267,-4.3552064029832116e-10,-4.333355722530072e-11,0.05871009151298817,-0.21217516702535688,-0.09083636194932034,-0.19161687371377387,-0.0001702759938079997,0.0005903163432658412,0.05580043816996731,-0.21528013253136688,-0.10427740665581962,-0.1320987282552544,4.860592522804118e-10,-4.936223232652735e-10,0.05230509053912804,-0.21101034745834066
60.730000000000004,0.04884906473941194,-0.3809142443156788,-0.08293132546982315,-0.22471800224359856,-4.281055479520703e-10,-7.461836644783964e-11,0.05875286155957879,-0.21314094725057126,-0.09006325944334849,-0.1948188135280581,-0.00016616544051763332,0.0005675709103990324,0.055440786498097916,-0.21431557036729915,-0.10385924103119455,-0.13391859417102553,4.729070733732299e-10,-4.410668686937153e-10,0.05147085258427844,-0.20676345722518616
60.74,0.048108495805178224,-0.37606587497010185,-0.08175992692049419,-0.22941770541809464,-4.206977314244291e-10,-1.0582789886886175e-10,0.05877430329610371,-0.21405093558386656,-0.08930967489353633,-0.19795777609722712,-0.00016199736436499666,0.000544745421452324,0.05505971011909293,-0.21326552598772816,-0.10345448881110515,-0.13570566671616763,4.5971116066376323e-10,-3.881827130970454e-10,0.05061598772662123,-0.20241059150398788
60.75,0.04733044088066555,-0.3708387685397248,-0.08061152414236661,-0.23404029428902837,-4.1330029470109894e-10,-1.3694203749559063e-10,0.058774325453596996,-0.2149049111349796,-0.08857592139230011,-0.20103302877286944,-0.00015777391912176467,0.0005218709697925651,0.05465731436757816,-0.21212972005828654,-0.10306332831058473,-0.1374597448606651,4.46476819541376e-10,-3.3498617650056355e-10,0.04974093148292343,-0.1979596564865307
60.76,0.04651543388104512,-0.36524112284952115,-0.0794865783813067,-0.23858468940946762,-4.0591633002134604e-10,-1.679555584293406e-10,0.05875284237645527,-0.21570269250650106,-0.08786230564580083,-0.20404382440805494,-0.0001534972676004027,0.0004989761771037162,0.05423371318531639,-0.21090740005716324,-0.10268593453376755,-0.139180546885747,4.3320939877392856e-10,-2.814942506940701e-10,0.04884612909043264,-0.19341865087582982
60.77,0.04566404555747935,-0.35928144552671,-0.07838554304265004,-0.24304987799667765,-3.985489311024822e-10,-1.9886247613754223e-10,0.05870977409777722,-0.21644231949442588,-0.08716912789997532,-0.20698941979464516,-0.00014916957936509366,0.0004760882803316535,0.053789029198868736,-0.20959746746821292,-0.10232247914469932,-0.1408677025610811,4.199142578090453e-10,-2.2772659088823593e-10,0.04793203470883337,-0.18879561315051757
60.78,0.04477688262840194,-0.3529686235411275,-0.07730886359150994,-0.24743492667943906,-3.9120116632519165e-10,-2.2968669536574434e-10,0.05864504655487467,-0.21712010990163294,-0.0864966818679049,-0.20986911728663807,-0.00014479302846777742,0.0004532367013778193,0.05332339380871772,-0.20819930805769118,-0.10197313042554021,-0.14252062561558426,4.0659680878116765e-10,-1.7348878883909027e-10,0.04699911061238671,-0.18409877619405512
60.79,0.04385458687614091,-0.3463118714269772,-0.07625697746049681,-0.2517389711324395,-3.838761030145361e-10,-2.604097910480959e-10,0.05855859195579141,-0.2177313816357239,-0.08584525466032697,-0.2126822449912704,-0.00014036979106693383,0.0004304512138670712,0.05283694725559898,-0.2067124913472255,-0.1016380531708882,-0.1441370616112412,3.9326250988589737e-10,-1.1851593196495068e-10,0.04604782637050713,-0.1793364106019698
60.800000000000004,0.04289783419764204,-0.33932113440835077,-0.07523031396119745,-0.25596110630239216,-3.765767987206656e-10,-2.909845040402544e-10,0.058450349128837516,-0.2182747044472611,-0.08521512671902974,-0.21542815351253697,-0.0001359020430304855,0.00040775920842905765,0.05232983864338372,-0.20513738864088263,-0.10131740851351705,-0.14571534044954182,3.7991688070825476e-10,-6.322960644224582e-11,0.04507865803109179,-0.17451651345635258
60.81,0.0419073335984042,-0.33200683033298223,-0.07422929419477978,-0.2601004187620629,-3.6930630610739706e-10,-3.2138943298386495e-10,0.05832026370179972,-0.2187496024355201,-0.08460657175029172,-0.21810614188932093,-0.00013139195742937454,0.00038519418786207556,0.05180222592873227,-0.2034740461400952,-0.10101135377727513,-0.1472548039469826,3.6656545788974423e-10,-7.78823701043252e-12,0.04409208733053377,-0.16964663003407887
60.82,0.04088382613742719,-0.3243797522670105,-0.07325433096231769,-0.26415602466937843,-3.620676507550625e-10,-3.516232355692182e-10,0.05816828819340672,-0.21915483144903264,-0.08401985665620007,-0.22071550793071776,-0.00012684170181471833,0.00036278736198591075,0.05125427590660344,-0.20172265199623113,-0.100720042385619,-0.14875460278228977,3.532138180560391e-10,4.785072414089812e-11,0.043088600937058005,-0.16473412077329921
60.83,0.03982808383096925,-0.31645113750586656,-0.07230582867719067,-0.2681270645821519,-3.54863837175689e-10,-3.816819523789534e-10,0.057994382125236894,-0.21948910058350996,-0.08345524146463781,-0.22325554071412468,-0.0001222534357830171,0.0003405592176020457,0.05068616418968732,-0.19988357246128102,-0.10044362378047818,-0.1502138799697402,3.3986755098924244e-10,1.0361648463916499e-10,0.042068689721820145,-0.15978602877605935
60.84,0.03874090852295701,-0.30823236633276097,-0.07138418328032879,-0.27201271241246966,-3.476978682200945e-10,-4.115498375223126e-10,0.05779851217439266,-0.21975036291681319,-0.0829129792593601,-0.2257255464934476,-0.00011762930908644404,0.00031852998764285277,0.050098075177622756,-0.1979571278215015,-0.10018224333411117,-0.15163168545616906,3.2653225804156614e-10,1.594962099692025e-10,0.04103284805031861,-0.15480936370548787
60.85,0.03762313072346801,-0.2997353547653982,-0.07048978215790508,-0.27581215154927513,-3.405727228050895e-10,-4.4121080651172353e-10,0.0575806523585887,-0.21993676009402482,-0.08239331611318026,-0.22812491005114952,-0.0001129714598309427,0.0002967230101730544,0.04949020198372145,-0.19594497256612248,-0.09993604225468182,-0.15300701895800162,3.132135495705958e-10,2.1544821216073103e-10,0.03998157308246724,-0.14981111080657278
60.86,0.03647560841882734,-0.29097200532108275,-0.06962300406005156,-0.27952456119295005,-3.33491357170215e-10,-4.707318761479037e-10,0.057340784247677676,-0.22004575934971982,-0.08189649102266579,-0.23045292825519545,-0.00010828201250516355,0.00027516096895704816,0.04886274633707502,-0.19384745031122622,-0.0997051574862509,-0.15433883860271613,2.9991704688072225e-10,2.714500065528807e-10,0.03891536408963499,-0.1447977664421068
60.870000000000005,0.03529922585914996,-0.2819546454156833,-0.06878421894249279,-0.2831466229345806,-3.264567288750536e-10,-5.003787599543198e-10,0.05707889721237839,-0.22007458066427676,-0.08142273584130488,-0.23270893867239198,-0.00010356307604782139,0.0002538630295915323,0.04821591849209191,-0.19166590471160672,-0.09948972160372851,-0.15562603737100805,2.8664837420387706e-10,3.27465563775549e-10,0.037834721800528985,-0.13977569026744005
60.88,0.034094892307195104,-0.27269620011414386,-0.0679737876965389,-0.2866753992504562,-3.1947179225705e-10,-5.298644790131383e-10,0.0567949886515886,-0.22002196538235025,-0.08097227521194479,-0.23489224635581799,-9.88167420757802e-05,0.00023284775633092866,0.047549937097388015,-0.18940223227558792,-0.09928986270299492,-0.1568674820315071,2.734131570364858e-10,3.834668252372761e-10,0.036740147782997556,-0.13475060971974656
60.89,0.03286354074935816,-0.26320960952680894,-0.06719206191223508,-0.2901100153575694,-3.125394860809669e-10,-5.590359323313307e-10,0.056489064138841555,-0.21988699756964297,-0.08054532649994968,-0.23700220562868585,-9.404508312115975e-05,0.0002121351252572602,0.04686502901168743,-0.18705851970865933,-0.09910570428732529,-0.15806200276367047,2.6021702146281465e-10,4.3942111135011623e-10,0.03563214385892563,-0.12972827810000342
60.9,0.03160612658010396,-0.2535082843508727,-0.06643938375321856,-0.29344967136806016,-3.0566272798384623e-10,-5.879536194872797e-10,0.05616113753673495,-0.2196682739488053,-0.08014209972884377,-0.23903819325129572,-8.925015081794362e-05,0.00019174334174912368,0.04616142906879805,-0.1846378446979884,-0.09893736515037717,-0.15920839337015422,2.4706558318943676e-10,4.952971937283449e-10,0.034511211540616954,-0.1247141137934178
60.910000000000004,0.030323626260165323,-0.24360573998514762,-0.06571608587592787,-0.2966935641990684,-2.9884439163162197e-10,-6.165740865745953e-10,0.0558112311311282,-0.21936430831871487,-0.07976279751683808,-0.2409995471849823,-8.44339742240402e-05,0.00017168661717105495,0.04543937979631519,-0.1821430758400949,-0.09878495925610735,-0.16030542950958726,2.339644634324104e-10,5.510620673295357e-10,0.033377851494928,-0.11971315334476204
60.92,0.029017035955564638,-0.23351566147440414,-0.06502249135147278,-0.29984093390323563,-2.920873563041003e-10,-6.44904197051568e-10,0.05543937580043242,-0.21897292003067212,-0.07940761499275535,-0.24288498568134045,-7.95985648668219e-05,0.00015176725669058637,0.044699131123822226,-0.1795771208265699,-0.09864859561649775,-0.16135186792502648,2.2091925318049546e-10,6.066848712580297e-10,0.03223256304464588,-0.11473005036375918
60.93,0.02768737016123882,-0.22325191086067034,-0.06435891358987973,-0.3028910304496111,-2.8539443340879607e-10,-6.729177531769892e-10,0.05504561122484581,-0.2184917956223956,-0.07907673957779694,-0.2446898966474174,-7.474592857607918e-05,0.00013190764669985283,0.043940940102811535,-0.17694257830574517,-0.0985283781673273,-0.16234644379704402,2.079355441974892e-10,6.621317075355092e-10,0.031075843711326108,-0.10976896986663895
60.94,0.026335660311396315,-0.21282840418542467,-0.063725656266357,-0.3058431259804392,-2.78768432856868e-10,-7.006097378438646e-10,0.05462998609626371,-0.21791925216207858,-0.07877035065395563,-0.24641172028342884,-6.98780647627275e-05,0.00011237910646568268,0.04316507063823751,-0.17424214106754665,-0.09842440564269204,-0.16328789844523128,1.9501889950854618e-10,7.173715212844397e-10,0.029908188799499136,-0.10483375919570656
60.95,0.02496295338104897,-0.2022591606917102,-0.06312301324845199,-0.3086964797566397,-2.7221212598616084e-10,-7.27969543606455e-10,0.054192558273410636,-0.21725445635135043,-0.07848861933044447,-0.24804992045948848,-6.499695277758654e-05,9.323518071256073e-05,0.0423717932159854,-0.17147867923676233,-0.09833677144943835,-0.1641749742856957,1.821748679323398e-10,7.723712861194197e-10,0.028730091019112742,-0.09992784679700178
60.96,0.02357031048493767,-0.1915581020251191,-0.06255126852320161,-0.31145035696396606,-2.657282459585471e-10,-7.549921876159121e-10,0.05373339490648893,-0.21649580275079025,-0.0782317083380708,-0.2496035559358834,-6.0104544934891434e-05,7.443713998317354e-05,0.041561384626004665,-0.16865485254530435,-0.09826556354143795,-0.1650064025593966,1.6940896769499094e-10,8.270994434969024e-10,0.027542040142503648,-0.09505441887636933
60.97,0.022158805480086845,-0.18073913892459245,-0.06201069612584047,-0.3141040718836063,-2.5931949353824376e-10,-7.816724666287287e-10,0.05325257258587527,-0.21564159977083786,-0.07799977195017122,-0.25107189982515427,-5.520276639423674e-05,5.6009686708287977e-05,0.040734127694798984,-0.165773235982096,-0.09821086429443836,-0.16578095012013686,1.5672669518130333e-10,8.815240329631692e-10,0.026344522691889517,-0.09021632968765421
60.980000000000004,0.020729523572928083,-0.1698161320843805,-0.061501560071583264,-0.31665695650971154,-2.5298854282605443e-10,-8.080011830963531e-10,0.05275017751025016,-0.21469015439106637,-0.0777929559028688,-0.2524541199070335,-5.0293514309187084e-05,3.795762310420372e-05,0.03989031103012603,-0.16283627910092952,-0.09817275038318743,-0.1664974078037845,1.4413351273893712e-10,9.356124619547368e-10,0.025138021657650125,-0.08541611919106201
60.99,0.019283559928874174,-0.1588029681822545,-0.06102411428960224,-0.31910835477562904,-2.467380258811973e-10,-8.339670422552687e-10,0.052226305619037974,-0.21364098266278714,-0.07761139731578529,-0.2537494302826793,-4.537865640201916e-05,2.0294367519512533e-05,0.03903022877393477,-0.15984642015098172,-0.0981512926611876,-0.1671545907584689,1.3163484868874345e-10,9.893335050928077e-10,0.02392301625124315,-0.0806559169893557
61.0,0.017822018286500475,-0.14771339246196952,-0.060578602557720955,-0.3214576040079711,-2.4057054948075443e-10,-8.595680694824331e-10,0.05168106268255785,-0.21249303451625354,-0.0774552246125205,-0.254957031261069,-4.0460029652281826e-05,3.0274433805847456e-06,0.03815418036374694,-0.1568059212045086,-0.09814655604281174,-0.16775133660724925,1.1923608794072492e-10,1.0426558217780251e-09,0.022699981692307376,-0.07593760065151194
61.01,0.016346009580763043,-0.1365610837327095,-0.06016525843733361,-0.3237040523340097,-2.344886683284816e-10,-8.847940806965938e-10,0.05111456437768562,-0.21124585938284982,-0.07732455744180329,-0.25607613789303874,-3.553943896407202e-05,-1.3832080422249896e-05,0.037262470305269045,-0.15371696798555595,-0.09815859936324176,-0.16828571313437427,1.0694260990721841e-10,1.0963084043557228e-09,0.02146938902941779,-0.07126262190011105
61.02,0.014856650575659432,-0.12535962751361548,-0.059784305208450135,-0.3258470395713049,-2.2849491477276891e-10,-9.096379430592427e-10,0.05052693632511778,-0.20989965199857866,-0.0772195065983858,-0.2571059427672866,-3.061865530474545e-05,-3.025889682274367e-05,0.036355407954505356,-0.15058167176434664,-0.09818747511259554,-0.16875292941456116,9.475980331147627e-11,1.1502575223348352e-09,0.020231705007182372,-0.06663177250216248
61.03,0.013355062504706671,-0.11412256131607837,-0.05943595580501958,-0.3278859218612503,-2.2259177353261962e-10,-9.34099912176691e-10,0.04991831404505173,-0.20845583123640946,-0.07714017394302143,-0.2580456358273381,-2.5699413479366234e-05,-4.624184558267937e-05,0.03543330730589933,-0.14740211619413518,-0.09823322908819422,-0.16915060916607047,8.269306954094665e-11,1.2037291343205325e-09,0.0189873919788293,-0.06204569698364967
61.04,0.011842369719691177,-0.10286330560124592,-0.059120412634078044,-0.3298162715407495,-2.1678172288407296e-10,-9.588178126058304e-10,0.04928884283362184,-0.20691600814590064,-0.07708665232178936,-0.2588944048840561,-2.0783411013518722e-05,-6.179307241585841e-05,0.03449648678569752,-0.1441803082094318,-0.09829590016196071,-0.1694780730114897,7.074775540344927e-11,1.2566039597609519e-09,0.01773690784328125,-0.05750490097215337
61.050000000000004,0.010319698353106081,-0.09159507215498287,-0.058837867145610005,-0.3316316283267251,-2.1106723495322592e-10,-9.833381363470912e-10,0.048638677626627796,-0.2052811139893332,-0.07705902548620933,-0.2596514691889717,-1.5872308218432073e-05,-7.691753750620751e-05,0.03354526905480095,-0.14091808575838088,-0.0983755201652939,-0.16973418789455813,5.89291644169934e-11,1.3088822693601476e-09,0.016480706000058583,-0.05300962713197152
61.06,0.008788174998870382,-0.08033090704849759,-0.05858849937902377,-0.3333304483640484,-2.0545074907699543e-10,-1.0073256850282656e-09,0.047967982869629736,-0.2035528403836355,-0.07705736801548076,-0.26031606900819737,-1.0967729264236984e-05,-9.165014079756232e-05,0.032579980825198356,-0.13761716138439561,-0.09847211379515626,-0.16991814814412648,4.724254514349856e-11,1.3605151623608898e-09,0.015219235326825838,-0.04855989542056932
61.07,0.00724892541312794,-0.06908362234372102,-0.0583724777507133,-0.334912434692155,-1.9993468492061153e-10,-1.0308951289387488e-09,0.047276932362467924,-0.20173292382798003,-0.07708174510368532,-0.260883016490032,-6.071282221411773e-06,-0.00010659835419520692,0.03160095270885112,-0.13427850317998413,-0.09858569852500937,-0.17002907210078866,3.5693063286334714e-11,1.411477499249695e-09,0.013952940180018051,-0.0441555016335012
61.08,0.005703073237876534,-0.05786578472566896,-0.05818995898095936,-0.3363766651804988,-1.9452140318143486e-10,-1.0539753175006828e-09,0.04656570909006808,-0.19982298027349968,-0.07713221206913787,-0.26134519302780573,-1.1845776504431129e-06,-0.00012138793599456313,0.030608519119924734,-0.13090262533533967,-0.09871628452152444,-0.17006617815989603,2.4285820340579673e-11,1.4617348043839652e-09,0.012682260416528517,-0.03979605535419189
61.09,0.00415173874914619,-0.046689718974416684,-0.05804108802388118,-0.33772252004525566,-1.892132119697593e-10,-1.0765902232841997e-09,0.04583450505915012,-0.19782459667210703,-0.07720881385265742,-0.2617010447784808,3.690786751679971e-06,-0.00013574850665083412,0.02960301819667597,-0.1274906077202786,-0.0988638745651489,-0.17002869884379707,1.3025861692069241e-11,1.5112575004986779e-09,0.011407631434372149,-0.03548099082649014
61.1,0.0025960376295788654,-0.035567517028326764,-0.05792599799758936,-0.3389493027557444,-1.8401238662219878e-10,-1.0987149558983635e-09,0.04508352114233389,-0.19573924914235902,-0.07731158479438109,-0.26195037667641197,8.553243762163562e-06,-0.00014979892100346897,0.02858479170218503,-0.12404359284835505,-0.09902846397658861,-0.1699159715699158,1.9181373805649576e-12,1.5600164731220031e-09,0.010129484231666664,-0.03120955327462339
61.11,0.0010370797659090393,-0.024511009307363288,-0.05784481012014091,-0.34005643505173505,-1.7892114407045165e-10,-1.1203459870956796e-09,0.04431296693081263,-0.19356833167359572,-0.07744054856960884,-0.26209241215662776,1.3401258558698997e-05,-0.00016347765166929522,0.027554184917034534,-0.12056251805146802,-0.0992100405508409,-0.16972740183024446,-9.032470368314324e-12,1.6079808268867344e-09,0.008848245483580068,-0.026980821045559433
61.120000000000005,-0.000524031926799491,-0.013531744178692002,-0.05779763364908712,-0.34104331679853744,-1.7394165938095087e-10,-1.1414737559642422e-09,0.04352306059578096,-0.19131315043161226,-0.07759571813398157,-0.26212673826314137,1.8233329060027903e-05,-0.00017681416723958483,0.026511546543250466,-0.11704824632002216,-0.0994085844985073,-0.16946245582804592,-1.9821157301425466e-11,1.655125545981008e-09,0.007564337635609142,-0.022793726714491515
61.13,-0.0020862026524403176,-0.002640980011825717,-0.0577845658236758,-0.34190939469852294,-1.690760422398949e-10,-1.1620917619765518e-09,0.04271402875832444,-0.18897492711019362,-0.07777709567196715,-0.26205284032203,2.3047986705897023e-05,-0.00018979357943813333,0.025457228620090804,-0.11350150731563534,-0.09962406839334619,-0.16912066199719722,-3.0443211391905695e-11,1.7014232340209026e-09,0.006278179011389381,-0.018647069605022066
61.14,-0.0036483468516208145,0.00815032524374294,-0.057805691602231105,-0.3426474196607513,-1.6432639397456372e-10,-1.182986275811742e-09,0.04188610640219456,-0.18655368359882304,-0.07798467255110403,-0.2618703211664641,2.78437972624878e-05,-0.00020241287680020401,0.024391586450891612,-0.10992293251502339,-0.09985645710224693,-0.1687008415216746,-4.0893968513320284e-11,1.7477391941853878e-09,0.004990183936516049,-0.014539435495801572
61.15,-0.005209389289861052,0.01883149794924262,-0.057861082940180025,-0.34324594392570534,-1.5969481198122683e-10,-1.2036049030179513e-09,0.04103953687389803,-0.18404858575412741,-0.07821842927564475,-0.26157864214961857,3.261935790826916e-05,-0.00021479901361894197,0.023314978541363617,-0.10631302456862017,-0.10010570750022692,-0.16819594273820207,-5.116878273834623e-11,1.7945089412158307e-09,0.0037007629030007864,-0.010468519235745363
61.160000000000004,-0.006768266117544562,0.029392129139411874,-0.057950798012637576,-0.3437027278746243,-1.5518333966158089e-10,-1.223525190204095e-09,0.04017457190588219,-0.1814601866211126,-0.07847833514416491,-0.26116782476202766,3.7373264552131906e-05,-0.00022782946980581033,0.02222776659253338,-0.10267078599656189,-0.10037176799166113,-0.1676024856504358,-6.126299668245674e-11,1.8404433363967563e-09,0.00241032277179497,-0.006432342583910018
61.17,-0.008323925901918596,0.039822103144026684,-0.05807488088728319,-0.34401807782947813,-1.5079398843459328e-10,-1.2429034084610381e-09,0.03929147157675028,-0.17878940178659955,-0.07876434744185333,-0.26062800838035594,4.21040843808462e-05,-0.00024092809801623172,0.021130315575351014,-0.09899506026748715,-0.10065457820886847,-0.16692078178157238,-7.117202404165856e-11,1.8851972226201873e-09,0.0011192669639067873,-0.002429339068101859
61.18,-0.009875330627767845,0.05011166785427979,-0.05823336147062546,-0.3441911925694567,-1.465286966679512e-10,-1.2616547983809908e-09,0.03839050423485551,-0.1760368683534096,-0.07907641073506728,-0.2599585001884533,4.681037893349513e-05,-0.00025372428460695556,0.020022993804598675,-0.09528592274445678,-0.10095406894862004,-0.16615049946473442,-8.08913953393477e-11,1.928913688781188e-09,-0.00017200436989767563,0.001542229565073938
61.19,-0.011421456662931859,0.06025141989922652,-0.05842625547176739,-0.3442219814040709,-1.4238935139302022e-10,-1.2798100559603998e-09,0.037471946427325,-0.17320326449653084,-0.07941445662726393,-0.2591588142715021,5.149072602453861e-05,-0.00026648590000312965,0.018906172956145956,-0.09154340674847876,-0.10127016215008057,-0.16529125193326125,-9.041674402920928e-11,1.9716779554641853e-09,-0.0014630941765123716,0.005484179240422497
61.2,-0.012961295688942692,0.07023227583228159,-0.05865356420847434,-0.3441048181039586,-1.383777866224772e-10,-1.2979433387111254e-09,0.036536082863017426,-0.1702882762448295,-0.07977840368121591,-0.2582276546817591,5.6143718223105576e-05,-0.0002790879294241282,0.017780228067757912,-0.08776735751349356,-0.10160277085072894,-0.1643424395381634,-9.974380063699844e-11,2.0133511027169097e-09,-0.002753608318304672,0.009398405629967316
61.21,-0.014493855598155107,0.08004549325136527,-0.05891527368313159,-0.3438188241898318,-1.3449582803299256e-10,-1.3159078078608766e-09,0.03558320650635694,-0.16728890942679694,-0.08016815734790052,-0.2571651062227376,6.076796358578354e-05,-0.00029155145179994205,0.016645537545221113,-0.08395777499234656,-0.10195179915282929,-0.1633041809749283,-1.0886841253924537e-10,2.0538019754927046e-09,-0.004043155387123804,0.01328675105988675
61.22,-0.016018161355997054,0.08968270319994398,-0.05921135322567327,-0.3433570375567354,-1.3074526773669274e-10,-1.3331730489362697e-09,0.0346136187560241,-0.16420434868181072,-0.0805836099557549,-0.25597152040437154,6.536208747148938e-05,-0.00030387948039278237,0.015502483164621548,-0.08011465150216711,-0.10231714222462833,-0.16217670700862227,-1.177865404315656e-10,2.093069358130721e-09,-0.005331346518700741,0.017151075905656312
61.230000000000004,-0.017533255826305785,0.09913590536412052,-0.059541754736283065,-0.3427194260486392,-1.2712783284716273e-10,-1.3497503862526213e-09,0.033627629534574176,-0.1610348897218918,-0.0810246407409155,-0.2546472669171464,6.992473222446932e-05,-0.0003160789571697405,0.01435145007321889,-0.07623793878495685,-0.1026986863230184,-0.16096030558996116,-1.2649427453035804e-10,2.1311040810859825e-09,-0.006617795206950077,0.02099325131629463
61.24,-0.019038200559524612,0.10839746099470525,-0.05990641248438242,-0.34190398999444316,-1.2364518609800638e-10,-1.3655850274819981e-09,0.03262555729106968,-0.15778046591749031,-0.08149111588768834,-0.2531928472452912,7.44545570522254e-05,-0.0003281550662501639,0.013192826792946187,-0.07232757756297707,-0.10309630882373795,-0.15965534691584857,-1.3498782341591562e-10,2.167901596348926e-09,-0.007902117117683252,0.024815144444654776
61.25,-0.020532076543996854,0.11746010345409968,-0.06030524303813505,-0.34091167346175566,-1.20298913853125e-10,-1.3806479269611986e-09,0.03160772898508593,-0.15444147886695953,-0.08198288857805008,-0.2516088334195011,7.895023789074491e-05,-0.0003401129768973955,0.012027005225835979,-0.06838349134847468,-0.10350987825850079,-0.1582622584358016,-1.432635251240435e-10,2.203434944694634e-09,-0.009183929902812835,0.028618609022179612
61.26,-0.022013984920255903,0.12631693111757794,-0.0607381452774112,-0.3397426755929219,-1.1709052011301686e-10,-1.3949454759775615e-09,0.03057448005879146,-0.1510181971977134,-0.08249979905025367,-0.24989589585738634,8.341046727668169e-05,-0.0003519580269798236,0.010854380660605727,-0.0644056009920449,-0.10393925435853377,-0.1567815317410621,-1.513178354023681e-10,2.2376918209460913e-09,-0.01046285301601169,0.03240547712490347
61.27,-0.023483047658375073,0.13496141092668504,-0.06120500044588747,-0.33839777301985297,-1.1402144456507231e-10,-1.4084660501384454e-09,0.029526154403438157,-0.14751098228307138,-0.0830416746661561,-0.24805478565304898,8.783395417052269e-05,-0.00036369610626972224,0.009675351779678484,-0.060393828496493676,-0.10438428810411851,-0.15521371433354103,-1.5914735403230065e-10,2.2706536411133333e-09,-0.011738507530646885,0.03617755127102551
61.28,-0.02493840819833439,0.14338737953322112,-0.06170567221411191,-0.33687765189534513,-1.1109304175264085e-10,-1.4212076252669407e-09,0.02846310432416904,-0.1439201857045116,-0.08360832998706805,-0.24608633859680484,9.221942370749809e-05,-0.00037533364304299623,0.008490320665905118,-0.056348105193861873,-0.1048448217799198,-0.15355941131416864,-1.667488003188285e-10,2.3023060208798333e-09,-0.013010515960782206,0.03993659637754516
61.29,-0.02637923205329095,0.15158904319472136,-0.06224000675681008,-0.3351832363613347,-1.083065866142149e-10,-1.433164027552539e-09,0.027385690501858653,-0.14024621045534605,-0.08419956685777685,-0.24399146873987637,9.656561686751147e-05,-0.00038687764647908195,0.007299692808335748,-0.05226837750089951,-0.10532068903590998,-0.15181928177747464,-1.7411903002201072e-10,2.3326345560709985e-09,-0.01427850208602136,0.043684332744104236
61.300000000000004,-0.02780470737579913,0.15956097633233005,-0.06280783284222338,-0.33331551890788486,-1.056632636180146e-10,-1.444331519900394e-09,0.026294281951643007,-0.13648948985074116,-0.08481517449847713,-0.24177116746103028,0.00010087129006579014,-0.0003983355726039456,0.006103877106390614,-0.04815461360673821,-0.10581171495366112,-0.14999403608079456,-1.8125502747744217e-10,2.3616261194746062e-09,-0.015542090780898857,0.047422429524008186
61.31,-0.029214045487097464,0.1672981207173397,-0.0634089619340287,-0.3312756392526398,-1.0316420575292514e-10,-1.4547062996077219e-09,0.025189255977363514,-0.13265050736145656,-0.08545492960431363,-0.23942649947861694,0.00010513521466877512,-0.0004097153469381525,0.004903285871804934,-0.04400680932358466,-0.10631771611771654,-0.14808443316716532,-1.881539133881601e-10,2.3892685420294588e-09,-0.016800907849461102,0.05115249868422153
61.32,-0.03060648136959554,0.174795783859788,-0.06404318830497487,-0.32906483863538344,-1.0081044229996107e-10,-1.464286030828433e-09,0.02407099812139418,-0.12872979575796792,-0.0861185964522431,-0.23695860030130456,0.00010935617643771428,-0.00042102532829154087,0.003698334827746131,-0.03982499388254915,-0.1068385006917849,-0.14609127820780154,-1.9481295384524364e-10,2.4155511022137214e-09,-0.018054579865633996,0.054876089411784734
61.33,-0.031981274122735,0.18204963714844052,-0.06471028916204644,-0.3266844762400111,-9.8602937047271e-11,-1.4730687373526816e-09,0.02293990210922072,-0.12472794620184373,-0.08680592701491065,-0.23436867292461955,0.00011353297490093558,-0.0004322743012699329,0.0024894431045409675,-0.03560923532938347,-0.10737386849951222,-0.14401542018590605,-2.0122954159878265e-10,2.4404638848711988e-09,-0.019302734019930774,0.058594683048609666
61.34,-0.033337707382428715,0.18905571354661663,-0.06541002478260934,-0.3241360143963505,-9.654255483887662e-11,-1.481053445241942e-09,0.021796369788232947,-0.12064561199306509,-0.0875166610812366,-0.2316579848948644,0.00011766442265701588,-0.0004434714523193674,0.0012770332314676225,-0.031359645626677285,-0.10792361110959701,-0.14185774958094335,-2.0740120795531126e-10,2.4639983606067745e-09,-0.020544997972996623,0.062309688451016525
61.35,-0.03467508970433089,0.19581040494908336,-0.06614213866115601,-0.3214210192904882,-9.463011047343195e-11,-1.4882409050030964e-09,0.02064081106017772,-0.11648351453396591,-0.08825052638340994,-0.2288278651881366,0.00012174934461007109,-0.00045462635169126657,6.15311241158384e-05,-0.027076385424325614,-0.10848751192501485,-0.13961919607849468,-2.1332563053428413e-10,2.4861476108733167e-09,-0.021780999716452178,0.06602243783923008
61.36,-0.03599275491121587,0.20231045920565363,-0.06690635766617636,-0.3185411538406521,-9.286630532982755e-11,-1.494631978300329e-09,0.019473643806776568,-0.11224244772755144,-0.08900723872998349,-0.22587970119709433,0.00012578657713960053,-0.0004657489302500416,-0.0011566339331634391,-0.02275966848415867,-0.10906534627612699,-0.13730072634401594,-2.1900061892248257e-10,2.5069045400907802e-09,-0.023010367441441613,0.06973418306522844
61.370000000000005,-0.037290062404783296,0.20855297683248633,-0.06770239220671892,-0.31549817444823264,-9.125177760540003e-11,-1.5002289854317887e-09,0.018295293808027597,-0.10792328265225967,-0.08978650214476866,-0.22281493569009886,0.00012977496720728603,-0.00047684945673212185,-0.0023770293101530887,-0.01840976576948269,-0.10965688151745087,-0.13490334184814126,-2.2442412106073274e-10,2.52626527635992e-09,-0.024232729415254173,0.07344609232884655
61.38,-0.03856639744223368,0.21453540744430413,-0.0685299364081839,-0.3122939257940805,-8.97870877439898e-11,-1.505034462873954e-09,0.017106194652754737,-0.10352697158103222,-0.09058800901122893,-0.2196350638253141,0.0001337133714028334,-0.00048793851277028407,-0.0035992190594150847,-0.014027009178692287,-0.11026187712787719,-0.13242807675415888,-2.2959423189967123e-10,2.5442248138222145e-09,-0.025447713866341485,0.07715924729862123
61.39,-0.039821171377984604,0.2202555459193819,-0.06938866829689963,-0.30893033662512903,-8.847270862717648e-11,-1.50905298575549e-09,0.015906787640996824,-0.09905455178206364,-0.09141144022207473,-0.21634163019159167,0.00013760065493196512,-0.0004990269671345795,-0.004822763951054387,-0.009611794934648962,-0.11088008481412363,-0.12987599586967083,-2.3450918659342106e-10,2.5607807002517567e-09,-0.026654948878013607,0.08087464064446341
61.4,-0.041053821870928965,0.2257115283266899,-0.07027824999303067,-0.30540941508311503,-8.730904250891518e-11,-1.5122874672549177e-09,0.014697521677871164,-0.09450714887179977,-0.0922564653337664,-0.2129362259055245,0.00014143569054932362,-0.0005101259485540068,-0.006047221513936839,-0.00516458661857744,-0.11151124861722281,-0.1272481926682291,-2.391673532383679e-10,2.575930289014385e-09,-0.027854062291053736,0.08459317395456051
61.410000000000004,-0.04226381305765319,0.23090182762865233,-0.07119832791137155,-0.3017332443250291,-8.629640453330326e-11,-1.5147438514017705e-09,0.013478853158577385,-0.08988597981891494,-0.0931227427256368,-0.20942048576464978,0.0001452173574392563,-0.0005212468175833104,-0.007272146083658148,-0.0006859178567168898,-0.11215510502184758,-0.12454578738617998,-2.4356725893945764e-10,2.589672530151155e-09,-0.029044681615457077,0.08831565603202965
61.42,-0.043450635692060875,0.23582524918269482,-0.07214853296958343,-0.29790397808283914,-8.543502691622464e-11,-1.5164256843646478e-09,0.012251245844251232,-0.08519235554320051,-0.09400991976335173,-0.20579608547218967,0.00014894454004775687,-0.0005324011373902639,-0.008497088857529653,0.0038236053434444594,-0.11281138306828635,-0.12176992519997311,-2.477075453030434e-10,2.6020063602404297e-09,-0.03022643395145752,0.09204280155156683
61.43,-0.044613807251862904,0.24048092605640786,-0.07312848080343905,-0.2939238363605424,-8.472508278011044e-11,-1.5173383122805425e-09,0.011015170728414531,-0.08042768313037832,-0.0949176329664325,-0.20206473894051324,0.00015261612686908577,-0.0005436006436434933,-0.009721597956810234,0.008363302600615831,-0.11347980446688727,-0.11892177448929185,-2.5158702613329295e-10,2.612932370821396e-09,-0.03139894591997243,0.09577523006641712
61.44,-0.04575287201241251,0.24486831417537294,-0.0741377719886462,-0.2897951011890075,-8.416664445877805e-11,-1.517486650702103e-09,0.009771105893804484,-0.07559346765082264,-0.09584550817957405,-0.19822819568417,0.00015623100919021717,-0.0005548572135679329,-0.010945218496378072,0.012932417508912507,-0.1141600837148004,-0.11600252519033573,-2.552046305998612e-10,2.622450534057548e-09,-0.03256184360256109,0.09951346534949208
61.45,-0.04686740108838652,0.24898718731886837,-0.07517599226883269,-0.2855201124964641,-8.375973120592437e-11,-1.516875302393618e-09,0.008519536359410149,-0.07069131358802912,-0.09679316074749997,-0.194288238310196,0.00015978807979703233,-0.0005661828342986791,-0.012167492662005565,0.017530116321906517,-0.11485192821485458,-0.11301338724325886,-2.5855944286117015e-10,2.630562592959308e-09,-0.03371475249095648,0.1032579350569524
61.46,-0.047956992443817494,0.2528376319803022,-0.07624271278928192,-0.2811012640819366,-8.350426270425845e-11,-1.5155090522140053e-09,0.0072609539175753825,-0.06572292587753632,-0.09776019569310661,-0.19024668011357782,0.00016328623164584135,-0.0005775895706482489,-0.013387959795362055,0.022155486966468255,-0.11555503839641645,-0.10995558913631953,-2.616506814910818e-10,2.637270258590945e-09,-0.03485729744620281,0.10700897069969893
61.47,-0.04902127087100613,0.2564200421076072,-0.07733749033602247,-0.27654099971239166,-8.340009387425281e-11,-1.513392378468769e-09,0.005995856961074702,-0.06069011056137401,-0.0987462078986579,-0.18610536278357653,0.00016672435650397373,-0.0005890895324512094,-0.014606156486842577,0.026807538378690755,-0.11626910783808768,-0.10683037654830521,-2.6447771336166897e-10,2.6425756695606655e-09,-0.035989102667394704,0.11076680791037484
61.480000000000004,-0.050059887938843584,0.25973511373929253,-0.07845986757988453,-0.27184180934579477,-8.344701045658779e-11,-1.5105300368214345e-09,0.00472475030009854,-0.055594775063682086,-0.09975078228980443,-0.18186615422567132,0.00017010134356355472,-0.0006006948416453248,-0.01582161667628217,0.03148520015476305,-0.11699382339210702,-0.10363901108926762,-2.6704004046747783e-10,2.646482214665792e-09,-0.03710979166999004,0.11453158699223688
61.49,-0.05107252191109364,0.2627838395512244,-0.07960937332515121,-0.2670062254897697,-8.364470909676022e-11,-1.506926560224081e-09,0.0034481449691285064,-0.05043892809465102,-0.10077349402221163,-0.17753094650200324,0.0001734160780319478,-0.0006124175992515457,-0.017033871761588815,0.03618732250822272,-0.117728865310333,-0.10038276913841651,-2.693373084436412e-10,2.6489930705017626e-09,-0.038218987273637275,0.11830335373732336
61.5,-0.05205887763518452,0.26556750332899254,-0.0807855227624437,-0.2620368196999619,-8.399282158635295e-11,-1.502586991416482e-09,0.0021665580237175365,-0.045224679191279676,-0.10181390867059296,-0.17310165389178078,0.00017666743970315852,-0.0006242698524606192,-0.01824245071529661,0.04091267652509998,-0.11847390737169326,-0.09706294077652755,-2.7136929811592906e-10,2.6501128595492995e-09,-0.03931631159943064,0.12208206050093746
61.51,-0.05301868640207211,0.26808767438030956,-0.08198781772549511,-0.256936199223612,-8.449090435938856e-11,-1.49751642301235e-09,0.0008805123272241233,-0.03995423790425178,-0.1028715824199578,-0.1685802110717492,0.00017985430151423002,-0.0006362635619769088,-0.019446880209007478,0.045659954707652085,-0.11922861701099542,-0.09368082880942102,-2.7313593064393076e-10,2.6498466176724384e-09,-0.04040138607648547,0.1258675675200466
61.52,-0.053951705777738536,0.27034620190127345,-0.08321574695148111,-0.25170700379159855,-8.513842805001952e-11,-1.491720781531307e-09,-0.0004094636724109993,-0.03462991264146056,-0.10394606225889305,-0.16396857141555174,0.00018297552809015384,-0.0006484105698134175,-0.02064668474566664,0.050427771797393814,-0.11999265544900369,-0.09023774787792042,-2.74637267997838e-10,2.6481999323852277e-09,-0.04147383145769678,0.12965964446315825
61.53,-0.05485771940689832,0.27234520930960254,-0.08446878634459087,-0.24635190256224815,-8.593480835425525e-11,-1.48520559404513e-09,-0.0017028361757261586,-0.029254109179138413,-0.10503688617471174,-0.15926870540981386,0.00018602997428174322,-0.0006607225677018433,-0.02184138679958542,0.05521466586757767,-0.12076567782369427,-0.08673502364939042,-2.7587351055794084e-10,2.645179796934368e-09,-0.04253326784452327,0.1334579721998297
61.54,-0.05573653678948183,0.2740870885570406,-0.0857463992425368,-0.24087359121918203,-8.687938389157157e-11,-1.4779782658508958e-09,-0.0029990662744844208,-0.02382932885263327,-0.10614358335031175,-0.15448259918425097,0.00018901648369985818,-0.0006732110662544746,-0.023030506964099126,0.06001909967549395,-0.12154733332260956,-0.08317399208549889,-2.7684499745873726e-10,2.640793284050092e-09,-0.043579314720618045,0.1372621447778632
61.550000000000004,-0.05658799303047224,0.27557449443201965,-0.08704803668571581,-0.235274789225314,-8.797141730334895e-11,-1.470046061337049e-09,-0.0042976102039192585,-0.018358166438887307,-0.10726567436260015,-0.14961225315253046,0.00019193388725037965,-0.0006858873650224399,-0.024213564106721798,0.06483946226443024,-0.12233726531624053,-0.0795559987810748,-2.7755219863344197e-10,2.6350484056385447e-09,-0.04461159099410549,0.1410716715971045
61.56,-0.057411948563668054,0.27681033886244016,-0.0883731376887522,-0.22955823723451813,-8.921009571754685e-11,-1.4614169877327204e-09,-0.005597919604263796,-0.012843307743636782,-0.10840267138234919,-0.14465968076066907,0.00019478100167310034,-0.0006987625235225132,-0.025390075531635185,0.06967407080556554,-0.12313511149237177,-0.07588239836913849,-2.7799572559798603e-10,2.627954732755221e-09,-0.045629715048284815,0.14488597976859066
61.57,-0.05820828884995,0.2777977852271573,-0.08972112951416633,-0.22372669466245365,-9.059454880885613e-11,-1.4520996770845165e-09,-0.0068994417913176365,-0.007287526906107994,-0.1095540783753602,-0.13962690733973865,0.00019755662808888244,-0.0007118473333264131,-0.026559557149325706,0.07452117266962183,-0.12394050399133173,-0.07215455398787625,-2.7817632190567427e-10,2.619521496812515e-09,-0.0466333048005208,0.14870441664871062
61.58,-0.058976924051708735,0.2785402073705849,-0.09109142794841152,-0.21778295303596407,-9.212383147201712e-11,-1.4421144328963688e-09,-0.008201620035509314,-0.0016936746360338814,-0.11071939130521317,-0.1345159816877766,0.00020025955056890692,-0.0007251519459941672,-0.027721523653373534,0.07937894075030523,-0.12475306954261475,-0.0683738536175356,-2.780948582502601e-10,2.609776225609438e-09,-0.047621977768601526,0.15252626765941155
61.59,-0.05971778873969082,0.2790394346176451,-0.09248343760479781,-0.2117306105408839,-9.379693080297819e-11,-1.431533779424215e-09,-0.009503893835232197,0.003935761906107174,-0.11189809835753775,-0.12932960428219437,0.0002028885352953192,-0.0007386684125565462,-0.028875488715213185,0.08424512959187638,-0.12557242962924245,-0.06454253858406524,-2.777523497754179e-10,2.598823718873607e-09,-0.04859535112024863,0.15635151367005684
61.6,-0.06043084168011975,0.2792970251922322,-0.09389655227471425,-0.20557351798390325,-9.561277697041405e-11,-1.4203700751514757e-09,-0.010805699172011598,0.009598350462493221,-0.11308968020337364,-0.12407068433874889,0.0002054423307875345,-0.0007523836312777552,-0.030020965206540292,0.0891173177949304,-0.1263982007033626,-0.060663128728208025,-2.7714991898316763e-10,2.58669013696804e-09,-0.04955304168397136,0.16018031322893372
61.61,-0.061116065655135464,0.2793148690929696,-0.09533015530568646,-0.1993154740678035,-9.757023547838902e-11,-1.4087278630382414e-09,-0.012106468765917137,0.015291328762236179,-0.11429361028691574,-0.11874217025450635,0.0002079196686646119,-0.000766286506317148,-0.031157465432496957,0.09399328834436715,-0.12722999455019357,-0.05674195798153955,-2.7628878546077755e-10,2.5740112425510714e-09,-0.050494666010342415,0.16401045921100715
61.620000000000005,-0.061773467383720033,0.27909123381849515,-0.09678362002780878,-0.19296176558783645,-9.966813918197876e-11,-1.3967152217783365e-09,-0.013405632372027484,0.021011097360381936,-0.11550935517390837,-0.11334877900445392,0.00021031926549142457,-0.0007803305800154569,-0.03228450132504634,0.09887190201240446,-0.1280674190745112,-0.05279276943544377,-2.751702432007952e-10,2.5607611468417972e-09,-0.05141984065590393,0.16783620173735142
61.63,-0.06240307750708779,0.2786278538364084,-0.0982563102147301,-0.18651645152088292,-1.019052725771709e-10,-1.3842145302252548e-09,-0.014702617124104774,0.026754084477735682,-0.11673637499133845,-0.10789533041824304,0.00021263982463915528,-0.000794523765990057,-0.033401584614975034,0.1037508568947523,-0.12891007933375148,-0.048823000959706736,-2.737956415186043e-10,2.547011496413506e-09,-0.052328182606472776,0.17165446136563223
61.64,-0.06300495054168516,0.2779242715369043,-0.09974758054765155,-0.17998470014974974,-1.0428037878617178e-10,-1.3714689321327746e-09,-0.015996847891225158,0.03251679418176421,-0.1179741241880125,-0.10239574359650774,0.00021488003897290897,-0.0008087823531608569,-0.03450822716565995,0.1086237788328031,-0.12975757856982603,-0.04484539543897788,-2.721663665452682e-10,2.5329996385341316e-09,-0.05321930967235521,0.1754610674238262
61.65,-0.06357916485974054,0.27698041140737995,-0.1012567771933876,-0.1733743855530766,-1.0679217949724507e-10,-1.3588695233243769e-09,-0.017287747668242637,0.03829449763249155,-0.11922205258436756,-0.09685868322991363,0.00021703859879482716,-0.0008229640371188828,-0.03560394145195078,0.11348685139734843,-0.13060951921963537,-0.04086755300947338,-2.702838464571956e-10,2.5182293535654567e-09,-0.05409284081719877,0.17925403924441105
61.660000000000004,-0.06412582253452312,0.2758013540413563,-0.1027832386631864,-0.16669743804300083,-1.0943940146553058e-10,-1.346143624515054e-09,-0.018574738118316246,0.04407946391354422,-0.12047960614004226,-0.09128625262877416,0.0002191142004443102,-0.0008370567795934645,-0.03668824094269636,0.11833789659187435,-0.13146550364829404,-0.03689292257822274,-2.681495695029013e-10,2.503145360737287e-09,-0.0549483963648004,0.1830325464121403
61.67,-0.06464504895402416,0.2743912108061233,-0.10432629675353206,-0.15996021949313094,-1.1222075471408867e-10,-1.3330851886583208e-09,-0.019857240201360423,0.04986676325877093,-0.12174622758330887,-0.08568993985735772,0.00022110554882905968,-0.000851073367951958,-0.03776064044300856,0.12317178360248472,-0.1323251348299727,-0.032933188310194,-2.6576505183037174e-10,2.487875814706346e-09,-0.05578559820106765,0.18679266953047247
61.68,-0.065136992409344,0.27275317745953187,-0.10588527721025875,-0.1531664393372911,-1.1513490934429831e-10,-1.3195799425345747e-09,-0.021134674663766416,0.05565340104636381,-0.12302135730232099,-0.08007889784862417,0.00022301136125593398,-0.0008648611471112714,-0.038820656507883994,0.1279847410115084,-0.13318801715257866,-0.02899352678781884,-2.6313184521158355e-10,2.471981550526181e-09,-0.05660407002619179,0.19053307010031553
61.690000000000005,-0.06560182364081314,0.2708938941999155,-0.1074595001859343,-0.1463209163975028,-1.1818051837860938e-10,-1.3059012136278556e-09,-0.02240646240854488,0.06143537301464016,-0.12430443409712731,-0.07445549717875387,0.000224830375979564,-0.0008783630289726387,-0.03986780779540673,0.13277466725389334,-0.13405375693595148,-0.02507497417615318,-2.6025155710070086e-10,2.4554089867627945e-09,-0.05740343751235296,0.19425332279742216
61.7,-0.06603973519672772,0.26882116345027585,-0.10904828087837469,-0.13943425825083722,-1.2135620300778397e-10,-1.292200051330277e-09,-0.023672024951350543,0.06720626357690897,-0.12559489554198847,-0.06882182802612812,0.0002265613574361879,-0.0008915818909416586,-0.04090161531542448,0.13753930733895933,-0.13492196267634343,-0.021180486921212775,-2.57125847679535e-10,2.4385207465310285e-09,-0.058183328385806685,0.1979523361033682
61.71,-0.06645094067215403,0.26654263715310805,-0.11065093035543554,-0.1325131326968608,-1.2466057089079012e-10,-1.2780536097035683e-09,-0.024930784964145723,0.07296131346257316,-0.12689217829294347,-0.06318299530624247,0.00022820309545260655,-0.0009045587077288725,-0.04192160267513234,0.14227568440084565,-0.13579224547374114,-0.017318521616724536,-2.537564197527137e-10,2.421464585574265e-09,-0.05894337256771475,0.2016275907737192
61.72,-0.06683567394353473,0.26406561137766865,-0.11226675617660559,-0.12556022130402472,-1.2809219391304138e-10,-1.2634236487328764e-09,-0.02618216673954012,0.07869722621635193,-0.1281957186999761,-0.057549327566965305,0.0002297544044648244,-0.0009172347248860687,-0.04292729639493081,0.14697979545547527,-0.1366642196483346,-0.013493633386600326,-2.501449891580846e-10,2.403931810258235e-09,-0.05968320237275457,0.20527740610767564
61.730000000000004,-0.0671941884101145,0.2613978283839832,-0.11389506277254081,-0.11857926249774485,-1.3164959089548688e-10,-1.2482723521801902e-09,-0.027425596553615084,0.0844106020691247,-0.12950495355474628,-0.051925256376324405,0.0002312141287971066,-0.0009294899127285511,-0.04391822623904255,0.1516492548469764,-0.1375375031604606,-0.009706732629451171,-2.4629332472911635e-10,2.3858039068554907e-09,-0.060402452655571044,0.20890137141799212
61.74,-0.06752675617762277,0.25854842116718213,-0.11553515176283224,-0.11157285235134862,-1.3533123543516e-10,-1.232532724829443e-09,-0.028660502985286523,0.09009867839901253,-0.1308193205466845,-0.04631185538841827,0.00023258114973676727,-0.0009413080684589807,-0.04489392547769452,0.15628196168677105,-0.1384117177870097,-0.005959167410502,-2.4220324901609084e-10,2.367087799054692e-09,-0.06110076087014438,0.2124993308108655
61.75,-0.0678336671789367,0.25552607508955927,-0.11718632227282733,-0.10454470479603084,-1.3913554330850581e-10,-1.2165173738504547e-09,-0.029886317192201393,0.09575913808216703,-0.132138258461984,-0.040711014852486176,0.0002338543884593267,-0.0009526806805129422,-0.04585393114042122,0.16087461680827153,-0.13928648923014939,-0.00225172365159612,-2.3787664813328975e-10,2.3477717917588986e-09,-0.06177776704933135,0.2160724862402329
61.76,-0.06811522830642963,0.25233894499999604,-0.11884787146366665,-0.09750438242278398,-1.4306091862618363e-10,-1.2003574801080378e-09,-0.03110247318447167,0.10138860902247686,-0.13346120733970462,-0.03512407700108965,0.0002350328069916518,-0.0009635842211155098,-0.046797784336063054,0.16542349439024528,-0.14016144722601753,0.0014141951768781795,-2.3331545500501524e-10,2.3279978083524934e-09,-0.0624331136885542,0.2196228061607187
61.77,-0.06837176256783437,0.24899557144167833,-0.12051909526067098,-0.09045779919661592,-1.4710571171261812e-10,-1.1837010964899181e-09,-0.032308408104863295,0.10698490955433247,-0.13478760863180075,-0.029552864512082798,0.0002361154089809177,-0.0009740209573522273,-0.04772503061997457,0.16992478775887565,-0.14103622580489272,0.005032906622344127,-2.285216411319127e-10,2.3080548279395596e-09,-0.06306644559390027,0.22315131573929167
61.78,-0.06860360823239005,0.24550454498847105,-0.12219928890574722,-0.0834072604915296,-1.5126825399046654e-10,-1.1664764066076856e-09,-0.03350356243525946,0.11254701501529131,-0.1361169055390385,-0.024004479961760687,0.00023710123922667312,-0.0009840019676365776,-0.04863522040930658,0.17437353411428264,-0.1419104637238884,0.008600380867390607,-2.2349722297540695e-10,2.287671821280772e-09,-0.0636774097488556,0.22665945355926048
61.79,-0.06881111796448813,0.24187454807683506,-0.12388774728500644,-0.07635589703075132,-1.5554680768461334e-10,-1.1487648105029213e-09,-0.03468738013153274,0.1180736112026575,-0.13744854356567288,-0.018484356695425384,0.00023798938480080922,-0.0009934566683706275,-0.0495279094359433,0.17876544539829964,-0.14278380479799005,0.012115976243316676,-2.1824422706700988e-10,2.2667366813442385e-09,-0.06426565515781876,0.2301493564376781
61.800000000000004,-0.06899465793721031,0.2381147482087362,-0.12558376521238465,-0.06930640249263302,-1.5993959620276383e-10,-1.1305220766405303e-09,-0.03585930875062834,0.12356336337197105,-0.1387819709714251,-0.012993890656669062,0.00023877898028267508,-0.0010023066352263463,-0.0504026591478338,0.18309755872717012,-0.14365589803496526,0.015578926737379229,-2.1276476926690286e-10,2.24529018586153e-09,-0.06483083265783725,0.23362281468891302
61.81,-0.06915460691666506,0.2342344383622225,-0.12728663770233534,-0.06226128580252572,-1.644447890107822e-10,-1.1117635548635602e-09,-0.03701879959203216,0.12901468452366163,-0.14011663899011362,-0.007534445240867465,0.0002394692132226969,-0.0010105299471538506,-0.051259037024575495,0.1873671384926158,-0.14452639769452685,0.01898895198900642,-2.0706098743911319e-10,2.223292921698131e-09,-0.06537259473706714,0.23708150617807966
61.82,-0.06929135533768083,0.23024269969663425,-0.12899566021323655,-0.05522268028851532,-1.6906049991061684e-10,-1.0925034761008858e-09,-0.03816530787483678,0.1344252436065163,-0.14145200196200325,-0.0021072241918108376,0.00024005932651945277,-0.0010181166428064041,-0.05209661682429618,0.191572466276174,-0.14539496331729765,0.022346054065721457,-2.0113508833121648e-10,2.200760364473241e-09,-0.06589059539749757,0.24052607003652354
61.83,-0.06940530438537329,0.22614870215914065,-0.13071012886802436,-0.04819269920932791,-1.7378479709144212e-10,-1.0727605049648736e-09,-0.03929829297273032,0.13979218172411292,-0.14278751746125065,0.0032864520668670423,0.0002405486190350639,-0.001025058217888605,-0.052914978754418814,0.1957125154441256,-0.1462612597079016,0.025650959809258984,-1.9498932235673873e-10,2.177673389684307e-09,-0.06638449016794729,0.24395400768239933
61.84,-0.06949686508788017,0.22196126475228045,-0.13242934068717307,-0.04117412715854572,-1.7861570614223039e-10,-1.0527544418398286e-09,-0.04041721868484642,0.14511279685871928,-0.1441226464222034,0.00864538544244291,0.00024093644608844128,-0.001031343367756518,-0.05371370959326017,0.1997860926493395,-0.14712495685750648,0.028905018394712607,-1.8862599766695026e-10,2.1540305116853878e-09,-0.06685393636784805,0.2473603788068344
61.85,-0.06956645744615415,0.21768852672846448,-0.13415259399740642,-0.034174379892383505,-1.8355123916256508e-10,-1.0325948967484305e-09,-0.04152155352804728,0.1503837764038434,-0.14545685326231927,0.013968366851931091,0.000241222220335083,-0.0010369544495025982,-0.054492402813613804,0.20379176338254543,-0.14798572982399208,0.03210949326074769,-1.820474870828167e-10,2.129807731828191e-09,-0.06729859354214217,0.2507406120938816
61.86,-0.06961450957417956,0.21333961743715563,-0.13587918898846404,-0.027197829205703457,-1.8858936278257663e-10,-1.0120473894841944e-09,-0.04261077104876929,0.15560204536931885,-0.1467896060021334,0.01925422244853915,0.00024140541283968687,-0.0010418820728359387,-0.05525065870172202,0.20772873610421183,-0.14884325859333547,0.03526599627572406,-1.7525620219888368e-10,2.105006995701776e-09,-0.06771812399167504,0.2540880111087229
61.870000000000005,-0.06964145679110323,0.20892409296271847,-0.13760842812112084,-0.020245932871895127,-1.9372802205903732e-10,-9.910760542598059e-10,-0.043684350120520604,0.1607650010433333,-0.14812037639589196,0.024501383951529385,0.00024148555380065174,-0.0010461217387453818,-0.055988084441054506,0.2115964845345606,-0.14969722800352556,0.038373611612907914,-1.6825462382308444e-10,2.0798144096573293e-09,-0.06811219342676322,0.25739504994188217
61.88,-0.06964774070423801,0.2044505083040221,-0.13933961635245326,-0.01332083767991224,-1.98965130046284e-10,-9.697332948312455e-10,-0.044741775200068314,0.16587047181653577,-0.14944864020443732,0.029704283500948083,0.00024146223326577764,-0.0010496566466681669,-0.056704294204317426,0.21539337599044345,-0.15054732779331514,0.041431200823884,-1.610452694069084e-10,2.054071952828805e-09,-0.06848047165402721,0.2606558117565626
61.89,-0.06963380832252515,0.19992777762079858,-0.14107206132394903,-0.006424248922523448,-2.042985420526139e-10,-9.480129157831487e-10,-0.04578253655132358,0.1709163425052769,-0.15077387760307986,0.03485963241195282,0.00024133510219505653,-0.0010524764621065023,-0.05739890927574265,0.21911839152719592,-0.15139325262694664,0.04444037821922003,-1.5363071224362484e-10,2.02765415678766e-09,-0.0688226332351744,0.26386324677527845
61.9,-0.06960011115617003,0.19536534730231975,-0.14280507354412897,0.00044204100064451456,-2.0972609807588577e-10,-9.259382116307795e-10,-0.04680613046862612,0.17590015043694268,-0.152095573467035,0.03996702248233328,0.0002411038737291541,-0.0010545653844493382,-0.058071558165508956,0.22277048991577494,-0.15223470198005803,0.047402994366957545,-1.4601359233943858e-10,2.000602296423777e-09,-0.06913835818683055,0.26700975847982406
61.910000000000004,-0.06954710428761078,0.19077253017026694,-0.144537966566931,0.0072762347303561205,-2.1524559598698204e-10,-9.035177231508348e-10,-0.04781205951326534,0.18081951957222123,-0.15341321747947792,0.04502572529341232,0.00024076832522729736,-0.0010558901653980738,-0.058721876736036537,0.22634788862169428,-0.15307137997219092,0.05032049092403322,-1.3819660794755326e-10,1.9728946994883326e-09,-0.06942733269616205,0.27008883562435004
61.92,-0.06947524545238312,0.18615820925597584,-0.14627005716654679,0.014076714030780792,-2.208548012567889e-10,-8.807596440728717e-10,-0.04879983275480802,0.18567199943766777,-0.15472630418011535,0.050035608722260566,0.00024032830048482438,-0.00105644337803086,-0.05934950839204302,0.22984793857601155,-0.15390299521248166,0.05319438609319737,-1.3018253285717927e-10,1.944513291137157e-09,-0.06968924978163009,0.273094356884815
61.93,-0.06938499415388205,0.18153096110450379,-0.14800066549985522,0.020841979442671722,-2.2655144118379995e-10,-8.576736398601506e-10,-0.049768966004055504,0.19045547275724733,-0.15603433299492334,0.05499640203803868,0.00023978371056696465,-0.00105623192220924,-0.059954104308541166,0.23326862020756875,-0.154729260643586,0.05602639516571806,-1.2197420162619274e-10,1.9154047642385656e-09,-0.0699238099553518,0.27601882889455337
61.940000000000005,-0.06927681080258173,0.17689935494371192,-0.14972911525962726,0.027570526230745768,-2.3233321756670687e-10,-8.342694712999338e-10,-0.0507189820228468,0.19516808407613337,-0.15733680825618793,0.05990798897180405,0.00023913453352967056,-0.0010552620012478369,-0.06053532366094975,0.2366073917536427,-0.15554989337398675,0.05881824633051937,-1.1357451979258694e-10,1.8855647369125515e-09,-0.07013072195949462,0.2788543021080385
61.95,-0.06915115585505112,0.17227219313659273,-0.15145473382340416,0.03426092251105261,-2.38197806414846e-10,-8.105546057198738e-10,-0.05164941071669343,0.199807899578321,-0.15863323921347197,0.06477038895130201,0.00023838081392788668,-0.0010535427913590423,-0.0610928338865043,0.2398611286143566,-0.15636461451114064,0.06157149440681194,-1.049864713291801e-10,1.8550057193559137e-09,-0.07030970352702554,0.2815936435227331
61.96,-0.06900848893090719,0.1676586429442632,-0.1531768523980688,0.0409117629017095,-2.4414284590623086e-10,-7.865402409592695e-10,-0.05255978932025495,0.20437317315065145,-0.15992314003555946,0.06958359788471723,0.0002375226622765984,-0.0010510831667315073,-0.061626310977924245,0.24302692627502018,-0.15717314900872845,0.06428750681415359,-9.621310883806717e-11,1.8237314280508573e-09,-0.07046048207321864,0.2842309471786652
61.97,-0.06884926791855145,0.16306752082907325,-0.1548948061604906,0.0475216802394529,-2.5016594162786775e-10,-7.622324758246632e-10,-0.05344966256970068,0.20886233133167745,-0.16120602981168075,0.0743475858259481,0.0002365602544185813,-0.001047894064199734,-0.06213543976914751,0.246102156446686,-0.15797522553113225,0.06696750399664475,-8.725755171293944e-11,1.7917316398988338e-09,-0.070582795279769,0.28676129889997287
61.980000000000004,-0.06867394811688292,0.15850682357167967,-0.15660793441676063,0.054088626802853465,-2.5626469011750763e-10,-7.377494449801309e-10,-0.054318582867825115,0.2132736371232684,-0.16248143255597114,0.07906227442103461,0.00023549383081987967,-0.001043984164915754,-0.06261991418696988,0.24908471105221872,-0.1587705763225918,0.06961291021568462,-7.812300630966155e-11,1.7589003328870837e-09,-0.07067639169008721,0.28917704830845176
61.99,-0.06848298144555118,0.15398388059592938,-0.15831558088867234,0.060607496417627235,-2.6243665074208843e-10,-7.131098601117459e-10,-0.05516611046548302,0.21760497326138398,-0.1637488772144346,0.08372759791886937,0.00023432369597648802,-0.0010393607556889281,-0.06307943747415956,0.25197239609416816,-0.15955893706490634,0.07222528944114232,-6.881274470632341e-11,1.7252719371734595e-09,-0.07074103150664562,0.2914677395260692
62.0,-0.06827681568654838,0.14950661474999058,-0.16001709408787623,0.06707567127389141,-2.6867938314254003e-10,-6.882159240856342e-10,-0.05599181365580466,0.22185451761829866,-0.1650078976677176,0.08834363681444807,0.00023305021793428268,-0.0010340363674787951,-0.0635137224294149,0.25476227643919647,-0.16034004673505917,0.07480585474906778,-5.933013257166924e-11,1.6909128510001904e-09,-0.070776487483574,0.29362606769151534
62.01,-0.06805589368891116,0.14508363867041482,-0.16171182756712144,0.07349249164654256,-2.7499041212157405e-10,-6.630630357592474e-10,-0.056795268956735596,0.22602059564768243,-0.16625803272689915,0.09291045567870815,0.00023167382764185346,-0.0010280268551548309,-0.06392249168482977,0.2574514411373339,-0.16111364748809426,0.07735547303287785,-4.96786013457322e-11,1.6558185755618617e-09,-0.07078254560509022,0.2956484188814856
62.02,-0.06782065254391541,0.14072305497631654,-0.16339914003740233,0.07985691632480382,-2.8136723882930755e-10,-6.376714787285786e-10,-0.057576061288356725,0.23010127730884236,-0.1674988261280653,0.09742809031118523,0.00023019501809500966,-0.0010213460365610738,-0.0643054779972661,0.2600369612088643,-0.16187948456295911,0.0798750452827169,-3.9861652255346114e-11,1.6199698386407134e-09,-0.07075900556014157,0.29752985919187375
62.03,-0.06757152280503026,0.13643190699996519,-0.16507839545951514,0.08616808978317263,-2.8780734405961034e-10,-6.120504261234495e-10,-0.05833378413925395,0.23409530097824807,-0.1687298265497325,0.10189589215679556,0.00022861434514781173,-0.001013951826419286,-0.06466242451698828,0.2625166555937337,-0.1626373061890017,0.0823656184243911,-2.9882875609116393e-11,1.5832751199752823e-09,-0.07070568133071792,0.29926152038513903
62.04,-0.06730892779667946,0.13221639745340044,-0.1667489631309529,0.09242525386239764,-2.943082007833304e-10,-5.862163694891909e-10,-0.05906803975067811,0.2379999220285125,-0.1699505877375253,0.10631085058354524,0.0002269324297375603,-0.0010058464050190776,-0.06499308502279605,0.2648882411634595,-0.1633868634878903,0.08482813275071872,-1.974594569605686e-11,1.5457810233845693e-09,-0.07062240203022165,0.30083357137820593
62.050000000000004,-0.06703328297063386,0.12808322343217782,-0.16841021776267057,0.0986277031954493,-3.0086722652282835e-10,-5.601792084700213e-10,-0.05977843935304418,0.24181264611198466,-0.17116066870081262,0.11067184043068105,0.0002251499570359371,-0.0009971000474089892,-0.06529722411540018,0.2671504683715491,-0.16412791039183905,0.0872630775195913,-9.454597146297659e-12,1.5074974857915956e-09,-0.07050901275435664,0.30223983482141004
62.06,-0.06674499525272963,0.12403915674785607,-0.17006153955545467,0.10477459788940109,-3.0748185247812106e-10,-5.339511483554324e-10,-0.06046460339388168,0.24553180276719794,-0.17235963381453184,0.11497930279569234,0.00022326767282201832,-0.0009877399820678568,-0.065574617407821,0.2693005949372042,-0.16486020363347145,0.08966941057096724,9.873301986957594e-13,1.4683728683404477e-09,-0.0703653752560773,0.30347460198023846
62.07,-0.06644446239057018,0.1200905152515112,-0.17170231427671584,0.11086526519392742,-3.141494803943934e-10,-5.075469164724336e-10,-0.061126161738117496,0.24915513530857614,-0.17354705281865004,0.11923328191271727,0.0002212863813351479,-0.0009777714161497632,-0.0658250517855601,0.27133534687796595,-0.16558350279655942,0.09204685619131282,1.1575928461198522e-11,1.4284847912302918e-09,-0.07019136853254393,0.3045319221271505
62.08,-0.0661320723290013,0.11624340826891233,-0.17333193333122884,0.11689904638373848,-3.2086748230611156e-10,-4.809700069337009e-10,-0.06176275389119656,0.25268005427679424,-0.17472250080328866,0.12343391845468407,0.00021920694515076435,-0.00096719560420935,-0.06604832569547565,0.2732523274929894,-0.16629757033360226,0.09439596679080103,2.2307213394813373e-11,1.3878460982507437e-09,-0.06998688944609316,0.3054048262589523
62.09,-0.06580820262439412,0.11250332406063855,-0.17494979382815307,0.12287527294992567,-3.2763323958533957e-10,-4.5423732692747496e-10,-0.06237402923006298,0.25610462048595684,-0.17588555820008053,0.1275812501876404,0.00021703028521284572,-0.000956028964068856,-0.06624424939999778,0.2750491999432328,-0.16700217153591343,0.0967170178630784,3.317710604687794e-11,1.3464373861098193e-09,-0.06975185340486116,0.3060861946890731
62.1,-0.06547321990989044,0.10887523824513214,-0.17655529864651856,0.12879333171257673,-3.3444409659808035e-10,-4.2735670533791725e-10,-0.06295964721251764,0.25942676757727406,-0.17703581077721356,0.13167529770878775,0.00021475737990635775,-0.0009442978927657543,-0.06641264519134257,0.27672426449860515,-0.16769707450219534,0.09901024663041641,4.418147526190771e-11,1.3042898763428202e-09,-0.06948619508421462,0.30656847774733414
62.11,-0.06512747940105282,0.1053640460177341,-0.17814785649831305,0.13465260375414442,-3.412973958363148e-10,-4.00337819943112e-10,-0.06351927759112481,0.26264407101491477,-0.17817284964007,0.13571599299287015,0.00021238926332270674,-0.0009320299666554486,-0.0665533475521699,0.27827649534821963,-0.16838205011961102,0.10127572342496016,5.5316095620154344e-11,1.2614414535034252e-09,-0.06918986912340093,0.30684571407993144
62.120000000000005,-0.06477132441981823,0.10197451655137442,-0.17972688199296735,0.1404523975065623,-3.481904540671355e-10,-3.731839609737849e-10,-0.06405260061968174,0.26575500297716176,-0.1792962712369625,0.13970325489856206,0.00020992702344086852,-0.000919247835245245,-0.06666620326506982,0.2797050357243272,-0.16905687205778672,0.10351339056571617,6.657669149534134e-11,1.2179127133376424e-09,-0.068862850728786,0.3069127035358199
62.13,-0.06440508594514638,0.0987108164645547,-0.18129179570244688,0.14619212057902636,-3.551205887690327e-10,-3.4590600632650647e-10,-0.06455930725221784,0.2687570721385566,-0.1804056773652514,0.14363706683932512,0.0002073718008030618,-0.0009059656201350928,-0.06675107154954667,0.28100743467421246,-0.1697213167767104,0.10572305120206388,7.795889591257822e-11,1.1737140486515547e-09,-0.06850513623283053,0.3067634452022361
62.14,-0.06402908221266566,0.09557657762715542,-0.18284202422336202,0.15187116391898225,-3.6208509074195514e-10,-3.1850579581632754e-10,-0.06503909937162972,0.27164779312107606,-0.18150067517264767,0.14751747251416475,0.00020472478741902792,-0.0008922065022141476,-0.06680782433667297,0.282179223508754,-0.17037516354807733,0.10790437692344278,8.945828896764797e-11,1.128858251839736e-09,-0.06811674367705563,0.306391953001863
62.15,-0.063643618362187,0.0925751289725232,-0.1843770002361232,0.1574889762975133,-3.690812532784536e-10,-2.90992635840549e-10,-0.0654916900513591,0.27442421501458053,-0.18258087715779284,0.15134440053782738,0.00020198722531181626,-0.0008779955629018139,-0.06683634663973821,0.2832170729152364,-0.17101819449140185,0.11005685999439002,1.0107037319995593e-10,1.0833469775229878e-09,-0.06769771341619908,0.3057920405720728
62.160000000000004,-0.06324898611424833,0.08970969213849857,-0.18589616256225433,0.16304498313367505,-3.7610634805334327e-10,-2.6337503603786293e-10,-0.06591680383350185,0.27708359424776763,-0.18364590117903143,0.15511765875693811,0.00019916040482867306,-0.0008633561740083451,-0.06683653684599554,0.2841196787368183,-0.1716501946255336,0.1121798641489293,1.1279059862456215e-10,1.0372271954303396e-09,-0.06724810870076847,0.3049585306438297
62.17,-0.06284546347865,0.08698282368419614,-0.18739895622450126,0.16853851842121945,-3.831576435461056e-10,-2.3566449823988604e-10,-0.06631417696000413,0.2796246727704105,-0.184695370472947,0.15883700454774596,0.00019624566290572126,-0.000848314352249858,-0.0668083068606535,0.28488655442081356,-0.17227095193396796,0.11427262588021656,1.2461434006794345e-10,9.905402356585047e-10,-0.0667680161664984,0.3038877748223774
62.18,-0.06243331451677166,0.08439647537586752,-0.18888483251043414,0.17396896284344365,-3.902323864700327e-10,-2.078694933230851e-10,-0.06668355754372432,0.2820456309813877,-0.18572891367844324,0.16250217262725636,0.00019324438123027008,-0.0008328957829728677,-0.0667515821913161,0.2855165383639726,-0.17288025744195804,0.11633428433150289,1.3653692842219082e-10,9.432979402336572e-10,-0.0662575462008366,0.3025770161332728
62.190000000000005,-0.06201278915798844,0.08195224318713379,-0.19035324903759415,0.17933562951291657,-3.973278331981368e-10,-1.7999796704300212e-10,-0.0670247057347782,0.28434474963143563,-0.18674616486377169,0.16611286986502918,0.0001901579844568737,-0.0008171224605958311,-0.06666630209171712,0.28600710449000566,-0.17347790530514678,0.11836384168713739,1.485536223121038e-10,8.955290724739382e-10,-0.06571683326489987,0.3010225349443158
62.2,-0.06158412305584311,0.07965139443656724,-0.19180366985552436,0.18463671344749585,-4.044412071849674e-10,-1.520212868373871e-10,-0.06733739392930473,0.28651913328393,-0.18774676355800368,0.16966871740222456,0.00018698793875332679,-0.0008010106319269236,-0.0665524198443031,0.28635384346192205,-0.17406369291098067,0.1203601666619011,1.6065964669220767e-10,8.472618724220218e-10,-0.06514603624662449,0.29922056971387107
62.21,-0.06114753747279793,0.07749502586880307,-0.1932355656359418,0.18986938480592752,-4.1156974716266093e-10,-1.239656053440046e-10,-0.0676214070156231,0.2885664915472517,-0.18873035479017486,0.17316924205153483,0.00018373575047152366,-0.0007845828044819211,-0.06640990314655196,0.28655287220330783,-0.17463742099338495,0.12232199872450457,1.7285015336401467e-10,7.985311863264566e-10,-0.06454533882404805,0.2971677126017418
62.22,-0.06070323918491287,0.0754840727780011,-0.1946484138786455,0.19503265795479205,-4.1871066660599195e-10,-9.58484612885968e-11,-0.06787654261758712,0.29048440818957366,-0.18969658913599322,0.17661393050515672,0.00018040296449157425,-0.0007678646726706602,-0.0662387344340832,0.28660271998573006,-0.17519889375549447,0.12424810772977127,1.8512026257608734e-10,7.493793242088901e-10,-0.06391494972783496,0.29486327985464994
62.230000000000004,-0.06025142042817467,0.07361848848028892,-0.19604169902738275,0.20012616842567507,-4.2586117952267103e-10,-6.767109051479842e-11,-0.06810261134457891,0.2922700668921965,-0.19064512276991374,0.1800022191556764,0.00017699116232484087,-0.0007508794840864669,-0.06603891108461066,0.28650157988231656,-0.175747918998961,0.1261370835306106,1.9746504953156275e-10,6.998297257705622e-10,-0.06325510286022908,0.2923066547402687
62.24,-0.05979225891919396,0.0718974905742376,-0.19741491252929502,0.20514920428016067,-4.330184870778183e-10,-3.946177273349773e-11,-0.0682994370307281,0.29392172249809156,-0.19157561752295044,0.18333346364698974,0.00017350196021462152,-0.0007336510724385242,-0.06581044561388771,0.2862468979082111,-0.17628430826141503,0.12798751930591482,2.0987954629736395e-10,6.49923322503138e-10,-0.06256605732041062,0.28949840272257843
62.25,-0.05932591792349858,0.07032055894535354,-0.198767552895908,0.21010116060368245,-4.4017980109005594e-10,-1.1231075385972763e-11,-0.06846685695926204,0.2954366542359994,-0.19248774094830268,0.18660692694692382,0.00016993700726893344,-0.0007162011731735792,-0.06555336591120377,0.2858362492952485,-0.17680787695785732,0.12979798975699577,2.223587435089591e-10,5.996963846162607e-10,-0.06184809735069878,0.28643971938393203
62.26,-0.0588525463288725,0.06888705827225781,-0.2000991257698078,0.21498129810855984,-4.4734230191002826e-10,1.699852859529257e-11,-0.06860472211359911,0.2968121505625786,-0.19338116639658484,0.1898217600323822,0.0001662979836735197,-0.0006985499416656666,-0.06526771549624807,0.2852667889342202,-0.17731844452127568,0.13156712117678407,2.3489761549444247e-10,5.491835106165663e-10,-0.06110153220347896,0.28313260389218337
62.27,-0.05837227873257558,0.06759591598064679,-0.20140914399643872,0.21978885687973093,-4.5450320284472533e-10,4.5214698340030184e-11,-0.06871289743417176,0.29804592435659955,-0.19425557310153144,0.1929770121763619,0.00016258659901729965,-0.0006807164325531049,-0.0649535538003985,0.2845354707797213,-0.177815834538173,0.1332936330914567,2.4749108962293746e-10,4.984206616134729e-10,-0.06032669590743399,0.27958062900997127
62.28,-0.05788523556880474,0.06644552456073377,-0.20269712770136214,0.2245230177955827,-4.6165969317191427e-10,7.340275710109779e-11,-0.06879126205375416,0.299135700415397,-0.19511064627732705,0.19607158963051066,0.00015880459063230594,-0.0006627204323696361,-0.06461095648789028,0.28363854788544957,-0.17829987487919802,0.1349762205495846,2.6013407658311147e-10,4.474418254018113e-10,-0.05952394693500152,0.27578753580686477
62.29,-0.05739152327322449,0.06543420631859899,-0.20396260437162367,0.22918293530404388,-4.68808981980093e-10,1.0154723664446799e-10,-0.0688397094878346,0.30008036996148174,-0.19594607723151258,0.19910418710950925,0.00015495372453296565,-0.0006444948554608101,-0.06424001576847606,0.2825737996675543,-0.1787703978288813,0.13661358610644414,2.7282145740759485e-10,3.9628198473530686e-10,-0.05869366779301977,0.27175827786309636
62.300000000000004,-0.05689123447416266,0.06455986836575761,-0.2052051089413844,0.23376770462628108,-4.759482620443832e-10,1.2968645757062443e-10,-0.06885814780138767,0.3008777156027934,-0.19676156353204047,0.20207217405666192,0.00015103579903818503,-0.0006260223891426416,-0.06384084065809974,0.28133869706919223,-0.17922724021545552,0.1382044323415657,2.8554810771352334e-10,3.4497445260497944e-10,-0.05783626453091794,0.26749843282289604
62.31,-0.0563844482256409,0.06381976496763303,-0.2064241838834348,0.23827634098070777,-4.830747393991205e-10,1.5780660934307752e-10,-0.06884649989072388,0.3015228203662221,-0.19755680922063826,0.20497367450407855,0.00014705264325217651,-0.0006074262091656638,-0.06341355724853642,0.2799299370131332,-0.17967024353927605,0.13974750144639184,2.983088784782451e-10,2.935529137719113e-10,-0.05695216616287943,0.2630145923625894
62.32,-0.05587123027704162,0.06321126607018603,-0.20761937930842342,0.24270777456118525,-4.901856204483777e-10,1.8586055722708623e-10,-0.06880470390626865,0.3020112303427929,-0.19833152499388917,0.20780749858654216,0.00014300611006174777,-0.0005887486704359908,-0.06295830901481309,0.27834442960750017,-0.1800992540981805,0.14124157050032385,3.11098607146062e-10,2.420498060582091e-10,-0.056041824024642,0.2583134440395088
62.33,-0.05535163335673079,0.06273151327700277,-0.2087902530709426,0.24706089957897906,-4.972781115510011e-10,2.1382642618646682e-10,-0.06873271363670698,0.30234072975400567,-0.19908542834512072,0.21057214492723073,0.00013889807148468664,-0.0005699941211360576,-0.062475257136571344,0.2765787900617657,-0.18051412310930243,0.1426854494972818,3.2391212590475307e-10,1.9049838129222906e-10,-0.0551057111054446,0.2534016774081013
62.34,-0.054825697471633225,0.06237741377186955,-0.20993637087878386,0.25133461833358806,-5.043494286048425e-10,2.41693081436357e-10,-0.06863049871807514,0.3025108973826984,-0.19981824370904125,0.21326608185148357,0.0001347304170540462,-0.0005511796019757291,-0.06196458082681938,0.27462973134788293,-0.18091470682742455,0.14407798479787945,3.367442655995924e-10,1.3892916628161822e-10,-0.05414432137051866,0.24828622366996655
62.35,-0.054293450231753866,0.06214557881927667,-0.21105730640428622,0.25552777415350075,-5.11396795953452e-10,2.694567727143349e-10,-0.06849804471770807,0.30252106326835015,-0.2005297026162535,0.21588770492296133,0.00013050505263100442,-0.0005323107497171286,-0.06142647764347474,0.2724945579490122,-0.1813008666594872,0.14541806734785254,3.4958985133465776e-10,8.737325938493911e-11,-0.053158169055839775,0.24297452492030297
62.36,-0.05375490720940723,0.06203210913001847,-0.21215264140296575,0.2596390625200359,-5.184174551896754e-10,2.9712691797030776e-10,-0.06833535326468324,0.3023683003333936,-0.20121954385037621,0.2184354604693729,0.00012622389922630959,-0.0005134016015197358,-0.060861163747070415,0.27017131180968096,-0.18167246927365127,0.1467046691484847,3.6244370504095077e-10,3.5860675359242583e-11,-0.052147787905842055,0.23747489893576854
62.370000000000005,-0.05321007235063313,0.06203241069268997,-0.2132219658490915,0.26366690333940096,-5.254086409029113e-10,3.2473040265160303e-10,-0.06814244239872873,0.3020463748990688,-0.20188751361032828,0.22090759231069373,0.00012188889163199074,-0.0004944647621543043,-0.0602688741368364,0.26765717817121004,-0.18202938670099564,0.14793684185764358,3.7530065622451166e-10,-1.558171213903184e-11,-0.05111373034645049,0.23179603178502253
62.38,-0.05265893843273328,0.06214182285534073,-0.21426487808948083,0.26760966108382506,-5.323676098627187e-10,3.522111547582871e-10,-0.0679193470964851,0.30155004405991687,-0.20253336568356967,0.22330228025472876,0.00011750197694811024,-0.0004755117736062343,-0.05964986290204598,0.2649497468847016,-0.1823714964297204,0.14911369994490223,3.8815554367967275e-10,-6.692301267523231e-11,-0.05005656662148237,0.22594664802898376
62.39,-0.05210148753344424,0.062355847806579275,-0.215280985001819,0.2714658179560494,-5.392916140358091e-10,3.7953583643131665e-10,-0.06766611971694882,0.3008772161409384,-0.20315686162917918,0.2256176169562762,0.00011306511309262995,-0.0004565560650751462,-0.05900440345572874,0.26204708071446364,-0.18269868149306284,0.15023440950938338,4.0100321516715336e-10,-1.1813800899345413e-10,-0.04897688392854247,0.21993519258267377
62.4,-0.05153769150094393,0.06266973058508972,-0.21626990215033073,0.2752337881338959,-5.461779269799376e-10,4.067031962572266e-10,-0.06738283026603928,0.30002598524069496,-0.20375777096326061,0.22785179959472168,0.00010858026723359884,-0.00043761008198979224,-0.058332788705082704,0.25894827895590494,-0.1830108305507601,0.15129822246408875,4.1383853010985275e-10,-1.6919882458627547e-10,-0.047875285550340145,0.21377068241653882
62.410000000000004,-0.05096751244201569,0.06307842278007732,-0.21723125394642998,0.2789118571410121,-5.53023833980381e-10,4.3370074588070723e-10,-0.06706956661064657,0.29899376946768247,-0.2043358713419366,0.2300029916310244,0.00010404941429230401,-0.00041868324922737093,-0.0576353311513893,0.25565276530846825,-0.18330783796265523,0.15230447442357517,4.266563727077083e-10,-2.2008011153982936e-10,-0.046752389954865234,0.20746240796928772
62.42,-0.05039090323884687,0.06357656978051628,-0.21816467382431742,0.28249807491504497,-5.598266484960748e-10,4.6052736913224895e-10,-0.0667264347673699,0.2977765307035113,-0.2048909487451578,0.2320693168002051,9.947453558850187e-05,-0.00039978481661050267,-0.05691236294988544,0.25216007999675794,-0.18358960385392825,0.15325258303684625,4.39451619864245e-10,-2.7075710791658816e-10,-0.0456088298652633,0.2010198384891026
62.43,-0.0498078080817157,0.06415896713718879,-0.21906980443695512,0.28599028994001796,-5.665836887887333e-10,4.871717871866548e-10,-0.06635355930370132,0.2963693514274499,-0.20542279765986943,0.2340490045121032,9.485761753835981e-05,-0.00038092360533042725,-0.0561642359210932,0.2484709433941252,-0.18385603417239718,0.15414203763175416,4.5221919382208167e-10,-3.212062505019216e-10,-0.04444525131523579,0.19445245196922892
62.440000000000005,-0.04921816300523522,0.06482023690780417,-0.21994629787219766,0.2893861703054779,-5.732922890299273e-10,5.13607856521384e-10,-0.06595108381840938,0.29476708849398997,-0.20593122125103097,0.23594053379043312,9.02006504093976e-05,-0.00036210656428168914,-0.055391321459976633,0.24458742490222446,-0.18410704073738524,0.15497243326777346,4.6495403240836757e-10,-3.7140405031256005e-10,-0.04326231268382699,0.18777026687630435
62.45,-0.04862189641852444,0.0655553651850185,-0.22079381587764468,0.2926835186430799,-5.799498112409486e-10,5.398073159298823e-10,-0.06551917138584293,0.29296669280993043,-0.20641603151083784,0.23774262270124932,8.550562713138017e-05,-0.0003433413857129678,-0.05459401030640321,0.24051317563227734,-0.18434254127976837,0.1557434354132217,4.77651092925932e-10,-4.2132904532145667e-10,-0.042060683707253146,0.1809831760228292
62.46,-0.04801892961447559,0.06635952896021695,-0.22161203008449204,0.2958800697229296,-5.865536267505282e-10,5.657523332993953e-10,-0.06505800489571341,0.2909652971566291,-0.20687704938910478,0.23945405725351257,8.077454207524809e-05,-0.000324636212666719,-0.05377271219179932,0.23625246556064064,-0.18456245947469185,0.1564547664980566,4.903053733980257e-10,-4.709599886381874e-10,-0.0408410444966183,0.17410073762776265
62.47,-0.047409177263634514,0.0672278499954496,-0.22240062224136958,0.29897325687127574,-5.931011482219235e-10,5.914277823177977e-10,-0.06456778739007675,0.2887584957778326,-0.20731410491347174,0.24107369142182314,7.600938977102265e-05,-0.0003059994338935607,-0.05292785541197217,0.23180995570453897,-0.184766724975061,0.15710598752664942,5.029118794133224e-10,-5.205993353269367e-10,-0.03960408457709346,0.16713243159912902
62.480000000000004,-0.046792547909404826,0.06815535840523099,-0.22315928447151986,0.3019602827305968,-5.995898013731841e-10,6.168212148959276e-10,-0.0640487424922506,0.28634125133146904,-0.20772703730286787,0.24260044537465292,7.121216353734463e-05,-0.00028744116334093696,-0.05205988635867897,0.2271906231381518,-0.1849552734543139,0.157696580483179,5.154656326066329e-10,-5.700401829760071e-10,-0.038350501939713295,0.16008766979543976
62.49,-0.046168944474247776,0.0691368959177932,-0.22388771956221937,0.30483786723479905,-6.060170488853775e-10,6.420411812716415e-10,-0.06350111489931194,0.2837084635797094,-0.20811569507421246,0.24403330899603054,6.638485404306028e-05,-0.00026897038755420996,-0.05116926902125116,0.2223996602035175,-0.18512804664345417,0.1582264429763139,5.279616732782738e-10,-6.190923909426914e-10,-0.03708100209896102,0.15297583698546005
62.5,-0.04553826477545722,0.07016734018917312,-0.22458564131941838,0.3076015370356775,-6.123803550697997e-10,6.670759612919939e-10,-0.06292517083894926,0.28085669360208754,-0.20847993614168664,0.24537135904418644,6.152944799028823e-05,-0.00025059252344357397,-0.05025648445891677,0.21744266312213087,-0.18528499234455584,0.15869562044976374,5.403950886440329e-10,-6.677951067831243e-10,-0.03579629716057358,0.14580607503697354
62.51,-0.04490040204539371,0.07124147323308055,-0.2252527749582851,0.3102478733910811,-6.186772244201037e-10,6.917735388446171e-10,-0.062321198433733044,0.2777828849774531,-0.2088196279075603,0.24661376246047145,5.664792699556058e-05,-0.00023231276296832424,-0.04932203024095271,0.21232548840396168,-0.18542606442803294,0.15910418178292288,5.527609834279762e-10,-7.161042147684118e-10,-0.03449710490579553,0.13858739955901997
62.52,-0.04425524546015677,0.07235391940307016,-0.22588885744744389,0.31277403409109916,-6.24905178674163e-10,7.16106291361875e-10,-0.06168950803177372,0.27448339681536077,-0.20913464734432557,0.2477597681546784,5.1742266566795235e-05,-0.00021413568392629926,-0.0483664198607121,0.20705416534272542,-0.18555122282294026,0.15945228957383648,5.650545141686071e-10,-7.64018235131538e-10,-0.03318414788932659,0.13132874114596077
62.53,-0.043602680680189985,0.07349921598987252,-0.22649363781278922,0.3151768894529949,-6.310617771370997e-10,7.400505683937185e-10,-0.061030432547942076,0.2709549390839461,-0.20942488106823504,0.2488087147855127,4.6814435095293e-05,-0.00019606640869253807,-0.047390182129243695,0.20163494181214364,-0.18566043350070785,0.15974015431640382,5.772708826833836e-10,-8.115125184751394e-10,-0.03185815254902879,0.12403886813990131
62.54,-0.042942590395030324,0.07467199224430338,-0.22706687743027787,0.31745375798878367,-6.371446204490055e-10,7.63587230388962e-10,-0.06034432773143662,0.26719642267867677,-0.2096902254034867,0.24976004825823997,4.186639279122964e-05,-0.00017811143090005978,-0.04639386054343362,0.19607443191158402,-0.18575366845321867,0.15996803331162063,5.894053255858188e-10,-8.58579605101694e-10,-0.030519848336027087,0.11672620349915838
62.550000000000004,-0.04227485486657201,0.07586681994934047,-0.22760835030360732,0.31960191482209166,-6.431513589472026e-10,7.867010969597397e-10,-0.05963157230274318,0.2632072455889198,-0.20993058643644413,0.25061330863607517,3.69000905596562e-05,-0.00016027671199755872,-0.045378012625849264,0.19037944226081044,-0.18583090566624016,0.16013622896168458,6.014531128206101e-10,-9.052051916428769e-10,-0.02916996687151519,0.109398962290136
62.56,-0.041599352470288356,0.07707835609607346,-0.22811784332259744,0.321619043011331,-6.490796644909082e-10,8.093786377688074e-10,-0.05889256796228242,0.2589887769442109,-0.21014588005982152,0.2513681421801523,3.191746887084904e-05,-0.00014256851690793687,-0.04434320923851153,0.184557082957875,-0.1858921290887129,0.16024507598981208,6.13409584239209e-10,-9.513789732686654e-10,-0.027809241131517056,0.10206500874602524
62.57,-0.04091596022416807,0.07830154232740556,-0.22859515647428624,0.32350373297343127,-6.54927273831923e-10,8.316121993573315e-10,-0.05812773916663369,0.2545464526631466,-0.21033603200595438,0.2520243189857936,2.692045660609166e-05,-0.00012499400191101238,-0.04329003386353488,0.1786149299003495,-0.18593732859944204,0.16029491290141812,6.252700996430422e-10,-9.970900290197701e-10,-0.02643840466985905,0.09473166472148573
62.58,-0.040224554300268514,0.07953135931774998,-0.22904010299037542,0.3252549247995699,-6.606919480172305e-10,8.533949190653499e-10,-0.057337532625570814,0.24988698825916233,-0.2105009778686139,0.252581714633276,2.1910969879847728e-05,-0.00010755978187610109,-0.04221908184853805,0.1725607617253507,-0.1859664999722557,0.16028610147053493,6.370300855875733e-10,-1.0423280493641765e-09,-0.02505819088460274,0.08740593789180726
62.59,-0.039525010529624406,0.08076274468946941,-0.22945250945576803,0.32687167937519196,-6.663715007597696e-10,8.747209349693763e-10,-0.056522416645742965,0.24501741989540146,-0.2106406631142159,0.2530403007239547,1.6890911060699965e-05,-9.026667032340302e-05,-0.04113095962983895,0.16640245525874525,-0.18597964483910062,0.16021903094575268,6.486850075749285e-10,-1.0870826681911343e-09,-0.02366933231816535,0.08009459567878041
62.6,-0.03881720490868049,0.08199061774990027,-0.22983221589879177,0.3283532344570861,-6.719637992372933e-10,8.955830487834588e-10,-0.05568288041821962,0.23994527233116852,-0.21075504309401386,0.25339979631446063,1.1862172628465885e-05,-7.296866961886609e-05,-0.04002628394255837,0.16014802553882065,-0.18597677065070842,0.16009411076160143,6.602303765593779e-10,-1.1313448733790466e-09,-0.022272559983632825,0.07280414367750553
62.61,-0.03810101410756824,0.08320988262967174,-0.23017907586582087,0.3296989736318699,-6.774667436509169e-10,9.159766048417891e-10,-0.05481943326438843,0.2346784346894627,-0.21084408310218053,0.2536587767601538,6.826644412741654e-06,-5.564914615329938e-05,-0.038905681014819005,0.15380571948644384,-0.18595789063537863,0.1599117618648172,6.716617658880062e-10,-1.1751046990231622e-09,-0.020868602716678352,0.0655408320985738
62.620000000000005,-0.03737631597994563,0.08441541713664996,-0.23049295647998672,0.3309084502987608,-6.828782919775821e-10,9.359010948032905e-10,-0.05393260384253117,0.22922517680056465,-0.21090775846300402,0.2538168660404092,1.7862118932488204e-06,-3.84687157212189e-05,-0.037769785749981716,0.14738371208718673,-0.18592302375626604,0.1596724227604091,6.829747890639421e-10,-1.2183533226646334e-09,-0.01945818655367559,0.058310640652580466
62.63,-0.03664299007452367,0.08560208451513535,-0.2307737384839484,0.3319813699541992,-6.8819644128658e-10,9.55350757736858e-10,-0.05302293931843779,0.22359409234754443,-0.21094605456229124,0.2538745506200496,-3.2572525239591843e-06,-2.144983338675201e-05,-0.036619240910476934,0.14089009476727257,-0.18587219466738317,0.15937653847624253,6.941651121909423e-10,-1.2610805834008063e-09,-0.01804203413656371,0.051119279244940606
62.64,-0.0359009181479127,0.08676473359385067,-0.23102131626658384,0.3329176076322194,-6.934192449072639e-10,9.74325178351198e-10,-0.052091004502817416,0.21779408865229818,-0.21095896681835666,0.25383222418893403,-8.301893840785425e-06,-4.580772304077519e-06,-0.03545469630672194,0.13433297666302074,-0.18580543366871802,0.15902456125331582,7.052284564885785e-10,-1.303278251804016e-09,-0.01662086414456542,0.043972192135862204
62.65,-0.03514998467883228,0.0878981902168162,-0.23123559787296827,0.3337172120532815,-6.985447855142964e-10,9.92819635552563e-10,-0.05113738095822661,0.21183435245248983,-0.21094650063532477,0.2536904506943487,-1.3345875076254916e-05,1.2127262546890801e-05,-0.03427680798809924,0.12772042674588585,-0.18572277666046863,0.15861695657073516,7.161606087241913e-10,-1.3449363342271174e-09,-0.015195390752525368,0.03687455937838106
62.660000000000004,-0.03439007738367795,0.08899727071855029,-0.23141650499755606,0.33438039076288695,-7.035712161672046e-10,1.0108331370247505e-09,-0.05016266607851526,0.20572431551311102,-0.21090867134901364,0.2534498219852677,-1.8387378024894907e-05,2.867242436282668e-05,-0.03308623743685292,0.12106047240996327,-0.18562426509643193,0.1581541920182772,7.269573848174183e-10,-1.3860457617869474e-09,-0.013766323115777763,0.02983129606257249
62.67,-0.03362108773281502,0.09005678687395172,-0.23156397296135087,0.3349075058681884,-7.084967226025495e-10,1.028364101889215e-09,-0.04916747214425664,0.1994736190402548,-0.2108455041652232,0.25311102296448373,-2.3424604100821305e-05,4.504920042727237e-05,-0.03188365076698788,0.1143610712831073,-0.18550994593712583,0.15763673248321147,7.376146853362182e-10,-1.4265976367130107e-09,-0.012334364881490551,0.022847054182776525
62.68,-0.032842911466991996,0.09107154957677463,-0.2316779506737054,0.3352990695713538,-7.133195485189237e-10,1.0454123941957958e-09,-0.048152425357575204,0.19309208131323324,-0.21075703409124397,0.25267479214385474,-2.845577507526714e-05,6.125478616824423e-05,-0.03066971793005852,0.10763009665286555,-0.18537987160318864,0.1570650373149871,7.481284418879015e-10,-1.4665826079878705e-09,-0.010900213726297339,0.015926225714706112
62.690000000000005,-0.03205544911348982,0.0920363725921843,-0.23175840057921693,0.33555573897968805,-7.180379816896051e-10,1.061978199918833e-09,-0.047118164859709266,0.1865896639676359,-0.21064330586087213,0.25214193379843297,-3.3479133749695255e-05,7.72858319828876e-05,-0.029445111929752108,0.10087531715735813,-0.18523409992938017,0.1564395574508047,7.584946574832253e-10,-1.5059922604039504e-09,-0.009464560919907397,0.009072946435645086
62.7,-0.03125860650164146,0.09294607646380916,-0.2318052985902875,0.3356783088784859,-7.226503587277887e-10,1.0780753900805711e-09,-0.04606534173461998,0.17997643933351612,-0.21050437385354245,0.25151330398971505,-3.849294454948844e-05,9.314005659384272e-05,-0.028210508047052236,0.09410438071877877,-0.18507269411945992,0.155760732906167,7.687093922399334e-10,-1.5448178705081375e-09,-0.008028090914304918,0.0022911004236503317
62.71,-0.030452295276928887,0.0937955058756997,-0.23181863407193454,0.33566556921949553,-7.271550440092973e-10,1.0941622635811825e-09,-0.04499461799015407,0.17326293915917135,-0.21034030200825093,0.25078980339254653,-4.349549397606799e-05,0.00010881775279058251,-0.026966583077598895,0.08732480101565564,-0.18489572270241011,0.15502898347219732,7.787687687762378e-10,-1.5830503046185335e-09,-0.006591480958158216,-0.004415677475729534
62.72,-0.029636433412933753,0.09457952341546971,-0.23179840993234044,0.3355160046251296,-7.315504331977313e-10,1.1099041493727323e-09,-0.0439066655099205,0.16645983850006033,-0.21015116373298978,0.24997237437579276,-4.8485090854888216e-05,0.00012432035958072067,-0.025714014582802185,0.0805439393062155,-0.18470325949040461,0.1542447121898601,7.886689587149574e-10,-1.6206815075353386e-09,-0.005155400735962132,-0.011043993382445766
62.730000000000004,-0.028810945721507802,0.09529299680315803,-0.2317446426926412,0.3352305450708032,-7.358349519902242e-10,1.1250963370073189e-09,-0.04280216500103335,0.15957742357441973,-0.20993704180987455,0.24906200444565263,-5.3460066518069325e-05,0.0001396473087687966,-0.024453480156424012,0.0737689864880186,-0.18449538353831463,0.15340831253557688,7.984061984038036e-10,-1.6577044395320237e-09,-0.003720512031179786,-0.017590685326717988
62.74,-0.027975764361382632,0.09593081594811144,-0.23165736242652188,0.3348106230892935,-7.40007064040345e-10,1.1398467147459893e-09,-0.04168180496110325,0.15262588949278127,-0.20969802829621303,0.24805971433729523,-5.841877505215655e-05,0.00015479773077851632,-0.023185656708139084,0.06700695332250726,-0.18427217910449933,0.15252016297877113,8.079768011163606e-10,-1.6941104175887514e-09,-0.0022874684126887633,-0.024052819566145585
62.75,-0.027130829344228707,0.09648790630313803,-0.23153661262976927,0.33425757294063524,-7.440653029813269e-10,1.1541122101092449e-09,-0.04054628065789371,0.1456154176711836,-0.20943422442246026,0.24696654429561182,-6.335959367385743e-05,0.00016976770951412722,-0.021911219765340006,0.06026465660852856,-0.18403373561285513,0.15158063201007108,8.173771159042829e-10,-1.729902249547607e-09,-0.0008569149440267195,-0.030427685910852043
62.76,-0.026276089037227925,0.09695922800037413,-0.2313824500789991,0.3335729166803452,-7.480082317110612e-10,1.1679228883588959e-09,-0.03939629311449059,0.13855609296284666,-0.20914574049170223,0.24578343315810547,-6.828091988851396e-05,0.0001846621548957726,-0.02063084279368481,0.053548731155518246,-0.18378014761662695,0.1505900572253713,8.266035730165882e-10,-1.765072357430874e-09,0.0005705120850632911,-0.03671279126611263
62.77,-0.02541150066105896,0.09733980476820694,-0.23119494468290086,0.3327581825154894,-7.518344620710898e-10,1.1812765687989694e-09,-0.03823254810270263,0.1314578981819817,-0.20883269588103323,0.24450816878517231,-7.318115499584034e-05,0.00019985629750430184,-0.01934519652090449,0.04686612141849551,-0.18351151476540556,0.14954872940679076,8.356526687120426e-10,-1.799602377976227e-09,0.0019941854056424405,-0.04290584557170846
62.78,-0.024537030782385883,0.09762470914825493,-0.23097417932686345,0.33181498448557434,-7.555426642125554e-10,1.194184086709828e-09,-0.037055755147971624,0.12433066945023269,-0.20849521918661418,0.24313899078952977,-7.805869262427729e-05,0.0002150593801051904,-0.018054948257060655,0.04022350756275097,-0.1832279417771977,0.14845687031767332,8.445209396396633e-10,-1.8336252968795326e-09,0.003413486995996127,-0.0490047607044675
62.79,-0.023652655801823606,0.09780903534138441,-0.2307202497105262,0.33074502570935777,-7.591315413355696e-10,1.2066490598158162e-09,-0.035866626548007374,0.1171840973624495,-0.20813344832390437,0.2416768859731776,-8.291193123333994e-05,0.0002300948021828743,-0.016760761242406982,0.03362690197218442,-0.18292953845825957,0.14731329496352727,8.532049737757482e-10,-1.867710485250461e-09,0.004827808294697265,-0.05500742881817702
62.800000000000004,-0.02275836243810643,0.09788792563731756,-0.230433264177032,0.3295500817432382,-7.625998360771024e-10,1.2186800011509521e-09,-0.03466587640688747,0.11002769740426153,-0.20774753047912228,0.24012297785767978,-8.773928645490896e-05,0.00024503436055208427,-0.015463294041666553,0.027082053539925034,-0.1826164197873408,0.14611702666306273,8.617013871708816e-10,-1.9012853634851437e-09,0.006236550404201249,-0.06091195241337357
62.81,-0.021854148206966312,0.09785659390264968,-0.23011334363135505,0.3282288704157549,-7.659463361474642e-10,1.2308777044444827e-09,-0.03345421966901736,0.10287136406576974,-0.20733762200167485,0.23847832638775,-9.253919209393759e-05,0.0002598467977818196,-0.014163199971682267,0.02059447963398763,-0.18228870598287958,0.144868208634449,8.700068281191524e-10,-1.9340579784389132e-09,0.0076391242735261225,-0.06671678709330812
62.82,-0.020940021892884703,0.09771033320902585,-0.22976062172513279,0.32677632196984413,-7.691698186000737e-10,1.2429334081716534e-09,-0.032232371121821556,0.09572551110474743,-0.20690388829634526,0.2367440142644483,-9.731009944121105e-05,0.00027456083408955136,-0.012861126553502187,0.014169445452811572,-0.18194652251080634,0.1435669838349394,8.781180307772648e-10,-1.9661575476676114e-09,0.009034950853766243,-0.07242056811570992
62.83,-0.020016004013406866,0.09744449966845867,-0.22937524512110732,0.32519280535676376,-7.722690965945052e-10,1.2544815409095492e-09,-0.031001044403239406,0.08859932289567403,-0.2064465037161763,0.2349211067495075,-0.00010205047647775912,0.00028917811131769965,-0.011557714989385575,0.007811961411326569,-0.1815900000711866,0.14221346502402707,8.860317897423148e-10,-1.997501551330871e-09,0.010423461232788827,-0.07802209149113547
62.84,-0.01908212727652527,0.09705451612493139,-0.22895737349885606,0.32348079533170826,-7.752429947377891e-10,1.265605521985648e-09,-0.029760951080115464,0.08150132350384032,-0.20596565150082274,0.2330092097133348,-0.00010675879240443223,0.00030418104116941,-0.010253599657921707,0.0015270196274598225,-0.1812192745868067,0.1408077511853289,8.937449910324676e-10,-2.028113816953019e-09,0.011804096753432476,-0.08352031403359095
62.85,-0.01813843703200239,0.0965358504234859,-0.22850717937792486,0.32164183433532867,-7.780904206173707e-10,1.276271938217567e-09,-0.02851279978714414,0.07443992018922443,-0.20546152401021578,0.231000707572933,-0.00011143348808321245,0.00031975695141834464,-0.008949407585512149,-0.004679430378434809,-0.18083448719334308,0.13934993214849906,9.012545747289678e-10,-2.0579741507933437e-09,0.013176309115697622,-0.08891434953517253
62.86,-0.017184991716004926,0.09588407197060288,-0.22802484799035183,0.3196760100740954,-7.808102920716053e-10,1.2869369913914288e-09,-0.02725729538505369,0.06742350758797191,-0.20493432319365315,0.22889284570951032,-0.00011607297244845681,0.0003354142079977459,-0.007645757903122391,-0.010802483366515821,-0.18043578423041035,0.1378400934342188,9.085575731936723e-10,-2.0870841933454195e-09,0.014539560463090448,-0.09420346933956956
62.870000000000005,-0.0162218632864971,0.09509485314826582,-0.2275105776175979,0.3175712891439846,-7.834015394026354e-10,1.2977198038730371e-09,-0.025995138061942306,0.06046241915204725,-0.2043842608494613,0.2266864995681498,-0.00012067564307922104,0.00035115193494804565,-0.006343261362440079,-0.01683810169956909,-0.18002331723435208,0.13627827740648638,9.156510822381302e-10,-2.1154114422636935e-09,0.01589332345393618,-0.09938707729551081
62.88,-0.015249137647355623,0.09416399329935318,-0.22696458032940023,0.31532294123585425,-7.858630899883246e-10,1.3081070964888442e-09,-0.024727022389072584,0.05356536918116563,-0.2038115586409713,0.2243815218066379,-0.00012523989563657605,0.0003669797401639661,-0.005042519918455176,-0.02278234103253299,-0.17959724294262344,0.1346642230050562,9.225322783785769e-10,-2.1433626860065363e-09,0.017237081320300673,-0.10446466651426785
62.89,-0.014266915059673885,0.09308742846773732,-0.22638708241347927,0.31293232588451175,-7.881939283894166e-10,1.3179545952076218e-09,-0.023453636462846206,0.046739629159164145,-0.20321644805380945,0.22197898065008634,-0.00012976412544769237,0.00038283058936418806,-0.003744126348314986,-0.028631725300008605,-0.17915772344537412,0.13299341329515788,9.291983395118957e-10,-2.1715876592415646e-09,0.01857032793639076,-0.10943519644020448
62.9,-0.013275310539382286,0.09186122948868025,-0.22577832437576736,0.3104003015141197,-7.903930643549042e-10,1.3272731391260357e-09,-0.022175661157897254,0.03999221672863087,-0.20259917031912944,0.2194797581218884,-0.00013424672956884113,0.0003987372705584844,-0.0024486639025313927,-0.034383016793691004,-0.17870492650425507,0.131262917196712,9.35646489626525e-10,-2.1991340374552e-09,0.019892567900389704,-0.114297987945514
62.910000000000004,-0.012274454240487677,0.09048162401644995,-0.22513856080092295,0.3077291587986789,-7.924595903108544e-10,1.3360330248027635e-09,-0.020893769440295095,0.033329532855426,-0.20195997631948423,0.21688481916680255,-0.00013868610679182365,0.0004146882769223342,-0.001156705985797597,-0.04003325594568028,-0.1782390257900841,0.12947261952122127,9.418739833632402e-10,-2.225720348018937e-09,0.0212033165915649,-0.11905292545721025
62.92,-0.011264491823228213,0.08894498596296418,-0.22446806017126048,0.3049205659761826,-7.943926268314762e-10,1.3442471754241045e-09,-0.019608625724003348,0.026757727190745623,-0.20129912649593673,0.2141950754945054,-0.00014308065717891493,0.0004306940046856342,0.00013118413581327738,-0.04557974049067475,-0.17776020097257275,0.12762167859242776,9.478781794075751e-10,-2.2514888233350716e-09,0.022502100192128293,-0.12369990104533883
62.93,-0.010245584806878736,0.08724784786722792,-0.22376710467843272,0.3019765062840778,-7.96191366160486e-10,1.3519079517997882e-09,-0.018320885265081487,0.020282523878709588,-0.20061689075575054,0.21141145256126068,-0.00014742878170188195,0.0004467544262545821,0.0014144536012903886,-0.051020032338883727,-0.1772686377734413,0.12570979972333696,9.536565293651373e-10,-2.276248851115926e-09,0.023788455691441963,-0.12823900504354774
62.940000000000005,-0.009217910906638862,0.08538690675648218,-0.22303599003684063,0.29889880222920356,-7.978550574564885e-10,1.3590178423009973e-09,-0.017031193592485578,0.013909303376378777,-0.1999135483811109,0.20853485491599694,-0.00015172888176676413,0.00046287558559879777,0.0026925601951009264,-0.05635194915277141,-0.17676452800100945,0.12373687868469865,9.592065613577649e-10,-2.3000266411974745e-09,0.025061930875922806,-0.13267046831480278
62.95,-0.008181664353845848,0.08335903169005529,-0.22227502529659396,0.2956893472475017,-7.993830016773243e-10,1.3655747029700428e-09,-0.015740185976237935,0.0076430581949165684,-0.19918938793875518,0.20556618261818205,-0.00015597935872153055,0.000479060732153214,0.003964972561892382,-0.0615735634505448,-0.17624806956625752,0.1217027573256704,9.645259181242701e-10,-2.3227846851037576e-09,0.026322084304997276,-0.13699462113036198
62.96,-0.007137056198811099,0.0811612709752046,-0.2214845326577243,0.29234998430084796,-8.007745531626839e-10,1.3715786760094616e-09,-0.014448486932889562,0.0014884135347521467,-0.19844470719065666,0.2025063225146572,-0.00016017861332734916,0.0004953146260665914,0.005231170395851634,-0.06668319719483981,-0.1757194664968775,0.11960730746113747,9.696123421128391e-10,-2.3445174558998174e-09,0.027568485276007523,-0.14121190223130087
62.97,-0.0060843145955729525,0.07879085902970026,-0.2206648472853391,0.2888825618754407,-8.020291333490761e-10,1.3770289831407921e-09,-0.013156709768437498,-0.004550382668256122,-0.19767981300573256,0.19935615256366057,-0.0001643250452236268,0.0005116413399606503,0.006490644605118766,-0.07167941817631057,-0.17517892895121429,0.11745039146897918,9.74463679065112e-10,-2.3652032341549933e-09,0.028800713778736612,-0.1453228490389887
62.980000000000004,-0.005023685067919397,0.07624522191113135,-0.21981631712632285,0.2852889023571788,-8.031461993984237e-10,1.38192429300455e-09,-0.01186545615856662,-0.01046945284783845,-0.19689502127258687,0.19611654014811003,-0.00016841705238351766,0.000528045154144943,0.007742897451692052,-0.07656103511427381,-0.1746266732317041,0.11523188436080326,9.790778838904411e-10,-2.3848282581816283e-09,0.030018360439851312,-0.14932809788557352
62.99,-0.003955430756234052,0.07352197892723969,-0.21893930272760637,0.2815708160354222,-8.04125294617362e-10,1.3862643039969312e-09,-0.010575315766068356,-0.016265289835675708,-0.1960906568132192,0.19278834419069535,-0.00017245303060683167,0.0005445290409361652,0.00898744266726243,-0.08132709352358337,-0.17406292179810526,0.11295165410106883,9.83453005920123e-10,-2.4033760630086654e-09,0.031221026457562313,-0.15322838037422112
63.0,-0.0028798326445718136,0.07061895602928504,-0.21803417705627431,0.2777300900856915,-8.049659842679805e-10,1.3900463290482193e-09,-0.00928686589513181,-0.021934751433231342,-0.19526705329764932,0.18937241446487033,-0.0001764313730629593,0.0005610960973871429,0.01022380554544902,-0.0859768701400605,-0.17348790328058947,0.11060957664138722,9.875872131324865e-10,-2.4208355053875257e-09,0.03240832352681814,-0.15702451886764238
63.01,-0.0017971897669823262,0.06753419509674943,-0.21710132532171908,0.2737684904698005,-8.056679229732176e-10,1.3932688317462302e-09,-0.008000671182140675,-0.02747505700845303,-0.19442455315941337,0.18586959268304817,-0.00018035046982404912,0.0005777501863832777,0.01145152301099157,-0.09050986674889738,-0.17290185249196147,0.10820554822385636,9.914787739467799e-10,-2.437190055220904e-09,0.03357987375542319,-0.16071742309638
63.02,-0.0007078193922183012,0.06426595830529522,-0.2161411448000392,0.26968775950724105,-8.062308001389579e-10,1.395928672857293e-09,-0.006717283322566141,-0.03288378274473253,-0.1935635075118637,0.18228071327196568,-0.00018420870734487202,0.0005944954127704771,0.012670143666504362,-0.09492580448284846,-0.1723050104382009,0.10573948231783781,9.951260793991248e-10,-2.4524264930860598e-09,0.034735309571345956,-0.16430808930393095
63.03,0.0003879428137275184,0.060812733650620704,-0.21515404466074392,0.2654896164356566,-8.066543647822592e-10,1.3980222930732735e-09,-0.00543724083347609,-0.03815885616531163,-0.1926842760651723,0.17860660471054055,-0.00018800446790924198,0.0006113359328530436,0.013879227817366953,-0.09922461800614235,-0.17169762432728355,0.10321130796763772,9.985276206905558e-10,-2.4665289225997777e-09,0.03587427362140567,-0.1677975980622597
63.04,0.0014897426477263828,0.057173238983239706,-0.2141404457957792,0.2611757574646522,-8.06938434885152e-10,1.399545421998586e-09,-0.004161068851083616,-0.04329854940330176,-0.19178722704390205,0.17484809122436665,-0.00019173612906567215,0.0006282758502189836,0.015078347475324622,-0.10340644981281658,-0.17107994757636275,0.10062097169884418,1.0016820048814025e-09,-2.4794837623092157e-09,0.036996418661539625,-0.17118711192380898
63.050000000000004,0.002597207252724513,0.05334642736431817,-0.2131007806508439,0.2567478562649505,-8.07082871918772e-10,1.4004934303748098e-09,-0.0028892789626763227,-0.04830147224227064,-0.19087273710499073,0.17100599427382682,-0.00019540206306309892,0.0006453191838777164,0.01626708634137886,-0.10747164418996681,-0.17045223981721655,0.09796843853930054,1.004587968663037e-09,-2.491275562781144e-09,0.03810140743888465,-0.17447787319046798
63.06,0.003709945024540688,0.04933149181496601,-0.2120354930589494,0.2522075645719317,-8.070876084384408e-10,1.4008607322852748e-09,-0.0016223690722128202,-0.053166564515941796,-0.18994119125598685,0.16708113421749404,-0.0001990006362903051,0.0006624698590373112,0.017445039768566692,-0.11142074111396423,-0.16981476689980554,0.09525369415076262,1.0072443367274214e-09,-2.501890672466979e-09,0.03918891256589644,-0.1776712017627982
63.07,0.004827545542729488,0.04512786992354003,-0.21094503807614948,0.2475565131996832,-8.069526243861768e-10,1.4006418640484782e-09,-0.00036082329882676674,-0.05789308809515089,-0.1889929827733715,0.1630743320552115,-0.00020253020872105086,0.0006797316904344317,0.01861181470524312,-0.11525447004066397,-0.1691678008937651,0.09247674645111195,1.0096500792308267e-09,-2.5113150946793188e-09,0.04025861638672134,-0.18076849306061374
63.08,0.005949579525949602,0.04073524805481149,-0.20982988181933795,0.2427963132813616,-8.066779662828961e-10,1.399830533191542e-09,0.0008948880925716002,-0.062480618429767834,-0.18802851312078858,0.15898641128029048,-0.0002059891333664276,0.0006971083705145358,0.019767029619486,-0.11897374363057286,-0.16851162008765125,0.0896376274802409,1.0118042660601428e-09,-2.519534702485008e-09,0.04131021083603082,-0.18377121600591065
63.09,0.007075598812252904,0.03615356527158711,-0.2086905013059838,0.2379285577866947,-8.062637364777162e-10,1.3984210204957509e-09,0.0021443087294435084,-0.06692903573375261,-0.18704819186699703,0.1548181998024625,-0.00020937575573588902,0.0007146034561156826,0.02091031440525393,-0.12257965141177368,-0.16784650898576173,0.0867363951208284,1.0137060950443295e-09,-2.5265366295131305e-09,0.042343397290518614,-0.18668091104905427
63.1,0.008205136364671664,0.03138301690300513,-0.20752738429564824,0.2329548232483,-8.057101032409925e-10,1.3964070591824237e-09,0.00338699613940579,-0.07123851584065365,-0.18605243660335086,0.15057053193743122,-0.00021268841330826394,0.0007322203568865917,0.022041310270931074,-0.12607345339629994,-0.16717275830235515,0.08377313486037101,1.0153548937413382e-09,-2.53230789303812e-09,0.04335788641326008,-0.18949918822935738
63.11,0.009337706302153128,0.02642404817409984,-0.20634102913297478,0.22787667598344016,-8.050172868931922e-10,1.3937842480923278e-09,0.004622521728656099,-0.07540951795129898,-0.18504167286050202,0.14624425382698272,-0.00021592543501650462,0.0007499622444926406,0.023159669610841854,-0.1294565754801805,-0.1664906649529535,0.08074796603264502,1.0167500997045361e-09,-2.5368434861776697e-09,0.04435339799122792,-0.19222772201728183
63.120000000000005,0.010472803906702964,0.021275769310978795,-0.20513194456978645,0.22269638560270624,-8.041855725803255e-10,1.390584397230161e-09,0.005850470746615053,-0.07944230548180702,-0.1840163340066185,0.14184078724804186,-0.0002190851411817599,0.000767818297388455,0.02426505585096168,-0.1327309049148955,-0.16580053201582096,0.07766190250522093,1.0178912727384029e-09,-2.540334938956933e-09,0.045329660780877745,-0.19486777776897996
63.13,0.011609905499384197,0.015935010156102603,-0.20390064951871034,0.21741732104449157,-8.032153011695751e-10,1.3869177037696119e-09,0.007070442262598862,-0.08333688408913938,-0.18297686108699115,0.13736252440346677,-0.00022216584466243884,0.000785761285329019,0.025357143256781782,-0.13589870887509434,-0.16510266840782487,0.07452375923737103,1.0187780632217698e-09,-2.543298404913703e-09,0.04628641228309769,-0.19742352351684325
63.14,0.012748468075753529,0.010395288061608755,-0.2026476726441995,0.21204591019224484,-8.02106835171704e-10,1.383644749098583e-09,0.008282049095849234,-0.08709530805320063,-0.18192370241299236,0.1328180579565371,-0.00022516585193556427,0.0008038021330527512,0.02643561667497958,-0.13896349103383493,-0.16439738804168968,0.0713460995007288,1.0194101801260783e-09,-2.5459454199399365e-09,0.0472233983151931,-0.19990132270415006
63.15,0.013887928741303733,0.004650363955238135,-0.20137355159982692,0.2065944441949637,-8.008605063569085e-10,1.380709901525594e-09,0.009484917552149622,-0.09072278096916284,-0.18085731275263092,0.12821834733297666,-0.00022808346913609658,0.0008217405804985667,0.02750017115621656,-0.14193038105284494,-0.16368500870382674,0.06813954994670984,1.01978738163806e-09,-2.5478958729907293e-09,0.048140372465299015,-0.20230597571124279
63.160000000000004,0.0150277042377544,-0.0013013596792818883,-0.20007883212155053,0.2010685417696136,-7.994766352863504e-10,1.3773725765108276e-09,0.010678687031056672,-0.09422234450084388,-0.1797781524257621,0.12356968591872068,-0.0002309170115883779,0.0008395758492476172,0.02855051152971661,-0.1448026756235389,-0.16296585106510808,0.0649111298164699,1.019909481248637e-09,-2.5494555839774163e-09,0.049037095610433845,-0.20464131297199636
63.17,0.016167190739679916,-0.007460309186844955,-0.1987640673405718,0.19547362958701278,-7.979555590510419e-10,1.374520093961366e-09,0.011863009688170624,-0.09759669902250974,-0.17868668651053113,0.11888071323602664,-0.0002336648107166497,0.0008572071241356669,0.02958635199787801,-0.14758491585745145,-0.1622402379282128,0.06166720489983678,1.0197763341988686e-09,-2.5503003190519087e-09,0.049913335526831824,-0.20691072435902266
63.18,0.017305763829966323,-0.013825956543975271,-0.1974298171347889,0.18981846047877668,-7.962975628394129e-10,1.3716052847492927e-09,0.013037550100105329,-0.10085038741398888,-0.1775833841717198,0.11415535071291329,-0.00023632522314819207,0.0008744942505467034,0.030607415757486316,-0.15027996454744325,-0.16150849370078502,0.05841017895235284,1.0193878942399883e-09,-2.5501997061763732e-09,0.05076886658074794,-0.20911631693603366
63.190000000000005,0.018442778625924274,-0.020395167805422994,-0.1960766475125407,0.1841055409172654,-7.945029759257952e-10,1.3680653375672535e-09,0.014201984905621917,-0.10398599600337509,-0.1764687182464628,0.10939522775283986,-0.0002388966365880642,0.0008915286609177947,0.031613434701226524,-0.15288997190533693,-0.16077094404249917,0.055143578448924285,1.0187441610499328e-09,-2.5496697899969626e-09,0.05160346947229056,-0.2112608134032697
63.2,0.01957757005927352,-0.0271645947232465,-0.194705130272241,0.1783363028704377,-7.925721635058837e-10,1.3640697092318313e-09,0.015356002522612697,-0.10700560462231005,-0.17534316485795387,0.10460775269922407,-0.00024137746892133688,0.0009082755525629723,0.03260414911739354,-0.1554193632435527,-0.1600279155033272,0.05187195408018506,1.0178452139319161e-09,-2.5483203863401183e-09,0.05241693096856559,-0.21334711770718026
63.21,0.020709453218128043,-0.03413088278501866,-0.19331584277467392,0.1725142438414874,-7.905055163925164e-10,1.3601029171587147e-09,0.016499302903904507,-0.10991209857395874,-0.1742072029109916,0.09979638182880061,-0.0002437661720984713,0.0009245982112254916,0.03357930733716865,-0.1578710800006016,-0.15927973519589472,0.04859639442170367,1.0166912103473962e-09,-2.5460180109858284e-09,0.053209043649149586,-0.21537705062293924
63.22,0.021837723722983503,-0.04128972131953077,-0.19190936754247323,0.1666458420645905,-7.883034445372162e-10,1.3560348020348587e-09,0.017631597221918167,-0.1127097046704167,-0.17306131374755634,0.09496201054425747,-0.00024606124053558743,0.0009404575486709551,0.03453866543237382,-0.16024734600913804,-0.15852673063138942,0.045317572513774336,1.0152823928838624e-09,-2.5427931075489663e-09,0.053979605703026935,-0.21735238252999467
63.230000000000004,0.022961658189231893,-0.04863552485174819,-0.19048629178141624,0.16073401642267213,-7.859663759138952e-10,1.3513541974708278e-09,0.018752607500629927,-0.11540169604368126,-0.17190598099822865,0.0901058149697518,-0.0002482612154785324,0.00095585438099703,0.03548198696904028,-0.16255067517121036,-0.15776922965087012,0.04203595059038975,1.01361910999326e-09,-2.5385746623816643e-09,0.05472842074763032,-0.21927494115410304
63.24,0.024080514789075455,-0.056162127734692736,-0.18904720708290051,0.15477960120845935,-7.834947931103049e-10,1.3460556802885756e-09,0.01986206628853843,-0.11799068582658631,-0.17074169047295248,0.08522888527136396,-0.0002503646844700384,0.0009708215990950862,0.03640904275844283,-0.1647836600158532,-0.15700756031922902,0.03875380361019532,1.0117017810002402e-09,-2.5337547983866712e-09,0.05545529763347463,-0.22114696216588015
63.25,0.025193533869498404,-0.06386328056133714,-0.18759270927386523,0.14878426540865977,-7.808892339471835e-10,1.3401177222391152e-09,0.020959716369849106,-0.12047971662886034,-0.16956892993340575,0.08033610440439619,-0.0002523702782604407,0.000985397823738179,0.03731961056860534,-0.16694986346390686,-0.15624205071378383,0.03547405438051538,1.0095309177428014e-09,-2.528056422717656e-09,0.05616005022172225,-0.22297087011939523
63.26,0.02629993860028547,-0.07173225772411995,-0.1861233982778188,0.14274931554665987,-7.781503082809436e-10,1.3335295743918832e-09,0.022045310470809886,-0.12287172337391591,-0.16838818873282374,0.07543063521961757,-0.0002542766714563188,0.0009994704850687195,0.03821347479897136,-0.16905244080465853,-0.1554730287105826,0.032197502566515074,1.0071071002657772e-09,-2.5213103301001073e-09,0.05684249716274098,-0.22474849391376267
63.27,0.02739893565959978,-0.07976192414905248,-0.18463987797145948,0.13667624514103985,-7.752786733183111e-10,1.3262810729875463e-09,0.023118610958743048,-0.12516977636067025,-0.16719995753712905,0.0705133300887374,-0.0002560825889574327,0.0010129775446929318,0.03909042617552965,-0.17109391651386283,-0.1547008218745805,0.028924564232220097,1.0044310284547572e-09,-2.5136099666401616e-09,0.057502461704418965,-0.22648153085813436
63.28,0.028489715962291412,-0.08794471029438525,-0.18314275603952912,0.13056653602693552,-7.72275071689635e-10,1.3184943404999732e-09,0.024179389530370642,-0.12737714739659636,-0.16600472818459888,0.06558534967137145,-0.00025778681100674963,0.0010259179577842509,0.03995026148519423,-0.17307681333719338,-0.1539257574061547,0.025655801936856345,1.0015034800543457e-09,-2.5048938148340355e-09,0.058139771514801715,-0.22817180717226793
63.29,0.029571455434813997,-0.09627248286084895,-0.1816326437465106,0.12442426203318378,-7.691402683561415e-10,1.3104811266512144e-09,0.02522742686294377,-0.12949790374108394,-0.1648029935828197,0.060647630755780085,-0.0002593881747727059,0.0010382730607501043,0.04079278332100655,-0.17500371278848656,-0.1531481620919413,0.02239164878231341,9.983253553080752e-10,-2.4951616208261136e-09,0.05875425850376102,-0.22982105726123891
63.300000000000004,0.030643315840888738,-0.10473663200236522,-0.1801101556072275,0.11825263110436895,-7.658750947086582e-10,1.3018625957206782e-09,0.026262512229041253,-0.13153588964013124,-0.16359524760967434,0.05570113935275293,-0.00026088557528883185,0.0010500339630697601,0.04161779982268266,-0.176877255673048,-0.15236836225805508,0.01913257329111104,9.948976310979453e-10,-2.484404002935236e-09,0.059345758647276,-0.23143099610435997
63.31,0.03170444565396834,-0.11332814157460361,-0.17857590910979046,0.11205287970891827,-7.624804142312962e-10,1.292469070111017e-09,0.027284443121847222,-0.13349446110200192,-0.1623819850182575,0.05074680992357634,-0.00026227796629323,0.0010611905570973284,0.042425124414232476,-0.17870004480135926,-0.1515866837251851,0.015879008362019036,9.912214003513398e-10,-2.47262382769861e-09,0.05991411181420056,-0.23300335072298292
63.32,0.032753980980907725,-0.12203727781569539,-0.17703052455142337,0.10582629401961462,-7.589571605961831e-10,1.282382027206845e-09,0.028293024895404036,-0.13537741426807245,-0.16116370133977848,0.045785672884999594,-0.0002635643608792368,0.0010717344671925875,0.04321457555400835,-0.18047430447731136,-0.15080345176539472,0.012631365127771774,9.872978688787012e-10,-2.4598177034860456e-09,0.060459161577191826,-0.2345403556331519
63.33,0.033791046577054146,-0.13085274017467002,-0.1754746249157418,0.09957399792063573,-7.553063711438801e-10,1.271563452296002e-09,0.029288070353174295,-0.13718982906513555,-0.15994089277546578,0.04081898056639091,-0.00026474383215062235,0.001081655188546703,0.043985976544923165,-0.1822009414256402,-0.15001899106558517,0.009389895565350484,9.831283128614785e-10,-2.445986256052755e-09,0.06098075494466736,-0.23604598475499677
63.34,0.034814756984658066,-0.13976218671191362,-0.17390883575720364,0.09329710916182635,-7.515291149641767e-10,1.2600431951110459e-09,0.030269399238964344,-0.1389376139559546,-0.15871405603567235,0.035849278468594176,-0.0002658155121833506,0.0010909995062724927,0.04473915543546831,-0.18388027268743842,-0.1492336256913118,0.006155107725017754,9.787141422225533e-10,-2.4312315439524364e-09,0.061478741961256515,-0.2375253653044245
63.35,0.03582421776055502,-0.14875304035072512,-0.17233378508693664,0.08699681307188031,-7.476265547664388e-10,1.2478164558527556e-09,0.03123683766090654,-0.14062669919302065,-0.15748368807282362,0.03088033936023226,-0.0002667785911843821,0.0010997174713490562,0.04547394496920056,-0.1855128341110822,-0.14844767899966838,0.0029288509479343705,9.74056835687015e-10,-2.4155619349172306e-09,0.06195297520962407,-0.2389838614249192
63.36,0.036818526752727815,-0.15781216943625728,-0.1707501032557531,0.080674280464255,-7.435999132263346e-10,1.2348982002272137e-09,0.03219021749315624,-0.14226317249666384,-0.1562502857855339,0.02591407779973825,-0.0002676323202500454,0.0011077604513887937,0.04619018255306678,-0.187098580877742,-0.14766147351049497,-0.00028798605468876947,9.691579800242386e-10,-2.39887726722535e-09,0.06240330927804001,-0.240426830323672
63.370000000000005,0.03779677540706326,-0.16692648659347947,-0.16915842283283816,0.07433080064284546,-7.394504830302987e-10,1.2212972884959907e-09,0.033129375778769114,-0.14385281983458933,-0.15501434581170573,0.020951712183670007,-0.0002683760150229153,0.0011151105454964927,0.0468877102461997,-0.18863759479839073,-0.14687533081728532,-0.0034951232707232686,9.640192576616284e-10,-2.381168162278798e-09,0.06282960024072345,-0.24185907664047118
63.38,0.0387580500864605,-0.17608277209197407,-0.16755937847720362,0.06796771522013817,-7.35179628252071e-10,1.207023079328546e-09,0.03405415414829369,-0.14540130404962723,-0.1537763643843196,0.015994732285026098,-0.00026900905797606884,0.0011217443705143332,0.047566374748664444,-0.1901301277897715,-0.14608957153900848,-0.006692018645116533,9.586424414565468e-10,-2.362449987114122e-09,0.06323170517022102,-0.24328525862745515
63.39,0.039701433408437556,-0.1852673736507757,-0.16595360680426796,0.061586362637506976,-7.307887745279651e-10,1.1920862977034189e-09,0.03496439824546296,-0.14691445090792624,-0.15253683719204755,0.011044482157262676,-0.00026953089973632643,0.001127658773154775,0.04822602738644174,-0.19157620122448227,-0.1453045152743263,-0.00987823836548773,9.530294286218825e-10,-2.342728895571775e-09,0.06360948166218203,-0.24471022287045888
63.4,0.04062600559285229,-0.19446707053949414,-0.16434174624650566,0.05518824387616714,-7.262794167757656e-10,1.1765033577565318e-09,0.035859957165663654,-0.14839749084656398,-0.15129625924060586,0.006102340360622323,-0.0002699410596315797,0.001132846921339132,0.04886652408699146,-0.19297640467140662,-0.14452048054969022,-0.013053145591138992,9.471821946917027e-10,-2.322008663553323e-09,0.06396278737828405,-0.2461380206250705
63.410000000000004,0.04153084581277792,-0.20366810850459818,-0.16272443690206925,0.04877499050687031,-7.216531067033473e-10,1.1602839354238615e-09,0.03674068294088197,-0.14985499685383144,-0.15005512471888757,0.001169567630463788,-0.00027023912623226615,0.0011372959866635113,0.049487725310657385,-0.19433200028397413,-0.14373778475637816,-0.016216001475943768,9.411028200482339e-10,-2.3003032164839554e-09,0.06429147965634482,-0.24757167820107562
63.42,0.042415033629259136,-0.2128545758159638,-0.16110232037118438,0.04234831604576874,-7.169114610429618e-10,1.1434390937028366e-09,0.037606430074925645,-0.15129134764020838,-0.14881392687010003,-0.0037525718217672234,-0.0002704247583444312,0.001140990515798214,0.05008949592930419,-0.19564452186778786,-0.14295674407677486,-0.01936601282125815,9.3479349287781e-10,-2.2776186532712042e-09,0.0645954152954419,-0.24901070195643216
63.43,0.04327765054149007,-0.2220105988668564,-0.15947603957435655,0.035910307143061905,-7.120561638113441e-10,1.126083542446468e-09,0.03845705513986575,-0.152709673676994,-0.147573157869163,-0.008662947431361824,-0.00027049768598607645,0.001143921016158704,0.050671705037759154,-0.19691681492421081,-0.1421776733996603,-0.022502183573672417,9.282564828853199e-10,-2.253962500842407e-09,0.06487445070954526,-0.25044894967395925
63.440000000000005,0.044117781582458146,-0.23112013507152634,-0.15784623849996146,0.029464687595641033,-7.070889376789613e-10,1.1083234578495069e-09,0.03929241644413249,-0.15411290896104374,-0.14633330870682318,-0.013560435271706741,-0.00027045771122912376,0.0011460736897199006,0.051234225681186525,-0.1981521759910005,-0.14140088622088767,-0.025623404098548297,9.21494168143536e-10,-2.229348773989947e-09,0.06512844247822717,-0.25187870737760404
63.45,0.04493451696194905,-0.24016583611967401,-0.15621356188994748,0.023014326852012393,-7.020115521208655e-10,1.0899856839346158e-09,0.040112373717310225,-0.15550456324334763,-0.1450948690735643,-0.018443809235454325,-0.00027030470902655233,0.0011474391368187533,0.05177693456054318,-0.19935305087223226,-0.14062669453711601,-0.028728651669802683,9.145090172851552e-10,-2.203795645481133e-09,0.06535724809317094,-0.2532920498877556
63.46,0.04572695374861697,-0.24913126715949452,-0.1545786549638888,0.016561169881785392,-6.968258416859904e-10,1.0710212623383405e-09,0.04091678779599781,-0.15688731888942398,-0.14385832724044958,-0.02331190367070119,-0.0002700386277907426,0.0011480117044088546,0.052299711755335015,-0.20052239856479653,-0.1398554087397044,-0.0318168430914437,9.073035936317969e-10,-2.17732003136723e-09,0.06556072674922346,-0.2546809548360161
63.47,0.04649419752602347,-0.25800019136333074,-0.15294216319829115,0.010107396618218821,-6.915336888199986e-10,1.05146148001886e-09,0.0417055203552252,-0.15826333931464104,-0.14262416994176141,-0.028163580433431184,-0.00026965948980788853,0.0011477835343027094,0.05280244042337895,-0.20166364850293084,-0.1390873375043382,-0.03488679858754814,8.998805483913929e-10,-2.1499083639333487e-09,0.06573874018412433,-0.2560361150663748
63.480000000000004,0.04723536403469762,-0.2667559038940514,-0.1513047321147272,0.0036551159354482905,-6.86137045607248e-10,1.0313022917072232e-09,0.04247843368143039,-0.15963480328426327,-0.14139288225905813,-0.03299766511154296,-0.0002691673915801971,0.0011467505228146243,0.05328500647131213,-0.20278009863869564,-0.1383227876747259,-0.03793734007114532,8.922426303967776e-10,-2.1215927862660754e-09,0.06589115360955058,-0.25734738441094074
63.49,0.047949580818725114,-0.27538215569232116,-0.14966700706607086,-0.0027935391129481494,-6.806379168097052e-10,1.0105567044099898e-09,0.04323539044976401,-0.1610040593540149,-0.1401649475026587,-0.03781294082980782,-0.0002685625038869549,0.0011449121025236381,0.053747298232789925,-0.20387470862472007,-0.1375620641475898,-0.04096739099955896,8.843926733478379e-10,-2.092411323044453e-09,0.06601783665081432,-0.25860650317371364
63.5,0.048635988841443975,-0.28386324868934015,-0.14802963302338232,-0.009236450439064474,-6.750383630478056e-10,9.892307969332851e-10,0.04397625349222189,-0.16237347419166298,-0.13894084708959842,-0.042608167895839925,-0.00026784507162205286,0.001142268001919996,0.05418920618317213,-0.20494988303553757,-0.13680546976474478,-0.043975941470722875,8.763336065405792e-10,-2.062360955571456e-09,0.06611866417245965,-0.25980642919816055
63.51,0.049293744075491,-0.29218312217694076,-0.14639325435944844,-0.015671383655405335,-6.693405067142539e-10,9.67334851248231e-10,0.044700885586633765,-0.16374460344670244,-0.13772106042245616,-0.04738219877584922,-0.0002670154137254379,0.0011388143709865782,0.05461062273803515,-0.20600641688591856,-0.13605330520477785,-0.04696179769941109,8.68068438734523e-10,-2.0314142506364053e-09,0.06619351710264974,-0.26093700615794607
63.52,0.049922019114982265,-0.30032520677327684,-0.14475851462509567,-0.022096047134585208,-6.635465282940476e-10,9.448824933266339e-10,0.045409149300898316,-0.1651185013513711,-0.13650606477373298,-0.05213393305843156,-0.0002660739231215308,0.00113455220321864,0.055011442181067884,-0.20704384505444937,-0.13530586886611146,-0.04992373885162528,8.596002595341325e-10,-1.99962330453807e-09,0.0662422834091607,-0.261987371324517
63.53,0.050520004805972865,-0.30827336847675796,-0.1431260563214544,-0.028508184416024266,-6.576586567836266e-10,9.218890447781193e-10,0.04610090686339927,-0.1664966974718617,-0.13529633515259235,-0.05686156456224942,-0.00026502106727466115,0.0011294557341560711,0.05539156069400619,-0.2080614441274481,-0.1345634567510682,-0.05286073781314941,8.509322568828337e-10,-1.9670421438631604e-09,0.0662648590875385,-0.2629493932001441
63.54,0.0510869118519038,-0.31601189370977095,-0.14149652067365429,-0.034905565979520575,-6.516791676109501e-10,8.983717902837455e-10,0.04677602000464753,-0.1678812154703625,-0.13409234410956042,-0.0615623762530892,-0.000263857388833304,0.0011235373271786446,0.05575087646352778,-0.2090572193309564,-0.13382636236381018,-0.05577192461805817,8.420676974737022e-10,-1.933698955849284e-09,0.06626114895835605,-0.2638172087477166
63.550000000000004,0.05162197236750504,-0.3235257682754592,-0.139870547406502,-0.04128596100585702,-6.456104136267825e-10,8.743417039273307e-10,0.047434349771405385,-0.16927387680047698,-0.13289456151838916,-0.06623482029750617,-0.0002625835046198499,0.0011168210666009032,0.056089289884293125,-0.21002826322149937,-0.1330948766197902,-0.05865642724717172,8.330099031106321e-10,-1.8994998889105444e-09,0.06623106731748249,-0.2645843405346556
63.56,0.05212444140694463,-0.3307994049612295,-0.13824877452034454,-0.047647129613761594,-6.394547708714766e-10,8.498143845430555e-10,0.0480757563432502,-0.1706764336095082,-0.13170345441239523,-0.0708778259334277,-0.0002612001040437666,0.001109308503526431,0.05640670383145566,-0.21097169292336834,-0.13236928774882495,-0.06151307022421299,8.237623099418363e-10,-1.864474338621248e-09,0.06617453873608259,-0.265238993239068
63.57,0.0525935985060036,-0.33781721229882516,-0.13663183806454351,-0.05398676989938011,-6.332146858379597e-10,8.248100760966216e-10,0.04870009887801312,-0.17208994591945598,-0.1305194868628832,-0.07549017414056831,-0.00025970794816403733,0.0011010084227597527,0.05670302389150696,-0.21188652090233948,-0.1316498811904927,-0.06434091655223242,8.143284101547914e-10,-1.8287441967818862e-09,0.06609149905520414,-0.2657719716329988
63.58,0.053028749195899325,-0.3445648721638129,-0.1350203719067911,-0.06030255011014839,-6.268926199884825e-10,7.993503961850343e-10,0.049307235401600986,-0.17351518994412052,-0.12934311986282268,-0.08007074798427384,-0.00025810786886905156,0.0010919265280578318,0.05697815851224203,-0.21277133315106084,-0.13093693950872687,-0.06713946395458013,8.047117860607493e-10,-1.792328877129416e-09,0.0659818961790907,-0.2661798472069642
63.59,0.05342922641688719,-0.35102926013743074,-0.13341500750167154,-0.06659220134704566,-6.20491115990751e-10,7.734559622736626e-10,0.04989702270627191,-0.17495356838383289,-0.12817481120949203,-0.08461832834558679,-0.0002564007679584559,0.0010820738139967771,0.05723201921003607,-0.21362232864465852,-0.1302307423102871,-0.06990748776688521,7.949160830696892e-10,-1.7550900614048377e-09,0.06584569056570326,-0.2664581137686086
63.6,0.05379439183933031,-0.35719750654067456,-0.1318163736644117,-0.0728535410413488,-6.140127409489912e-10,7.471442451167864e-10,0.05046931621804109,-0.17640666630003396,-0.12701501538447985,-0.0891317081773859,-0.000254587616076914,0.0010714639152282427,0.05746452090328883,-0.21443571144272064,-0.12953156612284966,-0.07264333270165292,7.849450206576887e-10,-1.7170066832743514e-09,0.06568285578878316,-0.26659798346369357
63.61,0.05412363715779102,-0.3630564262800773,-0.13022509635142795,-0.07908442794810622,-6.074601070653844e-10,7.204329898950442e-10,0.05102396991605982,-0.1778736932933453,-0.12586418343400438,-0.09360973643262653,-0.0002526694514864627,0.0010601094183177978,0.05767558225100156,-0.21520904112089465,-0.12883968426161022,-0.07534612264267718,7.748024088229461e-10,-1.6782289906321798e-09,0.06549337932366074,-0.26659096093842094
63.620000000000005,0.05441638538376424,-0.3685932026155703,-0.12864179844384266,-0.08528269492444697,-6.008358577355152e-10,6.933374625208164e-10,0.05156083638840824,-0.17935312379715374,-0.12472276285446886,-0.09805133421226353,-0.0002506473786409699,0.0010480277908908155,0.05786512588823483,-0.21594104895503663,-0.12815536674164782,-0.0780154930286359,7.644921289745914e-10,-1.6388110458998838e-09,0.06527726327644745,-0.26643265804994914
63.63,0.05467209209081406,-0.37379615632863655,-0.127067099534264,-0.09144629481174259,-5.941426841657278e-10,6.658817105993055e-10,0.052079767003964154,-0.18084236924242575,-0.12359119748198116,-0.1024553995364436,-0.00024852256641169873,0.0010352401328967758,0.058033078568819126,-0.21663073108127756,-0.1274788802312928,-0.08065109058106,7.540181201414585e-10,-1.5987463683596877e-09,0.06503452488624717,-0.2661192830157482
63.64,0.054890246562147395,-0.3786546970881681,-0.1255016157181514,-0.09757315284797091,-5.873833129631194e-10,6.380832037916836e-10,0.05258061210970982,-0.18234018976635577,-0.12246992738138644,-0.10682080492968465,-0.00024629624617560157,0.0010217658050298542,0.05817937134921096,-0.21727457850226192,-0.12681048801556608,-0.08325254259567867,7.433843896977664e-10,-1.5580310849141622e-09,0.06476519694073468,-0.26564626950059456
63.65,0.05507037284311055,-0.3831588293027503,-0.1239459593880939,-0.10366125521362318,-5.805604933298106e-10,6.09953383494564e-10,0.05306322120750727,-0.18384453451791044,-0.12135938873387946,-0.11114643172653689,-0.0002439697098613267,0.0010076287528487731,0.05830393989407856,-0.21786897854179804,-0.1261504499589852,-0.0858194794810071,7.325950157989906e-10,-1.5166580914462074e-09,0.06446932821997958,-0.2650089948739972
63.660000000000004,0.05521203073080667,-0.38729893120038905,-0.12240073903302337,-0.10970866721055327,-5.73677026968677e-10,5.815025135942892e-10,0.05352744317434426,-0.1853523792988743,-0.12026001372585483,-0.11543120287161782,-0.00024154430793792982,0.0009928492618890357,0.058406724813499115,-0.21841106568401622,-0.12549902246707695,-0.08835149694486245,7.216541339788411e-10,-1.474612380779019e-09,0.06414698398076342,-0.2642021108996772
63.67,0.0553148167135991,-0.3910660114246518,-0.1208665590431776,-0.11571347382613456,-5.667357256866323e-10,5.527485700881495e-10,0.053973126518308955,-0.1868616195379729,-0.11917223044095515,-0.11967407205781608,-0.000239021447547944,0.0009774463222247043,0.058487671940269034,-0.2188987875674241,-0.12485645845254174,-0.09084839466850125,7.105659505155285e-10,-1.4319662011748862e-09,0.06379824641588756,-0.26322227741542104
63.68,0.05537836484813217,-0.3944518413893284,-0.11934401951908662,-0.12167380730153816,-5.59739440485663e-10,5.237166036871982e-10,0.054400119625115075,-0.1883696097922849,-0.1180964627559901,-0.1238740419051622,-0.00023640259068532122,0.0009614428627421513,0.05854673252034592,-0.21933112838338684,-0.1242230073149895,-0.09331010762170151,6.993347375435081e-10,-1.3887496127599031e-09,0.0634232149939848,-0.2620672787020171
63.690000000000005,0.05540234755549989,-0.39744917513167877,-0.11783371608357067,-0.12758780823195692,-5.526910582396094e-10,4.944206080723292e-10,0.05480827098943779,-0.1898744752749577,-0.11703313024067753,-0.12803014016055178,-0.00023368925218143335,0.0009448636666448111,0.05858386332351094,-0.2197074791427838,-0.12359891493317024,-0.09573662833357832,6.879648109691429e-10,-1.3449484135727959e-09,0.06302200668796737,-0.2607354245175803
63.7,0.05538647633235279,-0.40005145003105885,-0.11633623969671901,-0.13345366909562278,-5.455934807351825e-10,4.6486989752641625e-10,0.055197429440979606,-0.1913736271756372,-0.11598264805916324,-0.13214137984889676,-0.0002308829977146554,0.0009277285183720628,0.058599026740510166,-0.2200263549284459,-0.12298442366253454,-0.09812794295007614,6.764605570323224e-10,-1.3005729112811666e-09,0.0625947561582418,-0.2592249317821746
63.71,0.05533050239552036,-0.4022525241534423,-0.11485217647559935,-0.13926964610309905,-5.384496318653013e-10,4.3507432593626067e-10,0.05556744442939255,-0.1928632204822264,-0.11494542686986475,-0.13620672619234103,-0.00022798544194403415,0.0009100615605647407,0.05859219102476868,-0.22028272842608368,-0.12237977233265222,-0.10048400591965564,6.648264245390714e-10,-1.2556215045105078e-09,0.06214161594103401,-0.2575336656057841
63.72,0.05523421726504901,-0.40404713045770513,-0.11338210749889656,-0.14503337067638988,-5.312624828768939e-10,4.050096722193584e-10,0.055918166381796974,-0.1943395263072919,-0.1139218727249192,-0.14022521637427077,-0.00022499824644874695,0.000891890651038295,0.058563330682464214,-0.22047299447765417,-0.12178519624431364,-0.10280481569219724,6.530669049480701e-10,-1.2101128507350504e-09,0.061662756639978306,-0.2556600089805918
63.730000000000004,0.05509745326434078,-0.40543100938106164,-0.11192660855983254,-0.15074175611206495,-5.240350058964537e-10,3.7470751964618446e-10,0.056249447037201375,-0.19580018394593526,-0.11291238697461159,-0.14419596337367854,-0.00022192311749773022,0.0008732412549325101,0.05851242678101997,-0.22059618311868276,-0.12120092717186154,-0.10509048956442392,6.411865535773552e-10,-1.1640735984013721e-09,0.06115836704227269,-0.25360418692564507
63.74,0.054920083935417315,-0.4064004707039373,-0.11048624990746163,-0.15639288664357864,-5.167702005376329e-10,3.4421600154327324e-10,0.05656113969075678,-0.19724349235468847,-0.11191736617821925,-0.14811811991962523,-0.0002187618038033961,0.0008541416838476289,0.05843946706651524,-0.22065238909485477,-0.1206271933768334,-0.10734129244567345,6.291899908736217e-10,-1.1175164714294956e-09,0.060628654066842175,-0.2513685900623715
63.75,0.054702024382115744,-0.4069525959422586,-0.10906159604435978,-0.16198525840407274,-5.094711022720937e-10,3.135429889382957e-10,0.056853099377123385,-0.19866779252800892,-0.11093720201826102,-0.15199083610699374,-0.00021551609422938914,0.0008346195812941867,0.05834444598916439,-0.22064129656948878,-0.12006421962839373,-0.10955739648442385,6.170818713204203e-10,-1.0704475394389351e-09,0.06007384259593544,-0.24895474242218613
63.76,0.054443231538423446,-0.4070852861322746,-0.1076532055630983,-0.1675172142786611,-5.021407541736349e-10,2.8271799543434287e-10,0.057125183074517694,-0.20007026591213195,-0.10997228121403842,-0.15581321687824448,-0.00021218781560468862,0.0008146993156091986,0.0582273647828285,-0.22056081563382784,-0.11951222722212419,-0.11173897388458409,6.048669096028235e-10,-1.0228711866898709e-09,0.05949417531411924,-0.24636392927032522
63.77,0.05414370435748886,-0.4067972015022341,-0.10626163098745876,-0.1729872308282747,-4.947822097249175e-10,2.517332415159505e-10,0.057377249981872644,-0.20144755402678072,-0.10902298543188589,-0.15958433329986696,-0.0002087788307804493,0.0007944040617966238,0.05808823169801881,-0.22040698496896444,-0.1189714339966229,-0.11388618437911939,5.925498766124448e-10,-9.748047446563583e-10,0.05888991257702697,-0.2435974092309676
63.78,0.05380348392242037,-0.40608779272893797,-0.10488741861936766,-0.17839385259591314,-4.873985444874947e-10,2.2061109236908495e-10,0.05760916187278255,-0.20279541729058584,-0.10808969119535129,-0.16330333606062747,-0.00020529103654187602,0.0007737666162796915,0.05792706232036775,-0.2201772037915422,-0.11844205435054551,-0.11599922118510989,5.801355866207155e-10,-9.262687024649935e-10,0.05826133224500024,-0.24065777474517608
63.79,0.05342265347497722,-0.40495741705909344,-0.10353110839398323,-0.18373569235013545,-4.799928477449291e-10,1.893808780505264e-10,0.057820783464544445,-0.2041108828401979,-0.10717276980133379,-0.16696946209763175,-0.0002017263611414593,0.0007528180037340733,0.057743879792418344,-0.2198710245734493,-0.11792429926582544,-0.11807843141002283,5.67628905352659e-10,-8.77272825664871e-10,0.0576087293713713,-0.23755021153262548
63.800000000000004,0.05300133837850864,-0.403406603458508,-0.10219323374018764,-0.1890113838459572,-4.72568222279082e-10,1.5806874425085204e-10,0.05801198271458718,-0.20539186796264366,-0.10627258724220091,-0.170581952187826,-0.000198086761814184,0.0007315869276612471,0.057538714920015124,-0.21948742266170979,-0.11741837633283429,-0.12012395671166988,5.550347389877068e-10,-8.278251407461034e-10,0.05693241576053084,-0.23427912184882058
63.81,0.0525397060220609,-0.40143693047708645,-0.10087432144443269,-0.19421959081854032,-4.6512777060553924e-10,1.2670098626975557e-10,0.05818263105369316,-0.20663610316661082,-0.10538950412990021,-0.1741400494243129,-0.00019437422244656595,0.0007101024415801339,0.05731160625985357,-0.2190255291442265,-0.11692448977147044,-0.12213603628760471,5.423580502897971e-10,-7.77942810113433e-10,0.05623271948110956,-0.23084995643429837
63.82,0.052037965634931314,-0.3990510885382428,-0.0995748915170469,-0.19935899385595196,-4.576746166049992e-10,9.530372107415808e-11,0.05833260361303852,-0.20784124838071563,-0.10452387561580875,-0.17764285157387463,-0.00019059075342388633,0.000688324336155285,0.05706260020977116,-0.21848450646764536,-0.11644284045201424,-0.12411487637061017,5.296038313525582e-10,-7.276402863643118e-10,0.05550998434569917,-0.2272680741277863
63.83,0.05149636800206043,-0.39625253105058833,-0.09829545706048902,-0.20442828891347023,-4.502118690246112e-10,6.389605741561383e-11,0.058461779449583334,-0.20900524892857306,-0.10367605125248196,-0.18108780390211765,-0.00018673839609997027,0.000666173686565362,0.05679175110776111,-0.21786308492611198,-0.11597362591590894,-0.12606067025008277,5.167771393843873e-10,-6.769290793947443e-10,0.05476456934904154,-0.223539655020118
63.84,0.05091520509888417,-0.3930453902582934,-0.09703652413952636,-0.2094261974513269,-4.42742649047787e-10,3.249935799563661e-11,0.05857004174337801,-0.2101265470073448,-0.1028463747895785,-0.18447295488853066,-0.00018281922334741004,0.0006438052082481171,0.05649912135488867,-0.21715989306152425,-0.11551704039696545,-0.1279736659434103,5.03883055795548e-10,-6.258239024367076e-10,0.05399684803260368,-0.2196720077499726
63.85,0.05029480966764087,-0.38943412363243773,-0.09579859165564432,-0.2143515259441409,-4.352700794593963e-10,1.0783769126431224e-12,0.05865727800292481,-0.2112023454275052,-0.10203518400311931,-0.1877975244052666,-0.00017883533149225166,0.0006213035398663676,0.05618478157378973,-0.21637284605502421,-0.11507327484224729,-0.12985402102710047,4.909267057365498e-10,-5.743362795849468e-10,0.053207207775950886,-0.21567248079250914
63.86,0.04963555474360694,-0.3854238601229635,-0.09458215122991179,-0.21920320098562224,-4.2779727769483684e-10,-3.034602681220891e-11,0.05872338039073183,-0.21222761903255896,-0.10124281059495173,-0.19106074568001374,-0.0001747888335251183,0.0005986745096649734,0.055848810753294086,-0.21550151283314692,-0.1146425169273084,-0.13170181897507843,4.779132577988879e-10,-5.224802804109454e-10,0.052396049035515174,-0.211549342511484
63.870000000000005,0.04893785312199774,-0.38102037361554775,-0.09338768709393824,-0.22398016314966424,-4.203273721343568e-10,-6.172182564036312e-11,0.05876824615033939,-0.21319841354283944,-0.10046958011712191,-0.19426188701799035,-0.00017068185681037179,0.0005759492707758574,0.055491296334432685,-0.21454517018780392,-0.11422495106272539,-0.13351703685043614,4.6484791218522723e-10,-4.702711463471128e-10,0.05156378453821751,-0.2073108275046457
63.88,0.048202156756387976,-0.3762302005985913,-0.0922156759827478,-0.22868131439634232,-4.128634804253048e-10,-9.302633340267604e-11,0.058791777946479176,-0.21411330270559348,-0.09971581189805014,-0.19740020963220012,-0.0001665165417230962,0.0005531385318251143,0.05511233427603806,-0.21350316292851335,-0.11382075839099268,-0.13529955626297396,4.517359100364884e-10,-4.1772409877383135e-10,0.05071083845442626,-0.20296530617217323
63.89,0.0474289560745707,-0.3710609260150602,-0.09106658702627066,-0.23330556338722977,-4.054087096842158e-10,-1.242432046544126e-10,0.058793884026075764,-0.214971935707875,-0.09898181896929063,-0.20047498174480877,-0.00016229504014750402,0.000530273740981647,0.05471202911244721,-0.2123751676925409,-0.11343011677446424,-0.13704918866134924,4.3858252956939805e-10,-3.648553389525651e-10,0.04983764557835952,-0.19852071291770634
63.9,0.04661877921150502,-0.3655206636726361,-0.08994088164076025,-0.2378518291017077,-3.97966175811355e-10,-1.5536137837822174e-10,0.05877447826692031,-0.21577426119010892,-0.09826790799214503,-0.2034854593423355,-0.0001580195134315585,0.0005073835195612961,0.05429049400671337,-0.21116043172666885,-0.11305320077552972,-0.13876566632543105,4.2539307075404817e-10,-3.11681738309003e-10,0.04894465052557123,-0.193985038468099
63.910000000000004,0.04577219118499516,-0.35961787466810924,-0.08883901342281139,-0.24231909271605642,-3.905389634263302e-10,-1.8637833548083958e-10,0.05873348024318612,-0.2165185123950871,-0.09757437918398437,-0.2064309032297973,-0.0001536921300987216,0.00048449492474488166,0.05384785082661982,-0.20985793846848658,-0.11269018162877409,-0.14044863251082557,4.121728777145603e-10,-2.582224873753075e-10,0.04803230693468705,-0.18936632316416732
63.92,0.04488979303362378,-0.35336135825452236,-0.08776142804912615,-0.24670641419151432,-3.8313016444443144e-10,-2.173101704422123e-10,0.05867081542309572,-0.21720119258501366,-0.09690152624583297,-0.20931061446396007,-0.00014931506358643163,0.0004616376672271331,0.053384230231912334,-0.20846700401265586,-0.11234122720114904,-0.14209753433509956,3.989273222681939e-10,-2.0430011210962921e-10,0.04710107665994189,-0.18467278913975713
63.93,0.04397222092167379,-0.3467602297202897,-0.0867085631837347,-0.251012927837162,-3.757428586272515e-10,-2.4815551212021353e-10,0.05858641552525654,-0.21781752907628232,-0.09624963629288993,-0.2121239211273005,-0.00014489048985496698,0.00043884158477178496,0.05289977174457236,-0.20698712928904592,-0.11200650188968861,-0.14371016536061343,3.8566183172150976e-10,-1.4962217185871405e-10,0.04615142895163847,-0.1799127268115429
63.940000000000005,0.04302014519937574,-0.3398243399201678,-0.08568084838951556,-0.2552377365825705,-3.683801164040136e-10,-2.7885603141232513e-10,0.05848021887970977,-0.21836574484840673,-0.09561898978804861,-0.214870178869778,-0.00014042058498397761,0.00041613410730024396,0.052394623776603005,-0.20541868120680265,-0.11168616644968264,-0.14528483639476225,3.723818882281867e-10,-9.461323732215795e-11,0.04518383963737666,-0.17509417645378447
63.95,0.04203426940620945,-0.3325640169097055,-0.08467870503919298,-0.259379928040143,-3.610449918895922e-10,-3.0939297457562643e-10,0.05835217062557299,-0.21884537968116943,-0.09500986047575022,-0.21754869222716064,-0.00013590752267575698,0.00039354843909995265,0.051868943621479924,-0.20376169874592173,-0.1113803778474968,-0.14682088666915674,3.5909301675976873e-10,-3.944077275697339e-11,0.044198790328197866,-0.17022472695973545
63.96,0.04101532922452431,-0.32498997592054185,-0.08370254622579319,-0.26343861603745283,-3.5374053048716104e-10,-3.397630240992593e-10,0.05820222280553645,-0.21925528826924257,-0.09442251531377069,-0.22015876230868836,-0.0001313534715329797,0.00037111635625073063,0.051322897440351976,-0.20201636203625317,-0.11108928916918391,-0.14831748588509377,3.458007575991176e-10,1.594398902346316e-11,0.04319676765795139,-0.16531177012045759
63.97,0.03996409139093606,-0.31711338757998775,-0.08275277667496847,-0.2674129419542751,-3.4646975961960694e-10,-3.699631451523828e-10,0.058030334473606816,-0.21959414655962223,-0.09385721440363663,-0.22269968340954802,-0.0001267605925953935,0.000348858699786784,0.05075666024129127,-0.2001830608085575,-0.11081304954046751,-0.14977378465961017,3.3251067204394045e-10,7.146761889876858e-11,0.04217826255088097,-0.1603623848644699
63.980000000000004,0.03888135257386383,-0.3089455565846503,-0.08182979266018733,-0.2713020782994209,-3.3923568230076337e-10,-3.999759093597075e-10,0.05783647184477822,-0.21985999483342133,-0.09331421092092415,-0.2251707586632277,-0.0001221310374309528,0.0003267955516431086,0.05017041585002666,-0.1982620339331213,-0.11055180403976408,-0.15118884651321426,3.19228339085746e-10,1.271185581584429e-10,0.04114376951045259,-0.1553835872751982
63.99,0.03776793821910327,-0.3004983313640781,-0.08093398192036225,-0.27510520827034707,-3.3204130050186296e-10,-4.297894703019179e-10,0.05762060847693523,-0.22005095974876446,-0.0927937510485092,-0.22757137669298463,-0.0001174669463326494,0.0003049504777252603,0.04956435684039282,-0.19625493061948768,-0.1103056936048646,-0.15256168052287908,3.0595934069090344e-10,1.828563117072144e-10,0.04009378591730832,-0.15038239813377932
64.0,0.03662470136601234,-0.2917835722115249,-0.0800657235797051,-0.2788215493761518,-3.248895823206201e-10,-4.594321254718229e-10,0.05738272547884416,-0.2201645912546938,-0.0922960739116032,-0.22990084133163627,-0.00011277044634285914,0.0002833462172120136,0.04893868443593028,-0.19416217174088674,-0.11007485493394649,-0.15389125433446962,2.927092837316697e-10,2.386564003970003e-10,0.03902881134312385,-0.14536535593344663
64.01,0.03545252144176259,-0.2828134984085413,-0.07922538799920173,-0.28244804106358334,-3.177834996733975e-10,-4.892329290001832e-10,0.0571228117591384,-0.22019797839067837,-0.09182141151138304,-0.2321584916512376,-0.0001080436493045091,0.0002620024095775638,0.04829360841952566,-0.19198497753240718,-0.1098594203814829,-0.1551764708347959,2.794837647991065e-10,2.9448546181307436e-10,0.03794934689204882,-0.14033887425157174
64.02,0.03425230301781255,-0.27360098649305703,-0.07841333651372683,-0.28598153964766865,-3.1072601887792156e-10,-5.18892063490469e-10,0.056840864258521306,-0.22014986057755634,-0.09136998865773249,-0.23434363573887043,-0.00010328865007309775,0.00024093753861992255,0.04762934700628825,-0.1897252637487845,-0.1096595178492527,-0.15641620377541454,2.662883958726212e-10,3.503141321815597e-10,0.03685589457792896,-0.13530871568493433
64.03,0.03302497452737232,-0.2641589118524587,-0.07762992118658202,-0.289421056319617,-3.0372009174975914e-10,-5.48234612155924e-10,0.05653688810122471,-0.2200192469464119,-0.09094202290256921,-0.23645562765712064,-9.850752475546647e-05,0.00022017155576899573,0.04694612666243203,-0.18738506881775827,-0.10947527067353038,-0.157609290729225,2.5312879001072556e-10,4.0611081228578535e-10,0.03574895673537808,-0.1302806668578807
64.04,0.03177148695588597,-0.2545006219577709,-0.07687548467638325,-0.29276584747755585,-2.9676865525690726e-10,-5.773315297828615e-10,0.056210896711180854,-0.2198047991676284,-0.09053772447564357,-0.23849384776604388,-9.370232889622165e-05,0.00019972297316810157,0.0462441818732576,-0.18496743810433625,-0.10930679750879238,-0.1587545325798075,2.4001054252147156e-10,4.6184393943207863e-10,0.034629035452441295,-0.1252601910000831
64.05,0.030492812504786127,-0.24463959265480414,-0.07615036015584688,-0.2960150793747831,-2.898746227466252e-10,-6.061342802908246e-10,0.05586291194244566,-0.21950509764538134,-0.09015729622140756,-0.24045763958044652,-8.88750957709445e-05,0.0001796066654575748,0.04552375486334547,-0.1824752746869602,-0.10915421220829338,-0.15985071038767792,2.269392478680014e-10,5.174813886887569e-10,0.03349663203048336,-0.12025236938704327
64.06,0.029189943235302964,-0.23458945564772066,-0.07545487123366801,-0.2991680054924916,-2.8304085605142873e-10,-6.346502800701015e-10,0.05549296424339188,-0.21911797892209076,-0.08980093351998725,-0.24234587376354308,-8.402784053524415e-05,0.00015965295433659703,0.044785095303388686,-0.17991149632055273,-0.10901762370236265,-0.16089658627934436,2.1392049968509557e-10,5.72990813574266e-10,0.032352246480813876,-0.11526190947413677
64.07000000000001,0.02786388969680111,-0.2243640288926447,-0.07478933187856512,-0.3022238675218149,-2.762702128069692e-10,-6.628556757505118e-10,0.05510109286524475,-0.21864108242869632,-0.0894688240798136,-0.2441540428628563,-7.91625721552561e-05,0.0001397360257270904,0.04402846002807069,-0.17727872973095654,-0.10889713587467398,-0.16189089957360875,2.009598699716133e-10,6.283409925667983e-10,0.03119637706237268,-0.11029302876782127
64.08,0.026515679541502652,-0.21397718951548664,-0.07415404634548285,-0.30518194030448587,-2.695655089398869e-10,-6.907427172830136e-10,0.05468734607542422,-0.2180726787882658,-0.08916114760842997,-0.24587939976499834,-7.428129431510094e-05,0.00012013380214175433,0.04325411276608822,-0.17457966595118243,-0.10879284743714311,-0.1628323937984694,1.8806291589100685e-10,6.834983375877241e-10,0.030029519860870456,-0.1053496206362873
64.09,0.02514635612967401,-0.2034429266017061,-0.07354930910274383,-0.3080414839991338,-2.629295385856464e-10,-7.183015827771887e-10,0.0542517813156644,-0.21741194239082254,-0.08887807557017133,-0.24752135759708063,-6.93859917349234e-05,0.0001009216419909419,0.0424623238666833,-0.17181719073956828,-0.10870485180468106,-0.1637198156241038,1.7523517083446368e-10,7.38431959019733e-10,0.0288521684065705,-0.10043515730019774
64.1,0.023756977131598838,-0.1927751338882159,-0.07297540475922404,-0.31080176152245886,-2.563650468115023e-10,-7.455255346223912e-10,0.05379446532667267,-0.21665728474288456,-0.08861977107518254,-0.24907900264316502,-6.447862231449124e-05,8.20504079864168e-05,0.041653370021320406,-0.16899398772386595,-0.10863323696975113,-0.16455189729311812,1.6248215569357197e-10,7.931088803652915e-10,0.027664813326866197,-0.09555286771801641
64.11,0.02234861313270995,-0.18198770030542796,-0.07243260799285452,-0.3134620836014582,-2.4987477085426187e-10,-7.72410564338554e-10,0.0533154742938515,-0.2158070787723936,-0.08838638880034441,-0.2505515961592121,-5.956111699252341e-05,6.354842033974245e-05,0.040827533993907504,-0.1661126574628148,-0.10857808537734186,-0.1653274053485024,1.4980935299843632e-10,8.474985224002862e-10,0.026467942029597052,-0.09070564516047123
64.12,0.020922346243050862,-0.171094461050633,-0.07192118348216905,-0.3160217817680111,-2.43461390436019e-10,-7.989482300646088e-10,0.052814894013057334,-0.2148595946752274,-0.08817807490974659,-0.25193831428223684,-5.4635378982051905e-05,4.541873612756281e-05,0.03998510436315005,-0.1631756693514354,-0.1085394738021064,-0.16604513098895002,1.3722222902910635e-10,9.015676528552171e-10,0.025262038417153906,-0.08589607547992283
64.13,0.019479268709395068,-0.160109272615203,-0.07144138584014781,-0.3184801986601436,-2.3712755917832223e-10,-8.251243905842956e-10,0.052292820027500825,-0.21381422194012642,-0.08799496697554489,-0.25323837003708094,-4.970328233305728e-05,2.7675833524687814e-05,0.03912637527363911,-0.1601854735764369,-0.10851747322809284,-0.1667038882258349,1.2472620638801027e-10,9.55285316127693e-10,0.02404758263473724,-0.0811263410865672
64.14,0.018020481531491425,-0.149045875535014,-0.07099345954885129,-0.32083667203522925,-2.3087590897567838e-10,-8.50939858916237e-10,0.05174935772048602,-0.21267005295744418,-0.08783719389857851,-0.25445096455020716,-4.476667061768882e-05,1.0326943359970543e-05,0.03825164619514942,-0.15714436812395724,-0.10851214873080654,-0.1673025145528905,1.1232666551135664e-10,1.0086196817985791e-09,0.02282505085305036,-0.07639834880357702
64.15,0.016547093086660764,-0.13791792837938172,-0.07057763889430367,-0.32309054898539313,-2.2470901809706435e-10,-8.763826776182021e-10,0.05118462238915506,-0.2114265525999037,-0.08770487582956187,-0.2555753135518772,-3.982735560067948e-05,-6.617002528079565e-06,0.03736122169273379,-0.1540545554455201,-0.1085235593420334,-0.16783923695895225,1.0002899415223228e-10,1.0622216229046355e-09,0.02159491508457677,-0.07171361502067329
64.16,0.015060217764044722,-0.12673899825093893,-0.0701941479014662,-0.3252411683737064,-2.1862943495331503e-10,-9.014463869237509e-10,0.05059873928630195,-0.2100838125966091,-0.0875981240901194,-0.2566106125416905,-3.488711542234669e-05,-2.3131563657464022e-05,0.036455411206835354,-0.15091816208376993,-0.10855175779271548,-0.16830929334411784,8.783856985578135e-11,1.1161925620112172e-09,0.02035764304522704,-0.06707298609938292
64.17,0.013560974606655628,-0.11552261184791815,-0.0698432002694675,-0.327287885458416,-2.1263967362386123e-10,-9.261303305875879e-10,0.049991843583898396,-0.20864321695550558,-0.08751704109292228,-0.25755605147918265,-2.9947692356206986e-05,-3.9203406920301434e-05,0.03553452883968244,-0.1477372932411756,-0.10859679016495594,-0.16871015089511798,7.576079278240737e-11,1.16974166523352e-09,0.019113698062167513,-0.06247713232892942
64.18,0.012050485961081414,-0.10428218539017102,-0.06952499921152792,-0.3292269476954143,-2.067422223770155e-10,-9.510204900486324e-10,0.04936408025073685,-0.20710645973101993,-0.08746172026108989,-0.25841081875142147,-2.5010791579474026e-05,-5.484380054801503e-05,0.03459889314654805,-0.14451397984959596,-0.10865869565147722,-0.1690411049437161,6.380103343113634e-11,1.2226925374332619e-09,0.01786353900751884,-0.05792659294518526
64.19,0.010529876140319907,-0.0930309289859672,-0.06923973704646606,-0.33105151648985115,-2.0093957912965245e-10,-9.757627434255284e-10,0.04871560391305872,-0.20547446200960767,-0.08743224594823358,-0.2591741302841915,-2.0078081184371667e-05,-7.005862357411144e-05,0.033648826936166665,-0.1412500870876305,-0.10873750643631531,-0.16930102764213842,5.196458705730845e-11,1.2750747391612817e-09,0.016607620250041186,-0.0534216445973462
64.2,0.009000270104603803,-0.08178188802068452,-0.06898759472908826,-0.33275969998527377,-1.952342073843777e-10,-1.0000014456521996e-09,0.048046578724720804,-0.20374887636845102,-0.08742869336080564,-0.25984523476630805,-1.5151192772077443e-05,-8.486619614241416e-05,0.032684657084542545,-0.13794735403215963,-0.10883324760029903,-0.16948910144750767,4.02567191610275e-11,1.3268231233960088e-09,0.015346391629341817,-0.04896233960998176
64.21000000000001,0.007462792161956674,-0.07054788201155521,-0.06876874161668436,-0.3343513174756737,-1.8962854577325071e-10,-1.0238140760480666e-09,0.04735717821255244,-0.20193148171127964,-0.08745112836777859,-0.26041966119186416,-1.0231740268820634e-05,-9.986004382326252e-05,0.031706714378119796,-0.13460687410023905,-0.10894593703149025,-0.1696044442674916,2.86826050159804e-11,1.3779217191627707e-09,0.014080298453315595,-0.04454850384183549
64.22,0.005918564691205118,-0.05934148403341502,-0.06858333539306752,-0.3358253906784936,-1.8412497798102018e-10,-1.047144138397865e-09,0.04664758510561598,-0.20002390189309335,-0.08749960703282844,-0.26088987838107464,-5.321339513132841e-06,-0.00011473109105503102,0.03071533340993272,-0.13122914072054523,-0.10907558534147155,-0.16964626899221555,1.7247364963355178e-11,1.428329728647948e-09,0.012809781516907431,-0.04017977346283513
64.23,0.004368706889385924,-0.04817502667802933,-0.06843152199877947,-0.337181323410599,-1.7872584436937786e-10,-1.070011364039665e-09,0.045917991169853824,-0.19802775069774053,-0.08757417509488387,-0.26125395951025193,-4.2159518214916955e-07,-0.00012918747700823053,0.02971085250078585,-0.12781521028061343,-0.10922219578544592,-0.16961380208784335,5.956049164514429e-12,1.4780227585287248e-09,0.011535277140025583,-0.03585560991840215
64.24,0.0028143335434334554,-0.03706061163149862,-0.06831343556064791,-0.33841839796293205,-1.734334384858264e-10,-1.0923899511343347e-09,0.04516859705008105,-0.19594452447838773,-0.08767486772208916,-0.2615118297541861,4.465917236797211e-06,-0.00014332709835155645,0.02869361360035437,-0.12436626503099593,-0.10938576418803403,-0.1695063720011841,-5.186369154623571e-12,1.5269662567339661e-09,0.010257217223836133,-0.031575284663381456
64.25,0.001256553826529905,-0.026010082566612667,-0.06822919832729393,-0.33953604020957523,-1.6825000376012831e-10,-1.114278784073673e-09,0.0443996121204279,-0.1937756404807934,-0.08780170944415688,-0.2616626456384105,9.33965447996959e-06,-0.0001570997145478368,0.02766396217788942,-0.12088325779379791,-0.10956627887653611,-0.16932337739675501,-1.6174984559098144e-11,1.575133837092881e-09,0.008976029325160522,-0.027337899650537425
64.26,-0.00030352987906815825,-0.015035003548241745,-0.06817892060825037,-0.34053364285912746,-1.6317774139370282e-10,-1.1356652136736067e-09,0.043611254343584434,-0.19152242604785982,-0.0879547140973863,-0.26170601905991336,1.4198105885478754e-05,-0.00017052888002989952,0.026622247123785737,-0.11736707819966806,-0.10976372062152914,-0.16906427787204095,-2.700498355495418e-11,1.6224969865343949e-09,0.007692136747415247,-0.023142409116775613
64.27,-0.0018648231309654109,-0.004146650438788863,-0.06816270071584075,-0.3414106507865246,-1.5821879221014678e-10,-1.156543918411228e-09,0.04280375013851199,-0.18918612500065662,-0.08813388477239413,-0.2616414138197503,1.903979414965394e-05,-0.00018360266275716463,0.025568820663140132,-0.11381847579527914,-0.10997806258371541,-0.1687285939091622,-3.767162071792729e-11,1.669029284558689e-09,0.006405958646278498,-0.018987632312101693
64.28,-0.003426240546237172,0.006643998920191943,-0.068180624743764,-0.3421611572926532,-1.5337527367931662e-10,-1.1776330686703134e-09,0.04197733428406867,-0.18676700697947632,-0.08833921376792661,-0.26146843718615886,2.386327611007645e-05,-0.0001963178048454388,0.0245040382804048,-0.1102381044136765,-0.11020927025241754,-0.16831543963829484,-4.8170224985279934e-11,1.7154166638675835e-09,0.0051179101503699125,-0.014872211257617975
64.29,-0.0049867068915255925,0.01732625388421996,-0.06823276588916746,-0.34277299495262,-1.4864930340122542e-10,-1.1985160304511633e-09,0.0411322499090196,-0.1842641538901033,-0.08857068254713986,-0.2611866424980849,2.8667141973617438e-05,-0.00020873023096255555,0.02342825865513429,-0.10662650097027086,-0.11045730118382896,-0.16781805311867481,-5.849612340380659e-11,1.7624162376156502e-09,0.003828402520650337,-0.010793902047391488
64.3,-0.006545158144802043,0.027889688263405134,-0.06831918364378468,-0.3432431973859526,-1.4404295775094852e-10,-1.2187380936697614e-09,0.04026874851750411,-0.18167802117720505,-0.08882826144366167,-0.26078747106179206,3.344998370168848e-05,-0.00022179652793141407,0.022341843645538,-0.10298290284035665,-0.110722104528034,-0.1672324908241938,-6.86446398701761e-11,1.8086832790091298e-09,0.002537843350127719,-0.006750684204073669
64.31,-0.008100542529390109,0.03832416111141892,-0.06843992342303688,-0.3435722757078694,-1.3955827761170925e-10,-1.2384014305106833e-09,0.03938708995412812,-0.17900957695589267,-0.08911190889387113,-0.2602600272955187,3.821036380456242e-05,-0.00023498116068551962,0.02124515835457864,-0.09930603123128982,-0.11100362070553751,-0.16655890572307006,-7.861116044590322e-11,1.8537452866998083e-09,0.0012466367560813622,-0.002740984286633558
64.32000000000001,-0.009651821517237204,0.0486198901990031,-0.06859501650435,-0.34375930853238146,-1.351972249676739e-10,-1.2574472451268093e-09,0.03848754232679637,-0.1762594608811055,-0.08942157068796726,-0.25960295639449976,4.29468364577981e-05,-0.00024786148910578446,0.020138571207757975,-0.09559588225676244,-0.11130178132872236,-0.1657970288321108,-8.83911853584678e-11,1.897800145576927e-09,-4.48164497826317e-05,0.0012369129902771376
64.33,-0.011197970797330242,0.058767445924713536,-0.06878447999040664,-0.34380424956388816,-1.3096171817691375e-10,-1.2758933825721925e-09,0.0375703819337876,-0.17342837673333275,-0.08975717968690355,-0.2588162302779513,4.7657971383512955e-05,-0.00026069912854642213,0.019022453974147813,-0.0918525725866162,-0.1116165091812606,-0.1649465221410609,-9.798031235292286e-11,1.940902636757024e-09,-0.0013361185902876094,0.005184806067655773
64.34,-0.012737981209160549,0.0687577169680851,-0.06900831666356418,-0.3437030447512747,-1.268536186569631e-10,-1.2942395969904402e-09,0.03663589321667469,-0.17051629376651403,-0.09011865574635683,-0.25789830084173204,5.234235327478137e-05,-0.0002733817245676842,0.017897181765329347,-0.08807592531061303,-0.11194771817608466,-0.1640067341909664,-1.0737423121176551e-10,1.98294895051834e-09,-0.002626874942003372,0.009104587394299337
64.35,-0.014270859642783039,0.07858192908478526,-0.06926651414288766,-0.34343489845340114,-1.2287477861719982e-10,-1.3125102429040102e-09,0.03568436883814987,-0.1675202667604319,-0.09050590564153096,-0.2568492307717274,5.699858210439094e-05,-0.0002859279274935199,0.01676313304069568,-0.08426594958738073,-0.11229531331834024,-0.16297772132278873,-1.165687580027333e-10,2.0237913487716042e-09,-0.003916693549764295,0.012998099235313554
64.36,-0.015795629904313376,0.08823167880439645,-0.06955904351780882,-0.34299140934659517,-1.190270079181665e-10,-1.330122399677725e-09,0.03471610985940976,-0.1644392629116216,-0.09091882304956213,-0.2556693461994513,6.162527495423606e-05,-0.0002983361066057374,0.015620689609469843,-0.08042264613014577,-0.11265919070294096,-0.16185972916364263,-1.2555981381378222e-10,2.0634644038812518e-09,-0.005205185041411285,0.01686719322676973
64.37,-0.017311333544729416,0.09769893153547181,-0.06988585852120727,-0.3423725389775269,-1.15312088857978e-10,-1.3470321491916143e-09,0.03373142583920561,-0.16127358986854307,-0.09135728857789203,-0.2543590110346756,6.622106589146582e-05,-0.00031061598610176777,0.014470236630679657,-0.07654597621007328,-0.11303923753602295,-0.16065302248201782,-1.3434344922043062e-10,2.101921489379391e-09,-0.006491962442569579,0.020713738490394883
64.38,-0.018817030651613446,0.1069760127113543,-0.07024689529575161,-0.3415761607230429,-1.1173170095540506e-10,-1.3632165274480494e-09,0.03273063484042376,-0.15802317389918277,-0.09182116980348053,-0.25291871141161426,7.078460584806539e-05,-0.0003227712744248792,0.01331216261580018,-0.07263588751984744,-0.1134353321641977,-0.15935796821124407,-1.4291583066022945e-10,2.139155747491519e-09,-0.007776640990708209,0.0245395992843898
64.39,-0.02031180060409447,0.11605561864577849,-0.07064207231275661,-0.34060308055858224,-1.0828746424419404e-10,-1.3786201611617715e-09,0.03171406341461984,-0.15468840362449332,-0.09231032132111695,-0.25134900896174667,7.531456248277975e-05,-0.0003348079066186026,0.012146859433448067,-0.06869231002077063,-0.11384734411068143,-0.15797498133835391,-1.5127324019074198e-10,2.175142023905985e-09,-0.009058837949525212,0.028346629097197627
64.4,-0.021794742790878327,0.12493081036719239,-0.0710712903771497,-0.33945354043197745,-1.0498093049827033e-10,-1.3932631029452007e-09,0.030682046574384683,-0.1512695640362458,-0.09282458480081639,-0.24965056125385976,7.980962006280786e-05,-0.0003467307063545456,0.010974722315371471,-0.06471516916683423,-0.11427513411792362,-0.1565045459081073,-1.5941210799689295e-10,2.2098654221764766e-09,-0.010338172424660484,0.03213666029120238
64.41,-0.023264977291423104,0.1335950159858372,-0.07153443267750997,-0.33812826985307415,-1.0181356649272821e-10,-1.4071258280358066e-09,0.029634927759301977,-0.14776701614251142,-0.09336378905396116,-0.24782410803033253,8.426847929609333e-05,-0.00035854568083346447,0.009796149863008275,-0.06070439054987862,-0.11471855419623188,-0.15494719966853363,-1.673289727287552e-10,2.2433085200054224e-09,-0.011614265181556995,0.03591149728681109
64.42,-0.024721645520230155,0.14204203248162517,-0.07203136484760503,-0.33662795320629857,-9.878675818593312e-11,-1.4202109696116583e-09,0.028573058800275976,-0.144181117404035,-0.09392775010797604,-0.24587047329053585,8.868985709610593e-05,-0.0003702590415285359,0.008611544053874725,-0.05665990772228747,-0.11517744767820702,-0.15330353910362998,-1.7502050954745184e-10,2.2754558488495488e-09,-0.012886738466268165,0.039672907934308076
64.43,-0.026163910834135027,0.15026602567041658,-0.07256193504194122,-0.3349534905031795,-9.590180729162691e-11,-1.4325089547026206e-09,0.027496799881074126,-0.14051227151599707,-0.0945162712891993,-0.24379055976796526,9.307248626417836e-05,-0.00038187775748344633,0.007421310247127358,-0.05258166814434105,-0.11565164927877686,-0.15157421437337903,-1.824835161160599e-10,2.306293262651322e-09,-0.014155215829986852,0.04342261665643544
64.44,-0.027590959102620185,0.15826152882138048,-0.0731259740234951,-0.3331058616670686,-9.315995808838453e-11,-1.4440174365129487e-09,0.0264065194966742,-0.13676091305018492,-0.09512914331367739,-0.24158534757291952,9.7415115093094e-05,-0.000393409167497005,0.006225857187646283,-0.04846963981685328,-0.11614098516062028,-0.1497599274190572,-1.89714946158559e-10,2.33580672516221e-09,-0.015419321958010648,0.04716229774952109
64.45,-0.02900199924126283,0.16602344186201337,-0.07372329526399057,-0.33108618852038996,-9.056235261592018e-11,-1.4547320245689206e-09,0.02530259440767074,-0.13292752444137723,-0.09576614438559276,-0.23925589045850704,0.00010171650689489409,-0.00040486112298547013,0.005025597008012365,-0.04432381720924051,-0.11664527300469156,-0.14786142880051054,-1.967118566953777e-10,2.363983614432737e-09,-0.016678682503792924,0.05089356934813956
64.46000000000001,-0.030396263708451318,0.17354702985350667,-0.07435369505595539,-0.3288956975722594,-8.811006007039351e-11,-1.4646497181057604e-09,0.02418540959019056,-0.12901263658888715,-0.0964270403030332,-0.23680331316674816,0.00010597543945649347,-0.0004162418912579029,0.003820945227775131,-0.040144227072112744,-0.1171643220855865,-0.1458795155790991,-2.0347144960959571e-10,2.3908129711467413e-09,-0.017932923928682083,0.054617987746261455
64.47,-0.03177300896552884,0.18082792118339017,-0.0750169526363241,-0.32653573223250104,-8.580408224345857e-11,-1.4737683228146236e-09,0.023055358180696667,-0.12501683726338328,-0.09711158457079898,-0.23422880819727332,0.00011019070442375307,-0.0004275601784700171,0.0026123207494391227,-0.03593093388182299,-0.1176979333515067,-0.1438150287875584,-2.099910750250347e-10,2.4162843314143716e-09,-0.019181673347903994,0.058337042290392764
64.48,-0.033131515900570854,0.1878621053259487,-0.0757128303210671,-0.3240077401531217,-8.364532090720469e-11,-1.4820868536901237e-09,0.021912841415127865,-0.12094077524597356,-0.09781951851994601,-0.23153363285279127,0.00011436110661608799,-0.0004388250906556452,0.0014001458506278206,-0.03168404498060837,-0.118245899508586,-0.1416688511783247,-2.162682126621538e-10,2.4403890378032374e-09,-0.020424558383296088,0.06205215067829318
64.49,-0.03447109021603886,0.19464593025446983,-0.07644107365045404,-0.32131327289944606,-8.163460616260622e-11,-1.489605690711086e-09,0.020758268561825995,-0.11678516615344355,-0.09855057143376145,-0.22871910614339905,0.00011848546327307541,-0.00045004612341465757,0.00018484617191685972,-0.027403715392414256,-0.1188080051093472,-0.13944190490772906,-2.223004648202947e-10,2.463119097494805e-09,-0.021661207023254463,0.06576465475731179
64.5,-0.03579106278058275,0.20117609952050136,-0.07720141154448615,-0.31845397937241654,-7.977269173845838e-11,-1.4963248676959294e-09,0.019592056847745853,-0.11255079696815026,-0.09930446067986835,-0.22578660577462042,0.00012256260323526962,-0.00046123313506524324,-0.0010331493001415953,-0.02309015229241217,-0.11938402664506338,-0.13713514932806534,-2.2808559438915341e-10,2.4844678687387853e-09,-0.022891247490309654,0.06947581673813533
64.51,-0.03709078994530544,0.2074496690171148,-0.07799355646806032,-0.31543160230868905,-7.806024533403557e-11,-1.5022468189995145e-09,0.018414631377465872,-0.10823853071492139,-0.10008089184815795,-0.22273756511754395,0.00012659136606181086,-0.00047239632593578437,-0.002253408255244309,-0.018743619143514408,-0.11997373264180207,-0.13474957880777097,-2.3362149505994124e-10,2.5044299984184127e-09,-0.02411430811670256,0.07318681585924704
64.52,-0.03836965382482699,0.21346404346137113,-0.07881720460540875,-0.3122479732205254,-7.649785259003633e-11,-1.507374480566514e-09,0.01722642504455614,-0.10384931055129212,-0.10087955889424925,-0.2195734702265266,0.00013057060108645808,-0.0004835462125716196,-0.0034754950872220055,-0.014364439477946234,-0.12057688375993739,-0.13228622062393802,-2.389061925939058e-10,2.523000720989153e-09,-0.02533001722828931,0.07689874545654507
64.53,-0.039627062543515404,0.2192169726071966,-0.07967203604336759,-0.3089050081243426,-7.508602429740274e-11,-1.5117106439431132e-09,0.01602787843489359,-0.099384163609141,-0.10170014428817935,-0.2162958568846046,0.0001344991664158656,-0.0004946936025920706,-0.004698970927957512,-0.009953000335444476,-0.12119323289692006,-0.12974613291193057,-2.439378634944612e-10,2.540177076103006e-09,-0.02653800303706198,0.08061261044591125
64.54,-0.040862450447278355,0.22470654721850636,-0.0805577149630221,-0.3054047029081163,-7.382518971128135e-11,-1.5152598860783726e-09,0.014819439721550956,-0.09484420440703376,-0.10254231916803122,-0.2129063077016083,0.00013837592787190658,-0.000505849567426574,-0.005923393687676212,-0.005509755346770274,-0.12182252529310304,-0.12713040268643655,-2.487148113981368e-10,2.5559558144008797e-09,-0.027737893542531734,0.08432932519107302
64.55,-0.042075278281332375,0.2299311948160475,-0.08147388983928418,-0.3017491289379498,-7.271569123822588e-11,-1.5180265528945154e-09,0.01360156455092222,-0.09023063790735164,-0.10340574349821118,-0.20940644926711222,0.00014219975788190767,-0.0005170254144391756,-0.007148318101911998,-0.0010352274703548912,-0.12246449864042568,-0.12444014393472773,-2.532354974978641e-10,2.5703357815024365e-09,-0.028929316442183155,0.08804971175216306
64.56,-0.043265033334387776,0.23488967522120657,-0.082420193647959,-0.29794042862609316,-7.175781310826006e-11,-1.5200150135633526e-09,0.012374715919787367,-0.08554476217376364,-0.10429006623209353,-0.20579794937254647,0.00014596953431951284,-0.0005282326577737601,-0.008373295785418613,0.0034699886210762146,-0.12311888319376843,-0.1216764957895159,-2.5749851765486796e-10,2.5833156736700276e-09,-0.03011189905116957,0.09177449849544256
64.57000000000001,-0.04443122954970646,0.23958107591162503,-0.08339624407986589,-0.2939808111213576,-7.095172973231187e-11,-1.5212306210889827e-09,0.011139364043057397,-0.08078797064390271,-0.10519492547875663,-0.2020825143103177,0.00014968413929949357,-0.0005394829884227916,-0.009597875293261442,0.008005224497558647,-0.12378540188479717,-0.11884062078578801,-2.6150259348815383e-10,2.5948949922425524e-09,-0.03128526823138294,0.09550431905431049
64.58,-0.04557340760351075,0.24400480720773393,-0.08440164376158497,-0.2898725480613673,-7.029756767481819e-11,-1.5216774230771058e-09,0.00989598621197754,-0.07596175400768036,-0.10611994867354352,-0.19826188626058194,0.00015334245793042288,-0.0005507882434124027,-0.01082160218928848,0.012569736270628257,-0.12446377043812472,-0.11593370320679308,-2.6524660979793703e-10,2.6050743815753953e-09,-0.03244905032999918,0.09923971162567974
64.59,-0.04669113495123445,0.2481605973052007,-0.08543598048240938,-0.28561796943542583,-6.97953625931276e-11,-1.5213609478456152e-09,0.008645066642608546,-0.07106770169555363,-0.10706475275218774,-0.19433784077374167,0.00015694337702828665,-0.0005621603742848542,-0.012044019122147413,0.0171627032272572,-0.12515369748962646,-0.11295694752296917,-2.687295733424101e-10,2.613854353656411e-09,-0.033602871127564105,0.10298111858981217
64.6,-0.04778400584212388,0.25204848717028794,-0.08649882742709414,-0.28121945955014255,-6.944507329777495e-11,-1.5202855039618985e-09,0.007387096314441779,-0.0661075029776809,-0.10802894432825559,-0.19031218435678288,0.00016048578379510549,-0.0005736114149854035,-0.013264665908980391,0.021783226793817452,-0.12585488470675554,-0.10991157692694697,-2.719506457360014e-10,2.6212370041963524e-09,-0.03474635579565466,0.10672888643930731
64.61,-0.04885164130270885,0.2556688253130454,-0.08758974341400257,-0.27667945311655184,-6.924657178408405e-11,-1.5184557809350853e-09,0.006122572799047578,-0.06108294767859567,-0.10901211987366548,-0.18618675216951938,0.00016396856446592112,-0.0005851534492943502,-0.014483079626899176,0.026430329822705004,-0.12656702691071445,-0.1067988319662305,-2.749091133901364e-10,2.6272236362673223e-09,-0.035879128864116275,0.11048326600467694
64.62,-0.04989368908967513,0.2590222624541259,-0.08870827313826321,-0.2720004314623109,-6.919968299849294e-11,-1.5158760606976832e-09,0.0048520000786863695,-0.055995926512866605,-0.11001386590205749,-0.1819634058357202,0.00016739060292875866,-0.0005967985779762604,-0.015698794712303607,0.031102956194466184,-0.1272898122003464,-0.10361996927407266,-2.776044223981519e-10,2.631817460439257e-09,-0.03700081419785461,0.11424441296301996
64.63,-0.050909823612682016,0.26210974610006077,-0.08985394741956255,-0.26718491887840334,-6.930412293144075e-11,-1.5125515949723642e-09,0.0035758883548593348,-0.050848431048670005,-0.11103375915479581,-0.17764403137238483,0.0001707507793203629,-0.000608558885789914,-0.016911343068084003,0.03579997072705366,-0.12802292207762359,-0.1003762603975793,-2.8003613687084245e-10,2.6350210893141386e-09,-0.03811103498312225,0.11801238861713789
64.64,-0.05189974582767241,0.26493251504196336,-0.09102628345421356,-0.26223547910490563,-6.955955743237788e-11,-1.5084864944820952e-09,0.002294753846804182,-0.04564255330754133,-0.11207136678940048,-0.1732305372387895,0.00017404796860276314,-0.0006204464085799495,-0.0181202541787102,0.040520159383741525,-0.12876603157461552,-0.09706899072070042,-2.822039766233936e-10,2.6368396757205406e-09,-0.03920941372322295,0.12178716093218683
64.65,-0.05286318310123638,0.26749209379200306,-0.09222478507115164,-0.25715471196136375,-6.996556860529752e-11,-1.5036861624569434e-09,0.001009118579984766,-0.04038048500951401,-0.11312624657021485,-0.16872485250570407,0.00017728103912393434,-0.0006324731005817237,-0.019325055233185617,0.04526222977056466,-0.12951880938183294,-0.09369945847879553,-2.841077952705211e-10,2.6372762849874816e-09,-0.04029557224352342,0.1255686058173828
64.66,-0.05379988904658917,0.26979028697153085,-0.09344894299152623,-0.25194525012523344,-7.052165668753005e-11,-1.4981563485659064e-09,-0.0002804898353493637,-0.035064516473859046,-0.11419794706112878,-0.16412892514365568,0.00018044885116667432,-0.0006446508021599408,-0.020525271255809965,0.05002481191388415,-0.13028091797784938,-0.09026897386036782,-2.857475764822902e-10,2.636337581035349e-09,-0.04136913170564503,0.1293565086404427
64.67,-0.05470964333173102,0.2718291736641973,-0.09469823509156895,-0.24660975606165864,-7.122726371918894e-11,-1.4919023622990184e-09,-0.001573538435414817,-0.02969703518650853,-0.11528600782018843,-0.15944472042824487,0.0001835502554897284,-0.0006569912081221774,-0.021720425244673026,0.05480645930854073,-0.13105201376011288,-0.08677885819097929,-2.8712346005955203e-10,2.634029198499983e-09,-0.04242971263067823,0.13315056596268038
64.68,-0.055592251460361196,0.27361110174621955,-0.09597212666843644,-0.24115091910697128,-7.20817445392249e-11,-1.4849314824854417e-09,-0.0028694891438114647,-0.02428052404574992,-0.11638995959593505,-0.15467421945973442,0.00018658409186495534,-0.0006695058367772999,-0.022910038317770807,0.05960565022665353,-0.1318317471768683,-0.08323044319409661,-2.8823569682615127e-10,2.6303580491091246e-09,-0.04347693493124376,0.13695038748306596
64.69,-0.056447544526116895,0.27513868220522303,-0.09727007070873872,-0.23557145270787863,-7.308439890457668e-11,-1.4772504345269087e-09,-0.004167799021925715,-0.018817559298537997,-0.11750932452532743,-0.1498194177936956,0.00018954918761452633,-0.0006822059998526186,-0.024093629866608922,0.06442078927730334,-0.13261976286011695,-0.07962507032355072,-2.8908470546651407e-10,2.625332177456517e-09,-0.04451041795220583,0.14075549817978694
64.7,-0.05727537894071048,0.2764147834577453,-0.09859150815948148,-0.22987409181786098,-7.423443548105343e-11,-1.4688676085777664e-09,-0.005467920528609086,-0.013310808179951618,-0.1186436163331126,-0.1448823241792137,0.00019244435615164434,-0.0006951027733804272,-0.025270717717135755,0.06925020920698746,-0.13341569975954892,-0.0759640901625308,-2.896710073385825e-10,2.6189599945357303e-09,-0.04552978051981913,0.14456534063841117
64.71000000000001,-0.058075636136538794,0.2774425256740746,-0.09993586820116564,-0.22406159045212767,-7.553100409893673e-11,-1.4597909638354247e-09,-0.006769301788890196,-0.007763026268959373,-0.11979234053252047,-0.13986495940149601,0.00019526839552890858,-0.0007082069696297661,-0.026440818297824107,0.07409217293110325,-0.13421919127738954,-0.0722488618847211,-2.8999528176259625e-10,2.611251139226443e-09,-0.04653464099907318,0.14837927755583183
64.72,-0.0588482222443507,0.2782252746001941,-0.10130256852280924,-0.21813671963135467,-7.697318950629798e-11,-1.4500313660046315e-09,-0.008071386871453284,-0.002177054444486209,-0.1209549946271749,-0.13476935541075724,0.00019802008699783185,-0.0007215291056181926,-0.02760344681469441,0.0789448756839453,-0.1350298654041149,-0.06848075303783505,-2.9005833344850365e-10,2.602217602194984e-09,-0.04752461735897937,0.15219659463159088
64.73,-0.05959306779174085,0.27876517113422766,-0.10269101561875336,-0.21210291567606765,-7.855999227681551e-11,-1.4396721664662979e-09,-0.009373616063295016,0.0034445497471792623,-0.12213106833038816,-0.12959808133451148,0.0002006981940414228,-0.0007350647982574007,-0.028758117442015917,0.08380615776374653,-0.13584734487644248,-0.06466183375303701,-2.8986109396133964e-10,2.5919798635256967e-09,-0.04849932722604057,0.15601713418723182
64.74,-0.060310127477972236,0.279063680902266,-0.10410060513196714,-0.20596404508569774,-8.029037663896202e-11,-1.4287199590948272e-09,-0.010675426127279411,0.009099383168060898,-0.12332004382206488,-0.12435405807912832,0.00020330146243716896,-0.0007488003300726184,-0.02990434353976306,0.08867360595282832,-0.13667124738449418,-0.06079463757591448,-2.894046238048556e-10,2.5805533160997243e-09,-0.04945838790101132,0.15984108525623708
64.75,-0.06099937998899355,0.27912282064513416,-0.10553072222781222,-0.19972384603544763,-8.21632290048397e-11,-1.417234905884249e-09,-0.011976250554172957,0.014784791528662378,-0.12452139603157285,-0.11904014141398203,0.0002058286209403641,-0.0007627259785421096,-0.03104163788765229,0.0935449069911242,-0.13750118589071794,-0.05688412737696935,-2.8869007597223685e-10,2.5684161314077973e-09,-0.050401416397280414,0.1636670226592812
64.76,-0.061660827905025764,0.2789411490348603,-0.10698074201366187,-0.19338747141749313,-8.417739103026446e-11,-1.4054058888384383e-09,-0.013275519850555495,0.020497260698342797,-0.1257345929769069,-0.11366088999904556,0.00020827838298456707,-0.0007767983031639971,-0.03216951288568633,0.09841883795344973,-0.13833676935570147,-0.052944265373549196,-2.877186848989946e-10,2.5557728034257253e-09,-0.05132802968953321,0.16748906755031834
64.77,-0.06229449768564919,0.2785198678396935,-0.10845002999775386,-0.18695916398333706,-8.633166323474419e-11,-1.3930718295687774e-09,-0.014572661876513522,0.026233205969537526,-0.12695909617846624,-0.10822059663718857,0.00021064944873398756,-0.0007910133738449295,-0.03328748071769241,0.10329356676462331,-0.13917760376026816,-0.04898265963655579,-2.8649174096002913e-10,2.542538962633044e-09,-0.052237845130545996,0.17130405647562727
64.78,-0.06290043961972978,0.2778592866919618,-0.1099379425485451,-0.1804437333004087,-8.862480478501015e-11,-1.380465704672242e-09,-0.01586710220170984,0.03198911522755608,-0.12819436136225873,-0.10273226624107491,0.0002129405071924408,-0.0008053232920074885,-0.034395053655981354,0.10816296435911121,-0.14002329313392797,-0.045011531407301554,-2.850105731699812e-10,2.5290531630881983e-09,-0.05313048085254432,0.17510783620938628
64.79,-0.06347872780143744,0.2769585950845234,-0.11144382743534657,-0.17384829720228792,-9.105555570001339e-11,-1.3679016560952426e-09,-0.017158264480298148,0.03776079701850633,-0.12943983949529078,-0.09720589629867427,0.00021515024309656273,-0.0008195701548984108,-0.035491744532156894,0.11302278267708338,-0.14087344058249066,-0.041039760497355623,-2.8327656302760125e-10,2.5148836953958422e-09,-0.05400555610947515,0.17889801651225296
64.8,-0.06402946001444894,0.2758222984387261,-0.11296702465092288,-0.16718505223098093,-9.362264797135477e-11,-1.3552931985201712e-09,-0.018445570967999717,0.04354049580135352,-0.13069497760835197,-0.09164383167185436,0.00021727734645576548,-0.0008337137130477808,-0.03657706713554341,0.11787086185141432,-0.14172764905463237,-0.03707016251517707,-2.8129113998173195e-10,2.500241673632134e-09,-0.05486269149467991,0.18267405905083003
64.81,-0.06455275737072626,0.27445508096169796,-0.11450686737006763,-0.16046099457439533,-9.632479364626906e-11,-1.3423845336400014e-09,-0.01972844315337986,0.049322886884381904,-0.13195921941241595,-0.08605589886826101,0.00021932051562313404,-0.0008478045034289072,-0.03765053655032319,0.12270248445862632,-0.142585522009384,-0.033114183376371426,-2.7905577366059515e-10,2.4854613213186044e-09,-0.05570150913479412,0.18643210115964454
64.82000000000001,-0.06504876389390671,0.2728597535299566,-0.1160626826557294,-0.1536800095139139,-9.916069510300028e-11,-1.3290210881559077e-09,-0.021006302270219088,0.0551048882648331,-0.13323200615327327,-0.0804525686357064,0.00022127846004510568,-0.0008616826315806128,-0.03871166956027758,0.12751349460403166,-0.1434466642272969,-0.029177996210283406,-2.765719687773595e-10,2.470105063885799e-09,-0.05652163294350005,0.19017047439646098
64.83,-0.06551764608511587,0.2710425689559908,-0.11763379192151757,-0.1468463946300725,-1.0212900027398964e-10,-1.315385146850234e-09,-0.022278569671231697,0.060882772170094454,-0.1345127774163915,-0.07483687876671904,0.00022314990892230018,-0.0008752748936347925,-0.03975998501751427,0.13230163824153976,-0.1443106823783066,-0.0252628044495855,-2.738412792926002e-10,2.4540585418901695e-09,-0.057322688794436534,0.19388875206084272
64.84,-0.06595959230993913,0.2690112774971894,-0.1192195115331629,-0.13997027885666433,-1.052283511304611e-10,-1.3017959812028975e-09,-0.02354466726582448,0.06665032970134317,-0.13580097153984566,-0.06921064840365246,0.0002249336173080628,-0.0008885866443490684,-0.04079500410317204,0.1370647602431615,-0.14517718527587875,-0.02137097246021108,-2.7086531828784905e-10,2.4376008802251992e-09,-0.05810430460463019,0.19758601336483383
64.85,-0.06637481204761987,0.266773523513582,-0.12081915362653188,-0.13305921019316141,-1.0845735969361721e-10,-1.287804007972055e-09,-0.024804018058646026,0.07240246040247636,-0.13709602589397096,-0.0635780848142134,0.00022662836584714724,-0.0009016481003562168,-0.04181625056389076,0.14180011671405646,-0.14604578426984194,-0.01751067981503064,-2.676457313996721e-10,2.4210040792785916e-09,-0.05886611046412446,0.2012598302540317
64.86,-0.06676353512477284,0.264336677287687,-0.12243202676971622,-0.12611608036463495,-1.1181460536190023e-10,-1.2733038637078815e-09,-0.02605604662932359,0.07813578183213506,-0.13839737744662067,-0.057949606676586676,0.00022823295961484424,-0.0009144284914743966,-0.042823251017031175,0.14650361350926444,-0.14691609385825538,-0.013687154716170984,-2.641841966326326e-10,2.4039757369082924e-09,-0.0596077388321371,0.20490834560587634
64.87,-0.06712601096102941,0.26170823117529607,-0.1240574363683479,-0.11914456351032633,-1.1529863186630624e-10,-1.2583048073656519e-09,-0.02730017950581053,0.08384690814806588,-0.13970446352518917,-0.052330539141202975,0.0002297462324304422,-0.0009268012363944278,-0.043815535287070016,0.15117267540931972,-0.14778773214258842,-0.009901549506762296,-2.604824355016462e-10,2.386336641310152e-09,-0.060328824692924346,0.20853106653866815
64.88,-0.06746250776673465,0.25889721513841196,-0.12569468498819386,-0.11214738077740519,-1.1890792349080777e-10,-1.2427080757543767e-09,-0.028535845488224885,0.08953296508567607,-0.14101672232010248,-0.046722004145727546,0.0002311670541542534,-0.0009387355373684781,-0.0447926366749774,0.15580532975064418,-0.14866032102827886,-0.006155176980898944,-2.565422224052546e-10,2.368116061523318e-09,-0.061029005625961294,0.21212773156486797
64.89,-0.06777331167142321,0.2559123832089508,-0.12734307265965875,-0.10512768840727933,-1.2264091297345345e-10,-1.2267409818148726e-09,-0.029762475927275427,0.09519172456603275,-0.14233359310429552,-0.0411259065633698,0.0002324943343106103,-0.0009502278363303827,-0.0457540922063228,0.1603983613457148,-0.14953348633733796,-0.002448850635128986,-2.5236538912559256e-10,2.3492912239446414e-09,-0.061707921796627395,0.21569940425325065
64.9,-0.06805872585530631,0.25276187226355135,-0.12900189736871048,-0.09809459431776696,-1.2649599422137597e-10,-1.210694408375573e-09,-0.030979504993213277,0.10081989875174065,-0.14365451639096904,-0.03554358805535264,0.0002337270231264315,-0.0009612535864810799,-0.04669944294286553,0.16494810056994597,-0.15040685791129782,0.0012162336952250765,-2.4795382114284774e-10,2.329943433150796e-09,-0.062365215849422465,0.21924803349403663
64.91,-0.06831906970730793,0.2494541361154785,-0.1306704557759312,-0.09105479468126196,-1.3047154045081364e-10,-1.1941864683750897e-09,-0.03218636995684265,0.10641508800082565,-0.1449789340872803,-0.02997665765382925,0.00023486411250978796,-0.0009718067127462935,-0.04762823434453457,0.1694507664631034,-0.15128006984545853,0.004834918810902715,-2.433094514169811e-10,2.310454661980509e-09,-0.06300053275524045,0.22277479124455396
64.92,-0.06855467797663048,0.2459977385048343,-0.13234804380633253,-0.08401084656914026,-1.3456590662553306e-10,-1.1770866302495097e-09,-0.03338251140731148,0.11197619546747502,-0.1463062897955448,-0.024431435548016096,0.00023590463548099394,-0.0009819155709060675,-0.048540016676839055,0.17390157451814953,-0.1521527609086801,0.008402619523522422,-2.3843424129633547e-10,2.290547919450561e-09,-0.063613519675076,0.2262809918121523
64.93,-0.06876589991062484,0.24240132195569777,-0.13403395700032292,-0.076965733955141,-1.3877735139289654e-10,-1.1595055070944068e-09,-0.03456737339290242,0.1175019693656173,-0.14763602934708628,-0.018914069126242883,0.00023684766658478926,-0.000991510192479472,-0.049434345461336376,0.17829601607645715,-0.1530245748997611,0.01191842554242299,-2.333301847587091e-10,2.270075638520625e-09,-0.0642038258077595,0.22976873932786648
64.94,-0.06895309837478927,0.23867392431258583,-0.13572749079825058,-0.06992225427258687,-1.43104123139039e-10,-1.1413862147370965e-09,-0.03574040354582733,0.12299109515108907,-0.1489676012863609,-0.013426354341078703,0.00023769232697755494,-0.00100050492604632,-0.05031078188841078,0.18263099684535358,-0.15389516080378068,0.01538166166890548,-2.279993400618833e-10,2.2490990256957876e-09,-0.0647711022031624,0.23323990775228415
64.95,-0.06911664894428332,0.23482483693918943,-0.137427940815732,-0.06288293009765905,-1.4754439428672448e-10,-1.1227495324094287e-09,-0.03690105321929244,0.1284420571610012,-0.15030045711859483,-0.007969497428389464,0.00023843779028792818,-0.0010088764592708804,-0.05116889314431822,0.18690376081872237,-0.15476417285548053,0.018791937269757666,-2.22443805375688e-10,2.2275658598395437e-09,-0.06531500157621016,0.2366962068019096
64.96000000000001,-0.0692569389827545,0.230863122348984,-0.13913460309082235,-0.05584992877402921,-1.5209629049714342e-10,-1.103605736252655e-09,-0.03804877765735804,0.13385263169420275,-0.15163405144474656,-0.0025447823376780632,0.00023908328530399426,-0.0010166119391729514,-0.052008252666275526,0.1911124401069413,-0.15563127057259557,0.02214923104218324,-2.1666573176722587e-10,2.20549998775071e-09,-0.06583517815844757,0.240138533478057
64.97,-0.06937436672585831,0.2267979156703786,-0.1408467743066103,-0.048825364155345184,-1.5675789561557253e-10,-1.083973147220422e-09,-0.03918303622156436,0.13922001358815295,-0.15296784208840042,0.002846515990412426,0.00023962809671901247,-0.0010237040529676748,-0.05282844032254269,0.19525595874750207,-0.1564961187459664,0.025454150154808064,-2.1066732894304472e-10,2.1828779129209404e-09,-0.06633128768375215,0.24356484034167702
64.98,-0.06946934037343383,0.22263811947621256,-0.14256375201280985,-0.04181162935693307,-1.615272449197043e-10,-1.0640099866313116e-09,-0.040303292656603304,0.1445415141579788,-0.15430129022235736,0.008203168425296276,0.00024007156560721746,-0.0010301416479467174,-0.05362904253748472,0.19933318603284658,-0.15735838736960917,0.02870800618707954,-2.0445086589539107e-10,2.1597011313817777e-09,-0.06680298761977765,0.24697034813355218
64.99,-0.06954227721811028,0.21839179796925412,-0.1442848350044643,-0.03481579413004853,-1.664023496478799e-10,-1.0439346769206989e-09,-0.041409015378797195,0.14981388890318548,-0.15563386049182992,0.013523977400852776,0.00024041309024847883,-0.0010359074860887873,-0.054409652412976975,0.20334268934044797,-0.1582177515253574,0.031912054218306896,-1.9801865705222816e-10,2.1359465961702505e-09,-0.06724993758403133,0.25035054923370303
65.0,-0.0695936027924376,0.21406792086448073,-0.1460093238731098,-0.02784285315504176,-1.7138119234566696e-10,-1.0234959298264005e-09,-0.042499677786303265,0.15503399914536517,-0.15696502113479815,0.018807757810419122,0.00024065212720527897,-0.001040990888159614,-0.05516986984877509,0.2072835886484748,-0.15907389124586016,0.03506789114076594,-1.913730779816468e-10,2.1115921139519896e-09,-0.06767179986086476,0.25369897685502785
65.01,-0.06962374996977429,0.2096760613697565,-0.147736521444525,-0.020894452453375522,-1.764617193760779e-10,-1.0026112982437892e-09,-0.04357475856005865,0.16019918899219596,-0.1582942441052341,0.024053191932298563,0.00024078819207430825,-0.0010453881576526522,-0.055909301629227845,0.2111554033025223,-0.15992649142446966,0.03817508477984223,-1.8451654901017695e-10,2.0868562219432674e-09,-0.0680682400456889,0.2570080000706259
65.02,-0.06963315804828504,0.2052248143229403,-0.14946573302253283,-0.013972639623056657,-1.816418602053967e-10,-9.8135981988204e-10,-0.04463374192481892,0.16530725533472995,-0.15962100532316617,0.02925505742948784,0.00024082086010299462,-0.0010490852579006385,-0.056627561511639994,0.21495660303900843,-0.1607752418507167,0.04123216245537964,-1.7745155582525273e-10,2.0615857497461685e-09,-0.06843892773484132,0.2602716247275752
65.03,-0.06962227186664696,0.20072294401467666,-0.15119626657798602,-0.007079186683001612,-1.8691947525397575e-10,-9.59722482811219e-10,-0.04567611787542576,0.17035609012216676,-0.16094478507602064,0.03440956383939551,0.0002407497671895753,-0.00105206857625648,-0.05732427034615601,0.2186860544663598,-0.16161983724962237,0.04424049104644692,-1.7018062186945765e-10,2.0356377121930673e-09,-0.06878353718506777,0.26348296913596125
65.04,-0.06959154091052464,0.19617988676683254,-0.1529274329316337,-0.00021585084791957737,-1.9229241662849507e-10,-9.377275197550033e-10,-0.04670138239892271,0.17534327761297344,-0.16226506832914162,0.039516071870277246,0.00024057461116054764,-0.001054324985933436,-0.05799905618776635,0.2223429124516965,-0.16245997718226352,0.04720205583583036,-1.6270633759529063e-10,2.0090567273383357e-09,-0.06910174800769726,0.26663440069053923
65.05,-0.06954141838722272,0.1916049453427544,-0.1546585459327372,0.006615549199170708,-1.9775848294050763e-10,-9.153825769008578e-10,-0.047709037708611866,0.1802664427082995,-0.1635813448523646,0.04457394393259659,0.00024029515376073235,-0.0010558204789790345,-0.0586515544160543,0.22592536589472292,-0.16329536587743637,0.050118268508843045,-1.550313623687789e-10,1.9818198188618856e-09,-0.0693932458871914,0.26971926401479707
65.06,-0.0694723603068286,0.18700701363305597,-0.156388922634739,0.013413379742920836,-2.0331544696444327e-10,-8.926975661384488e-10,-0.04869859248489403,0.18512311947360688,-0.16489310927185133,0.04958294464321736,0.00023991122298324793,-0.0010565435480217249,-0.05928140791706156,0.22943095157128587,-0.1641257120754451,0.05299067051057649,-1.4715841146537383e-10,1.953915248385785e-09,-0.06965772325122749,0.2727313893797746
65.07000000000001,-0.06938482459691102,0.18239465635121888,-0.15811788345900832,0.02017613708315467,-2.0896104932295602e-10,-8.696797836937634e-10,-0.04966956211008555,0.18991115476829803,-0.1661998611016708,0.054542850533610715,0.00023942271411005913,-0.001056501329584383,-0.0598882673067222,0.23285751904924926,-0.16495072887279594,0.05582093407639433,-1.390902776671749e-10,1.9252874585889965e-09,-0.06989487993131778,0.27566350981506826
65.08,-0.06927927024238896,0.17777643068384874,-0.1598447523485437,0.026902316933931383,-2.146929884910755e-10,-8.463408121292434e-10,-0.05062146888118295,0.1946286648735286,-0.16750110476466243,0.059453509074816405,0.00023882958951240477,-0.0010556992141369844,-0.06047179115949778,0.23620266501977877,-0.1657701335556787,0.05861080323025836,-1.3082981479901978e-10,1.8959249740327274e-09,-0.07010442388932543,0.27850766498154716
65.09,-0.0691561564285393,0.173161033596574,-0.16156885691712322,0.03359048048492063,-2.2050895895106818e-10,-8.226869258548771e-10,-0.05155384220387245,0.1992737399054649,-0.16879634960431464,0.06431493784207992,0.0002381318781732647,-0.0010541465936957852,-0.06103164626512834,0.23946327838754505,-0.16658364743211923,0.061361867113590554,-1.2237996787461e-10,1.865843194911356e-09,-0.07028607198186028,0.2812564763486381
65.1,-0.06901594166394097,0.16855761165790686,-0.16328952859419688,0.04023922265255306,-2.2640658768189163e-10,-7.987294089847612e-10,-0.05246621877875056,0.2038445897499561,-0.1700851098875649,0.06912713111088205,0.00023732967515514408,-0.0010518520797822802,-0.061567507918240866,0.24263647616742018,-0.16739099567677274,0.0640755076140285,-1.1374372921488672e-10,1.8350450244335108e-09,-0.07043955066684243,0.2839039501766188
65.11,-0.06885908288789368,0.1639750242898623,-0.16500610276577046,0.04684717239690044,-2.3238350291066952e-10,-7.744754307846409e-10,-0.05335814277535569,0.20833964226392024,-0.1713669048054376,0.07389008169978034,0.00023642314098524665,-0.0010488263773206607,-0.062079060207591054,0.2457194736335438,-0.16819190719361793,0.0667529577241245,-1.0492418186741794e-10,1.8035266007117914e-09,-0.07056459659917688,0.28644509560927117
65.12,-0.0686860346082885,0.1594213343695508,-0.16671791892415885,0.053412595177661816,-2.384372910651421e-10,-7.500166999014269e-10,-0.054229165996477396,0.2127572129577966,-0.17264125847656298,0.07860370628430824,0.00023541250095438762,-0.001045078744425608,-0.06256599627377174,0.2487102028506171,-0.16898611448546266,0.06939560096116566,-9.592447017569639e-11,1.771183505863232e-09,-0.07066095721473149,0.2888728080605342
65.13,-0.06849724810737723,0.15490388046574965,-0.16842432093561455,0.059930496932657354,-2.445655186609082e-10,-7.254185551672476e-10,-0.05507884805689554,0.21709518756849777,-0.17390769995422314,0.08326792980578378,0.00023429804450255225,-0.0010406161032830926,-0.06302801853138586,0.2516065363566076,-0.169773353512861,0.07200501893921049,-8.674782844030163e-11,1.738034665562144e-09,-0.07072839150401572,0.2911765746673714
65.14,-0.06829317068587798,0.15043044417390689,-0.1701246574148763,0.06639786722158687,-2.5076575975409625e-10,-7.005739452033951e-10,-0.055906756577871204,0.22135169716707506,-0.17516576322968996,0.0878828325320352,0.0002330801247402929,-0.0010354503956173686,-0.06346483890519762,0.25440553028818874,-0.17055336355011197,0.0745824751647315,-7.739758053457056e-11,1.7041497011270671e-09,-0.07076667091286104,0.293348570915486
65.15,-0.06807424487484405,0.1460096231016193,-0.17181828199710794,0.0728139321804299,-2.570355250666086e-10,-6.754602192239753e-10,-0.05671246736951387,0.22552514590611783,-0.17641498722812302,0.0924484818136829,0.00023175915783207619,-0.0010295972547075248,-0.06387617910600714,0.257104297024204,-0.1713258870647662,0.07712885371794709,-6.787708821077703e-11,1.6695300182049747e-09,-0.07077558005279021,0.29538501616981994
65.16,-0.06784090761219994,0.14164958782275697,-0.1735045534668811,0.07917770101450748,-2.633723329935881e-10,-6.5010599752233e-10,-0.057495564607286,0.22961353430950326,-0.1776549158028443,0.09696491883023665,0.00023033562216560148,-0.0010230706117538375,-0.06426177092158952,0.259699890294133,-0.17209066962194072,0.07964504528158724,-5.8189827479761406e-11,1.634156905093052e-09,-0.07075491718536009,0.29728126171691344
65.17,-0.06759358945646635,0.137357481546578,-0.17518283585015665,0.08548829684575217,-2.6977365915893196e-10,-6.245165278422003e-10,-0.05825564099988784,0.23361561251535123,-0.1788850977455779,0.10143171737547393,0.00022881005878204003,-0.0010158409005675364,-0.06462135648815916,0.26219005050751315,-0.17284745979126492,0.08213208765290067,-4.833932666172404e-11,1.597946337170831e-09,-0.07070449478694889,0.29902885207363844
65.18,-0.06733271388938492,0.13313949969122024,-0.17685249850206053,0.0917449348917274,-2.762369762637103e-10,-5.987094962922086e-10,-0.058992297967643874,0.2375288487857468,-0.18010508689826177,0.10584592448788822,0.00022718307352611507,-0.001007892429347732,-0.06495468853187225,0.26457242524388824,-0.1735960090484446,0.0845909537667653,-3.83292115465884e-11,1.5609246044877915e-09,-0.07062414037112887,0.3006176317344851
65.19,-0.0670586966714117,0.12900231346142554,-0.17851291618443224,0.09794694070267276,-2.827597159139228e-10,-5.726949081599866e-10,-0.05970514587475486,0.2413505382083422,-0.18131444235026747,0.11020616152307938,0.00022545533681020982,-0.0009992956585435707,-0.06526153056552171,0.26684581909959443,-0.17433607168988208,0.08702220329332083,-2.816318492275826e-11,1.5231162105969031e-09,-0.0705136973537269,0.3020412190979915
65.2,-0.06677194518983047,0.12495269281518717,-0.18016346914137096,0.10409346863235089,-2.893392999667023e-10,-5.464853096305806e-10,-0.0603938042625349,0.2450790402635553,-0.18251272855321604,0.11451281737419718,0.00022362758010633835,-0.0009900847550285976,-0.06554165707373728,0.2690076158728369,-0.17506740481681177,0.08942484608263286,-1.7845018869068798e-11,1.4844621114276576e-09,-0.07037302574309759,0.3032939439471069
65.21000000000001,-0.06647285780610313,0.12099698387872904,-0.18180354317617714,0.11018383058357549,-2.9597313931305606e-10,-5.200957523445941e-10,-0.06105790204996584,0.24871217677614865,-0.18369951532691062,0.11876597237965653,0.00022170059350025905,-0.0009802634098877595,-0.06579485376753132,0.27105448750719785,-0.17578976838419105,0.09179853799317486,-7.378588778290389e-12,1.4450389454057372e-09,-0.0702020027301428,0.3043698258438908
65.22,-0.0661618232283107,0.11714134767629103,-0.18343252972276086,0.11621737443654463,-3.026586074724758e-10,-4.935290437792042e-10,-0.06169707775255517,0.2522473522054612,-0.18487437784393584,0.12296575993794953,0.0002196752254790774,-0.000969833738990576,-0.06602091787434168,0.27298400522111205,-0.17650292522117833,0.09414381366756369,3.232176119621121e-12,1.4048648402114111e-09,-0.07000052330631959,0.3052620151775431
65.23,-0.06583921992097566,0.11339131360881946,-0.1850498259125097,0.12219343596742181,-3.0939308010545837e-10,-4.668010683000989e-10,-0.06231097971542427,0.25568251888979543,-0.18603689662023554,0.12711223164910682,0.0002175523830339714,-0.0009588093785561053,-0.06621965839659227,0.27479377750811135,-0.17720664100256414,0.09646097725349999,1.3983243045992841e-11,1.3639157600432617e-09,-0.06976850093959484,0.30596337178188454
65.24,-0.06550541556573297,0.10975190422717247,-0.18665483463978755,0.12811139059760507,-3.161739002883092e-10,-4.399230653553973e-10,-0.06289926632484347,0.25901571740983725,-0.18718665750937602,0.13120541596460875,0.00021533303084279827,-0.0009472169232251345,-0.06639089633144514,0.27648203360663165,-0.17790068421599559,0.09875027526822389,2.487052700904175e-11,1.3222203739866412e-09,-0.06950586829750499,0.3064662496820788
65.25,-0.06516076656345726,0.10622802502902837,-0.188246964624905,0.13397063878098267,-3.2299841181370477e-10,-4.1290150244295966e-10,-0.0634616062227298,0.2622444023600849,-0.188323251702361,0.13524525021131542,0.00021301818958589108,-0.0009350836662432325,-0.06653446483692335,0.27804771972582404,-0.17858482614146046,0.10101179628872684,3.588985003291311e-11,1.2798174751972307e-09,-0.06921257795032947,0.3067646434032253
65.26,-0.06480561755612792,0.10282446405749064,-0.18982563047778417,0.13977049195224692,-3.298639352472493e-10,-3.857433305124544e-10,-0.0639976785175912,0.2653670260318324,-0.1894462757327205,0.13923166071197673,0.0002106089341080865,-0.0009224330853327994,-0.06665020934621417,0.2794899135462528,-0.17925884084378152,0.10324549640090279,4.703697086907216e-11,1.2367311527848041e-09,-0.06888860298148473,0.30685325332760865
65.27,-0.06444030097364552,0.09954547316397615,-0.19139025276291402,0.1455103450399491,-3.367677830497508e-10,-3.5845554424805294e-10,-0.06450717298258163,0.26838123705140127,-0.1905553314825746,0.1431646173179882,0.00020810639205568162,-0.0009092793608223048,-0.06673798769659967,0.28080654804304905,-0.17992250517891323,0.1054511969784826,5.830757628278245e-11,1.1929681097233703e-09,-0.06853393754970445,0.30672616234267547
65.28,-0.06406513662679411,0.09639475029215484,-0.1929402580618341,0.15118959536687734,-3.437072524897508e-10,-3.3104393173005033e-10,-0.06498979027777094,0.27128454539296826,-0.19165002618419552,0.147044172346663,0.00020551174278517675,-0.0008956449047570289,-0.0667976703867306,0.2819931453527808,-0.18057559881362695,0.10762858547208529,6.969728369029836e-11,1.1485398248020474e-09,-0.06814859746907373,0.30637740928376617
65.29,-0.06368043134983464,0.09337562165149145,-0.19447507903218927,0.1568076930061589,-3.5067961504407204e-10,-3.0351507535266337e-10,-0.06544524220958713,0.2740739907017089,-0.1927299724198372,0.15087027368753844,0.0002028262159466432,-0.0008815547820640042,-0.06682914094697388,0.2830461549771663,-0.1812179042598099,0.10977717587979749,8.120165672365778e-11,1.1034518806557946e-09,-0.06773262081188182,0.30580075680888014
65.3,-0.06328647867437694,0.0904913557275862,-0.19599415446472604,0.16236406762049338,-3.576821635758431e-10,-2.7587716824955424e-10,-0.06587325201058752,0.27674679385963746,-0.19379478812905648,0.15464273997695852,0.00020005108981041708,-0.0008670323637962411,-0.0668322962465465,0.2839641340893446,-0.18184920692411052,0.111896347681243,9.281616783144593e-11,1.0577457411501105e-09,-0.06728606849751845,0.3049908880352233
65.31,-0.0628835585325488,0.08774460798728624,-0.1974969293427857,0.1678580656601239,-3.647121466652831e-10,-2.481448898644492e-10,-0.06627355457704599,0.27930155280764746,-0.19484409662610935,0.15836133603987987,0.00019718768954207975,-0.0008521033404324417,-0.06680704665084693,0.2847465275101491,-0.18246929517167168,0.1139853494444695,1.0453624428958756e-10,1.0114637099298258e-09,-0.06680902479491634,0.3039439900358778
65.32000000000001,-0.062471937011683305,0.08513738754307731,-0.19898285490517742,0.1732890689557823,-3.7176682303898407e-10,-2.203209522979844e-10,-0.06664589664641932,0.28173649379816035,-0.19587752662333358,0.16202580051908422,0.00019423738537487385,-0.00083679361937511,-0.06675331610748354,0.28539232081705895,-0.18307796040173618,0.11604333980824767,1.1635725012942314e-10,9.6461764864946e-10,-0.06630159769760084,0.30265738121521313
65.33,-0.062051866164849506,0.08267132460533362,-0.20045138871078969,0.17865639831999294,-3.7884342608233e-10,-1.9241793772700223e-10,-0.06699003696371686,0.2840499156560467,-0.19689471225757554,0.16563584882635127,0.0001912015908083524,-0.0008211256647382147,-0.06667104227956867,0.2858991347954687,-0.18367499713465368,0.11806933478415296,1.2827449860674534e-10,9.172372347289243e-10,-0.06576391924462845,0.30112735972662996
65.34,-0.06162358386202728,0.08034775555015834,-0.20190199473208342,0.1839585125041087,-3.85939202923714e-10,-1.6441160444032008e-10,-0.06730574648402844,0.2862390670654083,-0.197895293120704,0.1691911170710645,0.00018808176111427901,-0.0008051162157053587,-0.06656017681367371,0.28626270484941435,-0.18426020311171765,0.1200622196468227,1.4028322917528322e-10,8.693473655469969e-10,-0.06519614587143929,0.2993501620788547
65.35,-0.06118731367066312,0.07816777945879465,-0.2033341435359546,0.18919245655372882,-3.930513614430916e-10,-1.3632266318617387e-10,-0.06759280861754194,0.2883014525859515,-0.1988789142975722,0.17269114106232383,0.00018487939201148208,-0.0007887866539459145,-0.06642068572435955,0.2864788803050493,-0.18483337940826663,0.12202074961346171,1.5237866018566888e-10,8.209826558168204e-10,-0.06459845877572308,0.29732228861768145
65.36,-0.06074326475599551,0.0761324237405083,-0.20474731249588504,0.19435707414779302,-4.0017712708558063e-10,-1.081639813749821e-10,-0.06785101947506272,0.29023482190232,-0.19984522641175703,0.17613541505113836,0.00018159601805843432,-0.0007721626633319782,-0.06625254973075227,0.28654608962464495,-0.1853943305552115,0.12394369783428794,1.6455593353122074e-10,7.721879429142604e-10,-0.06397106419153978,0.2950428283261649
65.37,-0.06029163181893086,0.07424176568870645,-0.20614098591752597,0.19945203932543693,-4.073137075525135e-10,-7.994234835360279e-11,-0.0680801881147426,0.2920363301051315,-0.20079388567677067,0.1795233856765081,0.00017823321077376262,-0.0007552677718615525,-0.06605576446743162,0.2864626339554715,-0.18594286466712043,0.12582967854100893,1.7681016016348004e-10,7.229827977555075e-10,-0.06331419352017638,0.29251120113626694
65.38,-0.05983259510756886,0.0724950619477154,-0.2075146550997127,0.20447663714015504,-4.1445829439811525e-10,-5.168363198283085e-11,-0.06828013678419988,0.2937040776557578,-0.2017245539528996,0.18285441901249427,0.00017479257673347595,-0.0007381256094988161,-0.06583034067846692,0.28622591280713816,-0.18647879357841127,0.12767728504026227,1.8913640980527043e-10,6.734100060301357e-10,-0.06262810336226657,0.2897278403412714
65.39,-0.05936632048056347,0.07089180968831514,-0.20886781839447982,0.20943027462576688,-4.2160808948433574e-10,-2.339766244065702e-11,-0.0684507011470254,0.2952355392929826,-0.20263689881161878,0.18612779419435327,0.00017127575570147164,-0.0007207582870655278,-0.06557630445084078,0.28583357386024344,-0.1870019329840301,0.12948509945793732,2.0152971506361626e-10,6.235047181727481e-10,-0.06191307547039743,0.28669392213443484
65.4,-0.0588929594775692,0.06943141416136189,-0.21019998127297534,0.21431222016976395,-4.2876028949153645e-10,4.892404939382807e-12,-0.0685917305311899,0.2966278765554134,-0.20353059360948353,0.18934267311801292,0.00016768441883083997,-0.0007031860301022295,-0.06529369746999125,0.28528272866190374,-0.18751210257960862,0.13125175111961587,2.1398506444006978e-10,5.733018289825998e-10,-0.061169416621908425,0.28341137117413534
65.41,-0.05841264940130353,0.06811289352693378,-0.21151065639636543,0.2191217230479761,-4.3591207842493557e-10,3.317328878795298e-11,-0.06870308818900539,0.2978787786100441,-0.20440531757248892,0.19249812098037808,0.00016402026698173811,-0.0006854279080164608,-0.06498257730012454,0.28457038578359367,-0.18800912619666874,0.13297596055187572,2.2649743288551888e-10,5.228367601734894e-10,-0.0603974583922577,0.27988366075421195
65.42,-0.057925513437701526,0.06693470557130167,-0.21279936369232305,0.2238579696784176,-4.430606498333197e-10,6.14319279253987e-11,-0.06878465153658415,0.2989859556049331,-0.20526075589200712,0.19559305681675493,0.00016028502906807865,-0.0006675036059891936,-0.0646430177034866,0.2836928000765655,-0.18849283193286512,0.1346564319592687,2.3906175560035266e-10,4.721430901906811e-10,-0.05959755682970276,0.2761145048346352
65.43,-0.057431660814425904,0.06589520492617568,-0.21406563043572668,0.22852012161357957,-4.502031941205954e-10,8.96490237613384e-11,-0.06883631234983288,0.2999481552443195,-0.206096599835015,0.19862623161633974,0.00015648046265021062,-0.0006493576110612995,-0.06427510895588871,0.28264762027993956,-0.18896305228113008,0.13629187189348713,2.516729451927126e-10,4.212566201955838e-10,-0.05877009205216289,0.27210876266788114
65.44,-0.05693118698616839,0.06499239618830978,-0.21530899133354167,0.23310728365241523,-4.5733691309298995e-10,1.1786167144884822e-10,-0.06885797692767043,0.30076351430251297,-0.20691254690709135,0.20159504822135263,0.00015260835752650895,-0.0006309553347765711,-0.0638789581128577,0.281432347779579,-0.1894196242589887,0.13788098717257663,2.643259012410779e-10,3.7020957276911066e-10,-0.05791546776315117,0.267871929409822
65.45,-0.056424173859587076,0.0642236192196215,-0.21652898861532704,0.23761848393903046,-4.6445899611316253e-10,1.4606212453305883e-10,-0.06884956635558528,0.301427233573749,-0.20770830106463017,0.2044975786224501,0.0001486705348174056,-0.0006124208356805106,-0.06345468927747569,0.28004377280179943,-0.189862389536657,0.13942252121980175,2.7701550218426564e-10,3.190362383566376e-10,-0.057034110681498995,0.2634105440639063
65.46000000000001,-0.055910690056731195,0.06358624713348132,-0.2177251721313273,0.24205266287060767,-4.715666433288113e-10,1.7420451999940691e-10,-0.06881101692202074,0.3019346513123095,-0.20848357289802907,0.20733262667252894,0.00014466884004076382,-0.0005938037605250495,-0.06300244390490914,0.27847873017857583,-0.19029119456217944,0.14091525376144,2.8973661106160176e-10,2.677690749699276e-10,-0.05612646990202814,0.2587313059539859
65.47,-0.0553907911950459,0.06307747926284012,-0.21889709945767222,0.24640871895494626,-4.786570427869144e-10,2.0226168943788956e-10,-0.06874228051631279,0.30228336200615474,-0.20923807977406034,0.21009871884594342,0.00014060513818093455,-0.0005751054233441909,-0.0625223811246695,0.2767338666518213,-0.19070589068302932,0.14235799678948652,3.0248409059558167e-10,2.16440409534377e-10,-0.055193016228017894,0.2538409027142852
65.48,-0.05486452018223496,0.0626942815611396,-0.2200443360051847,0.2506855557913591,-4.857274172886225e-10,2.3022573388593823e-10,-0.06864332485679414,0.3024727650275707,-0.2099715459791819,0.21279432599383566,0.00013648131203228606,-0.0005563445555190449,-0.06201467807115911,0.2748058346558041,-0.19110633426428542,0.14374959762230022,3.152527808828351e-10,1.6508204359499793e-10,-0.05423424149515278,0.24874621395935223
65.49,-0.054331907534654646,0.06243333331242933,-0.22116645513016778,0.25488203025072276,-4.92774968695483e-10,2.58086490766507e-10,-0.06851413358205592,0.302502361927926,-0.21068370287305696,0.21541785414167805,0.00013229926101917215,-0.0005375259658341293,-0.06147953019885151,0.2726918973790189,-0.19149238680307573,0.1450889466115823,3.280375406219941e-10,1.1372418117455717e-10,-0.053250657870420666,0.24345463124491248
65.5,-0.053792971729158916,0.06229082872236337,-0.2222630382516394,0.2589968607137198,-4.997969340093623e-10,2.8585904714506986e-10,-0.06835470636842335,0.30236948619777965,-0.21137428904492978,0.21796775553535389,0.00012806090001705415,-0.0005186641180424529,-0.060917151543786185,0.27039007865941583,-0.19186391503776065,0.14637501231817174,3.40833202034895e-10,6.239665900815116e-11,-0.05224279709568673,0.2379743964169567
65.51,-0.053247719606239974,0.06226224946582662,-0.22333367498451417,0.2630284994696879,-5.067905338433631e-10,3.135642572245407e-10,-0.06816505925391024,0.3020681858538057,-0.21204305047485,0.220442292293276,0.00012376815799100698,-0.0004997714140369096,-0.06032777496048347,0.26789759209209546,-0.19222079104989345,0.14760684389521217,3.5363462884422876e-10,1.112787723083815e-11,-0.05121120966628123,0.2323141693210539
65.52,-0.0526961468215676,0.062342949136386897,-0.22437796329171683,0.2669752991854788,-5.137530167166459e-10,3.411583844989643e-10,-0.06794522515793784,0.3015928123894908,-0.21268974070549374,0.22283965727092214,0.00011942297652194718,-0.0004808596330299326,-0.059711652373416184,0.26521198959946657,-0.19256289235863544,0.148783555263185,3.6643666354438635e-10,-4.005364558299615e-11,-0.05015646396920064,0.22648270670415674
65.53,-0.052138238311535204,0.06252847715380982,-0.22539550964248897,0.27083574081033884,-5.206816234633168e-10,3.685996564887084e-10,-0.06769525434691737,0.3009410901645142,-0.21331412102400413,0.22515795072192785,0.00011502730831789927,-0.0004619420624305547,-0.05906905501350006,0.262331286422587,-0.19289010200883033,0.14990430998243598,3.792341725420315e-10,-9.111985630860254e-11,-0.0490791454184899,0.22048843530141424
65.54,-0.05157396875934924,0.06281412189320637,-0.226385929167798,0.2746082567648737,-5.275736148657169e-10,3.9588903837217005e-10,-0.06741521471272728,0.3001112164186778,-0.2139159606472605,0.22739535385936663,0.00011058311564986419,-0.0004430312597941947,-0.058400273596465234,0.25925442412850996,-0.1932023086527571,0.15096835507143863,3.920220381190036e-10,-1.420458488007665e-10,-0.04797985558877213,0.21434030885834654
65.55,-0.051003303077556225,0.06319491910899994,-0.22734884581966405,0.27829114720473136,-5.34426270407423e-10,4.230110128247585e-10,-0.06710519198415604,0.2991006462683922,-0.2144950369045519,0.22955006130920053,0.00010609236884653072,-0.00042413697296908744,-0.05770561842807447,0.2559809372307964,-0.19349940662414467,0.1519750224673984,4.0479514025211896e-10,-1.9280325883619244e-10,-0.04685921131875464,0.20804762265209814
65.56,-0.05042619691910179,0.06366553897348014,-0.22828389254483736,0.28188248933178883,-5.412368805587307e-10,4.4996652334217033e-10,-0.06676529000743969,0.29790548195266225,-0.2150511354206049,0.23162018256164704,0.00010155704492671068,-0.00040526842427028164,-0.056985419466058014,0.2525102226313703,-0.1937812960038225,0.15292372534388535,4.1754839450332546e-10,-2.4337004174090513e-10,-0.045717843782976914,0.2016198178989576
65.57000000000001,-0.04984259720561068,0.06422082760655191,-0.22919071147838183,0.28538015624628205,-5.48002756779182e-10,4.767439573437222e-10,-0.06639563113767154,0.2965208742670028,-0.21558405029899788,0.23360394192418016,9.697912629122166e-05,-0.00038643460092788726,-0.05624002633869346,0.24884292401327435,-0.19404788267750264,0.15381394704371443,4.3027671572451125e-10,-2.9371975844274105e-10,-0.04455639754952495,0.19506633931299464
65.58,-0.0492524426604632,0.06485541432875486,-0.23006895415814796,0.28878181304714773,-5.547212159431978e-10,5.033218532041009e-10,-0.06599635671791301,0.2949415220298208,-0.21609358429421943,0.23549980214711502,9.236059947270205e-05,-0.00036764248938644115,-0.05546980826468674,0.24498097758926402,-0.19429907838516708,0.15464527831289754,4.4297505696882603e-10,-3.4383120703576793e-10,-0.04337552961694522,0.1883972075462758
65.59,-0.0486556643366336,0.06556431835016803,-0.2309182817489479,0.29208527347582713,-5.613896051799249e-10,5.296673452372395e-10,-0.06556762753113689,0.2931643376209664,-0.2165795489622683,0.23730646599380004,8.770345394217691e-05,-0.00034889987188940736,-0.05467515383494743,0.24092792989832418,-0.19453480076164129,0.15541737837323535,4.556383900763635e-10,-3.9368112668604005e-10,-0.042175908427279106,0.18162229407344804
65.6,-0.048052186123819216,0.06634272989277912,-0.23173836526561842,0.2952882821017247,-5.68005290300029e-10,5.557635156108673e-10,-0.06510962414525615,0.2911864464417899,-0.21704176479205517,0.23902272145661874,8.300968088721701e-05,-0.00033021484729350587,-0.05385647066806492,0.23668801752900345,-0.1947549733697873,0.15612996705201881,4.682617121428233e-10,-4.432490416196872e-10,-0.040958212883550664,0.17475119712042067
65.61,-0.04744192524024541,0.06718579724713131,-0.23252888580552036,0.29838829291748153,-5.745656584488149e-10,5.815935809431175e-10,-0.06462254724972567,0.28900349134795394,-0.2174800613260574,0.24064741464069878,7.828127193185857e-05,-0.00031159585847170433,-0.05301418498874036,0.23226583989619662,-0.19495952573528633,0.15678257173024168,4.808400381686318e-10,-4.928547805306231e-10,-0.039723131387088884,0.16779340631017914
65.62,-0.04682479272425883,0.06808861829412559,-0.23328953480321402,0.3013825504344206,-5.81068127828641e-10,6.071467398778738e-10,-0.06410661807701232,0.28661060298468055,-0.21789427727417973,0.24217946422993733,7.352021776118281e-05,-0.00029305320479062986,-0.05214874116298929,0.22766637618044525,-0.19514839339075607,0.1573746863379082,4.933683938494758e-10,-5.422586019279358e-10,-0.03847136088875001,0.16075831076474342
65.63,-0.0462006939360037,0.06904605756320215,-0.23402001431519265,0.3042678463333355,-5.875101360657137e-10,6.325161195975689e-10,-0.06356207889055722,0.2840025280377031,-0.21828426062088596,0.24361785360221697,6.872850667342659e-05,-0.00027459593510902893,-0.051260601202392744,0.2228947694622926,-0.19532151791252692,0.15790621927010579,5.058418268857375e-10,-5.912775765308332e-10,-0.03720360594692914,0.15365531150071546
65.64,-0.04556952906989857,0.07005302136011508,-0.23472003737017708,0.3070397065472159,-5.938891403718308e-10,6.577133728343366e-10,-0.06298919345080463,0.28117566751913875,-0.21864986872501435,0.24496165329961497,6.390812325775543e-05,-0.0002562294970597099,-0.050350244239909775,0.21795658016704217,-0.19547884693369208,0.15837720584928008,5.182554214074229e-10,-6.399603788907274e-10,-0.035920577794527064,0.14649356600984895
65.65,-0.044931193671666515,0.07110433681574879,-0.23538932836009835,0.3096946534480051,-6.00202624730737e-10,6.825884465846574e-10,-0.062388247387756106,0.2781270505271704,-0.21899096841124377,0.24621002367815006,5.90610472747917e-05,-0.00023795907809939825,-0.0494181659733893,0.21285764456394474,-0.1956203341417698,0.15878771158670377,5.306042891071844e-10,-6.882601587852168e-10,-0.03462299342213221,0.13928208910813922
65.66,-0.044285579162949514,0.07219467096754018,-0.2360276233869288,0.3122298555586159,-6.064480859898831e-10,7.070961523021901e-10,-0.061759548529137655,0.2748530822390985,-0.21930743605287253,0.2473622072750266,5.418925263169009e-05,-0.00021978935669271382,-0.04846487808185942,0.20760397383563672,-0.19574593926959458,0.15913789183498495,5.428835927183363e-10,-7.361744194987604e-10,-0.03331157467561306,0.13202981399017727
65.67,-0.04363257337848511,0.07331857677009712,-0.23663467056788803,0.3146421586465728,-6.126230821598714e-10,7.312252680505278e-10,-0.061103427244755315,0.2713502423642673,-0.2195991576460707,0.2484175340477651,4.9294706370126466e-05,-0.00020172548564674538,-0.047490907621725496,0.20220177409072398,-0.19585562807955806,0.15942795448476968,5.550885226040745e-10,-7.836802414050339e-10,-0.0319870473648429,0.1247455370273716
65.68,-0.04297206110810345,0.07447072207080944,-0.2372102303286969,0.31692889872923086,-6.187251913801418e-10,7.549456041210093e-10,-0.060420236723516714,0.267617474185373,-0.21986602887485185,0.2493754424060404,4.4379367596019965e-05,-0.00018377406501465918,-0.04649679639783156,0.1966576430996505,-0.19594937234213114,0.15965815125772692,5.672143119468057e-10,-8.307680845500312e-10,-0.0306501403921504,0.11743768794819683
65.69,-0.04230392463736474,0.07564569374489763,-0.23775407568191562,0.3190873172903915,-6.247520361677011e-10,7.782507992608388e-10,-0.05971035311980894,0.26365396587057,-0.22010795516612827,0.25023546292461246,3.944518635022388e-05,-0.00016594107415973677,-0.04548310030604043,0.19097835152757808,-0.19602714980970815,0.1598287817995219,5.792562468452294e-10,-8.774249921958069e-10,-0.029301584907341516,0.11011451070441972
65.7,-0.04162804428716487,0.07683815418905901,-0.23826599248856528,0.3211150350752016,-6.307012747910696e-10,8.01119888255902e-10,-0.05897417558111975,0.25946078651995186,-0.2203248517348416,0.25099723120425965,3.449410247681179e-05,-0.00014823276154152048,-0.04445038865039034,0.18517096766821747,-0.1960889441861952,0.15994017912133773,5.912096499890426e-10,-9.236393185399338e-10,-0.02794211348972727,0.10278390734548844
65.71000000000001,-0.04094429894177825,0.07804305752772674,-0.23874577967443794,0.32301059480736694,-6.365706176480514e-10,8.2354942328422e-10,-0.058212126049504175,0.2550431682951953,-0.22051664361827067,0.25166050684633895,2.9528044468979418e-05,-0.0001306563138452479,-0.04339924342748163,0.17924303575812284,-0.19613474509389825,0.15999267988614796,6.030698844776352e-10,-9.694006967963338e-10,-0.026572459367707052,0.09545323039010657
65.72,-0.04025256655911869,0.0792554047652795,-0.23919324938194853,0.32477290999978425,-6.423578174180466e-10,8.455294301771661e-10,-0.05742464877776113,0.2504077242868799,-0.22068326569888408,0.25222515539475177,2.4548928286293383e-05,-0.00011321846456234553,-0.042330258574916305,0.17320231358818677,-0.196164548038882,0.15998664339547636,6.148323644030951e-10,-1.0146980033100282e-09,-0.025193355682228084,0.08812951037514884
65.73,-0.03955272467364168,0.0804701599055527,-0.23960822708121413,0.3264010322491503,-6.480606641924651e-10,8.670557282064158e-10,-0.05661220968284643,0.24556146940018608,-0.22082466271653645,0.2526911392029978,1.9558656341406353e-05,-9.592092878118405e-05,-0.041244039196508375,0.16705666613521514,-0.19617835437431463,0.15992245597839946,6.264925534860661e-10,-1.059522110570872e-09,-0.023805534784651278,0.08081953141506139
65.74,-0.038844650900471775,0.08168226348869508,-0.23999055166183014,0.32789418083578026,-6.536769992535949e-10,8.881202569711521e-10,-0.05577529563826757,0.24051187055961612,-0.2209407892801687,0.2530582144941968,1.4559120974967905e-05,-7.862857475388603e-05,-0.04014120077398048,0.16081408902013788,-0.1961761712613909,0.15980052499334288,6.380459626578402e-10,-1.1038621030805527e-09,-0.02240972756115166,0.07352981952181005
65.75,-0.03812822344148087,0.08288664179114777,-0.2403400755090411,0.32925172463537244,-6.592047183516825e-10,9.087188205819217e-10,-0.0549144137243552,0.23526678109870156,-0.22103160992419035,0.25332495808653877,9.552211690733596e-06,-6.130690811359113e-05,-0.03902236836271986,0.1544828172191156,-0.19615801162834015,0.15962126927558534,6.494881378954518e-10,-1.147709539285757e-09,-0.021006662782699394,0.06626664417966992
65.76,-0.03740332159304081,0.08407819303403048,-0.2406566645640701,0.33047319990469776,-6.646417428552751e-10,9.288487562753215e-10,-0.05403009043905663,0.2298344282252362,-0.22109709919667725,0.25349093535362777,4.539814070944615e-06,-4.411820305769487e-05,-0.037888175775046114,0.14807102373860895,-0.19612389412791703,0.15938512543973038,6.608146981128525e-10,-1.1910543516800508e-09,-0.019597066481173993,0.05903600573783505
65.77,-0.03666982625556764,0.0852517995585285,-0.24094019836852187,0.3315582960508258,-6.699860490449114e-10,9.485072976922995e-10,-0.0531228708724349,0.22422337071660794,-0.2211372416941946,0.25355661473062685,-4.7619890770908134e-07,-2.7092375827302545e-05,-0.0367392647644954,0.14158679590697476,-0.19607384309357628,0.1590925372878519,6.720213100882141e-10,-1.2338873873969742e-09,-0.018181661352201218,0.05184363438962343
65.78,-0.03592762044449835,0.08640232895900431,-0.24119057009276348,0.33250687001623763,-6.752356767405686e-10,9.67691330250284e-10,-0.052193317847721396,0.21844248086147036,-0.22115203203498637,0.2535223849010687,-5.493971499736343e-06,-1.0214116932441419e-05,-0.03557628421509332,0.13503823896890968,-0.19600788849474318,0.15874395527008064,6.831036668521063e-10,-1.276198726091915e-09,-0.01676116618483036,0.044694994697395275
65.79,-0.03517658980270294,0.08752462474161686,-0.24140768654765057,0.33331895306329445,-6.803886854561271e-10,9.863976456406882e-10,-0.05124201103160259,0.21250091478058875,-0.22114147481321164,0.2533887990372925,-1.0511665818449436e-05,6.503854164734042e-06,-0.03439988933262953,0.12843342100249444,-0.19592606589120634,0.15833984337401505,6.940575490074157e-10,-1.317980250027816e-09,-0.015336295317838367,0.03759528701726258
65.8,-0.03441662311437019,0.08861351924276568,-0.24159146817945323,0.33399473565112964,-6.854432088840377e-10,1.0046240500085827e-09,-0.05026954601672238,0.20640807633446703,-0.2211055845456867,0.25315644155313477,-1.5527462580455422e-05,2.3060314896236873e-05,-0.03321074083865551,0.12178036994077454,-0.19582841638663986,0.15788066835897857,7.048787626786169e-10,-1.3592211470255445e-09,-0.013907758122559358,0.030549446777362994
65.81,-0.033647612819750386,0.08966383923652256,-0.24174184904873797,0.3345345628331568,-6.903974075625513e-10,1.0223685159104574e-09,-0.04927653337984226,0.20017358226841594,-0.22104438561101988,0.25282598866088596,-2.0539561964304353e-05,3.9449293718339446e-05,-0.03200950416928854,0.11508704611766057,-0.19571498658181613,0.15736689442144106,7.155631900422947e-10,-1.3999133418870033e-09,-0.012476258512195183,0.023562146127270547
65.82000000000001,-0.03286945553013858,0.09067040939028012,-0.24185877679386242,0.33493893002231245,-6.952495068025132e-10,1.0396321514905548e-09,-0.04826359771908273,0.193807229479208,-0.22095791218192637,0.25239817132537745,-2.5546184357246946e-05,5.566807471136359e-05,-0.030796848680714143,0.10836132725475624,-0.19558582852806736,0.15679898050426994,7.261067519902261e-10,-1.4400472749222342e-09,-0.011042494477430146,0.016637796992767073
65.83,-0.03208205254270667,0.09162805612676596,-0.24194221257954246,0.3352084778216744,-6.999977734111163e-10,1.0564130395620616e-09,-0.047231376673576554,0.18731896151127558,-0.22084620815101855,0.2518737862757978,-3.054557104028236e-05,7.17131251678364e-05,-0.02957344686330029,0.10161098826364842,-0.1954409996813256,0.15617737732805756,7.365054376437897e-10,-1.4796142066835965e-09,-0.009607157648045483,0.00978055481102068
65.84,-0.03128531035482212,0.09253161145620549,-0.24199213103101233,0.3353439862104485,-7.046405111136917e-10,1.072714060727222e-09,-0.04618051992885439,0.1807188355680348,-0.22070932705067153,0.251253682650499,-3.553598479241744e-05,8.75821161641361e-05,-0.028339973566114163,0.09484368500105259,-0.19528056285701803,0.15550252491763833,7.467552938991925e-10,-1.5186050923679462e-09,-0.008170932880151988,0.002994322991694007
65.85,-0.030479141177117017,0.09337592845477467,-0.2420085202110421,0.3353445317718981,-7.091760827081117e-10,1.0889897955335257e-09,-0.045111688201164644,0.17401731673170243,-0.22054733196761053,0.2505387554036154,-4.051571036405303e-05,0.00010327489948929372,-0.027097105233481147,0.08806694024835042,-0.1951045861862559,0.15477484424279175,7.56852416769923e-10,-1.5570111480049716e-09,-0.006734497868655822,-0.0037172442913167886
65.86,-0.029663463444525407,0.09415588007049308,-0.2419913817033298,0.3352083817795297,-7.136028517203489e-10,1.104943741597067e-09,-0.04402555219217839,0.1672251046504004,-0.22036029545296656,0.24972994028280215,-4.548305474558517e-05,0.00011879305168743854,-0.025845519155132782,0.08128812674483038,-0.1949131430737525,0.1539947380637253,7.667929712951631e-10,-1.5948241747022313e-09,-0.005298522784498768,-0.01035073495751027
65.87,-0.028838202325552478,0.09486634277966888,-0.24194073069207014,0.3349363135097437,-7.179192210723605e-10,1.120353692272099e-09,-0.042922791536245126,0.16035250449036537,-0.22014829942802572,0.24882821879381428,-5.0436347352274835e-05,0.00013413605302006098,-0.024585892731646183,0.07451444805075909,-0.19470631215731493,0.1531625999391524,7.765731778308016e-10,-1.632036049989916e-09,-0.00386366993596135,-0.01690296908389907
65.88,-0.028003290230102004,0.09550221273359304,-0.24185659591179517,0.3345298107876289,-7.221236529471648e-10,1.1353199318230036e-09,-0.04180409376636797,0.15340969787039951,-0.21991143508587085,0.24783460687221132,-5.537394027086229e-05,0.0001493029685098435,-0.02331890275672738,0.06775292874046476,-0.19448417726861914,0.15227880883254585,7.861893095375514e-10,-1.6686395270424016e-09,-0.0024305934533097543,-0.02337099527214003
65.89,-0.027158667314935023,0.09605842069738177,-0.24173901951879573,0.33399016283801336,-7.262146318938169e-10,1.14979947384959e-09,-0.04067015329395075,0.1464068725685351,-0.21964980278981355,0.246750140724769,-6.029420864256252e-05,0.0001642897959348807,-0.022045224717607694,0.061010400897636506,-0.19424682739521779,0.15134373365647522,7.956377200165667e-10,-1.7046359405522991e-09,-0.0009999389962783826,-0.029752086087322754
65.9,-0.026304281985777285,0.09652993075559825,-0.24158805695091518,0.33331889619781313,-7.301907126131529e-10,1.1638247347584084e-09,-0.039521670393882685,0.13935411437599818,-0.21936351197160558,0.24557580986288485,-6.519554879585724e-05,0.000179170070334453,-0.02076553211434311,0.05429350647803288,-0.19399435664425863,0.15035771395763411,8.049148057317287e-10,-1.7400179136794724e-09,0.0004276565161033256,-0.03604373187826378
65.91,-0.025440091395039922,0.09691176683340191,-0.24140377677994423,0.3325175233262807,-7.340504868622091e-10,1.177390820983064e-09,-0.03835935019749386,0.1322614147900813,-0.21905268112131387,0.24430969623886484,-7.007636216205653e-05,0.0001943560373029477,-0.019480495783991456,0.04760915664045644,-0.19372686420926818,0.1493210439822829,8.140170422922759e-10,-1.7747692255007156e-09,0.0018515651541732014,-0.042243626726530675
65.92,-0.024566061934149033,0.09719900491247015,-0.24118626055718473,0.33158765000411905,-7.377925932974361e-10,1.190510056066573e-09,-0.03718390169675361,0.12513861834997017,-0.21871743792427478,0.2429497989565834,-7.493504223431503e-05,0.00020956898159709032,-0.01819078322070132,0.0409640856608622,-0.19344445434146212,0.14823396323670632,8.229409553573348e-10,-1.808975618419802e-09,0.003271168205587869,-0.04834966901610654
65.93,-0.023682169721315326,0.09738674136941623,-0.24093560265214226,0.33053096550937633,-7.41415723017409e-10,1.203185336129482e-09,-0.035996036761973,0.11799542683407369,-0.21835791937170784,0.2414969649085034,-7.976998635585568e-05,0.00022461258559265858,-0.016897057920266172,0.0343643475362287,-0.1931472363656501,0.14709538336555708,8.316831023291579e-10,-1.8432845392958574e-09,0.004685856389348153,-0.05435975146292474
65.94,-0.022788401085600613,0.0974701175867879,-0.2406519100828446,0.3293492381394052,-7.449186045302259e-10,1.2154254894223593e-09,-0.03479646917476026,0.11084136939784203,-0.21797427172190922,0.23995237992904928,-8.45796087134408e-05,0.00023956138700038232,-0.015599978770971589,0.027815700886790865,-0.1928353247614668,0.14590425925852032,8.402400759310777e-10,-1.8771120004143643e-09,0.00609503006038076,-0.06027195239511425
65.95,-0.021884753045953807,0.09744434380613971,-0.24033530241500267,0.3280418270322645,-7.482999926194671e-10,1.2277695696273106e-09,-0.03358591366435947,0.10368623423562509,-0.21756665039339068,0.2383170707080097,-8.936234166889159e-05,0.0002543817032772345,-0.014300199479156001,0.02132368850225014,-0.19250883923322204,0.1446606956856607,8.486085057531047e-10,-1.9101353958879524e-09,0.007498099394039597,-0.06608470688673368
65.96000000000001,-0.02097123378328574,0.09730471025710477,-0.23998591192308416,0.3266034106020809,-7.5155865241511e-10,1.2400202760428455e-09,-0.0323650849135069,0.09654049385596994,-0.2171352198570239,0.2365921345657638,-9.411663511177376e-05,0.0002691031478469621,-0.012998368019254612,0.014893594661091691,-0.19216790472028203,0.1433648573171363,8.567850953533215e-10,-1.9424988267560832e-09,0.00889448454342765,-0.07179664002745133
65.97,-0.020047863105142585,0.09704656941184232,-0.23960388386757095,0.325033934877752,-7.546933654212884e-10,1.251792449750814e-09,-0.031134696562124597,0.08941342976408241,-0.21668015352913753,0.23477862761078244,-9.884095571834106e-05,0.00028372578716157455,-0.011695126108634197,0.008530453184314193,-0.19181265138368167,0.14201684769858514,8.647666294828779e-10,-1.974113309511785e-09,0.010283615775448842,-0.07740653339618886
65.98,-0.019114672903458703,0.09666534115120114,-0.23918937652476516,0.32333593219911494,-7.577029640682465e-10,1.2631250962358973e-09,-0.029895460279333853,0.08231357922237952,-0.21620163369557766,0.23287662400058456,-0.00010353377415690973,0.0002986471776018604,-0.010391108702896862,0.0022392006356311764,-0.19144321459451755,0.14061677279935533,8.725499402268411e-10,-2.005004970592829e-09,0.011664933590296198,-0.08291333195018451
65.99,-0.018171707606258785,0.09615648887434743,-0.23874256101654007,0.321510908930496,-7.605863087337691e-10,1.27400607803461e-09,-0.028648084898910547,0.07524937921586367,-0.21569985171446118,0.23087876615156117,-0.00010819353558165484,0.00031418979508723047,-0.009086943470424259,-0.003974238859277682,-0.19105973492409534,0.139164717778507,8.801319570690406e-10,-2.0351517592402097e-09,0.013037888824930042,-0.08831613603369212
66.0,-0.017219024622884743,0.09551557265081402,-0.2382636211602465,0.3195597062267977,-7.633423030439751e-10,1.2847949250505033e-09,-0.027393275579249792,0.06822911036023602,-0.21517500848087068,0.22878172927694823,-0.0001128186516612105,0.00032984238172760195,-0.007783250247919864,-0.010104844530030811,-0.1906623581349443,0.13766077214972283,8.875096804021028e-10,-2.0645576160169623e-09,0.014401942740693695,-0.09361420523343698
66.01,-0.016256694780274757,0.09473825530081208,-0.23775275375302565,0.3174708128962024,-7.659698618881958e-10,1.2957807384883256e-09,-0.02613173291209366,0.061263029888936796,-0.214627314710761,0.22658635033740876,-0.00011740752094354927,0.0003455557032203611,-0.006480640550423236,-0.01614854839589741,-0.1902512351734139,0.13610498109825733,8.946801761574454e-10,-2.093190853171406e-09,0.015756567095805113,-0.09880693276335223
66.02,-0.015284802748189752,0.09382032292892004,-0.23721016929771463,0.3152386002721866,-7.684679019182486e-10,1.3064059101922893e-09,-0.024864151978509302,0.05436004108367485,-0.2140569909703044,0.22429247518671966,-0.00012195854006563838,0.0003613718418683902,-0.005179717149353549,-0.022101381921656,-0.1898265221694196,0.13449722665407465,9.016405864028283e-10,-2.1213274874653407e-09,0.01710124420469621,-0.10389382270167898
66.03,-0.014303447451822052,0.09275769813285899,-0.23663609247611048,0.3128641195975403,-7.708353735663492e-10,1.3164771464388151e-09,-0.023591221480360993,0.04752750199767409,-0.21346426763701656,0.22190108315374366,-0.000126470105212637,0.00037720690146158934,-0.0038810736883512806,-0.027959829765617023,-0.1893883805700927,0.1328333421039703,9.08388082432036e-10,-2.1498505394770795e-09,0.018435467004671992,-0.108873880170615
66.04,-0.01331274247086218,0.09154643628734936,-0.23603076218112887,0.3103482627621287,-7.730712667725614e-10,1.326033766282907e-09,-0.022313622984618142,0.04077245518192087,-0.21284938482623209,0.21941309767808737,-0.00013094061420336768,0.000393099184765473,-0.002585294331524733,-0.03372063669396376,-0.18893697744904192,0.13111005362241623,9.149198461789538e-10,-2.177765753014262e-09,0.019758739137208107,-0.11374636349528411
66.05,-0.012312816424323593,0.09018274817917375,-0.2353944313843096,0.3076932374921326,-7.751746476245394e-10,1.3350242995391282e-09,-0.021032030232119088,0.034101349982345576,-0.21221259229734782,0.2168294621930763,-0.00013536846664787458,0.00040903429915663643,-0.001292953441754645,-0.039380814984186635,-0.18847248575749223,0.12932713364040446,9.212330962330666e-10,-2.2046866598910154e-09,0.021070575008127583,-0.1185111286802068
66.06,-0.011303813340397192,0.08866299069708633,-0.23472736695703975,0.3049007488428045,-7.771446166557051e-10,1.3434715384229969e-09,-0.019747108490309143,0.027520363117552835,-0.21155414936086436,0.2141510984776493,-0.0001397520634724659,0.00042502409840247804,-4.615285439883817e-06,-0.04493763922567228,-0.1879950844237919,0.127483822675477,9.273251638779566e-10,-2.230826531910349e-09,0.022370499812018784,-0.12316807059735274
66.07000000000001,-0.010285893011049806,0.0869836773373403,-0.23402984948273833,0.30197275779954136,-7.789803489481793e-10,1.3513631869860302e-09,-0.018459513943946484,0.021035257601451807,-0.2108743247861738,0.211378926402283,-0.00014408980657025467,0.00044106774509946743,0.0012791662364378686,-0.050388645689232174,-0.1875049584072129,0.12557974415639253,9.331934492636062e-10,-2.2559670063387147e-09,0.0236580495375709,-0.12771725681076632
66.08,-0.009259231330837897,0.08514148510802817,-0.2333021730703849,0.29891109489281076,-7.806810630805662e-10,1.3587036239377216e-09,-0.01716989312239752,0.014651447847902422,-0.21017339671028176,0.20851385287756685,-0.00014838009832753252,0.00045717163284533183,0.0025578478312077157,-0.05573162767801975,-0.18700229873448213,0.12361480930159156,9.388354568618952e-10,-2.280135817316975e-09,0.024932770958786713,-0.13215891054927648
66.09,-0.008224020619178351,0.08313326161178285,-0.2325446451677178,0.2957176471170085,-7.822460330433911e-10,1.3654896906137238e-09,-0.015878882364209305,0.008373963581792643,-0.2094516525474766,0.20555677643293005,-0.00015262134113745346,0.0004733388201702835,0.0038308970316921847,-0.06096463278616329,-0.18648730251695472,0.12158885152915465,9.442487884736412e-10,-2.303294390738383e-09,0.02619422161211467,-0.1364933508657474
66.1,-0.007180469925368027,0.08095603247492876,-0.23175758637555882,0.29239425884063514,-7.836745969488616e-10,1.3717223250490216e-09,-0.014587107318942645,0.002207466215930667,-0.20870938890002494,0.20250858437898367,-0.0001568119368722494,0.0004895741529322165,0.005097792388036745,-0.06608595847523338,-0.18596017296467326,0.11950174590493419,9.494311435323212e-10,-2.325437405250171e-09,0.02744196976234966,-0.14072100722471384
66.11,-0.006128805315647925,0.07860700816247819,-0.23094133026308183,0.2889427765733324,-7.849661423988389e-10,1.3773998379657556e-09,-0.013295182486416637,-0.0038437591399622796,-0.20794691146990074,0.19937015414900475,-0.00016095028635032646,0.0005058816571126316,0.006358023634586054,-0.07109414800926322,-0.18542111940040296,0.11735335187656964,9.543803330073876e-10,-2.3465434517410013e-09,0.028675594358152763,-0.14484240691787428
66.12,-0.005069270141649713,0.07608358992088662,-0.230096223184577,0.28536502278939585,-7.861201232288809e-10,1.3825215450079309e-09,-0.012003710793254171,-0.009775797907071754,-0.2071645349715456,0.19614235302750876,-0.00016503478879119888,0.0005222656921019045,0.007611091832236765,-0.07598798579576849,-0.18487035727314388,0.1151435445877524,9.590942540019914e-10,-2.366597642903662e-09,0.029894684977480587,-0.14885817657480427
66.13,-0.004002125289760056,0.07338337132583025,-0.229222624097771,0.2816628071352675,-7.871360415092339e-10,1.3870865058009057e-09,-0.01071328320658737,-0.015585105680358546,-0.2063625830456034,0.19282603952252855,-0.00016906384130216701,0.0005387293586918202,0.008856509486707723,-0.08076649312124877,-0.18430810817141222,0.11287219195450855,9.635709254437542e-10,-2.3855849511585006e-09,0.03109884176323243,-0.1527690378818676
66.14,-0.0029276494108462178,0.07050415031746518,-0.22832090438395106,0.2778379171139977,-7.880134524883572e-10,1.3910930022699285e-09,-0.009424478384631505,-0.02126850317888693,-0.20554138817357281,0.18942206316066768,-0.00017303583841676498,0.0005552756765421841,0.010093800643191512,-0.0854289228316287,-0.1837345998363933,0.11053916784290756,9.678084650763234e-10,-2.40349219371372e-09,0.032287675349421036,-0.1565758037507057
66.15,-0.0018461391293940238,0.06744393969118864,-0.22739144767010483,0.2738921189221589,-7.887519784550706e-10,1.3945387636115172e-09,-0.008137862363767352,-0.026823172649730685,-0.20470129159333478,0.1859312652366496,-0.00017694917163206411,0.0005719084450924264,0.011322500957936061,-0.08997475311544205,-0.18315006617434948,0.10814436569733832,9.718051073254468e-10,-2.4203047816549194e-09,0.03346080677825359,-0.1602793742522826
66.16,-0.0007579092311600742,0.06420097155639996,-0.22643464965328272,0.2698271553544939,-7.893512912361153e-10,1.3974211301508372e-09,-0.006853988281721656,-0.03224665329071957,-0.20384264321549142,0.18235447970697255,-0.00018080222889384705,0.0005886317759173444,0.012542157747354723,-0.09440368176644388,-0.18255474726739873,0.10568769703026833,9.755591848854176e-10,-2.4360078103767912e-09,0.034617867408412446,-0.16388073586111948
66.17,0.00033670717124688587,0.060773702717095826,-0.22545091792725636,0.26564474614738953,-7.89811120453158e-10,1.3997366739174395e-09,-0.00557339613638096,-0.03753683586824518,-0.2029658015404183,0.17869253441513724,-0.00018459339404476683,0.0006054498179588288,0.013752330015249968,-0.09871562040395684,-0.18194888938256193,0.10316908841005652,9.790691495193712e-10,-2.450586917980167e-09,0.03575849881471889,-0.16738095935346478
66.18,0.0014373584953238205,0.057160818947942234,-0.22444067181149224,0.2613465880318536,-7.901312595132241e-10,1.4014811274140103e-09,-0.004296612579666466,-0.04269195608658992,-0.20207113357590087,0.1749462527813379,-0.00018832104626051712,0.0006223666959928186,0.014952588458715877,-0.10291068874714317,-0.18133274497917637,0.100588483977336,9.823335576335157e-10,-2.4640269002829103e-09,0.03688235267938527,-0.17078119745824596
66.19,0.002543674568637361,0.053361240122515266,-0.22340434218241323,0.25693435522160835,-7.903115408866186e-10,1.4026498827583973e-09,-0.003024150745823708,-0.047710587654539865,-0.20115901475519846,0.1711164553048857,-0.00019198355948471345,0.000639386440638257,0.01614251545330401,-0.10698920863637172,-0.18070657271459287,0.09794584600307814,9.85351097712375e-10,-2.476313866380461e-09,0.03798909067508125,-0.17408268261395043
66.2,0.0036552665322781685,0.04937412512429265,-0.22234237130690376,0.2524096999628434,-7.90351878008559e-10,1.4032377360755207e-09,-0.0017565101134157837,-0.05259163475924783,-0.20022982885537832,0.1672039611972969,-0.00019557930186757773,0.0006565129968063956,0.017321705018045048,-0.11095169792358249,-0.18007063744800494,0.09524115722574952,9.88120551618157e-10,-2.4874326498422227e-09,0.039078384340043,-0.17728672481660002
66.21000000000001,0.004771726768277173,0.04519887642973478,-0.22125521267798845,0.2477742535216439,-7.902522377419072e-10,1.403238716325712e-09,-0.0004941764002670034,-0.05733432409674425,-0.19928396791575329,0.1632095901176042,-0.00019910663520974098,0.000673750197986641,0.018489762760941,-0.11479886428627568,-0.17942521024223676,0.09247442236533467,9.90640824815154e-10,-2.497369639619015e-09,0.0401499149454389,-0.18039470953542117
66.22,0.005892628851438396,0.04083514438758026,-0.2201433308525853,0.24302962738787104,-7.900126350648045e-10,1.4026469921303558e-09,0.000762378509447522,-0.06193819646600106,-0.19832183215624846,0.15913416400787156,-0.000202563914413335,0.0006911017588120716,0.019646305805545054,-0.11853159896036171,-0.17877056836330849,0.08964567004064436,9.929109462425336e-10,-2.506111111881991e-09,0.041203373355201856,-0.18340809569511612
66.23,0.007017527525998872,0.03628283116498517,-0.2190072012912062,0.23817741476514834,-7.896331531924349e-10,1.4014561676275082e-09,0.0020126966068090574,-0.06640309799580828,-0.1973438298955103,0.1549785090065719,-0.00020594948694120307,0.0007085712593954918,0.020790962699259705,-0.12215097041744992,-0.17810699527760115,0.08675495446316044,9.949300639252775e-10,-2.5136430523569004e-09,0.0422384598785291,-0.18632841370228503
66.24,0.008145958707502423,0.03154209436408467,-0.21784731019945244,0.2332191922695109,-7.891139336602304e-10,1.399660655804559e-09,0.003256333769342464,-0.07072917104131862,-0.19635037746856662,0.15074345742776735,-0.00020926169228622005,0.0007261621347434907,0.021923373303982713,-0.12565821799145796,-0.17743478064644377,0.08380235721259126,9.96697444301552e-10,-2.5199530090175217e-09,0.04325488411524933,-0.18915726350822468
66.25,0.00927743951023226,0.026613350189864094,-0.2166641543711298,0.22815652188013952,-7.884551819144864e-10,1.397254345481077e-09,0.004492859742695518,-0.07491684476560527,-0.19534189914383546,0.14642984982553978,-0.00021249886145157287,0.0007438776623887451,0.023043188669742868,-0.12905474548925305,-0.17675422031794613,0.08078798899976716,9.982124763603868e-10,-2.525030275209342e-09,0.04425236479425056,-0.19189631265546944
66.26,0.010411468264159568,0.021496097881652073,-0.2154582410164829,0.2229914812626532,-7.876571645261186e-10,1.3942649070181252e-09,0.005721858104499257,-0.078966477422372,-0.19431882702640027,0.14203895432957508,-0.00021565931676615903,0.0007617106376508843,0.02415007088504693,-0.13234233863086398,-0.1760656162991807,0.07771253315855113,9.994746663095653e-10,-2.5289761087084004e-09,0.04523062961748308,-0.19454689535227204
66.27,0.011547524418466014,0.016187457702794644,-0.2142300875293296,0.21772731151246633,-7.867201932313446e-10,1.3907705505894124e-09,0.006942926238616984,-0.08287802075868968,-0.19328160090974816,0.1375730194308189,-0.00021874137279460606,0.0007796356416893331,0.0252436928886699,-0.13552331453872657,-0.17536927649218664,0.07458339036273601,1.0004836172210562e-09,-2.532394911920366e-09,0.04618941505367097,-0.19711246588782239
66.28,0.01268506821332787,0.010681415593398693,-0.2129802211169344,0.21236950907738536,-7.856446158017781e-10,1.3875030248118987e-09,0.008155675281775934,-0.08665301695106292,-0.19223066792094223,0.13303914458470156,-0.00022174333728792846,0.0007976625366602283,0.026323738228248003,-0.1386006145243554,-0.1746655139352861,0.07141287466950096,1.0012390001875517e-09,-2.5354361709614504e-09,0.0471284659465337,-0.19959931140566148
66.29,0.01382354013182303,0.004971336381929254,-0.21170917808565667,0.20693037042126683,-7.844307682840481e-10,1.3846803313586463e-09,0.009359729889731805,-0.0902965669299104,-0.1911664817622114,0.12844911675981818,-0.0002246635165748885,0.0008156126268715676,0.02738990069991963,-0.1415796908222065,-0.17395464568523553,0.06821277654315779,1.001740528660418e-09,-2.5378046415680723e-09,0.0480475349716893,-0.20201273104387674
66.3,0.014962360397704738,-0.0009449634435465149,-0.21041750292221156,0.20141649076401005,-7.830789583698601e-10,1.381529724121655e-09,0.01055472784794853,-0.09381209321769607,-0.19008950179604067,0.1238091888066606,-0.00022750022503695608,0.0008334533030007923,0.028441883920371818,-0.1444637661170269,-0.17323699178993196,0.06498964588375275,1.0019879704679413e-09,-2.539734920043013e-09,0.04894638213845636,-0.20435633328720362
66.31,0.016100928736769833,-0.007067861377314111,-0.20910574758698117,0.1958323643529924,-7.815894985114584e-10,1.378678543828996e-09,0.011740319727764705,-0.09720195047752771,-0.1890001922367199,0.1191280181723267,-0.00023025179222900695,0.0008511141842918201,0.029479400920225593,-0.14725733295501647,-0.1725128745170488,0.06175046076536787,1.0019811546691755e-09,-2.54097772235676e-09,0.049824774392769285,-0.20663378461267062
66.32000000000001,0.017238624332162354,-0.013397184978650268,-0.2077744708754638,0.19018728718899228,-7.79962686982963e-10,1.3758966754375895e-09,0.01291616855775935,-0.10047078358242752,-0.18789902145127305,0.11441041189794064,-0.00023291657138320383,0.0008684462679234882,0.030502173758309745,-0.1499636041666232,-0.17178261778703785,0.05849824671105672,1.0017199781059922e-09,-2.541292736227144e-09,0.05068248529476946,-0.20884731972562173
66.33,0.018374805926979015,-0.01993002401600952,-0.2064242377724203,0.18448445247834597,-7.78198828387299e-10,1.3725512373830031e-09,0.014081949459159488,-0.10362142253518157,-0.1867864615179061,0.10965745451683837,-0.00023549294637537546,0.0008855002904092178,0.03150993321427595,-0.15258448913876202,-0.1710465468061086,0.05523559985910852,1.0012044092632377e-09,-2.541146106824521e-09,0.051519294759905764,-0.21099936887430537
66.34,0.019508812086659524,-0.026663015539310404,-0.20505561907260883,0.17872510620702042,-7.762982704355937e-10,1.3687186685216188e-09,0.015237349350152784,-0.10665590272481514,-0.1856629878543306,0.10487638588729707,-0.0002379793314215249,0.0009022930457083973,0.032502418495653315,-0.15512433617442806,-0.17030498771939978,0.05196767859991896,1.0004344906185985e-09,-2.540225424423041e-09,0.05233498879748916,-0.21309304711093338
66.35,0.02063996153619318,-0.03359284002827582,-0.2036691911633956,0.17291226984409905,-7.742613919806804e-10,1.3648019822869912e-09,0.01638206670531589,-0.10957690703804451,-0.18452907871505128,0.10007122422797325,-0.00024037417354256908,0.0009186774366272459,0.033479376886978524,-0.1575863040995966,-0.1695582672618455,0.04869589090699072,9.994103379628668e-10,-2.538357108257147e-09,0.053129359249291686,-0.21513024728406632
66.36,0.021767553527998938,-0.04071540234109675,-0.20226553565109856,0.1670524320430315,-7.720885976745438e-10,1.3608709198823557e-09,0.01751581125247514,-0.1123886192651376,-0.1833852148163506,0.09524306491225602,-0.0002426759609848207,0.0009345972588084948,0.03444056343766107,-0.15997263866592104,-0.16880671256934449,0.04542081139039871,9.98132144064483e-10,-2.5355736713727196e-09,0.05390220357991462,-0.2171127023845468
66.37,0.0228908682881513,-0.04802527791695954,-0.20084523887369543,0.16114907800359798,-7.69780293854935e-10,1.3563954434752483e-09,0.018638303605425288,-0.11509448645100977,-0.18223187916768685,0.09039305322763104,-0.00024488322847792174,0.0009500584162943394,0.03538574071145695,-0.16228581206484105,-0.168050651105323,0.042143009160660085,9.966002174848256e-10,-2.5317997242408945e-09,0.05465332469569234,-0.2190422584170798
66.38,0.02400916756515061,-0.05551633260092456,-0.19940889157419253,0.15520307253301852,-7.673369526344588e-10,1.3512710435149647e-09,0.019749274929199163,-0.11769712008531089,-0.18106955696577723,0.08552209323906604,-0.0002469945574461078,0.0009650725400412171,0.036314678540574755,-0.16452837005338022,-0.1672904105680798,0.03886421763929696,9.948149353651508e-10,-2.527375539738168e-09,0.05538253075327457,-0.22092101757041552
66.39,0.025121695241337536,-0.06318237672256485,-0.19795708873861786,0.14921605996447143,-7.647590846327263e-10,1.345527326957606e-09,0.020848466648819994,-0.1201995329586779,-0.17989873539012802,0.08063463514801436,-0.00024900857283035807,0.000979711936437821,0.03722715374401036,-0.16670375562221182,-0.16652631869404466,0.03558768256049592,9.927767637099113e-10,-2.522111094853601e-09,0.05608963494126661,-0.222751474271476
66.4,0.0262276779754253,-0.0710167470288088,-0.19649042945765113,0.14318934735646185,-7.620472942974904e-10,1.3391270029903406e-09,0.0219356301567987,-0.12260467121451453,-0.17871990325306375,0.0757343228072472,-0.00025092394249424943,0.0009938640943453704,0.03812294980548713,-0.16881523973809173,-0.16575870303195922,0.032314426336829044,9.90486245783298e-10,-2.5158236164898492e-09,0.056774455255734504,-0.2245355301025737
66.41,0.027326325881338095,-0.07901238923227902,-0.1950095167836335,0.13712443075204153,-7.592022115333807e-10,1.3320694725853222e-09,0.02301052651313716,-0.12491557450493786,-0.17753355069966664,0.07082220259031698,-0.000252739383481595,0.0010074511034692578,0.03900185656330441,-0.17086540967573968,-0.16498789081822704,0.02904478240924107,9.8794402875421e-10,-2.5085713594102045e-09,0.05743681430459267,-0.2262748484879806
66.42,0.028416833248334352,-0.08716183058031583,-0.19351495758794737,0.1310227059454059,-7.562245661523016e-10,1.324386177976294e-09,0.02407292613657183,-0.12713546190812858,-0.1763401690511431,0.0658993451757237,-0.0002544536677389491,0.0010204754872817961,0.03986366994022608,-0.17285675905372067,-0.16421420892136898,0.025779369765429105,9.851508559154071e-10,-2.5003158245023134e-09,0.05807653913041265,-0.22797125785802094
66.43,0.029498379307207553,-0.0954570146230819,-0.1920073623504391,0.12488780867246956,-7.531151110721297e-10,1.3165440559462717e-09,0.025122608462696625,-0.1292682782186976,-0.17514025070069544,0.06096674241411059,-0.0002560656238839206,0.0010329170413924398,0.04070819168910706,-0.17479186168186928,-0.16343798379253055,0.02251859483939264,9.821075653902566e-10,-2.491045651039929e-09,0.05869346103245956,-0.2296264990508802
66.44,0.030570129047643665,-0.10388941683802189,-0.19048734484082447,0.11872335305784748,-7.498746487071444e-10,1.3081370972790856e-09,0.026159361562755588,-0.13131796756590264,-0.1739342890142119,0.0560253395360787,-0.00025757413814048494,0.0010447672341910017,0.04153522913459003,-0.17667335217211644,-0.16265954141839278,0.01926294282162316,9.78815104992302e-10,-2.4807538919421588e-09,0.059287415390755424,-0.23124228213047393
66.45,0.031631234082721824,-0.11245009458019939,-0.18895552182385916,0.1125307822310612,-7.465040358163072e-10,1.2989352656626206e-09,0.027182981764904267,-0.13328793434388797,-0.17272277823473697,0.05107608354594788,-0.0002589781552157657,0.001056015175736308,0.04234459491117829,-0.17850383348449603,-0.16187920727614308,0.016012841158579393,9.7527451301407e-10,-2.4694414198843993e-09,0.05985824149308955,-0.2328203297797631
66.46000000000001,0.03268083356207499,-0.12112948374482121,-0.1874125128797974,0.10631128984440169,-7.430041890865783e-10,1.2890496573711182e-09,0.02819327329464832,-0.13518182729037334,-0.17150621338606753,0.04611997578979394,-0.00026027667896811745,0.0010666529812666092,0.043136106710073216,-0.18028563748027399,-0.1610973062897898,0.012768714872717777,9.714869458281274e-10,-2.457105579472798e-09,0.06040578235097275,-0.23436272372193134
66.47,0.033718055171341375,-0.12991647311703594,-0.1858589402802286,0.10006606246430197,-7.393761155233816e-10,1.2784269935323569e-09,0.029190047873388247,-0.1370046077515563,-0.17028509016644475,0.041158249313672735,-0.0002614687730596169,0.0010766699532292084,0.043909587080148554,-0.18201979795593146,-0.16031416279265995,0.009530828611910423,9.674536400672598e-10,-2.4437464046059535e-09,0.06092988444465812,-0.23587326190696342
66.48,0.03474201625499854,-0.13879881508747724,-0.18429542887228795,0.09379618476315227,-7.356208722300177e-10,1.2671022237346403e-09,0.030173124220203826,-0.1387621162763074,-0.16905990480054625,0.0361930817039609,-0.0002625535601968025,0.001086103834644949,0.04466486332127209,-0.1837066089695455,-0.1595301004941765,0.006299565469464953,9.631759524343565e-10,-2.4294424371125763e-09,0.06143039733837025,-0.23735697206196038
66.49,0.03575182503376785,-0.14776399459526127,-0.1827226059645772,0.08750285205585748,-7.317396010229017e-10,1.2550688362134096e-09,0.031142327481363224,-0.14046028870414176,-0.16783115378652005,0.031228390521036726,-0.0002635302212173758,0.0010949216377782265,0.04540176743173024,-0.18534662827004478,-0.15874544240008423,0.0030767288524591943,9.5865532288631e-10,-2.4142395021464236e-09,0.06190717319042221,-0.23881922155055343
66.5,0.036746581874045794,-0.15679895300506155,-0.18114110121060403,0.08118722679632412,-7.277335099950581e-10,1.2423416834817268e-09,0.0320974886333575,-0.1421052038205898,-0.16659933359315915,0.026266319186542014,-0.0002643979972624994,0.0011030724108200415,0.04612013607436894,-0.18693986123510392,-0.15796051068415312,-0.0001366549858068505,9.538932815403158e-10,-2.398032696298579e-09,0.062360066221869945,-0.24026539087963805
66.51,0.03772538059008962,-0.16589059616662002,-0.17955154648823232,0.07485058084707513,-7.236038661894984e-10,1.2289294891584713e-09,0.033038443884539366,-0.14370269802961544,-0.1653649404397752,0.021308055868335344,-0.0002651561933708738,0.0011105331492458515,0.04681981056440379,-0.18848632733731077,-0.15717562659296355,-0.0033402981927959994,9.48891471950588e-10,-2.380796943567869e-09,0.06278893219330388,-0.24170036013455953
66.52,0.03868730975946207,-0.17502578900480475,-0.17795457577209106,0.0684942583860256,-7.193520194821362e-10,1.2148420868573098e-09,0.033965034092180144,-0.14525840843365662,-0.16412847014843673,0.016355107401616976,-0.0002658041810281004,0.0011172815439496606,0.04750063685960322,-0.18998629965937291,-0.15639111039498738,-0.0065336703600997895,9.436516223567545e-10,-2.362554712696734e-09,0.06319362791396033,-0.2431287574291196
66.53,0.03963145405550675,-0.18419091627378834,-0.1763508250005903,0.062119591002086826,-7.149793772229974e-10,1.2000886801813892e-09,0.03487710418816909,-0.14677816926080312,-0.16289041800460932,0.011408809170048134,-0.000266341399635876,0.0011233112824451477,0.04816246554592399,-0.19143978427035824,-0.15560728133523966,-0.009716337991476136,9.381755729419459e-10,-2.3433077880524815e-09,0.06357401076593566,-0.2445554473145126
66.54,0.040556895592726315,-0.19337272176231105,-0.1747409319376158,0.055728055315645876,-7.104874147213251e-10,1.1846853037746902e-09,0.0357745026146114,-0.14826730695907622,-0.1616512786182685,0.006470550630582389,-0.00026676735713407085,0.0011286174727125594,0.048805151816531014,-0.19284726922736078,-0.15482445758447744,-0.012887691902165512,9.324652571927305e-10,-2.323062826576217e-09,0.06392993824285415,-0.24598460961521826
66.55,0.04146271527160388,-0.20255768249969977,-0.17312553602274652,0.04932127474335608,-7.058776658270095e-10,1.1686438784502373e-09,0.036657080803202055,-0.14973041597038905,-0.16041154578963598,0.0015415936265537275,-0.0002670816305065404,0.0011331872822544693,0.049428555409703305,-0.19420997788284708,-0.15404295617776373,-0.016046998138717836,9.265227108080638e-10,-2.3018310165664544e-09,0.0642612675482759,-0.24741943263332739
66.56,0.04234799419674161,-0.21173007981981065,-0.17150527820920908,0.042900941129090646,-7.011517377790833e-10,1.1519728931110653e-09,0.03752469270447615,-0.1511719724141712,-0.15917171237976696,-0.0033767884128077514,-0.00026728386673626,0.0011370053614023978,0.05003254049501999,-0.1955293263888966,-0.15326309294216287,-0.019193483658008582,9.20350063554782e-10,-2.279619553300714e-09,0.06456785534966718,-0.24886009025300332
66.57000000000001,0.04321181521401446,-0.2208740070069029,-0.16988080078717505,0.03646901633710633,-6.963112928769888e-10,1.1347478230593581e-09,0.03837719437579679,-0.15259521054418357,-0.15793227018721542,-0.008283456520210052,-0.00026737378379591923,0.0011400618907533475,0.05061697549546044,-0.19680802812178147,-0.15248518241384884,-0.02232617585632154,9.13949549968295e-10,-2.25643626322649e-09,0.06484955788276899,-0.25030086420705694
66.58,0.04405326449901363,-0.2299735861796296,-0.16825274714299304,0.03002906070094919,-6.913580394337544e-10,1.1171463153123176e-09,0.03921444364431722,-0.1540030019272203,-0.15669370983186545,-0.013177296819730571,-0.0002673511715046545,0.001142343170181583,0.05118173282272554,-0.1980494087629898,-0.1517095377405103,-0.025443970554066494,9.073234991397414e-10,-2.2322924095462845e-09,0.06510623146380543,-0.25173418215315474
66.59,0.04487143319122258,-0.2390115150043346,-0.1666217614489391,0.023584154150849038,-6.862937367297687e-10,1.0989865726638572e-09,0.04003629979280105,-0.1553988560864154,-0.15545652063937854,-0.018057089777140326,-0.00026721589238109313,0.0011438389932439264,0.051726688582365996,-0.19925596262271822,-0.15093647057573303,-0.028545842264014097,9.004743271181919e-10,-2.2072091116661265e-09,0.06533773322032943,-0.25315212808926413
66.6,0.04566541907340578,-0.24797126886617937,-0.1649884883779493,0.017136311657917885,-6.811201930097132e-10,1.0801855257116865e-09,0.04084262324375516,-0.15678555146057063,-0.1542211905223741,-0.022921663625799393,-0.0002669678822555459,0.0011445436945642167,0.052251722295936553,-0.20043057168832362,-0.150166290973158,-0.03163071714448321,8.934045574651838e-10,-2.1812028576484093e-09,0.065543921882018,-0.2545465824676946
66.61,0.0464343282289124,-0.25683668679582794,-0.1633535728767761,0.010687665842579953,-6.758392833873615e-10,1.0607951296723326e-09,0.04163327528578085,-0.1581652617776007,-0.15298820586303363,-0.027769884520830113,-0.0002666071506970697,0.0011444494024318503,0.052756716604183115,-0.20157664631517727,-0.1493993072769461,-0.034697429275717354,8.861167908807715e-10,-2.154259989745843e-09,0.06572465861537707,-0.2559085503088175
66.62,0.04717727668097964,-0.26559109185019425,-0.16171765995451673,0.0042403438959003,-6.704529450407248e-10,1.0407969636715564e-09,0.04240811784430227,-0.15954016040288102,-0.15175805139742551,-0.0326005836597517,-0.0002661337813770379,0.0011435514675961912,0.05324155693954444,-0.20269749945549428,-0.14863582600618744,-0.03774479537858017,8.786137226277191e-10,-2.1264066889867317e-09,0.06587980794549783,-0.25722774889172256
66.63,0.04789339203790083,-0.27421819050362944,-0.16008139446919983,-0.00220353141675448,-6.649631570565319e-10,1.0202130977198788e-09,0.04316701325973129,-0.16091256973932108,-0.1505312100975779,-0.03741255139613062,-0.0002655479321708099,0.0011418489636158746,0.05370613120284832,-0.20379612742157166,-0.14787615173959767,-0.04077172870140686,8.708981571025634e-10,-2.097686108858357e-09,0.0660092387042737,-0.2584956608903136
66.64,0.048581815111110184,-0.2827022633161591,-0.15844542091491604,-0.00864184506879771,-6.593719776522014e-10,9.990439050153579e-10,0.043909824055817434,-0.16228489436174715,-0.1493081630498657,-0.04220454676399137,-0.0002648498350174565,0.0011393416450277305,0.054150329471513416,-0.20487507640091304,-0.14712058700715372,-0.04377722452797747,8.629729598450868e-10,-2.0680972142707832e-09,0.06611282487036127,-0.2597052780826654
66.65,0.0492417015047175,-0.29102733157452715,-0.1568103832061435,-0.01507237651573609,-6.536815090118669e-10,9.773020336082957e-10,0.0446364127252476,-0.16365875553484502,-0.1480893893337603,-0.04697541704890699,-0.0002640397958438486,0.0011360259072567555,0.054574043786049097,-0.20593528028138727,-0.14636943218245693,-0.046760109325777406,8.548411003836268e-10,-2.0376135550322213e-09,0.06619044638644525,-0.26084678524582816
66.66,0.049872223220614305,-0.29917694021377716,-0.15517692445496734,-0.021492839267735736,-6.478939104890959e-10,9.549999409916953e-10,0.0453466415695113,-0.16503521945830943,-0.1468753659058864,-0.05172406045036478,-0.00026311819451966845,0.0011319019108305282,0.054977168058503764,-0.2069765910530123,-0.1456229853668049,-0.04971915911588226,8.465056287295327e-10,-2.0062784624940385e-09,0.06624199012053827,-0.2619092279368716
66.67,0.05047257028527769,-0.3071348408760197,-0.15354568674382404,-0.027900975216492527,-6.420114051414008e-10,9.321527090272474e-10,0.046040372569460565,-0.16641574962003747,-0.1456665674722936,-0.05644885550130886,-0.00026208548530993683,0.0011269485103181079,0.05535959808941335,-0.20799810954180067,-0.1448815422727703,-0.05265332301185542,8.379696802724483e-10,-1.97414596501593e-09,0.06626735086400459,-0.26288408316473777
66.68,0.05104195235904383,-0.3148853086289162,-0.1519173108991619,-0.03429455299592386,-6.36036263466379e-10,9.087762606792917e-10,0.04671746723171272,-0.16780231334718518,-0.14446346630053247,-0.061147029384330184,-0.0002609421975302329,0.0011211706566703998,0.055721231669371714,-0.20899809133927008,-0.14414539612044802,-0.05556171618265534,8.292364687612972e-10,-1.9412479320925785e-09,0.06626643215657904,-0.2637652733849019
66.69,0.051579600292875866,-0.32241333059094635,-0.1502924362671054,-0.04067134525796513,-6.299708050946776e-10,8.848839526295874e-10,0.04737778640629842,-0.1691967501058756,-0.14326653199878392,-0.06581691669411756,-0.0002596889347948909,0.0011145927201781762,0.05606196876909257,-0.20997376108947832,-0.14341483754650458,-0.05844349248668314,8.203092892489921e-10,-1.907509826966912e-09,0.0662391469420646,-0.2645467388488757
66.7,0.052084767655230166,-0.32970336910274234,-0.14867170048964692,-0.047029118326852706,-6.238174044918218e-10,8.604888293971012e-10,0.048021190102541814,-0.17060084103886233,-0.14207623134568578,-0.07045745946014459,-0.00025832637346243797,0.0011072193350570806,0.05638171180730367,-0.21092201373803568,-0.14269015450864958,-0.061297489751169956,8.111915190462768e-10,-1.8729315044388296e-09,0.06618541834382245,-0.26521694697577797
66.71000000000001,0.05255673227214969,-0.33673982290742505,-0.14705573927881058,-0.05336558039748599,-6.17578483801972e-10,8.356112922011681e-10,0.04864753733040099,-0.17201572059017042,-0.14089302816678645,-0.07506742958780394,-0.00025685526160665025,0.0010990573114575332,0.05668036589230725,-0.21184178539079634,-0.1419716321808211,-0.0641227261640132,8.018866172704755e-10,-1.837635313279424e-09,0.06610518065689776,-0.26576609419262814
66.72,0.05299479774612363,-0.3435081974782131,-0.14544518618662006,-0.05967840069306169,-6.112565147920132e-10,8.102735538851404e-10,0.04925668598706576,-0.17344213150663035,-0.1397173832183648,-0.07964572104912335,-0.00025527641820578915,0.0010901133650327072,0.05695783897588165,-0.2127317985978048,-0.1412595528650699,-0.06691867479431245,7.923981089498204e-10,-1.8016586779886103e-09,0.06599838017732543,-0.26619039077223494
66.73,0.05339829488058491,-0.3499953067876742,-0.143840672373738,-0.06596530474016811,-6.048540174541419e-10,7.84495293797176e-10,0.04984849275793075,-0.1748813944469136,-0.13854975407057227,-0.08419111923999922,-0.00025359073223864536,0.0010803972387810046,0.05721404204922192,-0.21358844997301155,-0.14055419591108123,-0.06968421307208307,7.82729595892092e-10,-1.7648639486682666e-09,0.06586497571259736,-0.2664856510983551
66.74,0.053766583006741725,-0.3561883087894779,-0.1422428263827202,-0.0722241021850344,-5.983735446148618e-10,7.582938405523524e-10,0.05042281298346657,-0.17633526421692866,-0.13739059498791067,-0.08870241833301078,-0.00025179916164784087,0.0010699225956812312,0.05744888946630836,-0.2144078661103158,-0.1398558375980552,-0.07241766086759692,7.728847646535563e-10,-1.7272240617836525e-09,0.06570493912244972,-0.26664349465150755
66.75,0.05409905127739246,-0.36207402543430534,-0.14065227391817897,-0.07845265538757348,-5.918177001543189e-10,7.31688420532136e-10,0.050979500567927084,-0.17780307690470817,-0.13624035680950025,-0.09317846077035846,-0.00024990273214258346,0.0010587018131314602,0.05766229929054715,-0.21518734242538018,-0.13916475099964878,-0.07511806261174347,7.628673748677528e-10,-1.688874655842254e-09,0.0655182560931035,-0.26665494376372534
66.76,0.05439511996038285,-0.36763959035373744,-0.13906963763016433,-0.08464879206045267,-5.851891215546645e-10,7.046939071525375e-10,0.05151840801793447,-0.17928355329145226,-0.1350994868343696,-0.09761816866600986,-0.0002479025358136125,0.0010467515149832681,0.05785419354243184,-0.21592568663613032,-0.13848120589180485,-0.07778504979374887,7.526812626615327e-10,-1.6498806063695456e-09,0.0653049268895584,-0.2665153726682306
66.77,0.05465424169052445,-0.3728731822750676,-0.1374955369006798,-0.09081046245017936,-5.784904879524388e-10,6.773319707776826e-10,0.05203938660375511,-0.1807739726230339,-0.13396842871107326,-0.1020204457560666,-0.00024579972939177424,0.0010340930828088538,0.05802449834361505,-0.21662189728275258,-0.13780546870423804,-0.08041826528089575,7.423303303661714e-10,-1.6102394362338047e-09,0.06506496687763812,-0.2662210355919991
66.78,0.05487590262714492,-0.3777641493786114,-0.13593058763496507,-0.09693559658996743,-5.71724514271013e-10,6.496228539266623e-10,0.052542286560091606,-0.18227303568059797,-0.13284762232710448,-0.10638416712178794,-0.00024359553233834969,0.0010207455266263202,0.058173144093133164,-0.21727265958568845,-0.13713780248384944,-0.0830173442638495,7.318185390867913e-10,-1.56994404866355e-09,0.06479840694093243,-0.2657674002440311
66.79,0.055059623515026856,-0.38230241455543584,-0.13437540205570186,-0.10302217234537435,-5.648939543005077e-10,6.215788020117715e-10,0.05302695726094502,-0.18377893289960237,-0.13173750369667372,-0.11070821177996777,-0.0002412912249031622,0.0010067325984221306,0.05830006576565811,-0.21787428593202732,-0.13647846685766152,-0.08558191112879042,7.211499195579624e-10,-1.5289900555045037e-09,0.06450529392289422,-0.26514981578311814
66.8,0.05520496067948333,-0.386478351569976,-0.13283058850184085,-0.1090682528021695,-5.580015849408656e-10,5.932078449408874e-10,0.053493247433722003,-0.18528849070496595,-0.1306385048495392,-0.11499150415190018,-0.0002388881461192037,0.0009920748465451629,0.05840520324957665,-0.21842387752353687,-0.13582771799438237,-0.08811156783311212,7.103285716848809e-10,-1.4873625767991188e-09,0.06418569111120231,-0.2643629556531275
66.81,0.05531150697015462,-0.39028289183659776,-0.13129675123322845,-0.11507192099196362,-5.510502251760683e-10,5.64528813627733e-10,0.05394100541523588,-0.18679968802972086,-0.12955105372299713,-0.1192329952232565,-0.0002363876919368438,0.0009767908117851878,0.05848850163066573,-0.21891927670789407,-0.13518580856988283,-0.0906060856399801,6.993586579546444e-10,-1.445127056316638e-09,0.06383967870553726,-0.26340318848693917
66.82000000000001,0.05537889264560825,-0.3937076901652872,-0.12977449023957804,-0.12103131328223637,-5.440427066610116e-10,5.355663710808249e-10,0.05437007940068831,-0.18830976154608536,-0.12847557405758334,-0.12343168400149969,-0.00023379131342120342,0.0009609032102571274,0.05854991139336957,-0.21935930617768476,-0.13455298774541655,-0.09306539186271402,6.882444075295583e-10,-1.4023173033360921e-09,0.0634673541737687,-0.2622682197817633
66.83,0.05540678618030548,-0.396745389154908,-0.12826440105253975,-0.12694456733305895,-5.369819229754487e-10,5.063337396601517e-10,0.054780317678840736,-0.18981684707355362,-0.12741248529662785,-0.12758659977080436,-0.00023110051475431354,0.0009444367682707115,0.05858938854218162,-0.21974333523044573,-0.1339295011591863,-0.09548948795484954,6.769900979385429e-10,-1.358918659987508e-09,0.06306883248879117,-0.26095639967405637
66.84,0.05539489498449323,-0.3993893968405437,-0.12676707456063427,-0.13280987632015892,-5.298707592018873e-10,4.768453084666357e-10,0.055171568856458714,-0.1913184665462574,-0.12636220248802393,-0.13169676355443244,-0.0002283168512261568,0.0009274119286259869,0.0586068946924333,-0.22007022268470008,-0.1333155909240614,-0.0978783557930532,6.656000784052553e-10,-1.314945151809128e-09,0.06264424631250783,-0.25946590574172934
66.85,0.055342966054263476,-0.4016335156142342,-0.12528309682874159,-0.13862549017527673,-5.227121452818565e-10,4.471043807296019e-10,0.05554368213429436,-0.19281088033461175,-0.12532513618452884,-0.13576114171040687,-0.00022544192736696263,0.0009098516741951064,0.05860239729098368,-0.22033508619505995,-0.13271149562519513,-0.10023195741540707,6.540787452607582e-10,-1.2703933509095356e-09,0.06219374618395492,-0.25779464640156136
66.86,0.05525078656284538,-0.40347232098664515,-0.1238130489073955,-0.14438920090031254,-5.155090350084198e-10,4.170958870660822e-10,0.055896507657924185,-0.19429033629664386,-0.12430169234318916,-0.13977876385627025,-0.0002224773949238676,0.0008917839501059542,0.05857587000224958,-0.22053399948116653,-0.13211745031707273,-0.10255028016964603,6.424305557282074e-10,-1.2252786726250149e-09,0.061717500714993885,-0.2559408273905292
66.87,0.05511818437099464,-0.4049015108411505,-0.12235750659136796,-0.1500978525414715,-5.082644009201039e-10,3.8684535054062946e-10,0.0562298968579534,-0.19575425573688118,-0.12329227222929062,-0.14374873894796317,-0.00021942495064431353,0.0008732342491894235,0.05852729303568223,-0.22066579844297263,-0.1315336865252063,-0.1048334336556607,6.306600334215453e-10,-1.179628771210803e-09,0.06121569672026969,-0.2539044821114765
66.88,0.05494502845075568,-0.405917290451575,-0.12091704015753879,-0.1557494265042257,-5.009812510202323e-10,3.563928020012042e-10,0.056543702708764944,-0.19720083143094178,-0.12229727232682795,-0.1476702189325781,-0.00021628633403479212,0.0008542304877273446,0.058456653281386536,-0.22073050384218473,-0.130960432259103,-0.10708168041252238,6.187717438504486e-10,-1.13345770037055e-09,0.06068853918137767,-0.2516879024864664
66.89,0.05473122923797787,-0.4065166355933026,-0.11949221415661146,-0.16134243437135182,-4.93662597875215e-10,3.257564064605583e-10,0.05683777991617681,-0.1986285746686559,-0.12131708425282946,-0.15154236027371815,-0.00021306332507288069,0.0008348006657180969,0.05836394433845556,-0.22072794971677814,-0.13039791203269172,-0.10929520117331441,6.067703156394317e-10,-1.0867712363685893e-09,0.060136251085206954,-0.24929267439522412
66.9,0.054476738910608835,-0.40669736246659033,-0.11808358724818696,-0.16687521492412927,-4.863114925875143e-10,2.949606657533402e-10,0.05711198511649199,-0.20003462413090745,-0.12035209467136267,-0.15536427339674863,-0.00020975774199867385,0.000814969414686533,0.058249166583773396,-0.22065620050881687,-0.12984634688359672,-0.1114741716682131,5.946604133440986e-10,-1.0395739752088953e-09,0.05955907326027635,-0.24672013325302852
66.91,0.0541815515863012,-0.4064580577510851,-0.11669171204189038,-0.1723462387158884,-4.789309797684792e-10,2.640025220039654e-10,0.05736617714510949,-0.2014158576175532,-0.11940268520428911,-0.15913503300317638,-0.00020637143936475362,0.0007947593555093884,0.058112327389899375,-0.22051144173621548,-0.12930595439021916,-0.1136187561992851,5.824467816370408e-10,-9.918822272071662e-10,0.058957264243000754,-0.24397149813417424
66.92,0.05384570344223816,-0.40579805311741796,-0.11531713494363492,-0.1777540409675818,-4.715241431042493e-10,2.3289941668478733e-10,0.05760021738056842,-0.20276800547825302,-0.11846923234136746,-0.16285377809011106,-0.00020290630598084736,0.000774202815056387,0.0579534414437982,-0.2202907304035173,-0.1287769486887837,-0.11572913867289647,5.70134186235013e-10,-9.437148498249288e-10,0.058331100119931645,-0.24104911386364375
66.93,0.05346927275385057,-0.4047176196854382,-0.11396039601025966,-0.1830972388534122,-4.64094062917507e-10,2.016821702746078e-10,0.05781397011847561,-0.2040878333119563,-0.11755210735583356,-0.16651974401591163,-0.00019936426247144635,0.0007533310511396162,0.05777253098500981,-0.21999354169616986,-0.12825954049636268,-0.11780567190499529,5.577274545352493e-10,-8.950848353630963e-10,0.05768087423185316,-0.23795807518280945
66.94,0.0530523798653787,-0.403217254619452,-0.11262202880989065,-0.18837446096455415,-4.566438360391832e-10,1.703745451335655e-10,0.05800730287899554,-0.20537333758113113,-0.1166516762263392,-0.17013217591281293,-0.00019574725878671736,0.0007321727483223387,0.0575696259189655,-0.21961896921057644,-0.12775393713655409,-0.11984851122757743,5.45231470760153e-10,-8.459974514882733e-10,0.057006896740969724,-0.23470279272892824
66.95,0.0525951871028416,-0.40129835644885115,-0.11130256028573712,-0.19358437505138484,-4.491765813045617e-10,1.3900636043728778e-10,0.05818008664309499,-0.20662219142649993,-0.11576829956123293,-0.17369031652876735,-0.00019205727185746943,0.0007107572084257462,0.05734476390466154,-0.2191660001957748,-0.12726034256123703,-0.1218578920085732,5.326511446215812e-10,-7.964706662120258e-10,0.0563094941470965,-0.23128866443264423
66.96000000000001,0.05209789860103712,-0.39896352160719445,-0.11000251062247662,-0.1987256613096554,-4.4169540664546654e-10,1.0759873150985457e-10,0.0583321960809659,-0.20783205100356456,-0.11490233252017529,-0.1771933187439383,-0.00018829630497166548,0.0006890590240056899,0.05709799044654539,-0.21863389981751158,-0.12677895737181352,-0.12383403049754277,5.199914436415201e-10,-7.465180453224353e-10,0.05558900876933541,-0.22772106480469245
66.97,0.0515607600298577,-0.3962161159796003,-0.10872239311456453,-0.2037970157590673,-4.342034328000809e-10,7.61793220917073e-11,0.0584635097796854,-0.209000830825154,-0.11405412468177085,-0.18063873062616226,-0.00018446639219949295,0.000666976793541827,0.056829358991917954,-0.2180213781532733,-0.12630997884049253,-0.12577712281300157,5.072573796495992e-10,-6.961530769105314e-10,0.05484579818797522,-0.22400606240188173
66.98,0.05098405823829027,-0.3930601762572414,-0.1074627140364256,-0.20879716062480103,-4.267037783972733e-10,4.4762282998120925e-11,0.05857391044460234,-0.21012689262366538,-0.11322401984231303,-0.18402449240941612,-0.00018056959974475185,0.0006446657189644818,0.05653893105224948,-0.2173270820579657,-0.12585360093199038,-0.12768742221058554,4.94454002466305e-10,-6.453871835290831e-10,0.0540802346150082,-0.22015094175847727
66.99,0.05036812083823774,-0.38950012587092664,-0.10622397251648437,-0.21372488903128353,-4.191995736008514e-10,1.3322694558440335e-11,0.05866328509849017,-0.211207788779974,-0.11241235584013912,-0.1873497726261132,-0.00017660801802089844,0.0006222194579603865,0.05622677636076517,-0.21654893991765817,-0.12541001432512008,-0.12956509900289967,4.815863990888499e-10,-5.942348712566101e-10,0.053292704190807914,-0.21616298937461484
67.0,0.049713315737565336,-0.3855409890315024,-0.10500666041919204,-0.21857912148387984,-4.1169393100880516e-10,-1.8131489680306823e-11,0.058731525388975823,-0.2122385733392672,-0.11161946445106888,-0.19061382563259746,-0.00017258375450012253,0.0005996407857626095,0.05589297301983602,-0.2156863983233446,-0.12497940642911982,-0.1314102483960109,4.686597132204088e-10,-5.427079083136313e-10,0.05248360622770907,-0.21205043205023544
67.01,0.04902005061614776,-0.38118843289478227,-0.10381126223560341,-0.22335880473461583,-4.041899867683268e-10,-4.954383501220373e-11,0.058778528013642924,-0.2132150038422074,-0.11084567131248096,-0.19381590932999682,-0.00016849893130716436,0.0005769636951935676,0.055537607593165325,-0.21473872118529538,-0.12456196139145083,-0.13322286164643546,4.5567910506232327e-10,-4.908217816029133e-10,0.051653352406835024,-0.20782150662341964
67.02,0.0482887723342147,-0.37644891030882294,-0.10263825497651125,-0.22806284339225028,-3.966908634937969e-10,-8.089120492725193e-11,0.05880419507800983,-0.21413548688440626,-0.11009129584970093,-0.19695529507845957,-0.00016435568383327278,0.0005541970663872893,0.05516077517344423,-0.2137052858195557,-0.12415786009595871,-0.13500283131029436,4.426497812852689e-10,-4.3859199877481626e-10,0.05080236595100012,-0.20348460814003816
67.03,0.047519966258567414,-0.371329872735746,-0.10148810806428729,-0.23269014944432143,-3.8919966933894785e-10,-1.1215568534748579e-10,0.058808434274555545,-0.21499953950038395,-0.10935665120301001,-0.20003124972430802,-0.00016015615926559776,0.0005313724512218841,0.054762579440718856,-0.21258570362918416,-0.12376728015196796,-0.13674997971018207,4.2957699114525783e-10,-3.8603382856966654e-10,0.049931080802914855,-0.199047701263045
67.04,0.0467141555059433,-0.3658393632779709,-0.1003612832244716,-0.23723964060663263,-3.817195232735272e-10,-1.4332560647675756e-10,0.058791158938220574,-0.21580720767306955,-0.10864204415447772,-0.20304303219016934,-0.00015590251458299592,0.0005085181900273284,0.05434313271794991,-0.2113792293331423,-0.12339039587558813,-0.13846405147665353,4.1646600572191733e-10,-3.33164697123388e-10,0.04903994082104129,-0.19451876542312754
67.05,0.045871900125740855,-0.35998581303175886,-0.09925823437959133,-0.24171029170033181,-3.74253525317075e-10,-1.7439781207665122e-10,0.058752288103744395,-0.21655691854257814,-0.10794777505451553,-0.20598990710645157,-0.0001515969142695291,0.0004856617180756649,0.05390255604505999,-0.2100849398477557,-0.12302737826305873,-0.14014470167181317,4.033221288298939e-10,-2.8000230160822504e-10,0.04812939898122202,-0.18990584318511422
67.06,0.04499379624326241,-0.353777942046746,-0.09817940754838383,-0.2461011562788219,-3.6680476323203554e-10,-2.0538576419024103e-10,0.058691746686403166,-0.21724535138693843,-0.10727413774961425,-0.20887117262906546,-0.00014724152804726284,0.00046283256539963346,0.05344097926414189,-0.20870206257162707,-0.12267839495298201,-0.14179141753402102,3.9015071079365054e-10,-2.2639752620054016e-10,0.047199916569831364,-0.18521714047787577
67.07000000000001,0.044080475171460326,-0.3472247898691187,-0.09712524075246005,-0.2504113650987169,-3.5937633007717315e-10,-2.362963066102141e-10,0.05860946582602115,-0.2178677271408393,-0.10662141951276632,-0.2116861559384529,-0.00014283852849087092,0.0004400605188157095,0.05295854109395271,-0.20723004386712815,-0.12234361012831137,-0.14340205944690154,3.7695713878491416e-10,-1.7201347876040815e-10,0.04625196236469422,-0.18046095729057365
67.08,0.04313260247909069,-0.3403361224062812,-0.09609616392777197,-0.254640029374006,-3.5197129690052594e-10,-2.670702614731159e-10,0.05850538325698576,-0.21842187587168038,-0.10598990097699468,-0.21443421640151328,-0.00013839008862578624,0.0004173732303212933,0.05245538916263022,-0.20566923509003465,-0.12202318434722283,-0.14497489315571657,3.637468710812556e-10,-1.1727859333342414e-10,0.04528601181495277,-0.17564537308724734
67.09,0.04215087700214603,-0.3331221878837741,-0.09509259883597529,-0.25878623772143877,-3.4459273309102067e-10,-2.976848867982311e-10,0.05837944352543645,-0.21890733690664185,-0.10537985606954545,-0.21711466428193352,-0.00013389837944255956,0.00039480333101926446,0.05193168000111875,-0.20401967111619065,-0.12171727439455936,-0.14650924279379057,3.505253997989241e-10,-6.237752000461e-11,0.04430254624366653,-0.1707780228362342
67.1,0.04113602980506593,-0.3255936368177164,-0.09411495897500625,-0.26284910112647786,-3.3724367862796634e-10,-3.281359224999176e-10,0.05823159808821256,-0.21932307307094748,-0.10479155194408846,-0.2197268026599119,-0.00012936556718061285,0.0003723832840478311,0.05138757903030771,-0.20228151820970236,-0.1214260331895179,-0.14800430122270136,3.3729824358609057e-10,-7.2529300241106216e-12,0.04330205208337397,-0.16586632297328777
67.11,0.04008882309860949,-0.31776158363158546,-0.09316364949129853,-0.2668277615676551,-3.299271833219591e-10,-3.5842341272601774e-10,0.05806180541659799,-0.21966771735779175,-0.10422524891149022,-0.2222699306915269,-0.00012479381083199705,0.0003501343834363188,0.05082326054038954,-0.2004551874468873,-0.12114960970658888,-0.14945922274857787,3.240709276129009e-10,4.8020062731503497e-11,0.04228502014049451,-0.16091738683835133
67.12,0.03901004912320345,-0.3096372749601119,-0.09223906709487814,-0.27072138948899416,-3.2264625077169485e-10,-3.8852792238167636e-10,0.057870031142725264,-0.21993941550701115,-0.10368120037028496,-0.22474334814374458,-0.00012018526020965425,0.00032807642040247136,0.050238907662900255,-0.19854085022472548,-0.12088814888962814,-0.15087308429459906,3.1084901803922946e-10,1.034299212539601e-10,0.04125194488192617,-0.15593823199967047
67.13,0.03790052900045962,-0.3012324942651883,-0.09134159997690303,-0.2745291683079225,-3.154038983527007e-10,-4.184380213496462e-10,0.057656248238159645,-0.220136260512003,-0.10315965273988137,-0.2271464445966568,-0.00011554205414880159,0.0003062331307822519,0.049634712305477016,-0.19654011065727853,-0.12064179155951049,-0.1522449027303095,2.976380609349306e-10,1.589368694611144e-10,0.0402033237313994,-0.1509359066920435
67.14,0.03676111155439131,-0.292559078559996,-0.09047162772985842,-0.2782503276695113,-3.0820309940797416e-10,-4.481473056173438e-10,0.057420437219033546,-0.22025588136484642,-0.1026608453958387,-0.22947853237265695,-0.00011086631853357581,0.00028462723677499124,0.04901087505362081,-0.19445349986771587,-0.12041067431604101,-0.15357365389849081,2.8444364371081095e-10,2.1451663003398203e-10,0.039139656380624346,-0.1459169924202953
67.15,0.03559267211101229,-0.283629151285227,-0.08962952120927646,-0.2818821195473631,-3.0104682850269235e-10,-4.780455480763877e-10,0.0571625863944414,-0.2202952813128895,-0.10218501060391402,-0.23173894994423994,-0.00010616016433440856,0.0002632788951759372,0.04836760508013714,-0.19228209729289134,-0.12019492943471109,-0.15485825012034268,2.712713442283583e-10,2.7013563400482025e-10,0.03806144412678723,-0.1408879441354657
67.16,0.03439611126142125,-0.2744555415090786,-0.08881564227965702,-0.2854211779189101,-2.9393806620535863e-10,-5.078236416612235e-10,0.05688269210274406,-0.22025315357087952,-0.10173237345304843,-0.2339270089074217,-0.00010142568580403292,0.00024220645972931816,0.04770512002250905,-0.1900278279734549,-0.11999468475850576,-0.1560975707492838,2.581267551611164e-10,3.257656998516787e-10,0.036969189245589854,-0.1358545662778506
67.17,0.033172353584893954,-0.2650510779658589,-0.08803034355995934,-0.28886637669901055,-2.8687978758136296e-10,-5.37281559764005e-10,0.05658075886913177,-0.22012843849787003,-0.10130315178880443,-0.23604206173913012,-9.666495872026097e-05,0.00022142979370266908,0.04702364580542442,-0.18769268764878952,-0.11981006358575767,-0.15729045995360538,2.450154469250412e-10,3.8137430821797473e-10,0.03586339439877832,-0.13082266697885725
67.18,0.03192234634436686,-0.2554290493425722,-0.08727396828140671,-0.29221704005112237,-2.798749274485837e-10,-5.665027389993709e-10,0.056256799523890746,-0.21991986983158576,-0.10089755614923145,-0.23808349130031142,-9.188003857524293e-05,0.0002009677233268777,0.04632341641227197,-0.18527967026513378,-0.11964118455448687,-0.15843572509064857,2.319430177565427e-10,4.369308053642058e-10,0.03474456206364008,-0.12579775106665889
67.19,0.03064705815491902,-0.24560290049690608,-0.08654685020578907,-0.29547229808710346,-2.729264046311062e-10,-5.954328233745905e-10,0.05591083532957102,-0.21962606236335036,-0.10051578970200073,-0.240050646793342,-8.707295884260228e-05,0.00018083569527885132,0.04560467360763552,-0.18279171412000747,-0.1194881615235617,-0.15953215165102452,2.1891504300295629e-10,4.924030650370446e-10,0.03361319398906473,-0.12078494365753266
67.2,0.02934747763152013,-0.23558622086660896,-0.08584931354738727,-0.2986314203238131,-2.660371093049239e-10,-6.240805815621894e-10,0.05554289614059321,-0.21924490032260247,-0.10015804816992181,-0.2419425354447916,-8.224573414296492e-05,0.00016089496958120286,0.04486766664327028,-0.18023174139351325,-0.11935110345149058,-0.1605785066537395,2.059370900139129e-10,5.477592269460961e-10,0.03246979068775185,-0.11578899876750517
67.21000000000001,0.02802461202115814,-0.22539279127018066,-0.08518167289679866,-0.3016936389025383,-2.5920991070982456e-10,-6.5242314948393e-10,0.055153020610311895,-0.21877397285736808,-0.09982451963495283,-0.24375479640625758,-7.740037216719619e-05,0.00014097028327337722,0.04411265197423137,-0.17760240592403595,-0.1192301142731343,-0.16157353313727688,1.9301471595831663e-10,6.029672565961959e-10,0.031314850969160424,-0.11081418505030216
67.22,0.026679485821087538,-0.21503645923996476,-0.08454423314708863,-0.30465823206873666,-2.5244762824027916e-10,-6.804519165818535e-10,0.054741256407372034,-0.21821150318052718,-0.09951538421253661,-0.24548447497843112,-7.253887628442873e-05,0.00012134393014938959,0.043339892987676834,-0.17490639208304853,-0.11912529277493437,-0.16251597630731693,1.8015347334017188e-10,6.579950850926509e-10,0.03014887151396301,-0.10586443638315703
67.23,0.025313139386906613,-0.20453118933862185,-0.08393728942094313,-0.30752446073332446,-2.457530767323494e-10,-7.0815574536786e-10,0.05430766037765993,-0.2175566496711018,-0.09923081379977218,-0.24713091455512728,-6.766323193031146e-05,0.00010211382257299786,0.04254965972895088,-0.17214659380110184,-0.11903673246993368,-0.1634045864914082,1.6735887311093207e-10,7.128106953618533e-10,0.028972346487515108,-0.10094326721456291
67.24,0.023926627536842892,-0.1938908566226809,-0.08336112699789629,-0.31029158621065656,-2.3912902119983645e-10,-7.355281930573615e-10,0.05385229866980937,-0.2168078521020256,-0.0989709719580131,-0.2486932378087932,-6.277539787572466e-05,8.322046085450197e-05,0.041742228622324226,-0.16932571689639214,-0.11896452147257798,-0.1642380969883639,1.5463642743150624e-10,7.673822215033335e-10,0.027785767188390337,-0.09605394376066934
67.25,0.02252101815870742,-0.1831293345168162,-0.08281602124265565,-0.31295891563748085,-2.3257819884079385e-10,-7.625659473910938e-10,0.053375246878173944,-0.21596353763460055,-0.09873601383369929,-0.25017068933330294,-5.787730605180806e-05,6.469559009382354e-05,0.0409178821993331,-0.1664463824526675,-0.11890874237378896,-0.16501527360827337,1.4199160927895713e-10,8.216780624474871e-10,0.026589621727912738,-0.09119939534655856
67.26,0.021097390820982238,-0.17226044015925737,-0.08230223753643783,-0.3155257804531075,-2.2610331683580397e-10,-7.892591575902921e-10,0.05287659020635717,-0.2150219442998073,-0.0985260860790503,-0.2515624557922303,-5.297086088085202e-05,4.654047870245266e-05,0.04007690883916147,-0.1635110766792763,-0.11886947211809411,-0.16573490774607327,1.2942986515611225e-10,8.756663009541241e-10,0.025384394740478024,-0.08638224928560101
67.27,0.01965683538683962,-0.161298005143545,-0.08182003121069698,-0.3179915220159913,-2.1970704347278647e-10,-8.155956385385122e-10,0.05235642360904709,-0.2139823187850699,-0.09834132677304532,-0.2528677479938063,-4.805793783254429e-05,2.8770644244411366e-05,0.039219602518288516,-0.16052225654343594,-0.11884678188331423,-0.16639581219922822,1.1695662039713098e-10,9.293151963953226e-10,0.024170567127506374,-0.08160473828833147
67.28,0.018200450631832194,-0.1502557724747268,-0.08136964748173268,-0.3203554793233131,-2.1339202353181012e-10,-8.415728740750632e-10,0.05181485188770947,-0.21284390713507356,-0.09818186534217777,-0.2540857683177048,-4.314038210782131e-05,1.1392997158242732e-05,0.03834626256809643,-0.15748225331884155,-0.11884073696256739,-0.16699682439362779,1.045772514887755e-10,9.82593643858269e-10,0.022948615836084704,-0.07686879368061579
67.29,0.016729342869288608,-0.1391473847364809,-0.08095132138557745,-0.32261699844288577,-2.0716084318463016e-10,-8.671824462223112e-10,0.05125198976274975,-0.21160607124661981,-0.09804782248168122,-0.25521573297085093,-3.822000731147285e-05,-5.581616925082726e-06,0.0374571934428387,-0.15439328098191185,-0.11885139663347864,-0.16753631433677021,9.229712492412516e-11,1.03606929338023e-09,0.021719013671174917,-0.07217599242890711
67.3,0.01524462458563065,-0.1279863963646231,-0.08056527771293327,-0.32477541785119707,-2.010160861124251e-10,-8.924156131385606e-10,0.050667961920479954,-0.21026880256042974,-0.09793931007671146,-0.2562568406289262,-3.329859368237428e-05,-2.2129806464937712e-05,0.03655270449816334,-0.15125747800025505,-0.11887881390979486,-0.16800957428725866,8.012161638917287e-11,1.0899844512886895e-09,0.020482229152154644,-0.06752723390036358
67.31,0.01374741308350812,-0.11678632748758035,-0.0802117309443414,-0.3268300920648747,-1.9496026660533713e-10,-9.172721191438027e-10,0.05006290298497151,-0.2088334420523208,-0.09785643112264998,-0.2572082812418939,-2.8377885842441324e-05,-3.8236090541863745e-05,0.035633109776156725,-0.14807696692215339,-0.11892303519379142,-0.1684139059426089,6.805611680091528e-11,1.1435281159906181e-09,0.019238726416161436,-0.06292321041112632
67.32000000000001,0.01223882913205879,-0.10556059291245841,-0.0798908851085703,-0.3287778681305367,-1.8899589807911105e-10,-9.422830311228444e-10,0.0494369573981853,-0.2073017365639474,-0.09779927964459433,-0.25806924402223735,-2.345959145646212e-05,-5.3910797923714275e-05,0.034698727794930155,-0.14485379756541217,-0.11898410002748233,-0.16874856735039326,5.610599707395743e-11,1.1964712333747896e-09,0.01798896514871925,-0.0583644919107351
67.33,0.010719995629773701,-0.09432240602738744,-0.07960293339542142,-0.3306116386817744,-1.8312548549467638e-10,-9.671954993489712e-10,0.04879027927860047,-0.2056746149549377,-0.0977679406173549,-0.2588389419841207,-1.8545381185975657e-05,-6.916069795432743e-05,0.033749881347028235,-0.14158985930973952,-0.11906204096857413,-0.16901244263311263,4.4276557026356176e-11,1.2488674599427958e-09,0.016733400532519895,-0.05385138590217232
67.34,0.009192036285042364,-0.08308481465730953,-0.07934805767361483,-0.3323291530047152,-1.7735151670899864e-10,-9.916355500349607e-10,0.04812303229143499,-0.20395368183805704,-0.09776248988771755,-0.25951662505276263,-1.3636889054684501e-05,-8.399578319683978e-05,0.03278689731101803,-0.13828691275203675,-0.11915688349535439,-0.16920469981703903,3.257305252084949e-11,1.300640250642573e-09,0.015472483218584096,-0.04938397437131965
67.35,0.007656074316137336,-0.07186064861087431,-0.07912642823649597,-0.3339303028847849,-1.716764400940298e-10,-1.015639790743906e-09,0.047435389495210686,-0.20214074928344297,-0.0977829940040909,-0.26009846903429523,-8.735729648490279e-06,-9.896980195032775e-05,0.03181010648968392,-0.13494616257319825,-0.11926864591669543,-0.16932445803679053,2.1000670786639858e-11,1.3517786189676001e-09,0.014206659320789353,-0.04496211071702318
67.36,0.006113231173328334,-0.060662490214532135,-0.07893820372151789,-0.33541407591764344,-1.6610266437310117e-10,-1.039172261554895e-09,0.046727533170143845,-0.20023744756854367,-0.09782950977101981,-0.2605766305493995,-3.8435180952586794e-06,-0.00011385528026054055,0.030819843500611538,-0.13156809053264645,-0.1193973392879425,-0.16937092444480115,9.564534994110517e-12,1.4022399826833152e-09,0.012936370431950261,-0.040585455473749366
67.37,0.00456462528524956,-0.049502682581150995,-0.07878353104063092,-0.3367798900287553,-1.606325513290384e-10,-1.0622413223952155e-09,0.045999654651168544,-0.19824541150797015,-0.09790208371535437,-0.2609488023177899,1.0381402378111529e-06,-0.00012834507449232984,0.029816446696603535,-0.1281537256465419,-0.11954296733061595,-0.16934332099513144,-1.7303084915273118e-12,1.4520000236493553e-09,0.011662053659225883,-0.036253494640982105
67.38,0.0030113708294576824,-0.03839333902299392,-0.07866254530939179,-0.3380270122034921,-1.552684142157656e-10,-1.0848272566323542e-09,0.045251954168235964,-0.196166154233747,-0.09800075181780014,-0.2612149916888542,5.907667802811124e-06,-0.00014250825969338207,0.02880025806742702,-0.12470428128295977,-0.11970552635760844,-0.16924096759501825,-1.2878868479312282e-11,1.5010244696425437e-09,0.010384141677964228,-0.03196552383338744
67.39,0.0014545765274700528,-0.027346318071044998,-0.07857536978204926,-0.3391548699867336,-1.5001251580546916e-10,-1.1069254917584633e-09,0.04448464069494069,-0.19400111194800915,-0.09812553944036816,-0.2613743082659123,1.0763519145300413e-05,-0.00015631020346599167,0.027771623129064973,-0.12122072520113027,-0.11988500520574805,-0.1690632567676036,-2.3876239601281506e-11,1.5492867501467856e-09,0.00910306280376181,-0.02772066665457119
67.4,-0.00010465553396781741,-0.01637320083375153,-0.0785221157902938,-0.340162851086182,-1.4486707389975286e-10,-1.1285243835541614e-09,0.043697931805980715,-0.1917516293561267,-0.0982764612711904,-0.2614263797998745,1.560418132766299e-05,-0.000169766429386935,0.026730890823239886,-0.1177039693339503,-0.1200813851757478,-0.16880964233242546,-3.471759493582707e-11,1.5967571846804257e-09,0.007819241081260267,-0.023517897137244278
67.41,-0.0016652310535841684,-0.005485281675788956,-0.07850288268486617,-0.34105039841942414,-1.398342530439105e-10,-1.1496187064338369e-09,0.042892053543083286,-0.18941896849299297,-0.09845352127161659,-0.2613706541170239,2.0428174650792938e-05,-0.0001828689685404641,0.025678413429035256,-0.11415478089591458,-0.12029463997844175,-0.16847963803797109,-4.539817855326074e-11,1.6434113648577624e-09,0.006533096387849196,-0.0193560528091291
67.42,-0.0032260646371299333,0.005306441063599524,-0.07851775764883616,-0.34181273555205116,-1.3491619275464407e-10,-1.1708548778416765e-09,0.04206724031100388,-0.187003606055425,-0.09865671262962246,-0.26120674070960853,2.523405342320909e-05,-0.0001956137791231902,0.024614546485646423,-0.11057383295724363,-0.12052473567912751,-0.1680725618740961,-5.591330961564017e-11,1.689765156730634e-09,0.00524504455173095,-0.015233818701058324
67.43,-0.004786080889448671,0.015991258568885933,-0.07856681506138179,-0.3424372390906048,-1.3011502494909758e-10,-1.1919553178825094e-09,0.041223734858355204,-0.1845045785437425,-0.09888601771642815,-0.2609342104343764,3.0020406234768074e-05,-0.00020802157223759048,0.02353964872619163,-0.1069616831986319,-0.12077163045687221,-0.1675820121701568,-6.62583175659198e-11,1.7368726510249717e-09,0.0039554975067596365,-0.011149018282250933
67.44,-0.00634421547812631,0.02655872693478193,-0.07865011566644704,-0.34292022029415453,-1.2543285665101469e-10,-1.2124319155020102e-09,0.040361788304306916,-0.1819222420438397,-0.09914140783531371,-0.2605458603125681,3.4785826632943526e-05,-0.0002210313669406699,0.022454082053054897,-0.10331778926774052,-0.12103527413980494,-0.16700360644655035,-7.642851303589473e-11,1.783339417863419e-09,0.0026648634892166975,-0.007099591061435869
67.45,-0.00789941616953623,0.03699868113692694,-0.07876770616038531,-0.3432622943695445,-1.2087173646243094e-10,-1.2323344004437427e-09,0.039481660108510584,-0.17925759673727584,-0.0994228424944366,-0.2600299278232486,3.95288803454837e-05,-0.00023420924797089095,0.02135821159578304,-0.0996407721032375,-0.1213156078614257,-0.16633731413982297,-8.641926928692932e-11,1.8285763101422678e-09,0.0013735472310525284,-0.0030839520295922
67.46000000000001,-0.00945064383462242,0.047301309518128186,-0.07891961911905686,-0.34346247206231184,-1.1643366266096967e-10,-1.2516292601761625e-09,0.038583617994051106,-0.17651129027220702,-0.09973026862101005,-0.25938438213008624,4.424812264351754e-05,-0.00024710308353243003,0.020252405792058475,-0.09593054484535582,-0.12161256396671374,-0.16558294352354647,-9.622605601335681e-11,1.8728402152544777e-09,8.195013066194842e-05,0.0008995904590474745
67.47,-0.010996873420137398,0.05745715643483029,-0.0791058729603817,-0.3435207262761654,-1.1212057510607873e-10,-1.2703234582588064e-09,0.03766793787292267,-0.17368404489883343,-0.10006362023960887,-0.2586095798527804,4.8942122928943e-05,-0.0002599337206594856,0.01913703641266295,-0.09218729441357136,-0.12192606599249134,-0.16474018126861903,-1.0584445316567418e-10,1.9161381974005897e-09,-0.001209529577431231,0.004852821437221888
67.48,-0.01253709488486167,0.06745708397788389,-0.07932647183556227,-0.3434342079000566,-1.0793435867084689e-10,-1.2888371341738571e-09,0.03673490379118935,-0.17077604731604581,-0.10042281839576238,-0.25770377778693077,5.3609465836696536e-05,-0.0002726184898424082,0.01801247855905434,-0.0884108285437631,-0.1222560286272926,-0.16380834836196123,-1.1527014052280174e-10,1.9584129136615816e-09,-0.0025004966430769134,0.008777627795988866
67.49,-0.014070314102457068,0.07729228802253064,-0.07958140486122307,-0.3431826144854667,-1.0387688137521332e-10,-1.3073671864934493e-09,0.035784807992260824,-0.16778446374725967,-0.1008077710778434,-0.2566670099602204,5.824875118477472e-05,-0.0002851663418058573,0.016879110667848266,-0.08460116304841837,-0.12260235767159003,-0.16278744104561046,-1.2449890699626994e-10,1.999502666444626e-09,-0.0037905586155512943,0.012675852109773572
67.5,-0.015595553730018363,0.08695433242592139,-0.07987064475733817,-0.34275612261929184,-9.994998514901621e-11,-1.3252784896347246e-09,0.03481795109115139,-0.16470804506966175,-0.10121837319325976,-0.2554995717292615,6.285859572809375e-05,-0.0002975746700495292,0.01573731451263263,-0.08075830480483273,-0.122964950032147,-0.1616777149531262,-1.335266427951798e-10,2.0394334569746733e-09,-0.0050793256586326874,0.016549338378132612
67.51,-0.017111854040132962,0.09643515040951464,-0.08019414695577223,-0.3421545621465709,-9.615547423223927e-11,-1.3424743342642669e-09,0.03383464218237506,-0.16154708783379473,-0.10165450659471913,-0.25420182618993986,6.74376332399903e-05,-0.00030985435175936944,0.014587475203218526,-0.0768822242824664,-0.12334369374221717,-0.16047941652807587,-1.4234937675671975e-10,2.0781627909060225e-09,-0.006366410365809167,0.0203999533934381
67.52,-0.018618273715942248,0.1057270341639114,-0.08055184933089114,-0.3413757693157706,-9.249506091570066e-11,-1.3589628977925142e-09,0.03283519885119547,-0.1583015240103171,-0.10211604011831642,-0.2527742439637317,7.198451437533823e-05,-0.0003220084754626001,0.013429981187515542,-0.072972875079304,-0.12373846798998908,-0.15919290929173968,-1.5096324530856863e-10,2.115682083058086e-09,-0.007651427574671848,0.024229558654604272
67.53,-0.020113890609468055,0.11482264557490526,-0.08094367210816679,-0.34042036137459286,-8.897040591916353e-11,-1.3746638252382878e-09,0.03181994715881418,-0.15497171934188333,-0.10260282963082132,-0.25121737874888145,7.649790652978857e-05,-0.00033404338492514673,0.012265224255565307,-0.06903019324452579,-0.12414914315387668,-0.1578185981333741,-1.5936451451125453e-10,2.1519664336516728e-09,-0.00893399418149149,0.028040007116797775
67.54,-0.021597802463106365,0.12371501130191412,-0.081369517861284,-0.3392886511162824,-8.55830733530872e-11,-1.389609105870354e-09,0.0307892216151622,-0.15155797829417816,-0.10311471808601931,-0.24953187645168542,8.097649372418668e-05,-0.00034596362474919814,0.011093599544985348,-0.06505410842329463,-0.12457558084438472,-0.15635696062123464,-1.6754956425471345e-10,2.1870002091574457e-09,-0.010213728957006167,0.031833131133521944
67.55,-0.02306912759431653,0.13239752385544218,-0.08182927156015386,-0.33798130964741274,-8.233456085852378e-11,-1.4037732071015761e-09,0.029743365144457183,-0.1480606585045518,-0.10365153558983042,-0.24771846729776995,8.541897644310718e-05,-0.0003577752622661704,0.009915505547095763,-0.061044549704151435,-0.12501763395197038,-0.15480852651064284,-1.7551491243909046e-10,2.22076594260267e-09,-0.011490252364247205,0.03561073651028275
67.56,-0.024527005543503184,0.1408639440365704,-0.08232280063117721,-0.33649902798685666,-7.922628647585075e-11,-1.4171613366527258e-09,0.028682729049125142,-0.1444801237473932,-0.10421309947397023,-0.24577796502075183,8.982407140847286e-05,-0.00036948438238581545,0.008731344112983723,-0.05700145289598175,-0.12547514670073787,-0.15317388513305724,-1.8325720162745137e-10,2.2532485043885705e-09,-0.012763186379202304,0.03937459340480317
67.57000000000001,-0.025970597684968046,0.1491084009006954,-0.08284995503118678,-0.3348426806103761,-7.62595976950175e-11,-1.4297623477013606e-09,0.027607672971108617,-0.14081677750304727,-0.10479921437783259,-0.24371126274163032,9.419051127057212e-05,-0.00038109792581167515,0.007541520458848547,-0.05292476676131033,-0.12594795470773704,-0.1514536793088661,-1.907732020854177e-10,2.2844324305898708e-09,-0.014032154315097167,0.04312642958818917
67.58,-0.02739908780093473,0.15712539048566973,-0.08341056733377568,-0.3330132383892072,-7.343575037693405e-11,-1.4415748281388389e-09,0.026518564850064277,-0.13707105572471787,-0.10540967233831203,-0.24151933092742375,9.851704422005814e-05,-0.00039262316318987517,0.006346443169968639,-0.04881445954136512,-0.12643588504767406,-0.1496486040839964,-1.9805982065242866e-10,2.31430411981926e-09,-0.015296780651013421,0.04686792360057098
67.59,-0.02881168261875748,0.16490977499798293,-0.08400445282810921,-0.33101180631173033,-7.075591730416055e-11,-1.4525932765247853e-09,0.025415780877741732,-0.13324343977830774,-0.10604425288728186,-0.23920321403604625,0.0001028024335241736,-0.0004040679007072766,0.005146524202667092,-0.04467052497914442,-0.1269387563227418,-0.14775940318901762,-2.051140754003184e-10,2.342850492667369e-09,-0.016556690865503258,0.050600698712869124
67.6,-0.030207612311440854,0.17245678137867582,-0.08463140962959344,-0.3288395984452831,-6.822121505710036e-11,-1.4628142369603204e-09,0.02429970544797558,-0.12933445909208952,-0.10670272315643509,-0.2367640276902204,0.00010704545699017488,-0.0004154403515443912,0.003942178883663508,-0.04049298813403063,-0.1274563787373123,-0.14578686710517602,-2.1193315470885776e-10,2.3700603007735484e-09,-0.017811511275803365,0.05432631717430073
67.61,-0.03158613096162704,0.1797619995340131,-0.08529121880210105,-0.3264979440946291,-6.5832655133909e-11,-1.4722363740559451e-09,0.023170731101675328,-0.12534469857747202,-0.1073848379891875,-0.2342029555475821,0.00011124490635762015,-0.0004267491749387484,0.0027338259062408,-0.036281910873708044,-0.12798855417724556,-0.14373183044519838,-2.1851434769703565e-10,2.3959224704595726e-09,-0.01906086888321118,0.05804627506361663
67.62,-0.03294651698924953,0.1868213801540219,-0.08598364449127122,-0.32398827820136056,-6.359118525299739e-11,-1.4808575745105972e-09,0.022029258466253355,-0.1212748033011134,-0.1080903400593413,-0.231521246308596,0.00011539958662055125,-0.0004380034293459976,0.0015218873226810399,-0.03203739704550473,-0.12853507629357944,-0.14159516974989944,-2.2485510075472277e-10,2.4204285461138844e-09,-0.0203043912251362,0.0617619975345166
67.63,-0.03428807354308935,0.19363123217067926,-0.08670843406847607,-0.3213121395109654,-6.149765862623007e-11,-1.4886776666335284e-09,0.020875696188943985,-0.117125484092342,-0.10881895999620636,-0.22872021065158982,0.00011950831528198708,-0.000449212566282637,0.0003067885324578349,-0.027759597331893256,-0.1290957305903698,-0.13937780115123366,-2.3095298041861835e-10,2.4435693432536066e-09,-0.02154170623429202,0.06547483456531221
67.64,-0.03561012885650689,0.20018821988432137,-0.08746531828499876,-0.3184711647691413,-5.955285655927777e-11,-1.4956969623125453e-09,0.01971046086350239,-0.11289752223383694,-0.109570416515877,-0.22580121821537305,0.00012356992154222667,-0.0004603864015829151,-0.0009110417342955644,-0.023448713759268477,-0.12967029451645398,-0.13708067817743383,-2.3680570310157074e-10,2.4653384945167827e-09,-0.022772442105450354,0.06918605712458986
67.65,-0.036912036567651636,0.2064893597706612,-0.088254011435982,-0.3154670848526582,-5.775748097053515e-11,-1.5019177908415963e-09,0.018533976949798466,-0.1085917741159398,-0.11034441655836297,-0.22276569458045425,0.000127583245423506,-0.00047153509583226365,-0.0021311714384877334,-0.019105003874839842,-0.130258537560917,-0.1347047895681019,-2.4241112099234146e-10,2.4857306544631833e-09,-0.023996227170133645,0.07289685378767129
67.66,-0.038193176004486906,0.21253201700483323,-0.0890742115336959,-0.3123017199081206,-5.611214685662014e-11,-1.5073418387249094e-09,0.01734667668586013,-0.10420917539917374,-0.11114065543027513,-0.21961511828726438,0.00013154713683344644,-0.00048266912819058464,-0.003353165259354928,-0.014728784570299813,-0.13086022135204517,-0.13225115716949903,-2.47767220514534e-10,2.504739841556966e-09,-0.025212689779578527,0.0766083277603931
67.67,-0.039452952434992,0.21831390171420348,-0.08992560048967621,-0.30897697499140026,-5.461739479967102e-11,-1.5119730453546042e-09,0.016148999991948524,-0.09975074488489785,-0.11195881695276938,-0.21635101788511857,0.0001354604545698307,-0.0004937992716196418,-0.004576584627706765,-0.01032043556207032,-0.13147509975955757,-0.12972083388144856,-2.5287213101308227e-10,2.522363202311743e-09,-0.026421458196263486,0.08032149431584427
67.68,-0.04069079728293212,0.22383306498903413,-0.09080784430528348,-0.3054948354863178,-5.327367489982202e-11,-1.5158147562019029e-09,0.014941394366289919,-0.0952175879809536,-0.11279857361445596,-0.21297496902986418,0.0001393220652697651,-0.0005049365656191906,-0.00580098776547758,-0.005880402518163657,-0.13210291899991197,-0.12711490167677195,-2.5772411090573467e-10,2.538597361927886e-09,-0.027622160494249898,0.0840372786182591
67.69,-0.04190616830960672,0.22908789466561874,-0.09172059327023725,-0.30185736268860275,-5.2081377946823896e-11,-1.518871470239211e-09,0.01372431477212117,-0.09061089980277645,-0.11365958672898618,-0.20948859163575695,0.0001431308423060082,-0.0005160922885357979,-0.007025929731889255,-0.001409199838043598,-0.13274341774448886,-0.12443446969048283,-2.6232157879311e-10,2.5534405984822547e-09,-0.028814424468551595,0.08775651392809737
67.7,-0.043098549762013924,0.23407711090422487,-0.09266348216868406,-0.298066689384832,-5.104079393693498e-11,-1.5211480523481057e-09,0.012498223515747671,-0.08593196788150004,-0.11454150659703369,-0.2058935470941205,0.00014688566463380196,-0.000527277928528077,-0.008250962476501351,0.003092586916942435,-0.13339632723046485,-0.12168067238793746,-2.6666307362414737e-10,2.566891517822609e-09,-0.029997877553704543,0.09147994016976742
67.71000000000001,-0.04426745248788468,0.23879976157759986,-0.09363613049236301,-0.29412501553366655,-5.015214370429481e-11,-1.5226487566244066e-09,0.011263590115348979,-0.08118217448568314,-0.11544397267239483,-0.20219153556767935,0.00015058541559147956,-0.0005385051537542716,-0.009475634899386251,0.007624298936951421,-0.13406137137419383,-0.11885466781546765,-2.707472845032209e-10,2.578949446310936e-09,-0.031172146751677104,0.0952082028514618
67.72,-0.04541241401805826,0.2432552174884049,-0.09463814266043954,-0.290034604015745,-4.941557519507943e-11,-1.5233786196035638e-09,0.010020891160304624,-0.07636299855070229,-0.11636661373194018,-0.19838429337083358,0.00015422898165834228,-0.0005497857816512472,-0.010699492918632678,0.01218520241869058,-0.1347382668869229,-0.11595763593912566,-2.7457303817820564e-10,2.5896141243176076e-09,-0.032336858569224594,0.09894185232163782
67.73,-0.04653299861669179,0.2474431674312208,-0.09566910824558936,-0.2857977764879371,-4.883115155560956e-11,-1.5233425761071383e-09,0.008770610160857454,-0.071476017217967,-0.11730904804915718,-0.19447359044431314,0.00015781525117322936,-0.0005611317475409222,-0.01192207954535115,0.016774487155914147,-0.13542672339267967,-0.11299077707540055,-2.7813929740624e-10,2.5988874079653158e-09,-0.03349163896475613,0.1026813433499752
67.74,-0.047628797299805556,0.25136361311553274,-0.09672860220591903,-0.2814169093411821,-4.839885791461486e-11,-1.522544968052671e-09,0.007513237387961633,-0.06652290698557231,-0.1182708835710349,-0.19046122793250453,0.00016134311301774318,-0.0005725550726257864,-0.013142934966313278,0.021391265460285244,-0.13612644354817485,-0.10995531041737634,-2.814451698058984e-10,2.6067684170879943e-09,-0.034636113304755224,0.1064270350186574
67.75,-0.04869942782268029,0.2550168639648665,-0.09781618512232679,-0.2768944297773291,-4.811860960311669e-11,-1.5209904423047316e-09,0.006249269703212643,-0.06150544447434013,-0.11925171809804987,-0.1863490358697289,0.0001648114552675364,-0.0005840678315091912,-0.014361596634336303,0.02603457140536488,-0.1368371231645768,-0.1068524726581511,-2.8448990194176734e-10,2.613261232994387e-09,-0.03576990632975557,0.11017919091136004
67.76,-0.04974453463664282,0.25840353180771514,-0.09893140344091282,-0.2722328120105508,-4.7990235246933434e-11,-1.518683598724848e-09,0.0049792103787813504,-0.05642550681472958,-0.12025113946702601,-0.18213887098080392,0.00016821916381584107,-0.0005956821194059167,-0.015577599366475795,0.030703360386665497,-0.1375584513310197,-0.10368351671229582,-2.872728744243628e-10,2.6183663891542994e-09,-0.03689264212985594,0.11393797958650505
67.77,-0.05076378881576879,0.26152452547496824,-0.10007378972006567,-0.26743457360208633,-4.801349823800285e-11,-1.5156288862817717e-09,0.0037035689073263724,-0.05128507166124657,-0.12126872573664935,-0.1778326145993683,0.00017156512097294562,-0.0006074100192043769,-0.0167904754500758,0.0353965089895048,-0.13829011053972265,-0.10044971053458877,-2.897936120226363e-10,2.6220882104922106e-09,-0.03800394412971734,0.11770347532208913
67.78,-0.051756887954062074,0.26438104531890433,-0.1012428628818611,-0.2625022719335612,-4.818807660382198e-11,-1.5118312807098933e-09,0.0024228608018822193,-0.04608621684248678,-0.12230404537543363,-0.17343217070585237,0.0001748482040454288,-0.0006192635685620436,-0.01799975475667855,0.04011281515625622,-0.1390317768126005,-0.09715233603398506,-2.920517772700146e-10,2.6244294175052834e-09,-0.03910343508296929,0.12147565911922087
67.79,-0.05272355603365646,0.2669745776679194,-0.10243812846742575,-0.25743850082430403,-4.851358636464708e-11,-1.5072951586767624e-09,0.00113760738576844,-0.040831119655827856,-0.12335665745194155,-0.16893946408567612,0.00017806728389963735,-0.0006312547272115176,-0.019204964863779494,0.04485099864391551,-0.13978311982926225,-0.09379268807961524,-2.94047170176298e-10,2.6253949421158393e-09,-0.04019073707591824,0.12525441995186484
67.8,-0.053663543264609835,0.26930688923109164,-0.10365907889593146,-0.25224588729642494,-4.8989553969317976e-11,-1.5020265849249034e-09,-0.00015166442740703408,-0.03552205581691761,-0.1244261118270811,-0.16435643860673446,0.0001812212235125522,-0.0006433953446492491,-0.02040563118437513,0.04960970176270339,-0.14054380305629782,-0.09037207359457897,-2.957797237817701e-10,2.624989350284221e-09,-0.04126547154043174,0.1290395562504181
67.81,-0.054576625896848946,0.27138002146583834,-0.10490519372690048,-0.24692708849086925,-4.961544300595498e-11,-1.496030720295498e-09,-0.0014444223635411146,-0.03016139807480228,-0.12551194934830617,-0.15968505561419674,0.0001843088765147597,-0.0006556971283958047,-0.021601277104227767,0.054387490386078936,-0.14131348387776455,-0.08689181073258401,-2.97249520582894e-10,2.6232190941971424e-09,-0.042327259275847934,0.13283077760711437
67.82000000000001,-0.055462606004840195,0.27319628492106307,-0.10617593992551728,-0.24148478873692925,-5.03906458730427e-11,-1.4893142350342288e-09,-0.0027401290274798357,-0.024751614504321756,-0.12661370204556344,-0.15492729243994538,0.00018732908572889658,-0.0006681716129536792,-0.022791424126743946,0.05918285522240818,-0.14209181372679372,-0.0833532281321575,-2.9845677172301453e-10,2.6200904502929426e-09,-0.04337572047973467,0.13662770669142954
67.83,-0.05632131124555356,0.2747582535673249,-0.107470772130658,-0.2359216967771662,-5.131446724932592e-11,-1.481884623971981e-09,-0.004038242151941485,-0.019295266487900475,-0.12773089332883852,-0.15008514102335938,0.00019028068170767802,-0.0006808301296291541,-0.023975592025335085,0.06399421333840259,-0.14287843821824275,-0.0797576642430487,-2.994018148908568e-10,2.61561068115182e-09,-0.04441047478730664,0.14042988136406095
67.84,-0.05715259459029366,0.27606875912433126,-0.10878913292536324,-0.23024054314916859,-5.238616662711709e-11,-1.4737484585634337e-09,-0.0053382148557101225,-0.013795006399349566,-0.12886303818716563,-0.14516060663989708,0.00019316248127529797,-0.0006936837773017307,-0.025153299003107008,0.06881990992435963,-0.14367299728232824,-0.07610646671960451,-3.000851460779642e-10,2.6097887977940007e-09,-0.04543114131928499,0.14423675697848384
67.85,-0.05795633403096858,0.27713088539460706,-0.11013045310949623,-0.22444407772553004,-5.3604904400617886e-11,-1.4649157627536124e-09,-0.006639495910866759,-0.00825357500254664,-0.1300096433889751,-0.14015570673418962,0.0001959732860758192,-0.0007067433942346029,-0.02632406185969692,0.07365822029129666,-0.14447512529918005,-0.07240099187655448,-3.005073725034426e-10,2.602632975269467e-09,-0.04643733873796881,0.14804770885931479
67.86,-0.05873243226136896,0.27794796260988575,-0.11149415197434362,-0.2185350674135047,-5.4969782528385225e-11,-1.4553940678102319e-09,-0.007941530018791523,-0.0026737985779129387,-0.13117020768366464,-0.13507246985482715,0.00019871188113222338,-0.0007200195309728578,-0.027487396165058162,0.07850735208976345,-0.14528445123426384,-0.06864260420461571,-3.006692472561526e-10,2.5941537939397747e-09,-0.04742868531126598,0.1518620349478905
67.87,-0.05948081636863571,0.27852243946957356,-0.11287963759431867,-0.2125167925328291,-5.6479841754295345e-11,-1.4452588326211633e-09,-0.0092437580860109,0.002941694069804029,-0.13234422201675544,-0.12991333866199653,0.000201377033770773,-0.0007335112556106636,-0.028642816446823496,0.08336522583104679,-0.14610059879105966,-0.06483320846276738,-3.005716464611175e-10,2.5844577702982993e-09,-0.048404798969510186,0.1556794415584905
67.88,-0.06020143759631678,0.2788556949747209,-0.11428630716301709,-0.20639313701821618,-5.8134048967140064e-11,-1.4345233185606778e-09,-0.0105456174841905,0.008590525517475599,-0.13353116978089766,-0.12468124741987364,0.000203967493530739,-0.0007472042823530093,-0.02978983640340293,0.08822943271669567,-0.14692318661050635,-0.06097535466791848,-3.0021556915557225e-10,2.5735706167319266e-09,-0.04936529732781338,0.1595001465053786
67.89,-0.06089427115759273,0.27894974743668016,-0.11571354736444993,-0.20016782907626776,-5.993132410827025e-11,-1.423216064577991e-09,-0.011846542299979402,0.014270117101161446,-0.13473052709592814,-0.11937902027052934,0.00020648199280359707,-0.000761089125049613,-0.030927969137978958,0.09309760178819992,-0.14775182855857996,-0.0570730697159173,-2.9960213019617044e-10,2.5618479959879966e-09,-0.05030979770844236,0.16332328454588288
67.9,-0.061559316129671984,0.2788036374575723,-0.1171607347861827,-0.1938458164802766,-6.187053095219124e-11,-1.411582349049022e-09,-0.013145963615821522,0.01997704700895353,-0.13594176313951142,-0.1140109818176386,0.00020891924839363578,-0.0007751269234731205,-0.03205672736531432,0.09796839652954917,-0.1485861343978067,-0.05314004351482217,-2.9873251369409863e-10,2.5496676298120504e-09,-0.05123791735889791,0.16714305327646745
67.91,-0.062196595433372553,0.27841797743997015,-0.1186272363743777,-0.1874315530086569,-6.395048582207775e-11,-1.399443191864886e-09,-0.014443309842111157,0.02570771284221268,-0.13716434054286514,-0.10858123475011029,0.00021127796371907942,-0.0007893014932404346,-0.03317562357247105,0.10284029487337612,-0.14942571079175648,-0.04918434847718647,-2.9760796963547445e-10,2.5368329221963788e-09,-0.052149273859329055,0.17095611177724784
67.92,-0.06280615578443381,0.27779366844186987,-0.12011240989099063,-0.1809295719768552,-6.616995812104121e-11,-1.3869888137076601e-09,-0.01573800707246732,0.031458597038689015,-0.13839771604505893,-0.10310165351770752,0.00021355683056431033,-0.0008035932332829981,-0.034284170297948106,0.10770757144523635,-0.15027016233140386,-0.04521756941780999,-2.9622977864944683e-10,2.5237406842572128e-09,-0.05304348552821047,0.17475840145287627
67.93,-0.0633880676658783,0.2769294525760583,-0.1216156044285536,-0.17434646060721012,-6.852770903414759e-11,-1.3744901623475425e-09,-0.017029479448391602,0.037225860030500886,-0.13964134150388782,-0.09758337176830205,0.0002157545350756012,-0.0008178359609177294,-0.0353818805896174,0.1125655508537474,-0.15111909257222766,-0.041249614548957717,-2.9459929140583133e-10,2.5100269660679273e-09,-0.053920171774402156,0.17854717660933891
67.94,-0.0639424252411354,0.27582923751653404,-0.12313616119876554,-0.16769433950233623,-7.102247727268656e-11,-1.3620259487072119e-09,-0.018317149654646134,0.0430018899418733,-0.14089466477088833,-0.09202933231348048,0.00021786976785935833,-0.0008319666296092799,-0.03646826841965777,0.11741196335196444,-0.15197210483399534,-0.03728313765624343,-2.927178920308348e-10,2.4957184238531716e-09,-0.05477895332715143,0.18232200755435304
67.95,-0.06446934601714341,0.274498158427472,-0.12467341449613067,-0.16098083035758726,-7.365299870816451e-11,-1.3492832898125314e-09,-0.01960043954734667,0.0487810111317253,-0.14215713030305924,-0.08644752624585814,0.00021990122771005195,-0.0008460563695443159,-0.03754284901950908,0.12224261153888023,-0.15282880286232992,-0.03332899366265919,-2.9058701142436887e-10,2.4813053697817284e-09,-0.05561945242527826,0.18607923863736361
67.96000000000001,-0.06496897042391232,0.2729388120094494,-0.12622669244080126,-0.15421005587250833,-7.641797643562155e-11,-1.3360795385445387e-09,-0.020878770685724652,0.054559982123959315,-0.1434281799749958,-0.08084960156126496,0.00022184762365120832,-0.0008599499300098409,-0.03860513927291058,0.12705295763647054,-0.1536887916361106,-0.029394282798205766,-2.8820811493718753e-10,2.4663600598630106e-09,-0.05644129306898539,0.18981686285072757
67.97,-0.06544146139447483,0.27115704857227363,-0.12779531745585712,-0.14738601216912695,-7.931608548220463e-11,-1.3225198666435887e-09,-0.0221515647144825,0.06033527463523234,-0.14470725392813527,-0.07523932529912115,0.00022370768337837997,-0.0008735606423784686,-0.0396546580986363,0.13184057204562835,-0.15455167797799324,-0.0254804854420615,-2.855827237848159e-10,2.450714486175861e-09,-0.057244101206228665,0.19353442609093213
67.98,-0.06588700377770812,0.2691605591877453,-0.12937860683702637,-0.14051813058028617,-8.234596109718728e-11,-1.3090661750460778e-09,-0.023418243785887787,0.06610097140433988,-0.1459937910342514,-0.0696182346609231,0.0002254801599780564,-0.0008868924074319751,-0.04069092672396736,0.1366034107171656,-0.15541707082720332,-0.021589533826357532,-2.8271240395926587e-10,2.434576843828596e-09,-0.05802750482024692,0.19723113618758834
67.99,-0.06630580359852223,0.2669569819705775,-0.1309758735548275,-0.13361475426725258,-8.550625014716557e-11,-1.2952528939269501e-09,-0.02467823108982683,0.07185165357544712,-0.1472872291574957,-0.06398995081226148,0.00022716383231937464,-0.0008999652496412974,-0.04171346891456729,0.1413388781254832,-0.15628458160199588,-0.017729137724398544,-2.7959878032399955e-10,2.4183292771283213e-09,-0.05879113404940305,0.20090469433784805
68.0,-0.06669808729092849,0.26455375563518235,-0.13258642695214884,-0.12667909914112171,-8.879554075473827e-11,-1.2808989184488942e-09,-0.025930951347080865,0.07758382254460655,-0.14858700567783945,-0.05836465598001867,0.00022875750371355544,-0.0009127715017928081,-0.04272181127016577,0.14604288099941942,-0.15715382479932138,-0.013905158274406939,-2.762434887706651e-10,2.4016818443474858e-09,-0.059534621379013136,0.2045530942932759
68.01,-0.06706410094582244,0.26195819829299716,-0.13420957317680773,-0.11971469442336345,-9.221238319859549e-11,-1.2660682365284454e-09,-0.027175831193718816,0.08329412304842836,-0.14989255825521655,-0.052748497680403295,0.00023026000531630386,-0.0009251837036056866,-0.04371548356367165,0.15071266077003467,-0.15802441848137208,-0.010119051993662422,-2.7264821011350833e-10,2.384412126350628e-09,-0.060257601805412425,0.20817573208426152
68.02,-0.06740410952002482,0.2591792065277544,-0.13584461550825602,-0.11272441907528569,-9.575528540568485e-11,-1.2506354550444794e-09,-0.02841229950880802,0.08897958120136254,-0.15120332537415987,-0.04714276658717576,0.00023167020344423648,-0.0009371570653024143,-0.044694019017649064,0.15534630737922323,-0.1588959845014338,-0.00637205949742934,-2.68814683429911e-10,2.3665697598902933e-09,-0.06095971291631708,0.21177228968243325
68.03,-0.06771839597251068,0.2562256054142761,-0.13749085465659341,-0.10571109210243061,-9.94226917577952e-11,-1.234749596077225e-09,-0.02963978769668555,0.09463798539592859,-0.15251874658677572,-0.041549332613938894,0.0002329870037981323,-0.00094869153483725,-0.0456569545495517,0.1599407152394462,-0.15976814862066116,-0.002665050420641903,-2.647447055006145e-10,2.3481190171189065e-09,-0.06164059489128539,0.21534367656331496
68.04,-0.06800726039457206,0.25310554451899464,-0.13914758921918416,-0.09868314863861617,-1.0321301314759353e-10,-1.2188386040287158e-09,-0.030857729952761415,0.10026618753870618,-0.15383826267288614,-0.03596956278870213,0.00023420935260477115,-0.0009597625770707348,-0.046603831075002745,0.16449226874161973,-0.16064054060890431,0.0010008916795477682,-2.604401259769085e-10,2.32908778542806e-09,-0.06229989040535183,0.21889178697289952
68.05,-0.06827101916861121,0.24982738634394977,-0.1408141163822384,-0.09164801137099354,-1.0712463561499832e-10,-1.2025013871558796e-09,-0.03206556354336626,0.10586159189881503,-0.15516131579222178,-0.030404999527541277,0.00023533623777692705,-0.0009703559427749578,-0.04753419386539392,0.16899717233971762,-0.16151279445467306,0.004621252577209008,-2.559028415152025e-10,2.309941318385332e-09,-0.06293724447646686,0.2224179736201579
68.06,-0.06851000412401775,0.2463996915561503,-0.14248973254334937,-0.08460856589776013,-1.1115591650913432e-10,-1.185550945435874e-09,-0.03326272903372971,0.11142299603129034,-0.15648734975423928,-0.024861036649761224,0.00023636668838791317,-0.0009805116435690714,-0.04844759294819533,0.17345086047565983,-0.16238454876734218,0.00819091617226773,-2.511347831111328e-10,2.2903973127220666e-09,-0.06355230432535171,0.22592342154306627
68.07000000000001,-0.06872456167800399,0.2428310686289104,-0.14417373368751282,-0.07756761731652019,-1.1530514884891388e-10,-1.1681217393449714e-09,-0.03444867043574304,0.11694921596399117,-0.15781581052567306,-0.019344494574111717,0.00023729977457804277,-0.0009901626696375914,-0.04934358355315101,0.17784862299250637,-0.16325544715694887,0.01170865136528038,-2.4613790867284096e-10,2.2702742456045822e-09,-0.06414471922764568,0.22941018232559654
68.08,-0.06891505196088851,0.2391304394637838,-0.14586541567275496,-0.07052807424449997,-1.1957057761108097e-10,-1.150149904643886e-09,-0.03562283533123073,0.12243894505579687,-0.15914614674335628,-0.01385761525302018,0.00023813461236428703,-0.000999220152973762,-0.05022172653516552,0.1821872211676885,-0.16412513841301568,0.015173907681752554,-2.409142374791237e-10,2.249653838457884e-09,-0.06471414032956121,0.23288021660348637
68.09,-0.06908184791387045,0.2353070981202602,-0.1475640745073958,-0.0634924588496073,-1.239503990855296e-10,-1.1316606116254172e-09,-0.03678467500578905,0.12789071709442176,-0.1604778099915407,-0.008401422294201892,0.00023887036968623306,-0.0010076582359763258,-0.05108158871208364,0.18646391068332963,-0.1649932765717301,0.018586177012866453,-2.3546583164808897e-10,2.228473519478191e-09,-0.06526022045858336,0.2363352370895398
68.1,-0.06922533437018698,0.23137009914764575,-0.14926900660078096,-0.05646298363373604,-1.284427524482086e-10,-1.1126580279534305e-09,-0.03793364461268902,0.1333024180963451,-0.16181025493965223,-0.0029772969633087413,0.00023950626937865668,-0.0010154612935465125,-0.051922743126961844,0.19067666433046343,-0.1658595209528258,0.02194543096664626,-2.297948122582581e-10,2.206761517657366e-09,-0.06578261396698425,0.2397763421393733
68.11,-0.06934590713969147,0.22732855222705486,-0.15097950898799897,-0.04944175940926017,-1.3304574092907693e-10,-1.0931645610249353e-09,-0.039069203391208604,0.1386713045137613,-0.16314293946865704,0.002413541560947013,0.00024004159007268332,-0.0010226230332916336,-0.05274476923759283,0.19482434803929471,-0.16672353615593016,0.02525216108910435,-2.2390335758832364e-10,2.184494119692819e-09,-0.06628097669425574,0.24320191460386284
68.12,-0.06944397210031156,0.22319142707876566,-0.15269487954536778,-0.0424309576334564,-1.377573997867514e-10,-1.0732771558666291e-09,-0.040190814928129724,0.1439946543933986,-0.16447532479802435,0.007769825061497605,0.00024047566666485733,-0.0010291322757907274,-0.05354725304540634,0.19890590181232928,-0.16758499199802004,0.02850762906044995,-2.1779368638652082e-10,2.1616717547095356e-09,-0.0667549661670137,0.24660737992322723
68.13,-0.06951994432473853,0.21896675704329527,-0.1544144173420397,-0.035437126851748935,-1.4257575444751433e-10,-1.0533165485698128e-09,-0.041297947443405286,0.14926932855769023,-0.1658068756092365,0.013090372513990051,0.0002408078910856367,-0.0010349726047902024,-0.054329787214460495,0.20291989534106172,-0.1684435634026695,0.031713094432703884,-2.1146808820847588e-10,2.138274683667876e-09,-0.06720424199624668,0.24998823785883786
68.14,-0.06957424723222799,0.21466336507522002,-0.15613742317919643,-0.02846584997447447,-1.4749880186951022e-10,-1.033013433569248e-09,-0.04239007409734253,0.1544921396078881,-0.16713706016643126,0.018373988010543622,0.00024103771336958708,-0.0010401319508977628,-0.055091971193336156,0.2068653501315329,-0.1692989302649106,0.03487011839714907,-2.0492890104740618e-10,2.1142794162743952e-09,-0.06762846638327327,0.25333823668023575
68.15,-0.06960731169730427,0.21029082339576927,-0.15786320005436474,-0.021519026324948436,-1.5252450685596333e-10,-1.0122468378358907e-09,-0.043466673294138815,0.1596603585130147,-0.16846535043562197,0.023619490148103453,0.00024116464247619476,-0.0010446059044603266,-0.05583341130569913,0.21074181709430842,-0.17015077734847692,0.037978732588592246,-1.9817851910470267e-10,2.089874841884687e-09,-0.06802730475421845,0.25664971239844375
68.16,-0.06961957513457488,0.20585779357359493,-0.15959105342520613,-0.01459856943393486,-1.5765078876624484e-10,-9.911152697030238e-10,-0.044527228948452076,0.16477175100667033,-0.16979122231358862,0.028822131267043458,0.00024118824693570667,-0.0010483815207655367,-0.05655372083501087,0.21454789736023253,-0.17099879430750808,0.04103719114434648,-1.9121937886104743e-10,2.064954855213612e-09,-0.06840042645035728,0.25991657064825074
68.17,-0.06961148061503722,0.20137291217670808,-0.161320291399462,-0.007706334882090643,-1.6287554619078607e-10,-9.695937575144912e-10,-0.04557123071423435,0.1698242223411046,-0.17111415601801697,0.03397763696843931,0.00024110815582156496,-0.0010514445207685814,-0.05725252014116975,0.21828233287371737,-0.17184267573842993,0.04404659391993256,-1.8405397247987996e-10,2.039372154308076e-09,-0.06874750538766579,0.26313210871187187
68.18,-0.06958347597811299,0.19684559461962517,-0.16305022491816343,-0.0008440432520685979,-1.6819661407310555e-10,-9.477090075539828e-10,-0.0465981742053978,0.17481540264320397,-0.17243363642081394,0.03908509981722216,0.0002409240599412586,-0.001053784461650771,-0.05792943677239863,0.22194439800631724,-0.17268212109552755,0.04700904193983976,-1.766848528425952e-10,2.0131498534640882e-09,-0.06906822074562681,0.2662886458068984
68.19,-0.06953601291006248,0.19228513472393774,-0.16478016793459546,0.005986470192508233,-1.7361182523314426e-10,-9.254725340913262e-10,-0.047607561227812366,0.17974290227687503,-0.17374915319404466,0.04414399354456384,0.00024063571369950878,-0.001055367384645494,-0.05858410558085728,0.22553230401733537,-0.1735168345227869,0.04992592669879501,-1.6911465048566688e-10,1.986276212438976e-09,-0.06936225768863712,0.26937939693728996
68.2,-0.06946954602529054,0.1877004463708373,-0.16650943759054931,0.012783555781638322,-1.791189534193942e-10,-9.028930110313987e-10,-0.048598900019885045,0.18460425795021126,-0.17506020086516536,0.049153966106705554,0.0002402429374858952,-0.0010561781945426325,-0.059216168895517104,0.2290437669057876,-0.17434652469584255,0.0527988074168608,-1.6134604428201013e-10,1.958739107625424e-09,-0.06962930804468598,0.2723981522841943
68.21000000000001,-0.06938453197999311,0.1831000996351802,-0.1682373543814323,0.01954570169090868,-1.8471574380704692e-10,-8.79977371390236e-10,-0.049571705488574834,0.18939728296193659,-0.17636627885053258,0.054114846876748966,0.00023974561890351104,-0.001056223602502812,-0.059825276740678765,0.23247649479332383,-0.17517090466750462,0.055629313717288596,-1.5338178150746701e-10,1.930481357744558e-09,-0.06986907096358373,0.2753378696233983
68.22,-0.06928142861188744,0.17849263226920642,-0.16996324231059462,0.026271406488104512,-1.9039992748044578e-10,-8.567369734174964e-10,-0.05052549942502535,0.19412005307941177,-0.17766689147704434,0.059026448189321915,0.00023914371266499124,-0.001055508480760812,-0.06041108706426885,0.2358282070756693,-0.17598969170253362,0.05841920439716245,-1.452246913111037e-10,1.901491299953911e-09,-0.07008125363364001,0.27819057380883666
68.23,-0.06916069408635263,0.17388666491241597,-0.17168642903878772,0.03295922194028747,-1.9616917452234784e-10,-8.33179276751946e-10,-0.05145981070005706,0.19877069694817265,-0.17896154799495131,0.06388877972867069,0.00023843724013146696,-0.001054042303695469,-0.060973265990006506,0.23909583562963402,-0.17680260710902962,0.06117009687031858,-1.3687766318310834e-10,1.871780311947245e-09,-0.07026557204831149,0.28094869344523604
68.24,-0.06902278602426416,0.16929131767899705,-0.17340624602943552,0.03960774386380285,-2.0202114804587113e-10,-8.093142941012589e-10,-0.05237417545084715,0.2033473741256418,-0.18024976258166442,0.06870183818115394,0.00023762628878595197,-0.0010518334969647134,-0.06151148810269934,0.24227649014861544,-0.1776093760810625,0.06388338834083979,-1.2834367033780177e-10,1.8413534430128363e-09,-0.07042175172568899,0.28360613435324805
68.25,-0.06886816061110827,0.16471548369155306,-0.17512202868980362,0.04621559650842507,-2.0795346209619664e-10,-7.851492860093096e-10,-0.053268137256590055,0.20784851584993044,-0.18153105434193567,0.07346563231764774,0.00023671101163278118,-0.0010488925697225422,-0.06202543674050605,0.24536727247811413,-0.17840972755963294,0.0665603252802153,-1.1962574208242854e-10,1.8102107771449444e-09,-0.07054952831569726,0.28615781663373235
68.26,-0.06869727173150227,0.16016729479801037,-0.17683311651454506,0.0527812533642401,-2.1396373426576018e-10,-7.607528557323497e-10,-0.05414124730252944,0.21227247367794455,-0.18280494731064945,0.07818007529244786,0.000235691626501704,-0.0010452292351847985,-0.06251480425784628,0.24836613257636644,-0.17920339410238897,0.06920225292283301,-1.1072700574281928e-10,1.7782522061824585e-09,-0.07064864817522028,0.2885971295309157
68.27,-0.06851057016994859,0.15565411772026452,-0.17853885333583933,0.05929995715712315,-2.2004953037638595e-10,-7.362329733936163e-10,-0.05499306455634255,0.21661715027188852,-0.18407097045981383,0.08284508923341977,0.00023456841541631205,-0.0010408501732159737,-0.06297929224804451,0.251270971767928,-0.17999011174384325,0.07181076326265207,-1.0165064373106734e-10,1.745482003780301e-09,-0.07071886911831586,0.29091358760065894
68.28,-0.06830850285611853,0.15118360431783645,-0.18023858769390508,0.06576831616455203,-2.2620841101323516e-10,-7.114756222642445e-10,-0.05582315596206272,0.2208806454233039,-0.18532865770241982,0.08746074425767393,0.00023334172411224803,-0.0010357668060460964,-0.06341861177629009,0.2540788921551609,-0.1807696198501824,0.07438716615263412,-9.239992890965067e-11,1.7119709881462025e-09,-0.07075996132032286,0.29309889573384584
68.29,-0.06809151208334363,0.14676432460365135,-0.1819316731277877,0.07218540431746928,-2.3243792720483135e-10,-6.864372459798379e-10,-0.05663109662282239,0.22506139052048582,-0.18657754788880854,0.09202711052769144,0.00023201196144783068,-0.0010299944475647786,-0.06383248365218527,0.2567870221983194,-0.1815416609956039,0.07693236756359177,-8.297821456164554e-11,1.6777257806738192e-09,-0.07077170805817519,0.2951490387068643
68.3,-0.0678600346872642,0.1424045053756153,-0.18361746831746423,0.07855029324897714,-2.3873557805490077e-10,-6.611602645253053e-10,-0.057416469976963334,0.22915737527232186,-0.187817184800807,0.09654423568144815,0.00023057959859763678,-0.0010235472373108837,-0.06422063871977263,0.25939239048273416,-0.1823059808649524,0.07944724785963903,-7.33889145429349e-11,1.6427313498543233e-09,-0.07075390620741674,0.2970596338157884
68.31,-0.06761450125399313,0.13811139526041114,-0.18529533717659835,0.08486207855542448,-2.450988669999743e-10,-6.356389278258554e-10,-0.05817886796694723,0.2331673166963014,-0.18904711715625952,0.10101186634145286,0.00022904516917408524,-0.0010164057530983553,-0.06458281813250268,0.26189265406088325,-0.18306232816110954,0.08193283288129985,-6.363553908217424e-11,1.6069072758134721e-09,-0.07070636678549491,0.2988226467525753
68.32000000000001,-0.06735533541583479,0.13389120641920818,-0.1869646489410028,0.09111995734169333,-2.515252519205389e-10,-6.099004826063741e-10,-0.05891789121317872,0.23708889082200876,-0.19026689870828062,0.10542717578880273,0.00022740927141517246,-0.001008536584142889,-0.06491877359980658,0.2642854461905086,-0.18381045450646502,0.08439012425636604,-5.372165690889778e-11,1.5702635525337125e-09,-0.07062891575563011,0.3004276773688631
68.33,-0.06708295320518211,0.12975056520726092,-0.18862477824713228,0.09732327117993457,-2.580121906720132e-10,-5.839469922243168e-10,-0.0596331492412992,0.24091924223780936,-0.19147608844057015,0.10978853451634495,0.00022567256853623957,-0.00100001251527199,-0.06522826758694394,0.2665695459486428,-0.1845501143541968,0.08681975157044976,-4.3650936406635814e-11,1.532838093379092e-09,-0.07052139490292747,0.30186810799287705
68.34,-0.0667977624046616,0.12569623449942863,-0.19027510520705732,0.10347117895792624,-2.6455709357491396e-10,-5.577973281451616e-10,-0.06032426071948424,0.244656707022307,-0.19267425069475105,0.11409624632561885,0.00022383578522834106,-0.0009908747707705102,-0.06551107349729327,0.2687424814986013,-0.1852810649659021,0.0892208052065734,-3.3427118196768856e-11,1.4945622835993893e-09,-0.07038366254050386,0.30313828936012926
68.35000000000001,-0.06650016189461755,0.12173459386688935,-0.1919150154853781,0.10956297598375618,-2.711573818479937e-10,-5.314618023322185e-10,-0.06099085366087744,0.24829918042964103,-0.1938609551840719,0.1183504365638645,0.00022189970487466234,-0.000981125225486847,-0.06576697592061892,0.2708009133997379,-0.18600306645788883,0.09159285160462241,-2.305403011977729e-11,1.4555110295358641e-09,-0.0702155941041549,0.30423220860846834
68.36,-0.06619054102271492,0.11787184517724328,-0.19354390037137564,0.11559800978256829,-2.7781044309181924e-10,-5.049473910715874e-10,-0.06163256563791891,0.2518441116113675,-0.1950357769778275,0.12255122690826367,0.00021986516924392944,-0.0009707675004786985,-0.06599577092265495,0.2727423535446687,-0.18671588182545096,0.09393639388731206,-1.2535577387401752e-11,1.4157143009462324e-09,-0.07001708276719103,0.3051431577510999
68.37,-0.06586927900972664,0.11411355972181564,-0.1951611568460695,0.12157562123734268,-2.845136509634402e-10,-4.782653658376162e-10,-0.062249044015393405,0.2552893359852762,-0.19619829649117426,0.12669868365372647,0.00021773307864082555,-0.0009598123655360224,-0.06619726630790866,0.2745643752769559,-0.18741927691657834,0.09625177002051132,-1.875744679152272e-12,1.3751387336657193e-09,-0.06978804011079749,0.30586397228934076
68.38,-0.0655367444058276,0.110464806682726,-0.19676618764770792,0.12749517818748823,-2.9126435487718596e-10,-4.5143236270576127e-10,-0.06283994616477097,0.2586329617838159,-0.1973480994787479,0.13079284021869206,0.00021550439119653384,-0.0009482864364243971,-0.06637128184443455,0.2762651396168805,-0.1881130203979935,0.09853923107873072,8.921417112993641e-12,1.333810381375188e-09,-0.06952839684716272,0.30638695244495084
68.39,-0.06519329458946982,0.10693049352019035,-0.19835840133461444,0.1333560940818943,-2.980598922555664e-10,-4.244511179959859e-10,-0.0634049396796472,0.26187237950041237,-0.19848477703374431,0.13483364040584203,0.00021318012124383573,-0.0009362167846018585,-0.06651764943533242,0.2778435507672554,-0.18879688373318249,0.10079888382062849,1.985177313358636e-11,1.2917717735918393e-09,-0.06923810352846545,0.3067060059709247
68.4,-0.064839275287772,0.10351542121137303,-0.1999372123482353,0.1391576845042374,-3.0489759715898657e-10,-3.973300310605148e-10,-0.06394370259001074,0.2650059930750554,-0.1996079255923997,0.1388210167980094,0.00021076133746055815,-0.0009236277413431994,-0.06663621323841239,0.27929862381839016,-0.18947064117351217,0.10303069697022096,3.091111473145021e-11,1.2490476178148005e-09,-0.06891713116596183,0.30681572495917425
68.41,-0.06447502012027025,0.10022391720442746,-0.2015020410780821,0.14489932994464547,-3.117747862563815e-10,-3.700754436680585e-10,-0.06445592355928308,0.2680316026117385,-0.20071714694004486,0.14275492547695443,0.00020824916146656584,-0.0009105335095105459,-0.06672682978803147,0.2806286487636848,-0.19013406976302516,0.10523450873563187,4.2095163936301046e-11,1.2056424068342836e-09,-0.06856547179589707,0.3067103004125404
68.42,-0.06410085018585814,0.09705974370264997,-0.20305231392460166,0.15058043576254027,-3.1868874738972847e-10,-3.426958742454565e-10,-0.06494130210089558,0.270946691325359,-0.20181204821306675,0.1466354238970824,0.0002056447667398131,-0.0008969557033546467,-0.06678936823504578,0.28182917785799527,-0.19078694935660645,0.10741002078687496,5.3399583127981135e-11,1.1615676532368078e-09,-0.06818313905542318,0.3063838011070272
68.43,-0.06371707370079248,0.09402622282249119,-0.20458746335817024,0.1562004504870403,-3.2563677275242003e-10,-3.1519367794349446e-10,-0.06539954883579777,0.27374830769442865,-0.20289224189821528,0.15046247756925765,0.00020294937723662,-0.0008829194814278728,-0.06682371071467097,0.2828964644846813,-0.19142906265261667,0.10955676759366534,6.4819955226725e-11,1.116829906341533e-09,-0.06777016878352302,0.30582993544762654
68.44,-0.06332398567046148,0.09112665512976574,-0.20610692797594857,0.1617588058039133,-3.3261614164133846e-10,-2.875796294454305e-10,-0.06583038577260635,0.27643366349808807,-0.20395734583862613,0.15423591580572105,0.00020016426572826891,-0.0008684482651294924,-0.0668297526675103,0.2838289102677772,-0.19206019524083742,0.11167414190540016,7.635179922437265e-11,1.0714686588596085e-09,-0.06732661961630174,0.3050432471578079
68.45,-0.06292186758822249,0.08836378632927573,-0.20761015256087348,0.1672548623027533,-3.396241112833583e-10,-2.598678717986092e-10,-0.06623354655100702,0.2790011773404605,-0.2050069832501395,0.1579555100938063,0.0001972907520820941,-0.0008535674124335658,-0.06680740301086315,0.2846258816668075,-0.1926801356647756,0.11376140432559696,8.799058127304576e-11,1.0255236576978236e-09,-0.06685257350219961,0.3040197675098194
68.46000000000001,-0.06251098718325881,0.08573968068489285,-0.20909658814389795,0.17268799854389164,-3.466579406734646e-10,-2.320591766150626e-10,-0.0666087766257785,0.2814491558773148,-0.20604078274405574,0.16162100201473822,0.00019433020144523654,-0.0008383030080832378,-0.06675658422729959,0.28528650679031514,-0.19328867549589204,0.11581773043696605,9.973169078921263e-11,9.790105524602108e-10,-0.06634813608625949,0.3027568548804156
68.47,-0.062091598225827896,0.08325599232423692,-0.21056569206821021,0.17805754439109847,-3.537148654169598e-10,-2.041700958717624e-10,-0.06695583343298019,0.2837758901158801,-0.20705837835307594,0.1652321138658819,0.00019128402242932343,-0.0008226779543094824,-0.06667723248805253,0.285808549401643,-0.19388560941914768,0.11784214884096098,1.1157047719864015e-10,9.319581609539111e-10,-0.06581343703117723,0.3012508397536909
68.48,-0.061663940374204494,0.0809141201650473,-0.21201692807547712,0.1833621812272585,-3.6079212675450913e-10,-1.7617718599862564e-10,-0.06727448658617678,0.28597879407947674,-0.2080594095610134,0.1687884949429325,0.00018815366558304152,-0.0008067093615570246,-0.06656929790606357,0.2861879080733255,-0.19447073533141454,0.11983356010117721,1.2350222125844904e-10,8.843875066574358e-10,-0.06524863036559995,0.29949796419479274
68.49,-0.06122823905181298,0.07871515790627821,-0.21344976647751127,0.188598890193333,-3.6788694616061934e-10,-1.4809740948752752e-10,-0.06756451811970643,0.2880551697987755,-0.2090435213396997,0.17228968985600385,0.00018494062207215507,-0.0007904176573901633,-0.06643274491683662,0.28642019857125567,-0.1950438544531301,0.12179073387435192,1.3552216089034153e-10,8.363352482373507e-10,-0.06465389485156267,0.29749464836173123
68.5,-0.06078470534434234,0.0766602047101996,-0.2148636843726181,0.19376633891571357,-3.749965381423956e-10,-1.1994325239288333e-10,-0.06782572273638696,0.290002914425351,-0.21001036419384067,0.17573519906609272,0.00018164642211337506,-0.0007738285734383694,-0.06626755262761803,0.28650371028856675,-0.19560477144882754,0.12371244281468534,1.4762548211691541e-10,7.878446884950701e-10,-0.06402943427036252,0.29523972529039505
68.51,-0.06033353593059855,0.07474945340227318,-0.2162581657807638,0.1988642136532838,-3.8211811533676037e-10,-9.172342521554701e-11,-0.06805790805127476,0.2918191729008721,-0.2109595942114823,0.1791244779294967,0.0001782726331055111,-0.0007569659292396793,-0.06607371503634986,0.28643685515598516,-0.19615329455418795,0.12559732627295586,1.5980731450369072e-10,7.389374231306261e-10,-0.06337547756598157,0.29273266867966924
68.52,-0.059874913085513216,0.07298220515385578,-0.21763270170721596,0.20389180765499465,-3.8924887030628803e-10,-6.345961238664467e-11,-0.06826089483642855,0.2935018818403086,-0.2118908731199992,0.18245690227422154,0.0001748208577230503,-0.0007398531098239257,-0.06585124122359333,0.2862170129907688,-0.19668923571110875,0.12744397421358858,1.720627696170768e-10,6.896527342434407e-10,-0.06269227888433557,0.2899737586436481
68.53,-0.05940900473912913,0.07135795320135895,-0.21898679020177397,0.20884853262057151,-3.9638600093013573e-10,-3.5164837243243334e-11,-0.06843451724942008,0.29504871974159536,-0.2128038683494178,0.185731765512637,0.00017129273204817064,-0.0007225125423878013,-0.06560015558316384,0.28584188242698644,-0.19721241070785733,0.12925097514429745,1.8438689928450463e-10,6.400281461604377e-10,-0.061980117532993664,0.28696415171110357
68.54,-0.05893596454542276,0.06987613290304379,-0.22031993642399245,0.2137336667624966,-4.0352669842508827e-10,-6.859423145253562e-12,-0.06857862307845533,0.29645673349478446,-0.21369825310509205,0.18894823996439097,0.0001676899237631705,-0.0007049645573884645,-0.06532049807645299,0.2853085456196565,-0.19772263931897036,0.131016958787803,1.9677473530754462e-10,5.900962145088775e-10,-0.061239297860276286,0.2837056980315416
68.55,-0.058455931960519576,0.06853584115179077,-0.2216316527133016,0.21854646622638862,-4.106681520694081e-10,2.1440906357668036e-11,-0.06869307400471025,0.2977235883886711,-0.21457370645083298,0.19210540496845446,0.0001640141304618123,-0.0006872281830216987,-0.06501232451164132,0.2846140611900866,-0.19821974544038212,0.13274064352184936,2.0922126172815748e-10,5.398940353717936e-10,-0.06047014903640014,0.28020175072875675
68.56,-0.057969032356639236,0.06733559159153228,-0.22292145866479332,0.22328612307951398,-4.1780754803741796e-10,4.972330786058975e-11,-0.06877774584533904,0.2988469911715296,-0.21542991340352666,0.1952021931262881,0.00016026707800427856,-0.0006693230137945106,-0.06467570686025612,0.2837547106204351,-0.19870355721951466,0.13442074178600552,2.2172145526231505e-10,4.894545403131645e-10,-0.059673024735837236,0.2764560150066038
68.57000000000001,-0.057475377175687445,0.06627375835939986,-0.2241888812093258,0.2279518048490484,-4.249420800177667e-10,7.797025147057825e-11,-0.0688325287548623,0.2998255354899976,-0.21626656504076844,0.19823740880039797,0.0001564505207435969,-0.0006512057812100396,-0.06431073357511884,0.28272798952395845,-0.1991739071839965,0.13605596225472077,2.3427024744681583e-10,4.388125282411595e-10,-0.05884830274039264,0.27247323969970233
68.58,-0.056975064110000744,0.06534842678083823,-0.2254334546977516,0.2325426245034603,-4.3206894126862237e-10,1.0620861964013361e-10,-0.06885732738675512,0.3006576595759674,-0.21708335865928446,0.20120850913612892,0.0001525662451603667,-0.0006328211289318509,-0.06391750986260951,0.28153142912837864,-0.19963063237061565,0.13764501491198566,2.468625611306152e-10,3.8800145047758565e-10,-0.05799638446309114,0.26825884452366316
68.59,-0.05646817732025514,0.06455702304406143,-0.2266547209905489,0.2370576218009838,-4.3918531079503447e-10,1.344431417802041e-10,-0.06885206113996577,0.30133873248526416,-0.21787999798549973,0.2041134984948805,0.0001486160696609714,-0.0006142955769335677,-0.06349615794829191,0.2801619416393442,-0.2000735744532389,0.13918664267664352,2.5949331092387633e-10,3.3705476906852886e-10,-0.05711769438572871,0.2638193062663941
68.60000000000001,-0.05595478769354087,0.06389690406833756,-0.2278522295548758,0.2414957470841419,-4.462883963459973e-10,1.6262575213885906e-10,-0.06881666456636336,0.3018639199158897,-0.21865619336157066,0.20695116213941792,0.00014460183766682293,-0.0005956878397079025,-0.0630468173776994,0.27861626879845697,-0.20050257986787673,0.1406796265026913,2.721573692283994e-10,2.8600499210657057e-10,-0.056212679423740045,0.259161336198581
68.61,-0.05543495312104205,0.06336531566130328,-0.2290255375689307,0.24585590288209586,-4.533753886136032e-10,1.9073149746333274e-10,-0.06875108778008217,0.3022306152466912,-0.21941166188906255,0.20972005734788735,0.00014052541230244025,-0.000576995630181489,-0.06256964533990621,0.27689108557052994,-0.20091749993421776,0.14212277899474166,2.8484962094186136e-10,2.3488426309388335e-10,-0.05528180825934143,0.2542916208733669
68.62,-0.05490871878930815,0.06295927658274524,-0.2301742100303706,0.2501369927747267,-4.6044348595155154e-10,2.1874251572399957e-10,-0.06865529670502156,0.30243802161387007,-0.22014612757106924,0.21241865627565482,0.0001363886746802204,-0.0005582397049855566,-0.0620648169996854,0.2749830064844808,-0.20131819097376266,0.14351494718646834,2.9756494036153954e-10,1.8372497742771427e-10,-0.05432557066680681,0.24921699097642425
68.63,-0.054376117493553706,0.06267551754117578,-0.23129781986664702,0.25433788590108036,-4.674899022975158e-10,2.466595829155736e-10,-0.06852927317485506,0.30248579985345114,-0.22085932146471213,0.2150453763164794,0.00013219352272522258,-0.0005394239477940798,-0.06153252581526275,0.2728892537775239,-0.20170451442431472,0.1448550200697713,3.102981903195067e-10,1.3255638394810808e-10,-0.0533444768150802,0.24394479673898606
68.64,-0.05383716998342777,0.06251031405354798,-0.23239594805100494,0.2584573211957239,-4.745118576736536e-10,2.744841451852881e-10,-0.06837301503883615,0.30237153230593916,-0.2215509818369247,0.21759866994812188,0.0001279418699933737,-0.000520563255553963,-0.06097298380397008,0.27060780618432173,-0.2020763369493884,0.14614196137575794,3.2304424090766133e-10,8.140914953950039e-11,-0.05233905651701684,0.23848319387125713
68.65,-0.053291885358957236,0.06245921882361524,-0.23346818373343142,0.2624937827154176,-4.815065678265775e-10,3.022479409839744e-10,-0.0681865364609318,0.302089570968988,-0.22222085432480776,0.22007681989579372,0.00012363564432050754,-0.0005016697476819391,-0.06038642178053805,0.26813593095533766,-0.2024335305405484,0.14737481669577346,3.357979595484592e-10,3.031148348849824e-11,-0.051309858413728246,0.2328408198790747
68.66,-0.05274026151683073,0.0625175907320949,-0.23451412439107577,0.2664456141062679,-4.884712716586134e-10,3.299069309008812e-10,-0.06796986843055491,0.3016339127228854,-0.2228686921061392,0.22247802847528475,0.00011927678635002871,-0.0004827554850394075,-0.05977308960833758,0.26547113044703635,-0.20277597261215233,0.1485526982176019,3.485542151594417e-10,-2.0708210247257978e-11,-0.05025744911480942,0.22702645666917837
68.67,-0.05218228561330845,0.06268101172518886,-0.2355333759864799,0.27031129304095175,-4.954032131700036e-10,3.5742173136152507e-10,-0.06772305924600842,0.30100207590992417,-0.22349425608006906,0.2248004048176928,0.00011486724804569483,-0.00046383358086503595,-0.05913325643845802,0.26261138095487674,-0.2031035460896789,0.1496747664209795,3.613078853730138e-10,-7.162258685817835e-11,-0.0491824123331372,0.22104852383989812
68.68,-0.05161793452768838,0.06294480069014038,-0.23652555312285034,0.274089267545828,-5.02299645565989e-10,3.847846954172602e-10,-0.06744617480772239,0.30019233604668183,-0.22409731505232017,0.22704211218033332,0.00011040899113091777,-0.00044491670939813855,-0.058467210896023664,0.25955546051211437,-0.2034161394918397,0.15074026281733932,3.740538690893039e-10,-1.2240487012791117e-10,-0.04808534802014746,0.21491591380914699
68.69,-0.051047175340429136,0.06330406755399795,-0.23749027920230387,0.27777785007052597,-5.091578300378897e-10,4.119878407511771e-10,-0.0671392988290871,0.2992021744873303,-0.22467764591767994,0.22920137420318654,0.00010590398557588808,-0.0004260149271631841,-0.05777526119103154,0.25630300802747114,-0.2037136470050678,0.1517485148565051,3.867870674627874e-10,-1.7302927264414324e-10,-0.04696687147242522,0.20863792455589558
68.7,-0.050469965839333594,0.06375350335712278,-0.2384271865977819,0.28137514539489367,-5.159750618194599e-10,4.3902380646875435e-10,-0.06680253310935376,0.29802784874859095,-0.22523503384241078,0.23127628552983265,0.00010135420821657012,-0.00040713744302187083,-0.0570577351825338,0.2528532850487447,-0.20399596854966565,0.15269893037701643,3.995023912212345e-10,-2.2347040120627123e-10,-0.045827612405509366,0.20222396553247815
68.71000000000001,-0.04988625504438291,0.06428798615313748,-0.23933591684430014,0.284879050345134,-5.227486297411041e-10,4.658907374362067e-10,-0.06643599791441902,0.2966645885221164,-0.22576927244794298,0.2332650666917223,9.676164144084513e-05,-0.00038829337106577165,-0.056314980404158325,0.24920686000674974,-0.20426300983811765,0.15359098702622592,4.1219479124566435e-10,-2.7370566896445717e-10,-0.044668214013695876,0.19568346280367407
68.72,-0.049295983738647776,0.06490215236344882,-0.2402161208516136,0.2882872330883291,-5.294758552948898e-10,4.925639234944055e-10,-0.06603983245228796,0.2951069850699265,-0.22628016398400042,0.23516616146456604,9.212827193364304e-05,-0.0003694897648742444,-0.05554736399451548,0.2453655349623907,-0.20451468242503387,0.15442427010757578,4.248592191090436e-10,-3.2371039855495986e-10,-0.04348933200881508,0.18902642671211003
68.73,-0.04869908499470759,0.06559103671725829,-0.24106745912768837,0.29159751016234287,-5.361540590557365e-10,5.190095285889171e-10,-0.06561419533186624,0.2933518503627353,-0.22676751948077625,0.2369782543951154,8.745608947898959e-05,-0.0003507344534193617,-0.05475527249080225,0.24133273580423312,-0.204750903748301,0.15519843256998872,4.374906626728033e-10,-3.7346291855810275e-10,-0.04229163363462521,0.18226271309320635
68.74,-0.048095484680890255,0.06634983035080656,-0.24188960200134213,0.29480763347487343,-5.427806163448987e-10,5.452106960364622e-10,-0.06515926491561527,0.2913962920129298,-0.2272311588815415,0.23870013571775284,8.274708573973889e-05,-0.0003320354622937357,-0.05393911149384305,0.2371126680101896,-0.20497159716277058,0.15591319175436344,4.5008412266351683e-10,-4.229421087798635e-10,-0.041075796683818055,0.17540196727667687
68.75,-0.04748510195210464,0.0671737031564727,-0.24268222985354648,0.29791508236914394,-5.493528902901449e-10,5.711509245628948e-10,-0.06467523965616237,0.28923604515877327,-0.22767091116381064,0.24033064310118538,7.800325298174817e-05,-0.0003134012570535866,-0.05309930525225369,0.23270987210758415,-0.20517669197572705,0.15656806089234546,4.6263462831016455e-10,-4.724727432222606e-10,-0.03984250853315743,0.1684536841781013
68.76,-0.046867849738715404,0.06805780752961443,-0.24344503336956574,0.3009171383545006,-5.558682916112563e-10,5.968193831607902e-10,-0.06416233850921525,0.2868663811828896,-0.22808661445363024,0.24186869346475576,7.322658269848363e-05,-0.00029484222266427083,-0.0522362962011668,0.22812932715173623,-0.20536612349178526,0.15716253290058402,4.751372147526058e-10,-5.21805748985642e-10,-0.03859246519396517,0.16142723802531747
68.77,-0.04624363524463148,0.06899702460261962,-0.24417771381927894,0.30381066067128226,-5.623242443675983e-10,6.222895890309092e-10,-0.06362080141717029,0.28428190343208504,-0.22847811613318053,0.24331326321613528,6.84190641572103e-05,-0.00027636752018008284,-0.051350544469095,0.22337612935286155,-0.20553983304999135,0.1576965163825747,4.875869381388471e-10,-5.707590174677804e-10,-0.03732637037023712,0.15433204676301115
68.78,-0.04561236045727998,0.06998628183333983,-0.24487998340272746,0.30659119736947305,-5.687182012772158e-10,6.476066071523827e-10,-0.06305088978406329,0.2814788630189074,-0.2288452729411641,0.24466341661826033,6.358268306861705e-05,-0.00025798267745771425,-0.05044252735709806,0.2184558053133331,-0.20569776803707282,0.15817004053877146,4.999788800078984e-10,-6.193868486658081e-10,-0.036044934524542833,0.14717728484119444
68.79,-0.04497392266211331,0.07102044516975776,-0.24555156564078287,0.3092552024580435,-5.75047626780783e-10,6.72613840956659e-10,-0.06245288685528947,0.27845438829512265,-0.2291879510649241,0.24591830743533613,5.8719420463178954e-05,-0.00023969287422942866,-0.049512738785433996,0.21337417354629495,-0.20583988188556343,0.15858316557685298,5.12308165322809e-10,-6.676382254702369e-10,-0.03474887396003413,0.13997196701767958
68.8,-0.04432821496402607,0.07209421113971637,-0.24619219572528586,0.31179983255583243,-5.813100127132931e-10,6.972545401487333e-10,-0.06182709804433255,0.2752048679275896,-0.2295060262238855,0.2470771713147512,5.383125166518399e-05,-0.00022150282199439434,-0.04856168871208387,0.2081372227594793,-0.20596613406525194,0.15893604123553928,5.245699593461124e-10,-7.15513220168753e-10,-0.03343890991738503,0.1327250367065607
68.81,-0.04367512682185118,0.07320214907081155,-0.24680162082629425,0.3142219301073763,-5.875028912336376e-10,7.215224650312093e-10,-0.06117385128045225,0.27172663637502936,-0.2297993837445302,0.2481393300387915,4.892014528028799e-05,-0.0002034176741475492,-0.04758990253142571,0.2027511260229519,-0.2060764900679136,0.15922887189751522,5.367594566561472e-10,-7.629867255750382e-10,-0.03211576768230726,0.12544531301983008
68.82000000000001,-0.043014544588222826,0.07433895250632327,-0.24737960038572668,0.31651883145975007,-5.936238331144476e-10,7.453862207549814e-10,-0.060493497294262226,0.2680186023889573,-0.23006791862615172,0.24910421416144177,4.3988062123816975e-05,-0.00018544407895025255,-0.046597920448014585,0.1972224601970623,-0.2061709213862557,0.15946190478480357,5.488719048336205e-10,-8.100504360513102e-10,-0.03078017571221852,0.11814124030699172
68.83,-0.04234635204838047,0.075499217708616,-0.24792590639669398,0.31868774755727863,-5.996704436437695e-10,7.688386620285964e-10,-0.05978640977487915,0.264079753247489,-0.23031153559674442,0.24997134501100932,3.903695408970716e-05,-0.00016758801023776453,-0.0455862968218856,0.1915579621124972,-0.2062494054881335,0.15963543697486074,5.60902576011921e-10,-8.566904532617084e-10,-0.029432864789160327,0.11082109267381149
68.84,-0.04167043095872066,0.07667761134436762,-0.2484403236681913,0.3207262483177729,-6.05640378922569e-10,7.91858330035485e-10,-0.05905298541567557,0.25991091383871917,-0.23053014915905334,0.2507403482237075,3.4068763019332504e-05,-0.00014985569056344733,-0.044555599488891075,0.1857646644588005,-0.2063119257864086,0.15974979971127654,5.728467965648485e-10,-9.028951100095567e-10,-0.02807456719895937,0.10349280724185633
68.85000000000001,-0.04098666157444229,0.07786908927694508,-0.24892265004633604,0.3226328176952537,-6.115313189598606e-10,8.144419996658687e-10,-0.05829364373970074,0.2555170593050585,-0.2307236836258806,0.25141097290224806,2.9085419549100732e-05,-0.00013225428242792395,-0.04350640904858805,0.17985007651843232,-0.20635847160600607,0.1598053286557853,5.846999404960623e-10,-9.486546787718843e-10,-0.026706015947328937,0.09616377378701042
68.86,-0.040294923159230125,0.07906866737059756,-0.2493726965709483,0.3244063425614777,-6.173410048526038e-10,8.36578847666981e-10,-0.05750882663647216,0.2509047021139936,-0.23089207314394844,0.2519830749926719,2.4088841927198057e-05,-0.00011479059336984662,-0.04243931811570028,0.17382193674410246,-0.2063890381494197,0.1598023811023544,5.964574188412523e-10,-9.93956863702207e-10,-0.025327944020027606,0.08884104756871186
68.87,-0.039595094486783174,0.08027133081430539,-0.24979028758937402,0.32604586582946876,-6.230672186187971e-10,8.582653412980878e-10,-0.05669899772603993,0.24608083727958555,-0.23103526170704808,0.2524566080466164,1.9080934973370187e-05,-9.746708932121926e-05,-0.041354930547291675,0.1676880997443155,-0.2064036264602511,0.15974134092658615,6.081146870406581e-10,-1.0387932414635088e-09,-0.02394108367818978,0.08153143125542321
68.88,-0.03888705434314887,0.08147203646076662,-0.2501752608497713,0.32755058877339754,-6.287077783300649e-10,8.794917929611317e-10,-0.055864641656077865,0.24105287566380118,-0.2311532031670268,0.25283137157834534,1.4063593135918276e-05,-8.016092593018752e-05,-0.04025386065592404,0.1614565425725381,-0.20640224338434102,0.1596226139446626,6.196672614985149e-10,-1.0831524211668331e-09,-0.022546165780633388,0.07424147306267156
68.89,-0.03817068203108576,0.08266572805395632,-0.25052746757877264,0.32891986627770714,-6.342605549869309e-10,9.002555788024946e-10,-0.05500626335636216,0.23582863643027938,-0.23124586128780528,0.2531059553751203,9.038707801746213e-06,-6.281501221134012e-05,-0.03913673240689827,0.15513548839416105,-0.20638490152894845,0.15944661747216357,6.311106940214867e-10,-1.1270263484137096e-09,-0.02114391913172186,0.06697746350035126
68.9,-0.03744585787617495,0.0838473200918197,-0.2508467725433689,0.3301532180758916,-6.397234648507137e-10,9.205532084849301e-10,-0.05412438725361433,0.23041630593246315,-0.23131320983431677,0.25327985228690103,4.008166983611192e-06,-4.559486207498192e-05,-0.03800417860242628,0.14873311159646835,-0.2063516192203903,0.15921378669166805,6.424405922114109e-10,-1.1704040629105734e-09,-0.019735069855304602,0.05974542534044247
68.91,-0.03671246373479863,0.08501170995378794,-0.25113305409687153,0.33125031842434266,-6.450944690107738e-10,9.403816762994202e-10,-0.05321955644971145,0.2248244098192331,-0.23135523261137714,0.2533535073166785,-1.0261533832017745e-06,-2.8540257265319902e-05,-0.036856840066130506,0.1422574976875968,-0.20630242046033517,0.1589245648047153,6.536526116712604e-10,-1.2132774295553132e-09,-0.0183203407953492,0.05255111078579497
68.92,-0.03597038350363314,0.08615378032810696,-0.2513862042088997,0.33221100696148975,-6.503715791631809e-10,9.597381716108986e-10,-0.05229233186620867,0.21906178705147877,-0.23137192343950544,0.2533273077268372,-6.062394480289878e-06,-1.1631404162674974e-05,-0.0356953648324571,0.13571674914738008,-0.2062373348811697,0.15857940102464813,6.64742459215851e-10,-1.2556361924109984e-09,-0.01690045094341182,0.045400006307536864
68.93,-0.03521950363062268,0.08726838906935275,-0.25160612847877095,0.33303529834102763,-6.555528506595239e-10,9.78618208089677e-10,-0.051343291357810336,0.2131375648311409,-0.23136328611004536,0.2532017952358316,-1.109871526566045e-05,5.117127557035189e-06,-0.03452040733809747,0.12911893482508643,-0.20615639770049396,0.15817875833892697,6.757058931034492e-10,-1.2974711104927577e-09,-0.015476114892743014,0.03829733413765377
68.94,-0.034459713627506626,0.08835038136362029,-0.2517927461320812,0.3337233669960118,-6.606363839880691e-10,9.97021011104382e-10,-0.050373028797760386,0.20706112087028924,-0.23132933433268113,0.2529775483620169,-1.6133293196471106e-05,2.170495856194246e-05,-0.033332627615940816,0.12247208454008325,-0.20605964967472393,0.15772310327439656,6.865387295912567e-10,-1.3387729994524758e-09,-0.014048042318924977,0.03124805157690705
68.95,-0.03369090658331577,0.08939459612215822,-0.2519459900011956,0.33427554201801557,-6.656203434406166e-10,1.0149441917440405e-09,-0.049382153138558066,0.20084204919927404,-0.23127009167534188,0.2526552350891523,-2.1164325100434995e-05,3.81255932086013e-05,-0.03213269049363973,0.11578416278527882,-0.20594713705233736,0.15721289992929965,6.972368308051815e-10,-1.3795327581742759e-09,-0.012616937486995607,0.024256852412147655
68.96000000000001,-0.032912979678200026,0.09039586918371752,-0.2520658064903272,0.33469230319996146,-6.705029170355428e-10,1.0323865326349504e-09,-0.04837128745143859,0.19449012707017224,-0.23118559149723816,0.2522355798717574,-2.6190027928148646e-05,5.437648447218131e-05,-0.030921264798688078,0.10906305306608557,-0.20581891152733753,0.15664860744319162,7.077961228834102e-10,-1.4197407663003942e-09,-0.011183498784898993,0.017328169943932274
68.97,-0.03212583469719403,0.09134903729798173,-0.2521521555256599,0.3349742758533003,-6.752823563522236e-10,1.0493488339742772e-09,-0.04734106794794596,0.18801528165304138,-0.2310758768753429,0.2517193726729644,-3.120863944741378e-05,7.04539252698739e-05,-0.029699022571927913,0.10231653791396945,-0.20567503019327263,0.15603067691868303,7.182125849321151e-10,-1.4593885478981872e-09,-0.009748418282964171,0.010466180635216883
68.98,-0.03132937854355714,0.0922489418779893,-0.25220501049102606,0.335122225122522,-6.799569571966812e-10,1.0658311616168618e-09,-0.0462921429869165,0.18142755694474086,-0.2309410005249024,0.25110745663595246,-3.621841885468574e-05,8.635558545698256e-05,-0.028466638291289127,0.09555228240951351,-0.2055155554980882,0.1553595489831478,7.284822496083228e-10,-1.4984662309502484e-09,-0.008312381319035212,0.00367480853096967
68.99,-0.030523523751007246,0.09309044268995943,-0.25222435819753386,0.3351355004563001,-6.845250539512689e-10,1.0822543599667401e-09,-0.04522517206167994,0.17473735617644132,-0.23078102471460193,0.25040072182343226,-4.121764726603006e-05,0.0001020809193315308,-0.027224788107417172,0.08877781971357711,-0.20534055520022473,0.15463564632499613,7.386012083064055e-10,-1.5369665060120633e-09,-0.006876066108865433,-0.0030422716474217903
69.0,-0.02970818899401707,0.09386842128261415,-0.2522101989594578,0.3350121849835918,-6.889850022581868e-10,1.0983812023261318e-09,-0.04414082475743929,0.1679553996442034,-0.23059602117715228,0.2496000983619132,-4.6204628003135944e-05,0.00011763164336731052,-0.025974149092732504,0.08200053519153434,-0.20515010232642478,0.15385937211113535,7.485656120477406e-10,-1.5748793170324311e-09,-0.005440143381332786,-0.009681628396266595
69.01,-0.028883299596334382,0.09457776163730582,-0.2521625466824803,0.3347528948461283,-6.933351889638833e-10,1.1139829348346632e-09,-0.043039779698041604,0.1610920146285968,-0.2303860710155688,0.2487065626227499,-5.1177686778183675e-05,0.00013300733040664213,-0.024715398505610938,0.07522764623864905,-0.2049442751311498,0.15303112052907858,7.583716761403733e-10,-1.6121976734089836e-09,-0.004005276037786183,-0.01624006274355874
69.02,-0.028048788038144517,0.09521336517763136,-0.2520814288239088,0.3343591531896933,-6.975740433645641e-10,1.1291311626077816e-09,-0.04192272351073935,0.15415737321104453,-0.2301512646052982,0.2477211265775208,-5.6135171936170824e-05,0.00014820701889120194,-0.02344921307127352,0.06846619233898986,-0.2047231570572811,0.15215127161484618,7.680156651531707e-10,-1.648913472779503e-09,-0.0025721188347851923,-0.02271460459922171
69.03,-0.027204594461023728,0.09577016708022863,-0.25196688626647656,0.3338322121978965,-7.017000410846104e-10,1.1437979833656604e-09,-0.040790349805760004,0.1471616698244565,-0.22989170149304136,0.24664482330694976,-6.107545483636202e-05,0.0001632268010510543,-0.02217626828066766,0.06172302191099449,-0.20448683669803336,0.15122019517018886,7.774939228340326e-10,-1.6850278677342625e-09,-0.001141318089715056,-0.029102508295500477
69.04,-0.026350667169650153,0.09624313495886704,-0.25181897317911206,0.333173600763973,-7.057117208364154e-10,1.158007868744469e-09,-0.03964335816115266,0.14011499322597962,-0.22960749029430566,0.245478671143197,-6.599692874337559e-05,0.00017811554276427866,-0.0208972377082997,0.055004788726715804,-0.20423540776052962,0.1502382332022178,7.868028253106165e-10,-1.7205340725025022e-09,0.00028648859120221386,-0.0354012466650713
69.05,-0.02548696312930248,0.09662729258562157,-0.2516377568703419,0.33238481845964674,-7.096076560437319e-10,1.1717590715974778e-09,-0.03848245311516347,0.13302734454220969,-0.22929874867205413,0.24422107156184972,-7.089799319910183e-05,0.00019331014945765584,-0.019612792336607388,0.04831836819412009,-0.2039689690323243,0.14920568383902785,7.959388356315856e-10,-1.7554161783327669e-09,0.001710672563312085,-0.041608497189573726
69.06,-0.024613448458061262,0.0969177190397615,-0.2514233176346664,0.3314674637216769,-7.133864568441627e-10,1.1850632429423691e-09,-0.03730834316958655,0.12590857836539643,-0.22896560346453884,0.24286978942348075,-7.577703963534338e-05,0.00020855198822915922,-0.018323599875911,0.04167054863756972,-0.2036876243520934,0.14812279883592736,8.048984773462836e-10,-1.7897151285771167e-09,0.0031306143731212486,-0.047722142946187054
69.07000000000001,-0.023730098914390395,0.09710951305174426,-0.25117574859224323,0.3304232135904488,-7.170468047779755e-10,1.197923089779764e-09,-0.03612173980639973,0.1187684087647461,-0.2286081908059358,0.24142551711388424,-8.063246226491718e-05,0.00022362600890393937,-0.017030324105615217,0.03506742886146323,-0.20339148262157417,0.1469885961669467,8.136782906202429e-10,-1.8241539800693429e-09,0.0045457039733749465,-0.053740077693618174
69.08,-0.022836900381085174,0.09719781546352502,-0.25089515552014513,0.32925383004971037,-7.205874043824438e-10,1.2103473299111306e-09,-0.03492335651945546,0.11161637969270359,-0.22822665609777484,0.23988950581059879,-8.546267167663064e-05,0.00023860441543427295,-0.015733624261455713,0.028514777646167683,-0.20308065788354301,0.1458019581312024,8.222748530103702e-10,-1.858139099326203e-09,0.005955340928677917,-0.05966035422936667
69.09,-0.02193384934441333,0.09717783363059074,-0.2505816567353003,0.32795921558591973,-7.24007000336456e-10,1.2228149914465802e-09,-0.033713907852496644,0.10446219332663904,-0.22782115390294377,0.23826274842143363,-9.026609664763337e-05,0.00025345370598031506,-0.014434154458858034,0.022018164090590767,-0.2027552693944721,0.14456294657731927,8.306847824075226e-10,-1.8913163865751558e-09,0.007358934601911175,-0.0654813858576661
69.10000000000001,-0.021020953366449248,0.09704485531303976,-0.2502353832327144,0.3265339235450681,-7.27304332136044e-10,1.2352384970011465e-09,-0.032494108407825746,0.09731635914327044,-0.22739184783771174,0.23654635832157433,-9.504118354886312e-05,0.00026820306565075106,-0.01313256314087785,0.015582891940951171,-0.2024154416377021,0.14327175081405472,8.389047696753555e-10,-1.9238459965435978e-09,0.00875590431345874,-0.07120178723279119
69.11,-0.02009823155004366,0.09679423025076818,-0.2498564789712183,0.3249774770907846,-7.304781773608219e-10,1.247212312873328e-09,-0.03126467184684536,0.09018825660927901,-0.22693891046497153,0.23474138274519643,-9.978639563340513e-05,0.00028285223358403427,-0.011829492550811546,0.009214018997603554,-0.2020613043099924,0.14192846437410683,8.469315714011012e-10,-1.9556305658334892e-09,0.010145679478672218,-0.07682032489923984
69.12,-0.01916571499686665,0.09642137583687362,-0.24944510092636196,0.3232924169632318,-7.335273382847735e-10,1.2587316718183939e-09,-0.030026309955786236,0.08308644599924969,-0.2264625232075336,0.23284824853669278,-0.00010450020260929523,0.00029772277988993897,-0.010525578227026754,0.0029164463275403343,-0.20169299230967594,0.14053320110924616,8.54762016766242e-10,-1.9867008425277636e-09,0.011527699728687427,-0.08233593166675823
69.13,-0.018223447259398215,0.09592175263967592,-0.24900141892838384,0.3214802402558357,-7.36450657652471e-10,1.269807358261062e-09,-0.028779731777281315,0.07601939034146452,-0.22596287652197447,0.23085997594181668,-0.00010918105103460116,0.0003132622353729066,-0.009221448480138929,-0.003303945730318964,-0.2013106457267344,0.13908604222922802,8.62393011480243e-10,-2.017030663327653e-09,0.012901415015226136,-0.08774769426788069
69.14,-0.017271484786611186,0.09529091263492834,-0.24852561549595234,0.3195423211286151,-7.392470293493827e-10,1.2807037323519462e-09,-0.027525642770822586,0.0689952977725556,-0.225440170354991,0.2287726800809472,-0.00011382735219639876,0.00032894261400026755,-0.007917723847895337,-0.00944202226559594,-0.20091440983372624,0.13758708124689006,8.698215319812917e-10,-2.0466282768395106e-09,0.014266285699504257,-0.09305486012095504
69.15,-0.016309897360978733,0.09452451090446719,-0.248017886071072,0.3174679021436814,-7.419153445497404e-10,1.291874476777582e-09,-0.026264743928130364,0.06202430938038264,-0.22489461445028094,0.2265871078312602,-0.0001184375024699569,0.0003446616109512262,-0.006615016599209991,-0.015493676133488976,-0.20050443507817475,0.13603636615274073,8.770446335017562e-10,-2.0754607952455255e-09,0.015621782625934603,-0.0982568116273437
69.16,-0.015338768524630302,0.09361832230113369,-0.2474784397250773,0.3152504525357895,-7.444545096798844e-10,1.3027198341314873e-09,-0.02499773083043559,0.05511551853404304,-0.22432642839244818,0.22430313575009939,-0.00012300989642365315,0.00036049548322214753,-0.005313930307444324,-0.02145492056067873,-0.20008087707946967,0.1344338640478046,8.840594347010995e-10,-2.103686139163077e-09,0.016967387182182114,-0.10335305462799642
69.17,-0.01435819599306526,0.09256825785844855,-0.24690749967266667,0.3128906634062006,-7.468634450221765e-10,1.3129980930022143e-09,-0.023725292769882673,0.04827637960496203,-0.22373584157149973,0.22192164237755208,-0.00012754292808111347,0.00037634610560424936,-0.00401505946329712,-0.027322198997846853,-0.1996438967463437,0.13277579425851355,8.908630956875723e-10,-2.132396609381071e-09,0.018302591364391812,-0.10834264472927223
69.18,-0.013368292055446295,0.09137036006113608,-0.24630530333718573,0.3103895067576149,-7.491411270226493e-10,1.3227771837185351e-09,-0.02244811198479882,0.041513951951229644,-0.2231230931123281,0.21944359525231596,-0.00013203499296372142,0.0003922541147007067,-0.002718989120126379,-0.0330922390974144,-0.19919366057529536,0.13105856196405102,8.974527774300036e-10,-2.1605634885716054e-09,0.019626897857787762,-0.1132247811050745
69.19,-0.012369183960770866,0.09002082511874678,-0.24567210222483865,0.3077490752136059,-7.512865976785725e-10,1.3319827310603655e-09,-0.021166862964047104,0.03483473916410119,-0.22248843178143984,0.216869915961938,-0.0001364844884569525,0.0004082037668121023,-0.0014262945697287007,-0.03876202513436586,-0.19873034091418934,0.12928180229103214,9.038256856783104e-10,-2.1877032793969853e-09,0.020939820099769996,-0.11799928761482467
69.2,-0.011361014289169852,0.08851599560452231,-0.24500816174832662,0.30497112830736206,-7.532989322074976e-10,1.3406494371802599e-09,-0.01988221179601171,0.028244941868976404,-0.221832115893856,0.21420153749852697,-0.0001408898133353513,0.00042420762982647473,-0.0001375410446603888,-0.0443288089592913,-0.19825411607180787,0.12744485536714661,9.099791158726103e-10,-2.214094618911358e-09,0.0222408823069212,-0.12266606468397354
69.21000000000001,-0.010343941308028334,0.08685236879060987,-0.2443137610395236,0.30205759747190597,-7.551772813666885e-10,1.3487587868621646e-09,-0.018594815555813018,0.02175036310641341,-0.22115441322093587,0.21143937454051095,-0.0001452493674190925,0.00044026444015920016,0.0011467165531532568,-0.04979010163078207,-0.19776517037196994,0.12554726270401514,9.159104542411056e-10,-2.2394942482430847e-09,0.023529619481401344,-0.1272251573699539
69.22,-0.009318139312432779,0.08502660466512896,-0.2435891927629778,0.2990103264030047,-7.569208478355925e-10,1.356318228966532e-09,-0.017305321729140323,0.015356450058520495,-0.22045560089903507,0.2085843371209191,-0.000149561551103595,0.0004563807473319326,0.002425933897742196,-0.05514367266822852,-0.197263694191718,0.12358894913293667,9.216171665424948e-10,-2.263930771772253e-09,0.024805577403399417,-0.13167678131272856
69.23,-0.008283798949192293,0.08303553255077366,-0.24283476292927295,0.2958311945263304,-7.585288876187896e-10,1.3633227501004673e-09,-0.0160143676732696,0.009068269457772105,-0.21973596533915085,0.2056373228047137,-0.0001538247648782131,0.00047255951579457643,0.003699577458697054,-0.06038754539017569,-0.19674988397964846,0.1215697411467554,9.270968347425489e-10,-2.2873652238709207e-09,0.026068312609415025,-0.13602124498363596
69.24,-0.007241127523715829,0.08087615873503778,-0.2420507907093594,0.29252204957901795,-7.600007078324243e-10,1.3697736725120794e-09,-0.014722580115330402,0.00289051804574666,-0.21899580213756686,0.2025992200192853,-0.00015803740879990355,0.0004888056276634962,0.004967124695403156,-0.06551999351735781,-0.19622394226994602,0.11948951692335469,9.323471340962299e-10,-2.3097920983429546e-09,0.027317392359105325,-0.14025896903268134
69.25,-0.006190349289046824,0.07854567323563931,-0.24123760824985144,0.2890847364674962,-7.613356815353252e-10,1.3756695423711632e-09,-0.013430574687946308,-0.0031724826245781005,-0.21823541598754212,0.19947090627359232,-0.00016219788196224672,0.000505123084326484,0.006228064226300069,-0.07053953663721535,-0.19568607769646795,0.11734813369371162,9.37365837730553e-10,-2.3311903519323983e-09,0.028552394591744964,-0.14439047129413704
69.26,-0.005131705716378366,0.0760414560404573,-0.2403955604897627,0.28552107891076295,-7.625332381051541e-10,1.3810097007295868e-09,-0.012138955502169632,-0.009116781953953603,-0.2174551205920268,0.19625324938620212,-0.0001663045819504276,0.0005215162902312494,0.00748189597359575,-0.07544493580483459,-0.19513650500629334,0.11514546689339387,9.421508212693879e-10,-2.35154531878476e-09,0.029772907872575603,-0.14841636941009528
69.27,-0.004065455746567343,0.0733610788252365,-0.23952500497879184,0.28183288661159916,-7.63592849908883e-10,1.385792571245334e-09,-0.010848314757569028,-0.014938799329553961,-0.21665523857736177,0.1929471080504932,-0.0001703559043233196,0.0005379884725119747,0.008728131283875137,-0.08023518912871777,-0.19457544507302255,0.11288138472872525,9.467000753182696e-10,-2.3708405334594246e-09,0.030978531329367936,-0.15233737593208377
69.28,-0.0029918760221207446,0.07050231557961437,-0.23862631169737986,0.2780219482586304,-7.645140559396182e-10,1.3900174088385724e-09,-0.009559232389195193,-0.02063531957022899,-0.21583610140789838,0.1895533321510228,-0.00017435024214761772,0.0005545425855092716,0.009966293025063348,-0.0849095266886169,-0.19400312490995175,0.11055575967924984,9.510116841148028e-10,-2.3890640786106435e-09,0.032168874579487784,-0.1561542951511073
69.29,-0.0019112610987376995,0.0674631541890235,-0.2376998628787574,0.27409003102183294,-7.652964593251217e-10,1.3936814068583982e-09,-0.008272275751065022,-0.026203489097676957,-0.21499804930149818,0.18607276316005758,-0.00017828598553869826,0.0005711823638824221,0.011195915660279129,-0.0894674042883208,-0.1934197776826106,0.10816848293487033,9.550838451839528e-10,-2.4062007463119574e-09,0.03334355764785777,-0.15986801843238646
69.3,-0.0008239236354786142,0.06424180101552723,-0.23674605283319528,0.27003887893694517,-7.659397060512465e-10,1.3967821271273301e-09,-0.006987999335765032,-0.03164081153854248,-0.2141414311458504,0.18250623516354839,-0.00018216152115117014,0.0005879119183552924,0.012416545299182602,-0.09390849768254493,-0.192825642719724,0.10571946450095117,9.589148646006854e-10,-2.4222361487285255e-09,0.03450221087610965,-0.16347952350898937
69.31,0.0002698054370453864,0.06083668611934741,-0.23576528777454167,0.2658702129690864,-7.66443508596062e-10,1.3993161378580547e-09,-0.005706944529708936,-0.036945142414203075,-0.2132666044155147,0.1788545759783581,-0.00018597523162938847,0.000604735385600951,0.013627739727397047,-0.09823269683210509,-0.19222096552243542,0.10320862903172637,9.6250315283541e-10,-2.4371551658040284e-09,0.0356444748231253,-0.16698987245889604
69.32000000000001,0.0013695767709348103,0.057246467800729575,-0.23475798564907094,0.26158573108893046,-7.668076255281857e-10,1.401279414704295e-09,-0.004429639403494563,-0.04211468262007481,-0.2123739350895608,0.17511860882897148,-0.0001897254950445599,0.0006216569039391602,0.014829068414576315,-0.10244010014831804,-0.19160599777190052,0.10063591880645613,9.658472493178151e-10,-2.4509437001274393e-09,0.036770000157159706,-0.17040020935946246
69.33,0.0024750224781903015,0.053470037487198176,-0.23372457596661983,0.2571871087498565,-7.670318875884302e-10,1.4026674360104068e-09,-0.0031565985367158753,-0.04714797150847934,-0.21146379756965283,0.171299153869882,-0.00019341068432965404,0.0006386805087226763,0.016020112501696108,-0.10653100857015733,-0.19098099733517934,0.09800129391787125,9.689457852008241e-10,-2.463586372025966e-09,0.037878447539774894,-0.17371175802832373
69.34,0.0035857560312971054,0.049506524804669445,-0.2326654996339688,0.2526759993934432,-7.671161759164385e-10,1.403474705011962e-09,-0.0018883228765269316,-0.052043879435130225,-0.2105365745984197,0.16739702978868867,-0.00019702916671787045,0.0006558101563687337,0.017200464768163507,-0.11050591944618911,-0.19034622826928055,0.09530473476473567,9.717975210852562e-10,-2.4750695298720914e-09,0.0389694875018131,-0.17692581986899117
69.35000000000001,0.004701372187694472,0.04535530213183119,-0.23158120879040134,0.24805403540894713,-7.670604243902477e-10,1.4036955092061658e-09,-0.0006252996292079401,-0.056801599827899944,-0.20959265717794662,0.16341305553576016,-0.00020057930318612637,0.0006730496906870079,0.018369729579355138,-0.11436552036904817,-0.1897019608231862,0.09254624348354124,9.744013265570065e-10,-2.485378358785942e-09,0.04004280031162381,-0.18004377177921072
69.36,0.005821446938576336,0.04101598894661275,-0.23047216664534634,0.24332282930476293,-7.668646413714706e-10,1.403324196398633e-09,0.0006319978160653769,-0.061420640829176386,-0.20863244448821483,0.15934805214412734,-0.00020405944790536737,0.0006904028393372378,0.019527522815201762,-0.11811068291292295,-0.1890484714376756,0.0897258459052104,9.767561902827732e-10,-2.4944994364018284e-09,0.04109807583575521,-0.18306706413042476
69.37,0.006945537482444245,0.036488455793030485,-0.22933884731797796,0.23848397517220649,-7.665288878051979e-10,1.4023541236588824e-09,0.0018831099320875445,-0.06590081655983418,-0.207656343805304,0.15520284463476375,-0.00020746794769925007,0.0007078731961372098,0.02067347178044842,-0.12174245632177132,-0.1883860427427706,0.08684359322880081,9.788612204115897e-10,-2.502418838062314e-09,0.04213501339231103,-0.18599721879198333
69.38,0.008073182223799782,0.03177282794270526,-0.2281817356786248,0.23353905035900793,-7.660532744154524e-10,1.4007792796504865e-09,0.0031275910680036876,-0.07024223805228753,-0.20666477041916612,0.15097826398643197,-0.00021080314151252164,0.0007254642113769111,0.021807215097219553,-0.12526206114270677,-0.1877149635526248,0.08389956380781746,9.80715652596917e-10,-2.509123638336038e-09,0.04315332159717304,-0.18883582719367092
69.39,0.009203900797330406,0.026869488688319777,-0.22700132719181554,0.22848961735744447,-7.654379907145799e-10,1.3985940405378045e-09,0.004365009434112082,-0.07444530389051601,-0.20565814755077183,0.14667514916175628,-0.00021406335989013686,0.0007431791792763739,0.022928402580529302,-0.1286708828270016,-0.1870355288576824,0.08089386485562187,9.823188216040501e-10,-2.514601865724903e-09,0.044152718203281455,-0.19158454840470887
69.4,0.010337194091453538,0.02177822487869902,-0.22579812774890362,0.2233376103157589,-7.646832771225779e-10,1.3958187323168475e-09,0.005594947065842709,-0.07851043752470692,-0.2046369062590517,0.142294652910814,-0.00021724692470457112,0.0007610136958627399,0.02403669509234589,-0.13197062810905816,-0.18634803980179868,0.07782702730734985,9.836702022908385e-10,-2.5189275750377126e-09,0.04513292994213383,-0.19424481683100794
69.41,0.011472544173656467,0.016496426310347645,-0.2245726534461167,0.21808614598110684,-7.637894246255058e-10,1.3925087525780025e-09,0.006816999795674618,-0.08243758150088887,-0.20360148530219238,0.13783889960462004,-0.0002203521498744788,0.0007789439835046111,0.025131764357590465,-0.1351636162980153,-0.18565280346875157,0.07470506145242438,9.847693693117814e-10,-2.522638536263261e-09,0.046093692332601265,-0.19681944235189325
69.42,0.012609413994770675,0.011018519996926624,-0.2233254302437009,0.21274006321569916,-7.627567729208964e-10,1.3892812580599478e-09,0.00803077721107881,-0.08622788470218555,-0.20255233082699384,0.13331382945104034,-0.00022337734222688705,0.0007969782608132714,0.02621329273527126,-0.13825243014509633,-0.1849501321994714,0.07154014392215598,9.856159511565847e-10,-2.5259405557104176e-09,0.04703474932133352,-0.19931463614826322
69.43,0.013747246859576387,0.005337603651973783,-0.22205699329592377,0.20731135301473458,-7.615856344776518e-10,1.3865900670003937e-09,0.00923590244699066,-0.08988623149098543,-0.20148989565740186,0.1287316426336669,-0.00022632080625754374,0.0008149598937282074,0.027280972872470936,-0.14124262987612518,-0.18424034248359192,0.06834487030970474,9.862096439901397e-10,-2.5286235746581794e-09,0.04795585274403892,-0.2017360899091087
69.44,0.014885465902587039,-0.0005490698468624267,-0.22076788603205447,0.20180752925280523,-7.602763209113593e-10,1.3836365698876281e-09,0.010432011804531937,-0.0934163826333346,-0.20041463837656462,0.12409877109345244,-0.0002291808534718335,0.0008328264968986472,0.028334507277140132,-0.14413747076933986,-0.18352375390169662,0.0651255770817029,9.865501811703812e-10,-2.5308125544748993e-09,0.04885676181379589,-0.2040872703987107
69.45,0.016023473817359236,-0.006641843573357226,-0.21945865942753265,0.19623252929000382,-7.588291232358202e-10,1.380821379904984e-09,0.011618754400194957,-0.0968205165653685,-0.19932702250540532,0.11942374178614736,-0.00023195580969571726,0.0008505351654110806,0.029373607910504515,-0.14694135561832256,-0.18280068833560753,0.06188966290497939,9.866373658971754e-10,-2.5323462515994e-09,0.04973724271679368,-0.20637205238474401
69.46000000000001,0.017160652794253498,-0.012940807621879082,-0.21812987137002368,0.1905958030906347,-7.572443329744047e-10,1.378189176087056e-09,0.012795791840528195,-0.1001032359239561,-0.1982275157835691,0.11471210338614014,-0.00023464402304602453,0.0008679293370270984,0.030397995796253595,-0.1496577848572774,-0.18207146936853696,0.05864068131210112,9.864710599339717e-10,-2.532995752359532e-09,0.0505970682788507,-0.20859278678416818
69.47,0.018296364602736974,-0.01944331117331831,-0.21678208599560922,0.1849012357765085,-7.555222436642506e-10,1.3750485934744082e-09,0.013962797855948535,-0.10326760286529912,-0.19711658969977403,0.10996474773362289,-0.00023724387187245175,0.0008850226307656004,0.03140740070394063,-0.15228856361516802,-0.18133642190306018,0.055380600636877796,9.860512062101994e-10,-2.5331027289255617e-09,0.05143601770307576,-0.2107516962929028
69.48,0.0194299508363808,-0.026145972569129053,-0.2154158732747629,0.1791499939961972,-7.536631681368903e-10,1.3713941468629052e-09,0.015119457994520205,-0.10631564979938382,-0.19599471912845484,0.10518847890755678,-0.00023975376503712346,0.0009018772539471666,0.03240156086084457,-0.15483786683076434,-0.18059587182436854,0.05211491917449353,9.853778227307678e-10,-2.532484020513674e-09,0.05225387631244144,-0.21285202365108774
69.49,0.02056073324513784,-0.03304549596814113,-0.21403180879593478,0.1733447519183025,-7.51667488031291e-10,1.3675565793545328e-09,0.01626546938153789,-0.10924991063310441,-0.19486238183507754,0.10038787568285863,-0.00024217214313610624,0.0009183375632334137,0.03338022260508261,-0.15730906848229925,-0.17985014563611065,0.04884538967950469,9.844509888677772e-10,-2.5309420582730537e-09,0.05305043528345394,-0.21489574986670726
69.5,0.021688014097162114,-0.040137956261299804,-0.21263047341590452,0.1674918268544515,-7.495355833936513e-10,1.3637813781219164e-09,0.017400540426817802,-0.11207447152706121,-0.19372005807468132,0.09556427224813323,-0.00024449748691194917,0.0009343321867908099,0.034343140064947326,-0.15970445734422134,-0.17909957024958867,0.04557252949968297,9.832708716443482e-10,-2.5284805387613883e-09,0.053825491430327554,-0.21688458598847388
69.51,0.02281107661156326,-0.047418078464873364,-0.21121245277180836,0.1615952226323237,-7.472678584985145e-10,1.359521209599657e-09,0.018524390460471322,-0.11479293205652193,-0.19256823040223653,0.09071875481590815,-0.0002467283233122563,0.0009498708164459216,0.035290074903376226,-0.16202646113366573,-0.17834447290382197,0.04229698930407846,9.818377335515968e-10,-2.5250418680781712e-09,0.05457884702296594,-0.21882038671090806
69.52,0.023929185495029547,-0.05487977485738531,-0.2097783369286652,0.15565592139707882,-7.448647560372752e-10,1.3545863086259644e-09,0.019636749391577342,-0.11740793570122911,-0.19140738356632955,0.08585218211557186,-0.00024886322637874777,0.0009649468101756033,0.03622079607386157,-0.16427761074347097,-0.17758518108277033,0.03902008868202263,9.801519323397485e-10,-2.520900734545483e-09,0.05531030959859865,-0.2207051552427423
69.53,0.025041587547101653,-0.06251688541148412,-0.20832872020351814,0.1496754967439164,-7.423267726604091e-10,1.349049755609416e-09,0.020737357413686194,-0.11992245163784823,-0.19023800432537324,0.08096844476489279,-0.0002509008139841548,0.0009796620983301275,0.03713507954498385,-0.16646120047112764,-0.17682202233200875,0.03574524865934512,9.782139063816993e-10,-2.515955904839398e-09,0.056019691747082254,-0.2225414201427015
69.54,0.026147512298319703,-0.0703228122002725,-0.2068642010274053,0.143655282880895,-7.396544794949737e-10,1.3428517973850889e-09,0.02182596471336284,-0.12233944158756269,-0.18906058111199933,0.07607164573747742,-0.00025283974615515425,0.0009939036197684542,0.03803270798254448,-0.1685806126079747,-0.17605532402543386,0.03247371823972565,9.760241604450013e-10,-2.510011941769396e-09,0.056706810884511585,-0.22433115326848171
69.55,0.027246172683203517,-0.07829056770646936,-0.2053853818027497,0.13759676555820183,-7.368485090932382e-10,1.3359990256549097e-09,0.022902331171050533,-0.12466192008116289,-0.18787560371416323,0.07116306527314417,-0.00025467873117842574,0.001007580275148315,0.038913470434720064,-0.17063850362275423,-0.17528541322708657,0.02920579447886932,9.735833080381213e-10,-2.503093030167673e-09,0.05737148905393129,-0.2260760027929687
69.56,0.028336765753489517,-0.08641275443538145,-0.20389286876069043,0.13150134141954728,-7.339095501999276e-10,1.3284711746216534e-09,0.02396622605404604,-0.12689308013720507,-0.18668356310142342,0.06624365972324855,-0.00025641653190150595,0.0010206972825042666,0.03977716205723171,-0.17263733811019208,-0.17451261663202564,0.0259421256717021,9.708920608457506e-10,-2.4951819725893764e-09,0.058013552747674335,-0.22777779173532223
69.57000000000001,0.02941847343719473,-0.09468138490349734,-0.20238727176633045,0.12537213882124557,-7.308383550490089e-10,1.3208003182015658e-09,0.025017427680855672,-0.12903672259931914,-0.18548495131982076,0.06131448650282968,-0.00025805196767989506,0.0010332328170202187,0.04062358385910763,-0.17457968718068392,-0.17373726051648727,0.022683105956939814,9.679512237732485e-10,-2.4862583810504907e-09,0.05863283272968687,-0.22943827028195327
69.58,0.030490463348810604,-0.10308800921575989,-0.2008692040137597,0.11921314218500925,-7.276357040596704e-10,1.3126059349224008e-09,0.026055723044704923,-0.1310968853931658,-0.1842802613923433,0.05637646649508042,-0.0002595839153251748,0.0010451788147727355,0.041452542445355595,-0.17646817681833837,-0.17295967069051235,0.01942923072906483,9.647617023822167e-10,-2.4763163936894532e-09,0.05922916385932944,-0.23105914524772847
69.59,0.031551889646831074,-0.11162374827777652,-0.19933928171577936,0.1130260275552669,-7.243024278615958e-10,1.3036189301020632e-09,0.02708090743126285,-0.13307702924858003,-0.18306998722283546,0.05143056198017025,-0.00026101131001798894,0.0010565235256901617,0.042263849755410886,-0.17830541338700223,-0.17218017245269476,0.01618092629018017,9.613245137625282e-10,-2.465355890609687e-09,0.05980238491846772,-0.23264213569042777
69.60000000000001,0.032601893938321365,-0.12027916811809591,-0.19779812390879734,0.10681188334239645,-7.208394324887839e-10,1.2939480859151413e-09,0.02809278405810399,-0.13498068436121513,-0.18185462350008216,0.04647774976619883,-0.0002623331459948502,0.0010672595413120736,0.04305732280758268,-0.1800938060782597,-0.17139909054608926,0.012938626225047824,9.576407640818833e-10,-2.45337500833276e-09,0.06035233843108133,-0.23418921279799013
69.61,0.03363960626480252,-0.12904334935078782,-0.19624635232711746,0.10057196574258959,-7.172476951207077e-10,1.2835391194093944e-09,0.02909116368196055,-0.13681268349493172,-0.18063466559304603,0.041519242453547905,-0.0002635484771976556,0.0010773760545485815,0.043832783491748725,-0.18183453086706022,-0.17061674911980707,0.009702611545541855,9.53711668362385e-10,-2.440372240268816e-09,0.06087887041976569,-0.23570398167355067
69.62,0.034664146210167134,-0.13790413849299973,-0.19468459128679277,0.09430732715707445,-7.135282540897793e-10,1.2724277872058749e-09,0.030075864111409376,-0.13857879552867275,-0.17941060941297524,0.03655693842276559,-0.0002646564167586501,0.0010869027631295845,0.04459005845406692,-0.1835278835836983,-0.16983347169757051,0.006473176216700097,9.495385402414697e-10,-2.4264051748617684e-09,0.06138183003570838,-0.23719137156916725
69.63,0.035674624108486666,-0.14684905918950095,-0.19311346757151518,0.08801917115522999,-7.096822340793463e-10,1.260606157570946e-09,0.031046709642014652,-0.14028497073378546,-0.17818295117350907,0.031594791677738224,-0.000265656136002746,0.0010958223706016253,0.0453289790417258,-0.18517441453238115,-0.16904958110496934,0.0032520281008276432,9.451227845447089e-10,-2.4115540976679074e-09,0.06186106907734223,-0.23865675428754093
69.64,0.03667014230730391,-0.1558651308577085,-0.19153361031644853,0.0817086550503685,-7.057108170891955e-10,1.248089492171604e-09,0.03200353046071098,-0.1419372670014942,-0.17695218708474356,0.02663516689705549,-0.00026654686609654875,0.0011040809506482209,0.0460493812674609,-0.18677419219636088,-0.168265399343229,4.033657616476488e-05,9.404659052570222e-10,-2.3957108024486126e-09,0.06231644146051199,-0.24010551729495347
69.65,0.03764979646576538,-0.16493924260461826,-0.18994565088830656,0.07537703355063373,-7.016152578998828e-10,1.2348859563976018e-09,0.032946162046517694,-0.1435415744491451,-0.17571881312111495,0.021679263475811124,-0.00026732790160587626,0.0011116514032328596,0.046751105796046806,-0.18832718262468093,-0.16748124748799723,-0.003161583876663455,9.355694962368675e-10,-2.378834558251382e-09,0.06274780269230101,-0.24154262243366678
69.66,0.038612676867055,-0.17405833532837361,-0.18835022275864283,0.06902565324717666,-6.973968748292955e-10,1.2210063944423734e-09,0.03387444458615579,-0.14510350383788095,-0.17448332486882492,0.01672858471347104,-0.00026799860327621,0.0011185123867153517,0.04743399793524762,-0.1898336792164479,-0.1666974456349144,-0.006353223187810271,9.304352608800877e-10,-2.3609548151125345e-09,0.06315500937701374,-0.24297266361720932
69.67,0.03955786974644042,-0.18320882821162984,-0.18674796137121671,0.06265584170642462,-6.93057065017414e-10,1.2064573782432858e-09,0.03478822239978203,-0.1466288957718351,-0.17324621738634355,0.011784469021470664,-0.0002685583996330319,0.0011246544204777736,0.04809790762177129,-0.19129367927454982,-0.16591431285453967,-0.009534141141225727,9.250649963878262e-10,-2.3420695800378635e-09,0.06353791873998794,-0.2444005206347564
69.68,0.04048445863497081,-0.19237741760899618,-0.18513950400453202,0.05626905323139996,-6.885972788448256e-10,1.1912567934343324e-09,0.03568734337424918,-0.14812315919005908,-0.17200798506531995,0.006848309983456117,-0.00026900678768968693,0.0011300742878287825,0.04874268940292186,-0.19270758613324554,-0.1651321671424586,-0.01270375563732275,9.19460604470475e-10,-2.3221875466410456e-09,0.06389638816274197,-0.24583048496799645
69.69,0.04139152570027046,-0.20155076682715195,-0.1835254896235235,0.049866902086375016,-6.840190369280712e-10,1.1754149646569904e-09,0.036571658437100064,-0.14959092674973168,-0.17076912149586698,0.0019213756715575486,-0.0002693433334235938,0.0011347593475068208,0.04936820238044585,-0.1940765714846043,-0.16435132535922065,-0.01586133810231344,9.136240826271182e-10,-2.3013182579788154e-09,0.06423027477186209,-0.24726586500365422
69.7,0.04227815315027336,-0.21071335791851137,-0.18190655871892816,0.04345106332774525,-6.793239159170902e-10,1.1589419429396635e-09,0.03744102108015135,-0.1510367439262515,-0.1695301193365865,-0.0029950547846405726,-0.00026956767268475703,0.0011386944334090842,0.04997431010358292,-0.1954019658708148,-0.16357210315930176,-0.019006130457449553,9.075575282402514e-10,-2.279469856804182e-09,0.0645394351668263,-0.2487074179271253
69.71000000000001,0.043143424757605166,-0.21984925933454091,-0.18028335313383734,0.03702342628664977,-6.745135661838688e-10,1.1418749301075553e-09,0.038295286939387135,-0.15246397140178883,-0.16829147019047017,-0.007899830645664931,-0.00026967951220144574,0.0011418691563226469,0.050560880400860646,-0.19668633864008125,-0.1627948149097789,-0.02213718333095192,9.0126313580239e-10,-2.2566492457195358e-09,0.06482372547787957,-0.2501499213495854
69.72,0.04398642744173798,-0.22894270994204902,-0.1786565158336745,0.030587330109900283,-6.695896817148378e-10,1.124458324177955e-09,0.039134313452349904,-0.15387541415465406,-0.1670536644883228,-0.012791847191624241,-0.00026967863045396586,0.0011442701583257106,0.05112778512343398,-0.1979330409403208,-0.1620197735943677,-0.02525339864302157,8.947431946039276e-10,-2.2328671704768634e-09,0.06508300183822344,-0.25158593250161976
69.73,0.04480625289546493,-0.23797648799936294,-0.17702669060206744,0.024146056902669306,-6.645539966259623e-10,1.106499325783302e-09,0.03995795954506905,-0.15527457103093092,-0.16581719137364073,-0.017669891657660787,-0.0002695648785454184,0.0011458864202055963,0.05167489985002154,-0.1991446246968692,-0.16124729070839017,-0.028353745165106033,8.880000975260071e-10,-2.2081450462742178e-09,0.06531712109964595,-0.2530075033752594
69.74,0.045601999261190185,-0.2469339677220191,-0.1753945217471622,0.017701712636119048,-6.594083138240166e-10,1.0878902127126842e-09,0.04076608531466221,-0.15666432953063317,-0.16458253858406396,-0.022532784273521823,-0.00026933818084366924,0.0011467122598262003,0.05220210360830351,-0.2003238877299365,-0.16047767615307748,-0.031437158944915194,8.810363131591233e-10,-2.1824996396652267e-09,0.06552594162362387,-0.25440647256199783
69.75,0.0463727727898738,-0.2557990475501878,-0.17376065386806008,0.011256372766994588,-6.541544802429137e-10,1.068691851676249e-09,0.041558551750151905,-0.15804687487757277,-0.16335019233381498,-0.02737939421218391,-0.00026899853541908814,0.0011467398533015277,0.05270927858173879,-0.20147422030837064,-0.15971123812680835,-0.03450248686768931,8.738544189068426e-10,-2.1559198591842774e-09,0.06570932410981643,-0.2557741336097313
69.76,0.047117689478412834,-0.26455508478782347,-0.1721257316436172,0.004812189048492981,-6.487944129941754e-10,1.0488840119106163e-09,0.04233522050063524,-0.15942437490079617,-0.16212063719816855,-0.03220855756657376,-0.00026854601442721787,0.0011459639875437968,0.05319630978417731,-0.20259895277821832,-0.1589482830102145,-0.03754854130342049,8.664570761382305e-10,-2.1284262182616543e-09,0.06586713250702081,-0.2571001187022262
69.77,0.04783587671335467,-0.27318574251634936,-0.17049039961934087,-0.0016287283719107423,-6.433300755179403e-10,1.0284866266537793e-09,0.04309595365411642,-0.16079913154459605,-0.16089435599600255,-0.037019070336076376,-0.00026798076425047586,0.0011443833854337079,0.053663084735129346,-0.20370111256548418,-0.15818911525059046,-0.040574224899339456,8.588470443656144e-10,-2.1000603830007945e-09,0.06599923496775326,-0.25837565552013525
69.78,0.048526474891829104,-0.2816752590195253,-0.168855301994627,-0.008064263342859921,-6.377635134608329e-10,1.0075033134061916e-09,0.04384061350623978,-0.16217357302103333,-0.15967182966857033,-0.041809691788512494,-0.0002673030053809785,0.0011419977947198033,0.05410949316310506,-0.2047833422129887,-0.1574340372529552,-0.04357853398897181,8.510271618789147e-10,-2.0708310977708454e-09,0.06610550470299159,-0.2595937191793731
69.79,0.04918863901174325,-0.2900077320038285,-0.1672210824077118,-0.014492209214815078,-6.320968023719245e-10,9.859430401451242e-10,0.04456906234304983,-0.16354938754461792,-0.15845353715816696,-0.04657926246440652,-0.0002665130323341244,0.0011388039692623395,0.05453542678174109,-0.20584673745456925,-0.15668334927290611,-0.04656031594444142,8.430003500439738e-10,-2.0407076919012216e-09,0.06618582079410346,-0.26074485694723754
69.8,0.049821540270542024,-0.29816681914094895,-0.16558838371375229,-0.020910285797155745,-6.263320946178287e-10,9.638202782256884e-10,0.045281162275849336,-0.16492768102350677,-0.15723995529172252,-0.05132667614302183,-0.0002656112136109232,0.0011348013474328472,0.054940779179494456,-0.20689143709568558,-0.15593734930175193,-0.04951834694700577,8.347696336191248e-10,-2.009726899863813e-09,0.0662400691375648,-0.26181808205543655
69.81,0.050424367688483795,-0.306136159341863,-0.16395784775803815,-0.027316231074031774,-6.204715869259303e-10,9.411470509088547e-10,0.0459767751107743,-0.16630984219642997,-0.15603155865752602,-0.05605046694303129,-0.00026459799205004903,0.001129973120273106,0.0553254458249311,-0.20791635709877482,-0.15519633294974905,-0.05245155132121205,8.263381130136409e-10,-1.9779434974484896e-09,0.066268143449219,-0.26280448896563396
69.82000000000001,0.05099632972139199,-0.3139000255971029,-0.16233011514951418,-0.03370781134686593,-6.145175377042473e-10,9.179428473532913e-10,0.04665576219994848,-0.16769777848579473,-0.15482881942454846,-0.06074785069807076,-0.00026347388549027455,0.0011243173257659816,0.05568932416308895,-0.20892003362247968,-0.1544605933406703,-0.05535902934030209,8.177089599544195e-10,-1.9453921077745662e-09,0.066269946115679,-0.26369777797818217
69.83,0.051536655820920325,-0.3214433696740226,-0.1607058250363402,-0.04008280206821228,-6.084722477231211e-10,8.94217699120731e-10,0.04731798426268827,-0.16909335764980005,-0.15363220712029904,-0.06541703927937208,-0.0002622394862637563,0.0011178584289352896,0.05603231379320101,-0.20989976014670783,-0.15373042102019252,-0.058239953045547924,8.088854401366552e-10,-1.9120155524641764e-09,0.06624538885876918,-0.26449220620123925
69.84,0.05204459796103947,-0.3287507265520788,-0.15908561488233341,-0.046438974613748164,-6.023380801645145e-10,8.699866425817371e-10,0.04796330120036254,-0.17049838654439986,-0.1524421884541964,-0.07005696918719892,-0.0002608954596744935,0.0011106040889080275,0.056354316731228454,-0.21085231554571585,-0.1530061038616295,-0.061093181469651286,7.99870890507214e-10,-1.877788376068538e-09,0.06619439348799169,-0.2651766218405815
69.85000000000001,0.052519432175419815,-0.33580649166222215,-0.15747012024170898,-0.05277404596255998,-5.961174339653797e-10,8.452678260500341e-10,0.04859157193352515,-0.17191407642168355,-0.1512592271912766,-0.074666410718937,-0.00025944254288237076,0.0011025591912575572,0.05665523765962684,-0.21177651151523683,-0.15228792696127605,-0.0639176923238436,7.90668740523735e-10,-1.8428320810366299e-09,0.06611689288394186,-0.2657406912435978
69.86,0.05296046008050278,-0.34259599535146673,-0.1558599745295862,-0.05908568544166289,-5.898127758961102e-10,8.200835027727236e-10,0.04920265428534724,-0.1733411328346734,-0.1500837840360097,-0.0792442638318452,-0.0002578815440994074,0.0010937315224867298,0.056934984087312485,-0.21267114734832387,-0.15157617254767963,-0.06671292516044681,7.812824737839642e-10,-1.807194798124835e-09,0.06601283186067398,-0.2661801576060889
69.87,0.05336701031081784,-0.34910598581923985,-0.15425580879064946,-0.06537161347031557,-5.83426606474498e-10,7.944546470025402e-10,0.04979640488494377,-0.17478081019062375,-0.14891631651587856,-0.08378931951647785,-0.0002562133416952343,0.0010841296505067154,0.05719346653586804,-0.21353289175292497,-0.15087111990222363,-0.06947787128171874,7.717156645315999e-10,-1.7707546784972439e-09,0.06588216770020328,-0.26649114288958253
69.88,0.05373843985231344,-0.35532363027834407,-0.152658251471925,-0.07162963231508192,-5.769614585007575e-10,7.683976509322332e-10,0.05037267903515669,-0.17623496315967613,-0.14775727886224035,-0.08830037161614646,-0.00025443888318457686,0.00107376723884159,0.057430598851071095,-0.21435777037501283,-0.1501730452452209,-0.07221082626752735,7.619719629907214e-10,-1.73346921135287e-09,0.06572487067344235,-0.26666571616396
69.89,0.05407413533630028,-0.36123577620157427,-0.15106792820248036,-0.07785760440919653,-5.704199316183914e-10,7.419319187460292e-10,0.050931330611563415,-0.1777031246443891,-0.14660712189049488,-0.09277625628052318,-0.0002525591840568574,0.0010626565452101948,0.057646298555952595,-0.2151428576368748,-0.1494822215992853,-0.07491074961937595,7.520550889059181e-10,-1.6954571772571192e-09,0.06554092479905392,-0.2666944820610086
69.9,0.05437351433289991,-0.3668295131614855,-0.14948546157662787,-0.0840533563485999,-5.638046446584587e-10,7.150717820839508e-10,0.05147221208482705,-0.17918416240726665,-0.14546629288502969,-0.09721589471702505,-0.0002505753264233469,0.0010508135033480191,0.05784048710983628,-0.21588701055430587,-0.14879891869222775,-0.07757726439330816,7.419688522669165e-10,-1.6567967268332445e-09,0.065330328616042,-0.26657253758491906
69.91,0.054636026608923964,-0.3720928833326222,-0.14791147094013465,-0.0902148302514564,-5.571182742245723e-10,6.878398200154076e-10,0.05199517467153824,-0.18067533245469022,-0.14433523548881544,-0.10161819542770639,-0.00024848845730551436,0.0010382596155263002,0.058013090055836075,-0.21658917892783344,-0.148123402906271,-0.08021000769537324,7.317171065689196e-10,-1.6174910366496983e-09,0.06509309572677198,-0.26629616813556534
69.92,0.0548611552952877,-0.37701516429343496,-0.14634657218128314,-0.09633996270808175,-5.50363512596376e-10,6.602555513708492e-10,0.05250006853687426,-0.18217521791266755,-0.14321438959311264,-0.10598203599723503,-0.0002462997867310746,0.00102501359543401,0.058164037190865006,-0.2172462956136466,-0.14745593724132053,-0.08280862468000548,7.213037921447014e-10,-1.5775298792267376e-09,0.06482925521577262,-0.26586090846852567
69.93,0.055048417956461676,-0.38158620578680247,-0.1447913775249641,-0.10242672270029402,-5.435431027084918e-10,6.323328786745211e-10,0.05298674296881676,-0.1836822330581355,-0.14210419122540044,-0.11030629331163457,-0.00024401058580351127,0.0010110990107476537,0.05829326285469006,-0.217854605682363,-0.14679678127803064,-0.08537273170678912,7.107329046236135e-10,-1.5369091890600349e-09,0.06453885208931277,-0.2652620620232726
69.94,0.055197367590743875,-0.38579637762825564,-0.14324649533105774,-0.10847316894848616,-5.366598116441058e-10,6.040775136042801e-10,0.05345504658565987,-0.18519313507058607,-0.14100507243814764,-0.11458989171769758,-0.00024162218469725644,0.000996536810448151,0.058400706267828666,-0.21841116524056192,-0.14614619113938157,-0.08790193761968919,7.000085098753886e-10,-1.4956157414537644e-09,0.06422194775930636,-0.26449434713251857
69.95,0.055307593578039375,-0.38963653757112865,-0.14171252989866462,-0.11447738439764728,-5.297164499379512e-10,5.755106540313109e-10,0.053904827591103766,-0.18670589963772838,-0.13991746120066148,-0.11883177914336884,-0.00023913597078195823,0.0009813452403229193,0.05848631182166357,-0.21891372298854198,-0.14550441945546416,-0.09039598535497421,6.891347306221173e-10,-1.4537085084956907e-09,0.06387862051840941,-0.26355385248869634
69.96000000000001,0.05537872257133121,-0.39309824025133683,-0.14019008127498037,-0.12043750530051711,-5.227158423682947e-10,5.466534539755696e-10,0.054335934026101824,-0.18821771990484304,-0.13884178129451608,-0.12303095074036077,-0.00023655338683193408,0.0009655466960553495,0.05855002928976128,-0.2193609547663313,-0.14487171534018534,-0.09285479408065228,6.781157692625053e-10,-1.4112224067466658e-09,0.06350896591160243,-0.26243820378734173
69.97,0.0554104193134066,-0.3961740215716836,-0.1386797450672948,-0.12635166734666237,-5.156608611772136e-10,5.175231388367201e-10,0.05474821400711544,-0.1897267032295216,-0.137778452212877,-0.1271864365201465,-0.00023387592905117847,0.0009491657367030809,0.05859181395873636,-0.21975221740948664,-0.14424832438209678,-0.09527837250798374,6.669558689131683e-10,-1.3681479649707869e-09,0.06311309698137194,-0.26114578735012095
69.98,0.05540238736512346,-0.3988572550173432,-0.1371821122578134,-0.13221806338582437,-5.085543957639203e-10,4.881326379193132e-10,0.05514151594994092,-0.1912304646579273,-0.13672788906239308,-0.13129726286867385,-0.0002311051450467634,0.0009322236754636042,0.05861162671514991,-0.22008660960791163,-0.1436344886421145,-0.09766669622136674,6.556593407922688e-10,-1.3244965930103568e-09,0.06269114445313764,-0.25967472687887183
69.99,0.05535436976075173,-0.4011416973017064,-0.13569776902284378,-0.1380349354587437,-5.013993644017906e-10,4.584850722517613e-10,0.0555156888368764,-0.1927254192398176,-0.13569050246386813,-0.1353623992035068,-0.00022824263194690434,0.0009147424942476973,0.05860943424713567,-0.22035949068421473,-0.14303044665120643,-0.10001973497356305,6.442305512724725e-10,-1.2802692529700389e-09,0.06224325692371324,-0.2580229827622838
70.0,0.05526614960667392,-0.4030217808180709,-0.13422729654594706,-0.14380021347420693,-4.941987009920379e-10,4.2857037715549724e-10,0.05587058255967696,-0.19420776291199587,-0.13466669845169357,-0.13938086716497602,-0.00022529003441031046,0.0008967499973999166,0.058585209422632276,-0.22056664671416057,-0.1424364334073789,-0.10233746584842614,6.326739344194041e-10,-1.235472518606263e-09,0.06176960106000237,-0.2561886145106131
70.01,0.05513755060120467,-0.4044931578691677,-0.13277127078221423,-0.14951071043862535,-4.869553818686964e-10,3.984094935762218e-10,0.0562060482660492,-0.195674696991431,-0.13365687837729903,-0.1433517704196573,-0.00022224904242717516,0.0008782718471154364,0.05853893163325177,-0.2207066879821804,-0.14185268037676652,-0.10461999035983874,6.209939676891671e-10,-1.1901380651933458e-09,0.06127036174078113,-0.2541714728916821
70.02,0.05496843746625806,-0.40555194370671377,-0.13133026219389105,-0.1551642965330593,-4.796723948618958e-10,3.6803531940433715e-10,0.05652193863176863,-0.19712436612930612,-0.13266143881915515,-0.147274259428444,-0.00021912138907946758,0.0008593356198826825,0.05847058694904491,-0.22077955987166478,-0.14127941550578016,-0.10686756402352383,6.091951959913802e-10,-1.1442809380057258e-09,0.06074574203729402,-0.251973703167165
70.03,0.0547587163084032,-0.40619501217413495,-0.1299048355360355,-0.16075948502259213,-4.723527569277731e-10,3.3747455027301523e-10,0.05681810805216833,-0.1985553751622314,-0.13168077149706295,-0.15114749536547786,-0.00021590884825499202,0.0008399695596849923,0.05838016815118255,-0.22078522043263069,-0.1407168632413324,-0.10908037751173522,5.972822078815571e-10,-1.0979062263439863e-09,0.060195963059912316,-0.24959697319928167
70.04,0.05450833490617435,-0.40642010938291695,-0.12849554968951832,-0.16629461614776603,-4.649995093649862e-10,3.067484726301426e-10,0.057094412837291185,-0.1999648701231874,-0.13071526318651813,-0.15497059379624362,-0.00021261323241833792,0.0008201986717158984,0.05826767479118339,-0.22072189397266606,-0.14016524455051685,-0.11125860835993649,5.852596389260433e-10,-1.051018937944541e-09,0.05962126379191177,-0.24704266390347862
70.05,0.05421728291542942,-0.4062257495830985,-0.12710295750198877,-0.1717681519963183,-4.5761568667475064e-10,2.7585695873897496e-10,0.05735071147213027,-0.20134992822663098,-0.12976529562994382,-0.15874263380011228,-0.00020923639064230395,0.0008000452842860211,0.05813311339285143,-0.22058594745120938,-0.1396247769380849,-0.11340242449824801,5.731322028440742e-10,-1.0036346703943514e-09,0.05902190095277384,-0.24431196497375768
70.06,0.05388559199760924,-0.4056111530595021,-0.12572760563348104,-0.177178619259333,-4.5020437279976306e-10,2.4481403233463763e-10,0.057586864950988505,-0.20270626971922373,-0.12883124544673433,-0.16246274227852123,-0.0002057802065793662,0.0007795409820194014,0.057976497768961695,-0.22037411137851262,-0.13909567446343343,-0.11551200104524488,5.609046279190958e-10,-9.55770929227867e-10,0.058398148848128724,-0.2414069894504693
70.07000000000001,0.05351333586788321,-0.4045765110196504,-0.12437003441050924,-0.18252463676215253,-4.4276863892491445e-10,2.1364962754232378e-10,0.05780273715516492,-0.20403042681434552,-0.12791348404822722,-0.16613015155122302,-0.0002022465960503763,0.0007587173122182619,0.05779784927508198,-0.2200857600692834,-0.13857814776326802,-0.11758769092080426,5.485817240820104e-10,-9.074428414671951e-10,0.05775029908995615,-0.238332699775843
70.08,0.05310063027243477,-0.40312230284865175,-0.12303077768619701,-0.18780482855979924,-4.3531158759185216e-10,1.8238900138793252e-10,0.057998195170826806,-0.20532043939131162,-0.12701237755935577,-0.1697441101822672,-0.0001986375045503763,0.0007376030638550422,0.05759719693070719,-0.2197201040632151,-0.13807240407762686,-0.11962966620398197,5.361683222710945e-10,-8.586538816141625e-10,0.05707866017366819,-0.23509354591531403
70.09,0.05264763290908979,-0.4012497593707687,-0.12171036270395293,-0.19301786485839975,-4.278363099324345e-10,1.5106027055985e-10,0.05817310952887384,-0.20657394311309507,-0.12612828674300347,-0.1733038598776287,-0.00019495490488543303,0.0007162277020670918,0.05737457750734741,-0.2192759945936266,-0.13757864727221958,-0.1216381543907667,5.236693299078163e-10,-8.094228403288855e-10,0.05638355699747364,-0.23169484459694803
70.10000000000001,0.05215454326565158,-0.3989613901452821,-0.12040930996385085,-0.19816242484080634,-4.2034593153836943e-10,1.1968756336519698e-10,0.05832735443420516,-0.20778859886008452,-0.1252615669230179,-0.1768085984254579,-0.00019120079606592259,0.0006945810801710275,0.05713003562161832,-0.21875280056252877,-0.1370970778598929,-0.12361338094323027,5.110896635805073e-10,-7.597628565547852e-10,0.05566533034654007,-0.22814199442199418
70.11,0.05162160235646053,-0.39626047602157916,-0.11912813309093125,-0.20323720448567317,-4.1284356299536796e-10,8.829353856727082e-11,0.05846080799499404,-0.20896228531905225,-0.12441256785829682,-0.18025601194941973,-0.00018737720767864828,0.0006725389286377086,0.056863623830886646,-0.218149209883102,-0.13662789302226286,-0.12555554367102859,4.984343100113995e-10,-7.096870170090685e-10,0.054924336338906046,-0.22444094741593487
70.12,0.0510490923749882,-0.3931509674238813,-0.11786733870536442,-0.20824092598605623,-4.053323204258357e-10,5.690087983610229e-11,0.05857335242825263,-0.2100932831690445,-0.12358163354537573,-0.18364391568730565,-0.00018348620209068692,0.0006502556109203649,0.0565754027531681,-0.21746388430447433,-0.13617128663174172,-0.12746489789155796,4.857082946806978e-10,-6.592079623110436e-10,0.05416094580251467,-0.22059894800859678
70.13,0.050437336284280675,-0.389637265872148,-0.1166274262960946,-0.21317237019932703,-3.978153353261403e-10,2.5482966464586083e-11,0.05866487425441019,-0.2111794455688677,-0.12276910203728977,-0.18697141196174924,-0.00017952986670802964,0.00062783484300196,0.05626544122280785,-0.21669480429997967,-0.13572744927363464,-0.12934162607675587,4.729166718798336e-10,-6.083382114684745e-10,0.053375543577549665,-0.21662323806002826
70.14,0.04978669735585479,-0.3857242966102081,-0.11540888810202349,-0.2180304501373103,-3.9029572097737453e-10,-5.955262243285759e-12,0.058735264587770016,-0.21221594693538087,-0.12197530533406346,-0.19023778083787568,-0.0001755103064261245,0.0006052767320618957,0.055933816440082225,-0.2158412521179052,-0.13529656826341827,-0.13118583354128638,4.6006454988699396e-10,-5.570906218422906e-10,0.052568527764831736,-0.2125219852089911
70.15,0.049097578653933764,-0.3814176338443415,-0.11421220900211214,-0.22281411720284475,-3.8277659597613105e-10,-3.736167688748763e-11,0.0587844195574632,-0.2131982940411779,-0.1212005693063118,-0.19344226617670168,-0.00017142964107386846,0.0005826179443830077,0.05558061407023456,-0.21490249947592457,-0.13487882765568604,-0.13299752486200098,4.4715707373432395e-10,-5.054807425470067e-10,0.05174030892634832,-0.2083034294536983
70.16,0.0483704224525487,-0.3767236587854237,-0.1130378664086731,-0.22752227863124974,-3.752611023261204e-10,-6.870828717384006e-11,0.05881224068114087,-0.21412470837508876,-0.1204452136217693,-0.19658415002508794,-0.00016729000399281097,0.0005598659389402534,0.055205928313064805,-0.21387795388446426,-0.1344744082434708,-0.1347766025515142,4.3419941334949596e-10,-4.535223164326273e-10,0.05089130925873782,-0.20397597964213462
70.17,0.04760570957118902,-0.371649691191686,-0.11188633015950526,-0.23215384892618385,-3.677523441640313e-10,-9.997804666546128e-11,0.05881863506216602,-0.21499457499423666,-0.11970955167245612,-0.19966269632629136,-0.00016309354059075343,0.0005370520547925997,0.05480986196179599,-0.21276715736575402,-0.13408348754838686,-0.13652289853637814,4.2119678310753287e-10,-4.0123210218565454e-10,0.050021961769646336,-0.19954763614034168
70.18,0.04680395862790875,-0.36620371479794067,-0.11075806240962358,-0.23670774480632475,-3.6025343436492523e-10,-1.3115658830728507e-10,0.058803515453305415,-0.21580800424281574,-0.11899389050167666,-0.20267716730411445,-0.0001588424063869463,0.0005142043302992722,0.05439252646072753,-0.21156938844587606,-0.13370623980294366,-0.1382361684598295,4.081544426329141e-10,-3.4862650259575587e-10,0.04913270947194641,-0.19502636552163677
70.19,0.04596572522830081,-0.3603941370185584,-0.10965351752486777,-0.24118293444596875,-3.527674812459348e-10,-1.622417345785419e-10,0.05876680030737754,-0.21656362166444026,-0.118298530730767,-0.20562683055397718,-0.0001545387647316758,0.0004913506820378638,0.05395404197683062,-0.210283809747531,-0.13334283592494883,-0.13991607802040512,3.950776556595499e-10,-2.9572285686580833e-10,0.04822400458521733,-0.19042021299851025
70.2,0.04509160111323791,-0.35422960757601063,-0.10857314198057569,-0.24557846503193467,-3.452975695980412e-10,-1.932444973423541e-10,0.058708413941663554,-0.2172582768636275,-0.11762376648691801,-0.20851098026087578,-0.00015018478453000678,0.00046852042898787896,0.05349453748319677,-0.2089095534425288,-0.132993443481787,-0.1415621567837669,3.8197175066035763e-10,-2.4240925775759184e-10,0.04729630772965791,-0.18573736375970695
70.21000000000001,0.04418221327632011,-0.34771910840325687,-0.10751737426764749,-0.249893462528298,-3.3784679427414035e-10,-2.2417412598398434e-10,0.05862828686831314,-0.21788723221367132,-0.1169698853334098,-0.21132894207366149,-0.00014578263786084998,0.00044574331757567986,0.05301415083780374,-0.20744602502610707,-0.13265822659758245,-0.14317235835498715,3.688420874906037e-10,-1.8828824417423494e-10,0.046350087107904635,-0.18098612021823673
70.22,0.04323822303872241,-0.3408723250114543,-0.10648664480388349,-0.2541270458555776,-3.3041823689679274e-10,-2.5497852734898354e-10,0.0585263561713332,-0.21844791650258844,-0.11633716820305645,-0.21408007771680113,-0.00014133449757598347,0.00042304727349006145,0.052513028821093856,-0.20589354483955744,-0.13233734578734005,-0.14474487828279592,3.556940931076602e-10,-1.3379412044458542e-10,0.04538581768406665,-0.1761745981064195
70.23,0.04226032506789304,-0.3336994349039404,-0.10548137584565943,-0.2582783046352645,-3.230149527972201e-10,-2.856258048730803e-10,0.05840256574335085,-0.21893985046818681,-0.11572588933266977,-0.2167637035350475,-0.00013684253482546823,0.00040046425592126173,0.05199132713158885,-0.2042521527023166,-0.13203095780584276,-0.14627901093681017,3.425332420395456e-10,-7.913763443859851e-11,0.044403980383001924,-0.17131048056488132
70.24,0.04124924634550087,-0.3262110340723285,-0.10450198139860642,-0.2623463467898966,-3.1564000936287096e-10,-3.1611629659579e-10,0.0582568663901414,-0.21936210298550576,-0.11513631619563758,-0.219379123708812,-0.00013230891634952586,0.0003780274715495463,0.05144921037385395,-0.20252199997084766,-0.13173921555336607,-0.14777397790823008,3.293650140695853e-10,-2.4246021767137327e-11,0.043405061322157615,-0.16640120458612784
70.25,0.04020574509098397,-0.3184181845527578,-0.10354886712970195,-0.2663303146129276,-3.082964361968227e-10,-3.4644543748771737e-10,0.058089215930858605,-0.21971326327257065,-0.11456870943298023,-0.22192564101635118,-0.0001277358019433015,0.0003557588438343473,0.050886852038389836,-0.20070350117993618,-0.13146226799743138,-0.14922893306431098,3.1619492867528194e-10,3.079794973890887e-11,0.04238955107303156,-0.16145391517285945
70.26,0.03913060964979693,-0.3103320918237497,-0.10262243028223256,-0.2702293758514316,-3.00987264331287e-10,-3.7659923153000445e-10,0.057899579340976476,-0.2199915914971048,-0.11402332278393926,-0.2244025526195532,-0.00012312534249441428,0.00033367780228738794,0.05030443447498502,-0.19879678937720838,-0.13120026008784305,-0.1506429669865663,3.0302850659989117e-10,8.59884400025122e-11,0.0413579439457761,-0.15647563072800988
70.27,0.038024657349955776,-0.3019644746405936,-0.10172305959321744,-0.27404271442126593,-2.9371549256255173e-10,-4.065616298538669e-10,0.05768792892750772,-0.2201951347471845,-0.11350040301906139,-0.22680924603980268,-0.00011847967819022494,0.0003118082146747528,0.04970214883193606,-0.19680338336948466,-0.13095333266520015,-0.1520151028789531,2.8987129346340596e-10,1.4128112657647188e-10,0.04031073728429532,-0.1514734186773222
70.28,0.036888733327525604,-0.2933271601451569,-0.100851135213448,-0.2777695559715482,-2.8648411784005774e-10,-4.3632693126842585e-10,0.05745424453170619,-0.22032160098424572,-0.11300018987563441,-0.22914504379439382,-0.0001138009365488646,0.0002901728180301087,0.049080194958482495,-0.19472395385656047,-0.13072162236360862,-0.15334432374413035,2.767288411188991e-10,1.9665549542938797e-10,0.03924843077497066,-0.14645390767339186
70.29,0.03572370933051227,-0.2844321885954492,-0.10000702857943483,-0.281407490046163,-2.792961138457191e-10,-4.662533999578628e-10,0.057198513775722354,-0.22036795294151845,-0.11252291599210479,-0.23140928142039885,-0.000109091230441731,0.0002687922979789807,0.04843878131376387,-0.19255942736738063,-0.13050526150819142,-0.15462955090939204,2.6360671141264076e-10,2.520761684934424e-10,0.03817152578060431,-0.14142358015176995
70.3,0.034530482487773156,-0.2752923382557979,-0.09919110216934073,-0.2849529375841962,-2.7215446606392495e-10,-4.960905510589021e-10,0.05692073230237987,-0.2203327855681519,-0.11206880684125103,-0.23360127479454157,-0.00010435265627183444,0.0002476848831206926,0.047778124849058703,-0.1903117269082647,-0.1303043780076169,-0.155869668184077,2.5051047146622036e-10,3.0751588489123703e-10,0.03708052470957856,-0.1363882921087688
70.31,0.03330997403714739,-0.26592040760330893,-0.09840370923975357,-0.2884046149424445,-2.650621532588903e-10,-5.25625810645836e-10,0.05662090394014838,-0.22021498241714493,-0.11163808066368586,-0.23572037355749675,-9.9587292220636e-05,0.00022687033719218607,0.04709845083451889,-0.1879828132291368,-0.13011909524253096,-0.15706352565595982,2.3744567687754764e-10,3.6294221566627623e-10,0.035975930419975675,-0.13135386212178674
70.32000000000001,0.03206312802513649,-0.2563296286804416,-0.0976451936735581,-0.2917619129564246,-2.58022118884877e-10,-5.549251229323649e-10,0.05629904082359995,-0.22001336042267872,-0.1112309484037014,-0.23776596176122516,-9.479719644024822e-05,0.00020636779812208188,0.04639999263463709,-0.18557560889071542,-0.1299495319504594,-0.158209936640267,2.244179057061303e-10,4.183251157378948e-10,0.03485824564635254,-0.12632583378102533
70.33,0.030790909979484544,-0.24653342187247276,-0.09691588989731888,-0.2950239261834398,-2.5103728737171267e-10,-5.839379736897696e-10,0.055955163517506304,-0.2197265373033863,-0.11084761364659036,-0.23973739458410406,-8.998440529885249e-05,0.0001861931565426361,0.04568299143379198,-0.18309309010862382,-0.12979580210748642,-0.15930769014923307,2.114327184748111e-10,4.73631636470028e-10,0.03372797245230986,-0.12130937675495577
70.34,0.029494305560240307,-0.23654534299349325,-0.09621612280324209,-0.29818993964902896,-2.441105644984745e-10,-6.126738224385449e-10,0.05558930117248534,-0.2193524678859562,-0.11048827254809611,-0.2416337964083885,-8.515093554439165e-05,0.00016623940540526488,0.04494769594180854,-0.18053817770551298,-0.1296580148074721,-0.1603555575902681,1.984956588253645e-10,5.288314456815355e-10,0.03258561171848335,-0.11630928575742966
70.35000000000001,0.028174319194957016,-0.22637914112064483,-0.09554620767277168,-0.30125917605334285,-2.372448155368908e-10,-6.411091799280205e-10,0.05520149172990448,-0.2188886967396764,-0.11015311365057388,-0.24345100883781365,-8.029879627122934e-05,0.00014627899247534752,0.044194362108511076,-0.17791355450777813,-0.12953627413915442,-0.16135228539723323,1.8561227827436514e-10,5.838910640154174e-10,0.03143166267103825,-0.11132988039064498
70.36,0.026831972699786606,-0.21604864220746214,-0.09490645010267848,-0.3042309168230982,-2.304428905438058e-10,-6.692348785556364e-10,0.054791782140442585,-0.21833340216674157,-0.10984231756245907,-0.24518584459492587,-7.542999335029258e-05,0.00012659867683400462,0.04342325285144529,-0.17522189433821414,-0.12943067906166555,-0.16229661989589517,1.7278809468955888e-10,6.387798611871468e-10,0.030266622451713653,-0.10637513020073937
70.37,0.0254683038898449,-0.2055677897399156,-0.0942971459322062,-0.30710442366795515,-2.2370758523003029e-10,-6.970410497207015e-10,0.05436022853050627,-0.21768569829266757,-0.10955605669603995,-0.24683755271009766,-7.054651587466292e-05,0.00010732099809489313,0.04263463778189889,-0.17246609181398542,-0.1293413232797643,-0.16318731434064887,1.6002863198690263e-10,6.934650568966246e-10,0.02909098572721427,-0.10144859208981459
70.38,0.02408436518522328,-0.19495044856869712,-0.09371858117036352,-0.3098789567415491,-2.1704170056348487e-10,-7.245189339154697e-10,0.05390689632935376,-0.21694407175153654,-0.10929449514227717,-0.24840530360706592,-6.565032644849966e-05,8.837611974886075e-05,0.041828792925146505,-0.16964887509607654,-0.12926829511883808,-0.1640231032004191,1.473393607089045e-10,7.479160710413401e-10,0.02790524433394163,-0.09655356452307245
70.39,0.02268122221915647,-0.1842104808341853,-0.09317103192408885,-0.31255381936895993,-2.1044796735338736e-10,-7.516660634700546e-10,0.05343186040950546,-0.21610698611950283,-0.10905778859142835,-0.24988831912926457,-6.0743360938307004e-05,6.97991028618328e-05,0.04100600044719905,-0.16677288089057773,-0.1292116774000494,-0.16480275094202546,1.3472576432795472e-10,8.020995838874572e-10,0.02670988695401775,-0.0916930117878252
70.4,0.021259952450151193,-0.17336169248803512,-0.09265476432937553,-0.31512834300306325,-2.039291120015918e-10,-7.784717239225835e-10,0.052935205248159395,-0.21517266014774464,-0.10884608425396904,-0.25128579915459315,-5.5827527906657576e-05,5.1589352533760515e-05,0.04016654839349414,-0.16384061089933802,-0.129171547317419,-0.16552504886207461,1.2219326827589314e-10,8.559855073634176e-10,0.025505398822096948,-0.08686959866562101
70.41,0.019821643777336133,-0.16241789527159742,-0.09217003448488612,-0.3176018677019775,-1.9748781383883257e-10,-8.049262160957163e-10,0.05241702507385815,-0.2141401918675649,-0.10865952078165636,-0.25259695062381815,-5.090470716599566e-05,3.376347331535766e-05,0.039310730437366,-0.1608545254867429,-0.12914797631743963,-0.16618880838585684,1.0974728077869412e-10,9.09541563374512e-10,0.024292261465304638,-0.08208560589408913
70.42,0.018367393159084353,-0.1513928389158496,-0.09171708838654526,-0.31997373404032114,-1.9112672473308637e-10,-8.31023975687748e-10,0.05187742396554997,-0.213008968603607,-0.10849822818841648,-0.2538209779142589,-4.59767484607076e-05,1.632803201743295e-05,0.0384388456362726,-0.15781698550381526,-0.12914102998100074,-0.16679286663478834,9.739318023720342e-11,9.627364006757013e-10,0.023070952478069853,-0.0773429875701081
70.43,0.016898305238751837,-0.1403001550107572,-0.09129616186244853,-0.32224328705655025,-1.8484845487304497e-10,-8.56757913381555e-10,0.0513165159238838,-0.21177824967243708,-0.10836232777159084,-0.25495709714968234,-4.1045470139275015e-05,-7.061220911762144e-07,0.03755119819796883,-0.15473021373919915,-0.12915076789666877,-0.1673357268694006,8.513630956138088e-11,1.016049190479995e-09,0.021841945330516678,-0.07264337733629281
70.44,0.015415490980567487,-0.12915339089543912,-0.09090748050778437,-0.324409865364882,-1.786555824987107e-10,-8.821194326367136e-10,0.05073442492329684,-0.21044793451155283,-0.10825193203325995,-0.2560045104005718,-3.611265743400365e-05,-1.7316855884965194e-05,0.03664809725771048,-0.15159635856711853,-0.12917724342162132,-0.1678127702805751,7.298204492591385e-11,1.0698713113357114e-09,0.0206057092201232,-0.06798772759556247
70.45,0.013920066313393535,-0.11796606314937308,-0.09055125961996559,-0.32647282260959565,-1.7255064273215892e-10,-9.071076652687572e-10,0.050131284892274676,-0.2090193049201077,-0.108167144600711,-0.25696240753342076,-3.118006020806574e-05,-3.3486499279515766e-05,0.035729856662224606,-0.14841755584020624,-0.12922050333535626,-0.1682211131755277,6.09357624031972e-11,1.1233740452756118e-09,0.019362708970754938,-0.06337674948466104
70.46000000000001,0.012413150781202666,-0.10675158793546653,-0.09022770407363248,-0.32842954540995667,-1.6653616493037184e-10,-9.321952011898491e-10,0.049507239597325205,-0.20749413710509712,-0.10810806014601937,-0.2578299786436396,-2.6249391502941888e-05,-4.92243104184589e-05,0.03479679475798193,-0.1451958703535906,-0.1292805875818466,-0.1685599598835809,4.90028223049591e-11,1.1762674901928111e-09,0.01811340496046521,-0.058811040803011666
70.47,0.010895866205645166,-0.09552318646835634,-0.08993700795497316,-0.33027276070144373,-1.6061465320717206e-10,-9.572359539709827e-10,0.048862442500565914,-0.20587338447756062,-0.10807476430600627,-0.25860643403932465,-2.132232742739893e-05,-6.453796227513213e-05,0.033849234187937526,-0.14193321342007348,-0.1293575291398101,-0.1688282149435674,3.718853032216055e-11,1.2286353694335236e-09,0.01685825306764163,-0.05429093784045711
70.48,0.009369335365947798,-0.08429391206187307,-0.08967935407040167,-0.33199983921262693,-1.547886209537341e-10,-9.818345821644982e-10,0.048197056629887415,-0.20415859537727774,-0.10806733360435611,-0.2592910226162704,-1.640050741828407e-05,-7.943319711154517e-05,0.03288750170119603,-0.13863136373742796,-0.12945135392697785,-0.16902502799108618,2.5498128097367676e-11,1.2803847250937418e-09,0.015597704639346543,-0.04981655004489999
70.49,0.007834680698004694,-0.07307660770679247,-0.08945491367124035,-0.33361070316656555,-1.4906052610276706e-10,-1.0059898711284261e-09,0.047511254427052854,-0.202351606905799,-0.10808583529944284,-0.25988051250276406,-1.1485549807459066e-05,-9.441691758862563e-05,0.03191192798677907,-0.13529162648306078,-0.12956208070969094,-0.1691495213032902,1.393680307975376e-11,1.3315138543165162e-09,0.014332206483135162,-0.045387756500694626
70.5,0.0062930230153029785,-0.06188386801960172,-0.08926384636682629,-0.3351043270024173,-1.4343278883129612e-10,-1.029683405359753e-09,0.04680521757579991,-0.20045405533046542,-0.10813032696143947,-0.260366845396,-6.579072150113709e-06,-0.00010935053347586589,0.03092284755894092,-0.13191448139089296,-0.1296897210183821,-0.1692008955093083,2.5096778651103553e-12,1.3819752114703907e-09,0.013062200880645674,-0.04100424034064716
70.51,0.004745480253962102,-0.050728049532622534,-0.08910630005500453,-0.3364801335070208,-1.3790778818392227e-10,-1.0529136325787321e-09,0.04607913683356898,-0.19846759173330816,-0.10820085592715945,-0.2607473116819815,-1.6826838610126013e-06,-0.00012390992449124388,0.02992059867671164,-0.12850092506526486,-0.12983427906691875,-0.16917836932837324,-8.778192916198219e-12,1.4317465837422544e-09,0.011788125620689316,-0.03666550998176689
70.52,0.0031931662419019207,-0.039621279344055696,-0.0889824108509084,-0.3377373796144541,-1.3248785151556912e-10,-1.0756665355020275e-09,0.04533321187042577,-0.1963937436331773,-0.1082974590088104,-0.26102196121925814,3.2020319329435403e-06,-0.0001381315079148933,0.028905523246597408,-0.12505219391843284,-0.12999575167724406,-0.16908125402968777,-1.992182458980856e-11,1.480793375478072e-09,0.01051041405083403,-0.03237088360124597
70.53,0.0016371894923476386,-0.028575432884212812,-0.08889230302161974,-0.3388754919340199,-1.2717526605189792e-10,-1.0979351395531712e-09,0.044567651116184284,-0.1942339628752382,-0.10842016241477914,-0.26118987705074465,8.07352406174373e-06,-0.00015199847499380775,0.027877966710872754,-0.12156927078803959,-0.13017412821127164,-0.16890893629643308,-3.091631437842341e-11,1.5290879716486001e-09,0.009229495147294167,-0.028119504902134725
70.54,7.865202334626714e-05,-0.01760211020640884,-0.08883608892458136,-0.3398938550324416,-1.2197225762796543e-10,-1.1197073459590693e-09,0.0437826716163801,-0.1919896086435966,-0.10856898169416845,-0.2612506931351328,1.2930273782593144e-05,-0.0001655171796913927,0.02683827794532954,-0.11805308612698943,-0.13036939051021273,-0.16866086459568239,-4.1756822501643567e-11,1.5766021503825131e-09,0.007945793601736978,-0.023910366177515453
70.55,-0.001481351794882012,-0.006712625814880808,-0.08881386894896562,-0.3407919095176022,-1.1688102130393982e-10,-1.1409787923526238e-09,0.04297849889671314,-0.18966195816050818,-0.10874392168335159,-0.26120384671751395,1.777079546348148e-05,-0.0001786841246349643,0.02578680916919422,-0.11450442314978082,-0.1305815128402482,-0.16833654662949826,-5.2438596315984215e-11,1.6233096214507044e-09,0.006659729923172743,-0.01974232185380273
70.56,-0.0030417363635812183,0.00408200012278005,-0.08882573135892252,-0.3415658555504453,-1.1190370014773031e-10,-1.1623225572443944e-09,0.042155366852535944,-0.18725166568688303,-0.1089449764589768,-0.2610489470664647,2.2593637345276994e-05,-0.00019149419216175423,0.024723915866214002,-0.11092397154330119,-0.13081046184086473,-0.1679354428188839,-6.295695268774236e-11,1.6695634353820717e-09,0.0053717205537880215,-0.01561409067820949
70.57000000000001,-0.0046014259496483575,0.014771039010542102,-0.0888717516983252,-0.34220283587889466,-1.0704243458949935e-10,-1.1835985853848718e-09,0.04131351772100875,-0.184757754959945,-0.10917212929436661,-0.26078556497193156,2.7397382229204046e-05,-0.00020395351643051518,0.023649956716839834,-0.1073123050373028,-0.1310561963046854,-0.16745159240851903,-7.330721812726507e-11,1.7167019780141557e-09,0.00408217801946252,-0.011523571501013243
70.58,-0.006159355751311289,0.02534402780491991,-0.0889519919442939,-0.34269842041607645,-1.0229936296841915e-10,-1.204292126118277e-09,0.04045320210815823,-0.1821804776336927,-0.10942535244642504,-0.26040773183690946,3.218062075534226e-05,-0.00021694063491693586,0.022565293566308844,-0.1036690800112219,-0.13131866672359963,-0.16688016737007755,-8.348470882284608e-11,1.7632886494408726e-09,0.002791511123452379,-0.007468662164496354
70.59,-0.007714472936283377,0.03579077758911027,-0.0890665000541485,-0.3430532415738158,-9.76765509104975e-11,-1.2243935690312478e-09,0.03957467896377253,-0.17952084867532725,-0.10970460646879265,-0.259903017099511,3.694191789228242e-05,-0.00023015149674266084,0.021470291474670188,-0.09999284388563832,-0.13159781492512804,-0.16622092152291695,-9.348478339635335e-11,1.8086183506689329e-09,0.0015001251407369147,-0.0034477607445208575
70.60000000000001,-0.009265737650082737,0.046101446873124036,-0.08921530987799953,-0.3432662868946872,-9.31760076043919e-11,-1.2439020679086659e-09,0.03867821550527899,-0.17677952849046882,-0.11000983939588903,-0.25926869217702236,4.1679825820149736e-05,-0.00024311032937267418,0.02036531880018935,-0.09628342224792331,-0.13189357396200838,-0.16547375793014873,-1.0330290014148595e-10,1.8530054248900954e-09,0.00020842198967573454,0.0005407996192348821
70.61,-0.010812123990124444,0.0562665529968935,-0.08939844112041122,-0.3433375264623576,-8.879970526439892e-11,-1.2628053962344847e-09,0.0377640871419111,-0.17395725179123897,-0.11034098638254965,-0.25850540455569543,4.639290887788694e-05,-0.00025598101201738027,0.019250747228423792,-0.09254105658343298,-0.13220586809315232,-0.1646383687973614,-1.1293463618927679e-10,1.8964112039947973e-09,-0.0010831995995145072,0.004498793868724897
70.62,-0.012352620944745624,0.06627693160753478,-0.08961589925990547,-0.34326504663104096,-8.454953619550194e-11,-1.2814494058518214e-09,0.0368325774137998,-0.17105437447393385,-0.11069796962416148,-0.257611280120403,5.10797467818668e-05,-0.00026871849808535593,0.01812695176906087,-0.08876554716694188,-0.1325346127453875,-0.16371406617085899,-1.2237565073032886e-10,1.9388231679810043e-09,-0.002374343906456673,0.008428101795780562
70.63,-0.013886233298840117,0.07612374921938077,-0.08986767485355236,-0.343029397308179,-8.042739573370233e-11,-1.3001973908981549e-09,0.03588397804150853,-0.16806822914773223,-0.11108069827638661,-0.2565863059085317,5.573893429100922e-05,-0.000281317318730383,0.016994310759622735,-0.08495691228263047,-0.1328797144714616,-0.16270078501023796,-1.3162171363196664e-10,1.980066024479927e-09,-0.0036646180361814933,0.012330567166427832
70.64,-0.015411982505416586,0.08579853740659828,-0.09015374219068018,-0.3426193039166914,-7.643514932048484e-11,-1.3183691203440423e-09,0.03491858909559574,-0.16499734408872802,-0.1114890684255001,-0.25543074642632224,6.036908289523799e-05,-0.000293776038378051,0.01585320586717319,-0.0811151635704195,-0.13324107094139806,-0.16159878759205068,-1.4066871942999416e-10,2.0201578715257595e-09,-0.004953631734494978,0.016208027354788428
70.65,-0.016928907520859536,0.09529319777014499,-0.09047405833913559,-0.3420343544792766,-7.257460966077283e-11,-1.335813468114705e-09,0.03393671911319971,-0.1618419845931893,-0.11192296311222336,-0.2541449653451016,6.496882111965169e-05,-0.00030610570508477793,0.01470402208702398,-0.07724027980713863,-0.13361857096134563,-0.1604083051253319,-1.4951266362489466e-10,2.0590608689393035e-09,-0.006240997203547995,0.020062346910149808
70.66,-0.018436065603236143,0.10459999023263973,-0.09082856283644358,-0.3412724223923161,-6.884752794560885e-11,-1.352568248711626e-09,0.03293868511475705,-0.15860209869291636,-0.11238225236877465,-0.25272941848043196,6.953679436411768e-05,-0.0003183092245872511,0.013547147743944684,-0.0733322194946638,-0.13401209450129326,-0.15912969748023845,-1.5814966853958907e-10,2.0967631416052e-09,-0.007526328916527882,0.023895384947651088
70.67,-0.01993253307391369,0.11371154323646485,-0.09121717758817156,-0.34033388820906796,-6.525558517894315e-11,-1.3685305021419104e-09,0.03192481259002232,-0.15527801985802758,-0.11286679326522851,-0.2511846527037719,7.407166476441202e-05,-0.00033039311195557194,0.01238297449562192,-0.06939092407996914,-0.13442151272961725,-0.15776336095492666,-1.6657598536067526e-10,2.133241548931924e-09,-0.008809243432402422,0.027708993986692517
70.68,-0.02141740604239812,0.12262085036916125,-0.0916398068570649,-0.33921916119743467,-6.180037057004918e-11,-1.383742967773471e-09,0.030895435471457757,-0.15187007473031391,-0.11337642996489926,-0.24951130319671763,7.857211108008758e-05,-0.00034236171919924525,0.01121189733763234,-0.0654163267668225,-0.1348466880542724,-0.1563097672784486,-1.7478797384499657e-10,2.168479417823632e-09,-0.010089359211770453,0.031505006450610884
70.69,-0.02288980109440223,0.13132127001205807,-0.09209633730900896,-0.33792884292557823,-5.848341534173323e-11,-1.3981745417604053e-09,0.029850896099539136,-0.1483786145051183,-0.11391099378853596,-0.24771009170926472,8.303682854173923e-05,-0.0003542211027246392,0.010034314609192322,-0.06140835969410857,-0.1352874741699863,-0.1547694393330317,-1.8278212760074732e-10,2.202459589661898e-09,-0.01136629643464688,0.035285229457835486
70.7,-0.02434885594316378,0.13980652846053582,-0.09258663807219918,-0.3364636383299158,-5.530616587437612e-11,-1.4118328234772787e-09,0.02879154518636292,-0.14480400935357868,-0.11447030328707078,-0.24578182272434146,8.746452863481955e-05,-0.0003659772300985841,0.008850627998946543,-0.05736696060047561,-0.13574371611130837,-0.1531429602111941,-1.9055507907932726e-10,2.235166295097406e-09,-0.012639676820992003,0.039051435320657246
70.71000000000001,-0.025793730043880053,0.1480707198325641,-0.09311056080955638,-0.33482439446263723,-5.2269984022585554e-11,-1.424705890959062e-09,0.027717741776818242,-0.14114666130873993,-0.11505416432261557,-0.24372738080838435,9.185393880099936e-05,-0.00037763698100357426,0.007661242550120621,-0.053292079376635874,-0.13621525031127252,-0.15143096640595427,-1.9810356468907977e-10,2.266584073452487e-09,-0.013909123454758901,0.04280535489967103
70.72,-0.027223605171255837,0.15610830495034939,-0.09366793980378542,-0.3330120758638465,-4.937616045121481e-11,-1.4367916790847062e-09,0.026629853206697817,-0.1374070073931624,-0.11566237015741693,-0.24154772783878645,9.620380206072452e-05,-0.00038920754712178123,0.006466566664393112,-0.049183684462646184,-0.136701904665491,-0.14963414704125103,-2.054244608160674e-10,2.2966993676815468e-09,-0.015174260612196141,0.046548670627298644
70.73,-0.028637685960262445,0.1639141104759295,-0.09425859205483202,-0.3310277711224319,-4.662590226257544e-11,-1.448084656816905e-09,0.02552825505710791,-0.13358552739343527,-0.11629470155048943,-0.23924390004841586,0.0001005128765589733,-0.00040069666845717647,0.0052670121038471615,-0.04504176897109286,-0.13720349860139036,-0.14775324002180856,-2.1251478178328445e-10,2.3254985820496842e-09,-0.01643471359505918,0.050283010462731245
70.74,-0.03003520041023578,0.17148332757237422,-0.09488231738928629,-0.32887268345592136,-4.402033439664031e-11,-1.458582041906926e-09,0.024413331104570092,-0.12968274911249297,-0.11695092686163484,-0.2368170050132466,0.00010477993503863117,-0.00041211248885601444,0.0040629939903972295,-0.0408663564978737,-0.13771984315232885,-0.14578903024284348,-2.1937167464780752e-10,2.3529700657804256e-09,-0.017690108569346986,0.05400994207242039
70.75,-0.03141540035246442,0.17881151016208371,-0.09553889858135013,-0.32654812908605196,-4.1560513108891046e-11,-1.4682804976757608e-09,0.02328547326621717,-0.12569925452433708,-0.11763080216254788,-0.23426821862724734,0.00010900376424204856,-0.0004234636032125431,0.002854930802110635,-0.03665750665918501,-0.1382507410363493,-0.14374234689817678,-2.2599240797352506e-10,2.3791031407929913e-09,-0.018940072410126938,0.05773096763929111
70.76,-0.03277756188146311,0.18589457279940733,-0.09622810148492911,-0.3240555315554157,-3.924740281864439e-11,-1.4771793224036656e-09,0.022145081539511512,-0.12163568511391532,-0.11833407135470758,-0.2315987820673568,0.00011318316424279873,-0.0004347590067762195,0.0016432443658781905,-0.032415320290756715,-0.13879598673933227,-0.1416140613139122,-2.3237439189123792e-10,2.403888138237606e-09,-0.020184232552967574,0.06144751905925966
70.77,-0.034120985750160725,0.1927287881685599,-0.0969496751764225,-0.3213964179561809,-3.7081890767878815e-11,-1.4852768617000236e-09,0.020992563935941833,-0.11749274719485708,-0.11906046629375164,-0.22880999875854516,0.00011731694770904576,-0.0004460080911336378,0.00042835984591541964,-0.028139944339153483,-0.13935536660231843,-0.13940508459306536,-2.3851518171080255e-10,2.4273168192418056e-09,-0.021422216852448182,0.06516095364375102
70.78,-0.03544499772927261,0.1993107842514335,-0.0977033521077674,-0.3185724141135871,-3.5064789918470396e-11,-1.492573905575902e-09,0.019828336408180228,-0.11327121679089296,-0.11980970692003247,-0.22590323134816306,0.0001214039391008956,-0.00045722061459640935,-0.0007892942723876251,-0.023831576406497045,-0.13992865891277348,-0.13711636542984215,-2.444124577170374e-10,2.4493817831425375e-09,-0.022653653448172602,0.06887255024082162
70.79,-0.03674894893115754,0.2056375411729649,-0.09848884826929268,-0.3155852402371386,-3.319681380457565e-11,-1.4990721343357564e-09,0.018652822770214975,-0.10897194424674853,-0.12058150139505394,-0.2228798986966382,0.00012544297380364395,-0.0004684066832537627,-0.002009286203719038,-0.019490468963551583,-0.14051563399957515,-0.13474888791915576,-2.5006403247385384e-10,2.4700767729790245e-09,-0.023878170638666492,0.0725835058059458
70.8,-0.03803221609848981,0.21170638776092132,-0.09930586336193391,-0.3124367063101531,-3.1478617819605584e-11,-1.5047730696462037e-09,0.01746645461000512,-0.10459585846669708,-0.12137554624348976,-0.21974147289441223,0.00012943289719954943,-0.0004795767246661184,-0.0032311808896149864,-0.015116933211713608,-0.14111605433150598,-0.13230366945285313,-2.5546787244245845e-10,2.4893972922673317e-09,-0.02509539676349825,0.07629493238315681
70.81,-0.039294201858106836,0.21751499783313147,-0.10015408097836033,-0.30912870761114825,-2.991077068944706e-11,-1.509680813053999e-09,0.016269671194241744,-0.10014397080544706,-0.12219152650048674,-0.2164894763131092,0.00013337256368080463,-0.000490741463338807,-0.004454540031131776,-0.010711342601045526,-0.14172967461904326,-0.12978175866305303,-2.606220690493674e-10,2.507338917129309e-09,-0.026304960093915843,0.08000785449870614
70.82000000000001,-0.040534334940418734,0.22306138624016764,-0.10103316879256552,-0.3056632201957233,-2.8493755928523197e-11,-1.5137977768176492e-09,0.015062919364831045,-0.09561737858414833,-0.1230291158639608,-0.21312547870144957,0.0001372608356062029,-0.0005019118935013693,-0.005678922127763457,-0.0062741359963369775,-0.1423562419192418,-0.12718423343893673,-2.65524864569046e-10,2.523898355033827e-09,-0.027506488732259488,0.08372320694408274
70.83,-0.04175207036478871,0.22834390467904891,-0.10194277875747546,-0.30204229644976244,-2.7227967221510588e-11,-1.5171294315511023e-09,0.01384665342675693,-0.09101726822933714,-0.12388797685159675,-0.20965109433514595,0.00014109658220511174,-0.0005130992515686625,-0.006903882522920979,-0.0018058204957963492,-0.1429954957435134,-0.12451219901132939,-2.7017462626703766e-10,2.5390738832404026e-09,-0.028699610520361924,0.08744183294059227
70.84,-0.04294688959131589,0.2333612372999916,-0.10288254731013259,-0.2982680606815452,-2.6113745993463333e-11,-1.5196791992723487e-09,0.012621335027012775,-0.08634491802679595,-0.12476776096226988,-0.206067979231387,0.00014487867843127885,-0.0005243149871923993,-0.008128973456246,0.0026930260990418453,-0.14364716816811265,-0.1217667861156269,-2.7456986877541437e-10,2.5528634128192163e-09,-0.029883952957120475,0.09116448266819797
70.85000000000001,-0.04411830063947551,0.23811239612215304,-0.10385209558401992,-0.2943427047912231,-2.5151337264976496e-11,-1.5214525168917078e-09,0.01138743302433755,-0.0816017004866365,-0.12566810884161247,-0.20237782843784058,0.000148606003770198,-0.0005355707335854183,-0.009353744123006564,0.0072217531575781225,-0.1443109839471486,-0.1189491492359882,-2.7870924660867486e-10,2.565266888769546e-09,-0.031059143125377428,0.09489181214726275
70.86,-0.04526583817408181,0.2425967162767903,-0.10485102962809556,-0.2902684840186771,-2.434090862343826e-11,-1.522453451996147e-09,0.010145423349522996,-0.07678908431821839,-0.12658865045145698,-0.19858237340599508,0.00015227744100311378,-0.000546878276891782,-0.010577740740779768,0.011779635435920833,-0.14498666062794754,-0.11606046493680755,-2.825915471920321e-10,2.5762832770802256e-09,-0.03222480762822046,0.09862438245830647
70.87,-0.0463890635590657,0.2468138510933864,-0.10587894063211734,-0.2860477127882302,-2.368255043112782e-11,-1.5226875313871403e-09,0.008895788856101813,-0.07190863601457738,-0.12752900524289584,-0.1946833794578104,0.0001558918749318099,-0.0005582495248819319,-0.01180050662359637,0.01636587162856301,-0.14567390866860233,-0.11310193028527789,-2.862156996185068e-10,2.585913795118854e-09,-0.03338057253477541,0.10236265928721089
70.88,-0.047487564879565826,0.25076376704521997,-0.10693540515784626,-0.2816827606584089,-2.3176278283307926e-11,-1.5221583903437739e-09,0.007639019161266028,-0.066962021048757,-0.12848878233270677,-0.19068264335389667,0.00015944819106713672,-0.0005696964750159366,-0.013021582263690054,0.02097958325065132,-0.14637243155755333,-0.11007476136881872,-2.895807804102339e-10,2.5941591692060587e-09,-0.034526063335531335,0.10610701278200445
70.89,-0.04856095693284941,0.25444673856943495,-0.10801998537572802,-0.2771760483881291,-2.2822026121624858e-11,-1.5208710841965189e-09,0.006375610476899944,-0.061951004685373956,-0.12946758068290318,-0.18658199096980901,0.00016294527428551035,-0.0005812311820583781,-0.014240505420956971,0.025619813843936943,-0.14708192593505406,-0.10698019190936546,-2.926859875173544e-10,2.601021100060647e-09,-0.035660904907210474,0.10985771770843852
70.9,-0.04960888118859117,0.25786334277726125,-0.10913222930666369,-0.2725300441271587,-2.2619664255618263e-11,-1.5188302052103917e-09,0.005106065430653203,-0.05687745241286205,-0.13046498928318015,-0.18238327508603316,0.0001663820074570191,-0.0005928657253372659,-0.01545681122020171,0.03028552849931091,-0.14780208171638487,-0.10381947197556388,-2.9553067758841923e-10,2.606501394233856e-09,-0.03678472148716288,0.11361495389100704
70.91,-0.050631005719046114,0.2610144540690171,-0.11027167106849331,-0.2677472597387312,-2.256897329072522e-11,-1.5160401215757023e-09,0.0038308928770171865,-0.051743330002817375,-0.131480587336037,-0.17808837329535565,0.00016975727004919555,-0.0006046121758406513,-0.01667003225621552,0.034975613687827124,-0.14853258221668886,-0.10059386679233775,-2.981143321086331e-10,2.6106035738546183e-09,-0.03789713665723705,0.11737880692667928
70.92,-0.051627025099664756,0.26390123866891135,-0.11143783112682816,-0.2628302472602627,-2.2669664993452867e-11,-1.5125049127744726e-09,0.0025506076984030098,-0.04655070320437928,-0.13251394444437042,-0.17369918602976736,0.0001730699367100513,-0.000616482563316516,-0.017879698706697658,0.03968887739180639,-0.14927310427731205,-0.0973046556459495,-3.004365820573005e-10,2.613329971388207e-09,-0.03899777333705378,0.12114926915851255
70.93,-0.05259666028070264,0.2665251490938778,-0.11263021654988306,-0.25778159550753604,-2.2921369136396615e-11,-1.5082304931349018e-09,0.0012657305962577934,-0.04130173708261147,-0.13356462080134227,-0.16921763470764567,0.00017631887583471163,-0.0006284888435663528,-0.01908533845300539,0.04442404952707389,-0.1500233183935404,-0.0939531308815372,-3.0249717734046496e-10,2.6146859729162648e-09,-0.04008625378658114,0.12492624089658479
70.94,-0.05353965843038747,0.2688879185705129,-0.11384832126697247,-0.2526039268263028,-2.3323647104443254e-11,-1.5032208112373545e-09,-2.321212770941839e-05,-0.0359986950107956,-0.1346321673823405,-0.16464566000041492,0.00017950294811945396,-0.0006406428660947584,-0.020286477208686572,0.04917978264703459,-0.15078288884363591,-0.09054059698900956,-3.0429602447011844e-10,2.614675420824683e-09,-0.04116219961788548,0.12870953187391349
70.95,-0.05445579275020444,0.27099155541344094,-0.11509162633035014,-0.24729989399459074,-2.38759872011908e-11,-1.4974824286855583e-09,-0.0013156888000882836,-0.030643937327479998,-0.1357161261388611,-0.15998522021686049,0.00018262100510686206,-0.0006529563422980966,-0.021482638655719984,0.053954652919052284,-0.151551473819081,-0.08706836977242102,-3.0583315497380796e-10,2.6133047008651e-09,-0.04222523181591184,0.1324988629252834
70.96000000000001,-0.05534486226287169,0.2728383373776811,-0.11635960018008605,-0.24187217727825247,-2.4577802888992978e-11,-1.4910210051251056e-09,-0.002611162613972527,-0.025239919669737758,-0.13681603019415206,-0.15523828980240098,0.00018567188772637458,-0.000665440814346981,-0.02267334458836548,0.05874716136336668,-0.15232872555595073,-0.08353777559756351,-3.0710874077680744e-10,2.610579123891338e-09,-0.0432749707681203,0.13629386787715175
70.97,-0.05620669157357429,0.27443080599655073,-0.11765169891169068,-0.2363234816416795,-2.5428438698961685e-11,-1.4838440446654832e-09,-0.003909091876640992,-0.01978919099472486,-0.1379314040404713,-0.1504068579500676,0.00018865442483391735,-0.0006781076248970329,-0.023858115064495398,0.06355573534467668,-0.15311429046733893,-0.07995015071233504,-3.0812309417206945e-10,2.6065073690673634e-09,-0.04431103630278836,0.14009409563720293
70.98,-0.05704113060502654,0.27577176091574324,-0.11896736654621051,-0.23065653411514345,-2.64271548771948e-11,-1.4759583754798332e-09,-0.0052089302665134195,-0.014294391302087392,-0.13906176373782198,-0.1454929273195796,0.00019156743175428615,-0.0006909678877417611,-0.025036468564254646,0.0683787303064781,-0.1539078092767714,-0.07630684063458829,-3.088766462849583e-10,2.601095946753841e-09,-0.04533304773576925,0.14389901247242728
70.99,-0.05784805430693933,0.2768642542325087,-0.12030603530253571,-0.2248740813200585,-2.7573155285139184e-11,-1.4673727541295519e-09,-0.006510127099146095,-0.00875824907005185,-0.14020661711403867,-0.14049851286112836,0.00019440970883032052,-0.0007040324594988134,-0.026207922155875522,0.0732144317381898,-0.15470891715254712,-0.07260919960273803,-3.093699746480731e-10,2.594355173092021e-09,-0.046340623925472696,0.14770800446501564
71.0,-0.05862736234045449,0.2777115848476783,-0.12166712587167569,-0.21897888715314354,-2.8865562572998324e-11,-1.4580957686418527e-09,-0.00781212760201135,-0.003183578418292191,-0.14136546396610858,-0.1354256407406148,0.00019718003998225054,-0.0007173119123785426,-0.027371991668446092,0.07806105736511662,-0.15551724384295315,-0.06885859008541381,-3.0960379441682417e-10,2.586293227139324e-09,-0.04733338333582427,0.15152038013588534
71.01,-0.05937897876433634,0.27831644285633933,-0.12305004770442882,-0.21297410823826074,-3.03034422007594e-11,-1.4481916676728956e-09,-0.009114373191231442,0.002426935833025021,-0.14253779627206686,-0.130276653390271,0.00019987719154671742,-0.0007308080517387511,-0.028528191876603354,0.08291659154981557,-0.15633241382475777,-0.06505678578505811,-3.0957894273985867e-10,2.577002796551938e-09,-0.048310944095652085,0.15533573872787645
71.02,-0.06010285178790402,0.27868017050102134,-0.12445419934122186,-0.20686362702519373,-3.188578752501108e-11,-1.4376831515923968e-09,-0.010416301733726733,0.008070928372593843,-0.14372309843695083,-0.12505448329505667,0.00020249991205405435,-0.0007445064961843962,-0.029676036709938843,0.08777863607779565,-0.1571540464960458,-0.06120633360766562,-3.0929637282772315e-10,2.5665196397769855e-09,-0.0492729240258656,0.1591543064387425
71.03,-0.06079895358342314,0.2788047190203256,-0.12587896878134386,-0.20065118858526326,-3.36115379337169e-11,-1.4265704380031375e-09,-0.011717347796077117,0.013745869006000892,-0.1449208475709145,-0.11976195857404665,0.00020504693283378948,-0.0007583973513184065,-0.030815039486034458,0.09264479272119144,-0.15798175644119966,-0.057310617182584164,-3.0875716086222545e-10,2.5551020091701592e-09,-0.05021894065125713,0.16297561606799274
71.04,-0.06146728016693935,0.2786897004130275,-0.12732373388962484,-0.1943415054277808,-3.5479559656225374e-11,-1.4151453980720995e-09,-0.01301694291933544,0.019448444903685053,-0.14613051381165681,-0.11440313252886433,0.00020751696943473841,-0.0007724470600413163,-0.03194471312284755,0.09751358089993958,-0.15881515405213364,-0.053382728652048496,-3.079624553604122e-10,2.543263261070151e-09,-0.05114861139132071,0.16679410626076274
71.05,-0.06210785136960736,0.2783351274509473,-0.12878786284689597,-0.18793924838883766,-3.748871983232068e-11,-1.4032137324527138e-09,-0.014314515945651371,0.025175026447028487,-0.14735156070782063,-0.10898214005440375,0.00020990872392488328,-0.0007866280650055585,-0.03306457030078388,0.10238368266082923,-0.15965384651102885,-0.04943140350089716,-3.0691347684901755e-10,2.5307196751799424e-09,-0.05206155395583684,0.17060617817693535
71.06,-0.06272071079331366,0.2777423568156556,-0.13027071460665948,-0.1814487370435313,-3.9637796405476704e-11,-1.3909323346106782e-09,-0.015609493372726269,0.030922096051549667,-0.14858344583005215,-0.10350957682065413,0.0002122208863460625,-0.0008009452762080886,-0.03417412371858992,0.10724989148445511,-0.16049743881545003,-0.045467507850093895,-3.0561148821606673e-10,2.5179149029025565e-09,-0.05295738675387939,0.1744079233783743
71.07000000000001,-0.06330592577997037,0.2769098869822799,-0.13177163939189482,-0.17487617928920873,-4.1925555333579036e-11,-1.3785272532624582e-09,-0.016901299711954847,0.03668604242687431,-0.14982562175027242,-0.09799757809570844,0.0002144521398815119,-0.0008152274689921043,-0.035272886534927016,0.11210710124421992,-0.16134553481948008,-0.04150180615562763,-3.0405778754259613e-10,2.504544439337414e-09,-0.05383572925331273,0.17819627963473755
71.08,-0.06386358734617047,0.2758410285319208,-0.13328997945090024,-0.16823337850851247,-4.435076125284658e-11,-1.3662353713790464e-09,-0.018189357964435483,0.04245951591072481,-0.15107753696344536,-0.09244981730751033,0.000216601171183089,-0.0008293966850004043,-0.03636037279928953,0.11695288108956983,-0.16219773806687565,-0.037537123438506445,-3.0225374091544335e-10,2.4904753635833058e-09,-0.05469620222410166,0.18197079623976342
71.09,-0.06439380987073462,0.27454123285970106,-0.13482507001755992,-0.16152859783457854,-4.691216102225907e-11,-1.3536716659747234e-09,-0.019473090241912773,0.04823650787199171,-0.15233863650454543,-0.08687264557657888,0.00021866667493896622,-0.000843524026719595,-0.03743609778824412,0.12178352527190701,-0.16305365245227144,-0.03358348099411359,-3.002007512215037e-10,2.476329861762593e-09,-0.05553842792524866,0.18572812716929388
71.10000000000001,-0.0648967306722284,0.27301303896987805,-0.13637624008777222,-0.15476622489846512,-4.960847944185004e-11,-1.3406461993983098e-09,-0.020751918316012665,0.05401357512614765,-0.15360836272032008,-0.08127855941323306,0.0002206473556174573,-0.0008574734938456236,-0.03849957838683721,0.12659418995050242,-0.16391288301765367,-0.029648849199949597,-2.979002626110818e-10,2.4616899624366787e-09,-0.05636203035225694,0.18946592374945376
71.11,-0.06537250959821263,0.2712618875569002,-0.13794281291781998,-0.14795010479132525,-5.243840190160015e-11,-1.3271914798791822e-09,-0.022025264012561035,0.05978733713836897,-0.1548861561504511,-0.07567205198833679,0.00022254193531297923,-0.0008711470644731578,-0.03955033348215261,0.13138227001542147,-0.1647750366004034,-0.025735065458195736,-2.953537589391592e-10,2.446343472542519e-09,-0.057166635435663124,0.19318368585009593
71.12,-0.06582132846185931,0.26929538878400583,-0.13952410656581976,-0.1410888252616579,-5.540057947799763e-11,-1.3138955152892687e-09,-0.023292549619686364,0.06555222360514856,-0.15617145603843344,-0.07005449091651322,0.0002243491609011236,-0.0008845404208537651,-0.04058788424904514,0.13614580048168048,-0.16563972213143802,-0.021843755273625767,-2.925627822115825e-10,2.4304333797965764e-09,-0.05795187113468753,0.19688071593051668
71.13,-0.06624339031387087,0.267121189759827,-0.14111943467182822,-0.13419146223264092,-5.849367622714414e-11,-1.3002809263760762e-09,-0.02455319840712975,0.07130251480712263,-0.15746370058636452,-0.06442906910895549,0.00022606780520904887,-0.0008976687941901545,-0.041611754376304225,0.140882291892062,-0.1665065509702387,-0.017982001998462237,-2.8952892976483475e-10,2.4144432510490486e-09,-0.058717367548317745,0.2005548774455595
71.14,-0.06663891867531777,0.26474677349376374,-0.14272810718766207,-0.12726164380715613,-6.171629343407358e-11,-1.2860940175494458e-09,-0.025806635131904496,0.07703457009578152,-0.15876232744048696,-0.05880553475781912,0.00022769666549840557,-0.0009105431981763663,-0.0426214703536118,0.14558771369965895,-0.16737513748652355,-0.014156282437543166,-2.8625380966176697e-10,2.3980783095187204e-09,-0.05946275710139304,0.20420402996215495
71.15,-0.06700815678634028,0.26217935201930403,-0.1443494308378881,-0.12030269185338555,-6.506700703349422e-11,-1.2714511548444438e-09,-0.027052286434208678,0.0827450797179407,-0.16006677444871248,-0.053190789696566924,0.00022923456601246374,-0.0009230371096918779,-0.043616561811043966,0.15025912746883927,-0.16824509957563336,-0.010368403259326179,-2.8273907819596777e-10,2.381080495079365e-09,-0.06018767471610455,0.20782743843081097
71.16,-0.06735136682426114,0.25942766881588286,-0.14598270944999084,-0.11331766564754771,-6.854432825400653e-11,-1.2562044080014386e-09,-0.028289581168527037,0.08843097820713453,-0.16137648024204235,-0.04758638736250359,0.00023068036531563338,-0.000935091533353033,-0.044596561802794685,0.1548946359410806,-0.16911605891067885,-0.006619502837260385,-2.789864477782536e-10,2.363521087812016e-09,-0.06089175790215375,0.2114247629573067
71.17,-0.06766882904732709,0.25650061610418257,-0.14762724425263263,-0.10630920435689352,-7.214673622483881e-11,-1.2404279160774596e-09,-0.02951795069067911,0.0940900177697475,-0.16269088450320995,-0.041994126120976166,0.00023203296111729658,-0.000946709097253194,-0.04556100705125393,0.159491264966336,-0.1699876410636515,-0.002910530957478821,-2.7499768665412724e-10,2.345348879915254e-09,-0.06157464676606149,0.21499674624382886
71.18,-0.06796084092344953,0.2534063780070498,-0.14928233430136453,-0.09928491430288976,-7.587264446588724e-11,-1.22467772243293e-09,-0.030736829121575614,0.09971923343906998,-0.16400942812983335,-0.03641541697983929,0.00023329129154263237,-0.0009578658971529938,-0.04650943824209893,0.16404544597092177,-0.17085947560642584,0.0007574858806534903,-2.7077461521137563e-10,2.326582011162496e-09,-0.06223598392569926,0.21854521049963183
71.19,-0.06822771628866311,0.2501532286735165,-0.15094727715696102,-0.09225290640855946,-7.972046247798095e-11,-1.2085349738321342e-09,-0.03194565362447056,0.10531584411720528,-0.16533155338682887,-0.030851785025451054,0.00023445433625637934,-0.0009685461166717708,-0.04744140037777143,0.16855335759482798,-0.17173119629826633,0.004380721009384302,-2.6631910870021143e-10,2.3076617014963333e-09,-0.06287541435870028,0.22207169901640056
71.2,-0.06846978450638497,0.24674973721013915,-0.1526213695374892,-0.08521645256988294,-8.368855944167699e-11,-1.1917553349860097e-09,-0.03314386464257144,0.1108785149381014,-0.16665670414920494,-0.02530774820669445,0.00023552111610510108,-0.0009787864151345658,-0.04835644317154208,0.17301064785223105,-0.17260244146766623,0.007953581477139858,-2.616330702697771e-10,2.288370195415163e-09,-0.06349258525825166,0.2255772698956373
71.21000000000001,-0.06868738961051918,0.24320448031873731,-0.15430390772076502,-0.07817815588126036,-8.777524570544468e-11,-1.1745016522031403e-09,-0.03433090605463458,0.1164061379086259,-0.16798432638235994,-0.019790656638243483,0.00023649069284043174,-0.0009885320670800651,-0.049254121488779196,0.1774124420241858,-0.17347285441310353,0.011474480080535511,-2.567184325159262e-10,2.26851283579294e-09,-0.06408714588959691,0.22906391402944265
71.22,-0.06888088943499508,0.23952628640777313,-0.15599418783111468,-0.07114103775853484,-9.197878619789872e-11,-1.1567014116970717e-09,-0.035506225297268025,0.12189740045786512,-0.16931386867782183,-0.014303208058258313,0.00023736217339189716,-0.0009976940695457903,-0.05013399577822611,0.18175535692597006,-0.17434208360474351,0.014943000005852383,-2.51577186561299e-10,2.248152362676983e-09,-0.064658747408797,0.23253366905271602
71.23,-0.06905065471683577,0.23572444630852513,-0.1576915061179789,-0.06410761286057026,-9.629739171028784e-11,-1.1383854422053892e-09,-0.03666927349625332,0.12735087957481936,-0.1706447825591441,-0.008846283689534237,0.00023813471593783582,-0.0010062382693500286,-0.05099563241984163,0.18603665827896365,-0.17520978275564092,0.01835851672471622,-2.462113773595577e-10,2.227236179147889e-09,-0.06520704267092692,0.2359882449492681
71.24,-0.06919706817918994,0.23180801683832872,-0.15939515921011216,-0.057080146122062886,-1.0072922802924636e-10,-1.1195502614881927e-09,-0.03781950562529617,0.13276456370449238,-0.17197652262416946,-0.003421347012981106,0.00023880753331068522,-0.0010141487236265602,-0.05183860399404036,0.19025416914558113,-0.17607561086167056,0.02172100359382683,-2.4062309314432636e-10,2.205786248955719e-09,-0.06573168606773339,0.23942888564519121
71.25,-0.06932052361628899,0.22778609169480218,-0.16110444434253537,-0.05006074185534289,-1.0527239774956398e-10,-1.1002222070996995e-09,-0.03895638071657403,0.1381357701739613,-0.17330854667115486,0.001970430917327832,0.00023937989408654703,-0.0010214189042790287,-0.052662489480320984,0.19440669391193283,-0.17693923220363617,0.025030837073751096,-2.3481448655023807e-10,2.1837827547296067e-09,-0.06623233346956485,0.24285440724793575
71.26,-0.0694214249843048,0.2236676824398932,-0.16281865956976874,-0.043051475496710574,-1.099249644296403e-10,-1.0804421542556225e-09,-0.04007936211873373,0.14346172766503107,-0.17464031582607614,0.007327746328299062,0.00023985112304799808,-0.0010280380262576423,-0.05346687439033869,0.19849323190813994,-0.17780031629195137,0.028289227654557287,-2.2878775086181407e-10,2.1612239352590237e-09,-0.06670864239459352,0.24626044307147124
71.27,-0.06950018552559606,0.2194608431734848,-0.16453710409243902,-0.036058243638868344,-1.1468496089323042e-10,-1.0606261055712884e-09,-0.04118791777979729,0.1487394268120863,-0.17597129466644118,0.012649434377243857,0.0002402206019013283,-0.0010339905073185607,-0.05425135088506793,0.20251235661745462,-0.17865853776029872,0.0314974474089676,-2.2254514737166793e-10,2.138093974326359e-09,-0.06716027238820159,0.24964246190365508
71.28,-0.06955722692306893,0.2151742521938896,-0.16625907877977647,-0.029087192959198482,-1.1955039750770566e-10,-1.0404865897050449e-09,-0.04228152055054327,0.15396562798402416,-0.1773009513421464,0.017934289042177812,0.0002404877703303323,-0.0010392629685787615,-0.055015517898113445,0.20646299940327542,-0.17951357623209943,0.034657018002741354,-2.160889872010648e-10,2.114367945500942e-09,-0.06758688551938727,0.2529944384537187
71.29,-0.06959297841608054,0.21081746472624766,-0.16798388665825592,-0.022140526266370867,-1.245192510219085e-10,-1.0198667164796053e-09,-0.04335964849053834,0.15913752198929604,-0.17862875769346276,0.023181174632256458,0.000240652126876575,-0.0010438503945325716,-0.055758981230319526,0.21034472203169752,-0.1803651162073547,0.03776836322013857,-2.09421634714028e-10,2.090204922776269e-09,-0.06798814700392812,0.2563087329573227
71.3,-0.06960787588606225,0.20639923365543505,-0.16971083319655883,-0.015219996772077003,-1.295894678842478e-10,-9.98886381073415e-10,-0.044421785140492755,0.1642528487531509,-0.17995418945981373,0.028385928369017332,0.00024071322951969222,-0.0010477437684129327,-0.056481353631129494,0.21415627499861786,-0.18121284707101912,0.04082956689258833,-2.025455114653945e-10,2.065547031732594e-09,-0.06836372589343047,0.25957910933765527
71.31,-0.06960236097208376,0.20192808250243266,-0.17143922649654292,-0.008327555563831687,-1.3475894566533987e-10,-9.775085713104726e-10,-0.04546741975359959,0.16930952464859386,-0.18127672665480404,0.03354380021934241,0.000240670696550022,-0.0010509260001416061,-0.05718225491154751,0.2178962742466363,-0.18205646315409105,0.04384145191911949,-1.9546307651038854e-10,2.0402393974066616e-09,-0.06871329573580102,0.262799045961204
71.32000000000001,-0.06957688018741964,0.19741340025246218,-0.17316837747685218,-0.0014648860978060067,-1.400255460625518e-10,-9.557675304250855e-10,-0.04649604751481864,0.17430522346870622,-0.18259585392077876,0.03865358105879641,0.0002405242077866101,-0.0010533873156164256,-0.05786131205736317,0.22156405715207758,-0.1828956636640581,0.046806189522110624,-1.8817686187450765e-10,2.014286884277787e-09,-0.06903653525863418,0.26596083854928504
71.33,-0.06953188400170415,0.1928644718957069,-0.17489760005232322,0.005366163601433468,-1.4538711265069105e-10,-9.336694334433609e-10,-0.04750716977112918,0.17923753576485837,-0.18391106069503577,0.043714874795487614,0.00024027350640272506,-0.001055095430361543,-0.05851815934240687,0.225157890966475,-0.18373015251858876,0.04972517606738076,-1.8068946079294676e-10,1.9876869139151462e-09,-0.06933312909264892,0.2690575585295341
71.34,-0.06946782592229771,0.1882902384283465,-0.1766262113106241,0.01216392791949117,-1.5084142411823253e-10,-9.112275057374793e-10,-0.048500294271902195,0.1841040089318177,-0.1852218412685074,0.04872720237409205,0.00023991840133241377,-0.0010560315620439398,-0.05915243849211982,0.22867566345136037,-0.1845596381856502,0.0525999772722908,-1.7300352470864404e-10,1.9604281178528773e-09,-0.06960276845885972,0.27208296577280183
71.35000000000001,-0.06938516160593632,0.18369929467461626,-0.17835353167874876,0.01892688375456134,-1.5638625758426684e-10,-8.884460908814461e-10,-0.049474935405780456,0.18890242403295915,-0.18652769482124737,0.053690448940842864,0.00023945876867149628,-0.0010562016847347007,-0.059763798896847235,0.23211494157097917,-0.1853838335299053,0.05543218094851637,-1.6512178596329542e-10,1.932452106854563e-09,-0.06984515182364637,0.27503026099153294
71.36,-0.0692843479976974,0.17910014388543147,-0.18007888507809455,0.025653533530758804,-1.6201932665148115e-10,-8.65337852828024e-10,-0.05043061441895804,0.19363081614348687,-0.18782812544482208,0.05860439451425517,0.00023889455168281257,-0.0010556103332137131,-0.060351897840808334,0.2354735389810835,-0.18620245564888702,0.05822356318881574,-1.570470310379923e-10,1.903745329337609e-09,-0.0700599856056603,0.27789141669729206
71.37,-0.06916584247966759,0.17450136198841437,-0.18180159907426002,0.03234241898610491,-1.6773834649967488e-10,-8.419088571361436e-10,-0.051366859612217985,0.19828734984618115,-0.18912264215604954,0.06346903469760763,0.00023822576035341194,-0.001054266948680246,-0.060916400749885954,0.23874846908090627,-0.18701522570371315,0.06097576225232166,-1.4878213303253414e-10,1.8743181180221802e-09,-0.07024698494416007,0.28065873531585633
71.38,-0.06903010200261028,0.1699120362905426,-0.18352100502272892,0.03899213609248734,-1.7354097188333622e-10,-8.181706581314019e-10,-0.052283206527941224,0.20287014280605462,-0.1904107589019532,0.06828437220030165,0.00023745247087126947,-0.0010521798620763939,-0.061456981472257886,0.24193680214864177,-0.1878218687598402,0.06369019165570526,-1.4033002614682076e-10,1.8441747272762283e-09,-0.07040587442926877,0.28332600928614327
71.39,-0.0688775821967916,0.16534108327096608,-0.1852364382103616,0.045601304782603845,-1.7942483630488043e-10,-7.941295303105604e-10,-0.05317919812730949,0.207377620583755,-0.1916919945595907,0.07305042653301858,0.00023657482503783363,-0.001049359356460797,-0.061973322573296866,0.24503556566721074,-0.18862211364631246,0.066368113833913,-1.3169371208585474e-10,1.8133206573569199e-09,-0.07053638872071728,0.28588804711096033
71.4,-0.06870873650358242,0.16079671072682084,-0.18694723799526303,0.05216852448743301,-1.8538756685996074e-10,-7.698302173720371e-10,-0.05405438495463474,0.2118081612391692,-0.19296587293826106,0.07776710872743231,0.00023559302957908542,-0.0010458155263599394,-0.06246511560303866,0.24804270632450015,-0.1894156928255147,0.06901083680378678,-1.2287629373151515e-10,1.78166004676926e-09,-0.0706382731165581,0.28833869707561105
71.41,-0.06852401537062888,0.15628632763886965,-0.1886527480403735,0.05868937532335855,-1.9142674018203868e-10,-7.454249842057803e-10,-0.05490832531153891,0.21615970044626473,-0.19423192278635829,0.08243434188225157,0.00023450735549864502,-0.001041554972182291,-0.0629320613202437,0.25095613244785586,-0.19020234225476396,0.0716199572522715,-1.138809243591134e-10,1.7491834880387672e-09,-0.07071128427989848,0.2906675717927281
71.42,-0.06832386549701322,0.15181747154977743,-0.19035231667639058,0.06516009104527223,-1.9753993095493723e-10,-7.207884628664899e-10,-0.0557405854497278,0.22043030589432797,-0.19548967779566623,0.08705218181469085,0.00023331813758792368,-0.0010365885944894463,-0.06337386992298777,0.25377301381792483,-0.19098180124029704,0.0741968278923502,-1.0471084204072807e-10,1.715961095159902e-09,-0.07075519114236072,0.29286594674246913
71.43,-0.06810872905784027,0.1473986686647352,-0.19204529721009167,0.07157956076212071,-2.037246889684133e-10,-6.958642980580405e-10,-0.056550739754631735,0.2246184103077182,-0.1967386765983967,0.09162069918354464,0.00023202577385998232,-0.001030931350429722,-0.06379026131706354,0.2564905007069378,-0.19175381231059388,0.07674238075204705,-9.536937208530998e-11,1.68200676563263e-09,-0.07076977567261468,0.2949295169438351
71.44,-0.0678790428855282,0.14303820115638344,-0.19373104808069208,0.07794692974461487,-2.0997854500609458e-10,-6.706978809102853e-10,-0.057338370921258736,0.22872203013303494,-0.19797846276141284,0.0961399471252721,0.00023063072476787091,-0.0010245976209115393,-0.06418096540406079,0.25910560692576584,-0.19251812111717895,0.07925748651411299,-8.58599050756334e-11,1.647306896185167e-09,-0.07075483338865518,0.29685414371658636
71.45,-0.06763523767296899,0.13874341708933854,-0.19540893295362902,0.08426126075622659,-2.1629899034898938e-10,-6.452856740579007e-10,-0.058103070123952424,0.232739811400772,-0.19920858478640815,0.10060980416985724,0.0002291335129971875,-0.0010175787710425402,-0.06454572236022744,0.2616158733698434,-0.19327447634240097,0.08174315715651528,-7.618590737658882e-11,1.6117884217707543e-09,-0.07071017388179535,0.29863221321056294
71.46000000000001,-0.06737773726171095,0.13452057618613342,-0.19707832080953544,0.09052173977512211,-2.2268350780483794e-10,-6.196502378374522e-10,-0.058844437186848245,0.2366696357866443,-0.2004285961966557,0.1050276341619041,0.0002275347256060134,-0.0010098254620486797,-0.06488428288765667,0.26401897940703517,-0.1940226296010159,0.08420041897965629,-6.635093033898016e-11,1.5754407465465827e-09,-0.07063562159980256,0.3002531682233909
71.47,-0.06710695799333286,0.13037624479332677,-0.19873858602380418,0.09672771251727047,-2.291295568036785e-10,-5.937983829236833e-10,-0.05956208080552886,0.24050854690151735,-0.20163805572807525,0.1093915559294309,0.0002258350149227613,-0.0010014108860023903,-0.06519640841706248,0.2663136102860558,-0.19476233534858803,0.0866299642544252,-5.635860706172488e-11,1.5383199176045552e-09,-0.07053101673083337,0.3017101197589344
71.48,-0.06682330806187813,0.12631717527908395,-0.20038910844119703,0.1028783502144773,-2.3563457054483774e-10,-5.677445735078461e-10,-0.060255618787319186,0.24425481397223375,-0.20283652746881423,0.11370175733474593,0.00022403509513702687,-0.0009923824313744104,-0.06548187128881519,0.2684974554723183,-0.19549335085193995,0.08903099991902713,-4.621265209148101e-11,1.5003432810686933e-09,-0.07039621592606006,0.3029974189550002
71.49,-0.06652718686179962,0.12234978547578765,-0.20202927345264587,0.10897292945675575,-2.421959693381806e-10,-5.415030277787063e-10,-0.06092467825651288,0.2479064138918908,-0.20402358088197067,0.11795841809114316,0.0002221357392523686,-0.0009827404102716929,-0.06574045499446103,0.2705671959350656,-0.19621543623179669,0.09140298398313342,-3.591685922133729e-11,1.4615855979411772e-09,-0.07023109290038183,0.3041090306697277
71.5,-0.06621898435486757,0.1184803082812867,-0.20365847206813853,0.11501079607015711,-2.4881114505997936e-10,-5.150788358272978e-10,-0.06156889586433982,0.2514608496346796,-0.20519879079011513,0.12216164385111458,0.00022013777868302455,-0.0009724902030767089,-0.06597195446462809,0.2725202620007637,-0.19692835449154827,0.09374637304482297,-2.54751006655422e-11,1.4220894464923104e-09,-0.07003553904409422,0.30503838525381877
71.51,-0.06589908047217204,0.11471436173146553,-0.20527610098409352,0.1209912954247724,-2.5547747683657686e-10,-4.8848449058729e-10,-0.06218791802129075,0.25491584203799905,-0.20636173736433536,0.12631151677841382,0.00021804210343417238,-0.0009616397536080703,-0.06617617633605494,0.27435420759554713,-0.19763187149416026,0.09606154520953429,-1.4891322950682336e-11,1.3818121854824063e-09,-0.06980946408698924,0.3057783142026944
71.52,-0.06556784456599847,0.11105706171891101,-0.20688156264885557,0.1269137891912864,-2.6219233851492897e-10,-4.6173417384992623e-10,-0.06278140111457617,0.25826954720003914,-0.2075120061173172,0.13040807259518916,0.00021584966150081216,-0.000950215467338525,-0.06635293918102038,0.2760671264527183,-0.19832575592715798,0.09834875121212669,-4.16956828827313e-12,1.3407772563398151e-09,-0.06955279681972536,0.3063210926633038
71.53,-0.06522563490547748,0.10751331395624443,-0.20847426532551427,0.13277769882728363,-2.689530668019189e-10,-4.3483394416939727e-10,-0.06334901172408726,0.2615193353231597,-0.2086491879017604,0.13445126287326756,0.00021356145731283723,-0.0009382441819817544,-0.0665020736841224,0.27765787220384364,-0.19900977927928795,0.10060811707551681,6.686071171544215e-12,1.2990304686270715e-09,-0.06926548580819096,0.3066604967917373
71.54,-0.06487279819580806,0.10408792845107667,-0.21005362315453574,0.13858234460609772,-2.757570060712339e-10,-4.077899013201364e-10,-0.06389042683877676,0.26466354374068757,-0.20977287891427038,0.13844102541459666,0.0002111785498681597,-0.0009257510004689137,-0.06662342276762313,0.2791254001499043,-0.199683715830328,0.10283962330397077,1.7671414131149283e-11,1.2565973483953616e-09,-0.06894750002260244,0.30679102099815553
71.55,-0.06450966911935935,0.10078530365995138,-0.21161905621873806,0.14432709343192096,-2.826014634048415e-10,-3.80609542497244e-10,-0.06440533405297094,0.2677001157545052,-0.21088268070141392,0.14237730300643792,0.0002087020512801712,-0.0009127505874390017,-0.06671684170730618,0.2804683222358319,-0.20034734265443402,0.10504312389816595,2.8782221873272198e-11,1.2134807088060701e-09,-0.06859882940725272,0.30670697256614604
71.56,-0.06413656991703234,0.09760926178778259,-0.21316999060649033,0.15001135882873518,-2.894837590368613e-10,-3.533012743883065e-10,-0.0648934317783116,0.27062649855145177,-0.2119782001621794,0.14626015495087058,0.00020613312568646495,-0.0008992635897198513,-0.0667821983553491,0.2816822672008603,-0.20100043963688394,0.10721833383486658,4.0014166496128275e-11,1.1696928076252478e-09,-0.06821948545170473,0.3064024501401432
71.57000000000001,-0.06375381002179209,0.09456312717905746,-0.21470585847071919,0.1556345846673901,-2.9640117518958183e-10,-3.2586745440892813e-10,-0.06535442949919182,0.2734397739850455,-0.2130590495469546,0.1500895630323761,0.0002034729879105671,-0.0008853151020919861,-0.06681937350347218,0.28276331266401045,-0.20164278950513592,0.10936480725852887,5.1362878443675826e-11,1.1252402113082331e-09,-0.06780950178945086,0.3058711135280096
71.58,-0.0633616857284931,0.09165022013924026,-0.21622609808576437,0.161196204954002,-3.0335100213765003e-10,-2.9831829967854943e-10,-0.06578804805222284,0.2761371457608921,-0.21412484646237603,0.15386536746325402,0.0002007229018171632,-0.0008709286784922669,-0.06682826121654581,0.2837096849945514,-0.20227417787517787,0.1114819486697346,6.28239006479479e-11,1.0801608398252725e-09,-0.0673689347990994,0.305107374330655
71.59,-0.06296047988909129,0.08887336972979455,-0.21773015390593523,0.1666955937652591,-3.1033050509955515e-10,-2.706675990516835e-10,-0.06619401987512384,0.2787168463442977,-0.21517521388660332,0.15758734580814662,0.00019788417859984884,-0.0008561293071015856,-0.06680876901856043,0.28452066859649716,-0.2028943933124857,0.1135690309684056,7.439271543026182e-11,1.0344911774060816e-09,-0.06689786413191273,0.30410710710057093
71.60000000000001,-0.0625504616542879,0.08623469441138122,-0.21921747662720423,0.1721321244432655,-3.1733693950931463e-10,-2.4291662469891953e-10,-0.06657208919739463,0.2811772700529155,-0.2162097801914911,0.16125524197006327,0.0001949581749766215,-0.0008409432250046635,-0.06676081798462073,0.28519552432224576,-0.20350322740495128,0.11562524475137877,8.606476034204444e-11,9.88251814972902e-10,-0.06639639310613724,0.3028676796562022
71.61,-0.06213188627380383,0.08373586850777225,-0.22068752325110622,0.1775051370624999,-3.243675572069881e-10,-2.1508265465080344e-10,-0.06692201220671196,0.28351668007718783,-0.21722817916812642,0.16486878379714695,0.00019194629136266836,-0.0008253937797008722,-0.0666843428552452,0.2857321507235051,-0.20410047484709684,0.11764962995784285,9.783540104876474e-11,9.414705100379143e-10,-0.065864649029363,0.3013854653624483
71.62,-0.06170499493941719,0.0813783496429153,-0.22213975716488218,0.1828134977850101,-3.3141959667112914e-10,-1.8714459002634016e-10,-0.0672435572388723,0.28573268252164374,-0.21823005005586116,0.1684276322989956,0.000188849970302922,-0.0008094986625590664,-0.06657929227431164,0.28612663500767194,-0.2046859335371393,0.11964110310681458,1.0969994862610619e-10,8.941638657282275e-10,-0.06530278354380908,0.2996567294263363
71.63,-0.06127001465899618,0.07916322437030057,-0.22357364830401413,0.18805418156383708,-3.384902935313116e-10,-1.5911637051595326e-10,-0.06753650501804812,0.28782238765698986,-0.21921503757825606,0.1719313410436325,0.00018567069515032248,-0.0007932772450899532,-0.06644562916414273,0.28637439170528284,-0.20525940468724882,0.1215984463682326,1.2165366440287998e-10,8.463714983999381e-10,-0.06471097299415765,0.2976778148308198
71.64,-0.060827158151173524,0.07709164413813144,-0.2249886733708409,0.19322567431635415,-3.455768560217087e-10,-1.3100935782668015e-10,-0.06780064890681221,0.2897838015776539,-0.22018279198710303,0.17537941577148927,0.00018240998854426155,-0.0007767552105061002,-0.066283331086245,0.2864735369047167,-0.20582069294322888,0.12352042979360664,1.3369176330022078e-10,7.981350610533783e-10,-0.06408941872528436,0.29544727931982073
71.65,-0.06037662377036931,0.07516391109509886,-0.22638431597922826,0.19832764927827262,-3.5267649655979516e-10,-1.0283339392145066e-10,-0.06803579514776682,0.2916140865466847,-0.22113296911223312,0.178771319087091,0.00017906941055895352,-0.0007599566792703949,-0.06609239046977902,0.2864225803839151,-0.20636960651067626,0.1254057179026192,1.4580941667620967e-10,7.494771089511476e-10,-0.06343834723896692,0.29296465598079047
71.66,-0.059918595501757384,0.07337937813345008,-0.22776006672186944,0.20335941838959698,-3.597864282473126e-10,-7.460832323415324e-11,-0.06824176311042603,0.29331101305602225,-0.22206523041675877,0.18210643613401106,0.00017565055679262846,-0.0007429048466515895,-0.06587281480178463,0.28621891140777433,-0.20690595728902988,0.12725289518714394,1.580017296448203e-10,7.004366010083932e-10,-0.0627580102408373,0.2902300565689939
71.67,-0.059453243016022964,0.07173752242721416,-0.22911542322890097,0.20832039183604273,-3.6690384320208857e-10,-4.634641618533608e-11,-0.06841838552162341,0.2948724528754251,-0.22297924305939837,0.18538407322614342,0.00017215505649587174,-0.0007256225396557353,-0.06562462685421985,0.2858602673867504,-0.20742956101129195,0.1290605569212972,1.702638050607888e-10,6.510481677467197e-10,-0.06204868460756986,0.2872446270559501
71.68,-0.058980721737206664,0.07023780344600536,-0.23044989023247628,0.21320985949966012,-3.740259295732093e-10,-1.8070750464398255e-11,-0.06856550870717697,0.29629536195865536,-0.2238746799660147,0.18860341303354322,0.00016858457075377833,-0.0007081300571750582,-0.06534786493671374,0.28534371323392943,-0.20794023738378423,0.13082733023949483,1.825906914774266e-10,6.013484535543435e-10,-0.06131067227234983,0.2840101358753967
71.69,-0.05850117291802177,0.06887938364648269,-0.23176297963619075,0.21802708248531794,-3.8114989381676685e-10,1.020661536479951e-11,-0.06868299285561252,0.2975773824660222,-0.22475121991158964,0.1917635475861528,0.00016494079079364907,-0.0006904464500737874,-0.06504258317452127,0.28466635105383375,-0.2084378102214127,0.13255192900515533,1.9497739027175493e-10,5.513705930926883e-10,-0.06054430001454184,0.28052979755887797
71.7,-0.05801472374842652,0.06766083038466261,-0.2330542105902154,0.22277125874989148,-3.882729112269459e-10,3.8469283269280173e-11,-0.06877071226417288,0.2987162191356144,-0.2256085476135657,0.1948634240012702,0.00016122543634681643,-0.0006725912469182997,-0.06470885182173965,0.2838245120069448,-0.2089221075778018,0.1342330732092076,2.0741890951209405e-10,5.011495450033924e-10,-0.059749919150328026,0.2768073231670018
71.71000000000001,-0.05752148750499304,0.06658052679325449,-0.23432310957086072,0.22744156088557943,-3.953921831778658e-10,6.670164708951422e-11,-0.06882855554538665,0.2997103157348729,-0.22644635383707945,0.19790189319642523,0.00015744025543891555,-0.0006545355988463067,-0.06434675758134767,0.28281551661962745,-0.20939296187371145,0.13586947221770387,2.199101981043879e-10,4.5072009740692894e-10,-0.05892790514209191,0.27284733653754567
71.72,-0.0570215637280691,0.06563662573515154,-0.23556921046422605,0.2320371088896565,-4.0250489776636106e-10,9.49228258334829e-11,-0.06885642578896448,0.3005583415721515,-0.22726433554830805,0.20087649305964894,0.00015358702799994113,-0.0006362020876796401,-0.06395640388416474,0.2816369275196368,-0.20985021002573384,0.13745983847535445,2.324462067512512e-10,4.0011450832776434e-10,-0.05807865713042429,0.2686551905911757
71.73,-0.05651503843345042,0.06482664189965133,-0.23679205465506084,0.2365569531186273,-4.096082449671194e-10,1.2314678048021615e-10,-0.06885424079293108,0.3012558903674894,-0.22806219612269335,0.20378514502004946,0.00014966756643968493,-0.000617718310556573,-0.06353791115204378,0.28028579751578075,-0.2102936935741384,0.1390029130197737,2.4502186063223137e-10,3.493664883931651e-10,-0.05720259737973622,0.2642372877605144
71.74,-0.05600198436565593,0.0641479032698852,-0.23799119112285744,0.24100005372644648,-4.1669942590541033e-10,1.513280952958721e-10,-0.06882193345951479,0.3017979949493017,-0.22883964553445643,0.2066266026341504,0.00014568370883323288,-0.0005991524239253131,-0.06309141709423577,0.2787587664365878,-0.21072325880798312,0.14049747685819056,2.5763206058406013e-10,2.985093037719049e-10,-0.05630017064779839,0.2596003497153465
71.75,-0.055482461274087284,0.06359769507616914,-0.23916617654540429,0.24536531705579456,-4.237756243829413e-10,1.79434070628283e-10,-0.06875945221345334,0.3021818272282849,-0.22959640050240432,0.20939945808079197,0.00014163731323791012,-0.0005804984947258711,-0.06261707703243453,0.2770525343610424,-0.21113875688670233,0.1419423420609523,2.7027171977845373e-10,2.475743287986738e-10,-0.05537184351989576,0.2547510612944764
71.76,-0.05495651620149302,0.06317308310382645,-0.24031657540684948,0.2496516459553204,-4.308340530513887e-10,2.074534105745125e-10,-0.0686667612692038,0.3024063911005056,-0.2303321846309555,0.21210218350544544,0.00013753025590916177,-0.0005617794546957965,-0.062115064234274556,0.2751636973230014,-0.2115400439583073,0.14333635441631298,2.8293571197322407e-10,1.9659402076605508e-10,-0.054418103735343906,0.24969620910641122
71.77,-0.05442418379290882,0.06287083930080643,-0.24144196010767638,0.25385792012467845,-4.3787191610657416e-10,2.3537845576475144e-10,-0.06854384074115377,0.3024714773871444,-0.23104672856154576,0.2147332094790023,0.00013336443012376196,-0.0005429982459988512,-0.06158557023258764,0.27308944226492304,-0.21192698127401335,0.14467840092161863,2.956189316784594e-10,1.4559762674920217e-10,-0.05343945949338916,0.24444310851720333
71.78,-0.05388548663638199,0.06268730733230868,-0.2425419110796231,0.25798289717311407,-4.4488642794426316e-10,2.6321469616518185e-10,-0.0683906867394617,0.30237491085205903,-0.23173977012794422,0.2172909826693642,0.00012914174499507232,-0.0005241701204748116,-0.06102880509562679,0.27082766796276475,-0.21229943529795786,0.14596743936169687,3.083162637240045e-10,9.46161422423822e-11,-0.05243643870796854,0.238999820452494
71.79,-0.05334043565249768,0.0626181130758584,-0.24361601691452475,0.26202509288196435,-4.5187481322818167e-10,2.9099094614997923e-10,-0.06820731164441392,0.3021113750875051,-0.23241105451590327,0.21977380959369583,0.0001248641241380992,-0.0005053068683707856,-0.06044499766737177,0.2683757269110077,-0.21265727781001723,0.1472025107204932,3.2102259033232984e-10,4.3677153232726854e-11,-0.051409588198089516,0.23337496082453468
71.8,-0.05278903053574197,0.06265861502462738,-0.24466387451300825,0.26598284418177964,-4.5883430688440145e-10,3.186731360610657e-10,-0.06799374460568808,0.3016745526828893,-0.23306033443242874,0.22217989846326114,0.00012053350420045624,-0.00048642087571328796,-0.05983439581808004,0.26573105860424195,-0.2130003860009864,0.14838272430902616,3.3373279881173324e-10,-7.190671143137593e-12,-0.050359472830490457,0.22757732777623305
71.81,-0.052231260215406305,0.0628044147982278,-0.24568508924256963,0.26985462426542134,-4.657621473382208e-10,3.462145573505939e-10,-0.06775003204150461,0.30106174362556304,-0.23368737028538183,0.22450736923917408,0.00011615183337660796,-0.0004675250389104908,-0.059197266685692654,0.26289160981648346,-0.21332864256124984,0.1495072371190366,3.4644178529679725e-10,-5.795932708701865e-11,-0.04928667465390516,0.22161534602734578
71.82000000000001,-0.05166710331746044,0.06305085266966637,-0.24667927509279988,0.27363889425819676,-4.726555798586436e-10,3.736098988514318e-10,-0.0674762379472609,0.30027127492016525,-0.23429193036863896,0.22675436546736816,0.00011172106985230933,-0.00044863212819947087,-0.05853389687006223,0.2598559896634141,-0.2136419357633143,0.15057528451551852,3.5914445425483166e-10,-1.0860339697925888e-10,-0.04819179203565182,0.21549784679337583
71.83,-0.0510965286391715,0.06339310639213837,-0.24764605483274837,0.2773339772001295,-4.79511874392789e-10,4.0084832557775485e-10,-0.06717244410756604,0.2993006462974137,-0.2348737910445086,0.2289191378981249,0.00010724318028524264,-0.00042975251236561157,-0.057844592549685034,0.25662393504787956,-0.2139401595368379,0.15158618857345255,3.7183572795145214e-10,-1.590958518205892e-10,-0.04707543877118781,0.20923412663126434
71.84,-0.050519495650992646,0.06382588498261996,-0.24858506018124654,0.2809380042010452,-4.863283059316909e-10,4.2792372710024756e-10,-0.06683875036248589,0.29814626843772185,-0.23543273692566466,0.23099976592116486,0.00010272013841064425,-0.00041089539021058334,-0.05712967954835399,0.2531945786914598,-0.21422321353535695,0.15253935097751434,3.845105396920941e-10,-2.0941252504840794e-10,-0.04593824316025761,0.2028335604424647
71.85000000000001,-0.049935955018653604,0.06434408438387733,-0.2494959319958553,0.28444889785031424,-4.931021713806823e-10,4.5483411182233615e-10,-0.06647527497687568,0.29680348516605387,-0.2359685610591135,0.23299446830697482,9.81539237221857e-05,-0.0003920699676161132,-0.0563895033672795,0.2495684184213126,-0.21449100319518247,0.15343424381049706,3.971638384943047e-10,-2.595287886079895e-10,-0.044780847068617326,0.19630556816837613
71.86,-0.049345849132545506,0.06494235161005779,-0.2503783204835098,0.28786433378067544,-4.998307801787907e-10,4.8155804200857e-10,-0.06608215510946086,0.295266813751915,-0.2364810651003843,0.23490166696037415,9.354652021236134e-05,-0.00037328340703714013,-0.05562442912571809,0.2457471203846229,-0.21474343978595198,0.1542704455639718,4.097905938696576e-10,-3.0942176175796646e-10,-0.04360390496858365,0.18966013459722592
71.87,-0.04874911263346009,0.06561571637455721,-0.25123188542331193,0.2911821221822049,-5.065114614492527e-10,5.080615169814731e-10,-0.06565954727826391,0.29353289641067115,-0.23697005946748706,0.23672002485512594,8.889991517009477e-05,-0.0003545435349425754,-0.05483484136710825,0.24173396695074295,-0.2149804404524177,0.1550476030565568,4.223858003124488e-10,-3.590694422498979e-10,-0.04240808295499999,0.1829071093034542
71.88,-0.04814567291904404,0.06635936547971205,-0.25205629638909754,0.2944000228146168,-5.131415664911044e-10,5.343232267142917e-10,-0.06520762772330403,0.29159883415839444,-0.2374353634749316,0.2384483350822077,8.421609796297797e-05,-0.0003358583083905186,-0.05402114373462245,0.2375331394640395,-0.21520192824866094,0.1557654308018796,4.3494447797451003e-10,-4.0844994610263396e-10,-0.04119405776154585,0.17605618649648005
71.89,-0.047535450634397694,0.0671684880027032,-0.25285123297954304,0.29751554531735624,-5.197184578523153e-10,5.603305088189788e-10,-0.06472659274274674,0.2894604960651367,-0.23787680545545925,0.2400854262373034,7.949705876665056e-05,-0.0003172362010763293,-0.05318375856110413,0.23314912176048716,-0.21540783217368936,0.15642344631663743,4.4746166697670327e-10,-4.5788074451992447e-10,-0.03996251579359405,0.1691168606711449
71.9,-0.04691836015888646,0.06803827669373212,-0.25361638506772466,0.30052600133602325,-5.262395419418641e-10,5.860691431882937e-10,-0.06421665909626577,0.2871132527439968,-0.23829422287479354,0.24163021298550777,7.47447871927368e-05,-0.00029868759479889634,-0.05232312641123985,0.2285868872633972,-0.21559808721662116,0.15702112823198533,4.599324053620929e-10,-5.071235673453894e-10,-0.03871415217790183,0.16209850105821708
71.91,-0.04629431010141965,0.06896362825945672,-0.25435145307734847,0.3034283151325186,-5.327022433457461e-10,6.115974449107325e-10,-0.0636780644843879,0.2845516010452057,-0.2386874624397593,0.24308166440426507,6.99612708307692e-05,-0.0002802218405020958,-0.05143970559111254,0.22385149019597828,-0.21577263439470204,0.15755837560153105,4.723517542242252e-10,-5.559973417859166e-10,-0.0374496698205614,0.15501053911506538
71.92,-0.045663203808513526,0.06993948271879406,-0.25505614832306384,0.3062180810709155,-5.391039881169571e-10,6.369892163087732e-10,-0.06311106803192491,0.28177162406195,-0.23905638019928133,0.24443883817251888,6.514849390587428e-05,-0.0002618446081271312,-0.050533971630634285,0.21894842196588968,-0.21593142076736577,0.1580352158329976,4.847148176339102e-10,-6.04549560235443e-10,-0.036169778471703634,0.14786216953166814
71.93,-0.04502493987685156,0.07096074044556065,-0.2557301933999933,0.3088916743857192,-5.454422500406156e-10,6.620859103987347e-10,-0.06251595067461528,0.2787705627693382,-0.2394008416371815,0.2457008812910466,6.030843614528851e-05,-0.00024356108627768256,-0.04960641673324415,0.2138834853826255,-0.2160743994348733,0.15845170147592205,4.970167205452259e-10,-6.52731939244792e-10,-0.034875193806246985,0.14066240677060757
71.94,-0.044379412672135514,0.07202211943173792,-0.2563733225377418,0.31144622272175904,-5.517145004121116e-10,6.868167451876219e-10,-0.06189301548478408,0.2755447675874923,-0.2397207217563089,0.24686702212729492,5.544307174990507e-05,-0.00022537599960441534,-0.04865754919664032,0.20866264518771221,-0.21620152953031405,0.1588079777807912,5.092526379878849e-10,-7.005439899505056e-10,-0.033566636520025485,0.13342020792293927
71.95,-0.04372651286145396,0.07311820301132738,-0.25698528191034886,0.3138785777057464,-5.579182736672289e-10,7.111810759233382e-10,-0.06124258802214171,0.272090461055157,-0.24001590515426038,0.24793657429761837,5.0554368382356945e-05,-0.00020729448494240143,-0.0476878928138504,0.20329204512382065,-0.21631277620484465,0.1591042447988713,5.214177658278449e-10,-7.479597868874401e-10,-0.032244831435979525,0.12614441316382338
71.96000000000001,-0.043066127951572296,0.07424370098344753,-0.2575658299304436,0.3161860629947486,-5.640511196128959e-10,7.351472124209127e-10,-0.06056501662806335,0.2684064733917298,-0.24028628608993752,0.24890896006900248,4.564428609567909e-05,-0.00018932321655775955,-0.04669798624967195,0.19777823795966828,-0.2164081106070566,0.1593407458824878,5.33507363430324e-10,-7.949722878318081e-10,-0.030910506628899166,0.1188434866607892
71.97,-0.042398142826501374,0.07539321613782018,-0.2581147375297467,0.31836586604326034,-5.701106471297824e-10,7.587032459438328e-10,-0.059860672594232694,0.2644916164841273,-0.24053176854028765,0.24978369166006636,4.0714776201334744e-05,-0.00017146818002839026,-0.0456883823886936,0.19212792970828366,-0.21648750985755658,0.15951777527257344,5.455167011366444e-10,-8.415652654839245e-10,-0.02956439257603765,0.11152573180849427
71.98,-0.041722440285367174,0.07656141794111669,-0.2586317884264989,0.3204155138434043,-5.76094482072031e-10,7.818340366911197e-10,-0.05912995022494706,0.26034650970063483,-0.24075226624726437,0.2505603850532339,3.576778013697299e-05,-0.0001537355925532906,-0.04465964765859454,0.18634812160462158,-0.2165509570191025,0.15963566223833714,5.574411213530145e-10,-8.877294827069683e-10,-0.028207221333409926,0.10419911887137287
71.99,-0.04103890157007715,0.07774325434456053,-0.2591167793514428,0.3223334203673605,-5.820003087615903e-10,8.045299339106716e-10,-0.05837326668573096,0.2559758175615285,-0.24094770275412278,0.25123877856920246,3.080522831533356e-05,-0.00013613258371904688,-0.04361236132139007,0.18044628411753622,-0.21659844106382803,0.15969474198209238,5.692759907020034e-10,-9.334529284793264e-10,-0.02683972574833842,0.09687108087236576
72.0,-0.04034740687507583,0.07893375129616108,-0.2595695202095584,0.3241184448866022,-5.878258506903518e-10,8.267836111501159e-10,-0.05759106156267926,0.25138595014584203,-0.24111801143029785,0.25181871867017463,2.5829038938988504e-05,-0.000118666060512001,-0.042547114728005375,0.17443013702639723,-0.21662995683886505,0.15969536998744407,5.810167308452788e-10,-9.787249877201312e-10,-0.025462638716004547,0.08954869936531766
72.01,-0.039647835848054154,0.08012791095148507,-0.2599898341968812,0.3257696222288027,-5.935688778350982e-10,8.485900545409203e-10,-0.05678379623826247,0.24658388453906158,-0.24126313548549913,0.25230015030170055,2.0841116929190935e-05,-0.00010133933934240892,-0.04146451054742124,0.16830752558207585,-0.2166455050300519,0.15963792783446176,5.926587991786833e-10,-1.0235358503265619e-09,-0.024076692472012613,0.08223879681672129
72.02,-0.038940068090916435,0.08132070225771836,-0.2603775578952883,0.32728613563256326,-5.992271999385954e-10,8.699393763393324e-10,-0.05595195319303907,0.24157697582620116,-0.24138302797982683,0.25268292100727036,1.584335644013721e-05,-8.404573525443394e-05,-0.04036516198122407,0.16208640861603374,-0.21664509212325364,0.1595228200313664,6.041977103511661e-10,-1.0678753601843116e-09,-0.022682617912466167,0.0749479450321781
72.03,-0.03822398366283883,0.08250708239156483,-0.26073254135162743,0.32866732644552044,-6.047986702700839e-10,8.908295355422491e-10,-0.05509603526425618,0.23637301016119502,-0.2414776518746902,0.2529656496081258,1.0837648180667504e-05,-6.670135320601225e-05,-0.03924969196232607,0.15577499641351958,-0.21662873036368738,0.15935046269515152,6.156290274349493e-10,-1.1117340526127363e-09,-0.0212811439395813,0.06768245682312758
72.04,-0.03749946358512788,0.08368197856112003,-0.26105464814112905,0.3299126980471552,-6.102811939255342e-10,9.112558579084272e-10,-0.05421656486465362,0.23098013384371682,-0.2415469801220995,0.25314774029847137,5.8258800395591515e-06,-4.947380451273235e-05,-0.03811873233999609,0.1493814677509055,-0.2165964377136855,0.15912128974139575,6.269483506438855e-10,-1.1551024874855138e-09,-0.01987299683331885,0.06044837879538163
72.05,-0.03676639034799526,0.08484029961129523,-0.26134375541489213,0.3310219100934781,-6.156727207508337e-10,9.312160616384066e-10,-0.05331408316429062,0.2254068404719403,-0.2415909957083001,0.25322960693139623,8.099284445988901e-07,-3.24146207846249e-05,-0.03697292306438445,0.14291390834206877,-0.216548237809083,0.15883574411144952,6.381513420496649e-10,-1.197970621928454e-09,-0.018458899649675932,0.05325148651962583
72.06,-0.036024648418909636,0.08597694003308881,-0.2615997539314387,0.3319947852375825,-6.209712507775274e-10,9.50706825766805e-10,-0.05238914923844228,0.21966193654875973,-0.2416096916327956,0.25321163951979697,-4.208347140546773e-06,-1.5498858356066197e-05,-0.035812911375902055,0.13638041840900067,-0.21648415991465114,0.15849427406015337,6.492337059015815e-10,-1.2403300172642884e-09,-0.017039571645815297,0.046097289650277734
72.07000000000001,-0.035274124752451855,0.08708676905302318,-0.26182254807173094,0.33283132187401265,-6.261748173803811e-10,9.697240272453194e-10,-0.05144233918416581,0.21375452128432132,-0.2416030708643479,0.25309436678850167,-9.227104919083121e-06,1.2568366044211884e-06,-0.03463935099668293,0.12978906883915814,-0.21640423887866905,0.1580973417681015,6.601912043071805e-10,-1.2821705375786557e-09,-0.015615727731846541,0.038991033560667694
72.08,-0.03451470930178236,0.08816464178536844,-0.26201205583736387,0.33353167897781827,-6.312815185221821e-10,9.882662505687956e-10,-0.050474245208482586,0.20769394721747966,-0.24157114628921764,0.2528783627667617,-1.4244521456515986e-05,1.7853043156524622e-05,-0.033452901324395296,0.12314789221646848,-0.21630851508658133,0.15764541385078273,6.710196488425451e-10,-1.3234827289140095e-09,-0.014188077949141932,0.0319376986880671
72.09,-0.033746295531171665,0.0892054065675021,-0.2621682088326127,0.3340961702642062,-6.362894925219535e-10,1.0063308661046416e-09,-0.049485474691554905,0.2014897866636439,-0.24151394065179996,0.2525642871709033,-1.9258792565752127e-05,3.428266406719052e-05,-0.0322542266304662,0.11646485825113365,-0.2161970344142473,0.157138954632614,6.817149002227325e-10,-1.3642579558146026e-09,-0.012757326975150862,0.024942001697985064
72.10000000000001,-0.032968780928937395,0.0902039078796663,-0.26229095223103555,0.33452526055646586,-6.411969178189634e-10,1.0239175839647558e-09,-0.04847664922830638,0.19515179823332002,-0.24143148648833507,0.25215285866510834,-2.4268134065970092e-05,5.054333988847543e-05,-0.031043995264636626,0.10974785719257826,-0.21606984818137417,0.15657842379099843,6.922728918018233e-10,-1.4044867075105545e-09,-0.011324173654562052,0.018008398479556684
72.11,-0.0321820675203897,0.09115499046502738,-0.26238024472708654,0.3348195605588108,-6.460020394043111e-10,1.0410249898100155e-09,-0.047448403651813104,0.18868989373170938,-0.24132382605403352,0.25164486082041204,-2.9270782487565194e-05,6.663115890902394e-05,-0.0298228788677638,0.1030046801902368,-0.2159270131054815,0.15596427315495914,7.026895870361232e-10,-1.4441592957172861e-09,-0.009889310556524871,0.0111410877052472
72.12,-0.031386062380416295,0.09205350299093182,-0.2624360584732434,0.3349798213085109,-6.50703128681863e-10,1.0576553769221142e-09,-0.04640138504178694,0.18211410495790067,-0.24119101124418219,0.25104113136071143,-3.4264995691864525e-05,8.254378301303814e-05,-0.028591551594683937,0.09624300251236857,-0.2157685912566768,0.15529694430521707,7.129610262930906e-10,-1.48326802250826e-09,-0.008453423557561493,0.004344015206253186
72.13,-0.03058067814509028,0.09289431003676232,-0.2624583790425292,0.3350056542606582,-6.552985073714569e-10,1.0741886321463872e-09,-0.04533625171448128,0.17543477669478544,-0.24103310350983825,0.2503425559233226,-3.924905338094611e-05,9.828026202301567e-05,-0.02735068934881384,0.08947036868040624,-0.21559465001362738,0.15457686196208262,7.230832950408185e-10,-1.5218028404568888e-09,-0.007017191449773799,-0.0023791226509071064
72.14,-0.029765833521413414,0.09367229976079232,-0.26244720549634915,0.3348949932328199,-6.597865261411262e-10,1.0904552634573504e-09,-0.04425367218271469,0.16866264490170174,-0.2408501737688919,0.24955005966557564,-4.4221257402640566e-05,0.00011384240124349364,-0.026100969030025456,0.08269417756919277,-0.21540526202122032,0.15380443016237985,7.33052540226643e-10,-1.5597553884565318e-09,-0.005581285573924739,-0.009024873815749847
72.15,-0.028941453795264437,0.09438236214348755,-0.262402550480328,0.3346482793475214,-6.641655389838469e-10,1.1062150384292934e-09,-0.043154324102228345,0.16180806241122297,-0.24064230231281916,0.2486646143248903,-4.917993193817226e-05,0.0001292298634797631,-0.024843067797476845,0.0759216613637861,-0.21520050514986627,0.15298004402254387,7.428649733736028e-10,-1.597118572759005e-09,-0.00414636947671818,-0.01559001925488429
72.16,-0.028107471338048806,0.095019402554484,-0.26232444019533413,0.33426706104538884,-6.684339794210483e-10,1.1215141500042063e-09,-0.042038893235051694,0.15488119541772705,-0.24040957870923987,0.24768722841210017,-5.412342374111706e-05,0.00014444165237832425,-0.023577662349014848,0.06915987536904661,-0.21498046245609329,0.15210408494284552,7.525168555275607e-10,-1.633883074504541e-09,-0.002713098591530856,-0.02207156920377839
72.17,-0.02726382611127513,0.09557835924183294,-0.2622129142743727,0.33375256172126194,-6.725903075068743e-10,1.1363364041410257e-09,-0.040908072428656,0.1478922446617134,-0.2401521017010783,0.24661893251046546,-5.90501025166692e-05,0.00015947399455954177,-0.022305428218451412,0.062415685232021303,-0.2147452221443386,0.1511769238254476,7.620045163349974e-10,-1.6700504095769705e-09,-0.0012821199420605537,-0.028466758793321934
72.18,-0.02641046616798792,0.0960542024223449,-0.2620680256442918,0.33310630964636395,-6.766330273035998e-10,1.1507002129253258e-09,-0.039762560600459865,0.14085130349082733,-0.23986997910384514,0.24546075984278126,-6.395836040497469e-05,0.00017435640345836003,-0.02102703909176875,0.05569575970409225,-0.21449487753035182,0.15019890557110416,7.713243444574305e-10,-1.7056147746655603e-09,0.00014592813157357767,-0.03477304238564347
72.19,-0.025547348150140703,0.09644195472636045,-0.2618898403800948,0.33232979420439424,-6.805607136383955e-10,1.1646068760602088e-09,-0.0386030617295341,0.13376838318089065,-0.23956332777288084,0.24421145913985254,-6.88465971699025e-05,0.00018953020463975307,-0.019743166131611384,0.04900693533029998,-0.21422952700742065,0.1491703325234946,7.804727873055757e-10,-1.740559727896241e-09,0.0015704162250681883,-0.040988080094138936
72.2,-0.024674437780760294,0.09673669742535874,-0.2616784375520453,0.33142460677040425,-6.843719592749518e-10,1.1780665447515777e-09,-0.037430283859009435,0.1266533496372396,-0.23923227372081826,0.24286856606557927,-7.371320485834583e-05,0.00020477307696195013,-0.01845447729719274,0.042356054406903036,-0.21394927401659533,0.14809146288310646,7.894463551368477e-10,-1.7748749577589167e-09,0.002990724101285461,-0.047109737809482376
72.21000000000001,-0.023791710351410315,0.09693353120592596,-0.2614339090662417,0.33039241319413687,-6.880654210568265e-10,1.1910823465218458e-09,-0.03624493811155134,0.1195159299450848,-0.23887695224809694,0.24143259727296137,-7.855657727842924e-05,0.00021985495642565464,-0.017161636682081944,0.03574926472688426,-0.21365422705417542,0.1469614458527942,7.982416005764532e-10,-1.8093705590656717e-09,0.004406240906403701,-0.053135913136883345
72.22,-0.02289915120606336,0.09702759606188638,-0.2611563594967452,0.32923496957954207,-6.916397972258408e-10,1.2036631077335993e-09,-0.03504773771970329,0.11236568365671626,-0.23849750792556926,0.2399048695792085,-8.337512392438042e-05,0.00023483816906597809,-0.01586530389761709,0.029192346073863843,-0.21334449974574318,0.1457790773929912,8.068550882538871e-10,-1.8434401535533138e-09,0.005816365376559755,-0.05906463055016736
72.23,-0.02199675622036865,0.0970140963641567,-0.26084590595437845,0.3279526530256092,-6.95093808850167e-10,1.216226048728162e-09,-0.03383939706508496,0.10521224114902417,-0.23809409448976038,0.23828634257207132,-8.816727245190343e-05,0.00024969317003761457,-0.014566133493919248,0.02269089456274563,-0.21302021092215856,0.14454436529482123,8.15283426225611e-10,-1.876695858945888e-09,0.007220506026338513,-0.06489427923567542
72.24,-0.02108453227426669,0.09688831698837393,-0.26050267820194184,0.32654000653320997,-6.984261994406544e-10,1.2287946400727276e-09,-0.03262063068977437,0.09806612891184524,-0.2376668747347246,0.23657814624811646,-9.293146815974893e-05,0.0002644467281407651,-0.013264774405657863,0.0162502339832032,-0.2126814846361583,0.14325752953395504,8.235233002131831e-10,-1.9093148293612273e-09,0.008618081310069697,-0.07062346352649716
72.25,-0.020162497717266636,0.09664560503276944,-0.26012681894470363,0.32499611226941405,-7.016357188901715e-10,1.240943599114913e-09,-0.03139215229427654,0.09093682836445693,-0.2372160204053838,0.23478131937472893,-9.766617329654051e-05,0.0002790993815716638,-0.011961869422376993,0.009875446748672197,-0.21232845014884727,0.14191865102069895,8.315714530796738e-10,-1.9411909544107813e-09,0.010008519760776666,-0.07625093394826628
72.26,-0.019230682826789285,0.09628137518675141,-0.2597184839064374,0.32332347318324384,-7.047211495577803e-10,1.252623965827485e-09,-0.030154673796881387,0.08383293194830585,-0.2367417121025513,0.2328965595999269,-0.00010236985898450638,0.00029389670242850456,-0.010658054682365393,0.0035714128376536218,-0.21196124191757937,0.1405278529816453,8.394247091827602e-10,-1.9723600150602305e-09,0.011391260112378097,-0.08177561082863712
72.27,-0.01828913026042395,0.09579108596012338,-0.25927784167748613,0.32152360184215256,-7.07681332196862e-10,1.2638688274708763e-09,-0.028908904460933412,0.07676292528925353,-0.23624413942807723,0.23091738920931926,-0.00010704097575948129,0.0003094026677986057,-0.009353959152333762,-0.00265605042038244,-0.21157999958594237,0.13908521254627096,8.47079960277264e-10,-2.0027911231771762e-09,0.012765751405861933,-0.08719656680492886
72.28,-0.017337895502022686,0.09517028147626864,-0.2588050735373297,0.319598233673429,-7.105151311597232e-10,1.2748474704313752e-09,-0.02765555005477379,0.0697349762575399,-0.23572350142888934,0.22883934564367517,-0.00011167793743345631,0.00032508201175162374,-0.008050204082205704,-0.008801690655383507,-0.21118486797456967,0.137590827448005,8.545341844016812e-10,-2.032497331902372e-09,0.014131453079536465,-0.09251303656605626
72.29,-0.01637704729938287,0.09441460975850245,-0.258300373640881,0.3175375981469955,-7.132214367338722e-10,1.2861779970835462e-09,-0.026395311973484766,0.0627590691930858,-0.23518000692709082,0.22666302645647324,-0.00011627914123090085,0.00034077679182472904,-0.006747402503070484,-0.014861351299717485,-0.21077599707331282,0.13604474846076825,8.617844129997404e-10,-2.0614438975311056e-09,0.015487835043989423,-0.09772439133053558
72.3,-0.015406668091261781,0.09351983523164926,-0.2577639496976669,0.3153342228914785,-7.157991279374469e-10,1.2972184255809154e-09,-0.025128886298608766,0.05584449517867627,-0.23461387458045682,0.22438837916567633,-0.00012084298271893508,0.0003565977648513932,-0.005446158795321162,-0.020831033509377886,-0.21035354203659248,0.13444698573146383,8.688277644427721e-10,-2.0896725191607028e-09,0.016834377743102643,-0.10283013180821557
72.31,-0.014426854422115906,0.0924818580887621,-0.25719602352584614,0.3129883783268565,-7.182471134831714e-10,1.3076798068144697e-09,-0.023856962909554635,0.0489988163269201,-0.23402533284992164,0.2220161673637383,-0.00012536785682190117,0.00037243532992809126,-0.0041470682986147,-0.026707136907842766,-0.20991766328496428,0.13279420338277265,8.756613860843983e-10,-2.1184782622314624e-09,0.01817057221793997,-0.10782937241102336
72.32000000000001,-0.013437717343527493,0.09129670915637203,-0.25659683115303494,0.3105011604242096,-7.205643553901919e-10,1.3176580827879141e-09,-0.022580224709347084,0.042229101346741564,-0.23341461993193918,0.21954740376491738,-0.0001298521597540354,0.000388330007745097,-0.0028507169542547374,-0.03248637186942997,-0.20946852679084998,0.1310824785370284,8.822824327380989e-10,-2.146802208815566e-09,0.01949592018641089,-0.1127212518539231
72.33,-0.01243938280160955,0.08996057106954299,-0.25596662269726034,0.30787451411274713,-7.227498642815795e-10,1.3270562566434023e-09,-0.021299346924519687,0.03554191423510857,-0.2327819836659215,0.21698298817237735,-0.00013429428962507067,0.00040426585677435454,-0.0015576809783828256,-0.038165694518979325,-0.2090063043547612,0.12931127747596088,8.886880989505522e-10,-2.1740651696471917e-09,0.020809934109343405,-0.11750555680245739
72.34,-0.011431992009629598,0.08846977346251204,-0.2553056621932242,0.30511027068310603,-7.248027099354742e-10,1.3359210646777775e-09,-0.0200149964502783,0.02894347669304886,-0.23212768144095766,0.21432386534884068,-0.0001386926459738094,0.0004202556013323209,-0.0002685265618633288,-0.043742333881594035,-0.20853117372593322,0.12748006127080438,8.948756637275429e-10,-2.2006096592106075e-09,0.022112137220260928,-0.12218219631633409
72.35000000000001,-0.01041570180551644,0.08682079879740826,-0.25461422740549844,0.30221032434176753,-7.267220168720765e-10,1.3442273055848261e-09,-0.018727831234196943,0.022439633336929256,-0.23145198010363469,0.21157094509589464,-0.00014304562942646942,0.00043629783310068397,0.001016190403571359,-0.04921377579561944,-0.2080433186565211,0.12558828344685663,9.008424932136663e-10,-2.2261681536464907e-09,0.02340206353281298,-0.126751191930961
72.36,-0.009390684993791433,0.08501029161844965,-0.2538926096418894,0.29917653673419425,-7.285069630969831e-10,1.351985636691163e-09,-0.017438499696590337,0.016035863355523112,-0.23075515586659268,0.20872514100255968,-0.00014735164123124705,0.00045239910989873435,0.0022959245730741875,-0.054577766060098204,-0.20754292894133033,0.12363588211027579,9.065860529444826e-10,-2.2507710482645846e-09,0.024679257834457815,-0.131212751625935
72.37,-0.008357130671174861,0.0830350646773998,-0.25314111356692426,0.2960107782429264,-7.30156783012822e-10,1.359189384985808e-09,-0.016147640187977902,0.00973727075537774,-0.23003749421810718,0.2057873500352369,-0.00015160908278107069,0.0004685623732269992,0.0035701413707057163,-0.05983230384720672,-0.20703020043742734,0.12162267729497807,9.121038980971736e-10,-2.2743772895474427e-09,0.02594327566591227,-0.13556717339761742
72.38,-0.007315244535147352,0.08089210676014874,-0.252360057016116,0.29271490160415514,-7.316707784650574e-10,1.3658412125367943e-09,-0.014855880483795693,0.0035485872358999903,-0.2292992898326453,0.20275846213299892,-0.00015581635508916987,0.00048479250362639146,0.00483831718605614,-0.06497563933928252,-0.20650533507812996,0.11954855036902265,9.173936786375761e-10,-2.2969837100695058e-09,0.02719368328893925,-0.13981486919254854
72.39,-0.0062652491747630995,0.07857858940001698,-0.2515497708112379,0.28929075017455824,-7.330482849031294e-10,1.37193770692897e-09,-0.013563837316453805,-0.002525829383375648,-0.22854084648247594,0.1996393552568111,-0.0001599718582600231,0.0005010934947878309,0.006099939545868604,-0.0700062687187103,-0.20596854088711952,0.11741335663683607,9.224531611341507e-10,-2.3185674433016397e-09,0.028430057643731833,-0.1439563475904853
72.4,-0.005207384343035416,0.07609187333647553,-0.25071059857696953,0.28574014975721035,-7.342887177736255e-10,1.377480174797647e-09,-0.012272115944688824,-0.008481992882355639,-0.22776247695030355,0.19643089815026404,-0.00016407399094462905,0.0005174697739742907,0.007354507261085985,-0.07492293003738958,-0.2054200319920079,0.1152169719412622,9.272802052472948e-10,-2.3391145492117494e-09,0.029651986296162294,-0.14799221751461047
72.41,-0.004141907210391464,0.07342951051604431,-0.2498428965590927,0.282064910528994,-7.353915360429086e-10,1.3824657508328842e-09,-0.010981309760069283,-0.01431628684486799,-0.22696450294289405,0.1931339500706191,-0.0001681211498188434,0.000533924686980296,0.008601530549761068,-0.07972459864909152,-0.2048600286376434,0.11295926480067645,9.318727693713824e-10,-2.358608379792806e-09,0.03085906737523201,-0.15192318269914615
72.42,-0.003069092598693972,0.0705892533867582,-0.2489470334444281,0.27826682293584293,-7.363562588554156e-10,1.3868939876997842e-09,-0.009691999930395736,-0.02002546070739661,-0.22614725500562488,0.18974936163205242,-0.0001721117291134332,0.0005504611387995123,0.009840531136287268,-0.08441048234200428,-0.2042887571992889,0.11064010677460843,9.362289211327512e-10,-2.377036921943578e-09,0.032050909501002665,-0.15575003915832106
72.43,-0.0019892331949430205,0.06756906740863887,-0.24802339018273972,0.2743476555883474,-7.371824550995137e-10,1.3907620677864357e-09,-0.008404755079643422,-0.025606625662715973,-0.22531107243791917,0.18627797485486464,-0.00017604412015766473,0.0005670828047151937,0.011071042327478893,-0.08898001507534008,-0.20370645019525677,0.1082593871208511,9.40346851324928e-10,-2.3943851555507973e-09,0.03322713170339679,-0.1594736699925646
72.44,-0.0009026397437106089,0.0643671357826101,-0.24707235981082337,0.2703091542675163,-7.378697550983645e-10,1.3940680945213495e-09,-0.007120131004045656,-0.03105725045200714,-0.22445630320950594,0.1827206243263521,-0.00017991671087426854,0.0005837937927867805,0.012292609066097745,-0.09343285117498142,-0.203113346298022,0.10581701455923567,9.442248286226184e-10,-2.410638433140884e-09,0.034387363332181335,-0.16309504469938804
72.45,0.00019035878232761844,0.06098186452647242,-0.2460943472788755,0.26615304163781933,-7.384178560742955e-10,1.3968084215844281e-09,-0.005838670423867333,-0.0363751561080689,-0.2235833038774154,0.17907813821473922,-0.00018372788523236605,0.0006005982307601539,0.013504787962412989,-0.09776885961851232,-0.20250969034359467,0.10331291214730237,9.478612573045754e-10,-2.4257823775823617e-09,0.03553124395833215,-0.16661521721747738
72.46000000000001,0.0012894150342368533,0.057411887273011865,-0.2450897692791691,0.26188101738122666,-7.388264968754437e-10,1.398978788004984e-09,-0.004560902770320001,-0.041558509553166395,-0.22269243950358503,0.17535133992924865,-0.0001874760226851042,0.0006175002706531177,0.014707147304364015,-0.10198811825090999,-0.20189573333926542,0.10074702057413454,9.512546365529473e-10,-2.439801657303824e-09,0.0366584232669711,-0.17003532359169218
72.47,0.002394163161515242,0.05365606992993372,-0.24405905407701847,0.25749475864376287,-7.390954822203406e-10,1.4005750551779972e-09,-0.003287344006980902,-0.046605816693490454,-0.2217840835729262,0.17154104966305045,-0.00019115949760440507,0.0006345039551671035,0.01589926704690265,-0.10609090791261763,-0.20127173246966376,0.0981192980731084,9.544035857661792e-10,-2.452682426956633e-09,0.03776856094210548,-0.17335657969417206
72.48,0.0035042187101136236,0.04971351589747553,-0.24300264134399177,0.2529959205097808,-7.392246726453322e-10,1.4015916400502653e-09,-0.0020184964850201315,-0.05151591503731219,-0.22085861791169228,0.16764808596839187,-0.00019477667871889906,0.0006516132540781915,0.01708073878110884,-0.11007770631384124,-0.20063795110098692,0.09542972301982634,9.573068355267395e-10,-2.4644096351850278e-09,0.03886132654339583,-0.1765802790674894
72.49,0.004619178544260549,0.04558357059761161,-0.24192098199330714,0.24838613692897427,-7.39213987247851e-10,1.4020230719965232e-09,-0.0007548488314884837,-0.056287965799474295,-0.21991643260598598,0.1636732674811416,-0.00019832592855663597,0.0006688320241846652,0.018251165683687447,-0.1139491818866392,-0.19999465878322895,0.09267829530732644,9.599632346104415e-10,-2.474969622253516e-09,0.0399363993751705,-0.179707790823927
72.5,0.005738620792552748,0.04126582588266165,-0.2408145380173202,0.24366702185967365,-7.390634057038667e-10,1.4018633369843184e-09,0.0005031241301264308,-0.06092144558999406,-0.21895792592023253,0.15961741472617547,-0.00020180560289455304,0.0006861640088466371,0.019410162447464446,-0.11770618752589085,-0.19934213125022954,0.08986503833007853,9.623717520215397e-10,-2.4843479884547186e-09,0.04099346834789657,-0.1827405576209508
72.51,0.0068621048187288486,0.03676012402215795,-0.23968378232698098,0.23884017070627186,-7.387729646251816e-10,1.4011059891338752e-09,0.0017549614279115798,-0.06541613771265271,-0.2179835042154353,0.15548135201533017,-0.00020521405021611274,0.000703612818637875,0.020557355193509774,-0.12134975428616729,-0.19868065041736463,0.08699000064430747,9.645314627033483e-10,-2.4925311526393863e-09,0.0420322318323091,-0.18568009368162652
72.52,0.007989171217520897,0.032066561406336826,-0.23852919859311447,0.23390716196955805,-7.383427678509204e-10,1.3997450926992158e-09,0.003000215958981368,-0.06977212313202887,-0.2169935818670232,0.15126590940869838,-0.00020854961117821,0.0007211819223570878,0.021692381365516815,-0.12488108502005643,-0.19801050437670112,0.08405325776226494,9.664415658697265e-10,-2.4995062695916883e-09,0.04305239750639853,-0.18852798285530478
72.53,0.009119341835938025,0.02718549188051261,-0.23735128108935363,0.2288695591102985,-7.377729671996556e-10,1.3977743027520164e-09,0.004238454477279397,-0.07398977114474627,-0.21598858118209172,0.14697192473222048,-0.00021181061808910826,0.000738874633966653,0.022814889607076106,-0.1283015479830163,-0.1973319873894411,0.0810549138493121,9.681013908528135e-10,-2.505260868270991e-09,0.04405368219545096,-0.19128587669924463
72.54,0.010252119801281495,0.02211691303877714,-0.23615053452800053,0.22372918914985424,-7.370637916836159e-10,1.3952085690216056e-09,0.005469257558277931,-0.07806954788834151,-0.21496893230909087,0.14260046415677674,-0.00021499539456831283,0.000756688667443141,0.02392453961886909,-0.13161278745700064,-0.19664539986675855,0.07799538612217206,9.695103771675505e-10,-2.5098509778544715e-09,0.04503581171177143,-0.19395528399004736
72.55,0.01138698946375403,0.0168584572754336,-0.2349274738469438,0.21848905232494814,-7.362155097960273e-10,1.3920828187391161e-09,0.006692219568805338,-0.08201141413085836,-0.2139350731066983,0.13815354577471745,-0.00021810225611060966,0.0007746018110804709,0.025021001978999056,-0.13481709359423485,-0.19595104819687836,0.07487955434731824,9.706680727438774e-10,-2.5137427199907176e-09,0.045998520674704134,-0.196538537366144
72.56,0.012523416130539426,0.011404997253197142,-0.23368262389142008,0.2131535096680429,-7.352284455820734e-10,1.3889106207680347e-09,0.007906948632687566,-0.08581621293244035,-0.2128874488690254,0.13363617366303537,-0.0002211295109231632,0.0007926191355194376,0.02610395792361509,-0.13791682895309645,-0.19524924412787756,0.07171935229253797,9.715740862561446e-10,-2.5172039001188435e-09,0.04694155217803869,-0.19904168897488547
72.57000000000001,0.013660845557427035,0.00574944812007206,-0.23241651878607805,0.2077340284016364,-7.341029047155329e-10,1.386356634443576e-09,0.009113066447182438,-0.08948853055566008,-0.21182651165866806,0.12906067138501365,-0.00022407546410551147,0.0008106068512331211,0.027173099013693157,-0.14091751066473138,-0.19454030367763653,0.06852789146921899,9.722280998770686e-10,-2.5200967822010727e-09,0.0478646572593997,-0.20147072797783636
72.58,0.014798703407077327,-0.00011149419289278596,-0.23112970102393357,0.2022390078335957,-7.328391855770156e-10,1.3836023070652503e-09,0.010310207912955982,-0.09303243634284641,-0.21075271939067888,0.12443381054336831,-0.00022693842681060632,0.0008284739931914558,0.02822812671091023,-0.14382250425976617,-0.19382454605331853,0.06531157586779801,9.726298187484505e-10,-2.5224466071540538e-09,0.04876759437820255,-0.20382908304436914
72.59,0.01593639494788863,-0.006178150898899466,-0.22982272071320864,0.19667209219526455,-7.314375583139409e-10,1.3808374175281933e-09,0.011498020775724883,-0.09645005020351878,-0.2096665349992033,0.11976388247530816,-0.0002297167237460934,0.0008462027042712458,0.029268751969134667,-0.14663609329092164,-0.19310229284081026,0.06207804138718963,9.727790414758334e-10,-2.5241719822213093e-09,0.04965012900321288,-0.20612076482119596
72.60000000000001,0.017073304975795473,-0.012450807721928388,-0.22849613494407273,0.19104261163398145,-7.298983024834788e-10,1.3783591024944267e-09,0.012676165302126242,-0.09974583255049431,-0.20856842570355177,0.11505707747868697,-0.00023240870063444695,0.0008636312173207763,0.030294694839789454,-0.1493620222981288,-0.1923738673772854,0.058831312624476544,9.72675606450607e-10,-2.5250497566078864e-09,0.05051203326950705,-0.2083482410181544
72.61,0.01820879787850161,-0.018927099920200044,-0.22715050711499762,0.18535514936125597,-7.28221700868e-10,1.375423669306985e-09,0.013844313914770093,-0.10292307034407565,-0.2074588625097251,0.11031434559445132,-0.00023501273300271234,0.0008807379667259011,0.03130568414577981,-0.15200208908447196,-0.19163959435301497,0.05557297602549985,9.723194376021415e-10,-2.5253150988097494e-09,0.05135308571205275,-0.2105135928368758
72.62,0.01934221786315918,-0.025603624879890464,-0.2257864064867713,0.17961086740106283,-7.264080498279443e-10,1.371950174464244e-09,0.015002150876950287,-0.10598382130282925,-0.20633831985086026,0.10554186405889185,-0.00023752722707099752,0.0008976251210209755,0.03230145719635142,-0.15456022662989902,-0.1908997994803825,0.05230865273453426,9.71710523163278e-10,-2.5248982852235893e-09,0.0521730710110573,-0.21262012497851915
72.63,0.020472889283504134,-0.032477104181711396,-0.224404407960453,0.1738121830467042,-7.244577197282119e-10,1.3682060272744141e-09,0.01614937204995374,-0.10893050851411792,-0.20520727510502773,0.10074477300020086,-0.00023995061987382412,0.0009141313571824567,0.03328175944572788,-0.15704002172138162,-0.1901548091202419,0.049040450635315695,9.70848926444227e-10,-2.5235789222061716e-09,0.05297177972236273,-0.21466991588987733
72.64,0.021600116996992054,-0.03954374962200006,-0.22300509174971872,0.1679651151302491,-7.223710697005557e-10,1.364592805382754e-09,0.01728568460953325,-0.11176708176255978,-0.20406620817022092,0.09592467277650134,-0.00024228138757457422,0.0009301719475961249,0.03424634416489857,-0.15944382211801003,-0.1894049500515133,0.04576887530662265,9.697348063958986e-10,-2.521335823645184e-09,0.053749008055793704,-0.2166646699879725
72.65,0.02272318678610509,-0.04679842728343079,-0.2215890428977397,0.16207415241795425,-7.201484846325037e-10,1.3605489460994769e-09,0.018410806686353257,-0.11449727826843824,-0.20291560125294444,0.09108256985872566,-0.00024451805221481997,0.000945759208906179,0.03519497218040944,-0.16177400894296098,-0.18865054938312603,0.042494632118683436,9.683683960398192e-10,-2.518128142577545e-09,0.054504557691562996,-0.2186062412730816
72.66,0.023841365883531355,-0.054235107827456205,-0.22015685090115283,0.156140455520263,-7.177903981720801e-10,1.3558081326056297e-09,0.01952446701884809,-0.11712379682368391,-0.20175593875911907,0.08621937038911312,-0.0002466591830558206,0.0009608762264370968,0.036127411631237574,-0.16403311852110097,-0.18789193447835137,0.039218730360759374,9.667500284501925e-10,-2.514170913675089e-09,0.055238235594277,-0.2204965615101111
72.67,0.02495390357150862,-0.06184764049659163,-0.21870910951898367,0.15016549535247997,-7.152972800837409e-10,1.3504811497182898e-09,0.020626404654907813,-0.11964955361492453,-0.2005877071288015,0.0813383405524227,-0.00024870339349103486,0.0009756340332156763,0.0370434376989938,-0.166224282512517,-0.18712943278388527,0.035944650575761905,9.648801163178235e-10,-2.5094433572045754e-09,0.055949853801576244,-0.22233816570895895
72.68,0.026060031816322275,-0.06962949387041387,-0.21724641663476568,0.14415065148678927,-7.126696856787614e-10,1.3444884232155662e-09,0.021716368661387382,-0.12207752857683968,-0.19941139451740747,0.07644400688554162,-0.00025064933875383106,0.0009899315652528544,0.03794283229478848,-0.1683509863559693,-0.18636337159268765,0.032673870469216056,9.627591534346738e-10,-2.503737485335954e-09,0.056639229196738534,-0.22413309393431258
72.69,0.027158965936068844,-0.07757373760500569,-0.21576937411431732,0.13809739043149152,-7.099082207269077e-10,1.3378449747707607e-09,0.022794117825763356,-0.12441071512775587,-0.19822749046025775,0.07153790814992401,-0.000252495721497397,0.0010036697553170897,0.03882538374026959,-0.17041595896478634,-0.18559407789335822,0.029406686396015225,9.603877246334826e-10,-2.4970481092695204e-09,0.05730618330593306,-0.22588299305638745
72.7,0.02824990530798463,-0.08567303236905426,-0.21427858766261784,0.13200712549806015,-7.07013557063916e-10,1.3305304637667271e-09,0.023859420350392565,-0.1266522866519843,-0.19703648568151974,0.06662087780839124,-0.00025424129838149507,0.0010168496149931252,0.03969088648799985,-0.172421638273419,-0.18482187830629182,0.02614375434285424,9.577665216233751e-10,-2.489376347414816e-09,0.05795054211960381,-0.22758967541373182
72.71000000000001,0.029332034121452452,-0.09391945818031344,-0.21277466664195413,0.12588255290513012,-7.039864333910559e-10,1.3230043308514668e-09,0.02491205352212863,-0.1288059186199595,-0.19583887198790237,0.06169404294650449,-0.00025588488234412876,0.0010294506569529422,0.04053914086707377,-0.174370596073974,-0.18404709903346025,0.02288546887634969,9.54896321211669e-10,-2.480694000934256e-09,0.05857213591503686,-0.22925490144501748
72.72,0.030404522181764176,-0.10230462932335352,-0.21125822378006848,0.11972791277773275,-7.00827598610517e-10,1.3150072918142303e-09,0.02595180334039044,-0.13087571415302837,-0.19463514216889888,0.056758298910297454,-0.00025742534359515237,0.0010414639215035357,0.04136995282661023,-0.1762654477233165,-0.18327006581074887,0.01963232928168433,9.51778013529403e-10,-2.4709964511825183e-09,0.059170799079899014,-0.23088037675069067
72.73,0.03146652576147062,-0.11081972210291359,-0.20972987484866987,0.11354511211440067,-6.975378770900651e-10,1.3062501734688611e-09,0.02697846413239531,-0.13286519031537447,-0.19342578990010456,0.051814623508865607,-0.0002588616105496522,0.001052877589082335,0.04218313367455142,-0.1781088048170844,-0.18249110386245943,0.01638476341528861,9.48412579621754e-10,-2.4602824787410605e-09,0.059746369939269045,-0.23246781747196377
72.74,0.032517188497848924,-0.11945540416148623,-0.20819023845398354,0.10733517110835138,-6.941181508662682e-10,1.2967942354692591e-09,0.02799183819111814,-0.13477779402850534,-0.19221130964765168,0.04686397379346064,-0.00026019267053580046,0.0010636842708525278,0.04297849982038432,-0.17990313072316752,-0.1817105378569103,0.013143209928957053,9.448011110662921e-10,-2.4485502651685654e-09,0.06029869057781943,-0.23401911678466508
72.75,0.0335556423667801,-0.12820094817021171,-0.20663993590826862,0.10109939725901913,-6.905693691712978e-10,1.286608997978729e-09,0.0289917353899121,-0.13661821646473318,-0.19099219656479804,0.04190754037749452,-0.000261417570440224,0.0010738733146861959,0.0437558725603521,-0.1816497536316418,-0.1809286918671844,0.009907968301552082,9.409447870442216e-10,-2.435799065012942e-09,0.060827606606526245,-0.23553767575466847
72.76,0.03458100877618357,-0.13704429855722414,-0.20507959111309687,0.09483882332554683,-6.868925607001111e-10,1.2757158229353313e-09,0.02997797270613209,-0.13839215194928267,-0.18976894636201955,0.036947010875846,-0.0002625354164359467,0.0010834662757813478,0.04451507795282778,-0.18334899353655776,-0.18014588934041162,0.0066792762338938145,9.368449071520124e-10,-2.4220639425488996e-09,0.06133296680738565,-0.237028322423098
72.77,0.03559239976456258,-0.14597300050534445,-0.20350983044517454,0.08855465382704542,-6.830888197254712e-10,1.26411504357683e-09,0.030950373662177247,-0.14010556956394266,-0.18854205507940702,0.031986292488892766,-0.000263545372926279,0.0010924607021919879,0.04525594675975805,-0.18500137148527399,-0.17936245303169748,0.003458703715074934,9.325028470927568e-10,-2.4074609559212464e-09,0.06181462266098832,-0.2384964321582982
72.78,0.03658891925887982,-0.15497415305748624,-0.2019312826405394,0.08224804551989578,-6.791593043480279e-10,1.2518164892131033e-09,0.031908767731251994,-0.14176450005050192,-0.18731201878058204,0.02702796464369537,-0.0002644466637029744,0.001100800058476698,0.045978314409958525,-0.18660702672233256,-0.17857870488134428,0.00024756496289618307,9.27920084272407e-10,-2.3918751892828184e-09,0.062272427818603114,-0.239947389278968
72.79,0.03756966436893922,-0.16403462719048797,-0.20034457867517064,0.07592023633187624,-6.751052558812192e-10,1.238831542505192e-09,0.03285298973747034,-0.14337488447375452,-0.1860793333095839,0.02207326947292295,-0.0002652385754470079,0.0011084537657715151,0.04668202098398713,-0.18816588313301544,-0.17779496590785632,-0.002953781626201507,9.23098195034666e-10,-2.3752541880092607e-09,0.0627062375735901,-0.24138623643963766
72.8,0.03853372669740998,-0.17314142142809885,-0.19875035163910287,0.06957257358436682,-6.709279703104609e-10,1.2251679535270638e-09,0.03378287926997004,-0.14494231766084967,-0.18484449413251045,0.01712369193378441,-0.000265920460700558,0.001115401511849025,0.047366911205509135,-0.18967824300862024,-0.17701155614941588,-0.006144856166359058,9.180388473097658e-10,-2.3576320784191425e-09,0.06311590836415357,-0.24281754455216148
72.81,0.03948019366413607,-0.18228099703862938,-0.1971492366041339,0.06320638350696046,-6.666288168072086e-10,1.2108349622899205e-09,0.03469828010856791,-0.14647263540246194,-0.18360799619776366,0.01218058087665704,-0.0002664917395803212,0.0011216307504948813,0.04803283442745395,-0.1911441097440708,-0.17622879461901741,-0.009325204894906207,9.127438236848989e-10,-2.3390044864395357e-09,0.06350129729669206,-0.24424619328277594
72.82000000000001,0.04040814984835933,-0.19143999573867926,-0.19554187048706262,0.05682309956784069,-6.622092257698393e-10,1.1958476715155987e-09,0.035599039655210336,-0.14797132321418113,-0.18237033379681775,0.0072453296657864,-0.00026695190057489783,0.0011271396206028036,0.04867964461555658,-0.19256380964732125,-0.1754469992553463,-0.012494272971534938,9.072149933288526e-10,-2.3193824213593083e-09,0.06386226167819747,-0.24567657810281185
72.83,0.04131667832714918,-0.2006052196235428,-0.19392889190274099,0.050424326103134326,-6.576706997384945e-10,1.180217667084877e-09,0.036485008402794034,-0.14944306191261397,-0.18113200042902003,0.002319215849529641,-0.00026730050100089387,0.0011319158142731247,0.04930720029764957,-0.19393845695119497,-0.17466648686397332,-0.01565133751780368,9.014543228037608e-10,-2.298771784334495e-09,0.06419865859741973,-0.24711209135503234
72.84,0.04220486206657621,-0.20976137235625694,-0.19231094100476803,0.04401172469977239,-6.53014800857425e-10,1.1639558972153663e-09,0.0373560394533372,-0.15089244607519015,-0.17989348867106417,-0.0025964784824834865,-0.00026753716785809226,0.0011359445076373636,0.04991536446302364,-0.1952693188598614,-0.17388757304748864,-0.018795651719136594,8.954638953576841e-10,-2.277185348571198e-09,0.06451034463035432,-0.24855401285170026
72.85000000000001,0.04307178543320655,-0.2188924980720244,-0.19068865931393147,0.037587151549063245,-6.482431545099278e-10,1.1470686310299676e-09,0.03821198809024121,-0.15232297384422686,-0.17865529005213965,-0.007500588965297816,-0.00026766159884890404,0.0011392144746910219,0.050504004402997224,-0.19655881861559393,-0.17311057212555211,-0.021926288989147256,8.892458667438959e-10,-2.254624772971564e-09,0.06479717585288342,-0.24999769548500966
72.86,0.043916535770739104,-0.22798291308262805,-0.1890626894982124,0.031153682751418398,-6.433574324058686e-10,1.1298461085156046e-09,0.03905271142959508,-0.15373739568609612,-0.17741789493683693,-0.012392017692421235,-0.0002676735632727742,0.001141712927651053,0.05107299146250656,-0.1978103143433102,-0.17233579704051294,-0.025042158809117376,8.82802512091065e-10,-2.231103914675137e-09,0.06505900827220165,-0.2514357620057962
72.87,0.044738205019825256,-0.23701550474268931,-0.18743367507631353,0.02471479459098592,-6.383593592855739e-10,1.1120990082126592e-09,0.03987806810788123,-0.15513918409160526,-0.17618179241034343,-0.017269559925022233,-0.00026757290290199226,0.001143428172917898,0.05162220074534634,-0.1990264304637861,-0.1715635592529559,-0.028142221943491558,8.761361828987051e-10,-2.2066423602743373e-09,0.06529569852821214,-0.2528602522656538
72.88,0.04553589139076982,-0.2459735413621011,-0.18580226011629142,0.018272699752036086,-6.332507071232886e-10,1.093696295975172e-09,0.04068791796354924,-0.15653133668598113,-0.17494747016016915,-0.02213202747162666,-0.00026735953264825086,0.0011443543701862545,0.05215151083432313,-0.20020988446787705,-0.17079416863607016,-0.03122542447003239,8.69249340558535e-10,-2.1812566988270667e-09,0.06550710468343886,-0.2542630207109598
72.89,0.04630870102441701,-0.2548409602020067,-0.18416908899490997,0.011829408261203806,-6.280333122417366e-10,1.0747061209598742e-09,0.04148212175200367,-0.15791606804550978,-0.17371541435833832,-0.026978289738632866,-0.0002670334410145753,0.001144483827545784,0.05266080350179081,-0.2013640280567959,-0.17002793336757205,-0.034290624440115394,8.621445245156002e-10,-2.1549421056099437e-09,0.06569308704527874,-0.25563554536081157
72.9,0.04705574962842736,-0.26360116209358014,-0.18253480618665188,0.005387101525303534,-6.227090605717107e-10,1.0551023821022235e-09,0.04226054091060345,-0.15929553103285243,-0.17248610954587928,-0.0318071884152998,-0.0002665946904956701,0.0011438107430243418,0.053149963386848215,-0.20249222074955156,-0.1692651598154938,-0.037336631993063966,8.548243770040863e-10,-2.1277098171092237e-09,0.06585350906654185,-0.2569674903390395
72.91,0.04777616411960011,-0.2722377628257874,-0.1809000560508694,-0.0010521240202006883,-6.17279913059785e-10,1.0349091984305547e-09,0.04302303733827408,-0.16067200725705544,-0.17126003851581062,-0.03661752441410602,-0.0002660434177556712,0.001142333601207862,0.053618877668934514,-0.20359752200661216,-0.16850615242235154,-0.04036233829583288,8.472916188116574e-10,-2.099601540328488e-09,0.06598823830298504,-0.2582498183140603
72.92,0.048469084248022654,-0.28073494646814917,-0.17926548261901043,-0.007486148789804189,-6.117478781989852e-10,1.0141266524329978e-09,0.04376947316495405,-0.16204794364716862,-0.17003768219229484,-0.04140805787213577,-0.0002653798335317035,0.0011400520690705291,0.054067435767348695,-0.20468262804341542,-0.16775121359553452,-0.043366737617093136,8.395490695790921e-10,-2.070634745859225e-09,0.06609714728266182,-0.25947543445487115
72.93,0.049133664188616914,-0.28907688618746336,-0.1776317293801188,-0.013912780543021062,-6.06115021489148e-10,9.92766453605175e-10,0.044499710531610344,-0.16342510015271394,-0.16881951950918234,-0.04617762077105126,-0.0002646042225370694,0.0011369633154648068,0.054495529107690066,-0.20574884184582462,-0.16700064360050326,-0.04634869903031036,8.315996324689513e-10,-2.040775510044486e-09,0.06618011431472015,-0.2606352687695853
72.94,0.04976907413431605,-0.2972473366198022,-0.17599943905973564,-0.020329744747159015,-6.003834778179906e-10,9.708401941267277e-10,0.045213611419718726,-0.16480462988740993,-0.1676060272930621,-0.05092510242298863,-0.0002637169434258584,0.0011330661710355525,0.05490305099397728,-0.2067965055505661,-0.16625474044700866,-0.04930700043084865,8.234462943740889e-10,-2.010052680718854e-09,0.06623702441633074,-0.2617183430166816
72.95,0.05037450191619744,-0.305229837158983,-0.17436925339355325,-0.02673477536271569,-5.945554202220795e-10,9.48360652117924e-10,0.04591103751919058,-0.16618785331502306,-0.16639768014345807,-0.0556491620364175,-0.0002627184290567194,0.0011283475795797876,0.05528989660379737,-0.20782440547215142,-0.1655137997720689,-0.05224054105218222,8.150921310125255e-10,-1.9785247967917926e-09,0.06626777032063105,-0.2627153734832537
72.96000000000001,0.050949154619432724,-0.31300865644015946,-0.17274181290075774,-0.03312563563165811,-5.886330795740863e-10,9.253463622678244e-10,0.04659185008396049,-0.16757661311040872,-0.16519495025919237,-0.06034704621370251,-0.0002616091871708295,0.001122799274301064,0.05565596307896072,-0.2088313397319264,-0.1647781147328855,-0.05514840661870593,8.065402985098783e-10,-1.946227682766346e-09,0.06627225335334043,-0.26361984306528835
72.97,0.051492260147630954,-0.32056868703621716,-0.1711177566594291,-0.039500103250764036,-5.826187644989234e-10,9.018091815997939e-10,0.04725590975670676,-0.16897281026911967,-0.1639983072163526,-0.06501684111897038,-0.0002603898001117417,0.0011164458320771465,0.05600114969163719,-0.2098146407436343,-0.16404797591438405,-0.058029780991550185,7.97794019164118e-10,-1.913118468343397e-09,0.06625038410826911,-0.26442624006985904
72.98,0.05200306874960207,-0.3278945546723432,-0.16949772208316116,-0.045855953672333784,-5.765147904706846e-10,8.777621561915114e-10,0.04790307638268054,-0.17037827302075825,-0.16280821778537327,-0.06965746088174417,-0.0002590609233255432,0.0011092978932994704,0.05632535810066882,-0.2107710588183684,-0.16332367123608432,-0.06088355037920439,7.888566232829926e-10,-1.8791516870428925e-09,0.06620208317821623,-0.2651238804812415
72.99,0.05248085455365113,-0.33497064975431395,-0.16788234469628727,-0.052190911597678157,-5.703235682152724e-10,8.532226933021475e-10,0.04853320884271531,-0.1717942903689338,-0.16162514580133422,-0.07426768158224578,-0.00025762328415753166,0.0011013584538667285,0.056628492607208834,-0.21169923608025715,-0.1626054858478958,-0.06370865601502716,7.797314947297391e-10,-1.84444327640333e-09,0.06612728212483406,-0.2657019729533809
73.0,0.05292491709441405,-0.3417821328268014,-0.1662722579048553,-0.0585026465548308,-5.640475198162769e-10,8.282146562877826e-10,0.04914616493328991,-0.17322153865847578,-0.16044955204763967,-0.07884640374996361,-0.00025607768105838233,0.0010926363108498555,0.05691046032244618,-0.21259800990144084,-0.1618937020369,-0.06650449772630289,7.704221112721096e-10,-1.8090569146103239e-09,0.06602592437123427,-0.2661557135828544
73.01,0.05333458275895703,-0.34831567993521045,-0.16466809276529462,-0.06478887387887658,-5.57689147439042e-10,8.027571570171343e-10,0.049741801271610576,-0.17466121200539,-0.15928189413996754,-0.0833924257733455,-0.00025442498269826565,0.0010831389987804936,0.057171171345691954,-0.21346435956200394,-0.16118859914871483,-0.0692701789848477,7.609320059301019e-10,-1.7728800935927878e-09,0.06589796576374367,-0.2664815092794813
73.02,0.05370920612731477,-0.35455845105240663,-0.16307047775672331,-0.07104738863953217,-5.512509634000839e-10,7.768677525655653e-10,0.05031997316561755,-0.17611520789017449,-0.15812262640746272,-0.08790454007321166,-0.000252666126976482,0.0010728800623691014,0.05741053906292416,-0.21429420998802481,-0.1604904534779078,-0.07200398124887276,7.51264807925612e-10,-1.7358630494922602e-09,0.06574337507541286,-0.2666718876988578
73.03,0.054048171266988056,-0.3604973356707845,-0.16148003856011728,-0.07727605087003754,-5.447355487613383e-10,7.505645580385115e-10,0.05088053450414103,-0.17758331598584745,-0.15697219977279608,-0.09238157680713957,-0.0002508021198777251,0.0010618717114485635,0.057628480504030855,-0.2150844621046656,-0.15979953813029038,-0.07470477988629494,7.414242148860137e-10,-1.698100672152742e-09,0.06556213474639022,-0.26671713592515583
73.04,0.05435089302601058,-0.3661193752525872,-0.1598973978412947,-0.08347268857763127,-5.381455122052313e-10,7.238645719441315e-10,0.05142333776382993,-0.1790644654324878,-0.15583106163670543,-0.09682245456764922,-0.0002488340341501339,0.00105012922029329,0.057824916612846534,-0.21583395832096,-0.15911612292080884,-0.07737217941304092,7.314140011118592e-10,-1.659687747402981e-09,0.06535424167345827,-0.2666120164777464
73.05,0.054616818296331276,-0.3714124858681674,-0.15832317503678517,-0.08963523214453673,-5.314835043046289e-10,6.967862370618607e-10,0.0519482341496343,-0.18055598510952217,-0.15469965576745895,-0.10122608561451109,-0.00024676300762553464,0.0010376740982907138,0.05799977240095083,-0.216541578492155,-0.15844047432002298,-0.0800058117928521,7.212380041976114e-10,-1.6206325190657068e-09,0.06511970777525393,-0.26635283369926643
73.06,0.05484542719082563,-0.3763658687586151,-0.1567579861445577,-0.09576162532688692,-5.247522164633508e-10,6.693522431469213e-10,0.052455073797123525,-0.18205631311583295,-0.15357842219077764,-0.10559135021928602,-0.0002445902413243626,0.0010245248372357588,0.058152977112077606,-0.21720455796883045,-0.15777285541708105,-0.08260533267636418,7.109001355198955e-10,-1.5809210413830468e-09,0.06485856041384831,-0.2659352159221417
73.07000000000001,0.055036234121430494,-0.380969297166538,-0.1552024435180002,-0.10184982952035969,-5.179543682582322e-10,6.415764245646113e-10,0.052943705947729104,-0.1835640157663888,-0.1524677970779147,-0.1099171234933504,-0.0002423169975388952,0.0010107047010571339,0.05828446449968345,-0.21781907450047602,-0.15711352588293476,-0.08517034975583719,7.004043631266701e-10,-1.5405506995280139e-09,0.0645708428310873,-0.26535440946290245
73.08,0.055188788804766714,-0.3852131407934412,-0.15365715566384178,-0.10789789620151607,-5.110927183238469e-10,6.134641809779882e-10,0.05341397915041017,-0.18507588891108392,-0.1513682126343439,-0.11420232828269128,-0.00023994459783090763,0.0009962351267833315,0.05839417316389906,-0.21838212874105117,-0.1564627419319061,-0.08770047867414811,6.897547333270227e-10,-1.4995094618781382e-09,0.06425661463154954,-0.26460519466745913
73.09,0.05530267721387706,-0.3890881801561166,-0.15212272704589624,-0.11390390905450154,-5.041700583036311e-10,5.85034684944331e-10,0.053865741514021036,-0.18658983732643317,-0.1502800969913918,-0.1184459090771153,-0.000237474421141836,0.0009811341600127576,0.0584820468488906,-0.21889136611353233,-0.15582075628576955,-0.09019543430395169,6.789553416440419e-10,-1.4578491614408836e-09,0.06391595226417017,-0.26368338605490116
73.10000000000001,0.05537752247621973,-0.3925858840796775,-0.15059975789375576,-0.11986600198542414,-4.971892092039979e-10,5.56311364779934e-10,0.054298840961845556,-0.18810305548768996,-0.14920387410135075,-0.12264685732868036,-0.00023490790201126185,0.0009654237868658469,0.05854803466374492,-0.2193453531629493,-0.1551878181490048,-0.09265512927918094,6.680103591190987e-10,-1.4156061667389818e-09,0.06354894940791292,-0.2625865515171093
73.11,0.05541298569926571,-0.3956986895779841,-0.14908884401463554,-0.12578230904817572,-4.901530150495388e-10,5.273094280210971e-10,0.05471312547275934,-0.18961359965651658,-0.14813996363655077,-0.12680420303681128,-0.00023224652862927005,0.0009491283474671692,0.058592091221170435,-0.21974343360232954,-0.15456417319880947,-0.0950795743118137,6.569240142575169e-10,-1.372776925248377e-09,0.06315571722542117,-0.2613130707651141
73.12,0.05540876670683597,-0.39841992347419775,-0.14759057660802732,-0.131651021866711,-4.830643719871913e-10,4.980461982729785e-10,0.055108443305186286,-0.1911191613233462,-0.1470887808912711,-0.13091697568759203,-0.00022949184079857547,0.0009322699736402888,0.0586141767226015,-0.2200848551147303,-0.1539500635826183,-0.09746873950111794,6.457005815474244e-10,-1.3293716971330262e-09,0.06273638455124159,-0.25986102423129376
73.13,0.05536460469997626,-0.4007433027479831,-0.1461055420845163,-0.13747037361056585,-4.759261733557396e-10,4.685183076344005e-10,0.05548464325558567,-0.19261634691351975,-0.14605073668270302,-0.13498414927763505,-0.00022664542803984972,0.0009148697304840617,0.058614257142898855,-0.22036529534147672,-0.1533457279157857,-0.0998226019519313,6.343444131517853e-10,-1.285390605316004e-09,0.06229109808082316,-0.2582284280961458
73.14,0.055280278862535864,-0.40266313187973174,-0.1446343218820009,-0.14323840872383625,-4.687413460760378e-10,4.3872810694843606e-10,0.05584157499287731,-0.19410127349099357,-0.14502623725041613,-0.13900473731290022,-0.000223708927631339,0.0008969552587002297,0.05859230459773342,-0.22058028703083143,-0.1527514012785335,-0.10214112929212107,6.228599096641789e-10,-1.2408380443661858e-09,0.061820022571098684,-0.2564132190796776
73.15,0.05515560888982476,-0.4041750083475874,-0.14317749223563958,-0.14895194645071283,-4.615128577792628e-10,4.086835615554868e-10,0.05617908941150722,-0.19557093289974004,-0.14401568415930396,-0.14297783728645738,-0.00022068402242822723,0.0008785523785470756,0.05854829770125558,-0.2207281948994669,-0.1521673152164956,-0.10442441582067277,6.112515320548671e-10,-1.195743536537413e-09,0.061323340992213614,-0.25441508620126274
73.16,0.054990455427964956,-0.4052749694112494,-0.1417356239124046,-0.15460873912872763,-4.542436841226219e-10,3.7841961485190775e-10,0.05649703891565883,-0.19702346340753318,-0.14301947420905398,-0.14690259754898674,-0.00021757243862622721,0.0008596882980154199,0.058482221740517024,-0.22080888239987498,-0.15159369775193374,-0.10667270449768453,5.995237904961712e-10,-1.1501285753980925e-09,0.060801254524831636,-0.25223597056650876
73.17,0.054784720442857725,-0.40595979370654256,-0.1403092819906729,-0.1602072881333554,-4.4693682905071766e-10,3.479638087131117e-10,0.05679527761430102,-0.19845749874886207,-0.14203799934830943,-0.15077818254388092,-0.00021437594348168307,0.0008403914528136468,0.058394068713927806,-0.22082240854381222,-0.1510307734035763,-0.10888619821063891,5.876812556106781e-10,-1.1039932128600554e-09,0.06025398241669973,-0.24987764914731278
73.18,0.054538347515832045,-0.40622716055319114,-0.13889902569052315,-0.16574594070289714,-4.3959532362854263e-10,3.173384347269847e-10,0.0570736615134655,-0.19987023586299366,-0.1410716465893016,-0.1546037127466143,-0.00021109634306852048,0.0008206871149589553,0.05828383738205241,-0.22076716161800222,-0.15047876320666617,-0.11106507499188642,5.757285390061243e-10,-1.0573466702665008e-09,0.059681761813916046,-0.24734154013923118
73.19,0.054251322056506346,-0.40607551002306547,-0.13750540821447643,-0.1712231482004802,-4.3222220447438703e-10,2.8654275267120305e-10,0.057332048768390466,-0.2012589142718155,-0.14012079791952187,-0.1583782716390573,-0.00020773548028817426,0.0008005976367023991,0.058151533453574274,-0.220639698992534,-0.14993788473074246,-0.11320950411509001,5.636703186854321e-10,-1.010200145744282e-09,0.05908484762124802,-0.24462880031554401
73.2,0.05392367143919064,-0.4055039608925731,-0.13612897659247716,-0.17663742987830217,-4.2482052688484466e-10,2.5559460242622053e-10,0.05757030000868158,-0.20261925985214202,-0.13918583021172226,-0.16210097465951417,-0.00020429523286231082,0.0007801536059445081,0.05799716989806592,-0.22043646841341522,-0.1494083520965177,-0.11531965471602118,5.5151131989138e-10,-9.625735443232381e-10,0.058463512358942746,-0.2417413488801891
73.21000000000001,0.05355546505997858,-0.40451262518850084,-0.13477027153536464,-0.18198740328713256,-4.173933680678282e-10,2.2451306855750272e-10,0.05778827871853716,-0.20394760957473426,-0.1382671151382713,-0.1657710497820607,-0.00020077751096105422,0.0007593867985830749,0.05782076721387826,-0.22015671891940822,-0.14889037599808297,-0.11739587365683787,5.392563077770426e-10,-9.14480275649832e-10,0.05781804589877669,-0.23868396586866017
73.22,0.053146814320209915,-0.40310197454084695,-0.13342982729466812,-0.18727168859825039,-4.0994381214155913e-10,1.9333342990002157e-10,0.057985851563899786,-0.20524201140054715,-0.13736501909243226,-0.16938774784051563,-0.00019718425470928192,0.0007383261977492356,0.057622353557864096,-0.21979976409787658,-0.14838416372914337,-0.11943835345793392,5.269101085295426e-10,-8.659266727036953e-10,0.057148755051713136,-0.23546117447973758
73.23,0.052697872553916995,-0.4012730825555968,-0.13210817152609947,-0.1924889572670138,-4.024749639333366e-10,1.6207606215280775e-10,0.05816288863664553,-0.20650007275360396,-0.13647990311270217,-0.17295030928521368,-0.00019351743180628085,0.0007170012885365149,0.0574019648344466,-0.21936433874477812,-0.14788991920588768,-0.12144731005583552,5.14477575398331e-10,-8.169267710335765e-10,0.0564559630906815,-0.2320781802218057
73.24,0.05220883487668244,-0.3990283749178763,-0.13080582515586153,-0.1976378867953126,-3.949899230915046e-10,1.3077120853893012e-10,0.05831926368453954,-0.20771947221266218,-0.13561212280674673,-0.17645796242405756,-0.0001897790359710794,0.0006954162366607636,0.05715964478961845,-0.21884990256873466,-0.14740784298855097,-0.12342297756603379,5.019636289658636e-10,-7.67499361960752e-10,0.055740009237762296,-0.2285404148210933
73.25,0.05167993793206779,-0.39637104788286914,-0.12952330224888642,-0.20271717316438262,-3.8749179590245576e-10,9.943842281270039e-11,0.05845485434150518,-0.20889804598962924,-0.13476202823230407,-0.17990856635580682,-0.00018597109116658296,0.0006734285821124022,0.05689544510480141,-0.2182551305274252,-0.1469381323032818,-0.12536555504754665,4.893732275271152e-10,-7.176523129502499e-10,0.05500124811424491,-0.22485371413580718
73.26,0.051111459552478616,-0.39330497318977137,-0.12826110987892805,-0.2077255375168594,-3.799837002564814e-10,6.810095979601354e-11,0.05856954233709893,-0.2100340048083952,-0.1339299637047215,-0.18329980050521824,-0.0001820956545860887,0.000651187236755675,0.056609425515294236,-0.2175786938028727,-0.14648098106436638,-0.1272752967564006,4.767113581839031e-10,-6.674016741541511e-10,0.05424004912465634,-0.22102526071169096
73.27,0.05050371835579687,-0.38983453208612273,-0.12701974800182644,-0.21266175023190892,-3.724687503329071e-10,3.6741481305048276e-11,0.05866321368832984,-0.21112543033919284,-0.13311626761001133,-0.18663068579206243,-0.00017815480924163613,0.0006288056057019842,0.0563016539634473,-0.2168186472221483,-0.1460365798966693,-0.12915239730409872,4.639830733137649e-10,-6.16758454258183e-10,0.05345679576514849,-0.21706227369360942
73.28,0.04985707328959484,-0.385964560259654,-0.1257997093358573,-0.21752471491105635,-3.649500700802666e-10,5.353352593532701e-12,0.05873575897474548,-0.2121676739575428,-0.13232127228956034,-0.18990053227068557,-0.00017415065606555462,0.0006062830546043237,0.05597220675020564,-0.21597408537688229,-0.14560511615375632,-0.13099697069836708,4.5119343856038194e-10,-5.657354260582595e-10,0.05265188487663267,-0.2129728429367134
73.29,0.049171923122691974,-0.38170055096907457,-0.12460147925124496,-0.22231338581527205,-3.574307768480955e-10,-2.6012758630981755e-11,0.05878707375245976,-0.21315603735643335,-0.13154530396307706,-0.19310856684556443,-0.00017008531114657947,0.0005836579614872681,0.05562116864109311,-0.21504430764936666,-0.14518677392789822,-0.13280903422567425,4.3834757954255797e-10,-5.143481272456757e-10,0.05182572584938871,-0.20876521513839727
73.3,0.04844870587015904,-0.3770488160064654,-0.12342553566350718,-0.22702667349438194,-3.499139793460507e-10,-5.732298690915585e-11,0.058817058941278644,-0.21408852155143854,-0.1307886826552032,-0.1962540822600792,-0.0001659609042643706,0.000560936982015238,0.055248632937587625,-0.21402873968501418,-0.14478173405048192,-0.13458849987863572,4.254506565955285e-10,-4.6261074171451194e-10,0.050978739797724465,-0.20444780002890756
73.31,0.0476878981379395,-0.37201654712264626,-0.12227234892585254,-0.23166349397594824,-3.42402810588074e-10,-8.856269080488898e-11,0.05882562104061786,-0.21496438878471175,-0.13005172212274893,-0.19933633854022462,-0.00016177957746825707,0.0005381508456046095,0.054854701536642805,-0.2129268557062829,-0.14439017408313512,-0.1363352082092978,4.125078495420746e-10,-4.1053846756828335e-10,0.0501113587348233,-0.20002864108037907
73.32000000000001,0.046890014385169314,-0.36661167832892994,-0.1211423817210201,-0.2362227631337025,-3.349003690367992e-10,-1.1971467257909405e-10,0.05881267220257503,-0.2157837832327399,-0.12933472978183203,-0.20235460198567598,-0.0001575434831774243,0.0005153273245216567,0.054439484989906875,-0.21173798035436467,-0.14401226830095543,-0.13804892476700933,3.995243899492656e-10,-3.5814898957034734e-10,0.04922402476519571,-0.19551569266009974
73.33,0.04605560611891148,-0.3608425913033743,-0.1200360889546679,-0.24070344252631898,-3.2740975474385727e-10,-1.5077743427904933e-10,0.05877813027728214,-0.21654552662293197,-0.12863800663478836,-0.20530814155939683,-0.00015325478191306275,0.0004924948113670109,0.05400310257251809,-0.2104613365721426,-0.14364818766787754,-0.13972932521049222,3.865055341852003e-10,-3.054588156246337e-10,0.04831718928589879,-0.19091700046205898
73.34,0.04518526104603159,-0.3547178743077434,-0.11895391765349683,-0.24510457282838116,-3.199340567443302e-10,-1.817578208949726e-10,0.05872191896183844,-0.21724663461524482,-0.12796184719800566,-0.20819624709160536,-0.00014891564001339185,0.0004696823724951346,0.05354568236542729,-0.20909596699878122,-0.14329809980280117,-0.1413759768437639,3.734565811590755e-10,-2.5239997114064184e-10,0.047391312181357684,-0.18624072734773653
73.35000000000001,0.044279602195437535,-0.34824646810219456,-0.1178963068706768,-0.24942527414147103,-3.124763706562909e-10,-2.126726223259525e-10,0.05864396811612738,-0.21788245102021517,-0.12730653943191006,-0.21101824237673775,-0.000144528227261734,0.00044691963767535766,0.053067361338078205,-0.20764125510527712,-0.14296216889264401,-0.14298695745649084,3.603828636678938e-10,-1.9850156420638972e-10,0.046446861006406166,-0.18149517149920763
73.36,0.04333928699869093,-0.34143797596559644,-0.11686368759697176,-0.253664672195355,-3.0503976742468387e-10,-2.4346867588054196e-10,0.058544214144623616,-0.21845001194845973,-0.1266723646742579,-0.21377349001394147,-0.00014009471448894655,0.0004242348559198648,0.052568285390569174,-0.20609746542851112,-0.14264055553056232,-0.1445603720270339,3.472897897399476e-10,-1.442083650992789e-10,0.04548431016487915,-0.17668848398852172
73.37,0.04236500631545523,-0.3343025137353551,-0.11585648267266357,-0.2578218576411556,-2.9762731882729125e-10,-2.7411441720489223e-10,0.05842260025221406,-0.2189487969785452,-0.12605959757480545,-0.21646131288905116,-0.00013561727111176069,0.00040165921211049563,0.05204860935181814,-0.20446465857658985,-0.1423334165614322,-0.14609546977064117,3.341828027874756e-10,-8.975864056464544e-11,0.0445041401056971,-0.17182839766182348
73.38,0.041357483407534895,-0.3268506304579269,-0.11487510669832046,-0.2618959353738816,-2.9024207616222315e-10,-3.0460590931677707e-10,0.05827907655551499,-0.21937797240656529,-0.125468506028235,-0.21908101551282216,-0.00013109806243811697,0.000379226615436092,0.051508496968110766,-0.20274296939720904,-0.1420409049846249,-0.1475915073530045,3.210673732574907e-10,-3.506607710875762e-11,0.043506836551040706,-0.16692236636263583
73.39,0.04031747286756015,-0.31909333528370093,-0.11391996594675315,-0.2658860476220956,-2.828870740972775e-10,-3.34940985411515e-10,0.058113600180345996,-0.21973608741141953,-0.12489935110543027,-0.22163190311013845,-0.00012653924709189512,0.00035695975970618035,0.050948120883921734,-0.20093279545101075,-0.14176316987645793,-0.14904763409806737,3.0794899774839793e-10,1.9782948980004545e-11,0.04249288975505317,-0.16197756587804435
73.4,0.039245759511513205,-0.31104180860110686,-0.11299145827780714,-0.26979135878247545,-2.755653468056468e-10,-3.6510570645205853e-10,0.05792613540095531,-0.22002152440454106,-0.12435238698414557,-0.22411327139961973,-0.00012194297501518437,0.0003348776546904401,0.05036766261652296,-0.19903426694404744,-0.14150035630613925,-0.15046295489492667,2.948331724818844e-10,7.478324613383556e-11,0.04146279378655352,-0.15700101589834492
73.41,0.03814315723954488,-0.3027077035799157,-0.11208997305563749,-0.2736110534443433,-2.68279898863332e-10,-3.950846214305399e-10,0.05771665381175516,-0.22023227340516655,-0.12382786088191976,-0.22652450319130127,-0.0001173113856844994,0.0003130041880899281,0.04976731249937132,-0.1970487832705294,-0.14125260524504726,-0.1518364979209841,2.817254262603927e-10,1.2989073908478679e-10,0.04041704582308142,-0.15199979620606574
73.42,0.03701050786531239,-0.2941028422333332,-0.1112158910685731,-0.2773443527819728,-2.610337138401148e-10,-4.248687493867103e-10,0.05748513452799206,-0.22036612132134875,-0.12332601299158236,-0.2288649317916944,-0.00011264660614919131,0.0002913622189384203,0.04914726958601382,-0.19497716060185108,-0.1410200534701741,-0.15316725283794527,2.6863129283224495e-10,1.8508443624382986e-10,0.03935614545742822,-0.14698058595804
73.43,0.03584867992345529,-0.2852391975368441,-0.11036958441059166,-0.28098916186562034,-2.538297856589906e-10,-4.547847753728668e-10,0.05723156442954985,-0.22042003353342327,-0.12284707641597088,-0.2311338882318706,-0.0001079507490395741,0.00026997282962742676,0.04850774155868379,-0.19282018110220212,-0.14080283346231867,-0.15445414933968887,2.555563072733108e-10,2.4033033412438737e-10,0.03828059402836815,-0.14194988293576424
73.44,0.03465856744361178,-0.27612949194709985,-0.10955141624761071,-0.284541735378817,-2.4667108520341153e-10,-4.846403611866252e-10,0.05695593840340209,-0.2203924635016988,-0.12239127710126722,-0.23333069402007825,-0.000103225910730936,0.00024885414103521016,0.04784894461506606,-0.1905797592449722,-0.14060107329926885,-0.155696074839893,2.4250603117079167e-10,2.9560004964122376e-10,0.03719089398610485,-0.1369136065811721
73.45,0.03344108868315723,-0.2667865054188534,-0.10876174054700938,-0.28800061889431633,-2.3956059341031997e-10,-5.142162397400283e-10,0.0566582595173574,-0.22028223537091618,-0.12195883377055186,-0.23545469437618688,-9.84741695955524e-05,0.0002280258228063175,0.0471711032994061,-0.18825782026623716,-0.14041489654474368,-0.15689188490015502,2.2948600303658315e-10,3.508623062613506e-10,0.03608754829295672,-0.13187757551348303
73.46000000000001,0.0321971848305506,-0.25722341506546464,-0.10800090191522763,-0.29136525013431275,-2.325012737063505e-10,-5.435525252867774e-10,0.05633853914301853,-0.2200882709142994,-0.12154995785954002,-0.23750527332723623,-9.369758419807209e-05,0.00020750728339157532,0.04647445028256044,-0.18585720057563307,-0.14024442213380453,-0.15804039831409245,2.1650176557612525e-10,4.06086517054772e-10,0.03497105984775622,-0.1268473698155473
73.47,0.03092781868154144,-0.24745362186650696,-0.10726923551328914,-0.29463469773335454,-2.2549604301258637e-10,-5.726123757802799e-10,0.05599679707644235,-0.2198091697177682,-0.12116485345400484,-0.23948179224574045,-8.889819152196612e-05,0.0001873148116904547,0.045759226091249064,-0.18338091697662992,-0.14008976425499833,-0.15914040692215423,2.0355887708642157e-10,4.612406252391717e-10,0.03384193093522551,-0.12182820437322037
73.48,0.029633973293112164,-0.2374906529437767,-0.10656706697873283,-0.29780825726126614,-2.1854780764922355e-10,-6.013954665816403e-10,0.05563306169059282,-0.2194429521856477,-0.12080371722239379,-0.24138346822815646,-8.407800809797957e-05,0.00016737430295400455,0.045025678813560836,-0.18083188239500772,-0.13995103222993843,-0.16019068592610192,1.9066286923728357e-10,5.162935172709047e-10,0.03270066270984672,-0.11682491186585113
73.49,0.028316650621253703,-0.22734823060957868,-0.10589471234899207,-0.3008851441440211,-2.1165944641817847e-10,-6.298857347028605e-10,0.05524737013790993,-0.21898714548617376,-0.12046673824489741,-0.24320640880159167,-7.923904189792738e-05,0.00014740782112277587,0.04427406381206434,-0.17821281309553996,-0.13982833039074893,-0.16118998500721407,1.778192669116066e-10,5.712130515968698e-10,0.031547754720040934,-0.11184186227406291
73.5,0.026976870144354854,-0.217040166130384,-0.1052524779873863,-0.30386464156111487,-2.0483380571320146e-10,-6.580712894521893e-10,0.05483976856965826,-0.21843988871193298,-0.12015409769997092,-0.24494717043855396,-7.43832985980047e-05,0.00012770242088811686,0.0435046434504214,-0.17552637024896278,-0.13972175795583616,-0.16213705113921487,1.6503358535330375e-10,6.259673556884722e-10,0.030383704474017576,-0.10688305652488536
73.51,0.025615667475390538,-0.20658038282911356,-0.10464066051024773,-0.30674601247517264,-1.9807370598852344e-10,-6.859398397025743e-10,0.05441031230714485,-0.21780021432356822,-0.1198659685909433,-0.24660488027266145,-6.951276823850032e-05,0.00010840562567412388,0.042717686819603536,-0.1727754412955524,-0.1396314089052804,-0.16303063966807207,1.5231131506100848e-10,6.805250429063689e-10,0.029209007045245775,-0.10195209609897915
73.52,0.02423409296924405,-0.19598274303440566,-0.1040595467142774,-0.3095285160539389,-1.9138192881399465e-10,-7.134855553484686e-10,0.05395906597142601,-0.2170666807511666,-0.11960251561161334,-0.24817876886472492,-6.46294145516585e-05,8.943873103455092e-05,0.04191346945801509,-0.16996277855783706,-0.13955737185599548,-0.16386948645143182,1.3965794265932434e-10,7.348540250405604e-10,0.028024154713504414,-0.09705230707627113
73.53,0.022833210331613684,-0.18526110017725347,-0.10350941350456057,-0.3122114515778289,-1.8476122904255952e-10,-7.407034389999393e-10,0.05348610362129856,-0.21623776735560996,-0.11936389506653046,-0.24966802867457175,-5.973517458514096e-05,7.08392725301601e-05,0.0410922730768541,-0.16709103000658274,-0.13949972993692258,-0.16465235396988084,1.270789127727182e-10,7.889232561766108e-10,0.026829636637577422,-0.09218668885757593
73.54,0.021414095231729498,-0.17442925490714803,-0.10299052782546943,-0.31479415038112546,-1.7821433499433854e-10,-7.675842075996336e-10,0.05299150891261844,-0.21531169003922532,-0.11915025479214933,-0.25107187567894496,-5.483195824387568e-05,5.260500980353899e-05,0.04025438529729236,-0.16416271275817929,-0.13945856066602877,-0.16537803306617377,1.1457965266502654e-10,8.427005593752111e-10,0.025625938558742487,-0.08735794035607908
73.55,0.01997783391856952,-0.16350100304446955,-0.10250314659415023,-0.3172759511556245,-1.7174393253801043e-10,-7.941180766650031e-10,0.05247537524955553,-0.21428739305465802,-0.11896173407793288,-0.25238951112089597,-4.9921646850755575e-05,3.475350897698568e-05,0.039400099397932674,-0.16118028811808613,-0.1394339358298105,-0.16604533358800053,1.0216555847777759e-10,8.961553778771704e-10,0.024413542536901582,-0.08256838893646211
73.56,0.01852552184001555,-0.15249010420061054,-0.1020475166351005,-0.31965619620155633,-1.6535268689306065e-10,-8.202991371887503e-10,0.051937805887341336,-0.21316439236669432,-0.11879846358736179,-0.2536201421282727,-4.5006091826874564e-05,1.7291030202481488e-05,0.03852971406986422,-0.15814614367392674,-0.1394259213651122,-0.16665309202707454,8.984198741637152e-11,9.49255527162445e-10,0.023192926721763717,-0.07782001066159389
73.57000000000001,0.017058262268573106,-0.1414101831253248,-0.10162387461510229,-0.3219342294288269,-1.5904320688251479e-10,-8.461198862179391e-10,0.0513789140033586,-0.2119418467388419,-0.11866056527918253,-0.25476298407813136,-4.008711336309676e-05,2.2845052016249093e-07,0.03764353318128293,-0.15506250931073337,-0.1394345772360461,-0.16719993158868118,7.761428767419578e-11,1.0023843655176342e-09,0.021964565157593024,-0.07311449238260935
73.58,0.015577164937421964,-0.13027478497244296,-0.10123244697814163,-0.3241093900440897,-1.5281808716455826e-10,-8.715726457316515e-10,0.05079882275415852,-0.21061957462101089,-0.11854815232885715,-0.25581724252281557,-3.516649875268288e-05,-1.641356196000581e-05,0.036741865553545416,-0.15193154239635429,-0.13945995720498566,-0.16768136785905854,6.548780485298232e-11,1.0560941073909846e-09,0.020728927630115343,-0.06845284138406327
73.59,0.014083344684411973,-0.1190974249908822,-0.10087344988051537,-0.3261810305763778,-1.4667987076910563e-10,-8.966547598549026e-10,0.0501976652640524,-0.2091987821940652,-0.11846132904918336,-0.256782107141648,-3.0246000146524324e-05,-3.261515163780708e-05,0.03582502474424316,-0.14875538883202874,-0.13950210848885503,-0.16809430894053215,5.346791320870283e-11,1.1095360574973947e-09,0.019486479561297645,-0.0638357850687792
73.60000000000001,0.012577920102493286,-0.10789152281948877,-0.1005470890807029,-0.3281470207335977,-1.4063109343087064e-10,-9.217794751272071e-10,0.04957558451422162,-0.20768125239131835,-0.1184001908099651,-0.2576567689539456,-2.5327332985281126e-05,-4.838431264329653e-05,0.03489332883443503,-0.14553612529790774,-0.13956107149136157,-0.1684378847488085,4.155995863240514e-11,1.1623565522810906e-09,0.018237681934488235,-0.05926394658657783
73.61,0.011062012201713222,-0.09667031153329565,-0.1002535595957178,-0.33000002901326203,-1.3467426766923086e-10,-9.46907956695303e-10,0.048932733200127115,-0.20606798193354026,-0.11836482395793203,-0.25844043559340885,-2.0412175814135335e-05,-6.372962183214559e-05,0.03394710022397851,-0.14227568370517396,-0.1396368796664283,-0.16871103059271478,2.9769239308178956e-11,1.214669432346333e-09,0.0169829912381403,-0.054737689778657804
73.62,0.009536743088155558,-0.08544685249119092,-0.09999304520399724,-0.3317370228813225,-1.2881190494142424e-10,-9.716286124660937e-10,0.04826927360139345,-0.20436045455943616,-0.11835530573868669,-0.2591323540426964,-1.550217048787963e-05,-7.865430119395817e-05,0.032986665439469744,-0.13897585846228894,-0.1397295594217837,-0.1689128725057515,1.8101002033508567e-11,1.2663675017996947e-09,0.01572285943149246,-0.050257149925918926
73.63,0.008003234661856309,-0.07423400443466882,-0.09976571814860205,-0.3333579110504188,-1.2304648698206403e-10,-9.958950915640772e-10,0.04758537743170945,-0.2025605250413059,-0.11837170416115232,-0.2597298356875951,-1.0598935913675728e-05,-9.360945875503708e-05,0.03201235496400438,-0.13563804630765888,-0.13983913002816825,-0.16904253814051698,6.560415901000138e-12,1.3174547937022996e-09,0.014457733933818807,-0.04582223059300234
73.64,0.006462607336281148,-0.06304437707451586,-0.09957173904196108,-0.33486167658694843,-1.1738044258250265e-10,-1.019712129875096e-09,0.0468812256671512,-0.20066983610715963,-0.11841407759797995,-0.2602247090656448,-5.704088541089398e-06,-0.00010855254568601436,0.031024503117372672,-0.13226273609631786,-0.13996560353437817,-0.1690992203837127,-4.847392325782367e-12,1.3678821763368216e-09,0.013188057635654383,-0.041432636269264765
73.65,0.004915978781768094,-0.05189034306076565,-0.09941125679637407,-0.3362477373333867,-1.118161638489377e-10,-1.0430657150886862e-09,0.04615700837686635,-0.1986900511437605,-0.11848247423221214,-0.2606138329228609,-8.192381634492816e-07,-0.00012314410017839615,0.030023447974508417,-0.12885088682665138,-0.1401089846862702,-0.16908213589237073,-1.6117376914851436e-11,1.417627466607758e-09,0.011914268929709084,-0.037087896176427014
73.66,0.0033644626930632335,-0.04078404530127303,-0.09928440855256936,-0.33751534538717076,-1.063559906580419e-10,-1.0659488380399774e-09,0.045412924560848236,-0.1966227105267382,-0.1185769317424963,-0.26089725725247864,4.054030178474759e-06,-0.00013738521831774448,0.02900953126941846,-0.12540375030445913,-0.1402692708508672,-0.16899058685966206,-2.7244556307938554e-11,1.4666560610632683e-09,0.010636801760324568,-0.03278734995668088
73.67,0.0018091675810821438,-0.029737378135825374,-0.09919131961391221,-0.3386639235046582,-1.0100221491904928e-10,-1.0883495902546824e-09,0.044649181995784944,-0.19446927924342725,-0.11869747721519264,-0.2610740599074872,8.914163305311981e-06,-0.00015127868528598716,0.027983098282966433,-0.12192232542217434,-0.14044645194758665,-0.16882395419226268,-3.822401904664527e-11,1.5149409795831762e-09,0.009356085691311716,-0.028530160318251133
73.68,0.00025119559047693965,-0.01876196252096712,-0.0991321033844944,-0.3396928548758134,-9.575708241159416e-11,-1.1102593597932062e-09,0.043865997089766205,-0.19223112886462673,-0.11884412708852675,-0.261143870576095,1.375964040892738e-05,-0.00016482081505369512,0.026944497739046617,-0.1184075579529631,-0.14064051038694497,-0.1685816811432062,-4.905093913528818e-11,1.5624526464849433e-09,0.008072545990879806,-0.02431533668654246
73.69,-0.0013083586551409197,-0.007869134859059346,-0.09910686131027399,-0.34060157724361106,-9.062279591251626e-11,-1.1316708289803488e-09,0.04306359474546367,-0.18990954953665015,-0.11901688709867499,-0.26110612137274486,1.858897369254218e-05,-0.0001780130167600252,0.025894081712967424,-0.11486024609277788,-0.14085142101568213,-0.16826326965597874,-5.972056043092697e-11,1.609165936012941e-09,0.006786603731820867,-0.020141749361301066
73.7,-0.0028684091790975846,0.0029300613154584544,-0.099115682748367,-0.3413871399163789,-8.560151586297861e-11,-1.1530822450843208e-09,0.04224220824400186,-0.18750534910431294,-0.11921575223234093,-0.26096041855388175,2.3400709129152903e-05,-0.00019084885831050925,0.02483220555104921,-0.11128109409295213,-0.1410791510674159,-0.1678682677331883,-7.022820113111264e-11,1.6552654605330342e-09,0.005498675905431936,-0.0160081427807255
73.71000000000001,-0.0044278797481244955,0.013624875886746624,-0.09915864441302424,-0.34203666463542154,-8.069539915046383e-11,-1.174494423014287e-09,0.04140207920868208,-0.18501757054355564,-0.11944070668284168,-0.2607063307789916,2.819342734054606e-05,-0.0002033272170134341,0.023759227801356794,-0.10767068983252177,-0.14132365996331753,-0.16739125351579134,-8.056920288573375e-11,1.7023779880608961e-09,0.0042091755677954,-0.011912501949342952
73.72,-0.0059857049402230285,0.024204825043782147,-0.09923580952094344,-0.34254494527327584,-7.590658185420159e-11,-1.1953664308713978e-09,0.040543457631505256,-0.18244635407437276,-0.11969172367135872,-0.26033900748298283,3.29657198502286e-05,-0.00021624252050729634,0.0226755101752665,-0.10402886872835437,-0.1415848988721294,-0.16682693058489442,-9.0738872676867e-11,1.749024421510989e-09,0.0029185120300977653,-0.007852679637606018
73.73,-0.007540831185049973,0.034659695696595785,-0.09934722729741394,-0.34291254693838114,-7.123715160565953e-11,-1.2156301030488404e-09,0.039666601853250855,-0.17979271329740404,-0.11996876480078086,-0.25984554889809613,3.771615541398211e-05,-0.00022943510481181372,0.02158141758978681,-0.10035413196400872,-0.14186281032615117,-0.16617479689744208,-1.0073257382534787e-10,1.7943847299798438e-09,0.0016270910542268587,-0.003827050888530189
73.74,-0.009092217774836419,0.04497961560766993,-0.09949293287086797,-0.343138476922524,-6.668914311442826e-11,-1.2353134270130902e-09,0.03877177848906001,-0.17705732646603392,-0.12027177921604283,-0.2592224934459313,4.24432879628437e-05,-0.00024241235023277546,0.02047731825262224,-0.09664621144910367,-0.14215732809251122,-0.16543487126790166,-1.1054576255997217e-10,1.8388291880933682e-09,0.00033531502562565235,0.0001660245727709094
73.75,-0.010638837841426966,0.05515507363113929,-0.09967294723343546,-0.3432226807894171,-6.226453472528865e-11,-1.2543905163385693e-09,0.03785926235152267,-0.17424093540994404,-0.12060070320436198,-0.2584706849204921,4.714568152472183e-05,-0.00025527352501651397,0.019363583695598752,-0.09290538795938807,-0.14246837715440916,-0.16460683369218512,-1.2017400707800854e-10,1.882275001151109e-09,-0.000956416879319942,0.004128314512613463
73.76,-0.012179679298209754,0.06517687853140249,-0.09988727718157853,-0.34316395589673354,-5.7965247159379064e-11,-1.2731238524153525e-09,0.03692933638509182,-0.1713440254444934,-0.12095546010852168,-0.25758818217424867,5.1821915688054655e-05,-0.0002680149089365935,0.018240588771385235,-0.0891314624365579,-0.14279587367479413,-0.1636900043100833,-1.29612969427821e-10,1.9247524203558994e-09,-0.002247708516108508,0.008061690148762258
73.77,-0.013713745748587062,0.07503616727901835,-0.10013591469264262,-0.34294406165690416,-5.379317775435075e-11,-1.2920495863677305e-09,0.03598229170223593,-0.16836415111804715,-0.12133596024501529,-0.25657490256037213,5.6470585000919885e-05,-0.00028061497546654304,0.017108711656459764,-0.08532445108562928,-0.1431397249525226,-0.16268425307838613,-1.3885840549244337e-10,1.966075088152113e-09,-0.0035381665881849935,0.011967997546444962
73.78,-0.015240057360561252,0.0847244387663276,-0.10041883560580744,-0.34255021582700573,-4.975020406301012e-11,-1.3104469834678848e-09,0.03501842774666003,-0.1652996077922386,-0.12174210086870199,-0.25543108070766046,6.109030056997636e-05,-0.0002930744797667258,0.015968333852808343,-0.08148436928182835,-0.14349982941078035,-0.16158984603063042,-1.4790619661123476e-10,2.0062511089053583e-09,-0.004827400462553287,0.015849068320114925
73.79,-0.016757651705225484,0.09423356266201835,-0.10073599860637701,-0.34198163651283253,-4.5838170576435606e-11,-1.3280952972546516e-09,0.03403805241869294,-0.16215060683421587,-0.12217376619381368,-0.2541570810694474,6.567969057968582e-05,-0.0003054043272411173,0.014819840186251347,-0.07761120323205709,-0.14387607661443358,-0.1604070013262895,-1.5675234258013717e-10,2.045249024814644e-09,-0.006115021985634298,0.01970676497355604
73.8,-0.01826558455833059,0.10355576674784907,-0.10108734487263044,-0.3412363179787444,-4.2058845503713734e-11,-1.3450746996864967e-09,0.03304148209841907,-0.15891712455921025,-0.12263082743001741,-0.25275334527018395,7.023740009757558e-05,-0.00031760741518983035,0.01366361880708048,-0.07370491544843227,-0.14426834729705204,-0.15913607477188427,-1.6539294492744845e-10,2.0830526107654845e-09,-0.0074006452982184594,0.02354294465841912
73.81,-0.019762930665185457,0.11268364608088584,-0.10147279796407846,-0.34031435643673524,-3.8413930218159555e-11,-1.361261310890077e-09,0.032029041632653445,-0.15559945307610357,-0.12311314282789501,-0.25122041381587507,7.47620909368778e-05,-0.00032969038857365545,0.01250006119302676,-0.06976545206523095,-0.14467651339476476,-0.15777745503667412,-1.738242518694421e-10,2.119641628343693e-09,-0.008683886650346214,0.027359459684036178
73.82000000000001,-0.021248784468822352,0.1216101614753163,-0.10189226380251565,-0.3392162766524188,-3.4905043883282076e-11,-1.376702610213062e-09,0.03100106430908401,-0.15219794301075057,-0.12362055773342062,-0.2495589117359958,7.925244154402823e-05,-0.00034165747047453014,0.011329562153831348,-0.0657927491927678,-0.14510043808682585,-0.1563316083016745,-1.8204260941557306e-10,2.154997387337348e-09,-0.00996436421719189,0.031158142767822177
73.83,-0.022722260801409693,0.13032863761912594,-0.10234563071566281,-0.337942602047329,-3.1533733656371496e-11,-1.3913656424244814e-09,0.029957891821489672,-0.14871293659509952,-0.12415290465128641,-0.24776955284025254,8.370714685204817e-05,-0.00035351471306351625,0.010152519836685258,-0.06178674147836819,-0.14553997584219416,-0.15479905123781165,-1.90044504422817e-10,2.1891036027275285e-09,-0.011241697916793397,0.034940802456157556
73.84,-0.024182495538955046,0.13883276688050675,-0.102832769495356,-0.33649405672497085,-2.8301464252344284e-11,-1.4052580858840644e-09,0.028899874233130157,-0.14514481022315281,-0.12471000331679268,-0.2458531329414216,8.812491807204444e-05,-0.00036526800129976734,0.008969335731790894,-0.0577473681375296,-0.14599497247199159,-0.1531803612079065,-1.9782654247535003e-10,2.221943684975642e-09,-0.012515509230432039,0.03870921328144754
73.85000000000001,-0.025628646219160552,0.14711660913707708,-0.1033535334684724,-0.33487145866903406,-2.5209629309959198e-11,-1.4183679249455846e-09,0.027827369937871035,-0.14149396331330238,-0.12529166077601625,-0.24381052863812913,9.250448240245439e-05,-0.00037692417205983394,0.007780414677370799,-0.053674579835739006,-0.14646526518758501,-0.15147616896848787,-2.0538545382793467e-10,2.2535029858658233e-09,-0.013785421026445694,0.042465109184861634
73.86,-0.027059892622415024,0.15517459083543128,-0.10390775858079838,-0.33307576791510185,-2.2259542928294744e-11,-1.4306930772800724e-09,0.026740745618288802,-0.13776083346822857,-0.12589767147395609,-0.24164269382159045,9.684458265939017e-05,-0.0003884903638991715,0.006586164863473158,-0.04956834495132037,-0.1469506826641208,-0.14968715828625395,-2.1271811202601122e-10,2.2837665439726715e-09,-0.015051057388212694,0.04621017642008459
73.87,-0.02847543731601574,0.16300150405641337,-0.10449526349319117,-0.33110805676436456,-1.9452430847339668e-11,-1.44222755350882e-09,0.02564037620017424,-0.13394589824917869,-0.12652781735038224,-0.2393506571129172,0.00010114397682991248,-0.0003999742718666622,0.0053869978339387385,-0.045428655799168015,-0.14745104510922308,-0.1478140618331321,-2.198215065983944e-10,2.3127219754161277e-09,-0.016312043446972634,0.04994604749612155
73.88,-0.02987450616174264,0.17059250527412625,-0.10511584968978951,-0.32896951857236995,-1.6789448209131046e-11,-1.4529686908547298e-09,0.024526644802799546,-0.13004968344553983,-0.1271818679430942,-0.23693551866526968,0.00010540143755258699,-0.000411383993062587,0.004183328485914845,-0.04125553443634552,-0.14796616433659496,-0.14585765950868665,-2.2669276215882597e-10,2.3403564552578897e-09,-0.01756800522009786,0.05367429529622842
73.89,-0.0312563487869318,0.17794311363578233,-0.10576930159778983,-0.3266614570423341,-1.42716702836378e-11,-1.462912842943144e-09,0.023399942684359725,-0.1260727677555513,-0.12785958049829163,-0.23439844724050365,0.0001096157515263393,-0.00042272807900133806,0.002975575066340273,-0.03704903824183631,-0.14849584384427442,-0.1438187756884724,-2.3332914247398053e-10,2.366659650289681e-09,-0.01881856945539023,0.05739642784358828
73.9,-0.032620239019242055,0.1850492088855196,-0.10645538671840171,-0.32418528510564193,-1.1900085657743776e-11,-1.4720585278483035e-09,0.022260669182013533,-0.12201578889513746,-0.12856070008775594,-0.23174067712990148,0.00011378571884919645,-0.0004340154825421379,0.0017641591648455215,-0.032809265142656856,-0.14903987889731068,-0.14169827708607194,-2.397280394527411e-10,2.3916213457906235e-09,-0.02006336348192068,0.06111388345214064
73.91,-0.03396547528533698,0.1919070288983022,-0.10717385576853225,-0.3215425188854814,-9.675613751466584e-12,-1.4804044156495292e-09,0.02110923164597429,-0.11787944857317918,-0.1292849597325416,-0.22896350514737634,0.00011791015228865822,-0.0004452555552788607,0.0005495057025526589,-0.028536358538437365,-0.1495980566146286,-0.13949707038136255,-2.4588698072172093e-10,2.415233327086018e-09,-0.021302015067891047,0.06482802638219567
73.92,-0.035291380973749384,0.19851316688554896,-0.1079244428327677,-0.31873477402796513,-7.599080418724933e-12,-1.4879513612353813e-09,0.019946045367132244,-0.11366451758687227,-0.13003208053287524,-0.22606828759400324,0.00012198787648564988,-0.0004564580174193523,-0.0006679570837134981,-0.02423051188045534,-0.15017015605985548,-0.13721610004076631,-2.5180363520305036e-10,2.4374881339190566e-09,-0.022534152285946737,0.06854014291919741
73.93,-0.03659730476222487,0.20486456827518768,-0.10870686552520434,-0.31576376079048807,-5.671240324289279e-12,-1.4946996507577691e-09,0.018771533497720424,-0.10937184037439483,-0.13080177180396244,-0.22305643725671828,0.00012601772709444113,-0.0004676329392818758,-0.0018877976622567263,-0.019891972918466744,-0.15075594833588885,-0.13485634612078876,-2.574757979282679e-10,2.458379211639136e-09,-0.02375940338632484,0.07225143789999107
73.94,-0.037882620909871316,0.21095852730365072,-0.10952082516068269,-0.3126312797211056,-3.892762803834361e-12,-1.500651983108104e-09,0.01758612696456702,-0.10500233933312121,-0.13159373121740278,-0.2199294204225986,0.0001299985498605551,-0.0004787907149395053,-0.0031095812328026102,-0.015521047598906882,-0.1513551966829892,-0.1324188221636323,-2.629014133199139e-10,2.4779016099679846e-09,-0.024977396678180913,0.07596303165314575
73.95,-0.039146729514471235,0.21679268333384522,-0.11036600693497488,-0.30933921704000467,-2.2642373335656226e-12,-1.5058108878391282e-09,0.01639026437451436,-0.10055701872501922,-0.13240764494791726,-0.2166887539311077,0.00013392919963996154,-0.0004899420378917614,-0.004332869758639012,-0.011118103618179744,-0.15196765658018838,-0.12990457313617096,-2.680785550265039e-10,2.4960512183533654e-09,-0.0261877604193941,0.07967595735104267
73.96000000000001,-0.040389056735341676,0.22236501692615776,-0.11124208011347853,-0.30588954019350595,-7.861758181610203e-13,-1.5101797252889224e-09,0.015184391911617743,-0.09603696824151875,-0.13324318782509484,-0.2133360022672774,0.00013780853936140686,-0.000501097873912961,-0.005557222004954865,-0.0066835736255431285,-0.15259307584980933,-0.12731467344322067,-2.7300543566186226e-10,2.5128240694937334e-09,-0.02739012271510981,0.08339115875387061
73.97,-0.04160905498214528,0.227673845679165,-0.11214869822796947,-0.3022842933703178,5.40986374986154e-13,-1.5137633728254226e-09,0.01396896322577563,-0.0914433661765596,-0.13410002348986957,-0.20987277470882995,0.00014163543893607733,-0.0005122694336392176,-0.0067821935836923095,-0.0022179580779631675,-0.15323119476490005,-0.12465022500687442,-2.776804115987435e-10,2.528218860840177e-09,-0.028584111425241584,0.0871094883353445
73.98,-0.0428062030700867,0.23271781986137002,-0.11308549928097324,-0.2985255931084373,1.7169073903572124e-12,-1.5165647807171108e-09,0.012744439312480664,-0.08677748222325561,-0.13497780455544608,-0.20630072253584752,0.00014540877411643163,-0.000523468143710227,-0.008007337005193904,0.0022781722530864435,-0.15388174615939187,-0.1219123554237755,-2.8210196695677205e-10,2.542232960920342e-09,-0.02976935408111322,0.0908317057745925
73.99,-0.04398000634193777,0.2374959178506449,-0.1140521059573176,-0.29461562395082724,2.7413097252077245e-12,-1.5185902572002138e-09,0.011511288383418661,-0.08204067987886324,-0.1358761727723955,-0.20262153631399354,0.000149127425308688,-0.0005347056172070508,-0.009232201736891939,0.006804174119515383,-0.1545444555408001,-0.11910221620250995,-2.8626873438788576e-10,2.554866151269207e-09,-0.03094547781138759,0.09455847680157235
74.0,-0.04512999675736529,0.24200744139935126,-0.11504812584243718,-0.2905566341912671,3.6139908718565094e-12,-1.5198425415980984e-09,0.010269985727679763,-0.07723441846177664,-0.1367947591976537,-0.1988369432605395,0.00015279027634145791,-0.0005459936231156023,-0.01045633426924918,0.011359329975851705,-0.15521904120529145,-0.11622098108761342,-2.901794886544861e-10,2.566117680335819e-09,-0.03211210927739481,0.09829037238209085
74.01,-0.04625573295004271,0.24625201074108766,-0.11607315164700849,-0.2863509317088557,4.334841879251451e-12,-1.5203281662064647e-09,0.009021013563390093,-0.07236025473759367,-0.1377331843671603,-0.1949487047027838,0.00015639621319463523,-0.0005573440551119535,-0.011679278189133344,0.01594284649494208,-0.15590521435495455,-0.11326984447395673,-2.938331261612678e-10,2.5759881035266565e-09,-0.03326887461793332,0.10202786822911258
74.02,-0.04735680025304759,0.2502295595551846,-0.1171267614375038,-0.28200087990948575,4.903822332027169e-12,-1.5200502298936359e-09,0.0077648608796037945,-0.06741984415745521,-0.13869105847188717,-0.19095861363687586,0.00015994412269196789,-0.0005687688996937919,-0.01290057426076528,0.020553853414436656,-0.1566026792171155,-0.11025001991540838,-2.9722869755895937e-10,2.584478343821581e-09,-0.03441539940359248,0.10577134462708632
74.03,-0.04843281069305536,0.253940329804424,-0.11820851887226126,-0.2775088937809081,5.320966820261539e-12,-1.5190140093392405e-09,0.006502023268339004,-0.06241494171144822,-0.13966798153701473,-0.1868684923940392,0.000163432891161208,-0.0005802802038546457,-0.014119760514354743,0.025191402707626726,-0.15731113316555193,-0.10716273873001393,-3.003653857799032e-10,2.591589944272729e-09,-0.03555130860060843,0.10952108655602828
74.04,-0.04948340295386063,0.25738486646104686,-0.11931797344268255,-0.27287743607210546,5.586389905010612e-12,-1.5172235051601664e-09,0.0052330027466805035,-0.057347402402369005,-0.14066354360402533,-0.1826801904199068,0.00016686140306529108,-0.00059189004240434,-0.01533637234250354,0.02985446807131074,-0.15803026684346896,-0.10400924870298464,-3.0324251262379306e-10,2.597324495536068e-09,-0.03667622654423593,0.11327728410237574
74.05,-0.05050824230975566,0.26056401213623137,-0.12045466071917955,-0.268109013603496,5.700282730039148e-12,-1.5146833554915423e-09,0.00395830756890359,-0.0522191813461965,-0.1416773249154944,-0.1783955821708353,0.0001702285396089546,-0.0006036104851043016,-0.01654994260442133,0.034541944722901036,-0.15875976428810773,-0.10079081288707525,-3.0585954215269865e-10,2.6016854420107593e-09,-0.037789776921594145,0.11704003314361594
74.06,-0.05150702052931655,0.2634789016275669,-0.1216181026015054,-0.2632061737148766,5.662908423421117e-12,-1.5113979816541386e-09,0.002678452028618265,-0.04703233350700773,-0.14270889610237092,-0.17401656512963484,0.00017353317732439266,-0.0006154535637736655,-0.01776000173797363,0.03925264949831226,-0.15949930305687018,-0.09750870849873264,-3.082160666112704e-10,2.60467517027934e-09,-0.03889158276391177,0.12080933629401201
74.07000000000001,-0.052479455750146044,0.26613095639907564,-0.12280780757311935,-0.2581715008562588,5.47461147380234e-12,-1.5073718886625905e-09,0.0013939562509614227,-0.04178901307513115,-0.14375781837355223,-0.16954505794160554,0.00017677418663981071,-0.0006274312395727653,-0.01896607787954521,0.04398532124174815,-0.1602485543548503,-0.0941642259071396,-3.1031182165332614e-10,2.606298297897566e-09,-0.03998126644807688,0.12458510409878223
74.08,-0.0534252923251358,0.26852187900768004,-0.12402327095924844,-0.2530076133258194,5.13580550915323e-12,-1.5026103678628075e-09,0.00010534597490961353,-0.036491472498440515,-0.14482364370756812,-0.16498299867026173,0.00017995043043514468,-0.0006395553706270075,-0.02016769699168144,0.048738621478185015,-0.1610071831636736,-0.09075866771212457,-3.121466783478775e-10,2.6065594491791915e-09,-0.04105844970736516,0.1283671564643953
74.09,-0.05434430064080735,0.27065364748963966,-0.12526397518832386,-0.24771716015826264,4.646968323864826e-12,-1.4971188653589655e-09,-0.001186847674191473,-0.031142061177423998,-0.14590591504620293,-0.16033234317094214,0.00018306076258863842,-0.0006518376801618873,-0.02136438299843245,0.05351113535900332,-0.1617748483715536,-0.08729334790613315,-3.1372065330793056e-10,2.605463429858823e-09,-0.04212275365120425,0.1321552243128975
74.10000000000001,-0.055236276908304106,0.2725285097194932,-0.12652939005648497,-0.24230281816626978,4.008679009339435e-12,-1.4909037327551556e-09,-0.002482088421741356,-0.025743223835464426,-0.14700416648989476,-0.1555950635798311,0.00018610402651814982,-0.0006642897253135892,-0.02255565792830614,0.058301372871037184,-0.16255120290448363,-0.08376959111509995,-3.1503387654655006e-10,2.6030172442292505e-09,-0.0431737987938034,0.13594895144838554
74.11,-0.05610104292760054,0.2741489777533278,-0.12781897299485875,-0.23676728913689743,3.2215573170389524e-12,-1.4839708124627434e-09,-0.0037798350904784664,-0.020297498576332108,-0.1481179234947628,-0.1507731469149488,0.00018907905372149186,-0.0006769228667581353,-0.023741042064704142,0.06310777029920735,-0.16333589385848954,-0.08018873191262646,-3.1608663762957154e-10,2.5992273686790037e-09,-0.04421120509146074,0.13974789662419249
74.12,-0.05693844582550006,0.2755178221669398,-0.12913216933933822,-0.23111329718441845,2.2863174152327123e-12,-1.476328470812594e-09,-0.005079541856352967,-0.01480751464139049,-0.1492467030711252,-0.14586859378563222,0.00019198466231887634,-0.0006897482392576517,-0.024920054103692815,0.0679286919328257,-0.16412856263287606,-0.07655211420218924,-3.1687934640770225e-10,2.594102018719686e-09,-0.04523459198833826,0.1435515357995918
74.13,-0.05774835776799288,0.2766380663982297,-0.13046841260259825,-0.22534358626092899,1.2037392101422584e-12,-1.4679841849804581e-09,-0.006380658513452613,-0.009275989879289147,-0.15039001398338023,-0.14088341720700442,0.00019481965560193523,-0.0007027767232445247,-0.026092211318934917,0.07276243200556444,-0.16492884506440678,-0.07286109066254169,-3.1741254927940914e-10,2.587649536004065e-09,-0.04624357847047769,0.14735926457530815
74.14,-0.058530675647546195,0.27751298110177186,-0.13182712474810437,-0.2194609178254911,-2.533055901179463e-14,-1.4589467101338538e-09,-0.00768263074772178,-0.0037057279412510444,-0.1515473569511335,-0.13581964151597534,0.00019758282059249805,-0.0007160189174660938,-0.027257029733587373,0.0776072168592491,-0.16573637156236343,-0.06911702225216435,-3.176869253276841e-10,2.5798793731098516e-09,-0.04723778312780872,0.15117040079748856
74.15,-0.05928532076530178,0.2781454490177406,-0.1332077164745144,-0.2134683483380769,-1.399975080075869e-12,-1.449271386584193e-09,-0.008984900414353583,0.0019005416159218916,-0.15271822485846068,-0.13067952804225616,0.0002002729268116641,-0.0007294788529418098,-0.028414024302786965,0.08246108293560012,-0.1665507672536603,-0.06532157663201339,-3.17703280464448e-10,2.5708700629772084e-09,-0.0482168242155408,0.15498445783011008
74.16,-0.06001223857503061,0.2785368142900739,-0.1346095875400105,-0.20736974370312697,-2.919217972895146e-12,-1.4389880382743928e-09,-0.010286905801889042,0.007540455218720023,-0.15390210299539314,-0.12546599540486938,0.0002028887259381249,-0.0007431424325751777,-0.029562709119817693,0.08732164774440167,-0.16737165216983346,-0.06147728194810231,-3.1746255197965615e-10,2.5606675309046626e-09,-0.0491803196856352,0.15880165437396768
74.17,-0.06071139849472131,0.2786889291600186,-0.13603212712962903,-0.20116887798617109,-4.582004968310207e-12,-1.4280887232353688e-09,-0.011588081880952823,0.013211512730500941,-0.1550984693344269,-0.1201818937733601,0.00020542895238564323,-0.0007569988554864588,-0.0307025976475653,0.09218650534582071,-0.16819864149563407,-0.05758708879039748,-3.1696577636085866e-10,2.5494507012956667e-09,-0.05012788719211528,0.16262180074912716
74.18,-0.061382793774166375,0.2786019929634271,-0.1374747142557063,-0.19487022602701237,-6.387263212329287e-12,-1.416862460518258e-09,-0.01288786057388201,0.018910520134580413,-0.15630679484518517,-0.1148309984375803,0.0002078923245797356,-0.000771020513036734,-0.031833202935890335,0.09705401554590765,-0.1690313461427168,-0.05366325372726237,-3.1621409938735287e-10,2.537837316725946e-09,-0.05105914425679176,0.16643970952589038
74.19,-0.062026441456995374,0.27827544728016057,-0.13893671820356582,-0.18847866566172128,-8.333827792431756e-12,-1.405138524341382e-09,-0.014185671075823143,0.024633816631543213,-0.15752654387010043,-0.10941762498888616,0.00021027754728776053,-0.0007851699830140899,-0.03295403778802464,0.10192298060301176,-0.16986937370762265,-0.04971532429200801,-3.1520869989870914e-10,2.525476102524178e-09,-0.051973708650936964,0.17025145603518005
74.2,-0.06264238234177748,0.27771101072667365,-0.14041749898844977,-0.18199834587496336,-1.0420532275296742e-11,-1.3930365460593148e-09,-0.015480940208234503,0.030377888908556482,-0.15875717469568626,-0.10395096888705899,0.00021258331294758388,-0.0007994683195675225,-0.034064614994915705,0.10678880210143432,-0.17071232949593337,-0.04575337087669114,-3.1395082880070843e-10,2.512858104427229e-09,-0.052871198806960416,0.1740533269531416
74.21000000000001,-0.06323068094814555,0.2769070726361345,-0.1419164078398761,-0.17543521174441476,-1.26461503387502e-11,-1.3807371482720917e-09,-0.016773092773217257,0.03613926200602444,-0.15999814049436845,-0.09844407711470202,0.0002148083061743112,-0.0008137461958436408,-0.03516444775773883,0.11164594163340927,-0.17155981756301725,-0.04178889878505549,-3.1244177070349936e-10,2.4997215032108817e-09,-0.053751234183635026,0.17784197046512257
74.22,-0.0637914254679169,0.2758663554413479,-0.1434327879254152,-0.16880055754787338,-1.5009460207906435e-11,-1.3686245353597508e-09,-0.01806155201167297,0.04191094372428533,-0.16124889028806844,-0.09290141532521026,0.00021695121407755424,-0.0008279127162148758,-0.036253050133988794,0.11649177886102102,-0.17241144158136681,-0.037825164455396736,-3.106828717688479e-10,2.4857960577340455e-09,-0.05461343552362596,0.18161681342811464
74.23,-0.06432472747775,0.27459450538750796,-0.14496597530129152,-0.16210331634573505,-1.7509214972522367e-11,-1.356248384340707e-09,-0.019345740214078987,0.04768659651253249,-0.1625088695795691,-0.08732795013348885,0.00021901073163232718,-0.0008420325470483046,-0.03732993737812923,0.12132304483647834,-0.17326680550595389,-0.03387115935065945,-3.086755094504999e-10,2.471820430000739e-09,-0.05545742504014519,0.18537490068867435
74.24,-0.06483072151641978,0.2730941331297464,-0.14651529972062227,-0.15534816047051894,-2.0144173847830152e-11,-1.343406730363743e-09,-0.020625079286030613,0.05346254604575239,-0.1637775210875648,-0.08173669692931683,0.00022098556328517362,-0.0008559927517115749,-0.038394626312112046,0.12613467142501833,-0.17412551435410697,-0.029935687767683926,-3.064211116590784e-10,2.457384904802633e-09,-0.05628282665811448,0.18911354033899494
74.25,-0.06530956467950573,0.27137026549242393,-0.14808008515765814,-0.14853888894890374,-2.2913035941523872e-11,-1.3300966290753823e-09,-0.02189899115701886,0.05923552316250321,-0.16505428564810032,-0.07613286183678873,0.0002228744301269033,-0.0008696844042352989,-0.03944663572664631,0.13092388306704314,-0.17498717488740873,-0.026021008783855173,-3.0392114999924305e-10,2.442237092417401e-09,-0.057089266223870935,0.19283216880472184
74.26,-0.06576143607820989,0.2694304079646221,-0.1496596503233424,-0.14168314244258548,-2.581446095455518e-11,-1.3169497366945879e-09,-0.023166898175706774,0.06500034346396875,-0.16633860276962908,-0.07051777113414305,0.00022467607739263173,-0.0008830947604622148,-0.04048548667851416,0.135688755613668,-0.17585139594079868,-0.02212854275418074,-3.011771415654949e-10,2.4264613019759967e-09,-0.057876371606676455,0.19653015542839306
74.27,-0.06618653612384362,0.2672822300081612,-0.15125330941881054,-0.13479067996674518,-2.8847128364865422e-11,-1.3035306294792181e-09,-0.024428223616831505,0.07075100139260643,-0.16762991088966306,-0.06489428793609447,0.0002263892764219541,-0.0008962339280038801,-0.04151070271559781,0.14042688008178164,-0.17671778873230248,-0.018264611850854304,-2.9819066857415364e-10,2.410635082483422e-09,-0.058643772801812974,0.20020555665508363
74.28,-0.06658508576089792,0.2649332376016231,-0.15286037289512108,-0.127865612077462,-3.200966852939032e-11,-1.289524514745779e-09,-0.02568239219841053,0.07648369257992216,-0.16892764782526667,-0.059271579107164754,0.00022801282308260485,-0.0009091284595420336,-0.04252181015567492,0.14513433567097625,-0.1775859674218419,-0.014436301365326476,-2.949633273033702e-10,2.3944553101165688e-09,-0.05939110210968009,0.20385610686297229
74.29,-0.06695732571578827,0.26239059049203317,-0.15448014794375153,-0.12091100746417678,-3.53006667805648e-11,-1.2750760306863601e-09,-0.026928830489607758,0.08219516376573648,-0.1702312515170449,-0.05365724935302667,0.00022954553951893669,-0.0009216561547611505,-0.043518338424449736,0.14980800551942008,-0.17845554965372076,-0.010645809517413377,-2.9149675585145614e-10,2.3776347094407542e-09,-0.06011799431419004,0.207480923345628
74.3,-0.06730351572224148,0.25966286502501024,-0.15611193882983718,-0.11393012140360897,-3.871866453322961e-11,-1.2600254576328761e-09,-0.028166967244976134,0.08788226224743853,-0.171540160644318,-0.04805319328344794,0.00023098628138679058,-0.0009337445421372556,-0.04449982034668424,0.1544459676278608,-0.1793261568361483,-0.006894145777256494,-2.877926453212989e-10,2.3602620259195065e-09,-0.06082408678261926,0.21107966837951847
74.31,-0.06762393367253487,0.25675900927581313,-0.15775504719286543,-0.10692552066796059,-4.226214488901552e-11,-1.2444098108925988e-09,-0.029396233696762353,0.0935426744178008,-0.17285381492132393,-0.04246110647927556,0.0002323339432097812,-0.0009453977931494859,-0.04546579239058993,0.15904539084963437,-0.18019741426685634,-0.003182361759393212,-2.838527452323853e-10,2.3422723302582063e-09,-0.061509019482945536,0.21465291654037666
74.32000000000001,-0.06791887474505043,0.2536872612807849,-0.1594087724443384,-0.09990389341440786,-4.59295427812672e-11,-1.2288062343064114e-09,-0.030616063817336617,0.099173639760897,-0.1741716552638796,-0.03688245985623025,0.00023358745980079563,-0.0009565932792001488,-0.046415794955001546,0.1636027503407938,-0.18106895123454747,0.0004885819454758068,-2.7967885446940477e-10,2.3236907498901737e-09,-0.062172434909050195,0.21820241214676062
74.33,-0.06818865056128834,0.2504558190221875,-0.1610724124189689,-0.0928739868915636,-4.9719290842856455e-11,-1.2128495634452642e-09,-0.0318258945931775,0.10477219841659859,-0.1754931239419592,-0.03131875386251398,0.0002347458073335736,-0.0009673138158767439,-0.04734937271832153,0.16811421013404299,-0.1819404011872203,0.004115439812057536,-2.752728422532582e-10,2.3048954662234164e-09,-0.0628139779314956,0.22172985413569257
74.34,-0.06843358834782813,0.24707325026959365,-0.16274526405335063,-0.08583950452629834,-5.36297620111857e-11,-1.1962626060340993e-09,-0.033025166271661216,0.11033687354524328,-0.17681766480041441,-0.025773792427956473,0.0002358080032225624,-0.0009775897087867457,-0.04826607502723405,0.17257558701145098,-0.18281140209415436,0.007692290057271386,-2.7063659060387045e-10,2.285759666636531e-09,-0.06343329564981834,0.22523621499521365
74.35000000000001,-0.06865403008171914,0.24354810728062562,-0.1644266238158456,-0.07880284052301903,-5.765930101766422e-11,-1.1791898947762232e-09,-0.034213322524793574,0.11586663449081974,-0.17814472371356477,-0.020255251164167872,0.00023677310578917158,-0.0009873790939022179,-0.0491654563334229,0.176981893868838,-0.1836815968626175,0.011217182852218791,-2.6577201583416014e-10,2.2660766881783713e-09,-0.06403003725217482,0.22872342061383014
74.36,-0.06885033162320976,0.2398891538641711,-0.16611578799480126,-0.07176712154908356,-6.180618237675107e-11,-1.1615763857999547e-09,-0.035389810571198464,0.12136014546018578,-0.1794737491367072,-0.014766275108145462,0.00023764021794472605,-0.0009965955281526773,-0.05004707663116299,0.1813296155555598,-0.18455063356128648,0.014689788396892707,-2.606810938371587e-10,2.2458819356437956e-09,-0.06460385383759307,0.23219355362859537
74.37,-0.06902286182298123,0.2361056635990613,-0.16781205297799714,-0.06473485508107267,-6.606864174173042e-11,-1.1434443390050604e-09,-0.036554081305624764,0.12681603055881543,-0.18080419243856743,-0.009307681896569664,0.00023840849315538565,-0.001005196083954911,-0.050910501814297765,0.18561600448787147,-0.18541816549710655,0.018109391602908257,-2.5536585121107285e-10,2.225138810220076e-09,-0.06515439822286963,0.2356483361167157
74.38,-0.06917200160683319,0.2322067067169445,-0.16951471551029115,-0.057708362094106964,-7.044484539957256e-11,-1.1247918688774982e-09,-0.03770558945291967,0.1322323732933911,-0.18213550805070955,-0.003880982017980596,0.0002390771392556542,-0.0010131643553387454,-0.0517553039528724,0.18983874959535876,-0.18628385125823926,0.021475957106769097,-2.498283582234548e-10,2.2038576181310673e-09,-0.0656813247752731,0.23908912504922117
74.39,-0.06929814306076837,0.22820136030797053,-0.171223072922913,-0.05068973782283955,-7.493293525564723e-11,-1.105641500679249e-09,-0.03884379377134097,0.13760654336313252,-0.18346715359382332,0.0015126826213846326,0.00023964541974266115,-0.0010204935923094263,-0.052581061500454884,0.19399659700356875,-0.187147354721399,0.024789763794853717,-2.4407075215704426e-10,2.1820263014536395e-09,-0.06618428933671214,0.24251512360029245
74.4,-0.06940168852149722,0.224098663671334,-0.17293642334716688,-0.0436810517410564,-7.953098295250136e-11,-1.086009917711182e-09,-0.03996815730772025,0.14293571684789458,-0.1847985900053058,0.006871982643987975,0.00024011265423621892,-0.0010271733285028154,-0.0533873594314025,0.1980885893930434,-0.1880083450035807,0.02805195543012316,-2.380952103805119e-10,2.159638739632005e-09,-0.06666294936342411,0.24592223043012132
74.41,-0.06948304969769883,0.2199067322539775,-0.17465406601782613,-0.036687463836379615,-8.423703336418071e-11,-1.0663372649766152e-09,-0.04107814767737176,0.14821703244481363,-0.1861292816633613,0.012195766156460704,0.0002404782191465671,-0.0010331889543522426,-0.0541737893570065,0.20211330123315924,-0.18886649636009678,0.03126383134942997,-2.3190397596628765e-10,2.1366842930383957e-09,-0.06711696428752509,0.24930582013711605
74.42,-0.06954264682511178,0.2156341033027213,-0.1763753017755317,-0.02971565217364933,-8.904911468195133e-11,-1.046367267446398e-09,-0.04217323736310193,0.1534471895385389,-0.1874586965079956,0.017482818299815787,0.00024074154870616234,-0.0010385258180929944,-0.05493994965017637,0.20606958989553031,-0.18972148805244218,0.03442686697958729,-2.25499340392159e-10,2.1131349653659615e-09,-0.06754599600518699,0.2526601153083694
74.43,-0.06958090778911097,0.21129030034684243,-0.17809943357766658,-0.02276816126157713,-9.396522315382376e-11,-1.0259159117000002e-09,-0.043252904023910674,0.15862329558163107,-0.1887863061593931,0.02273199649729923,0.00024090213590510293,-0.0010431782259806319,-0.055685445543828364,0.20995701253163063,-0.19057300422698897,0.03754180649347527,-2.188836546034032e-10,2.0891235422183635e-09,-0.06794970948633403,0.2559775764445573
74.44,-0.0695982672114471,0.2068841790780054,-0.17982576680538645,-0.015846572560948343,-9.89833124077365e-11,-1.0050994350607472e-09,-0.04431663077315222,0.16374307468330265,-0.19011158610815895,0.02793975508297847,0.00024095953309924957,-0.0010471381146355382,-0.0564098892094382,0.2137744657728292,-0.19142073391039727,0.04060667059174722,-2.1205931766076178e-10,2.0646352532920557e-09,-0.0683277734610877,0.25925173277541874
74.45,-0.06959516556405558,0.2024241738930108,-0.18155360945592033,-0.008952936448938069,-1.0410130951155147e-10,-9.838842430249693e-10,-0.04536390641226217,0.16880444424599564,-0.1914340160731292,0.033100918811326326,0.00024091335285779462,-0.001050388046415165,-0.0571128998662935,0.21752045555414168,-0.1922643710765044,0.0436219902101807,-2.0502878139258734e-10,2.039510624312657e-09,-0.06867986108316827,0.2624762787849784
74.46000000000001,-0.06957204828915628,0.19791963416229533,-0.18328227232659453,-0.00208890092297247,-1.0931708021056207e-10,-9.62301139559561e-10,-0.046394225649012334,0.1738051199775678,-0.19275308037467845,0.03821395641591685,0.00024076326913252167,-0.0010529193848187195,-0.05779410389663359,0.22119434002934293,-0.19310361459158218,0.04658996415721631,-1.9779454663332292e-10,2.0137354929439384e-09,-0.0690056506071727,0.2656435125196829
74.47,-0.06952936488521819,0.19337983988108517,-0.1850110691947381,0.004743676489281419,-1.14628488703278e-10,-9.403616983275005e-10,-0.047407089326286095,0.1787426731617686,-0.19406826812144662,0.043278594695995834,0.00024050901897101047,-0.0010547015563300976,-0.058453134957767654,0.22479446026883995,-0.19393816805149858,0.04951201897611726,-1.9035920424959997e-10,1.987317814010356e-09,-0.06930482611283338,0.26874633717024227
74.48,-0.06946756798822801,0.18881376661707203,-0.18673931699457583,0.011543114380680645,-1.2003332830746937e-10,-9.180750588689381e-10,-0.04840200466210537,0.18361466657669778,-0.19537907327312917,0.04829423097336744,0.00024015040491166077,-0.0010557126784200611,-0.059089634136391775,0.2283188726048828,-0.19476773961994745,0.05238971555796857,-1.8272537591001686e-10,1.9602441191544717e-09,-0.06957707820092265,0.27177849740219273
74.49,-0.0693871124804977,0.18423004716398003,-0.18846633598510115,0.018307876267702295,-1.2552938336512708e-10,-8.954463521613716e-10,-0.04937848548723763,0.18841884569194733,-0.1966849946780344,0.05326080240820332,0.0002396872965478382,-0.0010559573666436078,-0.05970325015635858,0.23176500618353985,-0.19559204187568144,0.05522460295542845,-1.7489577157835774e-10,1.932458359847372e-09,-0.06982210464487591,0.27473343781156845
74.5,-0.06928845462842544,0.1796371388173796,-0.19019144990601386,0.025036468152167,-1.3111439927399136e-10,-8.724888160934342e-10,-0.05033605246589211,0.1931532146808614,-0.19798553609617467,0.05817806220836145,0.0002391196306516981,-0.001055440188003968,-0.06029363960913345,0.23513073927923292,-0.19641079165014794,0.058018474896368515,-1.6687316968449674e-10,1.9039437461857e-09,-0.07003961108813841,0.2776030604792194
74.51,-0.06917205123319181,0.1750435989570493,-0.19191398612788818,0.03172742256780833,-1.3678608268323475e-10,-8.492095145741147e-10,-0.05127423329434737,0.19781595907707955,-0.1992802062139462,0.06304598505275069,0.00023844741075102272,-0.00105417030000486,-0.06086046719737005,0.23841320681055161,-0.1972237098576188,0.06077298512599255,-1.586604120110171e-10,1.8747088302032192e-09,-0.07022931181355482,0.28037959050464967
74.52,-0.06903835876541028,0.17045847529912936,-0.19363327579827672,0.0383793342679379,-1.425421285842766e-10,-8.256160144727356e-10,-0.05219256288837611,0.20240516955982948,-0.2005685186503298,0.06786458386008191,0.00023767070661009617,-0.0010521560884889567,-0.06140340601048973,0.2416094071299095,-0.1980305213342946,0.06348956447654155,-1.502604266542815e-10,1.8447576200857647e-09,-0.07039093048262837,0.283056697670785
74.53,-0.06888783247771266,0.16589070043700443,-0.19534865398355655,0.044990819504901775,-1.483801720094262e-10,-8.017206371427469e-10,-0.053090583561865044,0.2069192557839976,-0.2018499919564449,0.07263388407185113,0.00023678965365303334,-0.0010494075554501575,-0.06192213782196899,0.24471632785987452,-0.19883095469585926,0.06616949262259822,-1.4167619516096333e-10,1.8140974239357246e-09,-0.07052420076556853,0.28562907015608263
74.54,-0.06872092553372508,0.1613485647481161,-0.19705945980720194,0.05156053604964541,-1.5429785133393295e-10,-7.775403895335103e-10,-0.05396784519202286,0.21135661027459401,-0.20312414961728031,0.07735379611260691,0.00023580445228461828,-0.00104593509454416,-0.062416353360800335,0.24773189633312964,-0.1996247422070372,0.06881404519060352,-1.3291078599792932e-10,1.7826457699038134e-09,-0.07062886690633771,0.28809094626960563
74.55,-0.06853808819722502,0.15683952765584222,-0.19876503666752524,0.058084486545414295,-1.6029275961919579e-10,-7.532693205926357e-10,-0.05482390539141297,0.21571522560772177,-0.2043905200583446,0.08202424685403077,0.00023471536722914456,-0.001041745425804854,-0.06288575253770769,0.2506540076916409,-0.2004116196445217,0.0714248162691932,-1.239673430205036e-10,1.7503742868245598e-09,-0.07070468442682197,0.2904321228553601
74.56,-0.06833976707604708,0.15237103188487697,-0.2004647325900086,0.06455853447218739,-1.663624780659689e-10,-7.287766473522298e-10,-0.05565832969894826,0.21999312727095163,-0.20564863665029637,0.08664527559797117,0.0002335227270287371,-0.001036848823144573,-0.06333004467425969,0.2534799130694485,-0.20119132615052457,0.07400319757664023,-1.148490814802928e-10,1.7173513899196515e-09,-0.07075142102533159,0.29264349201836576
74.57000000000001,-0.06812640435209752,0.14795154528468696,-0.20215790055216057,0.07098135525381538,-1.725045785419769e-10,-7.039866458207325e-10,-0.05647069176497804,0.22418873246683368,-0.20689803770679208,0.09121695078369378,0.0002322269234996919,-0.0010312599172413285,-0.06374894876653592,0.25620679456308315,-0.20196360410326736,0.07655015213807882,-1.0555930348635088e-10,1.6835984907683064e-09,-0.07076885737115353,0.2947204014681229
74.58,-0.06789843696571438,0.14358940252658034,-0.20384389865514763,0.07735217823097942,-1.7871659817646657e-10,-6.789554716831575e-10,-0.05726057352708015,0.2283001113643325,-0.20813826647897987,0.09573933087620635,0.0002308284109741812,-0.0010249933584707755,-0.06414219377034479,0.25883165617850395,-0.20272819901574773,0.07906654203124876,-9.610137857245773e-11,1.6491035190337848e-09,-0.07075678763481874,0.29665893071585997
74.59,-0.06765629581439195,0.13929204687620875,-0.20552209021881684,0.08367002831395165,-1.8499603864697493e-10,-6.536727257798737e-10,-0.05802756538052269,0.23232581130285762,-0.20936887115265307,0.1002123853396189,0.0002293277057981866,-0.001018050141095775,-0.06450951888423573,0.2613518998262583,-0.20348485944378217,0.08155336460428785,-8.647875261616384e-11,1.613803324891471e-09,-0.07071501999569096,0.29845187074945384
74.60000000000001,-0.06740040503285724,0.13506581290068864,-0.2071918438710381,0.08993408635404586,-1.9134041104448587e-10,-6.281649031906924e-10,-0.0587712663463208,0.23626391529914306,-0.210589404922576,0.10463373165560765,0.00022772538849474814,-0.0010103645866353672,-0.0648506738049842,0.26376529458779147,-0.2042333368878797,0.08401166558938647,-7.669496552749689e-11,1.5776645460089467e-09,-0.07064337740212594,0.3000886215032985
74.61,-0.06713118134105353,0.13091719434186022,-0.2088525336284438,0.0961436924681228,-1.9774717508824194e-10,-6.024365270482148e-10,-0.05949128428670033,0.24011140851961346,-0.21179942617702477,0.10900123611090122,0.0002260221052126087,-0.0010020115816995992,-0.06516541893333436,0.26607037541676076,-0.20497338569941043,0.086442187849923,-6.675361633959542e-11,1.5407615387438528e-09,-0.07054169845979144,0.30156196132548857
74.62,-0.06684903339894177,0.12685293338007575,-0.210503538970829,0.10229803692487678,-2.0421377467243826e-10,-5.765056170930606e-10,-0.06018723614751926,0.24386645615655464,-0.21299849864932016,0.11331494111066956,0.00022421856434421162,-0.000993044978776308,-0.06545352555507333,0.26826501367923655,-0.2057047630434047,0.08884429284659083,-5.6658397812039614e-11,1.5029982448131015e-09,-0.07040983817186568,0.3028662319501245
74.63,-0.0665543611550191,0.12287949029206534,-0.21214424491778172,0.108396375006017,-2.1073763562402994e-10,-5.503798219389271e-10,-0.06085874816693527,0.24752712801333845,-0.2141861914507486,0.11757509036273851,0.00022231553318296978,-0.000983463230858746,-0.0657147760751136,0.2703459362139995,-0.20642722893636373,0.0912173155533673,-4.641308201760335e-11,1.4644472652373311e-09,-0.0702476685468683,0.3039953960816504
74.64,-0.06624755521060054,0.11900312003887656,-0.2137740421022842,0.11443805133821722,-2.1731617842923041e-10,-5.24072382536486e-10,-0.06150545608131726,0.251090976761661,-0.21536207905539975,0.12178177004430774,0.00022031383741595622,-0.0009732740321737875,-0.06594896430288066,0.2723104650823801,-0.2071405462799204,0.09356165182824837,-3.602152767271935e-11,1.4251639865344078e-09,-0.07005507920710832,0.3049429982380502
74.65,-0.06592899621822852,0.11522949307745231,-0.2153923268384678,0.12042241458944908,-2.2394677742205116e-10,-4.975896641089276e-10,-0.06212700535652222,0.25455561852921665,-0.21652574128838634,0.1259350793007533,0.00021821436131482468,-0.0009624824451525115,-0.06615589572386821,0.2741561514093033,-0.20784448084174276,0.09587772632647226,-2.5487657375159083e-11,1.38510260473332e-09,-0.06983197804668072,0.30570188662582065
74.66,-0.0655990543289659,0.11156377422906319,-0.21699850118713807,0.12634882106574452,-2.3062682410798596e-10,-4.709484632019885e-10,-0.06272305140854191,0.257919241837575,-0.2176767633184913,0.13003505325162748,0.0002160180472387346,-0.0009511145501741096,-0.06633538773321436,0.2758810286441332,-0.20853880121957086,0.09816578489311774,-1.481548531470284e-11,1.3442790320412622e-09,-0.06957829194929788,0.30626435126588986
74.67,-0.06525808868466261,0.10801086555282118,-0.21859197301867692,0.1322166960804954,-2.3735366244315707e-10,-4.4415412858946815e-10,-0.06329325981943086,0.26117923300423446,-0.2188147356559743,0.13408165336764263,0.00021372589415801188,-0.0009391969122915572,-0.06648726981757042,0.2774838840896088,-0.20922327881655536,0.10042597447310102,-4.009084513578585e-12,1.3027417278082568e-09,-0.06929396750700857,0.3066239926896717
74.68,-0.06490644693614574,0.10457558363983757,-0.22017215607539353,0.1380253663858328,-2.4412465036144093e-10,-4.172135307614555e-10,-0.06383730655499843,0.26433384019551,-0.21993925415588605,0.1380748207630161,0.00021133895578418746,-0.0009267553072405587,-0.06661138368620607,0.2789636315066192,-0.20989768782979912,0.1026582863711861,6.9273843388769205e-12,1.2605181369731473e-09,-0.06897897166055104,0.3067752120253141
74.69,-0.06454446478197239,0.10126239356798299,-0.2217384700365173,0.14377418556633262,-2.5093710121801835e-10,-3.9013353152127116e-10,-0.06435487816100705,0.2673811428888676,-0.2210499200241026,0.14201448736328834,0.00020885833906465233,-0.0009138051641444197,-0.06670758338225381,0.2803191413117288,-0.21056180525228002,0.10486259009242946,1.7989702604791095e-11,1.217609521052805e-09,-0.06863329227329534,0.306712442492308
74.7,-0.06417246554462284,0.09807517304090674,-0.22329034058169042,0.1494625749000637,-2.5778834947515797e-10,-3.629236622510525e-10,-0.06484567197129386,0.2703185514348341,-0.22214633982030793,0.14590071087073234,0.00020628520307616223,-0.0009003659988654922,-0.06677573548959471,0.28154617324299835,-0.21121541088824283,0.10703861274313346,2.917356726842261e-11,1.174030208348019e-09,-0.06825693869773992,0.30642979334187315
74.71000000000001,-0.06379075979952196,0.09501726004561256,-0.2248271994500695,0.15508997138885894,-2.6467568138146307e-10,-3.355851597667381e-10,-0.06530939636071738,0.27314320036121287,-0.2232281254568199,0.14973348757345029,0.0002036207577318795,-0.0008864628009505879,-0.06681571948896764,0.28264065792990484,-0.21185828738274537,0.10918592814808388,4.047462589103536e-11,1.129787652647029e-09,-0.06784994237176901,0.30592090493113333
74.72,-0.0633996450427234,0.09209198588025148,-0.22634848449728964,0.16065581167438228,-2.71596399942607e-10,-3.081277146125104e-10,-0.06574577102304188,0.2758522840963942,-0.2242948942023945,0.153512669438613,0.00020086626215734196,-0.000872119375596712,-0.06682742810242313,0.28360062167990424,-0.21249022026646447,0.11130395163440152,5.1888441952762656e-11,1.08491272456454e-09,-0.06741235742450039,0.30518006234505707
74.73,-0.06299940538293416,0.08930225561530221,-0.22785363975362496,0.16615948295503255,-2.7854776613796623e-10,-2.8056572135858667e-10,-0.06615452722514453,0.278443844046826,-0.2253462686964665,0.1572380395400033,0.0001980230229805023,-0.0008573603270852915,-0.06681076749448674,0.2844252708712914,-0.21311099801534156,0.11339196875611912,6.34105344714088e-11,1.0394452856551204e-09,-0.06694426121547019,0.30420297780061845
74.74,-0.0625903112774889,0.08665024187520387,-0.22934211548519676,0.17160035174167862,-2.8552706707563625e-10,-2.529000353371933e-10,-0.06653540800445924,0.2809163668324517,-0.22638187697075157,0.16090934400330204,0.0001950923925386908,-0.000842212009903152,-0.06676565736841279,0.28511398129843674,-0.21372041212226112,0.11544918351294944,7.503633960087901e-11,9.934068425039288e-10,-0.0664457547401344,0.302986997963432
74.75,-0.062172619327721314,0.08413764179811996,-0.23081336825763088,0.17697776861538955,-2.925315420435638e-10,-2.2514766094158198e-10,-0.06688816833561291,0.28326808256401775,-0.22740135247442986,0.164526315144004,0.00019207576704382336,-0.0008266981437966652,-0.06669203107247297,0.2856647771189974,-0.21431825718003564,0.11747464620665152,8.676125775000155e-11,9.468255213167922e-10,-0.06591696295492004,0.3015285468684032
74.76,-0.06174657211824077,0.08176596300025,-0.2322668610111828,0.1822907500199902,-2.995584492252078e-10,-1.97293359758145e-10,-0.06721257531475963,0.28549677298316145,-0.22840433410259622,0.16808862434372793,0.0001889745849757429,-0.0008108371313774488,-0.06658983582323844,0.28607394614776366,-0.2149043309771605,0.1194672906971936,9.858061859649618e-11,8.997141996402486e-10,-0.06535803511901639,0.2998239354880655
74.77,-0.061312398088012865,0.07953629256964259,-0.23370206321418474,0.1875363183197341,-3.0660502162776895e-10,-1.6934443341429928e-10,-0.06750840839626535,0.28759940445076293,-0.22939046623131587,0.17159583457578736,0.0001857903257558362,-0.0007946472233063867,-0.06645903307291308,0.28633675261251945,-0.21547843460668156,0.12142590990793208,1.1048969701574927e-10,8.521140829532142e-10,-0.06476914516126563,0.2978694319519136
74.78,-0.06087031142297096,0.07744981548031607,-0.23511845108210183,0.19271277325050903,-3.136684810480562e-10,-1.4131323441027672e-10,-0.06777545964434682,0.2895740486806223,-0.2303593987608359,0.17504745624805967,0.00018252450827028018,-0.0007781540793963014,-0.06629959887992141,0.28645110559664205,-0.2160403725851333,0.12334926971473459,1.224837390368853e-10,8.040668887541677e-10,-0.06415049198976339,0.2956632999556915
74.79,-0.060420511976121444,0.07550693885248776,-0.2365155077315924,0.19781975148941075,-3.207460497026211e-10,-1.1320997246327399e-10,-0.06801353397324317,0.2914179022623487,-0.23131078716479286,0.17844295804071544,0.0001791786890341245,-0.0007613821731757295,-0.06611152414821111,0.2864155913392058,-0.2165899529779122,0.12523606001187038,1.3455791844046535e-10,7.555946031147275e-10,-0.06350229966260813,0.29320513612610416
74.8,-0.05996318525477682,0.07370707645393708,-0.23789272325242122,0.202856593318915,-3.2783493906474517e-10,-8.505261768925231e-11,-0.06822244939591826,0.29312857965267486,-0.2322442925447772,0.1817817344503131,0.00017575446027609084,-0.0007443544144081489,-0.0658948148163488,0.28622764595750777,-0.21712698753237497,0.12708485827318833,1.4670738166153285e-10,7.067360123927737e-10,-0.06282481744308176,0.29049487210002456
74.81,-0.05949850247102404,0.07204967960818609,-0.23924959476561464,0.20782270204194359,-3.349323597089481e-10,-5.6854067492943046e-11,-0.06840203725623076,0.29470412325593337,-0.23315958169174286,0.18506310267759687,0.00017225344806764698,-0.0007270940088645211,-0.06564949208063905,0.2858850099391395,-0.2176512918171641,0.1288942676730373,1.5892722887267362e-10,6.575256742258315e-10,-0.06211831977451075,0.2875336528707067
74.82000000000001,-0.05902662060902227,0.0705342278753043,-0.24058562648740398,0.21271738096344772,-3.4203548893196255e-10,-2.8636161764907966e-11,-0.06855214246727978,0.29614142340055866,-0.2340563271564899,0.18828625628393014,0.0001686773104889452,-0.0007096215321926823,-0.06537559264655894,0.28538475598100305,-0.21816268536187874,0.1306629100541099,1.712125412774684e-10,6.079989206231803e-10,-0.06138310617213865,0.28432315623564053
74.83,-0.05854768249807616,0.0691599408674724,-0.24190032979802364,0.2175398945621149,-3.4914155105020843e-10,-4.127043706608141e-13,-0.0686726237755609,0.2974381040225017,-0.23493420733051595,0.1914502993808696,0.00016502773592602866,-0.0006919557976364811,-0.06507316900482198,0.28472403300733523,-0.21866099179265025,0.13238949270851094,1.8355833588904906e-10,5.581907987085079e-10,-0.06061950102201132,0.2808664437898829
74.84,-0.05806181691630799,0.06792544047873707,-0.24319322331622462,0.22228944703278675,-3.5624772632943665e-10,2.780057258334018e-11,-0.06876335400939171,0.29859186270923127,-0.23579290653808094,0.19455419425014822,0.00016130644145104914,-0.000674116107546085,-0.06474228974024365,0.2838992332140437,-0.21914603896248713,0.13407274280429016,1.9595962833527794e-10,5.081353336470065e-10,-0.059827853280360006,0.27716724598612824
74.85000000000001,-0.057569138736196075,0.06682911033130799,-0.24446383297833765,0.22696521519354318,-3.633512048028683e-10,5.5988317126168195e-11,-0.06882422029068051,0.2996009978458951,-0.2366321151394162,0.19759682548110521,0.00015751517219199845,-0.0006560879649163738,-0.0643830398538147,0.28290748355455114,-0.21961765907948488,0.1357113692360027,2.0841140390122155e-10,4.578662103036551e-10,-0.059008536089393424,0.2732300459102593
74.86,-0.057069749098854324,0.06586916122814121,-0.24571169212139984,0.23156632535834482,-3.704492011191966e-10,8.416195273776016e-11,-0.06885512419878373,0.300464352344639,-0.237451529678657,0.2005758428958218,0.00015365570493546996,-0.0006377715323207251,-0.06399552104877283,0.28174638681519626,-0.22007568883534165,0.13730408657034532,2.2090861204758218e-10,4.0741744157441225e-10,-0.05816194631750592,0.269060143528785
74.87,-0.0565637356201532,0.06504319511416058,-0.24693634157132396,0.2360918376129644,-3.7753889514053024e-10,1.1234435237706279e-10,-0.06885598198771559,0.30117778615200136,-0.2382508530888516,0.2034890715481759,0.00014972984950934267,-0.000619295139671028,-0.0635798519915881,0.2804131270140881,-0.2205199695332017,0.13884963289394683,2.334461982359844e-10,3.568216594032506e-10,-0.05728850401311295,0.2646638495692072
74.88,-0.05605117263955269,0.06434850763198391,-0.24813732973808833,0.24054072186573397,-3.846174929530314e-10,1.4049261784260285e-10,-0.06882672496825384,0.3017362416568483,-0.23902979488538698,0.2063352209049869,0.00014573944206469673,-0.0006007371557122014,-0.06313616860379624,0.27890425498890303,-0.22095034721290177,0.14034678829668812,2.4601908872012006e-10,3.06111963723172e-10,-0.05638865177948609,0.26004789482134266
74.89,-0.05553212149504965,0.06378241985883056,-0.24931421271850568,0.24491188816790269,-3.916821813981198e-10,1.6856986014137966e-10,-0.0687672999329531,0.3021366478261966,-0.23978807131465132,0.2091129229227207,0.00014168633897992898,-0.0005820883377422635,-0.06266462438806912,0.2772164957769809,-0.22136667277271,0.14179436340047802,2.586222020520348e-10,2.553202208364017e-10,-0.05546285411034866,0.2552189616383719
74.9,-0.05500663080932173,0.06334203664602722,-0.250466554403948,0.2492042383039484,-3.987301723647994e-10,1.9656481328613984e-10,-0.06867766944317896,0.30237781282111215,-0.24052540549400322,0.21182064861723393,0.00013757241498250705,-0.000563373575806223,-0.06216539076236558,0.27534644116466517,-0.2217688020876771,0.14319120208503217,2.712504338667879e-10,2.0447828715475637e-10,-0.0545115967174121,0.25018380173246285
74.91,-0.05447473679495937,0.06302416535425437,-0.25159392659002444,0.2534166610857036,-4.057586816451089e-10,2.2446802662456126e-10,-0.06855781195075225,0.30245962569513296,-0.24124152756202336,0.21445684238453316,0.00013339956196139476,-0.0005445953048880031,-0.06163865738005943,0.27329124052286546,-0.22215659612446773,0.1445361888067484,2.8389868789916305e-10,1.536166606890077e-10,-0.05353538583912921,0.24494969548573592
74.92,-0.05393646359096526,0.06282520553226666,-0.2526959090905676,0.2575479305957157,-4.127649228161397e-10,2.5228513516380513e-10,-0.06840772188586354,0.3023801361346447,-0.2419361748335,0.21701994026094548,0.00012916968777046858,-0.0005257688597553349,-0.061084632405492126,0.27104868263000254,-0.22252992105145175,0.1458282746261866,2.96561855789907e-10,1.0276403550419879e-10,-0.052534747500933086,0.23952460466027578
74.93,-0.05339182364638218,0.06274086288255849,-0.25377208986449645,0.26159659463880347,-4.1974611781911237e-10,2.800418144747637e-10,-0.0682274099071566,0.30213439130314157,-0.24260909195847186,0.21950827668597178,0.000124884714916036,-0.0005069056316550712,-0.06050354275663333,0.26861624367942294,-0.2228886483420757,0.14706649503317418,3.0923484960474386e-10,5.195076298478454e-11,-0.0515102267118456,0.23391712431132525
74.94,-0.052840818156718636,0.06276649331938554,-0.25482206516272926,0.2655609861950104,-4.266995025443362e-10,3.077140041982431e-10,-0.0680169033868927,0.30171580484002397,-0.24326003109026267,0.22192006208954637,0.00012054657909675805,-0.00048801845228181535,-0.05989563435413222,0.26599128413352807,-0.2232326548705713,0.14824995536123586,3.219125544217284e-10,1.2033809005690174e-12,-0.050462386609995656,0.22813605678058582
74.95,-0.05228343752326621,0.06289770375261021,-0.2558454396860151,0.269439572353686,-4.336223142521819e-10,3.352527865689424e-10,-0.06777624692358232,0.30112143739942027,-0.24388875206406052,0.22425342821542585,0.00011615722771622934,-0.00046911993808647134,-0.05926117236508166,0.2631717216471999,-0.22356182300104804,0.14937780890408328,3.345898927708389e-10,-4.9449843112478974e-11,-0.04939180759651273,0.22218984528630237
74.96000000000001,-0.051719661814212725,0.06312985340862327,-0.2568418267401898,0.27323082565531137,-4.405118059121243e-10,3.626467151681271e-10,-0.06750550266670403,0.30034964983681334,-0.24449502258203876,0.22650649965626443,0.00011171861833258833,-0.00045022297051452434,-0.05860044140515855,0.26015600598278227,-0.22387604067049555,0.15044928431998159,3.472617730018096e-10,-9.998173445829358e-11,-0.048299086472991117,0.21608726037724443
74.97,-0.05114946123631627,0.06345818274317785,-0.25781084839281765,0.27693307829089636,-4.473652342601915e-10,3.89889548147495e-10,-0.06720475053151716,0.29939795075944486,-0.2450786183957625,0.22867755034118623,0.00010723271713295165,-0.0004313382411783164,-0.05791374566132969,0.25694395399419084,-0.22417520146441475,0.1514636973488387,3.599231357189478e-10,-1.5036791007889997e-10,-0.04718483555397369,0.20983758885431114
74.98,-0.05057279663294156,0.0638774142378794,-0.2587521356420403,0.28054448727717984,-4.541798886814615e-10,4.169736320226393e-10,-0.06687408845932132,0.2982629088571788,-0.24563932348779782,0.2307646452605672,0.00010270149752450169,-0.0004124749334307917,-0.057201408961426246,0.2535345776292179,-0.22445920468419547,0.15242044307485952,3.725689136301656e-10,-2.005817203295373e-10,-0.046049681745750366,0.20345017416278363
74.99,-0.04998962000400712,0.06438245277458715,-0.2596653286033001,0.2840630000446554,-4.609530555841843e-10,4.4389360340939784e-10,-0.06651363277509247,0.2969399882575429,-0.2461769302558838,0.23276600479070786,9.812693881116523e-05,-0.00039364231392662323,-0.05646377481242686,0.2499283170606137,-0.22472795540663373,0.1533189881334932,3.8519407201073423e-10,-2.5060028152060576e-10,-0.04489426560964641,0.19693444201973576
75.0,-0.049399875034126954,0.06496796393553975,-0.26055007671780994,0.28748630641899925,-4.676820450539562e-10,4.706374572605087e-10,-0.0661235186481691,0.295423684552998,-0.2466912396881206,0.23468002520340375,9.351102492851235e-05,-0.0003748477166673517,-0.055701206350674944,0.24612669709581117,-0.22498136453514497,0.15415890258248444,3.9779359082728085e-10,-3.004002193010981e-10,-0.04371924040433344,0.19030033099323154
75.01,-0.04880349761809328,0.0656289516536626,-0.26140603897461673,0.2908122016831627,-4.743641848366624e-10,4.971645055693602e-10,-0.06570390056358384,0.29371040615192995,-0.24718206151891817,0.23650534500058176,8.885574323652098e-05,-0.0003560989018244215,-0.05491408616127319,0.2421328334665449,-0.22521934884225686,0.15493982742595383,4.103624777056581e-10,-3.499586375340724e-10,-0.04252527110377753,0.1835576965730867
75.02,-0.048200416368492524,0.06636059583249417,-0.26223288413338386,0.2940384534536084,-4.80996816769833e-10,5.234552976886075e-10,-0.06525495269683128,0.2917972509480682,-0.2476492143646274,0.2382407606249495,8.416308330541588e-05,-0.00033740376154756184,-0.05410281596519977,0.23795088970565698,-0.2254418310043797,0.15566147391099605,4.228957627444895e-10,-3.99254775429185e-10,-0.041313033412655256,0.17671628199040915
75.03,-0.047590553106615335,0.06715810444357348,-0.26303029095329716,0.29716260731650845,-4.875773185191764e-10,5.494965386321671e-10,-0.0647768692491965,0.2896802689948746,-0.24809252584588568,0.23988509111804046,7.943503565170397e-05,-0.0003187707732033972,-0.05326781621508178,0.23358529563397845,-0.22564873963718352,0.15632337565661364,4.35388480611214e-10,-4.48589069057998e-10,-0.040083212796852306,0.16978557575171516
75.04,-0.046973823347675456,0.06801669738065201,-0.2637979484399922,0.30018199767050496,-4.941030695816003e-10,5.752744616798582e-10,-0.06426986484064047,0.28735488268454334,-0.24851183270286062,0.24143724832419716,7.467359037160751e-05,-0.00030021022753785035,-0.052409525640768125,0.22904101212151326,-0.2258400093407336,0.15692498923073903,4.4783569745330187e-10,-4.977509635646427e-10,-0.03883650353233233,0.16277495190425562
75.05,-0.04635013679389347,0.0689312883179431,-0.2645355561181305,0.3030936077885657,-5.005714949955873e-10,6.008250092328037e-10,-0.06373417498492372,0.28481552665855614,-0.24890698090393124,0.2428961937611329,6.988073568221227e-05,-0.00028173169737601784,-0.051528400761698026,0.22432305684466652,-0.22601558073879954,0.15746619683570098,4.602324766515967e-10,-5.465534080821449e-10,-0.03757360776268713,0.15569385074844458
75.06,-0.04571939784104844,0.06989682302922172,-0.26524282436603414,0.30589310710641876,-5.069800345100995e-10,6.262617091864709e-10,-0.06317005658075593,0.28205810036717344,-0.24927782574732757,0.24426097823865206,6.505845656543185e-05,-0.0002633410434211653,-0.05062491537251458,0.21943688439260076,-0.22617540049416524,0.15794702651359685,4.725739241061537e-10,-5.9503674567819e-10,-0.03629523456259706,0.14855149005506868
75.07000000000001,-0.04508150608955433,0.07090823133796433,-0.2659194748031695,0.3085767793136759,-5.133261359936455e-10,6.514141970954942e-10,-0.06257778830560037,0.27907994618011267,-0.2496242319546368,0.2455307416172844,6.0208733621735785e-05,-0.00024504345432834444,-0.04969955999579547,0.2143882815032187,-0.22631942130784868,0.1583675217760371,4.848551832399211e-10,-6.431545785821539e-10,-0.03500209901722704,0.14135688538363317
75.08,-0.044436356861251136,0.07196024849689593,-0.2665652406484961,0.31114170990807416,-5.196072841529262e-10,6.76203271682144e-10,-0.061957670940978926,0.2758773811707834,-0.24994607375565447,0.24670470472338563,5.533354203910424e-05,-0.00022684364469770956,-0.04875284130502846,0.20918318936898886,-0.22644760191166474,0.15872782376056666,4.970714194903728e-10,-6.909057767447115e-10,-0.033694921317393316,0.1341190083562493
75.09,-0.04378384172999782,0.0730474702895611,-0.26717986703365737,0.3135847716071408,-5.25820993970582e-10,7.00632766230086e-10,-0.061310027725533296,0.2724465427460932,-0.2502432349648723,0.2477821729456253,5.04348505835169e-05,-0.0002087467093407357,-0.04778528152798035,0.20382772519913833,-0.22655990705399953,0.15902812752427406,5.092178502389035e-10,-7.382649237099808e-10,-0.03237442586440539,0.12684671869009742
75.10000000000001,-0.043123849058811094,0.07416461427359827,-0.26776311129774594,0.3159032615492078,-5.319648171529241e-10,7.246666862793158e-10,-0.060635204658076244,0.2687861343360839,-0.2505156090488625,0.24876255972449038,4.5514620530743046e-05,-0.0001907593045092885,-0.046797417825773166,0.19832841373334342,-0.22665630747961282,0.15926867296785316,5.212897269671874e-10,-7.852237644364331e-10,-0.031041340392782262,0.1195485055777217
75.11,-0.042456264536671284,0.0753062889664725,-0.26831474326914606,0.3180943527142686,-5.380363394692238e-10,7.482981505040757e-10,-0.05993357067852644,0.2648948267766273,-0.25076309918389494,0.24964536826946349,4.0574804535701225e-05,-0.0001728874284501215,-0.045789801643655426,0.19269193357884853,-0.22673677990458793,0.15944975107416437,5.332823418449935e-10,-8.317675454315173e-10,-0.029696395118398243,0.11223269971019359
75.12,-0.041780971715933195,0.076467165946072,-0.2688345455353068,0.32015553623864107,-5.440331950079357e-10,7.715068115781108e-10,-0.05920551774496473,0.2607730681186199,-0.25098561830380905,0.25043020506652025,3.561734550046344e-05,-0.000155137287284167,-0.04476299803707238,0.18692525789099435,-0.2268013069867683,0.1595716887945548,5.451910321091263e-10,-8.778855498099495e-10,-0.028340321911970313,0.1049073025950862
75.13,-0.04109785254032855,0.07764217670285278,-0.2693223136732874,0.32208514486982726,-5.49953052667094e-10,7.942846134271585e-10,-0.058451460704733824,0.25642515852897446,-0.25118308913730103,0.2511167972334611,3.064417542489942e-05,-0.00013751593755146195,-0.04371758496616524,0.1810358140739189,-0.22684987729316197,0.15963482127983855,5.570111713305454e-10,-9.235662280806959e-10,-0.026973853508008776,0.09757979615052326
75.14,-0.04040678785534665,0.0788263533241963,-0.269777856417111,0.3238820087745856,-5.557936373518491e-10,8.166248194744914e-10,-0.057671836878437646,0.25185740163184844,-0.25135544423383727,0.2517049816842162,2.5657214222764726e-05,-0.00012003035428608753,-0.04265415255359653,0.17503130331676103,-0.22688248526566634,0.159639502260921,5.687381796955647e-10,-9.687994662874847e-10,-0.025597722757477386,0.09025728964980895
75.15,-0.03970765790858446,0.08001471172790715,-0.2702009957778529,0.3255451553311713,-5.615526922616365e-10,8.385190655908973e-10,-0.05686710544867118,0.24707675902351364,-0.2515026259787075,0.2521946947187364,2.0658368626886243e-05,-0.00010268453656701827,-0.04157330231573058,0.1689195621945725,-0.22689913118493388,0.15958611102212916,5.803675337372396e-10,-1.0135742424502191e-09,-0.024212661917379273,0.08294662622258725
75.16,-0.03900034284968328,0.08120222962413455,-0.27059156713993676,0.3270737493738795,-5.672280298356263e-10,8.599622611636509e-10,-0.05603774676633689,0.24209052938563438,-0.25162458660236225,0.25258582900722515,1.564953412774197e-05,-8.538929904236065e-05,-0.04047564637851104,0.1627085321708589,-0.22689982113187906,0.15947505080625166,5.918947396584475e-10,-1.057881372392989e-09,-0.022819401968498586,0.07565440241937457
75.17,-0.03828472323240936,0.08238387433096968,-0.2709494193417253,0.3284671190465324,-5.728174950758067e-10,8.809476402139526e-10,-0.05518426161332023,0.23690646678061753,-0.2517212882276702,0.25287705529920734,1.0632602334306773e-05,-6.803101566965284e-05,-0.03936180667767937,0.1564064082981005,-0.22688456694714207,0.15930673672481327,6.033153620866664e-10,-1.1017110185367308e-09,-0.021418671958660315,0.06838695429956092
75.18,-0.037560680518572795,0.08355458291483216,-0.27127441474045483,0.3297247512565411,-5.7831897597981e-10,9.01473196894645e-10,-0.05430717042521603,0.23153267766375496,-0.2517927029589051,0.25306767566284344,5.609462656216562e-06,-5.0779357740731396e-05,-0.038232414144696136,0.15002137593009923,-0.22685338618896464,0.1590816014190849,6.146250153553737e-10,-1.1450537437532789e-09,-0.020011198371950156,0.06115035344118683
75.19,-0.036828097583889385,0.08470927280439321,-0.2715664292612348,0.33084629136836224,-5.837304228618295e-10,9.215354020675776e-10,-0.05340701247672273,0.2259776242575038,-0.2518388129306786,0.25315806238720295,5.819937242273371e-07,-3.369956698128372e-05,-0.037088107891170015,0.14356152293152502,-0.22680630208966357,0.15880008771731285,6.25819347509284e-10,-1.1878995862110972e-09,-0.018597704524556592,0.05395039988211033
75.2,-0.03608685922547432,0.08584284750695988,-0.2718253524301521,0.33183154518232627,-5.890498121372296e-10,9.411307489206338e-10,-0.052484345032862666,0.22025008102759705,-0.25185961029079235,0.2531486132141094,-4.447942664847185e-06,-1.6761289993952138e-05,-0.03592953439806489,0.13703494723334578,-0.22674334351111833,0.15846264309145866,6.368940833345645e-10,-1.2302401775978436e-09,-0.017178909987450565,0.0467926274999878
75.21000000000001,-0.03533685267084487,0.08695018517678527,-0.2720510873909003,0.33268049488632945,-5.942751853725857e-10,9.602561081666758e-10,-0.051539742468595655,0.21435911967251084,-0.2518550971571475,0.25303984157038834,-9.478502321007865e-06,1.6724900416099774e-08,-0.03475734670713638,0.13044972271196567,-0.22666454489940738,0.15806972893772653,6.478449715678438e-10,-1.2720649162666717e-09,-0.01575553003573886,0.039682305830442945
75.22,-0.03457796808857614,0.08802614840969618,-0.2722435509045725,0.33339328425081316,-5.994046053693806e-10,9.789090031716592e-10,-0.050573795359745294,0.2083140680671994,-0.25182528556668116,0.25283231842869924,-1.4507859323406546e-05,1.6636078906511226e-05,-0.03357220361454113,0.12381388518835522,-0.2265699462385115,0.1576218120996655,6.586678375677239e-10,-1.3133657100065152e-09,-0.014328275124555864,0.032624439479076686
75.23,-0.03381009910010233,0.08906559265192526,-0.27240267333324275,0.333970211892183,-6.044362128302175e-10,9.970864779191188e-10,-0.0495871095485845,0.20212447737396916,-0.25177019741672146,0.25252669482090867,-1.953420691692196e-05,3.308906631545619e-05,-0.03237476886865748,0.11713541030262457,-0.22645959300355403,0.15711935729071883,6.693585409026587e-10,-1.3541314426226195e-09,-0.012897850391465111,0.02562376901291989
75.24,-0.03303314329199248,0.0900633688355832,-0.27252839860806394,0.33441172798535074,-6.093681750314774e-10,1.0147888845992635e-09,-0.04858030518754041,0.19580008812719205,-0.2516898643993474,0.25212368415680003,-2.4555758275997068e-05,4.93735471191775e-05,-0.03116571037405484,0.11042219565065303,-0.22633353611418716,0.15656282489945963,6.799130072334207e-10,-1.3943550518781318e-09,-0.01146495518523143,0.01868477391621844
75.25,-0.032247002728287344,0.09101432764063283,-0.27262068418233937,0.33471842897724696,-6.141987167621954e-10,1.0320142996030503e-09,-0.047554015764348055,0.18935079735456192,-0.25158432792913793,0.25162406370315527,-2.9570747218189724e-05,6.548541874966377e-05,-0.02994569940352654,0.10368204166648488,-0.2261918318884846,0.15595266766396246,6.903272105676415e-10,-1.4340256335552684e-09,-0.010030282620686006,0.011811676059479914
75.26,-0.03145158446253285,0.0919133230607253,-0.2726795009700644,0.33489105218056886,-6.189261142548864e-10,1.0487647705736247e-09,-0.046508887111974165,0.18278662525450923,-0.2514536390648476,0.2510286661023826,-3.457742883055026e-05,8.142235849236675e-05,-0.02871540982001241,0.09692263444686551,-0.2260345419976215,0.15528932830793007,7.005971823879904e-10,-1.4731355601742423e-09,-0.008594519159320677,0.005008444027935112
75.27,-0.030646801048943875,0.09275522280129396,-0.2727048333018169,0.33492945487815884,-6.235486620176007e-10,1.0653788763475148e-09,-0.045445576401070435,0.17611786195730797,-0.25129785842560476,0.25033837275508236,-3.957407999558925e-05,9.718304852592016e-05,-0.02747551731010807,0.0901515305571158,-0.22586173342170338,0.15457323372431306,7.107190186889099e-10,-1.5116746105424618e-09,-0.0071583442152132045,-0.0017212032445877458
75.28,-0.029832571051774375,0.09353491969781423,-0.2726966789840286,0.33483146377746587,-6.280646980162506e-10,1.0817589303512856e-09,-0.04436475110264885,0.1693552523671223,-0.2511170561024216,0.24955410427324018,-4.455899971396387e-05,0.00011276935944569729,-0.02622669863069081,0.0833761429618464,-0.22567347840725824,0.15380478915537965,7.206888612427819e-10,-1.5496354702011936e-09,-0.005722429785879387,-0.008373792184443011
75.29,-0.029008819552862528,0.09424730827905921,-0.27265504940109736,0.3345973306345776,-6.324725889460617e-10,1.0976509056423153e-09,-0.04326708793418886,0.162509177947427,-0.250911311565388,0.24867682800690485,-4.953050929425986e-05,0.00012818108109619554,-0.024969630870337704,0.0766037193208955,-0.22546985442640252,0.15298439080290144,7.305029140136482e-10,-1.5870087140786313e-09,-0.004287440107394703,-0.014946082831855464
75.3,-0.028175478657915136,0.09488729656014477,-0.27257996949762475,0.3342286119545607,-6.367707325434773e-10,1.1130750199114755e-09,-0.04215327182147044,0.15558980279067933,-0.2506807135666337,0.24770754924694746,-5.448695258644473e-05,0.0001434172112491325,-0.023704990727176713,0.06984133141414454,-0.2252509441373082,0.15211242162448155,7.401574439708826e-10,-1.6237881041665508e-09,-0.0028540313330288366,-0.02143506489853498
75.31,-0.02733248800083983,0.09544982446067944,-0.27247147765924873,0.33372651166002937,-6.409575781474862e-10,1.1280278615705158e-09,-0.0410239948770942,0.14860733302789836,-0.25042536003979776,0.24664729645087413,-5.9426696352732946e-05,0.00015847424195895957,-0.022433453804490983,0.06309586277538536,-0.22501683534585837,0.15118925368173214,7.496487857702684e-10,-1.6599713175493466e-09,-0.0014228512348445632,-0.027837953470163157
75.32000000000001,-0.026479795245023606,0.09592986371980294,-0.27232962557529006,0.3330925533989232,-6.450316287426006e-10,1.1425211728961764e-09,-0.039879955384569996,0.14157186802716631,-0.2501453579972999,0.24549710859299864,-6.434813012886039e-05,0.0001733690646672036,-0.021155693925187374,0.05637399927904433,-0.22476762096886338,0.15021523502731648,7.589733160610219e-10,-1.695555101107244e-09,5.461072199535098e-06,-0.03415218359040567
75.33,-0.0256173565806912,0.0963224347848379,-0.2721544780939084,0.3323282189552073,-6.489914364053205e-10,1.1565594218590825e-09,-0.03872185678929647,0.13449342938515585,-0.24984082348632491,0.24425609128397616,-6.92496524232009e-05,0.0001885302936828827,-0.019872382456303107,0.04968253808967482,-0.22450339899997182,0.14919067237099093,7.681274750416377e-10,-1.7305239110035367e-09,0.00143027538439648,-0.04037539731198583
75.34,-0.024745137217139404,0.09662261986564405,-0.27194611306989,0.33143509257336684,-6.528355826531074e-10,1.1701510854538878e-09,-0.037550406699953874,0.12738189537159925,-0.2495118816948543,0.24292157579746768,-7.412965470026764e-05,0.00020378601770286285,-0.018584187628962617,0.04302837196847248,-0.2242242724795383,0.14811582639244356,7.771077868387568e-10,-1.7648638974255774e-09,0.0028509706424953685,-0.04650544186201907
75.35000000000001,-0.023863111870182006,0.09682552099190259,-0.2717046212060409,0.33041482970613095,-6.565627150821529e-10,1.18329999184136e-09,-0.036366315902750204,0.12024700656159616,-0.2491586670912972,0.24149388192889013,-7.89865290493444e-05,0.00021889244289700964,-0.01729177387280904,0.0364177016394707,-0.2239303494973672,0.1469899931771623,7.859107895162689e-10,-1.7993339450033504e-09,0.004266935148963294,-0.052540220197405035
75.36,-0.022971265246012347,0.09692627674693906,-0.2714301058861477,0.32926918059006044,-6.601715113802912e-10,1.1960144600380388e-09,-0.03517029739035486,0.11309833869972495,-0.24878132341909792,0.2399743833217919,-8.381868232662668e-05,0.00023389459732067958,-0.015995801195394007,0.02985632002288695,-0.2236217432622242,0.14581187856908054,7.945330586854015e-10,-1.8334208298667245e-09,0.005677566775641413,-0.05847772726901982
75.37,-0.022069592520652125,0.09692008804548816,-0.27112268303161047,0.3279989323866567,-6.636606857485778e-10,1.2086489799463286e-09,-0.033963065401838945,0.10594546339824942,-0.248380003593959,0.23836401095212692,-8.862453952040135e-05,0.0002487705738777836,-0.014696924600666463,0.023349850117505542,-0.22329857218136462,0.14458142600169188,8.029711965814473e-10,-1.866721363132681e-09,0.007082273154401452,-0.0643163259913684
75.38,-0.021158099812900184,0.09680223609133023,-0.27078248119318976,0.32659873604740397,-6.670289683830319e-10,1.2213406676225166e-09,-0.0327453344367588,0.09879890325630823,-0.2479548695955301,0.23666390957927003,-9.340254333287962e-05,0.0002635428177967028,-0.013395793532504413,0.016903636584040864,-0.22296095988108897,0.14329888784524764,8.11221875412969e-10,-1.8993770702000517e-09,0.008480471840659339,-0.07005460988717564
75.39,-0.020236804649974443,0.09656806501451276,-0.27040964184240807,0.32506720894522234,-6.70275099231174e-10,1.2336439559978758e-09,-0.031517818251180836,0.09166824649393696,-0.24750609236079993,0.23487511083117132,-9.815115349088832e-05,0.00027821382295872306,-0.012093051342704688,0.010522786829433368,-0.222609035193313,0.1419643317729182,8.192818497466232e-10,-1.9312994196597877e-09,0.009871590453892427,-0.07569131281814558
75.4,-0.01930573642620021,0.0962129861640902,-0.2700043194710565,0.3234067680343649,-6.733978494878175e-10,1.2454652286753297e-09,-0.03028122891055283,0.08456212706883379,-0.2470338516832397,0.23299850482050102,-0.00010286884086717682,0.00029295752830755617,-0.010789334783439367,0.004212173355251769,-0.22224293214315902,0.14057789075705535,8.271479268290729e-10,-1.9625158779164956e-09,0.011255066801284056,-0.0812253421454006
