t_s,center_heave_m,center_heave_acc_mps2,buoy_heave_m,buoy_heave_acc_mps2
58.620000000000005,0.049933314261028365,-0.1805066499318712,0.07029005420127708,-0.26312899279643726
58.63,0.04988516166707136,-0.1781488371681069,0.07032011726291226,-0.2646304094463101
58.64,0.04981931310637111,-0.17578998141528754,0.0703236881027362,-0.2660500487538479
58.65,0.04973600230446564,-0.17343371993586915,0.07030062610548156,-0.26738138453838906
58.660000000000004,0.049635462565796505,-0.17108342094527249,0.07025079961890367,-0.2686166297222544
58.67,0.04951792644673781,-0.16874206183465873,0.07017408672694277,-0.2697473549875076
58.68,0.04938362546742047,-0.16641216628884525,0.07007037610328483,-0.2707643619901482
58.69,0.04923278986676395,-0.1640958409930265,0.06993956792456,-0.27165816181137503
58.7,0.049065648397112596,-0.16179487294876238,0.06978157474778778,-0.2724213796942021
58.71,0.04888242814835535,-0.1595108762495314,0.06959632219706212,-0.273049624587313
58.72,0.048683354399857943,-0.15724504883331378,0.06938374944852102,-0.27353891339784775
58.730000000000004,0.04846865051259671,-0.15499806503223304,0.0691438096528435,-0.273884722391621
58.74,0.04823853784680877,-0.1527708768208104,0.06887647038500702,-0.27408224647548257
58.75,0.047993235640268535,-0.15056560778837808,0.06858171405768923,-0.27412865581215196
58.76,0.04773296080448257,-0.14838499755131468,0.0682595382044274,-0.27402236139076275
58.77,0.04745792767031623,-0.14623169528929764,0.06790995566374901,-0.2737617318748362
58.78,0.047168347729536375,-0.14410823793113225,0.06753299473237692,-0.2733454097489753
58.79,0.04686442938803833,-0.14201702470970626,0.06712869930049313,-0.2727722071158676
58.800000000000004,0.04654637773179792,-0.13996033718874562,0.06669712896778367,-0.2720411121739625
58.81,0.04621439430444566,-0.13794035922284734,0.06623835914434996,-0.27115121276702103
58.82,0.04586867689580562,-0.13595915408915296,0.06575248113809253,-0.27010176157317756
58.83,0.04550941934343866,-0.13401862164358042,0.06523960222814754,-0.2688921346413548
58.84,0.04513681136941187,-0.13211986107110282,0.06469984574455902,-0.2675212026274929
58.85,0.04475103851250511,-0.13026226677142475,0.06413335121393199,-0.26598642763938257
58.86,0.04435228217063747,-0.128444903571502,0.06354027458596614,-0.2642852280248227
58.870000000000005,0.043940719637593426,-0.1266686404848737,0.06292078842484516,-0.262417131980786
58.88,0.043516524041755385,-0.1249348466836169,0.06227508197230526,-0.2603824773205406
58.89,0.043079864232959134,-0.12324461809055429,0.06160336112804508,-0.2581816339983623
58.9,0.042630904708319366,-0.12159790553665502,0.06090584837169129,-0.2558162959016964
58.910000000000004,0.042169805706882744,-0.11999119672506883,0.060182782515689266,-0.2532914959338
58.92,0.04169672341091593,-0.11842379730609699,0.059434418347890684,-0.2506096511182211
58.93,0.04121181002338216,-0.11689673207186414,0.058661026387201456,-0.24777156365706418
58.94,0.040715213726953144,-0.11541031087355035,0.05786289274700805,-0.2447788012087322
58.95,0.040207078638258495,-0.11396504113346378,0.05704031899673345,-0.24163280075725285
58.96,0.03968754477445177,-0.11256117207624784,0.05619362200499103,-0.23833531464609745
58.97,0.039156748029505146,-0.11119892329974007,0.05532313376697611,-0.23488818499710234
58.980000000000004,0.03861482016144914,-0.10987837131905394,0.054429201215034785,-0.23129345357184428
58.99,0.03806188878985249,-0.1085995073268583,0.05351218601323825,-0.22755330351931607
59.0,0.03749807740378221,-0.10736220949301335,0.05257246433588691,-0.22367008481752101
59.01,0.036923505381951834,-0.10616619465410719,0.05161042662846359,-0.2196463588142415
59.02,0.036338288041642054,-0.10501057592507489,0.050626477335143284,-0.21548532562185688
59.03,0.03574253670386853,-0.10389500751489956,0.049621034595288646,-0.211190033140181
59.04,0.035136358627951836,-0.102822899474851,0.04859452983328243,-0.20676682011297534
59.050000000000004,0.03451985674968089,-0.10179768800097606,0.04754740720592404,-0.20222147042179686
59.06,0.033893129421184026,-0.10082032525008994,0.04648012301553635,-0.19755965828642483
59.07,0.03325627026682722,-0.09989196082836056,0.045393145151516934,-0.19278666616552767
59.08,0.03260936810557828,-0.09901286061916036,0.04428695261653459,-0.18790573067038246
59.09,0.03195250693532526,-0.098182568378255,0.04316203510593122,-0.18292188892582037
59.1,0.031285765979187766,-0.097400335021615,0.04201889254692872,-0.17783990998195354
59.11,0.030609219783455124,-0.09666466453046853,0.04085803464949774,-0.1726634610731137
59.120000000000005,0.029922938355058902,-0.09597415681290855,0.03967998051850204,-0.16739615832115312
59.13,0.029226987321215262,-0.09532701331329609,0.038485258276275684,-0.1620420678490863
59.14,0.028521428108439946,-0.09472137938708917,0.03727440463985865,-0.15660603954946697
59.15,0.027806318144423536,-0.09415499908367643,0.03604796447286701,-0.15109220361999007
59.160000000000004,0.027081711098742148,-0.09362502984312267,0.03480649036816207,-0.14550434154060218
59.17,0.026347657163159892,-0.09312853342579354,0.033550542256996684,-0.139846396403902
59.18,0.025604203347724865,-0.09266258060798319,0.03228068701594998,-0.13412234877999193
59.19,0.024851393781579127,-0.09222413007927241,0.030997498071779386,-0.1283360835743082
59.2,0.02408927002923499,-0.09180980658249274,0.029701555007120226,-0.12249158858652921
59.21,0.023317871428724744,-0.09141612417948501,0.028393443144753373,-0.11659344486733217
59.22,0.02253723544011068,-0.09103964376327627,0.02707375311107713,-0.1106458937873933
59.230000000000004,0.02174739800012815,-0.09067671605321789,0.02574308041409196,-0.104652870580545
59.24,0.020948393895614863,-0.09032338112844034,0.02440202504198171,-0.09861835026567181
59.25,0.02014025716000506,-0.08997555394801385,0.023051191067131115,-0.09254626561093718
59.26,0.01932302148439885,-0.08962906667448685,0.021691186251338687,-0.08644055456349685
59.27,0.01849672063761254,-0.08927966409906926,0.020322621652409816,-0.08030513047971163
59.28,0.017661388893395073,-0.08892304237466477,0.018946111232034473,-0.07414390243293525
59.29,0.016817061461203927,-0.08855490703273977,0.017562271463986243,-0.06796079268690351
59.300000000000004,0.015963774920438524,-0.08817085870661366,0.016171720943653968,-0.06175966241313796
59.31,0.015101567659795846,-0.08776648462682747,0.014775080003277765,-0.055544278794571106
59.32,0.014230480320681959,-0.08733731969753954,0.01337297033328461,-0.04931840358219686
59.33,0.013350556245450826,-0.08687882518227238,0.011966014605480371,-0.04308580909317188
59.34,0.01246184192931683,-0.08638648472465531,0.010554836088991933,-0.03685049036256899
59.35,0.011564387472602218,-0.08585577270924126,0.009140058260210122,-0.03061627540687083
59.36,0.010658247031389503,-0.08528220609112697,0.007722304423589463,-0.024386766788933416
59.370000000000005,0.009743479262813931,-0.0846614038096641,0.006302197347275626,-0.0181655547863175
59.38,0.008820147765802241,-0.08398893267457574,0.004880358906297541,-0.011956148775896642
59.39,0.007888321521976133,-0.0832603627813902,0.0034574097318053423,-0.005762001198770032
59.4,0.006948075334768181,-0.08247134049757979,0.002033968866428732,0.0004134885011719426
59.410000000000004,0.0059994902622119844,-0.0816175836508918,0.0006106534254957306,0.006566987749034463
59.42,0.005042654041664143,-0.08069489904967062,-0.0008119217354705168,0.012695224630841728
59.43,0.004077661505960977,-0.07969917376316349,-0.002233144347502848,0.018794972023493943
59.44,0.00310461499044269,-0.0786263965265095,-0.0036524050497626155,0.02486305878212448
59.45,0.0021236247295717678,-0.07747267044191074,-0.005069097705503875,0.03089637607587688
59.46,0.0011348092418104231,-0.07623422242812805,-0.006482619711922682,0.03689187628646854
59.47,0.00013829570114346724,-0.07490743237882956,-0.007892372304127529,0.04284656316061312
59.480000000000004,-0.0008657797062269437,-0.07348882858689255,-0.00929776085350991,0.04875749970229649
59.49,-0.001877271439668537,-0.07197506526272862,-0.01069819515966222,0.054621829547288205
59.5,-0.002896024276159835,-0.07036295436440766,-0.012093089734878415,0.06043676796421157
59.51,-0.003921872998788004,-0.06864950059399587,-0.013481864081053294,0.0661996082488497
59.52,-0.004954642103144969,-0.06683187221537767,-0.014863942959347773,0.07190770544894058
59.53,-0.005994145520979933,-0.06490740465661306,-0.016238756653473112,0.07755847128759576
59.54,-0.007040186361476061,-0.0628736257423582,-0.017605741226787017,0.08314938704959006
59.550000000000004,-0.008092556671639089,-0.06072826147848463,-0.018964338772687734,0.08867800280551594
59.56,-0.009151037216783129,-0.058469242955532,-0.020313997658041368,0.094141938686201
59.57,-0.010215397281752966,-0.05609471264790396,-0.021654172760010748,0.09953887157839503
59.58,-0.011285394493573337,-0.053603032654776964,-0.022984325698323586,0.10486648924021733
59.59,-0.012360774665964363,-0.05099278205900584,-0.024303925061739146,0.11012261247249207
59.6,-0.013441271665946324,-0.04826276347670845,-0.025612446624125255,0.11530517793543595
59.61,-0.01452660730319474,-0.0454120162254688,-0.026909373550195785,0.12041218640260233
59.620000000000005,-0.015616491242858825,-0.04243981441367934,-0.028194196593771533,0.12544170355679582
59.63,-0.016710620941604772,-0.03934565405172244,-0.02946641428937676,0.13039186648439607
59.64,-0.017808681606376043,-0.036129259051879595,-0.030725533136486984,0.13526089446149958
59.65,-0.018910346176212123,-0.03279059157166844,-0.031971067776087034,0.14004707742562938
59.660000000000004,-0.0200152753277604,-0.029329852558640315,-0.03320254115980694,0.14474877918379617
59.67,-0.02112311750472334,-0.025747482413521334,-0.03441948471176042,0.14936443605422547
59.68,-0.022233508971263877,-0.022044160722659255,-0.03562143848307076,0.1538925577176091
59.69,-0.023346073889338518,-0.018220805618595112,-0.03680795129907469,0.15833172697114772
59.7,-0.024460424419864017,-0.014278572513745801,-0.03797858089919788,0.1626805999902601
59.71,-0.025576160847582095,-0.010218852340224011,-0.039132894069491886,0.16693790632974725
59.72,-0.02669287172942152,-0.006043269251541742,-0.04027046676782942,0.171102449021251
59.730000000000004,-0.027810134066112713,-0.0017536778194709114,-0.04139088424175274,0.17517310460248778
59.74,-0.028927513496747718,0.0026478405922936267,-0.04249374113898247,0.1791488228571455
59.75,-0.03004456451586574,0.007158983396978355,-0.043578641610635786,0.18302862593308433
59.76,-0.031160830712620703,0.011777229810866678,-0.044645199407148825,0.18681161051282857
59.77,-0.032275845031640736,0.016499844355867967,-0.045693037966789314,0.19049694807476106
59.78,-0.0333891300551268,0.02132388365584512,-0.04672179049678873,0.1940838814371558
59.79,-0.03450019830551771,0.026246204799097773,-0.04773110004732199,0.19757172299806777
59.800000000000004,-0.035608552568172566,0.03126346526978861,-0.04872061957831228,0.20095986053133078
59.81,-0.036713686233712975,0.03637212872457556,-0.04969001201885363,0.20424775647790458
59.82,-0.037815083659464684,0.04156847351343822,-0.050638950319257484,0.2074349456319312
59.83,-0.03891222054926262,0.04684859902733896,-0.05156711749583625,0.21052103528716778
59.84,-0.04000456435089922,0.05220843312368373,-0.052474206668479684,0.21350570463092075
59.85,-0.04109157467049378,0.05764373941350077,-0.05335992109105994,0.21638870444487734
59.86,-0.0421727037030262,0.06315012500477395,-0.05422397417471065,0.21916985655325635
59.870000000000005,-0.04324739667826008,0.06872304835958445,-0.05506608950403182,0.22184905330339982
59.88,-0.044315092321219454,0.07435782863274344,-0.05588600084630148,0.22442625607815175
59.89,-0.0453752233261273,0.08004966088404956,-0.056683452153945164,0.22690148988058265
59.9,-0.04642721684296152,0.08579361298319939,-0.05745819756032257,0.2292748508100135
59.910000000000004,-0.047470494976242915,0.09158463305573715,-0.05821000136859795,0.2315465054213004
59.92,-0.04850447529532942,0.09741756275445625,-0.05893863803371727,0.23371668667883583
59.93,-0.04952857135517318,0.10328714495280562,-0.05964389213771157,0.23578569360785898
59.94,-0.05054219322660155,0.10918803329921062,-0.060325558358469686,0.2377538896509474
59.95,-0.051544748035235205,0.11511480060859339,-0.06098344143209859,0.23962170171020875
59.96,-0.052535640508112366,0.12106194943218354,-0.061617356108097536,0.2413896477811235
59.97,-0.05351427352709126,0.12702391980609581,-0.06222712709647064,0.2430583215600878
59.980000000000004,-0.05448004868811721,0.1329950995774239,-0.06281258900846422,0.24462834485250873
59.99,-0.055432366865172375,0.13896984128744555,-0.06337358629277633,0.24610039422044122
60.0,-0.0563706287782287,0.14494245062055783,-0.06390997316689496,0.24747520023398664
60.01,-0.057294235565087066,0.15090719753933418,-0.06442161354322569,0.2487535417932215
60.02,-0.05820258935626543,0.15685833270226127,-0.0649083809501269,0.24993625132589478
60.03,-0.05909509385168186,0.1627900950443407,-0.06537015844782508,0.25102421149591675
60.04,-0.05997115489795996,0.16869672725155155,-0.0658068385387287,0.25201837301054675
60.050000000000004,-0.06083018106890291,0.1745723639480247,-0.06621832306709738,0.25291989206024457
60.06,-0.06167158425628769,0.18041096890620492,-0.06660452309778608,0.25373023121429283
60.07,-0.062494780274609245,0.18620638910413598,-0.0669653587684643,0.25445109091141177
60.08,-0.06329918947722524,0.19195239098376735,-0.06730075911809012,0.2550843652379825
60.09,-0.0640842373800879,0.19764269124935355,-0.06761066189614806,0.25563211108131934
60.1,-0.06484935528954786,0.20327099898259196,-0.06789501335682181,0.2560964901127515
60.11,-0.0655939809320371,0.20883099966031565,-0.06815376804017617,0.25647981397684533
60.120000000000005,-0.06631755908468294,0.21431638498806324,-0.06838688854106244,0.2567844855961388
60.13,-0.0670195422044775,0.21972089210042098,-0.06859434526947135,0.25701294390967433
60.14,-0.06769939105351531,0.22503830231306726,-0.06877611620569345,0.25716768135660634
60.15,-0.06835657531744578,0.23026251067396536,-0.06893218665363378,0.2572511426679585
60.160000000000004,-0.06899057421118292,0.23538760881928916,-0.06906254900059401,0.2572656059802694
60.17,-0.06960087706141059,0.24040804701829926,-0.06916720250591417,0.2572127123618375
60.18,-0.07018698385608048,0.24531863954424424,-0.06924615317639343,0.2570924180409699
60.19,-0.07074840576599088,0.25011428766855487,-0.06929941378099748,0.2569032707685339
60.2,-0.07128466565417876,0.25478990981809374,-0.06932700399579138,0.2566429316792591
60.21,-0.07179529858267596,0.25934042124036943,-0.069328950648499,0.25630815485852
60.22,-0.0722798523249045,0.26376054353987977,-0.06930528805632785,0.25589469199120407
60.230000000000004,-0.07273788789353257,0.26804480489184984,-0.06925605846121663,0.2553973231764242
60.24,-0.07316898008708438,0.2721875554584357,-0.0691813125559068,0.2548100825093407
60.25,-0.07357271805318415,0.27618301015823743,-0.06908111007784155,0.2541266223808716
60.26,-0.07394870586242601,0.2800253646102354,-0.06895552042818148,0.25334087045220116
60.27,-0.07429656308314568,0.28370889792520104,-0.06880462322478309,0.2524486995914204
60.28,-0.07461592534500493,0.28722812594049496,-0.06862850865512625,0.2514491765631599
60.29,-0.07490644488451687,0.29057771294456713,-0.06842727760278663,0.25034235004466454
60.300000000000004,-0.07516779107173924,0.29375254057479927,-0.06820104166621867,0.24912814312561238
60.31,-0.07539965089783218,0.2967483121776798,-0.06794992314353117,0.24780715390859467
60.32,-0.0756017293813101,0.29956190906775954,-0.0676740549577301,0.24638090960059372
60.33,-0.07577374988886554,0.30219056839324204,-0.06737358050954126,0.2448513652223157
60.34,-0.07591545441331397,0.30463158887294345,-0.06704865349028043,0.2432204932852509
60.35,-0.07602660383505183,0.30688247082613385,-0.06669943768339746,0.2414903331911796
60.36,-0.07610697816806722,0.3089408487727635,-0.06632610676106006,0.23966296686183988
60.370000000000005,-0.07615637679533778,0.31080435464931017,-0.06592884408108504,0.23774035490409123
60.38,-0.07617461870837673,0.3124704024513701,-0.06550784249959123,0.23572411673480587
60.39,-0.07616154276348225,0.3139362123260593,-0.06506330421241695,0.23361556351815882
60.4,-0.07611700795654522,0.3151988492482399,-0.0645954406148923,0.23141612233021447
60.410000000000004,-0.07604089371103055,0.31625532119642,-0.06410447217061203,0.2291269401946085
60.42,-0.07593310015173488,0.3171032853935035,-0.0635906282851662,0.22674937765867764
60.43,-0.07579354832037415,0.31774127922166445,-0.06305414714055675,0.224285907427692
60.44,-0.07562218034433352,0.31816753185855573,-0.06249527544350622,0.22173987650537189
60.45,-0.07541895962713749,0.31837949689887046,-0.061914268083375947,0.2191154502773029
60.46,-0.07518387109038431,0.3183743976463087,-0.06131138771881071,0.21641723478738506
60.47,-0.07491692139733322,0.31815091550531127,-0.0606869043647332,0.21364859618469229
60.480000000000004,-0.0746181390739864,0.31770886580142593,-0.0600410950594943,0.21081200559890728
60.49,-0.07428757454072404,0.31704821264716887,-0.059374243600210895,0.2079099505841159
60.5,-0.07392530010804761,0.31616911791855584,-0.05868664029576509,0.20494489320011136
60.51,-0.0735314099545277,0.3150719074867369,-0.057978581720853135,0.201919291937321
60.52,-0.07310602008710801,0.3137570890614199,-0.05725037047149566,0.19883558025493892
60.53,-0.07264926828385898,0.3122253423875696,-0.0565023149225569,0.19569616901486564
60.54,-0.07216131401880245,0.310477535892244,-0.05573472898839698,0.19250341987402594
60.550000000000004,-0.07164233836884867,0.3085147052494786,-0.05494793188725043,0.1892596670661773
60.56,-0.07109254390387264,0.30633804360941547,-0.05414224790854921,0.1859672250057665
60.57,-0.070512154569516,0.30394862051832144,-0.05331800617453307,0.18262864278089097
60.58,-0.06990141560207336,0.3013465629523916,-0.05247554035973797,0.17924747160846718
60.59,-0.06926059347604668,0.2985325269998665,-0.05161518836835472,0.1758268742726957
60.6,-0.0685899758440322,0.29550717368427204,-0.05073729200908125,0.17237007494928017
60.61,-0.06788987150680979,0.29226983593920425,-0.049842196634520705,0.16888159654931242
60.620000000000005,-0.06716061040806451,0.2888211633255247,-0.04893025086450098,0.16536112462506608
60.63,-0.06640254362448611,0.2851606934914502,-0.04800180664702088,0.1618043128711595
60.64,-0.06561604339047312,0.28128777316521847,-0.04705721954000344,0.158209208550551
60.65,-0.0648015031499151,0.27720187962271764,-0.046096848914075964,0.15457517142349828
60.660000000000004,-0.06395933758797782,0.27290304321703507,-0.04512105798435937,0.15090347271996113
60.67,-0.06308998260312561,0.2683922562629236,-0.04413021372867705,0.14719516732592197
60.68,-0.06219389518650057,0.2636716173474478,-0.043124686747688774,0.1434523153186067
60.69,-0.061271553194840456,0.2587442898351547,-0.042104851076268573,0.1396770862263656
60.7,-0.060323455049997324,0.2536134072890279,-0.041071084000387864,0.13587065328697093
60.71,-0.0593501193952688,0.24828287111410274,-0.040023765897267694,0.13203496082621505
60.72,-0.05835208468471106,0.24275754736577798,-0.03896328005536491,0.12817200892872382
60.730000000000004,-0.057329908702075244,0.23704255331484042,-0.037890012480272524,0.1242836700624945
60.74,-0.05628416805846299,0.23114268208641542,-0.03680435170689892,0.12037178231157902
60.75,-0.05521545768145908,0.22506336373292496,-0.03570668861521443,0.11643820632256731
60.76,-0.05412439026654325,0.21881044315663556,-0.03459741624180499,0.11248492424381103
60.77,-0.05301159568610913,0.21239007355150513,-0.03347692959535956,0.1085135796600212
60.78,-0.051877720363979425,0.20580877364452727,-0.032345625491266725,0.10452565963835019
60.79,-0.050723426620848,0.1990732288207174,-0.031203902394100223,0.10052286226350832
60.800000000000004,-0.04954939200020413,0.19219026278000143,-0.03005216025106465,0.09650694056081462
60.81,-0.04835630857955972,0.185166853856678,-0.028890800320982284,0.09247956819752841
60.82,-0.047144882265819074,0.17801016476840092,-0.02772022500960855,0.08844230497583778
60.83,-0.04591583207270175,0.17072755291233627,-0.02654083771324641,0.08439667496140228
60.84,-0.044669889382034776,0.16332647635889766,-0.02535304266607456,0.08034421145249632
60.85,-0.04340779719140607,0.15581455706089894,-0.024157244788116018,0.07628643395915724
60.86,-0.042130309345036226,0.148199641725087,-0.022953849536579796,0.0722247670633501
60.870000000000005,-0.04083818974713914,0.14048968812910984,-0.021743262764205292,0.06816056794393108
60.88,-0.03953221156277193,0.13269274616664342,-0.020525890584102893,0.06409515098685695
60.89,-0.038213156409712117,0.12481694631589282,-0.019302139239753408,0.06002977409531609
60.9,-0.03688181354276051,0.11687048502466969,-0.018072414980183915,0.05596564399544168
60.910000000000004,-0.035538979031971604,0.1088616068062515,-0.016837123940339753,0.05190391601083013
60.92,-0.03418545493728,0.10079856246086887,-0.015596672025853856,0.04784571668789974
60.93,-0.03282204848059935,0.0926896523834069,-0.014351464802444201,0.04379210014729431
60.94,-0.03144957121453508,0.08454321202149687,-0.01310190739165034,0.03974404809620655
60.95,-0.030068838188806082,0.0763675721572891,-0.01184840437316503,0.035702489783238305
60.96,-0.028680667116817014,0.0681710526122931,-0.010591359692926737,0.03166829688144278
60.97,-0.027285877543992927,0.059961945481108885,-0.009331176576750687,0.027642286022262954
60.980000000000004,-0.02588529001974021,0.05174848561917063,-0.008068257449727466,0.02362521063506124
60.99,-0.024479725274522496,0.043538860313124546,-0.006803003861449316,0.01961777070138572
61.0,-0.023070003402047012,0.035341212807679934,-0.005535816416535246,0.015620619320054999
61.01,-0.021656943047124073,0.02716361232080337,-0.004267094710166189,0.011634354919407393
61.02,-0.02024136060109131,0.019014038272228584,-0.0029972372696220454,0.007659497262229269
61.03,-0.018824069406786638,0.01090036054242107,-0.0017266415014865445,0.003696541831098989
61.04,-0.017405878974334012,0.002830339932129987,-0.00045570364239819926,-0.00025404318594974526
61.050000000000004,-0.015987594207974617,-0.005188367460909011,0.0008151812864452746,-0.0041918534536253245
61.06,-0.014570014644416453,-0.013148233011243548,0.0020856195196364553,-0.008116532966082059
61.07,-0.01315393370418787,-0.021041870144583804,0.0033552185829282583,-0.012027769969538298
61.08,-0.011740137957413034,-0.02886204254145207,0.004623587324177742,-0.01592529574451835
61.09,-0.010329406405018435,-0.036601674531962794,0.005890335940079475,-0.01980888214831042
61.1,-0.008922509776313106,-0.044253859855053056,0.00715507599889578,-0.023678339593588577
61.11,-0.007520209843850569,-0.05181187069059703,0.008417420459407332,-0.02753351463016567
61.120000000000005,-0.006123258756446643,-0.059269165996148884,0.009676983686316165,-0.031374287555014535
61.13,-0.004732398391184264,-0.06661939962608865,0.010933381462345222,-0.03520056985663517
61.14,-0.003348359725207916,-0.07385642813598269,0.012186230997285366,-0.039012301656104885
61.15,-0.001971862228132547,-0.08097432006754383,0.013435150934226356,-0.042809449794877004
61.160000000000004,-0.0006036132758660324,-0.08796736227088442,0.014679761353196291,-0.04659200504122422
61.17,0.0007556924136307314,-0.09483006096902714,0.015919683772539158,-0.0503599771299352
61.18,0.0021053733222280028,-0.10155714997208108,0.017154541148426922,-0.05411339176080544
61.19,0.0034447616504112277,-0.10814360116429723,0.01838395787291386,-0.05785228547644847
61.2,0.004773203812347051,-0.11458462286292048,0.019607559770743153,-0.06157670892570654
61.21,0.006090060906943564,-0.12087566523748186,0.02082497409493171,-0.06528672389297611
61.22,0.007394709164464128,-0.12701242739807797,0.02203582952140083,-0.06898239705220174
61.230000000000004,0.00868654036814961,-0.13299086040115066,0.023239756143089492,-0.07266379785024103
61.24,0.009964962250463992,-0.13880717085893274,0.024436385463878718,-0.07633099509261061
61.25,0.011229398863653216,-0.1444578235488327,0.025625350392625777,-0.07998405419877071
61.26,0.012479290924352158,-0.14993954383027835,0.026806285237599845,-0.0836230341685134
61.27,0.013714096132025918,-0.15524931946738812,0.02797882570160805,-0.08724798474413753
61.28,0.014933289461071735,-0.16038440206403728,0.029142608878104832,-0.09085894354576997
61.29,0.016136363426457443,-0.16534230801396538,0.03029727324855824,-0.09445593329917552
61.300000000000004,0.01732282832281511,-0.17012081902319356,0.031442458681355284,-0.09803895911171133
61.31,0.01849221243695645,-0.1747179821853793,0.03257780643251058,-0.10160800582789416
61.32,0.019644062233815002,-0.1791321096306619,0.03370295914844449,-0.10516303546131414
61.33,0.02077794251586605,-0.18336177774946105,0.034817560871081996,-0.10870398471368656
61.34,0.021893436556122626,-0.18740582600333255,0.03592125704551762,-0.11223076258609169
61.35,0.02299014620483269,-0.1912633553303485,0.03701369453048307,-0.11574324808845463
61.36,0.02406769197006274,-0.19493372615551222,0.038094521611843374,-0.11924128805289937
61.370000000000005,0.025125713072372262,-0.19841655601576294,0.039163388019336276,-0.12272469505569936
61.38,0.02616386747383884,-0.20171171681010722,0.04021994494676164,-0.12619324545280655
61.39,0.027181831881718632,-0.20481933168519353,0.04126384507580999,-0.12964667753269765
61.4,0.02817930172707121,-0.2077397715671876,0.04229474260371719,-0.13308468979040317
61.410000000000004,0.02915599111870679,-0.21047365135000137,0.043312293274909985,-0.13650693932496713
61.42,0.030111632772854842,-0.21302182572954728,0.04431615441680197,-0.13991304033662813
61.43,0.03104597791900055,-0.21538538407255112,0.0453059849799078,-0.14330256209046457
61.44,0.03195879618240372,-0.21756564494316813,0.04628144558244809,-0.14667502733555995
61.45,0.03284987544377901,-0.21956415298871865,0.04724219855952799,-0.15002991335163565
61.46,0.03371902167657261,-0.22138267360754965,0.04818790801691786,-0.15336665060784943
61.47,0.034566058762366875,-0.2230231866304526,0.04911823988952688,-0.1566846212278107
61.480000000000004,0.035390828285014116,-0.2244878805698836,0.05003286200468584,-0.15998315844905495
61.49,0.03619318930411623,-0.2257791462831597,0.05093144415031248,-0.1632615460090149
61.5,0.03697301810852039,-0.226899569130393,0.051813658148002865,-0.16651901795689142
61.51,0.03773020795059006,-0.22785192144443386,0.05267917793107364,-0.16975475867217568
61.52,0.038464668761860894,-0.22863915988097613,0.05352767962757271,-0.17296790225705833
61.53,0.03917632685059936,-0.2292644181578524,0.05435884164828857,-0.17615753241124507
61.54,0.03986512458195083,-0.22973099826738533,0.055172344779763745,-0.1793226826517441
61.550000000000004,0.040531020041481854,-0.23004236336890443,0.05596787228229669,-0.18246233658366662
61.56,0.041173986682883454,-0.23020213007730644,0.056745109992904705,-0.18557542827569087
61.57,0.04179401296059901,-0.2302140608598688,0.05750374643320602,-0.18866084275978404
61.58,0.04239110194814889,-0.23008205617864277,0.05824347292216894,-0.19171741665187877
61.59,0.04296527094294478,-0.2298101465802228,0.058963983693665734,-0.19474393888702904
61.6,0.04351655105838748,-0.22940248465218038,0.059664976018752085,-0.19773915157098035
61.61,0.04404498680405781,-0.22886333690873173,0.06034615033258893,-0.20070175093953088
61.620000000000005,0.04455063565481973,-0.2281970755948663,0.061007210365905916,-0.2036303884263715
61.63,0.04503356760965359,-0.22740817043566885,0.06164786328089854,-0.20652367183239212
61.64,0.045493864741053894,-0.22650118033758923,0.062267819811441534,-0.2093801665947304
61.65,0.04593162073581871,-0.22548074505839105,0.06286679440748891,-0.21219839715006616
61.660000000000004,0.046346940428181806,-0.22435157322027022,0.06344450538346923,-0.2149768501360785
61.67,0.04673993932633045,-0.2231184329705314,0.06400067507043036,-0.21771397643566068
61.68,0.04711074313295529,-0.2217861537935209,0.06453502997186991,-0.2204081879392945
61.690000000000005,0.04745948726032305,-0.22035961364552176,0.06504730092321077,-0.22305786253455226
61.7,0.04778631634082838,-0.21884372754125858,0.06553722325464761,-0.2256613470494237
61.71,0.048091383734352434,-0.21724343091034112,0.06600453695677688,-0.22821696859419674
61.72,0.04837485103656202,-0.21556357967835657,0.06644898684669387,-0.23072308933540384
61.730000000000004,0.04863688759470323,-0.2138089083372129,0.06687032272803463,-0.23317822308718233
61.74,0.048877670033006845,-0.21198409218975345,0.06726829953830216,-0.2355810288157643
61.75,0.04909738178574079,-0.21009373850978608,0.06764267748271688,-0.2379302712998839
61.76,0.0492962126371522,-0.2081423856742457,0.06799322215781704,-0.24022478458191426
61.77,0.04947435826878705,-0.2061344941595872,0.06831970466726592,-0.24246347580733565
61.78,0.049632019815817156,-0.2040744083614241,0.06862190172952885,-0.24464535322696065
61.79,0.04976940343310861,-0.20196639955858461,0.06889959577902247,-0.24676942659328777
61.800000000000004,0.049886719870106025,-0.19981465118846997,0.06915257506203876,-0.24883480639011146
61.81,0.04998418405491936,-0.19762324271299875,0.06938063372539652,-0.25084067582031233
61.82,0.05006201468638001,-0.1953962245549646,0.06958357190075236,-0.2527861779120879
61.83,0.050120433829933204,-0.19313764243955325,0.0697611957914654,-0.2546703898533143
61.84,0.050159666512009315,-0.19085162423817045,0.06991331777069794,-0.2564921542682864
61.85,0.050179940302535975,-0.18854256003151035,0.07003975650816345,-0.25824980182500856
61.86,0.050181484880088126,-0.1862149364595176,0.07014033713663789,-0.2599413429683615
61.870000000000005,0.050164531592206685,-0.18387308031033311,0.07021489146479927,-0.2615641261834833
61.88,0.05012931302699838,-0.18152115251357492,0.07026325826475913,-0.2631143432788608
61.89,0.05007606260080818,-0.17916316666472812,0.07028528365999086,-0.2645872065970478
61.9,0.05000501416179787,-0.1768029686963868,0.07028082161181541,-0.2659770413570931
61.910000000000004,0.04991640161277842,-0.1744441485474182,0.07024973450324253,-0.26727706322793565
61.92,0.04981045856001554,-0.17208997525542766,0.07019189383408711,-0.26847922355613957
61.93,0.0496874179970539,-0.16974326425229114,0.07010718102050943,-0.269574822392147
61.940000000000005,0.049547512030544597,-0.16740640709076743,0.06999548827084844,-0.27055454056998984
61.95,0.04939097164756757,-0.165081426268635,0.06985671949970627,-0.2714092271411673
61.96,0.04921802651738282,-0.162770096291127,0.06969079115844024,-0.2721325653538526
61.97,0.04902890481968828,-0.16047396970312888,0.06949763285146825,-0.2727205354884303
61.980000000000004,0.0488238331021813,-0.15819416719049292,0.06927718778490267,-0.27316906061547197
61.99,0.0486030361763268,-0.15593140687403906,0.06902941318245291,-0.2734737432634611
62.0,0.04836673702495803,-0.15368694441778802,0.06875428072003524,-0.273630127472622
62.01,0.048115156655038654,-0.1514632150068073,0.06845177690900517,-0.2736357216907501
62.02,0.04784851387121976,-0.14926299748848795,0.06812190335389938,-0.2734889959266747
62.03,0.047567025013585014,-0.14708893293038505,0.06776467692615945,-0.27318834519624824
62.04,0.04727090369834056,-0.14494357226697152,0.06738012991367398,-0.2727324508881844
62.050000000000004,0.04696036057015509,-0.14282932480075194,0.06696831015296278,-0.2721201459552952
62.06,0.046635603067047046,-0.14074848008730698,0.06652928114210811,-0.27135046127908
62.07,0.046296835197082976,-0.1387032296082324,0.06606312213797355,-0.2704225229378545
62.08,0.045944257325927745,-0.136695649678878,0.0655699282399208,-0.26933561431462627
62.09,0.045578065981116606,-0.1347275244880707,0.06504981046384554,-0.26808901867469426
62.1,0.04519845370810551,-0.1327995036741379,0.06450289583914032,-0.2666811754834416
62.11,0.044805609036299696,-0.1309106776083697,0.06392932758650846,-0.2651092543600765
62.120000000000005,0.044399716526324365,-0.12906072670963772,0.06332926534808062,-0.26337130175919954
62.13,0.043980956771302294,-0.12725087662116136,0.06270288534214084,-0.2614672162132695
62.14,0.04354950630656808,-0.12548247061293505,0.06205038039601925,-0.2593973189040656
62.15,0.043105537489322346,-0.12375664959856415,0.0613719599182383,-0.25716203741639354
62.160000000000004,0.04264921846669778,-0.122071938810627,0.06066784977458014,-0.25476447138493197
62.17,0.04218071331935812,-0.12042549044953027,0.05993829198817366,-0.25220907875546666
62.18,0.041700182229445236,-0.11881753793235357,0.059183544408921374,-0.24949742749221382
62.190000000000005,0.04120778150285785,-0.11724898375509894,0.058403880517080786,-0.24663049331547057
62.2,0.04070366351247836,-0.11572024975420549,0.05759958929665312,-0.2436097871180975
62.21,0.04018797664937918,-0.11423183973553146,0.056770975094577306,-0.24043680235215928
62.22,0.03966086528559125,-0.11278405859710254,0.05591835746229157,-0.23711328915508165
62.230000000000004,0.03912246974683353,-0.11137715337303312,0.05504207098135279,-0.23364111469617968
62.24,0.038572926295930995,-0.11001124348215215,0.05414246507252962,-0.2300223300419394
62.25,0.038012367126470374,-0.1086863565560443,0.05321990378896685,-0.22625913337995027
62.26,0.03744092036681239,-0.10740241152720964,0.052274765593455015,-0.22235388480657828
62.27,0.03685871009907582,-0.10615907324619323,0.05130744311554252,-0.21830924453657533
62.28,0.036265856414273615,-0.10495530921751807,0.05031834286820221,-0.21412859949541427
62.29,0.03566247548728324,-0.10379072095259505,0.04930788493258219,-0.20981501620154666
62.300000000000004,0.035048679522088046,-0.10266854862222882,0.04827650255006494,-0.2053746120159914
62.31,0.03442457649068134,-0.1015925071986435,0.047224641579754235,-0.20081318665561199
62.32,0.03379026985543844,-0.10056377663246568,0.04615275991906062,-0.19613628858831586
62.33,0.0331458584086655,-0.09958349232552681,0.04506132695142352,-0.191349191719335
62.34,0.03249143618641701,-0.09865207259507608,0.043950823074140825,-0.18645517410114495
62.35,0.031827092443025555,-0.09776914217085757,0.04282173927760851,-0.18145921746503493
62.36,0.031152911689218524,-0.09693398951237898,0.041674576686056876,-0.1763661035906759
62.370000000000005,0.03046897378548386,-0.09614515371402459,0.04050984610916855,-0.17117949076864938
62.38,0.029775354075467296,-0.09540128530935256,0.03932806765422241,-0.16590300142331027
62.39,0.029072123539329045,-0.09470068478974743,0.038129770347607846,-0.16054073192111867
62.4,0.02835934896471159,-0.09404156650968883,0.03691549171162376,-0.15509749407208256
62.410000000000004,0.027637093142319793,-0.09342170394036635,0.03568577731875866,-0.14957738168276116
62.42,0.026905415102100982,-0.09283830923757684,0.0344411803770813,-0.143984170760776
62.43,0.02616437038822512,-0.09228850934820813,0.03318226134075667,-0.13832179215377904
62.440000000000005,0.025414011349025097,-0.09176943447797802,0.031909587518049204,-0.13259421509346525
62.45,0.024654387431765325,-0.09127810163570435,0.0306237326774383,-0.12680530957705508
62.46,0.023885545492871755,-0.09081119954190235,0.029325276652971525,-0.12095910586641581
62.47,0.02310753012970961,-0.09036530855124943,0.028014804927010428,-0.11506017604044887
62.480000000000004,0.022320384021662854,-0.08993708292428984,0.0266929081957661,-0.10911268190058322
62.49,0.02152414827805141,-0.08952289923590166,0.025360181952116895,-0.10312053504065706
62.5,0.020718862807155555,-0.08911883888765156,0.024017226087274187,-0.0970876993755724
62.51,0.019904566708046315,-0.08872088494482085,0.022664644496455246,-0.09101808697078016
62.52,0.01908129867578619,-0.08832492416504896,0.021303044685874056,-0.08491561849862525
62.53,0.01824909741556699,-0.08792676189116615,0.0199330373812094,-0.07878418742135375
62.54,0.01740800206386033,-0.08752215904154141,0.01855523613727298,-0.07262768767846012
62.550000000000004,0.016558052613076385,-0.08710687708831899,0.017170256947996405,-0.06645002047030936
62.56,0.015699290340126355,-0.08667656966716102,0.015778717858134766,-0.06025501992714449
62.57,0.014831758240266833,-0.08622688220847712,0.014381238580977103,-0.05404642986012409
62.58,0.013955501465144153,-0.08575339679332697,0.012978440121912663,-0.047827994501655174
62.59,0.013070567765879441,-0.08525162931604356,0.011570944402123019,-0.04160351293102137
62.6,0.012177007939686091,-0.08471711786010287,0.010159373873594175,-0.035376978669977265
62.61,0.011274876276960052,-0.0841453823554498,0.008744351131291789,-0.02915213270868001
62.620000000000005,0.010364231006327506,-0.0835320142677445,0.00732649853910497,-0.02293255096876631
62.63,0.0094451347343455,-0.08287266609469837,0.00590643786917923,-0.01672180137737921
62.64,0.008517654882237727,-0.0821629337555841,0.004484789947799152,-0.010523358748139583
62.65,0.00758186412323558,-0.08139843547353919,0.003062174307384368,-0.004340655976166255
62.660000000000004,0.0066378408174218445,-0.08057486131967095,0.0016392088443821676,0.001822936201553414
62.67,0.005685669439986787,-0.07968797620641066,0.00021650948318318707,0.007964114152739605
62.68,0.004725441001769752,-0.07873362012621653,-0.0012053101538823856,0.014079622253164087
62.690000000000005,0.0037572534617996613,-0.07770771520078938,-0.0026256390713331515,0.020166252599996774
62.7,0.002781212130830364,-0.07660628705970554,-0.004043869220083636,0.02622085882676694
62.71,0.0017974300644515218,-0.07542547224238595,-0.00545939581112776,0.03224035427082856
62.72,0.0008060284445880464,-0.07416153129394108,-0.00687161762312272,0.03822171364059921
62.730000000000004,-0.0001928630524237162,-0.07281088195359456,-0.008279937304294948,0.04416195788732713
62.74,-0.001199105902258065,-0.07137007281754668,-0.009683761668709762,0.050058176715359476
62.75,-0.0022125523927506883,-0.06983577946439505,-0.011082501985771237,0.05590753859408368
62.76,-0.003233045298262899,-0.06820484341595616,-0.012475574262253554,0.061707281920392355
62.77,-0.004260417570686425,-0.06647429124030219,-0.013862399516857757,0.06745472309426657
62.78,-0.005294492047874018,-0.06464130476144282,-0.015242404047750579,0.07314723440570829
62.79,-0.006335081178806429,-0.06270323449621322,-0.016615019693937198,0.07878224745328523
62.800000000000004,-0.007381986766301388,-0.06065762349759435,-0.017979684090413298,0.0843572640616866
62.81,-0.00843499972876238,-0.05850220955932493,-0.019335840916556275,0.08986985387496246
62.82,-0.009493899881802477,-0.0562349337980154,-0.020682940137590963,0.09531765638957873
62.83,-0.010558455740434344,-0.053853948235926,-0.022020438240594003,0.10069833190280766
62.84,-0.011628424342458938,-0.05135761905975581,-0.02334779846605676,0.10600960527093325
62.85,-0.012703551093351029,-0.04874452647958446,-0.024664491031477446,0.11124934185578197
62.86,-0.013783569633012553,-0.04601347544210055,-0.025969993344057758,0.11641549330996029
62.870000000000005,-0.014868201725272366,-0.04316350736426194,-0.027263790204409128,0.12150607406083996
62.88,-0.015957157170599447,-0.04019388988571295,-0.02854537400343472,0.12651916372398464
62.89,-0.017050133741444193,-0.037104107136827436,-0.02981424491238695,0.13145291875348725
62.9,-0.018146817139936985,-0.033893873750929074,-0.031069911065435423,0.13630557298578383
62.910000000000004,-0.019246880978620966,-0.03056314115254643,-0.03231188873470251,0.14107542992504443
62.92,-0.020349986784780394,-0.027112096962935116,-0.03353970249804428,0.1457608664439936
62.93,-0.021455784028485365,-0.023541166248888995,-0.03475288539960808,0.1503603311291284
62.940000000000005,-0.022563910174376745,-0.019851011013534297,-0.035950979103141975,0.15487234527005359
62.95,-0.023673990757161784,-0.0160425297390223,-0.037133534038059066,0.15929550252931662
62.96,-0.024785639480736293,-0.012116856095872507,-0.03830010953823894,0.16362846923335364
62.97,-0.025898458340796442,-0.008075357267836243,-0.039450273973569476,0.16786998434904377
62.980000000000004,-0.027012037770749595,-0.003919631689543693,-0.040583604874215515,0.17201885958304927
62.99,-0.028125956810681318,0.000348493705558442,-0.04169968904761682,0.17607397939284977
63.0,-0.029239783299062544,0.004726967512420591,-0.04279812268824198,0.18003430012130164
63.01,-0.030353074086786877,0.009213518705015737,-0.043878511480141914,0.18389885034768352
63.02,-0.0314653752731203,0.013805659339354777,-0.044940470692242336,0.18766673305521117
63.03,-0.032576222463195754,0.018500688565809466,-0.045983625266270096,0.1913371244842192
63.04,-0.03368514104653504,0.023295700810485587,-0.047007609897449065,0.19490926997593502
63.050000000000004,-0.034791646495967395,0.028187590426045774,-0.04801206910813361,0.19838248604570682
63.06,-0.03589524468650253,0.03317305295556416,-0.04899665731425394,0.201756164108956
63.07,-0.03699543223376728,0.03824859238003965,-0.04996103888443132,0.20502976850283444
63.08,-0.03809169685137796,0.04341052853517123,-0.05090488819183103,0.20820283524617478
63.09,-0.039183517726539975,0.048655003526569686,-0.0518278896588413,0.2112749720647615
63.1,-0.040270365913176745,0.05397798898366764,-0.05272973779461782,0.21424585787463288
63.11,-0.04135170474187276,0.05937529330778787,-0.05361013722553065,0.21711524244388686
63.120000000000005,-0.042426990245884144,0.06484256930538324,-0.054468802718557086,0.21988294587607088
63.13,-0.043495671602449534,0.0703753219771397,-0.0553054591976712,0.2225488580825127
63.14,-0.044557191588504366,0.07596892004663273,-0.05611984175335884,0.22511293575515853
63.15,-0.045610987049734465,0.08161860676303108,-0.05691169564548685,0.22757520005207815
63.160000000000004,-0.0466564893823078,0.08731949663868876,-0.057680776299472665,0.22993574383732973
63.17,-0.047693125026886,0.09306658616811697,-0.0584268492955447,0.23219472887723186
63.18,-0.04872031597406418,0.09885476624032938,-0.059149690351203564,0.23435238242922507
63.190000000000005,-0.049737480280186604,0.10467882934647735,-0.05984908529710315,0.23640899712338706
63.2,-0.050744032592645066,0.11053347899525398,-0.060524830046472154,0.2383649293792124
63.21,-0.05173938468378408,0.11641333836387951,-0.061176730557990514,0.24022060479974605
63.22,-0.05272294599246026,0.12231296106058882,-0.06180460279086818,0.24197655103876303
63.230000000000004,-0.05369412417239584,0.12822683639292273,-0.06240827265234618,0.24363333456299577
63.24,-0.05465232564627495,0.13414940786232907,-0.06298757594006514,0.24519156184844818
63.25,-0.055596956164529795,0.1400750745551825,-0.06354235827982373,0.2466519016655031
63.26,-0.056527421368486534,0.1459981875316981,-0.06407247505806692,0.24801506965751127
63.27,-0.05744312735749387,0.15191306665001117,-0.06457779134919923,0.24928183489416786
63.28,-0.058343481258949254,0.1578140110694962,-0.06505818183777354,0.2504530175908375
63.29,-0.05922789179997788,0.16369531224313974,-0.06551353073549883,0.25152949088229426
63.300000000000004,-0.060095769880108556,0.16955124789709727,-0.0659437316920168,0.25251221366763416
63.31,-0.060946529149081545,0.17537594947308804,-0.06634868769253198,0.2534024012163484
63.32,-0.061779586597100124,0.1811633811549587,-0.0667283109318373,0.2542015688896501
63.33,-0.06259436315920981,0.18690740316448148,-0.06708252266168728,0.2549114516896424
63.34,-0.06339028432994195,0.19260180915565536,-0.06741125301609245,0.25553395778759636
63.35,-0.0641667807849525,0.1982403319495071,-0.06771444081828305,0.256071173113763
63.36,-0.06492328900670845,0.2038167063197958,-0.0679920333726875,0.2565252748975517
63.370000000000005,-0.0656592519111291,0.20932466538189118,-0.06824398624541507,0.25689855379891235
63.38,-0.06637411947483035,0.2147579178003913,-0.06847026303325374,0.257193433243435
63.39,-0.06706734936154955,0.220110232532788,-0.06867083512346646,0.2574123508097026
63.4,-0.06773840754369828,0.2253754489686452,-0.06884568144990359,0.25755775718137364
63.410000000000004,-0.0683867689154368,0.2305475237321374,-0.06899478824991408,0.25763204810230284
63.42,-0.06901191789136632,0.23562064080532838,-0.06911814883048607,0.2576374007414639
63.43,-0.06961334897918307,0.24058938314856848,-0.06921576337591491,0.25757503247053715
63.440000000000005,-0.07019056731912922,0.24544861985324076,-0.06928763886131294,0.2574444079187906
63.45,-0.07074308919994159,0.2501932627316879,-0.06933378910926756,0.2572437732339455
63.46,-0.07127044256602144,0.2548182509846351,-0.06935423496680616,0.2569705488055438
63.47,-0.07177216752427405,0.2593184580002358,-0.06934900457647557,0.2566212075358736
63.480000000000004,-0.07224781686029579,0.2636885371024924,-0.06931813374340191,0.25619115775712215
63.49,-0.072696956572235,0.2679229589797101,-0.06926166640032698,0.25567494350810505
63.5,-0.07311916642265592,0.27201604015600844,-0.06917965515543191,0.25506649144311005
63.51,-0.0735140405052495,0.27596197461257316,-0.06907216189655709,0.2543594423553883
63.52,-0.0738811878207572,0.27975494727316724,-0.06893925840478551,0.25354798722419136
63.53,-0.07422023285077149,0.2833893001865973,-0.06878102686703876,0.252628893382024
63.54,-0.07453081611678732,0.2868596031389328,-0.06859756016549702,0.25160168536260646
63.550000000000004,-0.07481259472081801,0.2901605539379884,-0.06838896196470542,0.2504663822626771
63.56,-0.07506524286552073,0.29328715992323345,-0.0681553467192681,0.24922302071170016
63.57,-0.07528845232520774,0.2962354390590497,-0.06789683964539762,0.2478724644451546
63.58,-0.07548193282932496,0.2990024279203345,-0.06761357662601923,0.24641639522103365
63.59,-0.07564541236912586,0.30158537338138625,-0.06730570405049997,0.24485677492511507
63.6,-0.07577863747099337,0.3039816097585836,-0.06697337862355751,0.2431955946375091
63.61,-0.07588137345518119,0.30618866311627113,-0.06661676716527083,0.24143490911439955
63.620000000000005,-0.0759534046804651,0.30820414916864936,-0.06623604640747927,0.23957676968807892
63.63,-0.07599453478257731,0.31002561623774144,-0.06583140279480841,0.2376230432256981
63.64,-0.07600458692053902,0.3116504053431396,-0.06540303230505128,0.23557526815618016
63.65,-0.07598340404032364,0.3130756679415509,-0.06495114029889563,0.23343467577408122
63.660000000000004,-0.0759308491559163,0.3142984241590695,-0.06447594138763961,0.2312026153048348
63.67,-0.07584680563891452,0.3153157465276953,-0.06397765930510411,0.22888030759713612
63.68,-0.0757311774816638,0.31612556302472133,-0.0634565267696608,0.2264694239423746
63.690000000000005,-0.07558388949957943,0.31672636758763184,-0.062912785292641,0.22397273509524898
63.7,-0.0754048875047908,0.317116128212221,-0.06234668489787029,0.22139384445045585
63.71,-0.07519413851563524,0.31729212920952704,-0.061758483754384204,0.21873713287311697
63.72,-0.07495163100462618,0.31725183773977045,-0.061148447753698126,0.21600700109005
63.730000000000004,-0.07467737510087755,0.3169943402013332,-0.06051685011330205,0.2132064711725633
63.74,-0.07437140268451703,0.31651951296935604,-0.05986397106559861,0.2103379900156256
63.75,-0.07403376740750581,0.3158273147581058,-0.05919009759996021,0.2074040863466372
63.76,-0.07366454468762618,0.31491793508099575,-0.05849552321397657,0.20440722846250015
63.77,-0.07326383168488124,0.31379171039981396,-0.057780547665694695,0.20134989700151767
63.78,-0.0728317472603015,0.3124491634917217,-0.05704547672739132,0.19823454208945493
63.79,-0.07236843191746224,0.31089098446842667,-0.0562906219412059,0.1950635947601401
63.800000000000004,-0.07187404772636229,0.30911804738239834,-0.05551630037767871,0.1918394420326128
63.81,-0.07134877822952743,0.3071314003622251,-0.05472283439803726,0.18856443235422893
63.82,-0.07079282833119799,0.30493224307958966,-0.05391055141972586,0.18524089906432908
63.83,-0.07020642418914182,0.3025213358667913,-0.053079783667030346,0.18187170760848823
63.84,-0.069589813148505,0.2998986830961799,-0.05223086787024446,0.17846054922455415
63.85,-0.06894326369102048,0.29706528244642944,-0.051364144939123016,0.17501028658858855
63.86,-0.06826706535779031,0.2940218821718912,-0.05047995965168598,0.1715240822088925
63.870000000000005,-0.06756152870870173,0.29076780373655664,-0.04957866030166229,0.16800648893398515
63.88,-0.06682698531428467,0.28730375307890027,-0.048660598423357036,0.16445713352053584
63.89,-0.06606378774276907,0.283629284735885,-0.047726128853668566,0.16087170971581688
63.9,-0.06527230958233782,0.279743763014969,-0.046775610012025105,0.15724829707392363
63.910000000000004,-0.06445294549002488,0.27564672097279097,-0.045809404097947884,0.15358634692255055
63.92,-0.06360611122035376,0.2713381918639184,-0.04482787711840066,0.14988710696937946
63.93,-0.0627322435951469,0.26681920076818605,-0.04383139880355124,0.14615169028372416
63.940000000000005,-0.061831800380879744,0.2620918591148514,-0.04282034246230119,0.14238222782540128
63.95,-0.06090526006117363,0.2571593039936967,-0.04179508479023,0.13858084952469182
63.96,-0.05995312153691733,0.2520246846707306,-0.040756005687445994,0.13474871510296824
63.97,-0.0589759037821948,0.24669190869805838,-0.03970348809782574,0.13088784520416108
63.980000000000004,-0.05797414543333879,0.2411658320442036,-0.03863791782457799,0.12700026947086904
63.99,-0.05694840430996969,0.2354515175332165,-0.037559683333541295,0.12308784836743938
64.0,-0.05589925691603837,0.22955374325903877,-0.03646917556478468,0.11915243901815283
64.01,-0.05482729793092689,0.22347793567270216,-0.035366787746959304,0.11519592435308887
64.02,-0.053733139662136574,0.21722991489644877,-0.03425291520736274,0.11122028662588361
64.03,-0.052617411456485776,0.21081580675351372,-0.03312795518890308,0.10722710687852523
64.04,-0.05148075907737168,0.20424210179307944,-0.031992306685778404,0.10321793683325434
64.05,-0.0503238440532033,0.19751545214206193,-0.03084637028280281,0.09919451342366241
64.06,-0.04914734300680897,0.19064264100633635,-0.029690547985831605,0.09515858381711714
64.07000000000001,-0.04795194697071623,0.18363060238656917,-0.028525243050028064,0.09111182942300584
64.08,-0.04673836068663715,0.17648646345200478,-0.027350859814840835,0.0870558122997277
64.09,-0.045507301887271076,0.16921752576838925,-0.026167803547247962,0.0829920598131982
64.1,-0.044259500562285406,0.1618312084382621,-0.02497648028830873,0.07892212374739108
64.11,-0.04299569820975556,0.15433510949594292,-0.02377729670005237,0.07484752664310311
64.12,-0.04171664707037511,0.1467370314582187,-0.02257065991636798,0.07076969078978558
64.13,-0.0404231093449449,0.13904488498534986,-0.02135697740118369,0.06668998031677464
64.14,-0.039115856399911254,0.13126667232641984,-0.02013665681294618,0.06260971159178823
64.15,-0.037795667964051684,0.12341047508743117,-0.018910105874259862,0.058530146426864944
64.16,-0.03646333131767508,0.11548444013072551,-0.017677732246754226,0.05445249397698849
64.17,-0.03511964047590756,0.10749675920737174,-0.01643994341111653,0.05037791405684019
64.18,-0.033765395368500206,0.09945563167723469,-0.015197146551509671,0.04630753576897312
64.19,-0.032401401017013824,0.09136930944978529,-0.013949748444762202,0.04224241292272736
64.2,-0.031028466708534527,0.08324607659742603,-0.012698155356032205,0.03818352840032731
64.21000000000001,-0.029647405167215077,0.07509421135428399,-0.011442772941035302,0.034131813082001264
64.22,-0.028259031726073722,0.06692198120560787,-0.010184006154000872,0.030088139695584784
64.23,-0.02686416350065285,0.05873762311830446,-0.008922259161215267,0.02605332491965104
64.24,-0.025463618566491635,0.05054931492264702,-0.007657935260431747,0.022028121147555663
64.25,-0.024058215141535985,0.042365197466492484,-0.0063914368060614185,0.018013231193397497
64.26,-0.022648770773276292,0.034193364169820585,-0.005123165139545175,0.014009309243011895
64.27,-0.02123610153166325,0.026041829502344575,-0.0038535205255026345,0.010016930191948496
64.28,-0.019821021209820933,0.017918520743568582,-0.002582902094084052,0.006036624274437976
64.29,-0.01840434053434251,0.00983125329170549,-0.001311707787439137,0.0020689091137912033
64.3,-0.01698686638619211,0.001787742249625282,-4.0334309326523695e-05,-0.0018857522104318155
64.31,-0.015569401032313787,-0.0062044036643811315,0.001230822920498703,-0.0058269575163223996
64.32000000000001,-0.01415274136875055,-0.014137705916442412,0.002501369806427066,-0.009754350595518997
64.33,-0.012737678176864957,-0.022004825846835534,0.0037709136123049544,-0.013667620558456953
64.34,-0.011324995393919974,-0.029798574846398522,0.005039062992319396,-0.01756649920147967
64.35,-0.009915469398995284,-0.03751192364209112,0.006305428017659956,-0.021450759255271342
64.36,-0.008509868315179058,-0.04513801149892926,0.007569620199165152,-0.02532021201352274
64.37,-0.007108951328934535,-0.05267015492445521,0.008831252506176208,-0.029174705087396766
64.38,-0.0057134680275090725,-0.06010185607344294,0.010089939381830046,-0.033014119935373766
64.39,-0.004324157755213322,-0.06742681083428753,0.011345296755036082,-0.03683836938343161
64.4,-0.002941748989417528,-0.07463891807218256,0.01259694204936465,-0.040647395639932284
64.41,-0.001566958737122019,-0.08173228772556623,0.013844494189061812,-0.044441168106455826
64.42,-0.0002004919527025935,-0.08870124155174433,0.015087573602490752,-0.04821967827543901
64.43,0.0011569590227619084,-0.09554032025752877,0.016325802223386185,-0.051982936929572884
64.44,0.0025047149999046507,-0.10224429385630074,0.017558803490269365,-0.055730970737486965
64.45,0.003842110456412947,-0.10880816709846622,0.018786202344362814,-0.05946381846768495
64.46000000000001,0.00516849402885035,-0.11522717898856784,0.020007625226155283,-0.06318153426391204
64.47,0.006483228980671556,-0.12149680965758544,0.021222700070682686,-0.06688418248781663
64.48,0.007785693645916005,-0.12761278666440473,0.022431056301874506,-0.07057183249310282
64.49,0.00907528184805574,-0.1335710877375168,0.02363232482638601,-0.07424455664527758
64.5,0.010351403293637075,-0.13936794447154677,0.02482613802722415,-0.07790242684786217
64.51,0.011613483940409276,-0.14499984485668374,0.026012129757462053,-0.08154551184265231
64.52,0.012860966339677956,-0.1504635357038869,0.027189935334332494,-0.08517387416582559
64.53,0.014093309952669523,-0.15575602443727687,0.028359191533992464,-0.08878756732931363
64.54,0.015309991440737,-0.1608745805231924,0.029519536587243683,-0.0923866329592232
64.55,0.01651050492928179,-0.16581673640738012,0.030670610176489938,-0.09597109803534913
64.56,0.017694362245312494,-0.17058028803282763,0.031812053434205366,-0.09954097217357472
64.57000000000001,0.01886109312860724,-0.17516329491137395,0.0329435089431834,-0.1030962449905205
64.58,0.020010245416484062,-0.17956407977313496,0.03406462073882613,-0.10663688354232671
64.59,0.021141385202233447,-0.18378122779340886,0.035175034313728454,-0.11016282985128903
64.6,0.02225409696730447,-0.18781358541006035,0.036274396624800705,-0.11367399852347757
64.61,0.02334798368737695,-0.19166025873804987,0.037362356103164227,-0.11717027446445498
64.62,0.024422666912495287,-0.19532061159214906,0.038438562667047906,-0.12065151069809717
64.63,0.02547778682147609,-0.19879426312684734,0.03950266773789692,-0.12411752629345826
64.64,0.026513002250839045,-0.20208108510414044,0.04055432425990168,-0.1275681044045072
64.65,0.027527990698550817,-0.2051811987993922,0.04159318672313666,-0.13100299042641478
64.66,0.028522448302904138,-0.20809497155577708,0.04261891119049276,-0.13442189027205356
64.67,0.029496089796891382,-0.21082301299248102,0.04363115532856992,-0.13782446876364915
64.68,0.030448648438472878,-0.213366170621247,0.044629578442700206,-0.14121034785370631
64.69,0.03137987591721442,-0.21572552428841663,0.04561384151628516,-0.14457910428350915
64.7,0.0322895422377649,-0.2179023827919118,0.04658360725457884,-0.14793027018955968
64.71000000000001,0.03317743558059888,-0.21989827957505767,0.04753854013295455,-0.15126333239633896
64.72,0.03404336214049464,-0.22171496674911081,0.048478306449739536,-0.15457773062276212
64.73,0.03488714594331396,-0.22335440946932997,0.049402574383739406,-0.1578728566482738
64.74,0.03570862864166759,-0.2248187800354301,0.05031101405655108,-0.1611480536105165
64.75,0.03650766929008416,-0.2261104511631496,0.05120329759972347,-0.16440261551695895
64.76,0.03728414410040442,-0.22723198750287418,0.052079099226811164,-0.16763578715168156
64.77,0.03803794617806545,-0.22818614206653945,0.052938095310346836,-0.17084676367097829
64.78,0.038768985239788646,-0.22897585113506286,0.05377996446376257,-0.1740346901801912
64.79,0.039477187313266826,-0.2296042256123278,0.05460438762828472,-0.17719866171298604
64.8,0.040162494419613025,-0.23007454365658403,0.05541104816480341,-0.1803377234136228
64.81,0.04082486423933849,-0.23039024335600417,0.05619963195070581,-0.18345087076486755
64.82000000000001,0.04146426976260327,-0.23055491522606017,0.05696982748164212,-0.1865370499620722
64.83,0.04208069892449536,-0.23057229457907152,0.05772132597818839,-0.18959515839976024
64.84,0.04267415422611185,-0.23044625375754121,0.05845382149735255,-0.19262404528077764
64.85,0.04324465234222098,-0.23018079425557056,0.059167011048862114,-0.1956225123412433
64.86,0.04379222371629995,-0.22978003873779174,0.05986059471615823,-0.19858931468833854
64.87,0.0443169121437518,-0.22924822297216293,0.06053427578201103,-0.20152316174834786
64.88,0.04481877434411316,-0.2285896876896138,0.06118776085865845,-0.20442271832041498
64.89,0.04529787952306777,-0.22780887038468223,0.06182076002236203,-0.20728660573299623
64.9,0.04575430892509242,-0.22691029707039456,0.06243298695226297,-0.2101134030986309
64.91,0.04618815537757448,-0.22589857354642262,0.06302415907340315,-0.21290164887863128
64.92,0.04659952282745601,-0.22477837053689922,0.06359399770366901,-0.21564984548142815
64.93,0.04698852587128753,-0.2235544244764944,0.06414222820449106,-0.218356456426841
64.94,0.04735528927913957,-0.22223153131465287,0.0646685801353087,-0.22101990739636704
64.95,0.04769994751311435,-0.22081453196267464,0.0651727874116286,-0.22363859195092983
64.96000000000001,0.04802264424146367,-0.21930830693435244,0.06565458846642773,-0.22621086977868385
64.97,0.04832353185028629,-0.21771773024214502,0.06611372641400745,-0.22873509481348678
64.98,0.048602770958179414,-0.2160475725982456,0.06654994921244656,-0.23120969610941394
64.99,0.04886052993960115,-0.21430249898736015,0.06696300981701174,-0.23363327795935807
65.0,0.04909698445716318,-0.21248712740613143,0.06735266631957497,-0.23600456771328018
65.01,0.049312317000475225,-0.2106060138709703,0.06771868207615654,-0.2383223673450947
65.02,0.04950671643196769,-0.20866362507971017,0.06806082582525057,-0.24058557862193353
65.03,0.04968037754019856,-0.2066643749577681,0.0683788717986642,-0.24279313760653354
65.04,0.04983350060167676,-0.204612550138407,0.06867259982564711,-0.24494407775611998
65.05,0.049966290952876934,-0.20251235114605157,0.06894179542980214,-0.2470374872303094
65.06,0.05007895857061881,-0.2003679334195453,0.06918624992039192,-0.24907248449841465
65.07000000000001,0.05017171766004427,-0.19818334021752662,0.06940576047874059,-0.25104826312113043
65.08,0.05024478624979282,-0.19596259649630618,0.06960013024164136,-0.2529639738899199
65.09,0.0502983857896961,-0.19370975324894302,0.0697691683890951,-0.25481864651203645
65.1,0.050332740743366765,-0.19142900370739507,0.06991269024893822,-0.2566109831117317
65.11,0.05034807816564878,-0.18912479359497295,0.07003051743531713,-0.2583391895406662
65.12,0.05034462726489763,-0.18680157123064128,0.07012247802845603,-0.2600011364852403
65.13,0.05032261896627311,-0.1844635922441283,0.07018840680917078,-0.2615937737107542
65.14,0.05028228548918343,-0.18211496603715546,0.0702281455801838,-0.2631129260010065
65.15,0.05022385994046014,-0.17975965546874398,0.07024154358846331,-0.26455353315549984
65.16,0.05014757592325198,-0.17740144784787146,0.07022845804129299,-0.26590963281899277
65.17,0.05005366716620337,-0.1750438530613176,0.07018875472169521,-0.2671740518604279
65.18,0.04994236718182536,-0.17268999483860648,0.07012230871596005,-0.2683384975022489
65.19,0.049813908963740286,-0.17034253684460915,0.07002900523872413,-0.26939408218614913
65.2,0.04966852472653824,-0.16800375159801795,0.06990874052429276,-0.2703314417936957
65.21000000000001,0.04950644568436354,-0.16567558392196854,0.06976142272706234,-0.27114205995316915
65.22,0.049327901860014796,-0.16335976972063251,0.06958697269003077,-0.27182064174454806
65.23,0.04913312191887471,-0.16105778841117402,0.06938532449231392,-0.2723633552449396
65.24,0.04892233303351894,-0.1587706730877643,0.06915642587108535,-0.27276603388040244
65.25,0.04869576078296984,-0.15649921450295473,0.06890023863527402,-0.27302437482992614
65.26,0.048453629046190966,-0.15424506421604123,0.06861673908339964,-0.2731343717498124
65.27,0.048196159826958566,-0.15201088087930203,0.06830591835235014,-0.2730938699184947
65.28,0.047923573008918224,-0.14979943130407214,0.06796778264886945,-0.27290136345421734
65.29,0.047636086089554,-0.14761335444749063,0.06760235341377863,-0.272555300974666
65.3,0.047333913921431554,-0.14545519336282442,0.06720966746711837,-0.2720544053767684
65.31,0.047017268465024006,-0.14332735448568237,0.06678977713595856,-0.27139755068018545
65.32000000000001,0.04668635855399812,-0.14123212286455247,0.06634275036320122,-0.2705838094481942
65.33,0.046341389672255796,-0.13917168676787925,0.06586867080061864,-0.2696123503280991
65.34,0.0459825637421277,-0.13714810842916983,0.06536763788875899,-0.268482485604576
65.35,0.04561007893724325,-0.13516291681038806,0.0648397669352386,-0.26719328732401587
65.36,0.045224129566193774,-0.13321628298712043,0.06428518923510852,-0.2657427563248873
65.37,0.04482490606925291,-0.13130723067630706,0.06370405227552858,-0.26412802910652367
65.38,0.04441259505829412,-0.1294360901034343,0.06309651995495973,-0.2623478399591023
65.39,0.04398737928086981,-0.12760429378182792,0.06246277269706601,-0.26040233098345555
65.4,0.04354943750860003,-0.12581312771222708,0.0618030074587597,-0.2582917987233632
65.41,0.04309894442199982,-0.12406352307685424,0.06111743768911704,-0.2560169831221348
65.42,0.042636070633072815,-0.1223526091363282,0.06040629314841039,-0.2535823479915284
65.43,0.04216098286485504,-0.12067873947150345,0.059669819568535086,-0.2509912539675434
65.44,0.04167384406698582,-0.11904281438000121,0.05890827836841304,-0.2482446621577578
65.45,0.04117481339041546,-0.11744544082050509,0.05812194649887629,-0.24534388346793237
65.46000000000001,0.040664046126623145,-0.11588721526394857,0.0573111163153658,-0.24229030340655602
65.47,0.040141693657817036,-0.11436858247601742,0.05647609543353004,-0.23908551821702506
65.48,0.03960790341729932,-0.1128899065341564,0.05561720656861058,-0.23573126455437396
65.49,0.03906281886035441,-0.11145143586928313,0.05473478735839203,-0.23222945201556702
65.5,0.03850657944541195,-0.11005332148813862,0.05382919017009763,-0.22858214385877718
65.51,0.037939320625523666,-0.1086956087594726,0.05290078189134688,-0.2247915632616772
65.52,0.03736117385020503,-0.10737823707713061,0.051949943705295834,-0.2208600917744768
65.53,0.036772266587114244,-0.10610073846350539,0.0509770708410034,-0.2167905580135181
65.54,0.03617272238669594,-0.10486197045357261,0.049982572276848616,-0.2125864952553935
65.55,0.03556266096135591,-0.10366165802967629,0.04896687041510086,-0.2082509580903558
65.56,0.03494219812035375,-0.10250324851770619,0.04793040066969498,-0.20379012832220367
65.57000000000001,0.03431144549832971,-0.1013903821384456,0.0468736109256399,-0.19920964803536764
65.58,0.03367051027283465,-0.10032438140763916,0.04579696096753698,-0.19451501982873445
65.59,0.03301949499819195,-0.09930638420775689,0.04470092193584956,-0.1897114151764765
65.6,0.03235849751817632,-0.09833674906221936,0.04358597586159781,-0.18480208307212417
65.61,0.031687610939501905,-0.09741522685204945,0.042452615245705635,-0.17979211417517607
65.62,0.03100692366688411,-0.09654103999016699,0.041301342598512536,-0.17468617439691234
65.63,0.030316519496385485,-0.09571275178901693,0.04013266999594855,-0.16948789022591457
65.64,0.029616477747742755,-0.09492904920861343,0.038947118695401066,-0.16420088870873426
65.65,0.028906873413546186,-0.09418829290938167,0.037745218754536104,-0.15882936671260792
65.66,0.02818777732509494,-0.0934887419975543,0.03652750860501902,-0.15337807234756387
65.67,0.027459256345283407,-0.0928281458944054,0.03529453461045732,-0.14785101844177445
65.68,0.0267213736040429,-0.09220374901328568,0.034046850656789765,-0.1422519894352434
65.69,0.025974188770517298,-0.09161273141074024,0.03278501776445089,-0.13658490142037047
65.7,0.025217758338337948,-0.09105226762713724,0.03150960369729642,-0.1308537120895304
65.71000000000001,0.0244521359160803,-0.09051940823480578,0.030221182570265757,-0.12506226939340923
65.72,0.023677372533697692,-0.09001088174490073,0.028920334453560615,-0.11921468457187101
65.73,0.022893516969700205,-0.0895233311366529,0.027607644953227355,-0.11331548465490957
65.74,0.022100616086426546,-0.08905347219682701,0.026283704779926677,-0.10736874701603931
65.75,0.02129871517360732,-0.08859768305415612,0.02494910933724613,-0.10137836916447644
65.76,0.02048785831511796,-0.08815207581973634,0.023604458326386014,-0.09534829381051199
65.77,0.019668088777621672,-0.08771268555330959,0.022250355353727318,-0.08928241484929295
65.78,0.018839449411262556,-0.08727544136248468,0.020887407539785643,-0.08318463204925282
65.79,0.018001983059177547,-0.08683619653270823,0.01951622512971435,-0.0770588182289869
65.8,0.01715573297362163,-0.08639077026972271,0.018137421104877004,-0.07090885211465683
65.81,0.016300743235492025,-0.08593496579351166,0.016751610794759408,-0.0647386100388583
65.82000000000001,0.015437059178253276,-0.08546448226642196,0.01535941149118931,-0.0585518942184819
65.83,0.014564727817159962,-0.08497501472672894,0.013961442068853401,-0.05235242476024919
65.84,0.013683798282760225,-0.08446218333775792,0.01255832261126401,-0.04614392665749742
65.85,0.01279432225949541,-0.08392155619201118,0.011150674034197412,-0.039930253261147006
65.86,0.011896354427569639,-0.08334871691418766,0.009739117700103368,-0.03371534320515642
65.87,0.010989952905302941,-0.08273923228953962,0.0083242750344124,-0.02750285682847257
65.88,0.010075179688716369,-0.08208876651329876,0.006906767156897738,-0.021296358423519655
65.89,0.009152101085975828,-0.08139299588579012,0.0054872145243424035,-0.015099377757152376
65.9,0.008220788150507998,-0.08064754888785101,0.004066236579467209,-0.008915359493828672
65.91,0.0072813171146768885,-0.07984809509602066,0.0026444514059443514,-0.002747711782253859
65.92,0.00633376981993742,-0.07899037354547264,0.0012224753892259412,0.0034002307636897184
65.93,0.005378234140320997,-0.07807019261510745,-0.00019907711655270906,0.00952518747437008
65.94,0.004414804398692127,-0.0770834304291541,-0.0016195941161071497,0.015623922880104937
65.95,0.003443581775205862,-0.07602605286904551,-0.0030384662955210587,0.021693255823575536
65.96000000000001,0.002464674706642444,-0.07489412764428094,-0.0044550873392695456,0.027730066240401714
65.97,0.0014781992753029707,-0.07368383294100482,-0.005868854241262047,0.03373129388299255
65.98,0.0004842795862641359,-0.07239147376665263,-0.007279167609873147,0.03969393710684932
65.99,-0.0005169518688768045,-0.0710135110147838,-0.008685431967442063,0.04561504035492075
66.0,-0.0015253538623672157,-0.06954652415276392,-0.010087056043991887,0.05149172348802731
66.01,-0.0025407760938807,-0.06798722365195162,-0.01148345306393313,0.05732118227841046
66.02,-0.0035630588685213187,-0.06633249415335372,-0.012874041025272618,0.0631006835219645
66.03,-0.0045920327915909675,-0.06457939366833783,-0.014258242971477542,0.06882756782933967
66.04,-0.005627518480260294,-0.062725132057521,-0.015635487256601868,0.07449922885979293
66.05,-0.006669326291685958,-0.06076709138732416,-0.017005207804373555,0.08011312281610211
66.06,-0.007717256068725169,-0.05870284474464116,-0.018366844360977522,0.08566677546414118
66.07000000000001,-0.008771096904635147,-0.05653015839272849,-0.019719842741051895,0.09115778015545725
66.08,-0.00983062692750604,-0.0542470008464731,-0.021063655067095892,0.0965837899965749
66.09,-0.010895613105153853,-0.05185155089529989,-0.022397740004467218,0.1019424609895202
66.1,-0.011965811070990125,-0.04934219598441762,-0.02372156299111686,0.10723157542394997
66.11,-0.013040964971080267,-0.04671753695383761,-0.025034596457297147,0.11244903555936674
66.12,-0.01412080733301356,-0.043976402102141675,-0.026336320034867442,0.11759280754555787
66.13,-0.015205058957577506,-0.041117854185975,-0.027626220758989836,0.12266092448596912
66.14,-0.016293428833232336,-0.03814117017313895,-0.028903793263177262,0.12765148685833166
66.15,-0.01738561407261694,-0.03504584489262126,-0.03016853996722983,0.13256267484188397
66.16,-0.018481299871312463,-0.03183160604385524,-0.031419971257680736,0.13739273947120498
66.17,-0.019580159489677267,-0.02849841467339074,-0.03265760566092488,0.14214000342404426
66.18,-0.020681854258116757,-0.025046466755583516,-0.03388097000918717,0.14680286085285832
66.19,-0.02178603360586278,-0.021476193326587973,-0.03508959959932035,0.15137977763328445
66.2,-0.022892335113293975,-0.017788260510673743,-0.03628303834442367,0.1558692914024025
66.21000000000001,-0.02400038458776186,-0.013983568788092647,-0.03746083891827537,0.16027001167710617
66.22,-0.0251097961628399,-0.010063251835459747,-0.03862256289257036,0.16458061991946485
66.23,-0.026220172420858792,-0.006028674790470282,-0.03976778086695884,0.16879986960682666
66.24,-0.027331104538535964,-0.0018814320274209292,-0.04089607259188263,0.1729265862795181
66.25,-0.028442172455458648,0.0023766556740701245,-0.042007027084207185,0.17695966743825806
66.26,-0.02955294506508679,0.006743545551971009,-0.043100242735705875,0.1808980812043497
66.27,-0.030662980427874024,0.011216976769492628,-0.04417532741441117,0.18474086843497442
66.28,-0.03177182600612317,0.015794473294620467,-0.04523189855871286,0.18848714382454856
66.29,-0.03287901892019194,0.020473348602681896,-0.0462695832641656,0.19213609325669653
66.3,-0.03398408622549023,0.025250714273264755,-0.04728801836321375,0.19568697065627746
66.31,-0.03508654520970085,0.030123481374888694,-0.04828685049789809,0.19913910269458127
66.32000000000001,-0.03618590370985872,0.035088364155793764,-0.04926573618536418,0.20249188975271776
66.33,-0.03728166044882481,0.04014188777080645,-0.05022434187611652,0.20574480367783066
66.34,-0.038373305390495105,0.0452803946524144,-0.05116234400511281,0.20889738755920792
66.35,-0.03946032011306277,0.05050005128753562,-0.05207942903576138,0.21194925536437026
66.36,-0.04054217819964861,0.05579685520478871,-0.052975293496850845,0.21490009161843332
66.37,-0.041618345645586405,0.06116664227296933,-0.053849644012453894,0.21774965096711443
66.38,-0.042688281281626377,0.06660509422126688,-0.05470219732484593,0.2204977577131332
66.39,-0.04375143721228899,0.0721077465212891,-0.05553268031049045,0.22314430519332612
66.4,-0.04480725926837017,0.07767000312782041,-0.05634082998929597,0.2256892505237379
66.41,-0.045855187472650764,0.083287138487813,-0.057126393527289925,0.22813261829913722
66.42,-0.04689465651835508,0.08895429927754976,-0.05788912823253355,0.2304745040641737
66.43,-0.04792509625981922,0.09466651758446354,-0.058628801544176413,0.23271507013993561
66.44,-0.0489459322143838,0.10041872031422382,-0.05934519101483659,0.2348545440636411
66.45,-0.0499565860745378,0.10620573734531524,-0.060038084286483155,0.23689321782302455
66.46000000000001,-0.0509564762294467,0.11202231029892437,-0.06070727905992578,0.23883144665816447
66.47,-0.05194501829496046,0.11786310257720484,-0.061352583057179264,0.2406696751869696
66.48,-0.052921625651189505,0.12372270714090831,-0.06197381397589264,0.24240842248061795
66.49,-0.05388570998678364,0.12959565559070532,-0.06257079943742906,0.2440482379676522
66.5,-0.05483668184874735,0.13547643639850696,-0.0631433769302915,0.24558972702572818
66.51,-0.055773951197029936,0.14135948479425542,-0.06369139374853952,0.24703355016644526
66.52,-0.05669692796373925,0.14723919173813582,-0.06421470692489578,0.24838041686927467
66.53,-0.057605022616221586,0.15310992038480223,-0.06471318315869552,0.24963109059518168
66.54,-0.058497646722824155,0.15896601246670203,-0.06518669873867412,0.2507863851268963
66.55,-0.059374213520073174,0.16480180885789858,-0.06563513946051817,0.25184716998678053
66.56,-0.06023413848167698,0.17061159944937335,-0.06605840053692612,0.25281443748878313
66.57000000000001,-0.061076839894940976,0.1763895093179896,-0.0664563864917201,0.2536894656918326
66.58,-0.06190173945107355,0.18212950264384578,-0.06682901102840919,0.2544738248342845
66.59,-0.06270826284942632,0.18782544776636093,-0.06717619687232143,0.25516929174276226
66.6,-0.063495840410927,0.1934711640140215,-0.06749787559219896,0.25577779272133117
66.61,-0.06426390769739929,0.19906041276436495,-0.06779398740508798,0.25630142513455456
66.62,-0.06501190613502443,0.2045869385147748,-0.06806448096603732,0.2567424102365975
66.63,-0.0657392836386022,0.2100445175866925,-0.06830931314659598,0.25710302510897826
66.64,-0.06644549523520492,0.2154268994963487,-0.06852844880397624,0.25738568139336604
66.65,-0.0671300036869586,0.22072787809677835,-0.0687218605412602,0.2575928310443502
66.66,-0.06779228010871785,0.225941352400655,-0.0688895284642571,0.2577268851987781
66.67,-0.06843180457539176,0.23106135400361494,-0.0690314399420418,0.25779017614473987
66.68,-0.06904806671225262,0.23608218048018614,-0.06914758938192536,0.2577847217825854
66.69,-0.06964056625647731,0.240998545257142,-0.06923797806206128,0.2577112269147991
66.7,-0.07020881358666185,0.2458053580922667,-0.06930261408698188,0.2575687165536279
66.71000000000001,-0.0707523302337781,0.2504975441519823,-0.06934151248467356,0.25735515871161857
66.72,-0.07127064938634624,0.25507006018751266,-0.06935469541398498,0.25706771378157356
66.73,-0.0717633163978614,0.25951772428989656,-0.06934219246293444,0.25670256643567746
66.74,-0.07222988930685253,0.26383514191282165,-0.06930404104380718,0.25625484401773413
66.75,-0.07266993937580297,0.26801673254185715,-0.06924028688458268,0.25571886952127043
66.76,-0.0730830516475832,0.2720567776064136,-0.06915098459740125,0.2550884341332744
66.77,-0.0734688255148733,0.27594947229807415,-0.06903619829181189,0.2543572443030243
66.78,-0.07382687529619797,0.2796890189514708,-0.06889600217365467,0.2535199491383388
66.79,-0.07415683080658103,0.2832698333428867,-0.0687304810051927,0.2525742407901206
66.8,-0.074458337911343,0.28668652683974827,-0.06853973033020126,0.2515199549764933
66.81,-0.07473105906151208,0.2899338527667169,-0.06832385652921363,0.25035705317318857
66.82000000000001,-0.07497467380450502,0.29300700968151394,-0.06808297681855884,0.2490857454541846
66.83,-0.0751888792342447,0.2959023517266816,-0.06781721920660914,0.24770715064365792
66.84,-0.07537339035080969,0.29861702831323755,-0.06752672237909588,0.2462230720642003
66.85,-0.07552794035477513,0.30114829088645434,-0.06721163552787525,0.24463546928357782
66.86,-0.07565228091657367,0.30349352264743784,-0.06687211815710586,0.2429463480436322
66.87,-0.07574618243191321,0.3056502766259967,-0.06650833988232392,0.2411577712014446
66.88,-0.07580943426505203,0.3076161394603874,-0.06612048022782198,0.23927173593576073
66.89,-0.07584184499032906,0.3093885893345224,-0.06570872843303661,0.23729001681865353
66.9,-0.0758432426445783,0.31096490182009473,-0.06527328328125179,0.23521406485356944
66.91,-0.07581347499697505,0.3123421784102266,-0.06481435295731568,0.23304505122884628
66.92,-0.0757524098347634,0.31351741064582306,-0.06433215492081831,0.23078430010059428
66.93,-0.07565993525113042,0.3144878055552296,-0.06382691577789205,0.22843311438815603
66.94,-0.0755359598946936,0.3152515373714785,-0.06329887112998715,0.22599347943083695
66.95,-0.07538041316062721,0.3158069835424211,-0.06274826535623895,0.22346845465011106
66.96000000000001,-0.07519324537254367,0.3161518749588029,-0.062175351305637325,0.2208618671552747
66.97,-0.07497442800916138,0.3162833945330957,-0.06158038990822709,0.21817825207596314
66.98,-0.07472395395001837,0.31619939744591313,-0.06096364975090929,0.2154216676629991
66.99,-0.07444183765093319,0.31589928871003103,-0.06032540670283697,0.21259487545740594
67.0,-0.0741281152145687,0.3153829600910674,-0.05966594362340239,0.20970034105776286
67.01,-0.07378284440324627,0.3146504020157838,-0.05898555010833614,0.20674059896893185
67.02,-0.07340610463039916,0.31370182653658946,-0.058284522239957295,0.2037181284363442
67.03,-0.07299799693445724,0.31253759622911537,-0.05756316233853763,0.20063541714018868
67.04,-0.07255864393527538,0.3111582557556078,-0.05682177871521836,0.19749492455059814
67.05,-0.072088189773406,0.30956451721363754,-0.05606068542678861,0.19429908976462223
67.06,-0.07158680003192652,0.30775727298658273,-0.0552802020333056,0.19105031058359767
67.07000000000001,-0.07105466164062785,0.3057375908589888,-0.05448065335945764,0.18775094280328858
67.08,-0.07049198276453203,0.3035066500655911,-0.053662369258170035,0.18440336331454768
67.09,-0.06989899270821516,0.3010648268195417,-0.052825684347029375,0.18101082312029323
67.1,-0.06927594186594396,0.29841222659066596,-0.051970937689786195,0.17757694089814796
67.11,-0.06862310166277953,0.29555019487162676,-0.05109847247527703,0.17410427131303277
67.12,-0.06794076446417555,0.29247928668581985,-0.050208635716812534,0.17059617307886235
67.13,-0.06722924353520934,0.28919891657273605,-0.04930177790003931,0.167057068445658
67.14,-0.06648887302927474,0.2857098682762658,-0.048378252726433014,0.16348606386577857
67.15,-0.06572000797289108,0.28201158598938136,-0.04743841720079847,0.159878943327091
67.16,-0.06492302429096526,0.2781034638597096,-0.04648263191237508,0.15623393710867706
67.17,-0.06409831885335422,0.2739851339462048,-0.045511261214680285,0.15255077191559085
67.18,-0.06324630949610306,0.2696566926026249,-0.04452467323792764,0.14883064216431902
67.19,-0.06236743498384426,0.2651192419034706,-0.04352323979857973,0.14507477099835694
67.2,-0.061462154878549495,0.2603750096489148,-0.04250733624741981,0.1412853888022117
67.21000000000001,-0.060530949304954604,0.25542712813614993,-0.04147734127426576,0.13746450042130542
67.22,-0.05957431864760033,0.25027878115302377,-0.0404336367289366,0.1336133010794344
67.23,-0.05859278320294837,0.2449339490858955,-0.039376607459030794,0.12973388175510833
67.24,-0.05758688276340087,0.23939751406721302,-0.03830664112102625,0.1258282810684591
67.25,-0.056557176137659114,0.2336744741889045,-0.0372241279823677,0.12189833919059082
67.26,-0.05550424065406744,0.22776962133341028,-0.0361294607333928,0.11794592940907114
67.27,-0.05442867165154708,0.22168840810570928,-0.03502303430058012,0.11397295743643407
67.28,-0.05333108193091467,0.2154366499516924,-0.03390524565605992,0.10998137628995054
67.29,-0.05221210116578747,0.2090204745322931,-0.032776493636919514,0.10597272291687407
67.3,-0.051072375280333863,0.20244635820658197,-0.03163717878194697,0.1019486036397174
67.31,-0.04991256579902308,0.19572093350498135,-0.030487703168451216,0.09791077719288811
67.32000000000001,-0.0487333491782189,0.18885095470985155,-0.029328470240635177,0.09386098729506057
67.33,-0.04753541612425871,0.18184332535417497,-0.02815988463780678,0.08980090847250838
67.34,-0.04631947089564877,0.17470515343851797,-0.02698235202987094,0.08573209922989912
67.35,-0.04508623058758546,0.1674437040472705,-0.02579627896080504,0.08165608947345603
67.36,-0.043836424401040276,0.16006636766242574,-0.024602072694752054,0.07757444385768121
67.37,-0.04257079289675958,0.15258072984956347,-0.023400141062410375,0.07348867856934733
67.38,-0.04129008723169714,0.14499456064398783,-0.022190892312222047,0.06940020779688459
67.39,-0.03999506837956927,0.13731573261451277,-0.02097473496902324,0.06531039730112193
67.4,-0.03868650634013561,0.12955220967839873,-0.01975207769870667,0.06122055989833848
67.41,-0.03736517933982919,0.12171203246643095,-0.018523329178039248,0.05713195607742195
67.42,-0.036031873025075586,0.11380330557582422,-0.017288897969744362,0.0530457922430127
67.43,-0.03468737964998706,0.10583417279534925,-0.016049192402669662,0.04896322887721546
67.44,-0.03333249726078549,0.09781278873033888,-0.0148046204563192,0.044885391932138995
67.45,-0.03196802887750165,0.08974736222469648,-0.013555589650351984,0.040813329590790155
67.46000000000001,-0.030594781672207014,0.081646129413681,-0.012302506940678914,0.03674802162759215
67.47,-0.029213566145328232,0.07351731902672755,-0.01104577862204001,0.0326903960729503
67.48,-0.02782519530241476,0.06536914813927512,-0.009785810236251104,0.028641322595117827
67.49,-0.02643048383301578,0.05720979768531923,-0.008523006486100392,0.02460161309290586
67.5,-0.025030247293560265,0.04904739285128271,-0.007257771155151901,0.02057201671336936
67.51,-0.02362530129496607,0.04089002666158718,-0.00599050703322168,0.016553235264425686
67.52,-0.022216460694853245,0.03274573877105163,-0.004721615847339544,0.012545907346446077
67.53,-0.020804538795774704,0.024622488573598365,-0.00345149819893859,0.008550599448370206
67.54,-0.019390346551467645,0.016528146759475,-0.0021805535063726695,0.0045678598020533106
67.55,-0.017974691782775342,0.008470472559233408,-0.0009091799505715033,0.0005982088304173522
67.56,-0.01655837840401477,0.0004571302638467533,0.00036222557558044266,-0.003357899011104818
67.57000000000001,-0.015142205659883943,-0.0075043256271178724,0.0016332675124054684,-0.0073000641199726605
67.58,-0.013726967373993114,-0.015406472600665739,0.002903551673202766,-0.011227932729935167
67.59,-0.012313451210628476,-0.023242027190981087,0.004172685279317316,-0.015141196199218795
67.6,-0.010902437950874004,-0.0310038562310712,0.0054402769908018225,-0.019039588466879653
67.61,-0.009494700784051707,-0.03868498545560285,0.006705936932866233,-0.022922884248753855
67.62,-0.008091004615409304,-0.04627860890513321,0.007969276718328063,-0.026790896686829577
67.63,-0.006692105390947331,-0.05377809739587513,0.00922990946628279,-0.03064347508805077
67.64,-0.0052987494402458295,-0.06117700694563491,0.010487449817229167,-0.03448050247180772
67.65,-0.003911672838132099,-0.06846908750942822,0.011741513944879496,-0.038301893389839956
67.66,-0.002531600786101527,-0.07564829311018088,0.012991719564857994,-0.04210759242538457
67.67,-0.0011592470142012814,-0.08270878348544272,0.014237685940542399,-0.0458975694972253
67.68,0.00020468679618916753,-0.08964492909473755,0.01547903388643004,-0.04967181614083046
67.69,0.0015595115681147553,-0.09645132079948703,0.01671538576935395,-0.053430344010571854
67.7,0.002904551362488472,-0.10312277896482763,0.017946365507882887,-0.05717317885643822
67.71000000000001,0.004239143888533135,-0.10965435519910595,0.019171598570211952,-0.060900361132618354
67.72,0.005562640990902877,-0.11604133445490247,0.020390711970615438,-0.06461194636386282
67.73,0.006874409113112135,-0.1222792428041783,0.02160333426462226,-0.06830799898786706
67.74,0.008173829736716053,-0.1283638520159362,0.022809095543310447,-0.07198858882985608
67.75,0.00946029979576917,-0.13429118293782594,0.02400762742710762,-0.07565378841440502
67.76,0.010733232066210343,-0.14005750878420414,0.025198563059388557,-0.07930366986479027
67.77,0.011992055529877334,-0.14565935778643727,0.026381537100167635,-0.08293830203827715
67.78,0.013236215712890397,-0.15109351547926275,0.027556185720174594,-0.08655774758521491
67.79,0.014465174998198013,-0.1563570264893532,0.028722146595604243,-0.09016206010201976
67.8,0.015678412912118973,-0.16144719589797032,0.029879058903822253,-0.09375128130623334
67.81,0.01687542638476153,-0.16636159014828025,0.031026563320307548,-0.09732543828135677
67.82000000000001,0.01805572998424256,-0.1710980375202554,0.03216430201710516,-0.10088454078022654
67.83,0.0192188561246762,-0.17565462817103228,0.03329191866305421,-0.10442857860325055
67.84,0.020364355247943368,-0.1800297137524375,0.03440905842605207,-0.10795751905431988
67.85,0.02149179597929632,-0.18422190661159024,0.035515367977606904,-0.11147130448298773
67.86,0.022600765256891222,-0.1882300785841615,0.03661049549991977,-0.11496984991816933
67.87,0.023690868435388136,-0.1920533593888953,0.03769409069572996,-0.11845304079941107
67.88,0.02476172936379072,-0.19569113463321117,0.03876580480114966,-0.12192073081116149
67.89,0.025812990437741667,-0.19914304343947314,0.03982529060169906,-0.12537273982467612
67.9,0.02684431262652664,-0.2024089757022762,0.04087220245174503,-0.12880885195240407
67.91,0.02785537547507173,-0.20548906898696018,0.04190619629753587,-0.13222881371830614
67.92,0.02884587708126443,-0.2083837050787797,0.04292692970401078,-0.13563233234617414
67.93,0.029815534048953048,-0.2110935061352606,0.04393406188555515,-0.13901907409380734
67.94,0.030764081417051965,-0.21361932967872935,0.04492725374088909,-0.14238866185014215
67.95,0.03169127256521319,-0.21596226431277785,0.04590616789225559,-0.14574067443935662
67.96000000000001,0.0325968790964914,-0.21812362640950156,0.046870468728986654,-0.1490746468269632
67.97,0.03348069069742254,-0.2201049547578839,0.047819822455508226,-0.15239006834096827
67.98,0.03434251497603369,-0.2219080048994924,0.048753897143906384,-0.1556863813615827
67.99,0.035182177278344995,-0.22353474364636006,0.0496723627911752,-0.15896298060743835
68.0,0.035999520483942817,-0.2249873430149717,0.050574891381223945,-0.16221921241800097
68.01,0.03679440478128118,-0.2262681724297655,0.051461156951705674,-0.16545437439236915
68.02,0.03756670742341025,-0.22737979261551308,0.05233083566570513,-0.16866771519056592
68.03,0.03831632246469404,-0.22832495250586682,0.053183605888319205,-0.1718584339713859
68.04,0.03904316047903059,-0.22910658169016135,0.054019148268162474,-0.1750256801361547
68.05,0.039747148260265576,-0.22972778236959507,0.054837145823818184,-0.17816855335443132
68.06,0.04042822850556497,-0.23019182247614706,0.05563728403523588,-0.1812861036975066
68.07000000000001,0.0410863594824802,-0.2305021282280919,0.05641925094005977,-0.18437733187812913
68.08,0.041721514680444174,-0.2306622767439055,0.05718273723486346,-0.18744118962011605
68.09,0.0423336824474511,-0.2306759884084825,0.057927436381247574,-0.19047658014710345
68.1,0.04292286561268604,-0.2305471191650899,0.05865304471675533,-0.1934823587897523
68.11,0.0434890810958842,-0.23027965266650094,0.059359261570536274,-0.19645733370961632
68.12,0.044032359504206676,-0.2298776923405144,0.06004578938368941,-0.19940026673402603
68.13,0.04455274471743423,-0.22934545336281206,0.06071233383419587,-0.20230987430126307
68.14,0.04505029346228473,-0.22868725456189407,0.06135860396634889,-0.20518482850997966
68.15,0.045525074876666835,-0.22790751026408537,0.0619843123245695,-0.20802375827128647
68.16,0.045977170064689814,-0.2270107220948704,0.0625891750914967,-0.21082525055798026
68.17,0.04640667164333738,-0.22600146796899048,0.06317291223017991,-0.21358785306675643
68.18,0.046813683281844244,-0.22488439131826285,0.06373524763014042,-0.21631007688914827
68.19,0.04719831923446377,-0.2236642031513723,0.06427590925721696,-0.21899039320859187
68.2,0.04756070386711195,-0.22234567000508848,0.06479462930716388,-0.22162723788194347
68.21000000000001,0.04790097117877693,-0.22093360312704197,0.06529114436277929,-0.22421901320917764
68.22,0.0482192643187229,-0.21943285014971928,0.06576519555433308,-0.2267640898634044
68.23,0.048515735102501796,-0.21784821779910274,0.06621652872217572,-0.22926083878693307
68.24,0.04879054353307538,-0.21618439650407098,0.06664489457546113,-0.2317077755257311
68.25,0.0490438573309994,-0.21444600237379605,0.06705004883870568,-0.23410357662888628
68.26,0.04927585147252005,-0.2126375956785053,0.06743175238432947,-0.23644702109649177
68.27,0.04948670773384995,-0.21076368090605438,0.06778977135507733,-0.23873694803966822
68.28,0.04967661424240801,-0.20882866924060237,0.06812387727820654,-0.24097230089488295
68.29,0.04984576503603651,-0.20683690546330433,0.06843384717180456,-0.2431520716473799
68.3,0.04999435963054346,-0.20479263747069676,0.06871946364541669,-0.24527529090728367
68.31,0.05012260259659793,-0.20270001423778197,0.06898051499436907,-0.247341099188762
68.32000000000001,0.050230703145328265,-0.2005631297002608,0.06921679528711841,-0.24934866130426195
68.33,0.05031887472097433,-0.19838600743258714,0.06942810444874324,-0.2512971577482042
68.34,0.05038733459873832,-0.19617265674392048,0.06961424834446513,-0.25318572689715113
68.35000000000001,0.050436303483438964,-0.19392713559755137,0.06977503887007071,-0.2550133395379814
68.36,0.05046600509972519,-0.19165371320142918,0.06991029406466466,-0.25677853655111044
68.37,0.05047666576507699,-0.1893568535353591,0.07001983826086963,-0.2584794396084521
68.38,0.05046851395169828,-0.18704093971428784,0.07010350227884891,-0.2601136953213768
68.39,0.05044177985462115,-0.18471016406174232,0.070161123685527,-0.26167786547219046
68.4,0.05039669497524239,-0.18236858161668204,0.07019254714889658,-0.2631674700141005
68.41,0.050333491720158254,-0.18002009935204982,0.07019762489110984,-0.26457718834447974
68.42,0.05025240301604443,-0.17766843481559505,0.07017621723210027,-0.2659007769776116
68.43,0.05015366194662286,-0.17531699245106067,0.07012819323596449,-0.2671306760068542
68.44,0.0500375014226128,-0.17296873360624507,0.07005343146924391,-0.2682583948170618
68.45,0.04990415389315777,-0.17062618957707532,0.06995182084832469,-0.26927488739818484
68.46000000000001,0.049753851098804466,-0.16829152380107684,0.06982326154101065,-0.27017083787464935
68.47,0.04958682386027514,-0.16596661030176882,0.06966766583986532,-0.2709386314032216
68.48,0.04940330189453753,-0.16365314181184157,0.06948495886158383,-0.2715737399146559
68.49,0.049203513655314425,-0.16135249839703228,0.06927507903890276,-0.2720723292898855
68.5,0.048987686206493374,-0.15906561399211092,0.06903797852854947,-0.2724301987050026
68.51,0.048756045123364185,-0.15679343607185142,0.06877362362431108,-0.272643121775928
68.52,0.04850881436832272,-0.1545380048742143,0.06848199515619999,-0.27270759685833545
68.53,0.0482462160897743,-0.15230209854530702,0.06816308880438818,-0.27262174223683255
68.54,0.04796847036473621,-0.15008844768221188,0.06781691530733722,-0.272384049003402
68.55,0.04767579493246249,-0.14789968347785323,0.06744350061856767,-0.2719930371454489
68.56,0.047368404937447504,-0.14573832700167874,0.06704288604719445,-0.2714474665683193
68.57000000000001,0.0470465126840133,-0.1436067668659916,0.06661512838076866,-0.2707462674693612
68.58,0.046710327403314635,-0.14150727420494452,0.06616029998951212,-0.26988854702431486
68.59,0.04636005503179344,-0.13944202428759114,0.06567848891529014,-0.26887351436111445
68.60000000000001,0.04599589800238966,-0.1374130104835327,0.06516979894907719,-0.26770047381702355
68.61,0.045618055071764405,-0.13542141425788584,0.06463434971781123,-0.2663682069946799
68.62,0.04522672123603925,-0.13346696653095952,0.06407227683118434,-0.2648743285012281
68.63,0.04482208774948901,-0.13154890466079208,0.0634837321029808,-0.26321623891453977
68.64,0.044404342146455195,-0.1296680810638708,0.06286888374703986,-0.26139324995698915
68.65,0.04397366817340424,-0.1278259923362361,0.062227916453838204,-0.25940562014189694
68.66,0.04353024566503029,-0.12602388472580586,0.061561031381080725,-0.257253655844401
68.67,0.04307425045405615,-0.12426190166408843,0.060868446084230046,-0.25493892670889595
68.68,0.04260585444662911,-0.1225367460539983,0.06015039428097835,-0.2524663306401652
68.69,0.04212522580657696,-0.12084780364595668,0.05940712550324419,-0.24983827609880602
68.7,0.04163252902054773,-0.11919622914915955,0.05863890485764293,-0.24705550979499316
68.71000000000001,0.04112792484353874,-0.11758250624530013,0.05784601289490761,-0.24411950016464445
68.72,0.04061157023707635,-0.11600729833131569,0.05702874547997422,-0.24103160271441806
68.73,0.040083618319333734,-0.1144710233469714,0.056187413644046724,-0.2377934755654758
68.74,0.039544218324799284,-0.11297406675384038,0.0553223434210931,-0.2344068693495075
68.75,0.03899351557464193,-0.11151667557751073,0.054433875667780546,-0.23087372956826913
68.76,0.038431651457132246,-0.11009901211569943,0.05352236586762148,-0.2271961423346763
68.77,0.03785876341835689,-0.10872112795894733,0.05258818391926007,-0.223376358064565
68.78,0.03727498496400219,-0.10738294585765436,0.05163171390832058,-0.21941680689410056
68.79,0.03668044568752245,-0.10608380888022416,0.05065335384824375,-0.21532053125265874
68.8,0.03607527134562803,-0.10482253483141606,0.049653515369916135,-0.21109113814963124
68.81,0.035459583934862544,-0.10359911617602195,0.048632623387527094,-0.20673170985610118
68.82000000000001,0.034833501599216554,-0.1024174814573651,0.047591115676309644,-0.20224866197287214
68.83,0.03419713834033737,-0.10128092437273876,0.04652944232783632,-0.19764737791524783
68.84,0.033550603741914105,-0.10019079109847596,0.04544806518589116,-0.19293338637966723
68.85000000000001,0.03289400280798649,-0.09914825740678475,0.04434745731294283,-0.18811165215101588
68.86,0.03222743587942721,-0.09815348141440343,0.043228102535496984,-0.18318539310228354
68.87,0.0315509986128513,-0.0972063329218374,0.042090495023024845,-0.17815989585125047
68.88,0.030864782017888167,-0.09630589903433247,0.04093513882507121,-0.1730396107674394
68.89,0.030168872554011836,-0.09545076879638166,0.03976254743538278,-0.1678281261853001
68.9,0.029463352263591487,-0.0946396492626549,0.03857324341352589,-0.16252908210408443
68.91,0.028748298918677806,-0.09387092843866102,0.037367757998974814,-0.15714683274379856
68.92,0.02802378618471228,-0.09314287681459076,0.03614663067991547,-0.15168602593977784
68.93,0.027289883814180516,-0.0924531816069519,0.034910408756324264,-0.1461505678374192
68.94,0.02654665788432261,-0.09179910403700191,0.033659646936868313,-0.14054426689007415
68.95,0.025794171068272382,-0.09117786874937588,0.032394906952410776,-0.13487102599512046
68.96000000000001,0.02503248291681479,-0.09058668052943462,0.03111675716552343,-0.1291347897266386
68.97,0.024261650146185695,-0.09002259760146233,0.029825772179789288,-0.12333938255469001
68.98,0.023481726942778145,-0.0894823711842616,0.02852253244128502,-0.11748904944006255
68.99,0.022692765287065826,-0.08896270688066749,0.02720762381606055,-0.11158821941101767
69.0,0.021894815284640746,-0.08846034141255082,0.025881637163608376,-0.10564088897149511
69.01,0.021087925507913323,-0.08797163825540814,0.024545167930961023,-0.09965096027133645
69.02,0.020272143362334325,-0.08749273507582905,0.023198815759725412,-0.09362234452275742
69.03,0.019447515472927304,-0.08701970216826158,0.021843184095423743,-0.08755892589479194
69.04,0.018614088081684712,-0.08654850124194995,0.02047887979823394,-0.08146458229943981
69.05,0.017771907453613987,-0.08607502176572533,0.019106512755289882,-0.07534316972150189
69.06,0.01692102028870109,-0.0855951376333583,0.017726695493853133,-0.06919855615036948
69.07000000000001,0.01606147413719317,-0.08510467759648695,0.016340042794889154,-0.0630345920187224
69.08,0.01519331781988102,-0.08459938175251848,0.014947171309822035,-0.05685504587087139
69.09,0.01431660185352466,-0.08407498506515772,0.013548699183787755,-0.05066362004787571
69.10000000000001,0.01343137888064336,-0.08352713682213965,0.01214524568354671,-0.04446402680380107
69.11,0.012537704104299933,-0.08295145540139405,0.010737430819560993,-0.03826019543681696
69.12,0.011635635725755043,-0.08234356081848536,0.009325874959944637,-0.032055966444609556
69.13,0.010725235382384676,-0.08169907224786349,0.00791119845214012,-0.025854934741082712
69.14,0.009806568582067137,-0.08101371421183508,0.0064940212594932,-0.019660662962537497
69.15,0.008879705132975022,-0.08028318293351314,0.005074962606628179,-0.013476637526481896
69.16,0.007944719573353388,-0.0795031437591685,0.0036546406311975285,-0.007306282368824068
69.17,0.007001691601359683,-0.0786693180551707,0.0022336720417050052,-0.0011529759284028462
69.18,0.006050706500412391,-0.07777749336896506,0.0008126717811334958,0.004979976831767658
69.19,0.005091855557936547,-0.0768235203730239,-0.0006077473035074721,0.01108931420507177
69.2,0.004125236477201529,-0.0758033211025719,-0.0020269747865192356,0.017171822492268177
69.21000000000001,0.0031509537812741423,-0.07471290969631134,-0.003444402983760685,0.023224347224078224
69.22,0.002169119207657464,-0.07354840036255347,-0.004859427267164792,0.029243792862416292
69.23,0.0011798520924640522,-0.07230601873807224,-0.0062714463732523465,0.03522712473223734
69.24,0.0001832797427374541,-0.07098212385182431,-0.007679862705783173,0.041171361667129314
69.25,-0.0008204622048078836,-0.0695732218401842,-0.009084082632948187,0.0470735738697386
69.26,-0.0018312294386750613,-0.0680759317851107,-0.010483516778517362,0.05293091027889793
69.27,-0.0028488686404557232,-0.06648701083334116,-0.011877580305803095,0.05874059227844316
69.28,-0.0038732171675464754,-0.06480339645387671,-0.013265693194129157,0.0644999156309076
69.29,-0.004904102752650065,-0.06302218582530711,-0.014647280508096154,0.07020624224326934
69.3,-0.0059413432196442646,-0.06114062869938815,-0.016021772660421908,0.07585698722904423
69.31,-0.0069847462158154575,-0.05915615198036092,-0.017388605668786788,0.08144963165542606
69.32000000000001,-0.008034108961861014,-0.05706637090516534,-0.018747221406248165,0.08698172464215795
69.33,-0.009089218020841602,-0.05486909389877012,-0.020097067844861004,0.09245088325199481
69.34,-0.010149849086816909,-0.0525623318777395,-0.021437599293615033,0.09785475542311649
69.35000000000001,-0.011215766793856137,-0.050144302892439686,-0.02276827663222107,0.10319102941609753
69.36,-0.012286724545797866,-0.04761343124011231,-0.024088567537824856,0.10845753706726702
69.37,-0.013362464367039714,-0.04496835543841428,-0.02539794670093309,0.11365220355427627
69.38,-0.014442716775245746,-0.0422079452021441,-0.026695896032003556,0.11877301484191358
69.39,-0.015527200676801713,-0.03933129632920883,-0.027981904861138315,0.1238180229228849
69.4,-0.016615623284526617,-0.03633771230076125,-0.029255470131084305,0.12878535215406536
69.41,-0.017707680057055017,-0.03322671873524607,-0.030516096582944935,0.13367320449247674
69.42,-0.018803054660536056,-0.029998073536982077,-0.031763296934480406,0.138479850195192
69.43,-0.019901418953397088,-0.026651765824806235,-0.03299659205124755,0.14320363176614895
69.44,-0.021002432994374102,-0.023188018138603585,-0.03421551111063466,0.14784296217354836
69.45,-0.022105745073878014,-0.01960728617528051,-0.03541959175877033,0.15239632588877883
69.46000000000001,-0.023210991768718495,-0.015910258936832847,-0.03660838026030238,0.1568622785225261
69.47,-0.024317798020148943,-0.0120978578690329,-0.037781431641041655,0.1612394471247163
69.48,-0.025425777235144293,-0.008171235703523357,-0.038938309823459714,0.16552653015239885
69.49,-0.026534531410770786,-0.004131774667636598,-0.040078587755040716,0.1697222975725847
69.5,-0.027643651281452564,1.891576424832564e-05,-0.041201847529480334,0.1738255908826711
69.51,-0.02875271648888506,0.00427900193834076,-0.042307680500752384,0.1778353225451978
69.52,-0.029861295774247322,0.00864643057014261,-0.04339568739009804,0.18175047531309688
69.53,-0.03096894719231991,0.01311893194524281,-0.04446547838590925,0.18557010505692176
69.54,-0.032075218347148576,0.017694023018163203,-0.04551667323636796,0.18929334045076296
69.55,-0.03317964664883631,0.022369013435756147,-0.046548901334897974,0.19291937929706313
69.56,-0.03428175959088572,0.027141012474517244,-0.04756180179864152,0.19644748798416084
69.57000000000001,-0.03538107504760769,0.03200692952605277,-0.04855502353991803,0.19987700625215657
69.58,-0.036477101591245946,0.03696347973387444,-0.049528225330489103,0.2032073462202474
69.59,-0.03756933882828411,0.0420071914353531,-0.05048107585865267,0.2064379906025143
69.60000000000001,-0.038657277754269595,0.04713441213028468,-0.051413253779257546,0.20956849286752374
69.61,-0.039740401126488564,0.052341315402140196,-0.05232444775667995,0.21259847671486984
69.62,-0.04081818385381305,0.05762390779224916,-0.05321435650079455,0.21552763582184284
69.63,-0.04189009340300935,0.06297803611014748,-0.05408268879597751,0.21835573336638114
69.64,-0.042955590220773526,0.06839939492708702,-0.054929163523185956,0.22108260156626833
69.65,-0.04401412817068936,0.07388353564885806,-0.055753509675192776,0.22370814024271088
69.66,-0.04506515498406802,0.07942588082842618,-0.05655546636520931,0.22623231171889685
69.67,-0.04610811272388848,0.08502172065517215,-0.05733478282893929,0.22865514832776831
69.68,-0.04714243826148081,0.09066622053723777,-0.05809121841982978,0.23097675175311128
69.69,-0.04816756376523089,0.09635443442391325,-0.05882454259754151,0.2331972888544782
69.7,-0.04918291720027276,0.10208131198921457,-0.059534534909859375,0.23531699147936222
69.71000000000001,-0.050187922838266515,0.10784170773301807,-0.06022098496817274,0.23733615507462938
69.72,-0.05118200177640362,0.11363038956563397,-0.060883692416414635,0.2392551446459273
69.73,-0.05216457246471022,0.11944204922077652,-0.06152246689227248,0.24107442450157723
69.74,-0.05313505124080351,0.12527130746168555,-0.062137127980947005,0.24279449781699655
69.75,-0.0540928528710985,0.1311127313963,-0.06272750516377973,0.24441590937675373
69.76,-0.05503739109739125,0.1369608384259678,-0.0632934377621561,0.245939267318931
69.77,-0.055968079188421484,0.14281009153179441,-0.06383477487603698,0.2473652272263884
69.78,-0.05688433049606737,0.1486549151806249,-0.06435137531725867,0.24869449835362994
69.79,-0.05778555901513509,0.15448970646347376,-0.06484310753766617,0.24992784171063756
69.8,-0.0586711799455987,0.16030884436188664,-0.06530984955206588,0.25106606998634245
69.81,-0.05954061025606378,0.166106707711509,-0.06575148885578974,0.25211005587784324
69.82000000000001,-0.060393269250206834,0.17187758402470596,-0.06616792233314588,0.2530608397529303
69.83,-0.06122857914305159,0.17761558133823982,-0.06655905614683283,0.2539197728853814
69.84,-0.062045965651961216,0.18331466938886956,-0.06692480560061434,0.2546884682260031
69.85000000000001,-0.06284485860059173,0.1889687267433188,-0.06726509497680348,0.25536873828554935
69.86,-0.06362469253140349,0.19457158172668743,-0.06757985735402922,0.2559625492161741
69.87,-0.0643849073231892,0.20011703204959072,-0.06786903440952766,0.2564719961691466
69.88,-0.06512494881189923,0.20559884304321382,-0.06813257620735272,0.2568993266401478
69.89,-0.06584426941281003,0.21101080170162714,-0.06837044097462196,0.2572468501068082
69.9,-0.06654232874162751,0.21634670914089665,-0.06858259486943499,0.2575169499909294
69.91,-0.0672185942332191,0.22160040038342252,-0.0687690117421307,0.25771206886763537
69.92,-0.06787254175476595,0.2267658215973649,-0.06892967289379694,0.25783459749257065
69.93,-0.06850365620739599,0.23183708657475188,-0.06906456684025454,0.2578867952133862
69.94,-0.06911143210741394,0.23680862502242844,-0.06917368909857492,0.2578704355752181
69.95,-0.06969537413642583,0.24167525588022776,-0.06925704204946245,0.257785696385203
69.96000000000001,-0.07025499766217481,0.2464319164716678,-0.06931463493487737,0.2576312386425932
69.97,-0.07078982924540302,0.25107355269223236,-0.06934648399071759,0.2574047965149131
69.98,-0.07129940714344418,0.25559512152163283,-0.06935261268240528,0.25710322452045004
69.99,-0.07178328181890993,0.2599913864485909,-0.06933305203161572,0.2567224255344153
70.0,-0.07224101646361714,0.26425691492406084,-0.06928784103869524,0.25625728832233613
70.01,-0.07267218754165537,0.2683860880407417,-0.0692170271979261,0.2557019256244843
70.02,-0.07307638534965284,0.27237314869263385,-0.06912066708428222,0.2550500250845386
70.03,-0.07345321458850457,0.27621230338714214,-0.06899882697225646,0.2542954126296803
70.04,-0.07380229493814434,0.2798978019325575,-0.06885158341093701,0.25343338411728183
70.05,-0.07412326162364187,0.2834241246367868,-0.06867902362457828,0.252462450215354
70.06,-0.07441576596364774,0.2867859226594588,-0.06848124567957713,0.25138260573194876
70.07000000000001,-0.07467947590021555,0.28997802569265274,-0.0682583585168956,0.25019377313905883
70.08,-0.07491407649706829,0.2929958871593724,-0.06801048194320762,0.24889637877789833
70.09,-0.0751192703661141,0.29583616963059434,-0.0677377465702973,0.24749176621425956
70.10000000000001,-0.07529477800477387,0.29849609001919836,-0.0674402936825351,0.2459818185050546
70.11,-0.07544033808048384,0.30097291321621306,-0.06711827505731575,0.24436849396954652
70.12,-0.07555570769641866,0.30326407522208443,-0.06677185276943191,0.24265380806550033
70.13,-0.07564066264335459,0.3053671512043183,-0.06640119898980869,0.24083981981615876
70.14,-0.0756949976418331,0.30727969506162744,-0.06600649578492251,0.23892846012438984
70.15,-0.07571852658680589,0.30899912288095477,-0.06558793492941462,0.23692141047934212
70.16,-0.07571108280532263,0.3105226602611128,-0.06514571774321085,0.23482004047096058
70.17,-0.07567251933168012,0.31184735682538567,-0.06468005495657156,0.2326254732489594
70.18,-0.07560270919666848,0.31297020562583805,-0.06419116658691634,0.2303390435399313
70.19,-0.0755015457098309,0.313888626976413,-0.06367928180726051,0.22796217698694984
70.2,-0.07536894269346049,0.3146009553807333,-0.06314463877943005,0.2254971599886048
70.21000000000001,-0.07520483466654253,0.31510540873641907,-0.062587484411099,0.22294731237997115
70.22,-0.07500917703765118,0.31539951449982323,-0.0620080740228213,0.22031666635241667
70.23,-0.07478194634499831,0.315480450437826,-0.061406670942200564,0.21760981398188067
70.24,-0.07452314049213608,0.3153465353458215,-0.06078354608542474,0.21483040531090705
70.25,-0.07423277889362799,0.31499740152450695,-0.06013897760705148,0.21198102821036197
70.26,-0.07391090252535765,0.3144329371749541,-0.059473250623424276,0.2090641874849639
70.27,-0.0735575739313918,0.31365318656038504,-0.058786656960698715,0.20608240344936696
70.28,-0.07317287721215034,0.3126583849964223,-0.05807949490464126,0.2030381675597217
70.29,-0.07275691799496684,0.3114489319223068,-0.057352068951713145,0.19993396599488555
70.3,-0.07230982338738247,0.31002540052546274,-0.05660468956167283,0.1967722629319581
70.31,-0.07183174191334887,0.30838853392784393,-0.05583767291211269,0.19355549860757576
70.32000000000001,-0.07132284343209902,0.3065392533035303,-0.05505134065587932,0.19028607240843975
70.33,-0.07078331903949045,0.30447865358661896,-0.05424601968225494,0.18696634258113862
70.34,-0.07021338095763748,0.3022078168533115,-0.05342204187676856,0.1835988040032896
70.35000000000001,-0.06961326245405554,0.2997267781765641,-0.05257974384102462,0.18018705490623965
70.36,-0.06898321780193868,0.29703592347755187,-0.051719466562146224,0.17673447353019894
70.37,-0.06832352220634573,0.294136851996718,-0.05084155510344429,0.173243396296275
70.38,-0.06763447170798054,0.29102972254228576,-0.04994635830738434,0.1697175688636888
70.39,-0.06691638315013167,0.28771417134286525,-0.04903422844052109,0.16616102871118824
70.4,-0.06616959416284338,0.2841910276128939,-0.04810552097351936,0.16257206639378596
70.41,-0.06539446314615001,0.28045957252957876,-0.04716059470950242,0.15894669400962705
70.42,-0.0645913693015124,0.27651923177168297,-0.046199812065501375,0.15528328806780833
70.43,-0.06376071267667532,0.27236974633219335,-0.04522353922556748,0.15158206179706896
70.44,-0.06290291417639582,0.26801135896511513,-0.04423214612995355,0.14784409057104192
70.45,-0.06201841551192616,0.26344528708372117,-0.043226006375606585,0.14407077017124614
70.46000000000001,-0.061107679055407864,0.25867394665916377,-0.04220549705427843,0.14026445349140548
70.47,-0.06017118759372366,0.25370047176154015,-0.04117099855466556,0.1364269220909799
70.48,-0.05920944401972758,0.2485281127192906,-0.04012289438817932,0.1325594944489022
70.49,-0.0582229709769499,0.24316098391634536,-0.03906157102364489,0.12866430668776926
70.5,-0.057212310434371,0.2376040119398129,-0.03798741769396539,0.12474338961735824
70.51,-0.05617802320446204,0.2318621150526966,-0.036900826198244745,0.12079856574397936
70.52,-0.05512068844781655,0.22594014418968714,-0.035802190714312294,0.11683172231301638
70.53,-0.05404090316142575,0.21984359630767644,-0.03469190761068944,0.1128447954378703
70.54,-0.05293928162619721,0.2135783030239426,-0.033570375256189465,0.10883967710747043
70.55,-0.05181645481528201,0.20715042309857262,-0.032437993842232206,0.10481788459647329
70.56,-0.05067306977016169,0.20056642861225618,-0.031295165220168966,0.10078107568975153
70.57000000000001,-0.0495097889502035,0.19383294715746346,-0.030142292735674606,0.09673101783884908
70.58,-0.04832728956509856,0.18695671801215774,-0.0289797810556572,0.09266945508525735
70.59,-0.04712626289431601,0.17994462906969513,-0.02780803599679115,0.08859804514613362
70.60000000000001,-0.045907413590534796,0.17280378458314496,-0.026627464361971886,0.08451834198306805
70.61,-0.0446714589652051,0.16554143370672078,-0.025438473784135943,0.08043188224819528
70.62,-0.04341912825900605,0.15816495211435577,-0.024241472571865538,0.07634023825687873
70.63,-0.04215116189694867,0.1506819251627089,-0.0230368695556075,0.07224491473724248
70.64,-0.040868310725773016,0.14310010318908456,-0.021825073939538607,0.0681473170441827
70.65,-0.03957133523634711,0.1354273323506497,-0.02060649516090744,0.06404880979399949
70.66,-0.03826100477552497,0.1276715495838223,-0.019381542755083928,0.059950700516090985
70.67,-0.036938096749619224,0.11984076508227959,-0.01815062622576101,0.055854246202401044
70.68,-0.035603395820801804,0.11194305112506349,-0.01691415492044955,0.05176064863640312
70.69,-0.03425769309830273,0.10398651066652326,-0.01567253791092445,0.0476710686618673
70.7,-0.032901785326580966,0.09597926434035953,-0.014426183878025165,0.04358662562575196
70.71000000000001,-0.0315364740706209,0.08792948635406443,-0.01317550100170947,0.039508359852225824
70.72,-0.03016256489787172,0.07984537131084844,-0.011920896857791831,0.03543724691414293
70.73,-0.028780866558654587,0.07173510526392173,-0.010662778321023872,0.03137421008664577
70.74,-0.027392190167285505,0.06360686036797529,-0.00940155147379058,0.027320114577820662
70.75,-0.025997348385684564,0.055468764634310296,-0.008137621520532374,0.02327576522378553
70.76,-0.024597154611167873,0.04732889868865029,-0.006871392708079282,0.019241908059753187
70.77,-0.02319242216872862,0.03919531049876749,-0.005603268251566461,0.01521923997019878
70.78,-0.02178396350801781,0.031075986921361046,-0.004333650266403539,0.01120837648104791
70.79,-0.02037258940667539,0.022978836426752993,-0.0030629397063114006,0.007209896445256071
70.8,-0.018959108181941756,0.014911672249474314,-0.0017915363053584374,0.0032243584357803164
70.81,-0.01754432491207459,0.006882200941909371,-0.0005198385231301795,-0.0007477260165320752
70.82000000000001,-0.016129040668060167,-0.0011019644018221459,0.000751756505513922,-0.004705907276969966
70.83,-0.014714051755845472,-0.00903332551169702,0.0020228530150677034,-0.008649789740062794
70.84,-0.01330014897043259,-0.016904516645420694,0.0032930566487865635,-0.012579021996619167
70.85000000000001,-0.011888116863350295,-0.0247083118666352,0.004561974493479895,-0.01649329816440715
70.86,-0.010478733024545507,-0.03243763599942607,0.005829215109926932,-0.020392354319252952
70.87,-0.009072767379640622,-0.04008557322063972,0.0070943885591093735,-0.02427596719178484
70.88,-0.007670981503480048,-0.047645376313949286,0.00835710642447174,-0.02814395155045979
70.89,-0.006274127950842013,-0.05511047507123387,0.009616981830432768,-0.031996158067654504
70.9,-0.004882949605176218,-0.06247448484001933,0.010873629457379673,-0.035832470885050045
70.91,-0.0034981790462677545,-0.06973121691994412,0.012126665553345337,-0.03965280620310296
70.92,-0.0021205379376747673,-0.07687468409705331,0.013375707942589238,-0.04345710908386306
70.93,-0.0007507364344662502,-0.08389910240096193,0.014620376031408292,-0.04724534855453748
70.94,0.0006105273882677482,-0.09079890033814278,0.01586029081155536,-0.05101751570367569
70.95,0.001962568085390178,-0.0975687273558682,0.01709507486152685,-0.054773621300528534
70.96000000000001,0.0033047133693219393,-0.10420346227523333,0.018324352346074033,-0.05851368921233266
70.97,0.004636304614725338,-0.1106982125566585,0.019547749014202868,-0.062237759970152476
70.98,0.005956697339996224,-0.11704831904337673,0.020764892195688667,-0.06594588822256917
70.99,0.007265261665117891,-0.12324936374210879,0.02197541079634994,-0.06963813642724573
71.0,0.008561382745300102,-0.12929717312884376,0.023178935292516245,-0.07331457258276919
71.01,0.009844461179982389,-0.13518782203508004,0.024375097725025077,-0.07697526692798624
71.02,0.011113913396860475,-0.14091763656026735,0.02556353169304305,-0.08062028916897938
71.03,0.012369172010642073,-0.14648319679110858,0.026743872348003135,-0.08424970547486095
71.04,0.013609686156285198,-0.15188133893900804,0.027915756387946963,-0.0878635756308207
71.05,0.014834921796516038,-0.1571091570934021,0.029078822052561643,-0.09146195017150391
71.06,0.016044362003468596,-0.16216400449711033,0.030232709119189263,-0.09504486759287743
71.07000000000001,0.01723750721433208,-0.167043494397514,0.03137705890009062,-0.09861235160827951
71.08,0.01841387546093871,-0.17174550045482107,0.03251151424123104,-0.10216440847561248
71.09,0.019573002573264938,-0.1762681567262162,0.03363571952285575,-0.10570102439468544
71.10000000000001,0.020714442356864017,-0.18060985722738515,0.034749320662110804,-0.10922216298481302
71.11,0.0218377667442882,-0.1847692550822814,0.0358519651179587,-0.11272776284822965
71.12,0.02294256592060264,-0.18874526126831093,0.03694330189863074,-0.11621773522534487
71.13,0.024028448423127624,-0.19253704296687524,0.03802298157184714,-0.11969196174790525
71.14,0.025095041215595432,-0.19614402152816568,0.039090656278025646,-0.12315029229494773
71.15,0.026141989736932124,-0.19956587006042262,0.040145979746690756,-0.1265925429565213
71.16,0.027168957924928083,-0.20280251065361543,0.04118860731628504,-0.1300184941095993
71.17,0.028175628215081003,-0.2058541112475082,0.042218195957568594,-0.1334278886093623
71.18,0.029161701514946847,-0.2087210821463759,0.0432344043007901,-0.13682043008623276
71.19,0.030126897154363976,-0.21140407184215035,0.04423689266680229,-0.14019578094242943
71.2,0.031070952811997947,-0.21390396200992493,0.04522532310232262,-0.14355356023459906
71.21000000000001,0.03199362441863012,-0.21622186446505404,0.04619935941945738,-0.14689334422443256
71.22,0.032894686037595294,-0.21835911677873673,0.04715866723954804,-0.1502146651423094
71.23,0.03377392972282114,-0.2203172766902774,0.04810291404144578,-0.15351700942227306
71.24,0.0346311653550051,-0.2220981168481495,0.049031769214350714,-0.1567998168492149
71.25,0.03546622045648422,-0.22370361914315046,0.04994490411531071,-0.16006247971650495
71.26,0.03627893998538761,-0.22513596816455855,0.050841992131459735,-0.1633043422251739
71.27,0.03706918610976406,-0.2263975432682281,0.05172270874704695,-0.1665247002082808
71.28,0.03783683796230902,-0.22749091536114247,0.052586731615300364,-0.1697228007047213
71.29,0.038581791376183824,-0.22841884151112454,0.05343374063515486,-0.17289784149252724
71.3,0.039303958602521,-0.22918425666162814,0.054263418032882774,-0.17604897088922597
71.31,0.040003268010352436,-0.22979026664322014,0.055075448448639854,-0.17917528781263017
71.32000000000001,0.0406796637696983,-0.23024014101618695,0.055869519027926355,-0.1822758418931216
71.33,0.041333105518538735,-0.23053730580393544,0.05664531951794962,-0.1853496337352646
71.34,0.04196356801440112,-0.23068533604820535,0.057402542368855294,-0.18839561529211443
71.35000000000001,0.04257104077131779,-0.23068794823837496,0.05814088283979324,-0.19141269036292805
71.36,0.043155527682915806,-0.2305489926083094,0.05886003910976157,-0.19439971520831978
71.37,0.04371704663241452,-0.23027244532556265,0.05955971239316673,-0.1973554992792071
71.38,0.04425562909031912,-0.22986240058129218,0.060239607060025555,-0.20027880605814838
71.39,0.044771319700603836,-0.2293230625978387,0.060899430760721344,-0.2031683540078823
71.4,0.04526417585619045,-0.2286587375660942,0.06153889455521893,-0.2060228176248837
71.41,0.04573426726453004,-0.22787382552707688,0.0621577130466303,-0.20884082859342126
71.42,0.04618167550410869,-0.2269728120410142,0.06275560451901228,-0.21162097711615724
71.43,0.04660649357289523,-0.22596025385606325,0.0633322910791761,-0.21436181617968794
71.44,0.04700882542964131,-0.22484077762669658,0.06388749880232927,-0.21706185972732045
71.45,0.04738878552853275,-0.22361907506304082,0.0644209578815376,-0.21971958330231925
71.46000000000001,0.04774649834787083,-0.22229988967264896,0.06493240278087126,-0.22233342825051003
71.47,0.048082097913723885,-0.2208880105548316,0.06542157239205815,-0.22490180057841014
71.48,0.04839572731977627,-0.21938825109105803,0.06588821019468515,-0.2274230685983006
71.49,0.04868753824767033,-0.21780534789520306,0.06633206441743827,-0.2298956487819487
71.5,0.04895769049432516,-0.2161439257997851,0.0667528881920526,-0.2323181397239144
71.51,0.049206351508007104,-0.21440856113580395,0.0671504396933033,-0.234689268253291
71.52,0.049433695931287484,-0.2126037634933864,0.06752448226616606,-0.23700785402195815
71.53,0.04963990515044793,-0.21073397891869025,0.06787478454372527,-0.23927278516183426
71.54,0.04982516685174143,-0.20880358289461345,0.06820112055770279,-0.24148301912083203
71.55,0.04998967458599769,-0.20681684105821155,0.06850326984120644,-0.24363760952507177
71.56,0.05013362734214587,-0.2047779578669541,0.06878101752534033,-0.2457356092648505
71.57000000000001,0.05025722912867112,-0.20269105538486645,0.06903415443087106,-0.2477761696007526
71.58,0.05036068856352015,-0.2005601597976395,0.0692624771530358,-0.2497585063807076
71.59,0.05044421847121903,-0.1983892761876934,0.06946578814257473,-0.25168179141947566
71.60000000000001,0.05050803548322297,-0.19618240673353185,0.06964389578959651,-0.25354513300859133
71.61,0.050552359636580585,-0.19394363299367287,0.06979661451829332,-0.2553474161675944
71.62,0.05057741396089487,-0.19167729700997296,0.06992376490940382,-0.2570870235591571
71.63,0.05058342404761585,-0.1893878518278618,0.07002517386241032,-0.2587619960312217
71.64,0.05057061761351008,-0.18707960080378508,0.07010067480588804,-0.26036968171368235
71.65,0.05053922407457997,-0.1847566828421236,0.0701501079839471,-0.26190628973499513
71.66,0.05048947413551693,-0.1824230982394365,0.07017332084206979,-0.2633670736270151
71.67,0.05042159939422633,-0.18008269185136597,0.07017016850926355,-0.26474642289897465
71.68,0.05033583196348446,-0.17773909629626802,0.0701405143706473,-0.2660377898508135
71.69,0.050232404117297055,-0.17539558714731182,0.07008423074581745,-0.267233250002272
71.7,0.050111547973734676,-0.17305496873941925,0.0700011996767645,-0.2683241306496251
71.71000000000001,0.04997349522052595,-0.17071964756168254,0.06989131379525684,-0.2693012636028126
71.72,0.04981847688052688,-0.1683916833270231,0.06975447722760778,-0.2701555416648627
71.73,0.049646723109699246,-0.166072897889027,0.06959060642670727,-0.2708804325266926
71.74,0.04945846302022412,-0.16376490549159348,0.06939963079950973,-0.27147187165074665
71.75,0.049253924529520196,-0.16146896929930732,0.06918149315814516,-0.27192591233874214
71.76,0.04903333424313463,-0.1591859528902784,0.06893615012263897,-0.2722384061934493
71.77,0.04879691735383516,-0.15691705963642044,0.06866357253175205,-0.27240518697162164
71.78,0.04854489749569283,-0.15466466602155543,0.06836374582092242,-0.27242331133449077
71.79,0.04827749652016468,-0.15243158887279334,0.06803667030093315,-0.27229110885487334
71.8,0.04799493423127635,-0.1502205225937332,0.0676823613453479,-0.27200704554294197
71.81,0.047697428120812735,-0.1480340808595539,0.06730084954164631,-0.2715697286092899
71.82000000000001,0.047385193113755046,-0.14587475672417313,0.06689218082688139,-0.27097795243993295
71.83,0.047058441325403634,-0.1437449122418307,0.06645641660512126,-0.2702307113644208
71.84,0.04671738183082634,-0.14164679916183892,0.06599363384683593,-0.26932714503683935
71.85000000000001,0.046362220445430286,-0.13958257169564367,0.06550392517368264,-0.2682665051965801
71.86,0.045993159522277706,-0.13755407095764557,0.064987398935682,-0.26704801658001526
71.87,0.04561039779973652,-0.13556207304516418,0.06444417931159376,-0.2656701227647784
71.88,0.045214130351341336,-0.13360594859826055,0.06387440648311649,-0.26413014220363057
71.89,0.04480454861643278,-0.13168538307532643,0.06327823686169626,-0.26242598847936954
71.9,0.04438184039565919,-0.12980159734660324,0.06265584325154205,-0.2605574096462113
71.91,0.04394618975701445,-0.12795605394613457,0.062007414893589734,-0.25852469473228
71.92,0.04349777690680382,-0.1261499833603821,0.061333157443923154,-0.25632821640852377
71.93,0.04303677814212144,-0.12438219231603649,0.060633292859852896,-0.25397085908559086
71.94,0.04256336597718665,-0.122649880734219,0.05990805911174782,-0.25145708036573705
71.95,0.042077709302681836,-0.12095330083753347,0.059157709855702546,-0.24878848210113433
71.96000000000001,0.04157997340186437,-0.11929349070586995,0.058382514238034956,-0.24596595701939097
71.97,0.04107031988322161,-0.11767098233310115,0.057582756773864686,-0.2429909594978746
71.98,0.040548906619550844,-0.11608640617801563,0.05675873721302251,-0.23986490958925802
71.99,0.04001588769843975,-0.11454018910607677,0.05591077038848035,-0.2365894890138863
72.0,0.03947141338244145,-0.113032705801726,0.0550391860491048,-0.2331664907516019
72.01,0.038915630079748985,-0.11156420360359569,0.054144328676078976,-0.22959789146918824
72.02,0.03834868032490069,-0.11013484080817625,0.0532265572836005,-0.2258858121519741
72.03,0.03777070276966584,-0.10874466839442745,0.05228624520387748,-0.22203253427523773
72.04,0.037181832187131364,-0.10739353681151778,0.051323779853683964,-0.21804058762651782
72.05,0.03658219950986234,-0.10608058010162993,0.050339562462557545,-0.2139132449898513
72.06,0.035971931915148206,-0.10480467934719023,0.049334007749757984,-0.20965409172099497
72.07000000000001,0.035351152889665,-0.10356624480627373,0.048307543580751906,-0.2052664011979723
72.08,0.034719982097125825,-0.10236979159302512,0.04726061052939433,-0.20075680125183967
72.09,0.03407853506773692,-0.101218082496324,0.04619366132678377,-0.19613042185015317
72.10000000000001,0.033426922939773875,-0.1001123802889127,0.04510716030397148,-0.19139283984511551
72.11,0.03276525231043096,-0.09905392523958656,0.04400158287076437,-0.1865487058090541
72.12,0.032093625158476205,-0.09804262454838769,0.042877415072948954,-0.18160132505509025
72.13,0.03141213883255868,-0.09707840176535751,0.04173515316832226,-0.17655613967248188
72.14,0.030720886095650685,-0.09616018442942896,0.04057530316243894,-0.17141733953132418
72.15,0.03001995522753462,-0.09528659722775525,0.039398380383241866,-0.16618849001772934
72.16,0.02930943015912689,-0.09445634910272206,0.038204909107641336,-0.16087327412945027
72.17,0.02858939061820805,-0.09366783487423185,0.036995422168920315,-0.15547620900666478
72.18,0.027859912293612572,-0.09291929561607001,0.03577046052056968,-0.15000181558265116
72.19,0.027121067032656276,-0.09220833708899795,0.03453057280545587,-0.14445390149676576
72.2,0.026372923083133357,-0.09153222851465802,0.03327631495923771,-0.13883630308860836
72.21000000000001,0.025615545364348017,-0.09088823519823071,0.03200824982452639,-0.13315292085877686
72.22,0.024848995746161864,-0.09027357775261208,0.03072694676060425,-0.12740767886667836
72.23,0.024073333335680448,-0.08968529736577198,0.029432981253852273,-0.12160439975112884
72.24,0.023288614781997258,-0.08912015916058234,0.02812693451507441,-0.11574747978104082
72.25,0.02249489459762311,-0.08857493621947139,0.02680939305374576,-0.10984121221811796
72.26,0.021692225486526343,-0.08804634376904495,0.025480948257275905,-0.10388952633030281
72.27,0.02088065868627899,-0.087530720112695,0.024142195990548815,-0.09789634244660494
72.28,0.020060244335117116,-0.0870242276800638,0.022793736204430776,-0.09186553827752302
72.29,0.019231031857080822,-0.08652295634885458,0.02143617254652447,-0.08580099458323089
72.3,0.01839307035711737,-0.08602289302384221,0.020070111973362042,-0.07970656943313244
72.31,0.017546409024572916,-0.085519955262112,0.01869616436411369,-0.07358610735028748
72.32000000000001,0.016691097541779963,-0.08501006345039032,0.0173149421349667,-0.06744346849865936
72.33,0.015827186496035057,-0.08448905938147251,0.015927059854088307,-0.06128247827507305
72.34,0.014954727797051403,-0.0839527224481366,0.014533133860802197,-0.05510687213952162
72.35000000000001,0.014073775099295428,-0.08339681483496503,0.013133781891311883,-0.048920341923658295
72.36,0.013184384228849889,-0.08281701020935235,0.011729622707251036,-0.04272661754528025
72.37,0.012286613615057632,-0.0822089706768927,0.01032127571611387,-0.036529660346631
72.38,0.011380524724544844,-0.08156834669923639,0.008909360586158637,-0.03033321774784259
72.39,0.010466182494886157,-0.08089081703846501,0.0074944968732436595,-0.02414084603945665
72.4,0.009543655764141151,-0.08017214713099208,0.006077303661592439,-0.01795609323027694
72.41,0.008613017696832141,-0.07940805182630654,0.004658399211762079,-0.011782409925357944
72.42,0.007674346210696012,-0.07859423721556759,0.0032384006149964043,-0.005623202864943863
72.43,0.006727724402536467,-0.07772647534043886,0.0018179234536227105,0.0005181820718015706
72.44,0.00577324096888815,-0.07680059725793942,0.0003975814672597989,0.006638460039526321
72.45,0.0048109906202674245,-0.07581249600781523,-0.0010220137754246357,0.0127343876641472
72.46000000000001,0.0038410744885681615,-0.07475814090224907,-0.0024402532000301325,0.018802774411843737
72.47,0.0028636005263179766,-0.0736335945585148,-0.0038565305444258923,0.024840489709187178
72.48,0.0018786838964442386,-0.07243502031445577,-0.005270242670890556,0.03084446177542586
72.49,0.0008864473514891767,-0.07115869404428174,-0.006680789872243147,0.03681167969639128
72.5,-0.00011297839938831943,-0.06980103455964805,-0.008087576172291945,0.04273918035732583
72.51,-0.0011194543370047943,-0.06835859233833243,-0.00949000962081704,0.04862406156626349
72.52,-0.002132832791833043,-0.06682803196908522,-0.010887502582142106,0.05446349995983999
72.53,-0.003152957116732697,-0.0652061663788416,-0.012279472016411608,0.060254741587350766
72.54,-0.004179661375044831,-0.06348998849302069,-0.013665339753440166,0.06599510965983894
72.55,-0.005212770045338854,-0.06167664080645017,-0.015044532759519247,0.0716819858465823
72.56,-0.006252097742120374,-0.05976342159726692,-0.01641648339805376,0.07731280739541777
72.57000000000001,-0.007297448952988984,-0.05774781055875096,-0.017780629684174504,0.08288507981767801
72.58,-0.008348617793767917,-0.05562747348933241,-0.019136415532789604,0.08839637545420423
72.59,-0.00940538778257914,-0.05340027019125242,-0.020483290999948705,0.09384433168758677
72.60000000000001,-0.010467531633622818,-0.05106426382062081,-0.021820712519635674,0.09922658610727732
72.61,-0.01153481107125469,-0.04861772034919229,-0.023148143135951118,0.10454088227788644
72.62,-0.0126069766646128,-0.04605911196337235,-0.024465052726033252,0.10978509310895884
72.63,-0.013683767683254907,-0.043387127459978574,-0.025770918212403543,0.11495715888789523
72.64,-0.014764911974914084,-0.040600689472130615,-0.027065223767319006,0.1200550877965777
72.65,-0.015850125865792743,-0.037698934251232094,-0.028347461010424766,0.12507695310198422
72.66,-0.016939114082548744,-0.034681205836619225,-0.029617129199483803,0.1300209046786765
72.67,-0.01803156969584432,-0.03154707494899493,-0.030873735413773702,0.13488516482882115
72.68,-0.01912717408635171,-0.028296341758437184,-0.03211679473020849,0.13966802539875695
72.69,-0.020225596933751033,-0.024929037052536396,-0.03334583039238237,0.14436784937454844
72.7,-0.021326496228851577,-0.021445423182719147,-0.03456037397253661,0.14898307024319665
72.71000000000001,-0.02242951830889948,-0.017845994299104204,-0.035759965526437565,0.15351219245349615
72.72,-0.023534297916085908,-0.014131476130642629,-0.03694415374116172,0.15795379131975712
72.73,-0.02464045827920963,-0.01030282519159833,-0.0381124960757796,0.16230651317944916
72.74,-0.02574761121839775,-0.00636122748406848,-0.03926455889493491,0.16656907541467475
72.75,-0.026855357272740875,-0.002308096676765692,-0.04039991759531265,0.17074026651724492
72.76,-0.02796328585063669,0.0018549282384529243,-0.04151815672499898,0.17481894608246634
72.77,-0.029070975402577068,0.006125986394963393,-0.04261887009577005,0.1788040435409826
72.78,-0.030177993616017126,0.01050299936599295,-0.043701660888358265,0.18269455925485228
72.79,-0.031283897631949144,0.014983673989792539,-0.0447661417505956,0.1864895666693612
72.8,-0.032388234282828644,0.019565505818706034,-0.0458119348883396,0.19018821055247234
72.81,-0.033490540351386586,0.02424578663247422,-0.046838672149336784,0.19378970325524889
72.82000000000001,-0.03459034284976615,0.029021608197769458,-0.04784599510016372,0.1972933273383062
72.83,-0.03568715931858341,0.033889864127398146,-0.04883355509611966,0.2006984383333246
72.84,-0.036780498145519355,0.038847256616184,-0.04980101334395868,0.2040044628808463
72.85000000000001,-0.0378698589028593,0.043890303097363165,-0.05074804095752706,0.20721089786484773
72.86,-0.03895473270332106,0.04901534241797241,-0.05167431900638038,0.21031731035157272
72.87,-0.040034602573517736,0.05421854164955938,-0.052579538557411244,0.21332333717279003
72.88,-0.0411089438443742,0.05949590301497949,-0.053463400709522685,0.21622868459973887
72.89,-0.04217722455778597,0.06484327117466762,-0.05432561662138522,0.2190331278874809
72.9,-0.04323890588878264,0.07025634089304855,-0.055165907532326114,0.2217365107128791
72.91,-0.044293442582322776,0.07573066811200445,-0.055984004776478205,0.2243387422238779
72.92,-0.04534028340372761,0.08126167935214385,-0.0567796497903931,0.22683979533444962
72.93,-0.04637887160214616,0.08684466906933426,-0.05755259411404928,0.22923971359897674
72.94,-0.0474086453866426,0.09247481076112811,-0.058302599385061216,0.23153860812937024
72.95,-0.04842903841404276,0.0981471686307957,-0.05902943732620629,0.23373665446909728
72.96000000000001,-0.04943948028752889,0.10385670447668585,-0.05973288972647739,0.23583409260990842
72.97,-0.05043939706512907,0.10959828685299824,-0.06041274841576575,0.23783122550947802
72.98,-0.05142821177720719,0.1153667006976239,-0.06106881523243529,0.2397284454124261
72.99,-0.05240534495206425,0.12115665499666653,-0.06170090198304203,0.24152621669327112
73.0,-0.05337021514881151,0.1269627912743926,-0.06230883039577592,0.24322503552369382
73.01,-0.05432223949637097,0.13277970226760016,-0.06289243206918838,0.24482545510687972
73.02,-0.055260834237792836,0.13860192294313936,-0.06345154841581718,0.24632808415125246
73.03,-0.05618541527971832,0.1444239381211274,-0.06398603060044611,0.2477335808305174
73.04,-0.05709539874627798,0.1502401988018766,-0.06449573947317279,0.24904265741512194
73.05,-0.057990201536269555,0.15604512866296444,-0.06498054549728269,0.2502560769582121
73.06,-0.05886924188247845,0.16183314031976004,-0.0654403286719187,0.25137465640362244
73.07000000000001,-0.05973193991225094,0.16759863409044046,-0.06587497844901763,0.2523992810111151
73.08,-0.06057771821266522,0.1733358813539564,-0.06628439363899975,0.25333105806744494
73.09,-0.06140600240779557,0.17903896887497056,-0.06666848229426826,0.2541714151852011
73.10000000000001,-0.0622162217510177,0.18470186679027845,-0.06702716156538066,0.2549220110777568
73.11,-0.06300780972890589,0.19031846700080604,-0.06736035753385745,0.25558468811699137
73.12,-0.06378020467301339,0.19588259871270242,-0.06766800502607846,0.25616146102815723
73.13,-0.064532850376239,0.20138808616132262,-0.06795004741218993,0.25665443790246667
73.14,-0.06526519671118901,0.20682873050043074,-0.06820643639275252,0.2570658652070902
73.15,-0.06597670025004976,0.2121983178352875,-0.06843713177326022,0.25739810174010774
73.16,-0.06666682488382483,0.2174906872659815,-0.06864210122986605,0.25765352396240376
73.17,-0.06733504243751627,0.2226997276510096,-0.06882132007091045,0.25783454546212436
73.18,-0.06798083327825521,0.22781943653597203,-0.06897477099780684,0.25794353101203144
73.19,-0.06860368691051917,0.2328440181985098,-0.06910244387349461,0.2579826553986848
73.2,-0.06920310254738202,0.23776804726520698,-0.06920433552500897,0.25795332408586735
73.21000000000001,-0.06977858964926803,0.24258642061198624,-0.06928044964140224,0.2578552066247007
73.22,-0.0703296684374998,0.24729409357048793,-0.0693307968135801,0.2576866451946414
73.23,-0.07085587039791437,0.2518860379341111,-0.06935539470016103,0.2574451344568215
73.24,-0.07135673878348718,0.25635718851095746,-0.0693542682900079,0.2571272433043517
73.25,-0.07183182912522301,0.26070225585326456,-0.06932745025869544,0.25672852136937985
73.26,-0.0722807097605385,0.2649157618129053,-0.06927498142175338,0.25624360669506363
73.27,-0.07270296238046507,0.2689920600999101,-0.06919691127352404,0.2556664748804035
73.28,-0.07309818259285225,0.2729253709309209,-0.06909329858742534,0.2549907558118365
73.29,-0.0734659804958071,0.27670989867780343,-0.06896421203475678,0.25421045648907836
73.3,-0.07380598125094603,0.2803399599972815,-0.06880973072488061,0.25332175096861076
73.31,-0.07411782564404323,0.28381010583379945,-0.06862994453810137,0.2523238220455804
73.32000000000001,-0.07440117062740184,0.28711502808601125,-0.06842495424141101,0.2512166868161677
73.33,-0.07465568984295556,0.2902496637373782,-0.06819487150560805,0.25000029775571986
73.34,-0.07488107410408618,0.2932098013817609,-0.0679398188863527,0.24867534596832616
73.35000000000001,-0.07507703179571831,0.29599235499999993,-0.06765992974384781,0.2472433708108722
73.36,-0.07524328919165013,0.2985945730813222,-0.0673553480942098,0.24570629440042324
73.37,-0.07537959073143462,0.30101375563863825,-0.06702622842385324,0.24406608389854514
73.38,-0.0754856992821529,0.3032473894964394,-0.06667273549237525,0.24232476403628955
73.39,-0.07556139638674815,0.30529306025675723,-0.06629504413132212,0.2404843722219645
73.4,-0.0756064825057436,0.3071482872356768,-0.06589333904668072,0.23854676845396694
73.41,-0.07562077726519811,0.30881042833608474,-0.06546781463834779,0.23651353963432598
73.42,-0.07560411971971082,0.3102766523195806,-0.06501867484618751,0.23438596240272147
73.43,-0.07555636863250068,0.31154397715802495,-0.06454613302137313,0.23216516491676148
73.44,-0.07547740276634804,0.3126094282804025,-0.06405041180462774,0.2298524873488646
73.45,-0.07536712115615063,0.3134707092256886,-0.06353174298828049,0.22744955010910806
73.46000000000001,-0.07522544332623982,0.3141262214070586,-0.06299036733024072,0.22495894787743495
73.47,-0.07505230947150794,0.3145739859431401,-0.06242653428487186,0.2223842304070365
73.48,-0.07484768066396247,0.31481136038357344,-0.06184050164613293,0.21972963867753656
73.49,-0.0746115391008514,0.3148356591909176,-0.06123253512963114,0.2169996761631761
73.5,-0.07434388832226534,0.3146456781513205,-0.06060290796699031,0.214197585144042
73.51,-0.07404475332609481,0.31424119437322084,-0.05995190058043625,0.2113258590630507
73.52,-0.0737141806016085,0.3136221015175789,-0.059279800317783335,0.20838703980951206
73.53,-0.07335223813133633,0.3127885043750916,-0.058586901201023535,0.20538363049827535
73.54,-0.07295901537522413,0.311740668611837,-0.05787350367591861,0.20231813299619217
73.55,-0.07253462323718422,0.31047903688618683,-0.05713991436301341,0.19919303007970493
73.56,-0.07207919401456454,0.3090042183787587,-0.05638644581014001,0.19601078780945586
73.57000000000001,-0.07159288133056181,0.30731699442748533,-0.055613416246978416,0.19277384476228474
73.58,-0.07107586004933351,0.30541832450229217,-0.05482114934264812,0.18948459612104196
73.59,-0.07052832617369272,0.30330933670203925,-0.05400997396709123,0.18614540133858204
73.60000000000001,-0.0699504967394259,0.30099088447695055,-0.05318022394331024,0.18275900134612846
73.61,-0.0693426097506174,0.2984628240133932,-0.0523322377489029,0.17932919260105293
73.62,-0.06870492414150121,0.2957259235829192,-0.051466358181141245,0.17585902004164752
73.63,-0.06803771968473275,0.29278186634852954,-0.050582932061928175,0.17235076347410194
73.64,-0.0673412968975488,0.2896303553645044,-0.04968230993631776,0.16880861641273698
73.65,-0.06661597701945278,0.28627135363888984,-0.048764845718803934,0.16523589179062656
73.66,-0.06586210199129117,0.282705624147393,-0.04783089652877257,0.1616299565320558
73.67,-0.06508003443929809,0.27893231872224733,-0.046880822866196416,0.1579872301595148
73.68,-0.06427015771269161,0.27495091211043354,-0.045914988885497,0.15430627464793037
73.69,-0.06343287592615707,0.2707612258840455,-0.04493376251452626,0.15058785205156178
73.7,-0.06256861395843726,0.2663637355539045,-0.043937515417045485,0.1468329064089259
73.71000000000001,-0.06167781738399679,0.2617598124575456,-0.042926622881563,0.14304306992834798
73.72,-0.06076095230810176,0.2569521043452282,-0.041901463647966576,0.1392207730105528
73.73,-0.05981850510640158,0.2519437398392706,-0.04086241970973026,0.13536751963248037
73.74,-0.058850982108607765,0.24673807588188415,-0.03980987614501503,0.131484850185335
73.75,-0.05785890923220645,0.24133941728736658,-0.03874422094562101,0.12757490914195616
73.76,-0.056842831544635514,0.23575272794537716,-0.03766584481982014,0.12363969568142091
73.77,-0.055803312778528354,0.2299828371776898,-0.036575140995760404,0.11968103596410357
73.78,-0.054740934836672986,0.22403470520645452,-0.035472505034324434,0.11570082102662178
73.79,-0.053656297275158006,0.21791387889658545,-0.0343583346396552,0.11170102505355962
73.8,-0.05255001674520224,0.21162622637484757,-0.03323302946976102,0.10768344354489556
73.81,-0.05142272639705573,0.2051779614881711,-0.03209699096250439,0.10364960431726056
73.82000000000001,-0.050275075252654455,0.19857555803480403,-0.03095062217273346,0.09960121611940839
73.83,-0.04910772755388698,0.19182564938451072,-0.029794327604080455,0.09554004198452148
73.84,-0.04792136209486525,0.18493497177007268,-0.028628513035044933,0.09146782686007245
73.85000000000001,-0.04671667154133824,0.17791041750219638,-0.027453585348269086,0.08738620558437624
73.86,-0.04549436173393487,0.17075909377234078,-0.02626995236826767,0.08329672674600602
73.87,-0.044255150973548624,0.16348824997017328,-0.02507802270561831,0.07920093813382752
73.88,-0.042999769291713424,0.1561052641081197,-0.02387820560207809,0.0751004131298904
73.89,-0.041728957705400256,0.1486177296073172,-0.022670910777029683,0.07099663972760835
73.9,-0.04044346745431504,0.14103338759766137,-0.021456548280395,0.06689101514922453
73.91,-0.039144059224144795,0.13336006837077807,-0.020235528352850828,0.06278489915456234
73.92,-0.03783150235997137,0.12560569166997487,-0.019008261291481636,0.05867959243334868
73.93,-0.036506574071616206,0.11777824664915891,-0.01777515732059668,0.05457634582531543
73.94,-0.035170058632203974,0.10988578205749483,-0.016536626467861738,0.050476354378232904
73.95,-0.03382274657208211,0.10193636569126162,-0.015293078445191715,0.04638077893282645
73.96000000000001,-0.03246543386995433,0.09393809530994421,-0.014044922534024944,0.04229072743319566
73.97,-0.031098921140896987,0.08589911792114481,-0.012792567476253068,0.03820722977230838
73.98,-0.029724012821263787,0.07782759200024648,-0.011536421371864522,0.03413125597859638
73.99,-0.02834151635257973,0.06973166759378681,-0.010276891582728756,0.030063721794277725
74.0,-0.02695224136645585,0.06161947642441966,-0.00901438464197467,0.026005485661710195
74.01,-0.0255569988724428,0.05349909837036991,-0.007749306169182819,0.021957342883624414
74.02,-0.024156600450215695,0.045378576234901845,-0.006482060791452184,0.01792003516582461
74.03,-0.022751857446042377,0.037265915171284573,-0.0052130520702347504,0.01389424239023369
74.04,-0.021343580174191985,0.029169052806145616,-0.003942682434418233,0.009880573606240593
74.05,-0.019932577125090657,0.02109584891634298,-0.0026713531187750245,0.005879615240932269
74.06,-0.01851965418209777,0.013054060206358542,-0.0013994641057423875,0.0018919259298856553
74.07000000000001,-0.017105613848221537,0.005051344484553775,-0.00012741407072372528,-0.002081992257416945
74.08,-0.015691254482976803,-0.0029047364716578016,0.001144399667456886,-0.006041697458238109
74.09,-0.014277369549901242,-0.010806741045952546,0.0024155811904839814,-0.009986798345504935
74.10000000000001,-0.012864746876247586,-0.018647360269403432,0.003685736019449532,-0.01391694836619835
74.11,-0.011454167926219366,-0.026419426783139605,0.004954471149202609,-0.017831845667293372
74.12,-0.010046407088740278,-0.03411592477103705,0.006221395078358279,-0.0217312302056254
74.13,-0.008642230980695867,-0.04172999889525353,0.00748611783515913,-0.025614882084138375
74.14,-0.0072423977665564705,-0.049254963214042546,0.008748250999405469,-0.02948261909089056
74.15,-0.005847656495251958,-0.05668430963009935,0.010007407720676579,-0.03333429448527054
74.16,-0.004458746455175508,-0.06401171719609873,0.01126320273306181,-0.03716979496660124
74.17,-0.0030763965482431825,-0.07123106211194936,0.012515252366590042,-0.04098903921051562
74.18,-0.0017013246837120671,-0.07833641868961061,0.013763174555618719,-0.04479197282123451
74.19,-0.0003342371921849146,-0.08532206553378509,0.015006588844569159,-0.04857856505218661
74.2,0.0010241717395759822,-0.09218249552791882,0.016245116391314172,-0.052348807478390894
74.21000000000001,0.0023732206121947863,-0.09891242299495405,0.01747837996847171,-0.056102709853825004
74.22,0.0037122411348226116,-0.10550679098949255,0.01870600396297944,-0.059840295451949584
74.23,0.005040578723418204,-0.11196076993639564,0.019927614374144795,-0.06356160487808354
74.24,0.006357592975894794,-0.11826976436572954,0.021142838810206434,-0.06726669157227613
74.25,0.007662658123622361,-0.12442941983665007,0.022351306483725745,-0.07095561608811055
74.26,0.008955163458729628,-0.13043562583053525,0.02355264820624075,-0.07462844424698056
74.27,0.010234513736816381,-0.1362845196880498,0.024746496382490865,-0.07828524364321005
74.28,0.011500129554746906,-0.1419724893461217,0.025932485004504405,-0.08192608098883322
74.29,0.012751447703241272,-0.14749617599908157,0.02711024964584004,-0.08555101907459453
74.3,0.013987921494028631,-0.15285247612281708,0.028279427456269997,-0.08916011396562791
74.31,0.015209021061364257,-0.15803854314690147,0.029439657157191247,-0.09275341214162652
74.32000000000001,0.01641423363776611,-0.16305178863700756,0.030590579038042527,-0.09633094773484002
74.33,0.017603063803864144,-0.16788988306391187,0.03173183495400551,-0.09989273980451165
74.34,0.018775033712302557,-0.17255075612894422,0.03286306832525661,-0.1034387896878021
74.35000000000001,0.019929683285676923,-0.17703259667089813,0.03398392413803477,-0.10696907841960737
74.36,0.02106657038853131,-0.18133385215265696,0.0350940489477772,-0.1104835642344818
74.37,0.022185270973482586,-0.18545322774017442,0.03619309088457313,-0.11398218015443579
74.38,0.02328537920157755,-0.18938968498031,0.03728069966117138,-0.1174648316695369
74.39,0.024366507537030648,-0.19314244008761736,0.0383565265837733,-0.12093139451661893
74.4,0.025428286816530976,-0.19671096184908882,0.039420224565826785,-0.12438171256120342
74.41,0.026470366293336718,-0.2000949691570323,0.04047144814503391,-0.12781559578753815
74.42,0.027492413656425577,-0.20329442817977408,0.04150985350376701,-0.13123281840058498
74.43,0.028494115024991985,-0.20630954917981184,0.042535098493081396,-0.1346331170420075
74.44,0.029475174918628496,-0.20914078292544605,0.04354684266050336,-0.13801618903501076
74.45,0.03043531620358707,-0.2117888159810445,0.04454474728178582,-0.14138168991334696
74.46000000000001,0.03137428001555003,-0.2142545667778537,0.04552847539680731,-0.1447292327989995
74.47,0.03229182565931533,-0.2165391823424223,0.04649769184969225,-0.14805838829855353
74.48,0.033187730485797456,-0.2186440332100509,0.04745206333323484,-0.15136868264558692
74.49,0.034061789746837955,-0.2205707080851017,0.04839125843775883,-0.15465959637937354
74.5,0.03491381642835871,-0.22232100857356857,0.0493149477045364,-0.15793056351844603
74.51,0.035743641062412713,-0.22389694336908664,0.05022280368385474,-0.1611809707560859
74.52,0.036551111518761864,-0.22530072077348165,0.05111450099780302,-0.16441015694376482
74.53,0.03733609277665645,-0.22653474280248992,0.051989716407828145,-0.16761741282029557
74.54,0.03809846667735699,-0.22760160209006927,0.052848128887100644,-0.1708019804634937
74.55,0.03883813165790436,-0.2285040746061538,0.05368941969772795,-0.17396305289926675
74.56,0.03955500246680531,-0.22924511188925376,0.054513272472843065,-0.17709977399259674
74.57000000000001,0.040249009862373314,-0.22982783433978854,0.055319373303586133,-0.1802112384923566
74.58,0.040920100294441146,-0.23025552397211885,0.05610741083096962,-0.18329649216883512
74.59,0.04156823557016436,-0.23053161720113519,0.05687707634261464,-0.1863545320889566
74.60000000000001,0.04219339250464825,-0.23065969738066625,0.05762806387432453,-0.18938430700741862
74.61,0.042795562557153215,-0.23064348725502662,0.058360070316456715,-0.19238471787907607
74.62,0.043374751453636604,-0.23048684126296176,0.059072795525039176,-0.19535461848778676
74.63,0.04393097879640798,-0.23019373774602964,0.059765942437565264,-0.19829281618828315
74.64,0.044464277661681956,-0.22976827105579772,0.06043921719339209,-0.2011980727590275
74.65,0.04497469418582217,-0.22921464358382743,0.061092329258653794,-0.20406910536145845
74.66,0.045462287141078944,-0.22853715772284833,0.061724991555594286,-0.2069045876031479
74.67,0.04592712750162486,-0.2277402077751351,0.06233692059620808,-0.20970315070038645
74.68,0.046369298000758036,-0.22682827009406195,0.06292783662004885,-0.212463385547977
74.69,0.04678889268030832,-0.22580589042541163,0.06349746373597319,-0.21518384623740527
74.7,0.0471860164330037,-0.22467768602617363,0.06404553006770318,-0.2178630468835908
74.71000000000001,0.04756078453826779,-0.22344833524189073,0.06457176790317995,-0.22049946519579497
74.72,0.04791332219225003,-0.2221225668884011,0.06507591384756574,-0.22309154349058832
74.73,0.04824376403300892,-0.220705154077457,0.06555770897977921,-0.22563768827015532
74.74,0.04855225366274841,-0.21920086944082323,0.06601689901286908,-0.22813626062901066
74.75,0.04883894317258609,-0.21761438302610028,0.06645323445332234,-0.23058575063977735
74.76,0.04910399267543998,-0.21595027332708588,0.06686647074923573,-0.23298483044667884
74.77,0.04934756984705196,-0.21421307434942205,0.06725636842397138,-0.23533226699440815
74.78,0.049569849473265044,-0.2124072547579747,0.06762269319893839,-0.23762691049005946
74.79,0.0497710130041167,-0.21053720270762177,0.0679652161075731,-0.23986770175352204
74.8,0.04995124811496071,-0.20860725633013305,0.06828371360206692,-0.24205361725507657
74.81,0.05011074827573869,-0.20662162819820248,0.06857796765354851,-0.24418372936485408
74.82000000000001,0.05024971232979818,-0.20458446105946587,0.06884776584524255,-0.24625716025300726
74.83,0.05036834408030286,-0.20249985042938964,0.06909290146021935,-0.24827306504893282
74.84,0.05046685188383806,-0.20037178565100652,0.06931317356436016,-0.2502306690027371
74.85000000000001,0.05054544825071992,-0.19820424550969792,0.06950838708663253,-0.2521291509060237
74.86,0.050604349447417665,-0.19600123175797182,0.06967835290376814,-0.25396757521408847
74.87,0.05064377509409178,-0.19376688105180487,0.0698228879410213,-0.25574469653774745
74.88,0.05066394774721069,-0.19150558924007238,0.06994181530592772,-0.2574587680499645
74.89,0.05066509246630057,-0.1892217712477752,0.07003496446345858,-0.25910770126571164
74.9,0.05064743638054543,-0.18691965636317662,0.0701021714659866,-0.2606884984589615
74.91,0.05061120826876348,-0.18460333087392375,0.07014327926955907,-0.2621970382721641
74.92,0.050556638154663026,-0.18227673949983836,0.07015813815074719,-0.2636283193724213
74.93,0.05048395691715038,-0.17994366299966333,0.07014660621632972,-0.26497645832726197
74.94,0.050393395919571884,-0.1776076269171288,0.07010855000760469,-0.2662344789849795
74.95,0.05028518666713596,-0.17527176063417546,0.07004384521428479,-0.26739416547629835
74.96000000000001,0.05015956050344941,-0.1729387273351591,0.069952377489553,-0.2684467063918893
74.97,0.05001674834970476,-0.1706108136493273,0.0698340433326895,-0.2693828487052218
74.98,0.049856980481739345,-0.16828998677850787,0.06968875098532874,-0.2701939853172635
74.99,0.04968048633683397,-0.1659780080468717,0.0695164212082653,-0.27087462720514793
75.0,0.04948749434443063,-0.16367640149482776,0.06931698784022589,-0.2714209469661568
75.01,0.04927823178455002,-0.16138630899022907,0.06909039822045364,-0.27182887489078505
75.02,0.0490529246790596,-0.15910857400400238,0.0688366135911492,-0.27209431620023505
75.03,0.04881179768303101,-0.15684475966188985,0.06855560950250282,-0.2722132853130258
75.04,0.04855507391397652,-0.15459748562995385,0.06824737616442289,-0.2721833655006462
75.05,0.04828297470947026,-0.15236954902555602,0.06791191869154191,-0.272003019167322
75.06,0.047995719359236536,-0.15016362118360774,0.06754925727388991,-0.2716707054212784
75.07000000000001,0.04769352484280417,-0.14798228566530205,0.06715942732316266,-0.2711851149534258
75.08,0.04737660557782293,-0.14582800513756172,0.06674247960305138,-0.2705450855998579
75.09,0.04704517318026408,-0.1437031095450421,0.06629848034094016,-0.2697496749252836
75.10000000000001,0.046699436236729536,-0.14160982849960113,0.06582751132229502,-0.26879805562027376
75.11,0.04633960008795134,-0.13955027706425857,0.06532966997150813,-0.2676895136931612
75.12,0.04596586663616161,-0.13752604722576986,0.06480506943192935,-0.2664231051909022
75.13,0.04557843421933421,-0.13553747673036537,0.06425383868511354,-0.26499691026075084
75.14,0.04517749759334074,-0.13358375026097669,0.06367612274980634,-0.2634081337345182
75.15,0.044763247963098454,-0.13166511424436658,0.06307208290187473,-0.26165532652110596
75.16,0.04433587294712291,-0.1297830131872432,0.062441896798811625,-0.259738537479759
75.17,0.043895556463949624,-0.1279388277408265,0.0617857584964995,-0.25765804777333295
75.18,0.04344247860854672,-0.12613359910913552,0.06110387841369476,-0.2554145018672754
75.19,0.04297681565867104,-0.12436474272498228,0.060396483163282375,-0.25301213066330863
75.2,0.04249874024097919,-0.12263051586381014,0.05966381522235199,-0.2504544164872156
75.21000000000001,0.04200842144584509,-0.12093181108887595,0.05890613264484555,-0.24774236466328972
75.22,0.041506024800224646,-0.11926936596521526,0.05812370890476489,-0.24487719226283666
75.23,0.040991712198481134,-0.11764384194414484,0.057316832773509886,-0.24186025685614762
75.24,0.04046564184358804,-0.11605578497280411,0.05648580818069577,-0.23869309085166895
75.25,0.03992796819846925,-0.11450564543317832,0.05563095405875921,-0.23537738220262136
75.26,0.03937884194755907,-0.11299376855677129,0.054752604171408856,-0.23191498155643
75.27,0.03881840996849334,-0.11152039978634416,0.05385110692614645,-0.2283078958051134
75.28,0.038246815313905676,-0.11008568281833407,0.052926825171039464,-0.22455828807111675
75.29,0.03766419720330594,-0.1086896599446117,0.051980135975936995,-0.22066847559438643
75.3,0.03707069103244969,-0.10733203248050853,0.05101143039116757,-0.21664115877715412
75.31,0.03646642842466167,-0.10601175097781261,0.050021113160364304,-0.21247981271606137
75.32000000000001,0.0358515373222484,-0.10472788449432742,0.049009602388266564,-0.20818788677676753
75.33,0.03522614202581783,-0.10348148082103213,0.0479773291846894,-0.2037691480725298
75.34,0.03459036301486006,-0.10227744182461643,0.04692473720523489,-0.19923021703229574
75.35000000000001,0.033944316622848414,-0.10111797157921869,0.04585228209507645,-0.194576083382013
75.36,0.03328811480272151,-0.10000420421983255,0.04476043093874222,-0.18981232387230226
75.37,0.03262186499548178,-0.0989373659932092,0.043649661754749734,-0.18494316610757042
75.38,0.03194567006150928,-0.09791718701633655,0.04252046306377813,-0.17997223767628753
75.39,0.031259628280000396,-0.0969435208603532,0.041373333457725064,-0.17490496208633102
75.4,0.03056383340500903,-0.09601514247356156,0.04020878113806549,-0.1697452680891983
75.41,0.029858374774973433,-0.09513073522894416,0.039027323503646266,-0.1644967242824973
75.42,0.029143337448002977,-0.09428897879989075,0.03782948677951244,-0.15916310321321298
75.43,0.028418802347926306,-0.09348826541212618,0.036615805615543326,-0.15374906135237998
75.44,0.027684846431647078,-0.09272675463053984,0.035386822646748486,-0.14825895428984742
75.45,0.026941542893269384,-0.0920019651039899,0.03414308807003496,-0.14269651872308292
75.46000000000001,0.026188961411727548,-0.09131117266147698,0.03288515925365144,-0.13706561539371048
75.47,0.025427168422075735,-0.09065167713599921,0.03161360035130365,-0.131370153010349
75.48,0.024656227392537124,-0.09002070253797971,0.030328981912073037,-0.12561402047528425
75.49,0.023876199111598263,-0.08941524739139406,0.02903188049077987,-0.11980109393194194
75.5,0.023087141994475653,-0.08883208484490981,0.027722878240564113,-0.11393586084526135
75.51,0.022289112402850374,-0.0882680551577416,0.026402562485405234,-0.108022490716548
75.52,0.021482164971235833,-0.08771981315464868,0.025071525305230994,-0.10206486313498402
75.53,0.02066635295168859,-0.08718366551036104,0.023730363140244994,-0.09606690202363949
75.54,0.019841728582841528,-0.08665579752137129,0.02237967640089836,-0.09003246423221424
75.55,0.019008343474322217,-0.08613230382929699,0.021020069079853515,-0.08396542282145514
75.56,0.018166249000565373,-0.08560918874929864,0.019652148365466533,-0.07786962007736273
75.57000000000001,0.017315496702561068,-0.0850823931898163,0.01827652425670074,-0.07174889197343787
75.58,0.01645613869393842,-0.08454786813537365,0.016893809178547426,-0.06560708894050384
75.59,0.015588228070737278,-0.0840014608343273,0.015504617598448272,-0.059448010258921144
75.60000000000001,0.0147118193268265,-0.08343898625182003,0.014109565647936202,-0.05327535996226991
75.61,0.013826968773932875,-0.08285621880258857,0.012709270750662157,-0.04709282290912075
75.62,0.012933734966483057,-0.08224885335983456,0.011304351250352044,-0.04090417985901558
75.63,0.012032179130842173,-0.08161258603669998,0.00989542602959477,-0.03471336883728773
75.64,0.011122365596387433,-0.08094309297783465,0.008483114127471974,-0.028524054043770702
75.65,0.010204362225235152,-0.08023611571287255,0.007068034371432215,-0.022339776755406732
75.66,0.00927824083749888,-0.07948743968360582,0.005650805021374107,-0.01616405455940509
75.67,0.008344077634457955,-0.0786927968046967,0.004232043420298255,-0.010000309659828129
75.68,0.007401953622693083,-0.07784793596074038,0.0028123656512584094,-0.0038519302124598795
75.69,0.006451955036073193,-0.07694867341499284,0.0013923862002192902,0.0022777693469611315
75.7,0.005494173752135171,-0.07599087911746966,-2.7282375303333303e-05,0.008385520340559938
75.71000000000001,0.0045287077022262414,-0.07497048721213458,-0.0014460297724311296,0.014468099664463116
75.72,0.003555661274609255,-0.07388351386069703,-0.002863248264163615,0.020522341191832542
75.73,0.002575145709112271,-0.07272606829619342,-0.004278333015052053,0.0265451375099773
75.74,0.001587279482117885,-0.07149436268266701,-0.005690682390964331,0.032533440923360905
75.75,0.0005921886808023769,-0.07018472492368964,-0.00709969826287012,0.03848426289794068
75.76,-0.00040999263523058686,-0.06879363212090746,-0.00850478630510705,0.04439465974011539
75.77,-0.0014191220858245962,-0.06731767821848154,-0.009905356288067619,0.05026175824944425
75.78,-0.002435048634788288,-0.06575357672320614,-0.011300822364116355,0.05608276204025486
75.79,-0.0034576122678061177,-0.06409820135796132,-0.012690603346135197,0.061854943523700655
75.8,-0.0044866436861826925,-0.062348598718537554,-0.01407412297874668,0.0675756512246981
75.81,-0.005521964016974105,-0.060501960258466055,-0.015450810202716757,0.07324228703321604
75.82000000000001,-0.006563384538864569,-0.058555638389172875,-0.01682009941335889,0.0788523120118668
75.83,-0.007610706424720311,-0.056507169173201394,-0.01818143071281212,0.08440325617086719
75.84,-0.008663720502307164,-0.05435427415071696,-0.01953425015566769,0.08989271594261429
75.85000000000001,-0.00972220703401298,-0.0520948705077215,-0.020878009988458943,0.09531833509631484
75.86,-0.010785935516311821,-0.04972707783768813,-0.022212168885100147,0.10067776924837962
75.87,-0.011854664499444717,-0.04724921647588138,-0.023536192176455393,0.10596881353228402
75.88,-0.012928141427554824,-0.04465981395894867,-0.024849552069430556,0.11118937093717685
75.89,-0.014006102499964543,-0.041957618526569034,-0.026151727856195628,0.11633740191236502
75.9,-0.015088272554714111,-0.039141609752402655,-0.027442206116284378,0.12141093624386964
75.91,-0.016174364974290513,-0.036210971005713015,-0.02872048091202581,0.12640807202274001
75.92,-0.017264081612635002,-0.03316509759777439,-0.029986053976844854,0.13132698426934186
75.93,-0.018357112743795097,-0.03000361387811764,-0.0312384348962494,0.1361659168911191
75.94,-0.019453137033153562,-0.026726371258013238,-0.03247714128168087,0.14092318469722012
75.95,-0.020551821531567944,-0.023333451401955023,-0.03370169893732178,0.14559717257831292
75.96000000000001,-0.021652821692515138,-0.019825165993541147,-0.03491164201984989,0.15018633605529677
75.97,-0.022755781412304648,-0.016202057396330027,-0.03610651319113279,0.15468920114248697
75.98,-0.02386033309335407,-0.012464898067308947,-0.037285863763856654,0.15910436452769752
75.99,-0.024966097730478965,-0.008614689795501779,-0.038449253840081916,0.16343049358613732
76.0,-0.02607268502008847,-0.004652662247385007,-0.039596252442726146,0.16766632645518242
76.01,-0.027179693492128596,-0.0005802710869162175,-0.04072643763996492,0.1718106720629961
76.02,-0.028286710664565718,0.0036008045357299153,-0.041839396662562915,0.1758624099071761
76.03,-0.029393313220115003,0.007888665858064196,-0.04293472601419383,0.17982048860444994
76.04,-0.030499067204849583,0.012281198321058404,-0.044012031574757346,0.18368392860370528
76.05,-0.03160352824832629,0.0167760742771247,-0.04507092869655171,0.1874518229582712
76.06,-0.03270624180486846,0.021370757267350746,-0.046111042293280266,0.19112333432665282
76.07000000000001,-0.033806743415491176,0.026062509903544973,-0.04713200692210616,0.19469769249631314
76.08,-0.03490455898995651,0.030848395060672114,-0.048133466858799275,0.1981741989163231
76.09,-0.03599920510860331,0.035725279765231994,-0.049115076165803066,0.20155222718295476
76.10000000000001,-0.03709018934350553,0.040689842346869655,-0.05007649875318715,0.20483122102020881
76.11,-0.03817701059833347,0.045738578405922846,-0.05101740843257267,0.20801069419146817
76.12,-0.03925915946627756,0.05086780732420943,-0.05193748896408136,0.21109023011305017
76.13,-0.040336118605378925,0.056073678936940985,-0.05283643409633819,0.2140694815807177
76.14,-0.04140736313058351,0.06135218056091947,-0.05371394759956307,0.21694817035137975
76.15,-0.042472361021806036,0.06669914434068389,-0.05456974329179383,0.21972608668600652
76.16,-0.04353057354725464,0.07211025510428676,-0.05540354505829289,0.22240308860520044
76.17,-0.04458145570105868,0.07758106375784046,-0.05621508686433091,0.22497909716672926
76.18,-0.045624456654328405,0.08310698913525265,-0.05700411276147036,0.2274541002703114
76.19,-0.046659020219189884,0.08868332072706674,-0.05777037688717591,0.22982815550591576
76.2,-0.047684585325231996,0.09430523126104759,-0.05851364345767178,0.2321013861783352
76.21000000000001,-0.04870058650740684,0.09996778561646585,-0.05923368675422456,0.23427397997168695
76.22,-0.04970645440444636,0.10566594884576148,-0.059930291103015405,0.23634618820500342
76.23,-0.05070161626694537,0.11139459505877634,-0.0606032508485072,0.23831833082587056
76.24,-0.05168549647419958,0.11714851748054403,-0.061252370319159165,0.24019082613970485
76.25,-0.05265751705896153,0.12292243372051138,-0.06187746378570191,0.24196413296925462
76.26,-0.053617098239166314,0.12871100154536336,-0.062478355414226035,0.24363875145683
76.27,-0.05456365895552077,0.1345088261197095,-0.06305487921450302,0.2452152458768158
76.28,-0.05549661741448636,0.14031045353937713,-0.06360687898288346,0.24669422848262848
76.29,-0.05641539163636054,0.14611038571152282,-0.06413420823993284,0.2480763650521536
76.3,-0.057319400007470184,0.15190309247902054,-0.06463673016287669,0.24936237361543073
76.31,-0.05820806183537006,0.15768301884114216,-0.06511431751285977,0.2505530233555426
76.32000000000001,-0.05908079790580127,0.16344460609178815,-0.06556685255695559,0.25164913937380323
76.33,-0.05993703104130273,0.16918225699920555,-0.06599422698368605,0.2526516363824739
76.34,-0.0607761866665444,0.17489021385260617,-0.06639634180456534,0.2535617036947402
76.35000000000001,-0.06159769338754919,0.18056254328546514,-0.06677310723073017,0.2543808412672855
76.36,-0.06240098358572539,0.1861932085968487,-0.06712444252230697,0.25511076029687213
76.37,-0.06318549402209106,0.19177611324915864,-0.06745027581629974,0.2557533327397331
76.38,-0.06395066644835051,0.1973050936381431,-0.06775054393690048,0.2563106088326343
76.39,-0.06469594822246096,0.20277397964860566,-0.06802519219070573,0.25678474068916896
76.4,-0.06542079292539783,0.20817660924334416,-0.06827417415074542,0.2571779664964657
76.41,-0.06612466097849179,0.2135067869322345,-0.06849745142997148,0.25749266372045615
76.42,-0.06680702026045876,0.21875836896531523,-0.06869499344548259,0.25773123315274826
76.43,-0.06746734671964535,0.22392529889622875,-0.06886677717948078,0.25789605630229023
76.44,-0.06810512497704478,0.2290016403754349,-0.06901278694276788,0.25798944925646516
76.45,-0.06871984891399067,0.23398169960456622,-0.06913301414989582,0.2580134683975291
76.46000000000001,-0.06931102223261049,0.23886019457617017,-0.06922745714326378,0.257969042500422
76.47,-0.069878158983898,0.24363207273434945,-0.06929612113163222,0.2578553645043446
76.48,-0.07042078407553808,0.24829230116929013,-0.06933901827177562,0.25767048958025285
76.49,-0.07093843377318615,0.25283587532116997,-0.06935616786565162,0.2574116623527814
76.5,-0.07143065620300403,0.2572576867080204,-0.06934759664977033,0.2570751659881937
76.51,-0.07189701186559296,0.26155240073771946,-0.06931333918105244,0.25665621516320636
76.52,-0.07233707416905877,0.2657144872423812,-0.06925343831951312,0.25614921285572445
76.53,-0.07275042998061108,0.26973826895326714,-0.06916794578995172,0.2555479854571998
76.54,-0.0731366801922678,0.273617966962249,-0.06905692279364935,0.25484618161593603
76.55,-0.07349544029474533,0.2773477888869572,-0.068920440617965,0.2540381725761551
76.56,-0.0738263409480856,0.2809221300153663,-0.06875858112742465,0.25312112847403656
76.57000000000001,-0.0741290285364741,0.28433560164588556,-0.06857143702541224,0.25209471161334
76.58,-0.0744031657045731,0.2875829440576791,-0.06835911192867389,0.25095887051217974
76.59,-0.07464843187181919,0.29065926306238804,-0.06812172037447495,0.24971368337563987
76.60000000000001,-0.07486452369334612,0.29356072291306506,-0.06785938778820984,0.2483601197024333
76.61,-0.07505115543268674,0.2962844162613573,-0.06757225038188801,0.2468998793216502
76.62,-0.07520805926259155,0.29882760038205675,-0.0672604549917355,0.24533489585982152
76.63,-0.07533498553626986,0.30118762865136506,-0.06692415888848906,0.24366714848962642
76.64,-0.07543170304490138,0.3033620340319174,-0.06656352957912968,0.24189867268238363
76.65,-0.07549799926280713,0.305348396406356,-0.06617874460621445,0.24003146260156744
76.66,-0.07553368058961951,0.3071442000740556,-0.06576999135453715,0.2380673056261772
76.67,-0.07553857260195784,0.3087467423263656,-0.0653374668781473,0.23600768819890186
76.68,-0.07551252032164392,0.3101531422974685,-0.06488137775551718,0.2338537988675825
76.69,-0.07545538850010804,0.3113603957233936,-0.06440193996522685,0.2316068299190904
76.7,-0.07536706190844893,0.3123656239794206,-0.063899378762781,0.22926812131980598
76.71000000000001,-0.07524744559651614,0.3131668280661646,-0.06337392853369415,0.22683954343318144
76.72,-0.07509646509460252,0.3137623782748273,-0.06282583258551319,0.22432400251745657
76.73,-0.0749140665967391,0.31415008517571935,-0.06225534285215313,0.2217252496852089
76.74,-0.0747002171822914,0.314327176052105,-0.06166271951500981,0.2190477181153459
76.75,-0.07445490506503925,0.31429127802549517,-0.061048230579642385,0.21629564883608748
76.76,-0.0741781397852671,0.314041596823363,-0.06041215148971858,0.21347194673988704
76.77,-0.07386995229612445,0.31357798017156324,-0.05975476482420181,0.21057908070094786
76.78,-0.07353039498453774,0.3129003571135225,-0.05907636003986735,0.2076196038641834
76.79,-0.07315954166834172,0.3120088848446062,-0.05837723322009007,0.2045960105872867
76.8,-0.07275748757591058,0.3109038696128637,-0.05765768682457362,0.20151080506059524
76.81,-0.07232434930831394,0.3095857984014622,-0.0569180294405264,0.1983664666314947
76.82000000000001,-0.07186026478450527,0.30805532263507374,-0.05615857553538082,0.19516545839353586
76.83,-0.07136539316947718,0.30631326622360405,-0.05537964521172441,0.1919102137819465
76.84,-0.07083991478509927,0.30436063241497285,-0.05458156396546916,0.18860311933626883
76.85000000000001,-0.07028403100410525,0.30219857275787576,-0.053764662447411106,0.1852465458965962
76.86,-0.06969796415366679,0.2998275758463989,-0.052929276203489306,0.18184360974139735
76.87,-0.0690819574662003,0.29724756563784144,-0.05207574535860722,0.17839807344328756
76.88,-0.06843627503290417,0.2944597055746696,-0.05120441428661768,0.17491263686949227
76.89,-0.06776120169633203,0.29146551229963086,-0.05031563132754889,0.1713897560768468
76.9,-0.06705704296732877,0.288264353199853,-0.04940974847371755,0.16783396519084579
76.91,-0.06632412501131507,0.2848565554132624,-0.04848712102993905,0.16424746803359072
76.92,-0.065562794624031,0.28124262172712244,-0.0475481075230656,0.160626787370227
76.93,-0.06477341922084268,0.2774217162515895,-0.04659306992243179,0.15696895332837152
76.94,-0.06395638687813861,0.27339333631281026,-0.045622373891510894,0.153272811275417
76.95,-0.06311210637053051,0.2691574296997067,-0.04463638886832689,0.14953952929811798
76.96000000000001,-0.06224100715561922,0.26471470297849514,-0.043635488003191156,0.14577002236585562
76.97,-0.061343539284625014,0.26006675898790066,-0.042620048033083606,0.14196617775150927
76.98,-0.06042017321443184,0.2552164746502021,-0.04159044909712576,0.13813039769904165
76.99,-0.05947139953173414,0.25016696549761963,-0.04054707454294392,0.13426393335616477
77.0,-0.05849772862793492,0.24492174863567048,-0.0394903107621567,0.1303686056145252
77.01,-0.057499690318847496,0.23948533632014973,-0.03842054701127696,0.12644653224836663
77.02,-0.056477833392691724,0.2338627196686077,-0.03733817521210918,0.12249965417769129
77.03,-0.05543272512292813,0.22805863171518106,-0.03624358975775011,0.11852982386543251
77.04,-0.054364950772652486,0.2220781890108198,-0.035137187325349234,0.11453893085028755
77.05,-0.0532751130701017,0.21592699912655047,-0.0340193666853847,0.11052897515134441
77.06,-0.052163831643136066,0.20961097322904612,-0.032890528514645946,0.10650163418969963
77.07000000000001,-0.05103174241778822,0.20313639289667199,-0.03175107522622965,0.10245847798004787
77.08,-0.04987949698645141,0.19650974289160497,-0.0306014108056505,0.09840125621996886
77.09,-0.04870776195409045,0.1897376643992739,-0.029441940640175,0.09433171906216886
77.10000000000001,-0.047517218269675074,0.1828269032080118,-0.02827307134490328,0.09025160562760437
77.11,-0.04630856054431843,0.1757843747283218,-0.027095210593400577,0.08616252416441628
77.12,-0.04508249635307611,0.16861719195558034,-0.02590876695704118,0.08206601715377544
77.13,-0.04383974551935855,0.16133261388079997,-0.02471414974958892,0.077963646443102
77.14,-0.04258103938415247,0.15393803901860853,-0.023511768871993792,0.07385697667683504
77.15,-0.04130712005927763,0.14644107389177458,-0.022302034659661442,0.0697474736790927
77.16,-0.040018739663783796,0.13884945694888712,-0.021085357736847842,0.06563652743014495
77.17,-0.0387166595473462,0.13117101174138623,-0.019862148877972066,0.061525487684484514
77.18,-0.037401649504438146,0.12341364814916224,-0.0186328188741738,0.05741564617215701
77.19,-0.03607448698077315,0.11558534198719339,-0.01739777840506072,0.053308243973469095
77.2,-0.03473595627334432,0.10769412399848148,-0.016157437915751395,0.04920446767195521
77.21000000000001,-0.03338684772641429,0.09974803437623818,-0.014912207498483578,0.04510547439403426
77.22,-0.03202795692489319,0.09175515593044763,-0.013662496778708774,0.04101235645257158
77.23,-0.030660083884379203,0.0837236137397216,-0.012408714807258695,0.03692613078362888
77.24,-0.029284032238457852,0.07566153546546292,-0.011151269959185302,0.03284775910533551
77.25,-0.027900608425562596,0.06757704040146283,-0.00989056983852761,0.02877814660892278
77.26,-0.026510620877244723,0.05947822249404794,-0.008627021188686336,0.02471814136327347
77.27,-0.025114879209812598,0.051373121047686716,-0.007361029808672652,0.020668527518970945
77.28,-0.023714193420374292,0.043269744863052934,-0.006093000475171555,0.01663003877467854
77.29,-0.022309373087113442,0.03517605802478668,-0.004823336870716953,0.012603331167934906
77.3,-0.02090122657484168,0.027099953200691276,-0.003552441518001966,0.0085890168152113
77.31,-0.019490560247719536,0.019049242248090178,-0.0022807157185857287,0.004587683822714167
77.32000000000001,-0.018078177690970483,0.01103162906394718,-0.0010085594947862424,0.0005998822283933133
77.33,-0.016664878942628733,0.003054725281294768,0.00026362846432035557,-0.0033738961763138367
77.34,-0.015251459735350192,-0.004873958529220124,0.0015354508514601752,-0.00733321977938375
77.35000000000001,-0.013838710749139059,-0.01274703651522141,0.0028065117842044273,-0.011277703181664399
77.36,-0.012427416876592719,-0.02055725607739287,0.004076416843156651,-0.0152070070995576
77.37,-0.011018356501873484,-0.028297508427516112,0.005344773105652819,-0.01912083559398973
77.38,-0.009612300794372863,-0.03596083754786492,0.006611189175159913,-0.023018934496689156
77.39,-0.008210013017996653,-0.04354044944182151,0.007875275206579834,-0.026901089058606626
77.4,-0.006812247856966934,-0.05102972072976931,0.009136642927670031,-0.030767121805765543
77.41,-0.00541975075900875,-0.05842220727729751,0.010394905656807178,-0.034616890216849064
77.42,-0.004033257296837856,-0.06571165476877477,0.011649678317285375,-0.03845028536729182
77.43,-0.0026534925488237372,-0.07289200476432299,0.012900577448358352,-0.042267228957194654
77.44,-0.0012811704993730712,-0.0799573961550109,0.014147221213345006,-0.04606766828776824
77.45,8.30065404919371e-05,-0.08690217450321118,0.01538922940517432,-0.0498515743763003
77.46000000000001,0.0014383484916207828,-0.09372090054767562,0.01662622344961668,-0.0536189401434857
77.47,0.0027841780434426735,-0.10040835806876579,0.01785782640650281,-0.057369774731137524
77.48,0.004119831168225302,-0.10695955790665278,0.019083662969278898,-0.061104102295362686
77.49,0.0054446576125246554,-0.113369738416553,0.020303359463016497,-0.06482196392973413
77.5,0.006758021365491763,-0.11963437323535431,0.021516543840968624,-0.06852341190200707
77.51,0.008059301103485893,-0.12574917676057393,0.02272284568006074,-0.07220850529318401
77.52,0.009347890610480193,-0.13171010731268515,0.02392189617570783,-0.07587730776943796
77.53,0.010623199173894031,-0.13751337076471518,0.025113328136259626,-0.07952988429473494
77.54,0.01188465195553548,-0.14315542326396966,0.026296775977360857,-0.08316629839415941
77.55,0.013131690337381484,-0.14863297373481052,0.027471875716517016,-0.08678660917863487
77.56,0.014363772241969056,-0.15394298581945473,0.02863826496815297,-0.09039086853609021
77.57000000000001,0.015580372427211773,-0.1590826794330049,0.02979558293944607,-0.09397911830256733
77.58,0.01678098275550804,-0.16404953184982918,0.03094347042721412,-0.0975513875166429
77.59,0.017965112437042224,-0.16884127837032328,0.03208156981612872,-0.101107689719027
77.60000000000001,0.01913228824723204,-0.17345591255194404,0.03320952507852365,-0.10464802032680365
77.61,0.020282054718310252,-0.17789168602266228,0.034326981776055636,-0.10817235407891147
77.62,0.02141397430507746,-0.18214710787869104,0.03543358706347384,-0.11168064256440347
77.63,0.02252762752490025,-0.1862209436774989,0.03652898969473724,-0.1151728118375595
77.64,0.02362261307207038,-0.19011221403353717,0.037612840031721335,-0.11864876012671688
77.65,0.024698547906680985,-0.19382019282636076,0.03868479005573513,-0.12210835564169203
77.66,0.025755067318212442,-0.19734440503045844,0.03974449338206867,-0.12555143448528389
77.67,0.02679182496406036,-0.2006846241767758,0.04079160527777335,-0.1289777986729706
77.68,0.02780849288327405,-0.2038408694557329,0.04182578268287394,-0.13238721426496397
77.69,0.028804761485808416,-0.20681340246608704,0.042846684235191515,-0.1357794096032749
77.7,0.02978033951763749,-0.20960272333463867,0.043853970298967,-0.13915407330221052
77.71000000000001,0.03073495400214279,-0.21220956593558482,0.044847302997478446,-0.14251085201077485
77.72,0.03166835015819085,-0.214634894887075,0.04582634624979174,-0.1458493507939281
77.73,0.03258029129527989,-0.2168799014565647,0.04679076581170716,-0.14916913191250472
77.74,0.033470558686192864,-0.2189459982424947,0.04774022932101707,-0.15246971299656764
77.75,0.034338951417663514,-0.22083481409680913,0.04867440634721098,-0.15575056609312357
77.76,0.035185286219592236,-0.22254818868412468,0.04959296844573942,-0.15901111675316723
77.77,0.036009397273374426,-0.22408816628268882,0.05049558921691666,-0.16225074332261685
77.78,0.0368111360000088,-0.2254569880021954,0.051381944369532494,-0.16546877652740635
77.79,0.037590370828603455,-0.22665708830622744,0.052251711789215116,-0.16866449908907175
77.8,0.03834698694576716,-0.22769109012982397,0.053104571611591295,-0.1718371451926489
77.81,0.03908088602645009,-0.22856179687061617,0.05394020630027325,-0.17498590014666368
77.82000000000001,0.039791985946949035,-0.22927218545154085,0.05475830072970802,-0.17810990035657284
77.83,0.040480220480797295,-0.22982539937384389,0.05555854227289369,-0.1812082333547223
77.84,0.041145538978246424,-0.23022474158413594,0.05634062089395403,-0.18427993797735556
77.85000000000001,0.04178790603005818,-0.23047366719185533,0.05710422924555561,-0.18732400465548077
77.86,0.04240730111634844,-0.2305757760357511,0.05784906277113303,-0.19033937582964086
77.87,0.04300371824122477,-0.23053480511921298,0.05857481981187881,-0.19332494648239382
77.88,0.04357716555398683,-0.23035462092588962,0.05928120171844406,-0.19627956478606526
77.89,0.04412766495766092,-0.23003921163036936,0.059967912967281385,-0.1992020328633551
77.9,0.044655251705653175,-0.22959267921758245,0.060634661281551844,-0.2020911076567638
77.91,0.045159973987314,-0.22901923152469017,0.06128115775650919,-0.20494550190417762
77.92,0.04564189250321278,-0.22832317421898465,0.06190711698925947,-0.2077638852165795
77.93,0.04610108003093042,-0.22750890272480911,0.0625122572127887,-0.21054488525488188
77.94,0.04653762098232435,-0.2265808893462534,0.06309630043406769,-0.21328709124995435
77.95,0.04695161095323386,-0.22554367779482315,0.06365897257603656,-0.21598905420432013
77.96000000000001,0.047343156266212674,-0.2244018811713593,0.06420000362340371,-0.21864928631381228
77.97,0.04771237350686052,-0.22316017032230068,0.06471912777219845,-0.2212662636024801
77.98,0.04805938905462287,-0.22182326560645063,0.06521608358294861,-0.22383842625888326
77.99,0.04838433860902548,-0.2203959262405611,0.06569061413777191,-0.2263641670446984
78.0,0.048687366714280256,-0.2188828775040283,0.06614246720072732,-0.22884187073671092
78.01,0.04896862628846819,-0.21728873274621918,0.06657139537390674,-0.23127010228723363
78.02,0.04922827816123348,-0.2156180373476617,0.0669771562398184,-0.2336475857639248
78.03,0.04946649061897009,-0.2138752815164244,0.06735951248970069,-0.235973129969064
78.04,0.04968343895609306,-0.212064897595225,0.06771823204243532,-0.238245610201463
78.05,0.04987930503322117,-0.21019122902372797,0.06805308815531161,-0.24046400433280427
78.06,0.050054276842978224,-0.20825855872323945,0.06836385952716892,-0.2426273294077781
78.07000000000001,0.05020854808379228,-0.20627107093768882,0.06865033039598517,-0.24473465281641815
78.08,0.0503423177427026,-0.20423286125793289,0.06891229062987715,-0.24678514829578552
78.09,0.05045578968634166,-0.20214797214618688,0.06914953581128368,-0.2487780071253733
78.10000000000001,0.05054917225854881,-0.20002037948630733,0.0693618673176147,-0.25071243892293793
78.11,0.050622677882902374,-0.1978540468872336,0.0695490924019056,-0.25258761190056467
78.12,0.050676522665992964,-0.19565298288956187,0.06971102428006605,-0.25440253370251154
78.13,0.05071092599261428,-0.19342140030203228,0.06984748223959474,-0.2561557985456674
78.14,0.05072611010375741,-0.19116371976927202,0.06995829178518415,-0.25784556857232355
78.15,0.05072229966253133,-0.18888429577114507,0.0700432848277704,-0.25946955316762166
78.16,0.05069972132518483,-0.18658729620880923,0.07010229993751976,-0.2610243903121447
