t_s,center_heave_m,center_heave_acc_mps2,buoy_heave_m,buoy_heave_acc_mps2
56.56,0.06111310273289956,-0.2625746755730503,0.06828220824877852,-0.27045568386361013
56.57,0.06116402669157734,-0.2623364712984377,0.06811064222969179,-0.27014809488102504
56.58,0.06118874299258046,-0.2619786014029689,0.06791206601595422,-0.2697290207015235
56.59,0.06118728935416304,-0.2615015628727889,0.06768652268837452,-0.2691968656353453
56.6,0.061159715370272,-0.2609059326325939,0.06743406663489866,-0.2685507661468183
56.61,0.06110608245166815,-0.26019234839239547,0.06715476364759525,-0.2677899882292159
56.620000000000005,0.06102646375940871,-0.2593615486948691,0.06684869099660894,-0.26691386806818895
56.63,0.06092094412954175,-0.2584143583434422,0.0665159374953214,-0.2659218312940539
56.64,0.0607896199868079,-0.25735175760267165,0.06615660355527168,-0.2648134471201952
56.65,0.060632599240945675,-0.2561749884571068,0.06577080122408437,-0.26358854798392856
56.660000000000004,0.06045000115800586,-0.25488558643632175,0.06535865419848123,-0.26224726025563183
56.67,0.060241956210578415,-0.2534851352458493,0.06492029781588,-0.2607897651232337
56.68,0.06000860592079318,-0.25197518997443913,0.06445587903808435,-0.2592162239426818
56.69,0.059750102703684464,-0.2503573109365492,0.06396555643432551,-0.25752681543744793
56.7,0.059466609711101966,-0.2486330527415263,0.06344950016355534,-0.255721727296195
56.71,0.05915830067544848,-0.2468039834801823,0.06290789195498357,-0.2538011782951572
56.72,0.058825359752979194,-0.24487166946173616,0.06234092508627126,-0.25176540741284226
56.730000000000004,0.05846798136691012,-0.2428376792922461,0.061748804359144815,-0.24961468477965534
56.74,0.05808637005188243,-0.2407035368555488,0.061131746069217265,-0.24734940515829082
56.75,0.05768074030378786,-0.23847066458977184,0.06048997796261583,-0.24497017114728187
56.76,0.057251316436713565,-0.2361404472733776,0.059823739173219016,-0.24247780113713197
56.77,0.056798332440962544,-0.23371436212392493,0.059133280135693946,-0.23987341886852132
56.78,0.0563220318325065,-0.23119404225100543,0.05841886246804327,-0.237158508961228
56.79,0.055822667492595006,-0.22858113308952782,0.05768075882415134,-0.23433475496722428
56.800000000000004,0.05530050150470175,-0.2258772486955494,0.05691925272601904,-0.23140394903450526
56.81,0.05475580499218453,-0.22308402430634505,0.0561346383841155,-0.22836796702235182
56.82,0.05418885795207711,-0.2202032084432662,0.0553272205122214,-0.22522865951702978
56.83,0.05359994907235986,-0.2172368920974912,0.05449731414949051,-0.22198762989014806
56.84,0.05298937552224321,-0.21418742220437165,0.05364524450051704,-0.21864630949942426
56.85,0.05235744272192854,-0.21105718390487593,0.05277134678748854,-0.21520617122235927
56.86,0.051704464104959366,-0.20784857943372725,0.05187596610183399,-0.21166874761418009
56.870000000000005,0.0510307608783976,-0.20456403140600776,0.050959457250501335,-0.20803562297924236
56.88,0.050336661782049194,-0.20120595151083176,0.05002218459609509,-0.2043084593326902
56.89,0.04962250285120959,-0.19777664340708953,0.04906452188696377,-0.2004890866423474
56.9,0.04888862718928306,-0.19427827230007658,0.04808685207146095,-0.19657952889950517
56.910000000000004,0.04813538475305019,-0.1907128856862854,0.04708956709401941,-0.19258198124307616
56.92,0.047363132149622664,-0.1870824307883346,0.04607306767426665,-0.18849878997720426
56.93,0.04657223243971622,-0.18338888717294327,0.045037763074839615,-0.1843323159787968
56.94,0.04576305493156595,-0.17963455136151493,0.04398407087380338,-0.18008465071547053
56.95,0.0449359749527889,-0.17582190800556768,0.04291241675417367,-0.17575775290598242
56.96,0.044091373606916236,-0.17195343604936478,0.041823234303843146,-0.17135362883499128
56.97,0.04322963752647838,-0.16803161608853448,0.040716964814801845,-0.1668743162171873
56.980000000000004,0.04235115862637155,-0.16405892183475299,0.03959405707865175,-0.16232189185303766
56.99,0.04145633385775244,-0.16003782088345647,0.038454967178534,-0.15769846597354317
57.0,0.040545564962685354,-0.15597077162612483,0.03730015827761228,-0.15300618168457158
57.01,0.03961925822972926,-0.1518602216355166,0.03613010040432873,-0.1482472124449177
57.02,0.03867782425067227,-0.14770860538372785,0.03494527023454681,-0.14342376286080283
57.03,0.037721677678614,-0.14351834235650968,0.03374615087065273,-0.13853806656450718
57.04,0.036751236987596435,-0.13929183503545367,0.03253323161777096,-0.13359238418397842
57.050000000000004,0.03576692423397341,-0.1350314670299814,0.03130700775727145,-0.12858900213311023
57.06,0.03476916481970837,-0.13073960121355696,0.03006798031771973,-0.12353023103236618
57.07,0.033758387257780444,-0.12641857793803327,0.028816655843410918,-0.11841840430975126
57.08,0.03273502293985108,-0.12207071417381063,0.027553546160673445,-0.11325587562314328
57.09,0.031699505906211074,-0.11769830522918154,0.0262791681422639,-0.10804501329826739
57.1,0.03065227261821374,-0.11330361589753225,0.024994043469954538,-0.10278820768026828
57.11,0.02959376173362881,-0.10888887932559192,0.02369869839512354,-0.09748786908429143
57.120000000000005,0.028524413885081323,-0.10445629913131045,0.02239366349748541,-0.09214642198348333
57.13,0.027444671461201227,-0.10000805874402445,0.021079473442692773,-0.08676629188343796
57.14,0.02635497839049135,-0.09554630488515746,0.019756666739105096,-0.0813499204159719
57.15,0.025255779928118612,-0.09107316130286172,0.018425785493743543,-0.07589974906978743
57.160000000000004,0.02414752244501195,-0.08659073727143884,0.01708737516827712,-0.07041820819230976
57.17,0.023030653217537802,-0.08210116123474687,0.01574198433686988,-0.06490768565976152
57.18,0.02190562021223764,-0.07760670036926516,0.014390164450824222,-0.05937042426500757
57.19,0.020772871863331575,-0.07310962253485179,0.013032469611914664,-0.0538086445968265
57.2,0.019632856855523125,-0.06861193468594866,0.01166945633748915,-0.048224962513485056
57.21,0.0184860239066068,-0.06411606744234523,0.010301683266371544,-0.04262329381600081
57.22,0.017332821530857065,-0.05962456451532654,0.008929710793516303,-0.03700752970690843
57.230000000000004,0.016173697794862718,-0.055139764586937784,0.007554100705545236,-0.03138073965844913
57.24,0.015009100085954415,-0.05066385532923769,0.006175415867269252,-0.025745671051979835
57.25,0.013839474898674629,-0.046198813137983484,0.004794219947244445,-0.020104847405855913
57.26,0.01266526764007863,-0.0417464387817039,0.003411077160370568,-0.014460804260390182
57.27,0.011486922453682722,-0.03730834446670802,0.0020265520155432425,-0.008816037332912809
57.28,0.010304882058045039,-0.032886081350854794,0.0006412090693424183,-0.0031729026357886444
57.29,0.009119587595864344,-0.028481077228445135,-0.0007443873151072293,0.002466162250278715
57.300000000000004,0.007931478494086479,-0.024094638580845013,-0.0021296732109025527,0.008098708044861354
57.31,0.0067409923350136205,-0.01972798703967925,-0.003514085368931759,0.013722395445456118
57.32,0.005548564735294996,-0.015382300895659767,-0.004897061452519111,0.019334940863983432
57.33,0.004354629232583756,-0.011058632395670525,-0.006278040267556249,0.024934046890520888
57.34,0.003159617181283973,-0.006757967066227456,-0.0076564619925931394,0.03051740377585583
57.35,0.0019639576561664078,-0.002481221077953244,-0.009031768408584079,0.036082741899756986
57.36,0.0007680773635789063,0.0017707836094510354,-0.010403403125719662,0.04162782969693366
57.370000000000005,-0.0004275994408494098,0.005997242150094757,-0.011770811806370539,0.04715047463867011
57.38,-0.0016226510288992336,0.010197445452699665,-0.013133442384557005,0.052648509309759804
57.39,-0.0028166582686912998,0.014370773648575724,-0.014490745282729518,0.05811978795577506
57.4,-0.00400920468580737,0.018516658068805796,-0.015842173626126638,0.06356219255523646
57.410000000000004,-0.005199876518661488,0.022634579461021313,-0.017187183454618664,0.06897362823438297
57.42,-0.006388262768482432,0.026724083609903974,-0.018525233931736832,0.07435203639554581
57.43,-0.007573955243304626,0.03078477696922919,-0.019855787550380394,0.07969539298397425
57.44,-0.008756548596447885,0.03481630817858747,-0.02117831033505091,0.08500170753386946
57.45,-0.009935640360944391,0.038818353221891644,-0.02249227204041833,0.09026903211448417
57.46,-0.011110830979976893,0.04279064897601813,-0.023797146346499425,0.09549543860285167
57.47,-0.01228172383203839,0.04673299084754728,-0.02509241105120514,0.10067902484827122
57.480000000000004,-0.013447925250919934,0.050645211696137026,-0.026377548260153847,0.1058179228972873
57.49,-0.014609044541585374,0.05452718267706403,-0.027652044573336188,0.11091029516909633
57.5,-0.015764693992466997,0.05837880820717172,-0.028915391268596137,0.11595433634807795
57.51,-0.016914488884557405,0.062200021235245394,-0.03016708448199864,0.12094827062214959
57.52,-0.01805804749776227,0.06599077911390387,-0.031406625385184316,0.125890351593447
57.53,-0.019194991114644087,0.06975106891880682,-0.03263352035961522,0.1307788674521783
57.54,-0.020324944021562905,0.07348090145622405,-0.03384728116750074,0.13561213932729088
57.550000000000004,-0.021447533507596855,0.07718030487959518,-0.035047425119440465,0.14038851942830657
57.56,-0.022562389861892063,0.080849317807247,-0.036233475238786395,0.1451063949329168
57.57,-0.02366914636989487,0.08448798970944307,-0.03740496042268001,0.14976418450782303
57.58,-0.024767439308509227,0.08809638328935934,-0.03856141559994515,0.1543603353054469
57.59,-0.025856907940146612,0.09167457144886772,-0.039702381886063565,0.15889332294754177
57.6,-0.026937194505953756,0.09522263129751134,-0.040827406735253764,0.16336165280815929
57.61,-0.028007944218705755,0.09874063982432034,-0.041936044089583374,0.1677638603203016
57.620000000000005,-0.029068805255772216,0.10222867142124838,-0.04302785452515844,0.17209850803805754
57.63,-0.030119428752456913,0.10568679492740357,-0.04410240539537624,0.17636419068995657
57.64,-0.031159468795982703,0.10911507096603663,-0.04515927097106297,0.18055953466594193
57.65,-0.032188582420403455,0.11251354905444946,-0.04619803257750581,0.1846831953564408
57.660000000000004,-0.03320642960271119,0.11588226499801467,-0.047218278728510005,0.18873385754662678
57.67,-0.034212673260409276,0.11922123828112743,-0.04821960525752756,0.1927102348905099
57.68,-0.035206979250802205,0.12253046954780004,-0.0492016154458819,0.19661106981421675
57.69,-0.03618901637228544,0.12580993716364647,-0.05016392014814117,0.20043513225377418
57.7,-0.03715845636789873,0.12905959573510684,-0.051106137914692304,0.2041812201516661
57.71,-0.038114973931312614,0.13227937507505386,-0.05202789511146461,0.20784816112569096
57.72,-0.03905824671545476,0.13546917601391412,-0.05292882603671794,0.2114348120750158
57.730000000000004,-0.03998795534397388,0.13862887122121537,-0.053808573034957057,0.2149400566495067
57.74,-0.040903783425657085,0.14175830282901747,-0.054666786608105616,0.2183628054754519
57.75,-0.04180541757200971,0.14485727873430693,-0.05550312552396202,0.2217019967334475
57.76,-0.04269254741826923,0.14792557128601677,-0.05631725692189966,0.22495659631086573
57.77,-0.04356486564798191,0.15096291751449958,-0.05710885641579766,0.22812559741825258
57.78,-0.04442206802119595,0.15396901761186574,-0.05787760819423711,0.2312080202085606
57.79,-0.04526385340640807,0.15694353270221992,-0.058623205117979985,0.23420291205843757
57.800000000000004,-0.04608992381642641,0.15988608400485918,-0.05934534881473235,0.2371093473679359
57.81,-0.046899984448267575,0.16279625177486054,-0.06004374977119502,0.239926427577568
57.82,-0.047693743727175525,0.16567357456241533,-0.060718127422405184,0.24265328110791767
57.83,-0.04847091335483661,0.16851754851977865,-0.06136821023837359,0.2452890633581972
57.84,-0.04923120836185776,0.17132762688738903,-0.06199373580801926,0.24783295670215869
57.85,-0.049974347164550105,0.17410321959464473,-0.0625944509204001,0.2502841705062594
57.86,-0.05070005162605601,0.1768436930040577,-0.06317011164324125,0.25264194116088595
57.870000000000005,-0.05140804712184213,0.1795483697835694,-0.0637204833987543,0.25490553212570155
57.88,-0.052098062609563414,0.1822165289110182,-0.06424534103674709,0.2570742339894959
57.89,-0.05276983070329643,0.18484740580642603,-0.06474446890501587,0.2591473645419006
57.9,-0.053423087752211836,0.18744018973107668,-0.0652176609168877,0.2611242729450038
57.910000000000004,-0.054057573926077775,0.1899939502455266,-0.06566472061240627,0.2630044466330397
57.92,-0.05467303331354259,0.19250756378345416,-0.06608546120446314,0.26478761936590134
57.93,-0.055269214036368045,0.19497977516752116,-0.06647970560513915,0.26647368350498474
57.94,-0.05584586837668743,0.19740924086740289,-0.06684728643635852,0.2680626283906952
57.95,-0.05640275291370555,0.19979453650011894,-0.06718804602991688,0.2695545309820773
57.96,-0.05693962866729094,0.20213419978605063,-0.06750183642044766,0.2709494949067096
57.97,-0.05745626124707434,0.204426701925625,-0.06778851933318665,0.2722476935444508
57.980000000000004,-0.05795242100659457,0.2066704806210149,-0.06804796616703532,0.2734493240533067
57.99,-0.05842788320046306,0.20886397115779412,-0.06828005797568117,0.2745545637479769
58.0,-0.058882428143290394,0.2110055763126023,-0.06848468544844177,0.275563615418916
58.01,-0.05931584136993662,0.21309370872094224,-0.0686617488912709,0.2764766485317482
58.02,-0.05972791379535636,0.2151267983227588,-0.06881115821175017,0.27729374043554783
58.03,-0.060118441873596884,0.21710326738069488,-0.0689328329290829,0.27801432738277726
58.04,-0.060487227755611495,0.21902157666826436,-0.06902670224743501,0.2786368779907702
58.050000000000004,-0.060834079442999456,0.22088026096004953,-0.06909270520987083,0.2791592083377573
58.06,-0.061158810937616694,0.22267784457525502,-0.06913079091365305,0.2795788098066863
58.07,-0.06146124239165084,0.22441280481157241,-0.06914091876322265,0.27989289026205305
58.08,-0.061741200263306574,0.22608351779485014,-0.0691230587491136,0.2800984788302256
58.09,-0.061998517484996025,0.22768814508504914,-0.06907719174980016,0.28019232926312154
58.1,-0.06223303364911,0.22922468519302802,-0.06900330985952421,0.28017090859094534
58.11,-0.06244459520890934,0.23069104353454845,-0.06890141673419956,0.28003073326448336
58.120000000000005,-0.06263305568888047,0.23208507063902684,-0.06877152793798207,0.2797684027702736
58.13,-0.06279827590112326,0.23340456739877213,-0.0686136712799068,0.2793806743180199
58.14,-0.06294012416593629,0.23464731177585696,-0.06842788712774507,0.2788647378560979
58.15,-0.0630584765316539,0.23581117289009554,-0.06821422866776865,0.2782187428537905
58.160000000000004,-0.06315321698898836,0.23689406525344742,-0.0679727620757199,0.2774419037214964
58.17,-0.06322423768008108,0.23789394222999352,-0.06770356660584317,0.2765337720156219
58.18,-0.06327143910284302,0.2388088170144498,-0.06740673463963379,0.2754939836837498
58.19,-0.06329473030955113,0.23963676665223985,-0.0670823717190169,0.27432232865581546
58.2,-0.06329402909653296,0.24037601483206855,-0.0667305965640866,0.2730187969728499
58.21,-0.06326926217645203,0.24102507172757248,-0.06635154106705693,0.2715837309509949
58.22,-0.06322036532607052,0.24158268798697802,-0.06594535025583853,0.27001776559520696
58.230000000000004,-0.06314728351656644,0.24204760943288722,-0.0655121822346311,0.2683215870325331
58.24,-0.0630499710406509,0.24241853767030194,-0.06505220811587413,0.26649589242798555
58.25,-0.06292839164207992,0.24269416872274113,-0.06456561194918563,0.26454142648869666
58.26,-0.06278251864667724,0.242873185158283,-0.06405259064653615,0.26245897304696847
58.27,-0.06261233509420645,0.24295426512437066,-0.06351335390318874,0.2602493604149513
58.28,-0.06241783387040742,0.24293609521091744,-0.06294812411369731,0.2579134811777098
58.29,-0.06219901784048138,0.24281730264754098,-0.062357136278934674,0.25545238758342803
58.300000000000004,-0.06195589998870841,0.24259640381519268,-0.06174063789689359,0.2528673612845339
58.31,-0.06168850356566469,0.2422718825125483,-0.06109888883182368,0.2501599169762144
58.32,-0.06139686223657141,0.24184230728542494,-0.06043216115812123,0.24733186792638664
58.33,-0.0610810202195302,0.24130645792709823,-0.05974073897238111,0.24438543241109445
58.34,-0.060741032408682484,0.24066320870465469,-0.05902491817168447,0.24132308377711817
58.35,-0.06037696448818675,0.23991144331805359,-0.05828500620774414,0.23814741061579403
58.36,-0.059988893041878356,0.23905010816560995,-0.0575213218277754,0.23486108408943623
58.370000000000005,-0.05957690565446962,0.23807831572854038,-0.056734194809951885,0.2314667453250248
58.38,-0.05914110099103159,0.2369955745744743,-0.05592396570638526,0.22796678704398965
58.39,-0.05868158884442798,0.23580168969917648,-0.05509098560380949,0.22436344539272404
58.4,-0.05819849015760848,0.23449655094802702,-0.05423561589546984,0.22065900329480417
58.410000000000004,-0.05769193703366286,0.23308011753357608,-0.05335822805200648,0.21685580185379585
58.42,-0.05716207273909452,0.23155240151362338,-0.052459203386346145,0.21295625346007205
58.43,-0.056609051704188625,0.22991337861207134,-0.05153893280918515,0.20896292424018595
58.44,-0.05603303952588126,0.22816296635266928,-0.05059781657019569,0.2048785515419263
58.45,-0.05543421297532079,0.22630104514681582,-0.049636263983205454,0.20070601989731435
58.46,-0.054812760009138616,0.22432747053270677,-0.04865469313666768,0.19644834551929716
58.47,-0.05416887978190362,0.22224212189078468,-0.04765353059221852,0.19210862595019862
58.480000000000004,-0.05350278265090681,0.22004510358470664,-0.046633211080137,0.1876898448471496
58.49,-0.052814690157974624,0.21773688762022206,-0.04559417720662182,0.18319473341990128
58.5,-0.052104834983911934,0.21531809915905206,-0.0445368791773584,0.1786259720041089
58.51,-0.051373460886351134,0.21278941922944336,-0.043461774527408056,0.17398627930856583
58.52,-0.0506208226294739,0.21015160355860082,-0.04236932784969355,0.1692783909142823
58.53,-0.049847185906617124,0.2074054819487527,-0.04126001052153215,0.16450505430912085
58.54,-0.049052827255314846,0.2045519618167301,-0.040134300430027525,0.1596690243177892
58.550000000000004,-0.048238033964884394,0.20159201954595046,-0.038992681696438096,0.15477306955068154
58.56,-0.04740310397684058,0.1985267028292266,-0.037835644399533956,0.14981996478745446
58.57,-0.04654834577826825,0.19535712831492438,-0.03666368429823552,0.14481248954113643
58.58,-0.045674078288316135,0.19208447855311891,-0.03547730255376335,0.13975342772997193
58.59,-0.04478063073845126,0.18870998782969853,-0.03427700545103496,0.13464557783359168
58.6,-0.04386834254643055,0.18523496812763396,-0.03306330411969357,0.1294917242678657
58.61,-0.04293756318306307,0.1816608067989179,-0.03183671425601394,0.12429463641195646
58.620000000000005,-0.04198865203179598,0.17798895268520365,-0.030597755845975485,0.1190570787544476
58.63,-0.04102197824266766,0.17422088973855537,-0.029346952888331407,0.11378183352849357
58.64,-0.04003792058110232,0.17035817292943306,-0.028084833117551018,0.10847166200055997
58.65,-0.03903686727007361,0.1664024352820183,-0.026811927728397706,0.1031292946877021
58.660000000000004,-0.038019215826780126,0.16235531674424578,-0.025528771101539872,0.09775749127405159
58.67,-0.03698537289502914,0.15821853475318123,-0.0242359005298837,0.09235896116905261
58.68,-0.03593575407331871,0.15399381714345556,-0.022933855945501073,0.08693645630397015
58.69,-0.03487078374063336,0.14968289909582044,-0.021623179645079538,0.08149274067960847
58.7,-0.03379089488233898,0.14528749357399637,-0.02030441601406849,0.07603057396512725
58.71,-0.03269652891499176,0.14080937884125136,-0.018978111257343954,0.07055250383855928
58.72,-0.03158813550512305,0.13625043723008168,-0.017644813178780794,0.06505983519649983
58.730000000000004,-0.030466172384697333,0.1316124498598343,-0.01630507104169806,0.059553376583456955
58.74,-0.029331105187228968,0.12689662285095207,-0.014959435439702325,0.05403518898040567
58.75,-0.02818340730134556,0.12210457974053829,-0.01360845810279276,0.048507744918319544
58.76,-0.027023559702376264,0.11723835422182438,-0.012252691660340452,0.04297345525777465
58.77,-0.02585205075974083,0.11229983991093842,-0.01089268939296354,0.037434926788211434
58.78,-0.024669376036122615,0.1072911576046712,-0.009529004976928754,0.03189473483252215
58.79,-0.023476038074290977,0.10221455356235808,-0.008162192226924745,0.02635543257730366
58.800000000000004,-0.02227254616803792,0.0970724425349202,-0.006792804842179697,0.02081952046494536
58.81,-0.02105941611877311,0.0918673541959113,-0.005421396157848852,0.0152894268026401
58.82,-0.019837169979076995,0.08660194966803111,-0.004048518902502411,0.009767531456918084
58.83,-0.01860633578449062,0.08127898800134965,-0.002674724960579441,0.004256177126966319
58.84,-0.017367447276763835,0.07590126517528467,-0.0013005651390087852,-0.0012423381924504112
58.85,-0.01612104361966463,0.07047169732962577,7.341106159643002e-05,-0.0067257693451867094
58.86,-0.014867669106123086,0.06499326655458293,0.0014466556713036238,-0.012191901885588136
58.870000000000005,-0.01360787285819209,0.059469006597226544,0.0028186224715824313,-0.017638556710296557
58.88,-0.012342208521627866,0.053902001954770844,0.004188767212350739,-0.023063597718615315
58.89,-0.011071233955631934,0.04829538104608575,0.005556547825086567,-0.028464924958322618
58.9,-0.009795510917191913,0.042652346029251574,0.006921424631826271,-0.033840486435446536
58.910000000000004,-0.008515604739433146,0.03697614857841034,0.008282860549687953,-0.03918827537161753
58.92,-0.007232084005220134,0.03127006962958373,0.009640321291216485,-0.04450631751869016
58.93,-0.005945520217426011,0.02553742129881892,0.010993275561187734,-0.04979267262262455
58.94,-0.004656487465937075,0.019781554692547474,0.012341195249620657,-0.05504544834253485
58.95,-0.00336556209147808,0.014005843502398497,0.01368355562066933,-0.06026278761492785
58.96,-0.0020733223466542117,0.00821369241158555,0.015019835497397684,-0.06544287990806023
58.97,-0.0007803480542575318,0.002408532689149468,0.016349517442075325,-0.07058396294482687
58.980000000000004,0.0005127797366723152,-0.003406191879512296,0.017672087931924534,-0.07568431503108812
58.99,0.0018054790964306942,-0.009227019204481617,0.01898703753062322,-0.08074225626579136
59.0,0.0030971675616708457,-0.015050475660282097,0.020293861055688343,-0.08575614766989793
59.01,0.004387262483481848,-0.02087308140229047,0.021592057741710847,-0.09072439273455965
59.02,0.005675181376028186,-0.02669135352091733,0.022881131399403152,-0.09564543679875012
59.03,0.006960342265363056,-0.03250181005961764,0.02416059057045341,-0.10051776719615169
59.04,0.008242164037972404,-0.038300975950529406,0.02542994867828484,-0.1053399102478153
59.050000000000004,0.009520066788596909,-0.04408538550960182,0.026688724174829453,-0.11011043251601131
59.06,0.010793472167018061,-0.04985158485310631,0.027936440683274475,-0.11482794204435821
59.07,0.01206180372366229,-0.05559613112772474,0.029172627136577586,-0.11949109222745072
59.08,0.013324487253837744,-0.06131559824313708,0.030396817911607282,-0.12409857931030646
59.09,0.014580951140155184,-0.06700658269579672,0.03160855295903945,-0.12864913971390554
59.1,0.015830626692652377,-0.07266570612475944,0.03280737792917971,-0.13314155049718987
59.11,0.017072948486262732,-0.07828961912073071,0.03399284429376628,-0.1375746284753179
59.120000000000005,0.018307354695296457,-0.0838750043288265,0.03516450946380161,-0.1419472299386987
59.13,0.019533287424598405,-0.08941857981395254,0.036321936903458224,-0.14625825000459083
59.14,0.02075019303706191,-0.09491710219169455,0.03746469624011794,-0.15050662208465596
59.15,0.0219575224771804,-0.10036736973682635,0.03859236337059949,-0.1546913172485794
59.160000000000004,0.023154731590327618,-0.10576622547560759,0.03970452056364127,-0.15881134354618645
59.17,0.024341281437458846,-0.11111056020924477,0.040800756558702425,-0.1628657452866317
59.18,0.025516638604936,-0.1163973153768117,0.04188066666115917,-0.1668536023196745
59.19,0.026680275509185548,-0.12162348597300324,0.04294385283396505,-0.17077402928493438
59.2,0.02783167069589596,-0.1267861235930417,0.04398992378585117,-0.1746261748774933
59.21,0.028970309133485125,-0.131882338457343,0.04501849505614578,-0.17840922086355482
59.22,0.030095682500606537,-0.13690930174719498,0.04602918909630553,-0.18212238116878893
59.230000000000004,0.031207289467455015,-0.14186424844452453,0.04702163534824877,-0.1857649010898797
59.24,0.03230463597061606,-0.14674447953932493,0.04799547031957097,-0.18933605648055496
59.25,0.03338723548123275,-0.15154736418784903,0.04895033765573895,-0.1928351524361886
59.26,0.03445460926623925,-0.15627034294542208,0.04988588820939077,-0.1962615217424558
59.27,0.035506286642434964,-0.16091092864916298,0.0508017801068221,-0.1996145256328828
59.28,0.036541805223229855,-0.16546670830799062,0.05169767881169777,-0.20289355246986207
59.29,0.03756071115788265,-0.16993534551829428,0.05257325718608412,-0.2060980160071197
59.300000000000004,0.03856255936302766,-0.17431458202701394,0.053428195548948475,-0.2092273544826367
59.31,0.03954691374631261,-0.17860223952068993,0.05426218173224137,-0.21228102924554354
59.32,0.040513347421999545,-0.18279622060121603,0.05507491113465505,-0.21525852467843462
59.33,0.04146144291840601,-0.1868945101930036,0.055866086773114255,-0.21815934718044877
59.34,0.04239079237705502,-0.190895176978922,0.05663541933209927,-0.22098302376356752
59.35,0.04330099774340673,-0.19479637448719808,0.05738262721091332,-0.22372910108586275
59.36,0.04419167094905592,-0.19859634208448354,0.05810743656900874,-0.22639714443933226
59.370000000000005,0.04506243408530981,-0.2022934058231798,0.0588095813694638,-0.2289867367874355
59.38,0.04591291956805508,-0.20588597917327014,0.059488803420711674,-0.23149747779800062
59.39,0.046742770293854013,-0.20937256362441733,0.060144852416614346,-0.23392898290122
59.4,0.04755163978720723,-0.2127517491660188,0.06077748597497763,-0.23628088236118247
59.410000000000004,0.048339192338944015,-0.21602221464281032,0.061386469674597516,-0.23855282036970554
59.42,0.04910510313570596,-0.21918272798862648,0.06197157709092767,-0.2407444541612365
59.43,0.04984905838050471,-0.22223214633905308,0.06253258983045837,-0.2428554531520948
59.44,0.05057075540434981,-0.22516941602461138,0.06306929756388929,-0.24488549810531018
59.45,0.05126990276894723,-0.22799357244622254,0.06358149805818086,-0.2468342803229036
59.46,0.05194622036048934,-0.2307037398345392,0.06406899720756228,-0.24870150086715506
59.47,0.05259943947555523,-0.23329909870336138,0.06453160906212133,-0.2504869169442708
59.480000000000004,0.05322930290343074,-0.23577879862249343,0.06496915584780301,-0.2521904680789692
59.49,0.05383556500923863,-0.23814197651438526,0.06538146797155557,-0.25381224745115744
59.5,0.05441799181720095,-0.24038780533337378,0.06576838401280308,-0.25535242875729
59.51,0.05497636109048533,-0.24251551934052254,0.06612975070662325,-0.25681122731973066
59.52,0.05551046240572071,-0.24452440474887938,0.06646542292163243,-0.25818891185788334
59.53,0.0560200972213689,-0.24641382479567936,0.06677526363395962,-0.25948576575645527
59.54,0.05650507893851203,-0.24818323247128524,0.06705914389964794,-0.2607020657764164
59.550000000000004,0.056965232953903634,-0.2498321389671986,0.06731694282592812,-0.2618381264312168
59.56,0.057400396704751555,-0.25136017341996597,0.06754854754234149,-0.262894211003115
59.57,0.05781041970379633,-0.2527670541812969,0.0677538531740147,-0.26387057085897675
59.58,0.05819516356451928,-0.25405260188901646,0.06793276281756853,-0.2647674237013483
59.59,0.05855450201571045,-0.25521676213237626,0.06808518752183183,-0.26558489309061184
59.6,0.05888832090492237,-0.25625957608152633,0.06821104628866516,-0.2663226230601563
59.61,0.059196518190934265,-0.25718120918949533,0.06831026612537298,-0.266979413556273
59.620000000000005,0.05947900392340504,-0.2579819830672197,0.06838278216648115,-0.26755347439750476
59.63,0.05973570020993714,-0.2586622990904068,0.06842853785187002,-0.2680426736144089
59.64,0.05996654117461485,-0.25922260863343466,0.06844748514076589,-0.26844464185407224
59.65,0.06017147291078401,-0.25966341996251047,0.06843958474770592,-0.2687568962866502
59.660000000000004,0.060350453432378146,-0.2599851668264423,0.0684048064006074,-0.26897657129510294
59.67,0.06050345263060788,-0.2601881934438879,0.06834312912487146,-0.26910064275384116
59.68,0.06063045223736763,-0.2602728189598971,0.06825454154557702,-0.26912599886579747
59.69,0.060731445792404144,-0.2602393397137122,0.0681390422016339,-0.26904938182194654
59.7,0.06080643861141466,-0.2600880761337977,0.06799663986480926,-0.26886766546247165
59.71,0.060855447752313246,-0.2598193856541433,0.06782735384947004,-0.2685779069866741
59.72,0.060878501978511954,-0.25943364954427733,0.06763121429957202,-0.268177522980795
59.730000000000004,0.06087564171565399,-0.2589314010059297,0.06740826242454925,-0.26766489310832664
59.74,0.06084691899824175,-0.25831324416890045,0.06715855065800103,-0.2670391271249383
59.75,0.06079239740800279,-0.2575798417912109,0.06688214275725274,-0.2662994657746606
59.76,0.06071215200510011,-0.25673195112368485,0.06657911388000304,-0.2654452151557896
59.77,0.060606269250972754,-0.2557704136483191,0.06624955065239571,-0.26447577055926513
59.78,0.06047484692043964,-0.25469622544195164,0.06589355122684493,-0.2633906744833605
59.79,0.060317993996185953,-0.253510654188699,0.06551122532228532,-0.26218974588656235
59.800000000000004,0.060135830537363925,-0.2522152747589157,0.06510269423825649,-0.2608731146767582
59.81,0.05992848752644256,-0.2508117036658104,0.06466809084656726,-0.25944096248991105
59.82,0.05969610670936317,-0.24930151320356206,0.06420755957524489,-0.25789343894682115
59.83,0.05943884043720434,-0.2476862729405891,0.06372125639263819,-0.25623070650617696
59.84,0.059156851509237295,-0.2459675421640935,0.06320934879125571,-0.25445293587601703
59.85,0.058850313016606176,-0.24414687997164045,0.06267201577023054,-0.2525603206464645
59.86,0.05851940818645903,-0.24222583955262977,0.06210944781599102,-0.25055307031335894
59.870000000000005,0.05816433022637432,-0.24020597609597902,0.061521846880692635,-0.24843142663940782
59.88,0.05778528216980243,-0.23808881473438254,0.06090942635584664,-0.24619572495581432
59.89,0.05738247672634429,-0.23587577263785597,0.060272411034506264,-0.2438465007400951
59.9,0.05695613613987618,-0.2335682068999027,0.059611037054543334,-0.24138452156337745
59.910000000000004,0.05650649204915339,-0.23116756146028522,0.05892555181666518,-0.23881087366213558
59.92,0.05603378534066688,-0.228675432788718,0.058216213870524475,-0.23612701832312474
59.93,0.055538265992268694,-0.22609341863601287,0.057483292769573605,-0.23333462526141144
59.94,0.05502019291511193,-0.223423073704011,0.05672706890464447,-0.23043547972787837
59.95,0.054479833797255676,-0.22066596851709022,0.055947833325071,-0.22743145203325774
59.96,0.05391746494355532,-0.21782379796216164,0.055145887554461814,-0.22432437552103124
59.97,0.053333371097838395,-0.2148986236989261,0.054321543415030225,-0.22111581074007566
59.980000000000004,0.05272784523710346,-0.21189274943970143,0.05347512287104185,-0.21780715874336146
59.99,0.05210118834576872,-0.20880850534017353,0.05260695788393823,-0.21439987176203062
60.0,0.051453709183367675,-0.2056482384472358,0.05171739026634827,-0.2108954579628171
60.01,0.05078572405044226,-0.20241431195648138,0.050806771530662105,-0.20729547919417218
60.02,0.05009755655320058,-0.19910909408925312,0.04987546273206884,-0.20360155472717612
60.03,0.04938953737029193,-0.19573486763360312,0.048923834303539325,-0.1998154383534522
60.04,0.04866200402873245,-0.19229375384206063,0.04795226587614769,-0.19593910666404032
60.050000000000004,0.04791530069422175,-0.18878772229122795,0.046961146079309096,-0.19197474415643018
60.06,0.04714977797597872,-0.18521861951989138,0.04595087232108028,-0.18792470582731668
60.07,0.04636579273985103,-0.18158831915672793,0.04492185055517791,-0.1837913709454633
60.08,0.0455637079118365,-0.17789904218554936,0.04387449505247587,-0.17957682552051868
60.09,0.044743892258068386,-0.17415320040951826,0.0428092281909633,-0.17528301087283057
60.1,0.04390672014895044,-0.17035319289361553,0.04172648025711926,-0.17091191732640199
60.11,0.0430525713201298,-0.16650142063814732,0.040626689246739546,-0.1664655670420156
60.120000000000005,0.042181830633931126,-0.16260027581781444,0.03951030066196826,-0.16194602248703685
60.13,0.04129488784141548,-0.15865214419355786,0.03837776730466806,-0.1573553798419704
60.14,0.040392137345271396,-0.15465940147914709,0.037229549066296684,-0.1526957684507162
60.15,0.03947397796373252,-0.15062441113761968,0.03606611271446404,-0.14796935043291862
60.160000000000004,0.03854081269577484,-0.14654952202307747,0.03488793167623496,-0.14317831947008722
60.17,0.03759304848778543,-0.14243706729042022,0.03369548581832308,-0.1383248983819715
60.18,0.03663109600186352,-0.13828936223900584,0.03248926122435112,-0.13341133803030078
60.19,0.035655369385940064,-0.13410870267372998,0.0312697499693311,-0.12843991567862292
60.2,0.03466628604588004,-0.12989736308416666,0.030037449891511844,-0.1234129336150495
60.21,0.03366426641975316,-0.1256575949936499,0.028792864361735736,-0.11833271763541735
60.22,0.03264973375442763,-0.12139162530323692,0.027536502050459002,-0.11320161559079556
60.230000000000004,0.03162311388461703,-0.1171016559462377,0.026268876692624555,-0.10802199439474855
60.24,0.030584835014385404,-0.1127898652385964,0.024990506850717954,-0.10279623507542092
60.25,0.02953532750132209,-0.10845839892614369,0.023701915676075956,-0.09752674040310852
60.26,0.028475023643810406,-0.10410936998663449,0.022403630668260635,-0.09221593189972414
60.27,0.027404357471175946,-0.09974487137037914,0.02109618343303006,-0.08686623258728943
60.28,0.026323764536464005,-0.09536696399850307,0.01978010943948829,-0.08148007757295755
60.29,0.025233681711664995,-0.09097769347071673,0.018455947776817385,-0.07605989512236658
60.300000000000004,0.024134546983912552,-0.08657911893916458,0.017124240912200123,-0.07060807816480684
60.31,0.023026799247189665,-0.08217343320870751,0.015785534454910273,-0.06512688060765015
60.32,0.021910878084845233,-0.07776290491358567,0.014440376930562757,-0.05961847236589885
60.33,0.020787223555005556,-0.07334950279412557,0.013089319551219468,-0.05408538111819394
60.34,0.019656275979303105,-0.06893551972636737,0.011732915933488283,-0.048531301069862864
60.35,0.018518475715684896,-0.06452343872166859,0.010371721746361333,-0.04296010731193279
60.36,0.017374262920509476,-0.06011558043608398,0.00900629434835776,-0.03737498498781785
60.370000000000005,0.016224077320657834,-0.05571408065097603,0.007637192468971376,-0.031778671214097796
60.38,0.015068358002671747,-0.05132092362897152,0.006264975928791403,-0.0261738081424246
60.39,0.013907543220176172,-0.04693786187068454,0.004890205377948155,-0.020562882725402114
60.4,0.012742070220174232,-0.04256650351574397,0.003513442041402944,-0.0149484691340335
60.410000000000004,0.011572375083233312,-0.038208384836380296,0.0021352474669111884,-0.009333014613563992
60.42,0.010398892575072337,-0.033864879159875655,0.000756183280802118,-0.003718860360674803
60.43,0.00922205600971852,-0.0295372905065555,-0.000623189052086627,0.0018915357982738905
60.44,0.008042297122236997,-0.025226826503892845,-0.0020023084716020985,0.007495733749445062
60.45,0.006860045949074386,-0.020934645192228235,-0.0033806145632514933,0.013091411622590674
60.46,0.005675730716042522,-0.016661796841701243,-0.004757547792145535,0.018676274347415655
60.47,0.004489777735929986,-0.012409222374855906,-0.006132549733804223,0.02424800957037322
60.480000000000004,0.0033026113146932302,-0.00817782679859599,-0.007505063304680053,0.029804324729101852
60.49,0.0021146536639538526,-0.003968436419732312,-0.008874532991236974,0.035342953564647214
60.5,0.0009263248198131901,0.0002181801133178188,-0.01024040507559718,0.040861686278466564
60.51,-0.0002619574325087212,0.0043813021466279885,-0.01160212785666897,0.046358351804015915
60.52,-0.001449777627580347,0.00852030633432188,-0.012959151868247792,0.05183077848559978
60.53,-0.0026367226808240987,0.012634639107756494,-0.014310930096145091,0.05727680207516589
60.54,-0.0038223819427762947,0.016723795756532666,-0.01565691819354915,0.0626943040655695
60.550000000000004,-0.005006347248221708,0.020787317031139015,-0.016996574693070563,0.06808119524187346
60.56,-0.0061882129603154905,0.024824804350582378,-0.018329361215402188,0.0734354199072437
60.57,-0.007367576009134442,0.028835915787135444,-0.019654742674636298,0.07875495796443045
60.58,-0.008544035925260976,0.032820343277964376,-0.020972187480049306,0.08403782493157977
60.59,-0.009717194869638507,0.036777811427570944,-0.022281167734191556,0.0892820757964677
60.6,-0.01088665765946317,0.040708101814231776,-0.02358115942768034,0.09448578587164094
60.61,-0.012052031789308913,0.04461104082129054,-0.02487164263146975,0.09964705414715117
60.620000000000005,-0.01321292744792048,0.04848648966832408,-0.02615210168651349,0.1047640131256291
60.63,-0.014368957531362019,0.0523343456759164,-0.027422025390290834,0.10983482790924375
60.64,-0.015519737652882505,0.056154535046174014,-0.028680907180070127,0.11485769527279921
60.65,-0.01666488614990583,0.05994701026113773,-0.029928245312995316,0.11983084299134711
60.660000000000004,-0.01780402408867208,0.06371174196441029,-0.031163543043141673,0.12475252678937948
60.67,-0.01893677526682511,0.06744872399113348,-0.032386308795558164,0.1296210352888481
60.68,-0.020062766213915548,0.0711579714656493,-0.03359605633707526,0.13443469097635014
60.69,-0.02118162619005843,0.07483951292737853,-0.03479230494380661,0.13919184779291388
60.7,-0.022292987183386313,0.07849338325890287,-0.035974579565340364,0.1438908944139794
60.71,-0.023396483906724132,0.08211962629021895,-0.0371424109856423,0.14853024985142319
60.72,-0.02449175379360035,0.08571829142563792,-0.03829533598082326,0.15310836346364531
60.730000000000004,-0.0255784369936972,0.0892894340488269,-0.03943289747390769,0.15762371335475034
60.74,-0.026656176367911625,0.09283311133181944,-0.04055464468667467,0.16207480672791846
60.75,-0.027724617483415166,0.09634937603232556,-0.04166013328853755,0.16646018156402687
60.76,-0.028783408609153426,0.09983827487507556,-0.04274892554239379,0.17077840570843547
60.77,-0.02983220071208935,0.10329984514976341,-0.04382059044745591,0.17502807703995207
60.78,-0.030870647454462417,0.10673411230592328,-0.04487470387908054,0.17920782309745398
60.79,-0.031898405192338074,0.11014108711652892,-0.045910848725662645,0.18331629949962033
60.800000000000004,-0.03291513297570627,0.11352076319456525,-0.04692861502268467,0.18735218971154743
60.81,-0.033920492550383465,0.1168731146222418,-0.04792760008383563,0.19131420928720053
60.82,-0.034914148361950684,0.12019809354743523,-0.048907408629058284,0.19520110376185834
60.83,-0.03589576756197137,0.12349562771917194,-0.04986765290960252,0.19901164687116119
60.84,-0.036865020016754776,0.12676561723076304,-0.05080795283023163,0.2027446399271041
60.85,-0.03782157831889202,0.13000793391847856,-0.051727936068619196,0.20639891295282792
60.86,-0.03876511780173777,0.13322241872755636,-0.05262723819183178,0.20997332641600494
60.870000000000005,-0.03969531655697593,0.13640888166294932,-0.05350550276988096,0.21346676822793567
60.88,-0.040611855455375094,0.13956710006681466,-0.05436238148646602,0.21687815351785814
60.89,-0.04151441817091024,0.14269681548835944,-0.05519753424696045,0.22020642543090696
60.9,-0.04240269120850233,0.1457977317446795,-0.05601062928361293,0.22345055482818943
60.910000000000004,-0.04327636393555582,0.1488695140271647,-0.05680134325797413,0.2266095399192339
60.92,-0.04413512861736535,0.15191178928493645,-0.0575693613605666,0.2296824063879874
60.93,-0.04497868045643782,0.15492414437646987,-0.05831437740779984,0.23266820760739948
60.94,-0.04580671763585714,0.15790612463314996,-0.05903609393612461,0.23556602438542293
60.95,-0.04661894136681318,0.16085723320908205,-0.05973422229343155,0.23837496492167112
60.96,-0.04741505594037966,0.16377693036243082,-0.060408482727706055,0.24109416477865495
60.97,-0.048194768783599545,0.166664632981152,-0.06105860447294247,0.24372278686953444
60.980000000000004,-0.04895779051992295,0.1695197141909358,-0.06168432583231599,0.24626002146095347
60.99,-0.049703835034034284,0.17234150312313062,-0.062285394258616664,0.24870508618892043
61.0,-0.0504326195410848,0.17512928480247356,-0.06286156643194063,0.2510572260884713
61.01,-0.05114386466033886,0.1778823001711323,-0.06341260833463806,0.25331571363567473
61.02,-0.05183729449322721,0.18059974623846176,-0.0639382953235138,0.2554798488016401
61.03,-0.052512636705786805,0.183280776357761,-0.0644384121992736,0.2575489591176144
61.04,-0.05316962261555162,0.18592449759193766,-0.06491275327307883,0.2595224041229064
61.050000000000004,-0.05380798728524352,0.18852989843455092,-0.06536112242673396,0.26139968068172287
61.06,-0.054427469629002974,0.19109578019681353,-0.06578333315809765,0.26318052412495996
61.07,-0.05502781253411437,0.1936208170293665,-0.06617920860728072,0.26486482288777197
61.08,-0.05560876299539167,0.19610359547893144,-0.06654858156758067,0.26645256241970144
61.09,-0.05617007225881514,0.19854262330316627,-0.06689129448595632,0.2679438140398652
61.1,-0.05671149597195515,0.20093636988931213,-0.06720719945645148,0.2693386779758316
61.11,-0.05723279433996541,0.2032832353283249,-0.0674961582081756,0.2706373297576228
61.120000000000005,-0.05773373228658909,0.20558159204324597,-0.06775804208847573,0.2718399617792863
61.13,-0.05821407961813452,0.20782980401014817,-0.0679927320440715,0.2729467572493067
61.14,-0.05867361118942107,0.21002620167951638,-0.06820011860141674,0.273957928282838
61.15,-0.05911210707113029,0.212169128186759,-0.06838010184690588,0.2748736516368155
61.160000000000004,-0.059529352716729884,0.21425694069055776,-0.06853259141027496,0.275694038690122
61.17,-0.05992513912847382,0.21628799446601552,-0.0686575064688152,0.27641865396787196
61.18,-0.060299263022177224,0.21826067745437186,-0.06875477580948774,0.27704610291808857
61.19,-0.06065152698792151,0.22017345697721172,-0.06882433797007864,0.2775743148674803
61.2,-0.060981739646262474,0.22202479681101422,-0.06886614144361183,0.2780008652924922
61.21,-0.0612897158043961,0.2238131156976369,-0.06888014492244433,0.2783230430830057
61.22,-0.06157527661715548,0.22553674862192222,-0.06886631756800848,0.2785379912952954
61.230000000000004,-0.061838249759509814,0.2271938193756993,-0.06882463930408185,0.27864250760647474
61.24,-0.062078469616218684,0.2287822859092213,-0.06875510113835742,0.2786331188030237
61.25,-0.06229577748658846,0.2303000158265317,-0.06865770550241215,0.27850641009599947
61.26,-0.06249002179871501,0.2317448184964451,-0.06853246659364688,0.27825898301047514
61.27,-0.0626610583301469,0.23311444454702904,-0.06837941071104724,0.27788757610230946
61.28,-0.0628087504329543,0.23440663163258735,-0.06819857657108445,0.2773893418949468
61.29,-0.06293296925821906,0.23561919287773023,-0.06799001557341364,0.27676230967315657
61.300000000000004,-0.06303359397562412,0.23674998623893953,-0.06775379198076577,0.2760056212953078
61.31,-0.06311051198758554,0.23779692480963865,-0.06748998301373041,0.27511883523926106
61.32,-0.0631636191381822,0.23875797166397422,-0.06719867890078607,0.27410158156428815
61.33,-0.06319281991654283,0.239631152580903,-0.06687998291196129,0.27295363986772453
61.34,-0.06319802765157456,0.24041463976033045,-0.06653401137763512,0.2716749863743515
61.35,-0.06317916468924585,0.24110689456704598,-0.06616089368385827,0.270265948029823
61.36,-0.06313616254424038,0.2417066504807117,-0.0657607722366075,0.2687271715804737
61.370000000000005,-0.06306896203245957,0.24221263923308387,-0.06533380240166248,0.26705935758779625
61.38,-0.06297751339971838,0.24262354265575137,-0.06488015243552156,0.2652632065507329
61.39,-0.06286177645310743,0.24293803528238905,-0.06440000341388996,0.2633394635002902
61.4,-0.06272172069414912,0.2431547751392766,-0.06389354915699749,0.2612889052758676
61.410000000000004,-0.06255732545291263,0.24327241832056284,-0.06336099615117559,0.2591123509013433
61.42,-0.0623685800221772,0.24328963117962923,-0.06280256346598292,0.2568106761094153
61.43,-0.062155483792424686,0.2432050362614316,-0.06221848266372026,0.2543848857854955
61.44,-0.06191804639228042,0.2430171414453775,-0.06160899769448001,0.25183621082304336
61.45,-0.06165628783682265,0.24272440937762724,-0.06097436477009921,0.2491661217265316
61.46,-0.06137023867796876,0.2423253796225283,-0.06031485221271265,0.2463763841562361
61.47,-0.061059940145284375,0.24181880609171735,-0.059630740271208016,0.24346917852580913
61.480000000000004,-0.060725444271551826,0.24120354269585403,-0.05892232090298398,0.24044695715801787
61.49,-0.06036681400891121,0.24047844986383712,-0.05818989753035164,0.23731229366317663
61.5,-0.059984123340785,0.23964244855639674,-0.05743378478299176,0.23406784563258834
61.51,-0.05957745738533027,0.2386946316507271,-0.05665430823494269,0.23071623608923483
61.52,-0.0591469124763912,0.23763450544668369,-0.055851804149813854,0.227259823380126
61.53,-0.05869259621143749,0.23646187256573123,-0.05502661924456524,0.22370081019933424
61.54,-0.058214627474130254,0.2351766170837613,-0.05417911046465802,0.22004144962045782
61.550000000000004,-0.05771313644469533,0.233778696434368,-0.053309644758098476,0.21628404980642785
61.56,-0.05718826460294692,0.23226813513071537,-0.05241859884397427,0.21243097724241294
61.57,-0.05664016472692243,0.2306449441523552,-0.051506358972934284,0.20848473096394984
61.58,-0.05606900089299458,0.22890906385716017,-0.05057332067430143,0.204447993994978
61.59,-0.05547494848129963,0.22706038264968176,-0.04961988848648085,0.2003236115684422
61.6,-0.05485819418626693,0.22509875059908147,-0.048646475671239676,0.1961145743886535
61.61,-0.05421893602967154,0.22302402942104987,-0.04765350391470638,0.19182396714255345
61.620000000000005,-0.053557383366561524,0.22083631625302755,-0.046641403024670486,0.18745475107887175
61.63,-0.052873756867414495,0.21853609302187185,-0.04561061064040045,0.18300961936443616
61.64,-0.052168288471762,0.21612399824054138,-0.04456157195978751,0.17849121199048784
61.65,-0.051441221324670716,0.21360072777958564,-0.04349473947324547,0.17390220681923277
61.660000000000004,-0.05069280970491298,0.21096705357118586,-0.04241057269628693,0.16924529829551582
61.67,-0.049923318945950985,0.20822382077639406,-0.041309537900052325,0.16452319663547546
61.68,-0.049133025349291384,0.20537195489973578,-0.040192107840564824,0.15973861767017594
61.690000000000005,-0.048322216090208536,0.20241245227885785,-0.03905876148705504,0.15489428833611948
61.7,-0.04749118911610922,0.199346381893139,-0.037909983749445306,0.14999294150788778
61.71,-0.04664025303770844,0.19617488320807897,-0.036746265205186514,0.14503731461992314
61.72,-0.04576972701323261,0.1928991614534628,-0.03556810182558091,0.1400301507789831
61.730000000000004,-0.04487994062627804,0.18952047616859705,-0.034375994701353454,0.1349742055890183
61.74,-0.043971233757174426,0.18604016762592077,-0.03317044976803434,0.1298722173879591
61.75,-0.04304395644693016,0.18245965166225672,-0.03195197753232618,0.12472691228902985
61.76,-0.04209846875412403,0.17878039950320174,-0.030721092799315577,0.11954101962439137
61.77,-0.04113514060636476,0.17500392068114648,-0.029478314399291695,0.11431728427840677
61.78,-0.04015435164604463,0.17113181227113988,-0.028224164914833018,0.10905841564945533
61.79,-0.0391564910697186,0.16716571269358213,-0.02695917040913125,0.10376712993099148
61.800000000000004,-0.03814195746240441,0.16310730226632475,-0.025683860154589632,0.09844614628584766
61.81,-0.03711115862800124,0.1589582930303055,-0.02439876636081988,0.09309819430556121
61.82,-0.03606451141672186,0.15472041569040476,-0.023104423901790478,0.08772601257526824
61.83,-0.03500244155213301,0.15039536295832356,-0.021801370040297564,0.08233240530550359
61.84,-0.03392538345812244,0.14598487800393328,-0.020490144151447686,0.07692009795364554
61.85,-0.032833780079082366,0.1414908665015169,-0.019171287480585327,0.07149078385938268
61.86,-0.03172808269459035,0.13691511951063814,-0.017845342993885623,0.06604485565121651
61.870000000000005,-0.030608750750882784,0.13225896241477114,-0.01651285527064905,0.06058409623706447
61.88,-0.029476251711409742,0.12752391889840742,-0.015174370330176483,0.05511101627931937
61.89,-0.028331060893439827,0.1227119432735039,-0.013830435400580505,0.04962795447217104
61.9,-0.02717366128118368,0.11782493378593012,-0.012481598673472,0.044137517473323964
61.910000000000004,-0.026004543327008654,0.11286498798241092,-0.011128409050790416,0.03864224830934134
61.92,-0.02482420474045411,0.10783431496087277,-0.009771415888766054,0.0331447134030925
61.93,-0.023633150261615176,0.102735324000261,-0.008411168744183066,0.027647408052285386
61.940000000000005,-0.022431891418730178,0.09757054473833622,-0.00704821712535371,0.022152773746608293
61.95,-0.021220946272433074,0.0923426187373826,-0.005683110248838387,0.016663197466852547
61.96,-0.020000839148067922,0.08705431893613698,-0.004316396801005417,0.011181031060730155
61.97,-0.01877210035829107,0.08170845205503421,-0.0029486247036175127,0.0057085868950000505
61.980000000000004,-0.017535265918692942,0.07630791391159425,-0.0015803408836520835,0.00024812581659753756
61.99,-0.016290877255040644,0.07085570864660558,-0.00021209104792323672,-0.005198139196178582
62.0,-0.015039480902070811,0.06535488514074049,0.0011555805383426422,-0.010628013746574697
62.01,-0.013781628196273838,0.059808547470757686,0.002522131269908089,-0.016039341327085843
62.02,-0.01251787496369551,0.054219845588188334,0.0038870204164932476,-0.02143000428285874
62.03,-0.011248781202763885,0.0485919833904423,0.005249709333558947,-0.026797934251555907
62.04,-0.009974910761476245,0.042928233451173435,0.006609661668463198,-0.03214110906698429
62.050000000000004,-0.008696831008948866,0.03723190835819015,0.007966343562343096,-0.03745753967357679
62.06,-0.007415112502682946,0.03150635327793971,0.009319223848347448,-0.04274527299187506
62.07,-0.006130328652691225,0.025754939217576735,0.010667774246505436,-0.04800238638737781
62.08,-0.00484305538270087,0.01998107164604764,0.012011469555011497,-0.053227001960227394
62.09,-0.003553870788435767,0.01418818098312238,0.013349787837508545,-0.058417280583760604
62.1,-0.0022633547931046353,0.008379728126443671,0.014682210606118615,-0.06357143054737226
62.11,-0.000972088800249374,0.002559196993132851,0.016008222999992543,-0.06868770476011032
62.120000000000005,0.0003193446554140633,-0.0032699177842289364,0.017327313959495324,-0.07376439600462942
62.13,0.0016103622584048988,-0.009104110631299213,0.018638976396236927,-0.07879983950342614
62.14,0.002900380263899013,-0.014939865330115336,0.01994270735899799,-0.08379241028950289
62.15,0.004188814849982595,-0.02077366046409721,0.021238008195585238,-0.0887405246502639
62.160000000000004,0.005475082470292089,-0.02660197496286526,0.022524384710599366,-0.09364264025041909
62.17,0.00675860020656792,-0.03242129098254002,0.023801347319075673,-0.09849725605452025
62.18,0.008038786120734423,-0.03822809826742238,0.025068411196018017,-0.10330291194436556
62.190000000000005,0.009315059606028903,-0.04401890085122214,0.02632509642195838,-0.10805818489782651
62.2,0.010586841736665357,-0.04979022000074039,0.027570928124719528,-0.11276168981697222
62.21,0.011853555615909998,-0.05553858940878893,0.02880543661715278,-0.11741208795438764
62.22,0.013114626722536646,-0.06126056186075334,0.030028157530526,-0.12200808337777093
62.230000000000004,0.014369483255230853,-0.06695271578228959,0.03123863194367456,-0.12654841948136897
62.24,0.015617556474404944,-0.07261165776105044,0.03243640650814243,-0.13103187954639922
62.25,0.01685828104105562,-0.07823402640267042,0.03362103356938637,-0.13545728579538435
62.26,0.01809109535232357,-0.0838164953959482,0.034792071284083015,-0.13982349914491035
62.27,0.019315441873430605,-0.08935577690323898,0.035949083733595816,-0.1441294185206966
62.28,0.020530767465661806,-0.09484862475949826,0.03709164103365231,-0.14837398030347665
62.29,0.021736523710075357,-0.10029183759880453,0.03821931944029828,-0.1525561576748187
62.300000000000004,0.022932167226628098,-0.1056822618648199,0.039331701452187555,-0.1566749599617179
62.31,0.024117159988417847,-0.11101679479073318,0.0404283759092796,-0.16072943191284716
62.32,0.025290969630745033,-0.11629238727092875,0.04150893808801235,-0.16471865295525703
62.33,0.02645306975471042,-0.12150604665750661,0.04257298979302777,-0.1686417364102838
62.34,0.027602940225070878,-0.12665483946238765,0.043620139445528894,-0.1724978286838376
62.35,0.028740067462084542,-0.13173589397547,0.0446500021683467,-0.17628610847182133
62.36,0.029863944727094242,-0.1367464025688966,0.04566219986778934,-0.1800057861693505
62.370000000000005,0.030974072401606836,-0.14168362425202286,0.046656361312358306,-0.18365610260079152
62.38,0.03206995825962157,-0.1465448871293479,0.04763212220843719,-0.18723632787907307
62.39,0.03315111773297302,-0.15132759047820077,0.04858912527306462,-0.19074576074972197
62.4,0.03421707416945826,-0.1560292073099204,0.04952702030389102,-0.19418372697294956
62.410000000000004,0.03526735908353258,-0.16064728607107867,0.05044546424643487,-0.1975495786609224
62.42,0.03630151239940947,-0.16517945163375386,0.05134412125869047,-0.2008426946259554
62.43,0.03731908268641524,-0.16962340758689096,0.052222662773133074,-0.20406247868139585
62.440000000000005,0.03831962738640858,-0.17397693812820927,0.05308076755624164,-0.20720835826190678
62.45,0.03930271303308764,-0.17823790945862789,0.053918121765666426,-0.2102797835909245
62.46,0.04026791546302878,-0.18240427135338166,0.05473441900515172,-0.2132762262953214
62.47,0.04121482001832038,-0.1864740583667979,0.05552936037733266,-0.21619717840255184
62.480000000000004,0.04214302174067622,-0.19044539063220092,0.056302654534484194,-0.21904215215979278
62.49,0.04305212555693553,-0.19431647494721685,0.057054017727288284,-0.22181067894162446
62.5,0.04394174645585447,-0.1980856058174542,0.05778317385171227,-0.22450230789949424
62.51,0.044811509656090265,-0.20175116617478472,0.05848985449411884,-0.22711660506514836
62.52,0.045661050765311385,-0.20531162802050953,0.059173798974705615,-0.22965315236591183
62.53,0.046490015930370714,-0.2087655529117776,0.059834754389371754,-0.2321115467147768
62.54,0.047298061978497744,-0.21211159233542848,0.06047247565010067,-0.2344913990916095
62.550000000000004,0.048084856549479756,-0.21534848795003117,0.06108672552395042,-0.23679233365899147
62.56,0.04885007821880691,-0.2184750717073749,0.06167727467074207,-0.23901398689480977
62.57,0.04959341661177791,-0.22149026585031148,0.0622439016795268,-0.24115600675263435
62.58,0.050314572508568425,-0.22439308279081427,0.06278639310392124,-0.2432180518475495
62.59,0.0510132579402801,-0.22718262486913346,0.06330454349638573,-0.24519979067079764
62.6,0.05168919627599598,-0.2298580839963775,0.06379815544152816,-0.24710090083408037
62.61,0.05234212230146552,-0.23241872240311434,0.06426703958765605,-0.24892109583200633
62.620000000000005,0.052971782293108415,-0.23486378418230439,0.0647110146713266,-0.25066025287692767
62.63,0.05357793409205082,-0.23719249657040126,0.06512990752817033,-0.25231840903000463
62.64,0.05416034717828026,-0.2394041219208894,0.06552355309006394,-0.2538956831064462
62.65,0.054718802741703654,-0.24149797784461635,0.0658917943735602,-0.25539224416071493
62.660000000000004,0.055253093748294554,-0.24347343066995195,0.06623448246243795,-0.25680831898509443
62.67,0.055763024999979156,-0.24532993667680913,0.06655147648656036,-0.258144129569417
62.68,0.05624841318732086,-0.24706701100668893,0.0668426435986406,-0.2593999363570695
62.690000000000005,0.05670908693513682,-0.248684246673832,0.06710785894897403,-0.260576007273051
62.7,0.05714488683970194,-0.25018134764376815,0.06734700566034893,-0.2616725679232626
62.71,0.057555665496752374,-0.25155808944306046,0.06755997480448643,-0.2626898571976266
62.72,0.057941287520291825,-0.25281436097612103,0.067746665380239,-0.2636280628618321
62.730000000000004,0.0583016295510028,-0.25395016174468416,0.06790698429565242,-0.26448732059676056
62.74,0.05863658025392997,-0.25496559035127864,0.0680408463633002,-0.26526745208916896
62.75,0.05894604030574783,-0.2558608546776444,0.06814817433629715,-0.2659674966001701
62.76,0.059229922369878514,-0.2566363192563362,0.06822889901043773,-0.2665858036398923
62.77,0.05948815105858912,-0.257292451220447,0.06828295938834293,-0.26712031771275946
62.78,0.05972066288528041,-0.2578297724798016,0.06831030288336158,-0.26756878453803457
62.79,0.0599274062104878,-0.25824885684591475,0.06831088554842545,-0.267928718499211
62.800000000000004,0.06010834118536791,-0.25855024298824664,0.06828467232906316,-0.2681973484486687
62.81,0.0602634396987449,-0.25873437884657413,0.06823163733915137,-0.26837177142291857
62.82,0.0603926853311973,-0.2588016534793207,0.06815176415781835,-0.2684487925922413
62.83,0.060496073314440166,-0.25875243850556856,0.06804504614499411,-0.2684251640890021
62.84,0.06057361049201858,-0.2585871303490396,0.06791148676239649,-0.26829773337475743
62.85,0.060625315279266304,-0.2583061224934552,0.06775109988921466,-0.26806340081074326
62.86,0.06065121762140494,-0.257909859223257,0.06756391012277474,-0.26771940758654855
62.870000000000005,0.0606513589460162,-0.2573988895466107,0.06734995303784087,-0.26726375555079657
62.88,0.06062579210726536,-0.2567738314569676,0.06710927537364081,-0.2666953529638959
62.89,0.06057458132165549,-0.25603540182255324,0.06684193515133899,-0.2660134241601994
62.9,0.06049780209591116,-0.25518437195383314,0.066548001757688,-0.2652172032909015
62.910000000000004,0.0603955411479094,-0.25422158992891375,0.06622755601907863,-0.2643060173909552
62.92,0.06026789631838849,-0.25314804699055937,0.06588069026668013,-0.2632793269672049
62.93,0.06011497646709661,-0.25196496237203053,0.06550750838580273,-0.26213683032660623
62.940000000000005,0.05993690134432775,-0.2506738984962418,0.06510812584012499,-0.2608785740577751
62.95,0.0597338014379229,-0.24927651986460578,0.06468266967045419,-0.2595047201065984
62.96,0.05950581781011901,-0.24777443915928105,0.06423127848204792,-0.2580153933852128
62.97,0.059253101935463216,-0.24616925429805225,0.06375410243135533,-0.256410722710553
62.980000000000004,0.05897581554096884,-0.24446254939603562,0.06325130321301355,-0.2546908458640976
62.99,0.05867413044764769,-0.24265589732792062,0.06272305404589917,-0.2528559140748015
63.0,0.05834822841325595,-0.24075086042882432,0.06216953965787978,-0.2509060932480434
63.01,0.05799830097590832,-0.2387489991700939,0.06159095626857397,-0.24884158146758478
63.02,0.057624549298443364,-0.2366518615795189,0.060987511568421165,-0.24666263527656582
63.03,0.0572271840167223,-0.23446089130266096,0.060359424688945194,-0.244369682131285
63.04,0.056806425096149894,-0.23217744282536315,0.05970692615612781,-0.24196338538062784
63.050000000000004,0.05636250169320262,-0.22980291976327458,0.05903025781941256,-0.23944471077204205
63.06,0.055895652011400315,-0.22733888616095033,0.05832967274865686,-0.23681502750241656
63.07,0.05540612314772659,-0.22478692932127411,0.057605435097640253,-0.23407594893920183
63.08,0.05489417093658068,-0.22214857848399536,0.0568578199434448,-0.23122922105638002
63.09,0.05436005979621182,-0.2194253622903753,0.05608711311129942,-0.2282766920731819
63.1,0.053804062573392215,-0.21661890646737575,0.055293610992158834,-0.22522019704788676
63.11,0.053226460372420514,-0.21373119132448326,0.05447762036700273,-0.2220613086658356
63.120000000000005,0.05262754235606926,-0.2107644786969173,0.05363945825048244,-0.21880140070260032
63.13,0.05200760552452394,-0.2077210681561488,0.052779451748382035,-0.21544188519107071
63.14,0.051366954486637084,-0.20460326947940918,0.05189793791558473,-0.21198422360389813
63.15,0.05070590122948479,-0.20141340866842283,0.05099526360906655,-0.2084299347226695
63.160000000000004,0.05002476488669416,-0.19815382064819276,0.05007178533506776,-0.20478060237519746
63.17,0.04932387150740718,-0.1948267965726379,0.04912786908872331,-0.20103791367445764
63.18,0.048603553832368,-0.19143446269382156,0.04816389018057701,-0.19720377359443475
63.190000000000005,0.04786415108472473,-0.18797876167909955,0.04718023304310408,-0.19328031990872996
63.2,0.04710600877796873,-0.18446148154606867,0.04617729101516661,-0.18926989327548452
63.21,0.04632947853579896,-0.18088439006502166,0.0451554661097079,-0.18517490355878044
63.22,0.045534917905182784,-0.17724960797675224,0.04411516878325029,-0.1809974614691161
63.230000000000004,0.04472269014525012,-0.1735594885629838,0.04305681772448021,-0.17673949341282985
63.24,0.04389316399799265,-0.1698163779783712,0.0419808396564317,-0.1724029712558226
63.25,0.043046713454832373,-0.16602261990983488,0.04088766913892966,-0.1679899035442083
63.26,0.042183717523753876,-0.16218054935642195,0.03977774836709025,-0.16350233850082754
63.27,0.04130455999720807,-0.15829249270732884,0.03865152696601901,-0.15894236044720178
63.28,0.04040962922099968,-0.15436076473690358,0.03750946178183234,-0.15431208948439148
63.29,0.03949931786434164,-0.15038766724146035,0.03635201666915139,-0.14961367947366047
63.300000000000004,0.03857402269124935,-0.1463754876506534,0.03517966227524357,-0.14484931580722302
63.31,0.03763414433344475,-0.1423264963961935,0.03399287582096954,-0.14002121518079327
63.32,0.03668008706499643,-0.13824294466472903,0.03279214087861465,-0.1351316247649639
63.33,0.03571225857889231,-0.13412706330223942,0.0315779471467266,-0.13018281984412575
63.34,0.0347310697656898,-0.12998106112100183,0.03035079022213523,-0.12517710236327884
63.35,0.03373693449439933,-0.12580712329873434,0.02911117136932024,-0.12011679941335786
63.36,0.03273026939575902,-0.12160740981004985,0.027859597287276907,-0.1150042617391893
63.370000000000005,0.03171149364805336,-0.1173840539230166,0.026596579874029747,-0.10984186222712469
63.38,0.03068102876554096,-0.11313916349324528,0.025322635989049172,-0.10463199104659056
63.39,0.029639298389513465,-0.10887481899009667,0.024038287213862856,-0.09937705489191005
63.4,0.02858672808228868,-0.10459306605928125,0.02274405961081806,-0.09407948281886244
63.410000000000004,0.027523745124188377,-0.1002959268694608,0.02144048348020282,-0.08874171058384984
63.42,0.02645077831311574,-0.09598539919746513,0.020128093116433883,-0.08336617913797761
63.43,0.02536825776591851,-0.09166347698678143,0.01880742656435248,-0.07795531323367182
63.440000000000005,0.024276614717460746,-0.08733225010085495,0.017479025379491694,-0.07251143155202894
63.45,0.023176281308650626,-0.08299401561515025,0.016143434399914735,-0.0670366579616534
63.46,0.02206769037130593,-0.0786507810262641,0.01480120152197102,-0.06153336916970726
63.47,0.020951275220541535,-0.07430464137967724,0.01345287743680127,-0.05600493389984468
63.480000000000004,0.019827469437063486,-0.06995806446294252,0.012099015295525952,-0.050455282523876994
63.49,0.018696706633952124,-0.06561337036747875,0.010740170343873407,-0.0448878015480745
63.5,0.01755942022824705,-0.06127272317146417,0.009376899589122894,-0.039305340540476685
63.51,0.016416043227747333,-0.056938138870613594,0.008009761507831056,-0.033710634450109786
63.52,0.015267008035789063,-0.052611387803509095,0.006639315775030196,-0.02810624930304473
63.53,0.014112746276955822,-0.04829404925204606,0.005266123005273506,-0.022494710898839233
63.54,0.01295368863801307,-0.043987670985417754,0.003890744497105657,-0.01687860639401985
63.550000000000004,0.011790264718369156,-0.03969366380702568,0.0025137419801458238,-0.01126036573775549
63.56,0.01062290289332373,-0.035413262561674964,0.0011356773692308968,-0.005642402677692187
63.57,0.009452030189155615,-0.031147686071489766,-0.00024288747904436506,-2.7179928912910756e-05
63.58,0.008278072164593503,-0.02689808317902378,-0.0016213910100942644,0.005582898193861894
63.59,0.007101452798793163,-0.02266551274556602,-0.0029992722122290085,0.011185458487802662
63.6,0.005922594388786195,-0.018450914039780008,-0.004375970853986529,0.016778155061552495
63.61,0.00474191745682186,-0.014255152883618259,-0.005750927718988652,0.022358658532009638
63.620000000000005,0.003559840665014056,-0.010079050527413204,-0.00712358483892342,0.02792465642423291
63.63,0.0023767807359913653,-0.005923350140806076,-0.008493385724211041,0.033473873737858824
63.64,0.0011931523790747738,-0.0017887673249819926,-0.009859775590981962,0.03900408401581243
63.65,9.368221748231355e-06,0.0023240617733131697,-0.011222201584138903,0.04451308550919161
63.660000000000004,-0.0011741612515885778,0.006414594148961999,-0.012580112997864816,0.04999868827010826
63.67,-0.0023570277530703524,0.010482341937684747,-0.013932961494226676,0.05545872908933416
63.68,-0.0035388252387551136,0.014526868001885934,-0.015280201319719114,0.060891061041933814
63.690000000000005,-0.004719149951298738,0.01854777396543291,-0.016621289520022696,0.06629355168248466
63.7,-0.005897600457946618,0.022544720952655684,-0.01795568615211693,0.07166412049374861
63.71,-0.007073777683266782,0.026517422942125002,-0.019282854492305775,0.07700072678722135
63.72,-0.008247284937266985,0.03046562321102058,-0.020602261240152454,0.08230136502440506
63.730000000000004,-0.009417727939995313,0.03438910073533899,-0.02191337671875841,0.08756406579388745
63.74,-0.01058471484226827,0.03828768659617733,-0.023215675071890842,0.09278688105088896
63.75,-0.0117478562418843,0.04216125446301935,-0.024508634458481067,0.09796789025323543
63.76,-0.01290676519586002,0.04600970797082888,-0.02579173724439004,0.10310520364167083
63.77,-0.014061057229583222,0.04983297801009113,-0.02706447019118651,0.10819696102087469
63.78,-0.015210350343227708,0.05363102409113382,-0.02832632464181869,0.11324133567790635
63.79,-0.01635426501553261,0.05740383040292128,-0.029576796703025845,0.11823653357186051
63.800000000000004,-0.017492424205364347,0.06115139773828969,-0.030815387424558777,0.12318078994698926
63.81,-0.018624453351608634,0.06487374119137618,-0.03204160297538342,0.12807236967643262
63.82,-0.019749980371538873,0.06857089430385711,-0.03325495481676857,0.13290957217303395
63.83,-0.02086863565769339,0.07224290275154058,-0.03445495987204779,0.13769072996360612
63.84,-0.02198005207380866,0.07588981411883311,-0.03564114069299508,0.14241420963429993
63.85,-0.023083864950263735,0.0795116833740977,-0.036813025622923684,0.14707840775729933
63.86,-0.024179712079187253,0.08310856593346448,-0.03797014895665627,0.15168175198150444
63.870000000000005,-0.02526723370947136,0.08668051714905327,-0.03911205109741716,0.15622270041221503
63.88,-0.026346072541862633,0.09022759211656046,-0.04023827871071291,0.16069973963208464
63.89,-0.027415873724363625,0.09374983858598988,-0.041348384875248154,0.16511138697540978
63.9,-0.02847628484837638,0.0972472943819992,-0.042441929230813524,0.16945619012806076
63.910000000000004,-0.029526955945945628,0.10071998450753566,-0.04351847812312171,0.1737327270745198
63.92,-0.030567539488373503,0.1041679185394085,-0.04457760474560681,0.17793960586980573
63.93,-0.03159769038646979,0.10759108800017633,-0.04561888927820538,0.18207546449125986
63.940000000000005,-0.03261706599269668,0.11098946387118157,-0.04664191902313757,0.18613897065470583
63.95,-0.03362532610544969,0.11436299417409042,-0.0476462885377036,0.19012882164896944
63.96,-0.03462213297571922,0.11771160166505637,-0.04863159976411551,0.19404374416801656
63.97,-0.03560715131635469,0.12103518160153166,-0.04959746215640447,0.19788249330217
63.980000000000004,-0.036580048314157884,0.12433359951654611,-0.05054349280449469,0.20164385136519475
63.99,-0.037540493645044054,0.12760668830305538,-0.05146931655542997,0.2053266308936114
64.0,-0.0384881594925129,0.13085424649415653,-0.05237456613160696,0.20892967539348106
64.01,-0.039422720569553434,0.134076038760722,-0.05325888224596874,0.2124518576803091
64.02,-0.04034385414402248,0.13727179468470754,-0.054121913714263684,0.21589207847270825
64.03,-0.0412512400676368,0.14044120579407593,-0.054963317564469,0.21924926667889633
64.04,-0.04214456080879964,0.14358392388549007,-0.05578275914338694,0.22252237966799504
64.05,-0.043023501489457425,0.14669955915940125,-0.056579912220399,0.22571040301719
64.06,-0.043887749926113474,0.14978768018898445,-0.057354459088387245,0.22881235042483655
64.07000000000001,-0.04473699667503928,0.15284781369189016,-0.05810609066183965,0.23182726350653116
64.08,-0.045570935081745534,0.15587944271405993,-0.05883450657215884,0.2347542117114725
64.09,-0.04638926133482148,0.15888200608102662,-0.059539415260175144,0.23759229262734718
64.1,-0.047191674524216555,0.16185489798800454,-0.06022053406584491,0.24034063204100625
64.11,-0.04797787670400833,0.1647974674397252,-0.06087758931513089,0.24299838371864196
64.12,-0.0487475729596962,0.1677090180177012,-0.06151031640407417,0.24556472944132166
64.13,-0.04950047148004584,0.1705888077514623,-0.062118459880061025,0.24803887900707802
64.14,-0.05023628363349215,0.17343604914081814,-0.06270177352028387,0.2504200702684957
64.15,-0.05095472404909293,0.176249909301221,-0.06326002040739294,0.25270756917122794
64.16,-0.05165551070201588,0.17902951024135694,-0.06379297300233569,0.2549006698075742
64.17,-0.05233836500352626,0.18177392926519903,-0.064300413214379,0.25699869447786744
64.18,-0.053003011895453124,0.18448219879287442,-0.064782132468276,0.2590009947816946
64.19,-0.05364917995078183,0.18715325285332915,-0.06523793176610268,0.26090703004693233
64.2,-0.0542766014855583,0.18978584478192748,-0.06566762173614502,0.26271648803908754
64.21000000000001,-0.05488501268589862,0.19237859003649632,-0.06607102266317554,0.2644292249499295
64.22,-0.055474153748260674,0.19493000990531786,-0.0664479645026147,0.2660452035641305
64.23,-0.05604376902928481,0.19743855383893705,-0.06679828688376527,0.2675644624923592
64.24,-0.05659360720269806,0.199902616845445,-0.06712183910557903,0.26898709280625827
64.25,-0.05712342142248543,0.2023205232178148,-0.0674184801259232,0.27031326377129955
64.26,-0.057632969490887295,0.20469058813266536,-0.06768807854624831,0.27154313509375144
64.27,-0.058122014029597074,0.2070110819595624,-0.06793051259382053,0.27267691073420175
64.28,-0.058590322653975783,0.20928025395135896,-0.06814567010158298,0.2737148067998661
64.29,-0.05903766814875331,0.21149636652223247,-0.06833344848764204,0.27465700375020424
64.3,-0.059463828643542334,0.213657679625767,-0.06849375473678947,0.2755036653279374
64.31,-0.059868587787936446,0.2157624610562239,-0.06862650539562899,0.2762545642214774
64.32000000000001,-0.060251734925931784,0.2178089881314552,-0.06873162661517457,0.27690857159662585
64.33,-0.0606130652670842,0.21979562233304953,-0.0688090542690924,0.27746380078255334
64.34,-0.06095238005243544,0.22172075242000874,-0.06885873414085798,0.2779179218930578
64.35,-0.06126948671849782,0.22358273105052337,-0.06888062215579065,0.27826834544047124
64.36,-0.06156419906440419,0.22537984717898926,-0.06887468463969246,0.278512319106746
64.37,-0.061836337429164646,0.22711018575444245,-0.06884089860368497,0.27864666863944887
64.38,-0.062085728885397706,0.22877166353627115,-0.06877925205878561,0.2786680356522133
64.39,-0.062312207448244034,0.23036210344864635,-0.06868974434845601,0.2785730442218273
64.4,-0.06251561429442021,0.2318792560124272,-0.06857238648812479,0.27835823856937664
64.41,-0.0626957979886879,0.23332080558723955,-0.06842720150458548,0.2780203063110069
64.42,-0.06285261471477695,0.23468444285704196,-0.06825422475895064,0.2775562897131931
64.43,-0.06298592850656093,0.235967880864193,-0.06805350422898551,0.2769638881722778
64.44,-0.06309561147628079,0.23716888682356324,-0.06782510071563516,0.2762419790906311
64.45,-0.06318154403669739,0.2382853220343855,-0.0675690879578278,0.2753901066667491
64.46000000000001,-0.0632436151168326,0.23931506853128498,-0.06728555268893756,0.2744078847892404
64.47,-0.06328172237297192,0.24025606680831546,-0.066974594672652,0.2732950567514048
64.48,-0.06329577239214576,0.24110639248247373,-0.06663632672519346,0.27205155653304974
64.49,-0.06328568087999056,0.24186437180934806,-0.06627087471608407,0.2706776257263343
64.5,-0.06325137282348388,0.24252865578487467,-0.06587837753849786,0.2691738772632222
64.51,-0.06319278263121268,0.24309794149980682,-0.0654589870521823,0.26754102204592817
64.52,-0.0631098542665863,0.2435708711122657,-0.06501286801442234,0.2657797642336141
64.53,-0.06300254138308829,0.243946077169804,-0.06454019800817824,0.26389084795543977
64.54,-0.06287080746159118,0.24422217392227002,-0.06404116736752798,0.26187504534198963
64.55,-0.06271462594860426,0.24439777872166435,-0.0635159790995636,0.2597331733806925
64.56,-0.06253398039441782,0.24447151720796362,-0.06296484880202095,0.2574660979836578
64.57000000000001,-0.06232886459164693,0.24444198501184966,-0.0623880045746244,0.2550747819869691
64.58,-0.0620992827183566,0.2443076703164874,-0.06178568691800482,0.2525604047666329
64.59,-0.0618452494889102,0.2440670004434919,-0.061158148612558874,0.24992438737857264
64.6,-0.061566790308248014,0.24371845602634937,-0.06050565457253461,0.24716842863617144
64.61,-0.06126394141811984,0.2432607302941322,-0.05982848166875617,0.24429464463363168
64.62,-0.06093675002780213,0.24269264324144885,-0.059126918515732346,0.24130546030061983
64.63,-0.06058527443411846,0.24201302074697398,-0.05840126523098545,0.23820343965064616
64.64,-0.06020958413707545,0.2412207386047974,-0.057651833178626016,0.2349912372142735
64.65,-0.05980975994810751,0.2403148268068684,-0.056878944706103066,0.23167149501565606
64.66,-0.05938589407723518,0.2392947181689711,-0.05608293288762749,0.22824660122729767
64.67,-0.058938090186901985,0.23816018013925908,-0.05526414128624022,0.22471875436310812
64.68,-0.058466463418318945,0.23691107567998843,-0.05442292372908189,0.22109019145738887
64.69,-0.05797114040421744,0.23554733949977713,-0.05355964408269738,0.21736320848596813
64.7,-0.05745225927374594,0.23406898330063655,-0.052674676023102704,0.21354015230753437
64.71000000000001,-0.05690996965173121,0.23247603084204083,-0.051768402798781414,0.2096234799798212
64.72,-0.056344432657924645,0.23076843633061567,-0.05084121698150665,0.20561583426747365
64.73,-0.0557558209114221,0.2289460885305979,-0.049893520200357803,0.20152003506684893
64.74,-0.05514431854110204,0.22700882911855677,-0.04892572285853127,0.19733905770532875
64.75,-0.0545101211998052,0.22495649451874744,-0.047938243835528235,0.1930759894046974
64.76,-0.05385343607300789,0.22278913680740267,-0.0469315101839098,0.188733815082184
64.77,-0.05317448186432134,0.22050721596760403,-0.045905956837786824,0.18431523173894768
64.78,-0.05247348875105416,0.21811136980150786,-0.044862026339757145,0.17982286498131228
64.79,-0.0517506983211101,0.2156022939843253,-0.04380016857584423,0.17525937988025722
64.8,-0.05100636350103404,0.21298076339334354,-0.04272084050942005,0.1706274571393645
64.81,-0.050240748476686616,0.21024762680106548,-0.04162450591305389,0.1659297946534332
64.82000000000001,-0.04945412860611112,0.20740381603818211,-0.04051163509905097,0.16116909539873364
64.83,-0.04864679032455085,0.20445033605653637,-0.039382704649062544,0.15634807339387685
64.84,-0.0478190310418848,0.20138826638025967,-0.03823819714286404,0.15146944872141677
64.85,-0.04697115903266964,0.19821875906878622,-0.037078600886482745,0.14653594600182873
64.86,-0.04610349331907622,0.1949430317414193,-0.035904409639739523,0.1415502977294217
64.87,-0.045216363547321226,0.19156236065443683,-0.03471612234297828,0.13651524748771113
64.88,-0.04431010985728327,0.188078106296139,-0.033514242843620125,0.1314335218184935
64.89,-0.04338508274443447,0.18449170512022456,-0.03229927962372559,0.12630783496827133
64.9,-0.04244164291490282,0.1808046400999564,-0.031071745528095763,0.12114091415874925
64.91,-0.041480161135051416,0.177018448117682,-0.02983215749190561,0.11593548913713857
64.92,-0.040501018074786704,0.1731347526718929,-0.028581036268993568,0.11069425607969169
64.93,-0.03950460414493374,0.1691551958336908,-0.027318906160812898,0.10541994189838173
64.94,-0.03849131933006055,0.16508148147094165,-0.02604629474494174,0.10011526014521223
64.95,-0.03746157301745453,0.16091532687341656,-0.02476373260270012,0.09478295501729925
64.96000000000001,-0.03641578382513286,0.15665841905030384,-0.023471753043344576,0.08942584120576
64.97,-0.03535437943129998,0.1523124373201761,-0.022170891823030333,0.0840467703941278
64.98,-0.03427779639790034,0.1478792830859977,-0.02086168687317431,0.07864818539019126
64.99,-0.03318647998563889,0.14336078310814612,-0.019544678112529353,0.07323044708472608
65.0,-0.03208088397789926,0.13875845238014162,-0.018220407347276448,0.06779465712827003
65.01,-0.030961470526589867,0.13407364046944703,-0.016889418135286733,0.06234322517654473
65.02,-0.029828709997278022,0.1293081818718299,-0.015552255572766287,0.05687850948878028
65.03,-0.028683080790797597,0.12446400195828115,-0.014209466051352683,0.0514030718599491
65.04,-0.027525069148803837,0.11954308982858779,-0.012861597006267367,0.04591947176847779
65.05,-0.026355168947772054,0.1145476480076626,-0.011509196659128423,0.04043031540871895
65.06,-0.025173881476564252,0.10948002885214672,-0.010152813761175196,0.03493812250582728
65.07000000000001,-0.02398171519709671,0.10434275600650683,-0.008792997341129767,0.029445371030536113
65.08,-0.02277918549114474,0.0991384328860864,-0.0074302964582017225,0.02395449451328125
65.09,-0.021566814394487245,0.09386983644335961,-0.006065259960370803,0.018467853319327265
65.1,-0.020345130318845394,0.08853981138313119,-0.004698436247307166,0.012987803057270212
65.11,-0.019114667766024607,0.08315123653137393,-0.003330373036351339,0.007516654481606005
65.12,-0.01787596703505371,0.07770712078112858,-0.0019616171328589054,0.0020566516476272032
65.13,-0.016629573919825703,0.07221055198258955,-0.0005927142056883558,-0.0033899924140177303
65.14,-0.015376039399244307,0.06666465278754699,0.0007757914340764489,-0.008821077376682683
65.15,-0.014115919322280644,0.06107260594891062,0.002143357051972134,-0.014234441760612922
65.16,-0.012849774087735357,0.055437648815624616,0.0035094417053341976,-0.019627972869724473
65.17,-0.011578168318383928,0.04976307652712251,0.004873506453778245,-0.02499960732455097
65.18,-0.010301670529449464,0.04405224236302816,0.006235014565122823,-0.030347319280778762
65.19,-0.009020852791842414,0.03830854096476096,0.007593431717399785,-0.03566911822464856
65.2,-0.00773629039133852,0.0325353971210909,0.008948226197341558,-0.040963047490420276
65.21000000000001,-0.006448561484689204,0.026736262181026517,0.010298869095526804,-0.046227182195341825
65.22,-0.005158246752998601,0.020914616390323788,0.011644834498057324,-0.05145963765058219
65.23,-0.0038659290522154903,0.015073972191677257,0.012985599674211735,-0.05665857516690948
65.24,-0.0025721930606599393,0.009217870254720791,0.014320645259609112,-0.061822202369700256
65.25,-0.0012776249240229038,0.0033498695439555305,0.015649455434910992,-0.06694876810929466
65.26,1.718810142162358e-05,-0.002526458147613436,0.016971518100323362,-0.07203656190186028
65.27,0.0013116580067300738,-0.008407534525794774,0.01828632504598076,-0.07708391548778527
65.28,0.002605196388954635,-0.014289773175733699,0.019593372118199868,-0.08208920106857753
65.29,0.0038972148104167445,-0.020169582793357402,0.02089215938165828,-0.08705083132844371
65.3,0.00518712515824974,-0.026043374014637247,0.02218219127751194,-0.09196726028428931
65.31,0.006474340003706894,-0.03190756268036169,0.023462976777410462,-0.0968369830958753
65.32000000000001,0.007758272960812872,-0.037758573901166034,0.024734029533406907,-0.10165853601967889
65.33,0.009038339043925014,-0.04359284753949942,0.02599486802383461,-0.10643049417758296
65.34,0.01031395502361234,-0.04940684586655675,0.027245015695404908,-0.11115146707537849
65.35,0.011584539780605842,-0.05519704591625392,0.028484001101430147,-0.11582011023347889
65.36,0.0128495146578833,-0.0609599447051527,0.02971135803574146,-0.12043512346905925
65.37,0.014108303810522362,-0.06669206763815394,0.03092662566231835,-0.12499524535969864
65.38,0.015360334552744546,-0.07238997052984612,0.03212934864090676,-0.12949925441205054
65.39,0.016605037701748815,-0.0780502438782412,0.033319077248717466,-0.13394596776054293
65.4,0.017841847917992867,-0.08366951587513674,0.034495367498251175,-0.13833424105078337
65.41,0.019070204041581593,-0.08924445587712083,0.03565778125130247,-0.1426629676930204
65.42,0.02028954942443469,-0.09477177757017995,0.036805886329201155,-0.14693107834296104
65.43,0.021499332257911275,-0.10024824217542723,0.037939256619349965,-0.15113754020754055
65.44,0.022699005895575847,-0.10567066151320074,0.03905747217812544,-0.15528135637608137
65.45,0.023888029170800372,-0.11103590101043496,0.04016011933021087,-0.15936156508311686
65.46000000000001,0.025065866708903674,-0.11634088257218189,0.04124679076443308,-0.1633772389808796
65.47,0.026231989233561147,-0.12158258689483643,0.042317085626170724,-0.1673274845940157
65.48,0.027385873867213282,-0.1267580566181997,0.043370609606407706,-0.1712114411892529
65.49,0.028527004425178602,-0.13186439959132845,0.0444069750275329,-0.17502827969226117
65.5,0.029654871703175816,-0.1368987909601347,0.04542580092598449,-0.17877720203853334
65.51,0.03076897375802197,-0.14185847548285987,0.04642671313181968,-0.18245744029875371
65.52,0.03186881618127186,-0.14674077016001877,0.0474093443452924,-0.18606825576659783
65.53,0.03295391236556419,-0.15154306609299853,0.048373334210531194,-0.18960893795988426
65.54,0.034023783763484174,-0.15626283023300802,0.04931832938641603,-0.19307880356705795
65.55,0.0350779601387307,-0.16089760820038188,0.05024398361478652,-0.19647719458105337
65.56,0.03611597980938767,-0.16544502531857777,0.0511499577860832,-0.19980347864005124
65.57000000000001,0.03713738988314654,-0.169902788065304,0.05203592000245853,-0.20305704847421302
65.58,0.038141746484327214,-0.1742686862761262,0.052901545638432544,-0.20623732006231252
65.59,0.039128614972515185,-0.1785405945622907,0.05374651739922503,-0.20934373168156772
65.6,0.0400975701526628,-0.1827164736811167,0.05457052537687907,-0.2123757428709216
65.61,0.04104819647652324,-0.18679437175463678,0.05537326710427749,-0.2153328333928761
65.62,0.04198008823529611,-0.19077242547059262,0.05615444760716867,-0.21821450188256258
65.63,0.04289284974337869,-0.19464886090401753,0.05691377945430791,-0.2210202650611525
65.64,0.043786095513141,-0.19842199411293931,0.05765098280579413,-0.223749657449777
65.65,0.04465945042065923,-0.20209023196182493,0.05836578545966374,-0.22640223013301444
65.66,0.04551254986233919,-0.2056520727692712,0.05905792289684721,-0.22897754955506205
65.67,0.04634503990236892,-0.20910610670861385,0.05972713832459753,-0.2314751966495497
65.68,0.047156577410963095,-0.21245101611706335,0.06037318271848828,-0.2338947658958455
65.69,0.047946830193374215,-0.21568557565739857,0.060995814863069646,-0.23623586444837327
65.7,0.048715477109657096,-0.21880865236304428,0.0615948013912716,-0.2384981112654357
65.71000000000001,0.049462208185187234,-0.22181920555424023,0.062169916822639844,-0.2406811362753021
65.72,0.050186724711946885,-0.22471628663429968,0.0627209436004865,-0.24278457955893412
65.73,0.05088873934060025,-0.2274990387625272,0.06324767212803778,-0.24480809057442213
65.74,0.05156797616340086,-0.23016669640035192,0.06374990080365306,-0.24675132742100284
65.75,0.05222417078821951,-0.23271857676652377,0.06422743605483064,-0.24861396779245407
65.76,0.05285707040658204,-0.23515400051758503,0.06468009236694156,-0.2503958233356738
65.77,0.053466433860575514,-0.23747226673898614,0.06510769229976465,-0.2520968741709082
65.78,0.0540520317097982,-0.2396727058329597,0.06551006649031081,-0.2537171893167994
65.79,0.05461364629575079,-0.24175469525818902,0.06588705364596346,-0.2552569014867364
65.8,0.0551510718015541,-0.24371766909330797,0.06623850053125503,-0.25671619086700465
65.81,0.05566411430541255,-0.24556114390885714,0.0665642619508132,-0.25809524493924796
65.82000000000001,0.05615259182746043,-0.2472846831050687,0.06686420072924606,-0.2593943083366188
65.83,0.05661633436930732,-0.2488879596418934,0.06713818768921037,-0.26061358845174676
65.84,0.05705518394518235,-0.2503707142035088,0.06738610162955197,-0.2617533132927629
65.85,0.057468994604860865,-0.2517327761052403,0.06760782930351698,-0.2628136994687913
65.86,0.05785763244744236,-0.2529740869105034,0.06780326539860698,-0.26379491526927873
65.87,0.05822097562504107,-0.2540946797267656,0.06797231251970691,-0.26469710749329495
65.88,0.058558914336219396,-0.25509470291884934,0.06811488118048478,-0.26552022004693876
65.89,0.058871350809289055,-0.25597439133029015,0.0682308898263563,-0.2662635124309675
65.9,0.05915819927467109,-0.25673412350266456,0.06832026491818549,-0.26692550101620033
65.91,0.05941938592413391,-0.25737441934933436,0.06838294108055612,-0.26750423693062286
65.92,0.059654848858254,-0.2578958636124346,0.06841886129546938,-0.2679975192680847
65.93,0.05986453802650315,-0.2582990872717903,0.06842797712629367,-0.26840286767878097
65.94,0.06004841516364835,-0.2585847269199842,0.06841024896475927,-0.26871766345738657
65.95,0.06020645372809112,-0.25875331946093144,0.06836564629959418,-0.26893898678051253
65.96000000000001,0.06033863884742175,-0.2588053256393256,0.06829414801208274,-0.2690636158140305
65.97,0.060444967269891486,-0.25874120191720595,0.0681957426911566,-0.269088371645084
65.98,0.06052544731759494,-0.25856140677750555,0.06807042895453148,-0.26901000380049794
65.99,0.060580098840047183,-0.2582663873551592,0.06791821577137083,-0.2688252991072953
66.0,0.06060895316621656,-0.2578566594659348,0.06773912277489667,-0.268531355933593
66.01,0.060612053052240274,-0.2573327781374227,0.06753318054300286,-0.26812578684194155
66.02,0.06058945262280286,-0.2566953988468877,0.06730043081609285,-0.2676072158931658
66.03,0.060541217303186914,-0.25594529542295585,0.06704092663779512,-0.2669748181999033
66.04,0.06046742374297427,-0.2550832605670074,0.06675473244835917,-0.2662277727015883
66.05,0.06036815973392573,-0.25411017145678294,0.0664419241642045,-0.26536534799546324
66.06,0.06024352411958969,-0.2530270281540128,0.06610258924926025,-0.2643869324989033
66.07000000000001,0.06009362669162096,-0.2518350127041274,0.06573682677272845,-0.2632921050003007
66.08,0.05991858806411827,-0.25053565176869286,0.06534474744417793,-0.26208079721643446
66.09,0.05971853952175579,-0.24913065544695184,0.0649264736213398,-0.26075313850530424
66.1,0.05949362285334771,-0.2476216940412726,0.06448213930186238,-0.25930923562308583
66.11,0.05924399018466247,-0.24601041069401652,0.06401189011246798,-0.2577491888692928
66.12,0.058969803813869105,-0.24429843431305281,0.06351588329855379,-0.25607310870089717
66.13,0.05867123604894313,-0.24248737246280222,0.0629942877131828,-0.2542811128780962
66.14,0.058348469046669314,-0.2405788260597516,0.06244728380488435,-0.2523733393790755
66.15,0.05800169465269172,-0.23857438863266123,0.06187506360340882,-0.25034995512048475
66.16,0.05763111424254362,-0.23647564032008106,0.061277830702526646,-0.2482111633787134
66.17,0.057236938566132156,-0.234284077549535,0.060655800236045346,-0.24595731014415528
66.18,0.05681938759993632,-0.23200109151611084,0.06000919883889623,-0.24358897312866587
66.19,0.056378690405892135,-0.22962808082662794,0.0593382645851995,-0.24110701338083262
66.2,0.05591508498712363,-0.2271666036436717,0.05864324689506106,-0.23851270323796056
66.21000000000001,0.05542881813412522,-0.2246182694546203,0.05792440640649338,-0.23580760518148014
66.22,0.05492014526714311,-0.2219846285261028,0.05718201482033982,-0.2329934286675452
66.23,0.0543893302811989,-0.21926720933518482,0.056416354728600356,-0.2300719998821568
66.24,0.05383664539149021,-0.21646760278575022,0.055627719433356114,-0.22704516863297536
66.25,0.05326237096641812,-0.21358771660838635,0.05481641276920829,-0.223914558100495
66.26,0.052666795333510596,-0.21062979178235924,0.05398274894412939,-0.22068154216322858
66.27,0.05205021456069501,-0.2075961340163553,0.05312705239712644,-0.21734749353799596
66.28,0.05141293222779781,-0.20448905071871523,0.05224965765867615,-0.2139138563048266
66.29,0.0507552591961692,-0.20131086751449875,0.05135090920574065,-0.21038213647070356
66.3,0.05007751337723506,-0.1980639162450729,0.050431161310449814,-0.20675390011856498
66.31,0.049380019500967785,-0.19475051128413248,0.049490777882165174,-0.20303079183869782
66.32000000000001,0.048663108889667996,-0.1913728204194454,0.04853013229830092,-0.19921465614759545
66.33,0.04792711924561614,-0.18793280917604935,0.0475496072159711,-0.1953075884384821
66.34,0.047172394457189445,-0.18443226350825292,0.04654959436030701,-0.1913119104525976
66.35,0.04639928442007873,-0.18087289805592335,0.0455304942929806,-0.1872300622928602
66.36,0.04560814485553754,-0.17725675384790132,0.04449271617874309,-0.1830642139841897
66.37,0.04479933710517108,-0.17358615665247312,0.04343667757021191,-0.1788163004219765
66.38,0.043973227905013894,-0.16986344021661431,0.04236280420867082,-0.17448828652434004
66.39,0.0431301891539364,-0.16609092809066398,0.04127152982663838,-0.17008218212514148
66.4,0.04227059768264403,-0.1622709369023955,0.04016329594644146,-0.16560003519173527
66.41,0.04139483502360393,-0.15840577173488177,0.03903855167479723,-0.1610439331228883
66.42,0.04050328718208021,-0.15449772552022903,0.037897753493556355,-0.15641599997358402
66.43,0.03959634440847414,-0.15054907649672022,0.03674136504674525,-0.1517183956865026
66.44,0.03867440097215317,-0.14656208670606619,0.03556985692405358,-0.14695331429303854
66.45,0.03773785493694446,-0.14253900024738034,0.03438370644092315,-0.14212298231262452
66.46000000000001,0.03678710793843872,-0.138482042153692,0.033183397415421916,-0.13722965644044044
66.47,0.035822564963290525,-0.13439341537826271,0.03196941994203973,-0.13227562391839418
66.48,0.03484463413072269,-0.13027529934359322,0.03074227016248572,-0.12726320076020456
66.49,0.033853726476402606,-0.12612984887613776,0.02950245003364202,-0.12219472950059859
66.5,0.032850255738816767,-0.12195919251028663,0.028250467092853917,-0.11707257791040793
66.51,0.03183463814829252,-0.11776543110729779,0.0269868342207216,-0.11189913733223689
66.52,0.030807292218798594,-0.11355063674272238,0.025712069401555692,-0.10667682077546903
66.53,0.02976863854251481,-0.10931685571946602,0.02442669548183721,-0.10140805609420138
66.54,0.028719099587280153,-0.10506610072172035,0.023131239926857387,-0.09609529236199753
66.55,0.027659099497105356,-0.10080035548275057,0.02182623457560315,-0.09074099199820827
66.56,0.026589063895353923,-0.09652158499774509,0.02051221539457319,-0.08534761709827222
66.57000000000001,0.025509419688946926,-0.09223176951236069,0.019189722232369345,-0.07991759652137974
66.58,0.024420594865451863,-0.08793310750655596,0.017859298582392137,-0.0744531499804875
66.59,0.02332301827822431,-0.08362782624610406,0.016521491357677873,-0.06895645977832776
66.6,0.0222171194350317,-0.07931785550038235,0.015176850655004612,-0.06343024979978579
66.61,0.021103328288239024,-0.07500553226306708,0.013825929457260105,-0.05787840185675542
66.62,0.019982075009070555,-0.07069324958068676,0.012469283271031363,-0.05230469700900573
66.63,0.018853789754279253,-0.06638329859071279,0.011107469767291385,-0.04671223544160623
66.64,0.017718902444456043,-0.0620777217786769,0.009741048466667918,-0.041103826212900825
66.65,0.016577842560817253,-0.05777842632703836,0.008370580455077607,-0.03548219578311435
66.66,0.015431038961659246,-0.053487057458380595,0.006996628113106299,-0.029849943574748832
66.67,0.014278919718327987,-0.049205132849247116,0.005619754854664547,-0.02420962457879878
66.68,0.013121911962966743,-0.044934159068285025,0.004240524869385414,-0.018563824775729414
66.69,0.011960441746373921,-0.04067541362961221,0.002859502867535345,-0.012915027535289636
66.7,0.01079493391028715,-0.03643007885001668,0.0014772538296392644,-0.007265708197526677
66.71000000000001,0.009625811969550034,-0.03219931409907496,9.43427586436317e-05,-0.0016183383372180653
66.72,0.008453497999165513,-0.027984216599711644,-0.0012886655652233597,0.0040246870382467485
66.73,0.007278412528632801,-0.023785760313550675,-0.0026712068266717174,0.009660942244972718
66.74,0.006100974446979295,-0.019604807995452916,-0.004052717416997869,0.0152880197157758
66.75,0.004921600917184234,-0.015442172855469657,-0.005432634674035165,0.02090355736430334
66.76,0.0037407072971024535,-0.011298605970068033,-0.0068103971189292616,0.026505211784636475
66.77,0.002558707066476422,-0.00717479035169104,-0.008185444689562442,0.03209068905916696
66.78,0.0013760117593218564,-0.0030713814939582473,-0.009557218970077247,0.03765773015938445
66.79,0.0001930309016614467,0.0010110528532690753,-0.010925163417181243,0.04320409245451917
66.8,-0.0009898280432277847,0.005072032659009711,-0.012288723584338159,0.04872755294308705
66.81,-0.00217215972194403,0.009111130697689028,-0.0136473473437864,0.05422591694121264
66.82000000000001,-0.003353560932232501,0.013127971361149914,-0.015000485105916447,0.059697017205684336
66.83,-0.0045336306596003755,0.017122215891067827,-0.016347590036080096,0.06513870747675629
66.84,-0.005711970109444199,0.021093581442045598,-0.017688118269319125,0.0705488576025446
66.85,-0.006888182734209081,0.025041835591210922,-0.019021529122473756,0.0759253828165646
66.86,-0.008061874256097806,0.028966776191459664,-0.02034728530216827,0.08126624844440469
66.87,-0.009232652686226233,0.03286823801771587,-0.021664853108426047,0.08656945173674825
66.88,-0.010400128339963592,0.036746103668171284,-0.022973702634940845,0.09183301463954589
66.89,-0.011563913848011798,0.04060029623441808,-0.024273307966642715,0.09705498646479932
66.9,-0.01272362416369161,0.044430768984817036,-0.02556314737443856,0.1022334482900642
66.91,-0.013878876567186544,0.04823750218927597,-0.026842703506859848,0.10736651271122175
66.92,-0.015029290667291468,0.052020497178247284,-0.028111463578601923,0.11245232198682223
66.93,-0.01617448840099785,0.05577977703472843,-0.029368919555965194,0.1174890507819415
66.94,-0.017314094031066665,0.05951538446626054,-0.030614568339070235,0.12247490713714121
66.95,-0.018447734141989455,0.06322737169634304,-0.03184791194089408,0.1274081275022858
66.96000000000001,-0.019575037634744493,0.0669158048189338,-0.03306845766320501,0.13228698169441186
66.97,-0.020695635720398602,0.07058076162401601,-0.0342757182692032,0.13710977433623867
66.98,-0.021809161912943492,0.07422231970033331,-0.03546921215269132,0.14187484485556204
66.99,-0.022915252021834892,0.07784056154043674,-0.03664846350389231,0.14658056279162845
67.0,-0.02401354414437527,0.08143556954966658,-0.03781300247213626,0.1512253282009131
67.01,-0.025103678658294673,0.08500741915072076,-0.03896236532541105,0.15580757424158032
67.02,-0.026185298214830514,0.08855618328540936,-0.04009609460677352,0.16032576285619216
67.03,-0.027258047732395735,0.09208192662003116,-0.04121373928773983,0.16477838619473173
67.04,-0.02832157439118544,0.09558470045348695,-0.042314854918645124,0.1691639676558026
67.05,-0.029375527629149842,0.09906454077422314,-0.04339900377590571,0.1734810612612505
67.06,-0.030419559139622056,0.10252146514484048,-0.0444657550061924,0.1777282517317682
67.07000000000001,-0.031453322870866364,0.10595547030494408,-0.04551468476753298,0.18190415420805256
67.08,-0.03247647502780437,0.10936652955434208,-0.046545376367358615,0.18600741414857588
67.09,-0.033488674076167645,0.1127545903926567,-0.047557420397510854,0.19003670714281687
67.1,-0.03448958074931365,0.11611957218738547,-0.04855041486622595,0.19399073877040157
67.11,-0.03547885805793083,0.11946136399142433,-0.04952396532711055,0.19786824444502313
67.12,-0.03645617130284984,0.12277982245763924,-0.0504776850051262,0.20166798927321627
67.13,-0.037421188091167255,0.12607476980876692,-0.051411194919597385,0.20538876783666188
67.14,-0.038373578355923345,0.12934599047700862,-0.052324124004284045,0.20902940339668555
67.15,-0.03931301437957027,0.13259323008786203,-0.053216109224530336,0.21258874893909355
67.16,-0.040239170821283365,0.13581619748374935,-0.05408679569151403,0.2160656851593151
67.17,-0.04115172474812561,0.13901456155830663,-0.05493583677359081,0.2194591231298018
67.18,-0.042050355670254363,0.14218794871625934,-0.05576289420464588,0.22276800435691493
67.19,-0.0429347455803855,0.14533594206500994,-0.05656763818945184,0.22599129891626768
67.2,-0.04380457899765923,0.14845807947903805,-0.05734974750611517,0.2291280058580991
67.21000000000001,-0.04465954301600827,0.15155385402602592,-0.05810890960563035,0.23217715288186977
67.22,-0.045499327357049084,0.15462271361154684,-0.05884482070855405,0.2351377964398567
67.23,-0.04632362442754249,0.1576640595849636,-0.059557185898802455,0.23800902172416527
67.24,-0.04713212938151472,0.16067724625586674,-0.060245719214574736,0.24078994262432513
67.25,-0.047924540187096375,0.1636615805121772,-0.060910143736405506,0.24347970154681178
67.26,-0.04870055769811031,0.1666163217388122,-0.06155019167235357,0.24607746965250465
67.27,-0.04945988573041555,0.1695406818763002,-0.06216560444031061,0.2485824470161523
67.28,-0.0502022311429984,0.17243382543639246,-0.06275613274742163,0.25099386250438366
67.29,-0.0509273039238004,0.17529486971942435,-0.06332153666661977,0.25331097380507506
67.3,-0.05163481728025885,0.17812288518762426,-0.0638615857102736,0.25553306748638765
67.31,-0.05232448773451824,0.1809168959561144,-0.06437605890094665,0.2576594590551284
67.32000000000001,-0.05299603522325908,0.18367588039032512,-0.06486474483925668,0.2596894930643694
67.33,-0.053649183203340244,0.18639873105504562,-0.0653274417670087,0.26162260227021755
67.34,-0.05428365876795749,0.18908416583475307,-0.06576395761865617,0.26345843780958167
67.35,-0.054899192777661074,0.19173075504161669,-0.06617411005464079,0.2651968320636385
67.36,-0.055495520005110974,0.19433697102227993,-0.06655772647803815,0.2668377286208746
67.37,-0.05607237928968061,0.19690121742394842,-0.06691464403995855,0.26838114152158604
67.38,-0.05662951369959678,0.19942182550023116,-0.06724470963687856,0.2698271625817605
67.39,-0.057166670700711436,0.2018970705031449,-0.06754777990100912,0.2711759396895607
67.4,-0.05768360233003702,0.20432520844272478,-0.0678237211862061,0.272427625763954
67.41,-0.058180065373217855,0.20670443344182507,-0.06807240955038961,0.2735824430030171
67.42,-0.05865582154543918,0.2090329386130103,-0.06829373073498726,0.27464059614125863
67.43,-0.05911063767380702,0.21130890948981007,-0.06848758014403598,0.27560228461794406
67.44,-0.05954428588025107,0.2135305262730247,-0.06865386282411898,0.2764677004773737
67.45,-0.05995654376439403,0.21569598241389515,-0.06879249345462139,0.2772367166102798
67.46000000000001,-0.060347194586226345,0.21780345857708028,-0.06890339637951164,0.277908376026913
67.47,-0.06071602744679293,0.21985121024747042,-0.06898650571080943,0.2784809314565861
67.48,-0.06106283746352002,0.22183755351612952,-0.06904176550307682,0.27895213029840193
67.49,-0.06138742594169519,0.223760782677846,-0.06906912997630582,0.27931946640905986
67.5,-0.061689600547713386,0.2256191293228611,-0.06906856376788918,0.2795802207014012
67.51,-0.06196917549178221,0.2274106311981925,-0.06904004221290064,0.2797312599618313
67.52,-0.06222597172646877,0.2291331613487131,-0.06898355165267687,0.27976933317700414
67.53,-0.06245981716029998,0.23078449097847856,-0.06889908976203167,0.27969103917323507
67.54,-0.06267054688199905,0.23236231342169794,-0.06878666588851648,0.2794929023306173
67.55,-0.06285800339248293,0.2338642585647297,-0.06864630139345061,0.27917160508583017
67.56,-0.06302203684127303,0.23528796281713163,-0.06847802997822179,0.2787241022330874
67.57000000000001,-0.06316250526411178,0.23663105201584245,-0.06828189797787253,0.27814787188920315
67.58,-0.06327927481885444,0.23789121885364597,-0.06805796458786201,0.2774415458567596
67.59,-0.06337222001480398,0.23906626654606863,-0.06780630199664517,0.27660462698910226
67.6,-0.06344122393505279,0.24015400342472776,-0.06752699544892393,0.2756367326277959
67.61,-0.06348617845444537,0.24115229907145364,-0.06722014328262495,0.27453759101515857
67.62,-0.06350698445058524,0.24205914526674605,-0.06688585695235376,0.2733071181742307
67.63,-0.06350355200093298,0.24287274787910165,-0.0665242610331672,0.27194549664419293
67.64,-0.06347580055630518,0.24359165469568858,-0.06613549319539913,0.27045330051042443
67.65,-0.06342365909014935,0.2442145122966242,-0.06571970415043955,0.2688312481932601
67.66,-0.06334706623758221,0.2447399200936598,-0.06527705758160494,0.26708005971771004
67.67,-0.06324597043515989,0.2451664642031913,-0.06480773007102086,0.26520048978452065
67.68,-0.0631203300626486,0.24549271530941572,-0.06431191102382454,0.26319332368479775
67.69,-0.06297011358558492,0.24571724960860664,-0.06378980258873651,0.2610593936373426
67.7,-0.0627952996976219,0.24583864923600707,-0.06324161957435005,0.25879957628902306
67.71000000000001,-0.06259587746311703,0.24585547367804692,-0.06266758935970707,0.25641483260886566
67.72,-0.06237184646372965,0.24576618308746606,-0.06206795179341771,0.25390633167516624
67.73,-0.062123216952428555,0.24556916923303607,-0.06144295907350792,0.25127548036651853
67.74,-0.061850010011561686,0.24526286349205953,-0.06079287560325666,0.24852395014409515
67.75,-0.06155225770405726,0.24484589841868765,-0.06011797781660584,0.2456538231063806
67.76,-0.0612300032091147,0.24431706011611576,-0.05941855396773519,0.24266751633984882
67.77,-0.060883300945946135,0.2436751456527311,-0.0586949038911807,0.23956760275241948
67.78,-0.06051221669266241,0.24291899187684607,-0.05794733874469361,0.23635675105036522
67.79,-0.060116827698711454,0.24204757227007997,-0.05717618074398833,0.2330376399415855
67.8,-0.05969722277800664,0.24106024013758884,-0.0563817629022507,0.22961271686516163
67.81,-0.059253502369119776,0.23995671888066814,-0.055564428787697295,0.2260842083243461
67.82000000000001,-0.05878577856602556,0.2387368488384039,-0.05472453229601405,0.2224543606028587
67.83,-0.05829417513357576,0.2374005394036106,-0.05386243742421926,0.2187254838225607
67.84,-0.05777882751468176,0.23594778165959537,-0.05297851803950039,0.2148999363564365
67.85,-0.05723988283125917,0.23437859249667656,-0.05207315764135505,0.2109801756620617
67.86,-0.056677499884161125,0.23269292640222972,-0.051146749112312914,0.20696883997992957
67.87,-0.056091849157791154,0.23089066827998295,-0.05019969445211286,0.20286875119383171
67.88,-0.05548311283086411,0.22897165369670305,-0.04923240449433113,0.19868289047166052
67.89,-0.0548514847914353,0.22693570217862388,-0.048245298607698835,0.19441436285980782
67.9,-0.05419717064780889,0.2247828227066123,-0.04723880439049112,0.19006619790207244
67.91,-0.053520387717365024,0.22251344554502528,-0.04621335737543101,0.18564112618336243
67.92,-0.05282136498460781,0.22012820149327988,-0.04516940075367073,0.18114178703393452
67.93,-0.052100343039132586,0.21762778010546277,-0.044107385107945235,0.17657086011070827
67.94,-0.05135757400418942,0.21501295209117696,-0.043027768145067286,0.17193104052342856
67.95,-0.050593321457641394,0.21228456598097717,-0.04193101442640232,0.1672250385132818
67.96000000000001,-0.04980786034484394,0.20944355452626578,-0.0408175950971209,0.16245556998647678
67.97,-0.04900147688350491,0.20649092481380582,-0.03968798761452198,0.15762536225283297
67.98,-0.04817446846081167,0.20342776068531757,-0.038542675475513925,0.1527371481509706
67.99,-0.0473271435229792,0.20025522022739567,-0.037382147943463596,0.14779366498661103
68.0,-0.04645982145764531,0.19697452454135814,-0.036206899774355344,0.1427976618848602
68.01,-0.04557283246960412,0.1935869613707982,-0.03501743094213467,0.13775189279421762
68.02,-0.044666517449302175,0.1900939052167266,-0.03381424636413898,0.13265909372872986
68.03,-0.04374122783342051,0.1864968048676159,-0.03259785562760386,0.127521991468603
68.04,-0.04279732545887883,0.18279714717089138,-0.031368772716284646,0.12234333534952295
68.05,-0.04183518241119481,0.17899649284098612,-0.030127515736632363,0.11712585914861459
68.06,-0.04085518086618314,0.17509647523045577,-0.028874606644831498,0.11187227923364065
68.07000000000001,-0.039857712925866255,0.1710987512241852,-0.027610570974165548,0.10658533921031199
68.08,-0.03884318045039405,0.1670050223566769,-0.026335937561289446,0.10126778569191353
68.09,-0.03781199488686497,0.16281700355871223,-0.025051238270852975,0.09592239653347845
68.1,-0.036764577098403424,0.15853635080872552,-0.023757007715413826,0.09055205028626954
68.11,-0.03570135719326662,0.154164804141392,-0.0224537829712027,0.08515957868649487
68.12,-0.0346227743450824,0.1497042932190111,-0.02114210332410422,0.079746844882327
68.13,-0.03352927660762605,0.1451565668431603,-0.01982251012013426,0.07431390585577276
68.14,-0.03242132074872411,0.14052292107656075,-0.0184955466751641,0.06886240849579495
68.15,-0.031299372102059325,0.13580491000147443,-0.01716175811242712,0.06339495179707819
68.16,-0.0301639044040038,0.13100444747644321,-0.0158216911295955,0.057913876772307755
68.17,-0.02901539960820364,0.12612342657635095,-0.014475893749951002,0.05242184419947711
68.18,-0.027854347687074885,0.12116396654295702,-0.013124915065588535,0.046921426942240496
68.19,-0.02668124641860962,0.11612831341804777,-0.011769304977461766,0.04141523638936112
68.2,-0.025496601155586707,0.11101893546472301,-0.010409613938052363,0.035905793639695274
68.21000000000001,-0.024300924578121958,0.10583840442034896,-0.009046392698750965,0.030395586984898318
68.22,-0.02309473643262561,0.10058942529303663,-0.007680192062761331,0.02488703606236916
68.23,-0.02187856325757984,0.09527485138382087,-0.006311562643245166,0.01938252162652922
68.24,-0.02065293809826438,0.08989757262461817,-0.00494105462502841,0.013884415065706278
68.25,-0.019418400214271558,0.08446056007293402,-0.0035692175296094123,0.008395020502242294
68.26,-0.018175494778578064,0.07896690629391452,-0.0021965999852949767,0.0029165895357764807
68.27,-0.016924772567156333,0.07341976538007008,-0.0008237495019018486,-0.0025486469599141142
68.28,-0.015666789641981406,0.06782233076523227,0.0005487877518263314,-0.00799847961763369
68.29,-0.014402107028984115,0.06217785882112125,0.0019204671681768678,-0.01343073667975221
68.3,-0.01313129039028184,0.056489667028886664,0.003290745916421803,-0.018843302379134307
68.31,-0.01185490969036578,0.05076113227587422,0.0046590831538244545,-0.024234107638362853
68.32000000000001,-0.010573538856584424,0.044995684050893,0.006024940232219576,-0.029601116223285828
68.33,-0.009287755434574054,0.0391967952469326,0.007387780900866812,-0.034942330465509944
68.34,-0.007998140239696782,0.033367966941861185,0.00874707150578742,-0.04025578413302245
68.35000000000001,-0.006705277005443793,0.027512727801561457,0.010102281185768709,-0.045539544372482685
68.36,-0.005409752029097526,0.021634635119461704,0.011452882064870046,-0.05079171840651257
68.37,-0.004112153814385264,0.015737282445218947,0.012798349440756359,-0.056010463500731515
68.38,-0.0028130727110272005,0.009824289751850677,0.014138161968377971,-0.06119398217011992
68.39,-0.0015131005518308435,0.0038992933549552083,0.015471801839193673,-0.0663405170428391
68.4,-0.00021283028810578506,-0.0020340567383108875,0.01679875495624119,-0.07144835242321285
68.41,0.001087144376035451,-0.007972104425165464,0.01811851110506601,-0.07651581471153375
68.42,0.002386229350043342,-0.013911188108086421,0.01943056412046908,-0.08154127196813006
68.43,0.0036838305237547695,-0.019847641573196458,0.020734412049120545,-0.08652313286693912
68.44,0.004979354134415956,-0.02577780060970865,0.02202955730807296,-0.09145984760183921
68.45,0.006272207133417051,-0.031698007610240914,0.02331550683915019,-0.09634990798002127
68.46000000000001,0.007561797552269342,-0.03760461514598161,0.02459177225919204,-0.10119184724016306
68.47,0.00884753486739336,-0.043493991263827546,0.02585787000620709,-0.10598423858477499
68.48,0.010128830363126368,-0.049362527855144146,0.027113321481678495,-0.11072568980949284
68.49,0.011405097492625364,-0.0552066344006927,0.028357653189005804,-0.11541485340606258
68.5,0.012675752236706942,-0.061022741202763436,0.02959039686767037,-0.12005042717736064
68.51,0.013940213460320395,-0.06680730819014404,0.030811089623064603,-0.12463114847881682
68.52,0.015197903266068145,-0.0725568276707776,0.032019274052252356,-0.12915579461577958
68.53,0.01644824734434133,-0.07826782829404921,0.033214498365777965,-0.13362318192271305
68.54,0.017690675319722078,-0.08393687831031132,0.034396316505577895,-0.13803216543742236
68.55,0.018924621093302185,-0.08956058907479475,0.03556428825904662,-0.14238163821103392
68.56,0.02014952318058523,-0.09513561831405938,0.03671797936931765,-0.1466705307305664
68.57000000000001,0.021364825044636205,-0.1006586733876834,0.037856961641820626,-0.15089781022526094
68.58,0.022569975424168505,-0.106126514264785,0.03898081304718057,-0.15506248008841458
68.59,0.023764428656273196,-0.11153595607742885,0.04008911782051611,-0.15916357933003042
68.60000000000001,0.024947644993490965,-0.1168838731041281,0.04118146655721522,-0.16320018124245586
68.61,0.02611909091488226,-0.12216720178083068,0.0422574563052921,-0.1671713925587841
68.62,0.027278239430800807,-0.12738294292145624,0.043316690654414215,-0.17107635290886541
68.63,0.028424570381117252,-0.13252816449598878,0.04435877982167127,-0.17491423383503885
68.64,0.02955757072663848,-0.13760000413912918,0.045383340734171905,-0.17868423792873803
68.65,0.030676734833465745,-0.14259567163164003,0.04638999710855651,-0.182385597874109
68.66,0.03178156475005437,-0.14751245123419768,0.04737837952752443,-0.18601757550339243
68.67,0.0328715704767354,-0.15234770399068584,0.04834812551346577,-0.18957946083092536
68.68,0.033946270227476046,-0.1570988700489475,0.049298879599296665,-0.1930705710777338
68.69,0.03500519068366221,-0.16176347040262215,0.050230293396606604,-0.19649024931229345
68.7,0.03604786723971517,-0.1663391088430216,0.05114202566124918,-0.19983786293000946
68.71000000000001,0.037073844240385394,-0.17082347292032918,0.052033742356463374,-0.20311280430182904
68.72,0.03808267520957981,-0.175214335850899,0.05290511671356097,-0.20631448940887734
68.73,0.039073923070556016,-0.17950955843297223,0.05375582929028691,-0.2094423561330741
68.74,0.04004716035731325,-0.18370709021380074,0.05458556802698778,-0.21249586349967936
68.75,0.04100196941705129,-0.1878049707812653,0.055394028300694356,-0.2154744905177531
68.76,0.041937942603579415,-0.1918013307938221,0.056180912977221005,-0.21837773522264672
68.77,0.04285468246157158,-0.19569439296973512,0.05694593246138643,-0.22120511352827918
68.78,0.04375180190157486,-0.1994824729454815,0.05768880474547206,-0.2239561579022188
68.79,0.0446289243656985,-0.2031639797353035,0.058409255456020215,-0.2266304169483884
68.8,0.045485683983931574,-0.20673741619744446,0.059107017899036225,-0.22922745479300938
68.81,0.04632172572104559,-0.21020137957527213,0.059781833103671266,-0.2317468497504559
68.82000000000001,0.04713670551404083,-0.2135545617691501,0.06043344986449742,-0.2341881933308292
68.83,0.04793029040010908,-0.2167957494647725,0.061061624782474525,-0.23655108935129754
68.84,0.04870215863510727,-0.2199238241337005,0.06166612230470074,-0.2388351530544695
68.85000000000001,0.049451999802544416,-0.22293776190436138,0.062246714763033874,-0.24104001026514638
68.86,0.050179514913098945,-0.22583663330786746,0.06280318241166657,-0.24316529657042352
68.87,0.05088441649469862,-0.22861960289927735,0.06333531346373684,-0.24521065653329954
68.88,0.051566428673202144,-0.23128592875730158,0.06384290412705151,-0.24717574293698788
68.89,0.052225287243920615,-0.2338349560400257,0.06432575863873431,-0.24906022458650334
68.9,0.05286073973655116,-0.23626604424305195,0.06478368929519802,-0.2508638909471562
68.91,0.05347254547831839,-0.23857853261317952,0.06521651647062358,-0.2525867005990672
68.92,0.0540604756568787,-0.24077179175247715,0.06562406862188475,-0.2542287034368737
68.93,0.05462431338066505,-0.24284523847229786,0.06600618228354767,-0.2557900166392163
68.94,0.055163853734377544,-0.24479835344083872,0.06636270205653655,-0.25727079648370854
68.95,0.05567890382817659,-0.2466306902441551,0.06669348059281285,-0.25867122275056165
68.96000000000001,0.056169282840291615,-0.24834185899619976,0.06699837857673326,-0.25999152024557276
68.97,0.056634822052016455,-0.24993158011055058,0.06727726470483868,-0.26123187743487936
68.98,0.05707536487450248,-0.2513996280396468,0.06753001566521201,-0.2623925261039785
68.99,0.05749076686746477,-0.2527458831244177,0.0677565161165287,-0.263473661833161
69.0,0.0578808957485969,-0.25397032373920175,0.06795665866884937,-0.2644754540065041
69.01,0.058245631393206515,-0.2550730216156323,0.06813034386709213,-0.26539805016587253
69.02,0.058584865823735045,-0.25605416530787173,0.06827748018161091,-0.26624141922021505
69.03,0.05889850318933103,-0.256914020326073,0.0683979840278716,-0.267004886926905
69.04,0.05918645973537309,-0.2576529813291463,0.0684917798436018,-0.26768706013679044
69.05,0.059448663760105803,-0.2582716061132955,0.06855880022942246,-0.2682860505127619
69.06,0.05968505555816842,-0.258770535091959,0.06859898613714906,-0.2687996774225697
69.07000000000001,0.05989558735552764,-0.25915045218399324,0.06861228709069299,-0.2692254883749985
69.08,0.06008022324023383,-0.2594120557643622,0.06859866142978181,-0.2695609133059827
69.09,0.06023893909474968,-0.2595559440241517,0.06855807657620837,-0.2698030140992793
69.10000000000001,0.060371722535184545,-0.25958264436221906,0.0684905093281768,-0.2699486063235187
69.11,0.06047857285619884,-0.25949267966392664,0.06839594617316877,-0.26999453500750326
69.12,0.06055950097776081,-0.2592865672711535,0.06827438360860034,-0.2699375031670355
69.13,0.06061452939249445,-0.25896481893129025,0.06812582846700514,-0.26977427526224707
69.14,0.06064369211145457,-0.25852801196213193,0.0679502982327823,-0.26950188128554564
69.15,0.06064703460635273,-0.2579767392767969,0.06774782133259544,-0.2691177404815243
69.16,0.060624613746081094,-0.25731171358568516,0.06751843737027688,-0.268620277125684
69.17,0.06057649772359833,-0.2565337602338941,0.06726219728304302,-0.268008607521053
69.18,0.06050276597440528,-0.25564372224237575,0.06697916344223205,-0.2672818947050339
69.19,0.060403509089283956,-0.25464253007807713,0.06666940973553379,-0.26643938342982737
69.2,0.06027882871923328,-0.25353121792231675,0.06633302164091061,-0.2654804268417535
69.21000000000001,0.06012883746861169,-0.2523109822408056,0.06597009628844352,-0.2644045432241148
69.22,0.05995365876830927,-0.2509833428761151,0.06558074250152716,-0.26321158597959293
69.23,0.05975342672274897,-0.24955004859200944,0.06516508081076314,-0.26190165091249773
69.24,0.059528285939820534,-0.2480128303375312,0.06472324344922593,-0.26047483477632954
69.25,0.059278391358272085,-0.24637338572237893,0.06425537434325256,-0.2589312223872804
69.26,0.059003908077474757,-0.24463340245210832,0.06376162910333809,-0.257270913392355
69.27,0.05870501118916595,-0.24279454350097107,0.06324217501436641,-0.25549401249313747
69.28,0.05838188561091874,-0.24085846373417516,0.06269719102457837,-0.2536006475463382
69.29,0.05803472592078364,-0.23882681077544984,0.062126867732493374,-0.2515909721144824
69.3,0.05766373619305725,-0.2367012148737781,0.06153140737105911,-0.2494651733647382
69.31,0.05726912983742038,-0.2344832318220569,0.06091102378562041,-0.24722356832832626
69.32000000000001,0.056851129445497146,-0.2321743093726009,0.06026594239794261,-0.2448666961869155
69.33,0.056409966644769494,-0.22977587975556485,0.059596400148462694,-0.24239536245637636
69.34,0.05594588195079165,-0.2272895262574683,0.05890264540858337,-0.2398107747134877
69.35000000000001,0.055459124610043674,-0.22471690569963138,0.05818493785794437,-0.23711446115506532
69.36,0.0549499524379185,-0.222059620212795,0.05744354833309356,-0.23430810605168959
69.37,0.05441863165905959,-0.21931923805145595,0.05667875865829282,-0.2313935172268607
69.38,0.053865436749255105,-0.21649736816483253,0.05589086146562805,-0.22837255132381942
69.39,0.0532906502676857,-0.2135958905871743,0.05508016001594217,-0.22524688099630288
69.4,0.05269456266375222,-0.2106170511481146,0.054246968036531173,-0.222017898571216
69.41,0.0520774720576478,-0.20756318964298212,0.05339160957705285,-0.21868697233618972
69.42,0.051439684009263305,-0.20443664137837553,0.05251441887020917,-0.21525553338982628
69.43,0.05078151128492051,-0.20123976078325448,0.05161574018786001,-0.21172507559409096
69.44,0.05010327362318462,-0.19797490602056236,0.05069592769066702,-0.20809716144545914
69.45,0.04940529750043938,-0.19464442636971777,0.04975534527102213,-0.2043734208313972
69.46000000000001,0.04868791590090305,-0.1912505405387145,0.04879436638556553,-0.20055566887157297
69.47,0.047951468099600165,-0.18779526352765633,0.04781337386947235,-0.19664597171771578
69.48,0.04719629946386522,-0.18428042068670625,0.04681275972739938,-0.19264663123808115
69.49,0.046422761271518134,-0.18070773223184897,0.04579292490318667,-0.188560099702458
69.5,0.04563121052935067,-0.17707919904880806,0.0447542790444305,-0.18438860381685307
69.51,0.044822009769883375,-0.17339714553282234,0.04369724028365054,-0.18013409708247183
69.52,0.04399552682578025,-0.16966392405446495,0.04262223503708763,-0.1757985429941214
69.53,0.043152134597105804,-0.16588186829104334,0.041529697806771404,-0.1713839577633094
69.54,0.04229221081913753,-0.162053306913607,0.04042007097867657,-0.16689239335996542
69.55,0.04141613783128254,-0.15818055375483456,0.039293804616766355,-0.16232594389509514
69.56,0.04052430234724725,-0.15426590980746996,0.03815135625310554,-0.15768674029626784
69.57000000000001,0.03961709522667521,-0.15031165938125646,0.036993190674167856,-0.15297695080508966
69.58,0.03869491124842482,-0.1463200692552989,0.035819779703489256,-0.14819877853440183
69.59,0.03775814888567352,-0.14229338640931788,0.034631601980815,-0.14335446046862405
69.60000000000001,0.03680721008300796,-0.13823383693463231,0.03342914273790334,-0.1384462651601979
69.61,0.035842500035652855,-0.13414362430322646,0.032212893571169354,-0.13347649126543007
69.62,0.03486442697101958,-0.1300249267284784,0.03098335221128726,-0.12844746746869243
69.63,0.03387340193278089,-0.12587989595420326,0.029741022289847242,-0.12336155042219542
69.64,0.032869838567609735,-0.12171065610535307,0.028486413103235627,-0.1182211227042434
69.65,0.031854152914716743,-0.11751930207279225,0.02722003937391919,-0.11302859148551066
69.66,0.030826763198323746,-0.11330789820112906,0.02594242100929338,-0.10778638685034139
69.67,0.029788089623112596,-0.1090784801199807,0.02465408285836809,-0.10249695641100323
69.68,0.028738554172671738,-0.10483305185035886,0.02335555446657908,-0.09716276572367807
69.69,0.02767858041109446,-0.1005735842479286,0.02204736982883104,-0.09178629767156882
69.7,0.026608593287401516,-0.09630202981911122,0.020730067141365643,-0.08637003389535544
69.71000000000001,0.025529018940615475,-0.0920203704396799,0.019404188554789367,-0.0809164093406963
69.72,0.024440284495044227,-0.087730870066299,0.01807027993752431,-0.07542759677327225
69.73,0.023342817843797225,-0.08343570463276,0.016728890651191666,-0.06990583180678157
69.74,0.022237047437609396,-0.07913683944284951,0.01538057330504852,-0.06435409622585377
69.75,0.021123402071944013,-0.07483668917996796,0.014025883440099895,-0.05877641632576165
69.76,0.020002310657053633,-0.07053763818342275,0.012665379156856693,-0.05317649515232196
69.77,0.018874201984330995,-0.06624195433044162,0.011299620758864516,-0.04755737280936069
69.78,0.017739504506889204,-0.06195165139464111,0.009929170442287433,-0.04192186423424127
69.79,0.016598646140096412,-0.057668577853049366,0.00855459201221686,-0.03627270280747142
69.8,0.015452054083818913,-0.0533943053783718,0.007176450610294477,-0.030612529760853453
69.81,0.01430015466352318,-0.049130342088496724,0.005795312450776646,-0.024943912486052714
69.82000000000001,0.013143373181375236,-0.04487814985885378,0.0044117445612812615,-0.019269443555692486
69.83,0.011982133778682824,-0.0406389367819966,0.0030263145255570115,-0.01359165704446751
69.84,0.010816859313556968,-0.03641385194649843,0.0016395902294283418,-0.00791306197755414
69.85000000000001,0.009647971247295743,-0.03220401692746186,0.0002521396100714667,-0.002236136807409719
69.86,0.008475889535413141,-0.028010483119846545,-0.001135469590704656,0.003436704965114076
69.87,0.0073010325268577135,-0.023834165056347226,-0.0025226700700773405,0.009103026524714607
69.88,0.006123816874498774,-0.019675874172327985,-0.003908895208161892,0.014760375500443484
69.89,0.004944657454682933,-0.015536378435618461,-0.005293579311497668,0.02040635433741245
69.9,0.0037639672930831845,-0.011416375493372712,-0.006676157852982281,0.026038602827402856
69.91,0.0025821574967608615,-0.007316499950356707,-0.008056067707473122,0.031654806288569
69.92,0.0013996371918850229,-0.003237346888931332,-0.009432747383307342,0.037252685069572085
69.93,0.00021681346710599172,0.0008205703651016843,-0.010805637250923572,0.04282996777890494
69.94,-0.0009659086756763572,0.004856824392829218,-0.012174179769621603,0.04838440759825041
69.95,-0.0021481263629935274,0.008871045112947984,-0.013537819712001206,0.053913788096039625
69.96000000000001,-0.0033294388854651852,0.012862913352286353,-0.014896004385563872,0.05941592015879463
69.97,-0.0045094477287264635,0.016832147561713962,-0.016248183851662927,0.06488863706393296
69.98,-0.005687756599868418,0.02077852131084241,-0.017593811141770218,0.07032980569240461
69.99,-0.006863971448984716,0.024701857098922413,-0.018932342470941655,0.07573731522970559
70.0,-0.00803770048629813,0.028602009629575452,-0.02026323744833273,0.0811090926851334
70.01,-0.009208554195629538,0.03247887198688878,-0.021585959283912083,0.08644311289154584
70.02,-0.010376145344032101,0.03633238211799594,-0.022899974991220068,0.09173737760521937
70.03,-0.011540088987277066,0.040162518796348086,-0.024204755587006587,0.09698991567463443
70.04,-0.012700002471587896,0.0439692910151292,-0.02549977628801016,0.10219878774953534
70.05,-0.013855505432348763,0.04775273412087554,-0.0267845167046296,0.10736208662817151
70.06,-0.015006219790280127,0.05151290669483727,-0.02805846103137948,0.11247793715882069
70.07000000000001,-0.016151769745494007,0.05524988474256792,-0.029321098234178587,0.11754449452597503
70.08,-0.017291781769807092,0.0589637607975629,-0.030571922234510867,0.12255994591595085
70.09,-0.018425884597583063,0.06265464012924409,-0.03181043209041282,0.12752251038748944
70.10000000000001,-0.019553709215435044,0.06632263674466604,-0.033036132174284694,0.1324304380571482
70.11,-0.02067488885097795,0.06996787593397724,-0.03424853234743429,0.13728201446270957
70.12,-0.02178905896092508,0.07359048322113881,-0.035447148131115686,0.14207556161244422
70.13,-0.022895857218959956,0.07719058634480133,-0.036631500874117325,0.1468094316739375
70.14,-0.023994923503553076,0.08076831377904374,-0.03780111791719732,0.15148200687288094
70.15,-0.025085899886103474,0.08432378332758925,-0.038955532754368936,0.15609170371491524
70.16,-0.026168430619849657,0.08785710703695261,-0.04009428519095438,0.16063696883248113
70.17,-0.02724216212961028,0.091368388493561,-0.041216921498544924,0.16511627848761912
70.18,-0.028306743002592633,0.09485771627149558,-0.042322994566921596,0.16952814047907874
70.19,-0.029361823980714512,0.09832516158066482,-0.04341206405286445,0.17387109364432865
70.2,-0.03040705795477751,0.10177077524768745,-0.04448369652583594,0.17814370787637837
70.21000000000001,-0.03144209996076522,0.10519458517909132,-0.045537465610554446,0.1823445838833776
70.22,-0.03246660717852768,0.10859659373076895,-0.04657295212647307,0.18647235307376336
70.23,-0.03348023893310652,0.11197677527824276,-0.04758974422418078,0.1905256773841374
70.24,-0.03448265669894139,0.11533507385082943,-0.048587437518739805,0.19450324913897613
70.25,-0.03547352410719186,0.11867140090534765,-0.0495656352199755,0.1984037909030231
70.26,-0.036452506956389366,0.12198563321026024,-0.05052394825973275,0.20222605534550162
70.27,-0.03741927322663047,0.12527761086119066,-0.05146199541611384,0.20596882510909736
70.28,-0.038373493097510064,0.1285471352187656,-0.05237940343470937,0.20963091267685838
70.29,-0.03931483897005629,0.13179396488298267,-0.05327580714684344,0.21321116008599358
70.3,-0.040242985492842234,0.13501781789649395,-0.05415084958485832,0.21670843859793223
70.31,-0.04115760959224639,0.13821837135894982,-0.05500418209444339,0.2201216493131322
70.32000000000001,-0.04205839050694936,0.1413952577280804,-0.05583546444399098,0.22344972299661228
70.33,-0.04294500982688308,0.14454806377740176,-0.0566443649309937,0.2266916193469489
70.34,-0.04381715153679797,0.14767632934547206,-0.057430560485542334,0.22984632655467466
70.35000000000001,-0.044674502064565455,0.1507795460021619,-0.0581937367708917,0.2329128633912069
70.36,-0.04551675033429161,0.1538571575615742,-0.05893358828101959,0.23589027856466732
70.37,-0.04634358782425042,0.1569085596634627,-0.05964981843520328,0.2387776497676062
70.38,-0.04715470862967673,0.15993309857896504,-0.06034213966966493,0.24157408407155004
70.39,-0.04794980953048897,0.1629300710171214,-0.06101027352629057,0.2442787177079753
70.4,-0.04872859006398204,0.16589872394386218,-0.061653950738422614,0.24689071619133174
70.41,-0.0494907526024958,0.1688382546071705,-0.06227291131372159,0.24940927428480747
70.42,-0.05023600243605649,0.17174781064081981,-0.06286690461410395,0.25183361594011205
70.43,-0.050964047859974035,0.17462649038541855,-0.0634356894327499,0.25416299448696117
70.44,-0.05167460026735727,0.1774733433486381,-0.06397903406817294,0.2563966928130808
70.45,-0.05236737424650115,0.1802873707164338,-0.06449671639533334,0.2585340233193132
70.46000000000001,-0.05304208768308564,0.1830675259628554,-0.06498852393379517,0.2605743280542527
70.47,-0.053698461868417285,0.18581267371565893,-0.06545425391104101,0.2625170395595103
70.48,-0.054336221618384827,0.18852150358069825,-0.06589371331403826,0.2643618072771042
70.49,-0.054955095407314934,0.19119255869509685,-0.06630671892282965,0.2661084581925854
70.5,-0.05555481551553793,0.19382428356278833,-0.06669309732766052,0.2677569296526162
70.51,-0.05613511818682633,0.19641505360073472,-0.0670526849350143,0.2693072283693397
70.52,-0.056695743793557726,0.19896316665716351,-0.06738532796546422,0.2707594446730182
70.53,-0.05723643700860209,0.20146687014102654,-0.06769088244459566,0.27211371536954315
70.54,-0.057756946982092765,0.20392438256039838,-0.06796921418944511,0.27337019468187024
70.55,-0.05825702752256717,0.2063338583778786,-0.06822019879097586,0.27452910774123235
70.56,-0.058736437281668295,0.20869345654645002,-0.06844372159350448,0.2755906539684131
70.57000000000001,-0.05919493994044831,0.21100131679891937,-0.06863967767367367,0.27655504340001885
70.58,-0.059632304396662866,0.2132555735045205,-0.06880797181971599,0.2774224762971639
70.59,-0.06004830495241962,0.2154543690521252,-0.06894851852135687,0.2781928170534479
70.60000000000001,-0.060442721502187685,0.21759582339837952,-0.06906124200148854,0.27886512034583016
70.61,-0.06081533971973279,0.2196781206282576,-0.06914607631750028,0.2794376946170132
70.62,-0.06116595123988521,0.22169952226350578,-0.06920296553159398,0.27990832571320223
70.63,-0.06149435383547486,0.2236582798325586,-0.06923186392962688,0.2802745412691413
70.64,-0.06180035159543177,0.22555257184579083,-0.0692327362699374,0.2805336452733325
70.65,-0.06208375511258966,0.22738038396113502,-0.06920555806099223,0.2806825312131429
70.66,-0.062344381687286336,0.22913954362653766,-0.06915031586658592,0.2807179999465815
70.67,-0.06258205554562596,0.23082777789563808,-0.06906700762948728,0.2806366657682301
70.68,-0.0627966080680531,0.23244274002507265,-0.06895564300815517,0.2804350774347874
70.69,-0.06298787802545489,0.23398201987991868,-0.06881624371538853,0.280109945456733
70.7,-0.06315571181963589,0.23544321248517852,-0.06864884384317915,0.27965821084948983
70.71000000000001,-0.06329996372534223,0.23682389311997434,-0.06845349015847722,0.2790772850657584
70.72,-0.06342049613103545,0.23812170409342678,-0.06823024233750963,0.27836567052210637
70.73,-0.06351717977307388,0.23933440480981213,-0.06797917310686963,0.2775228439101555
70.74,-0.0635898939626515,0.2404597573180995,-0.06770036830984312,0.2765484475460519
70.75,-0.06363852680834252,0.241495584976216,-0.06739392694234875,0.2754422200425728
70.76,-0.06366297543197867,0.24243982547930856,-0.06705996117505897,0.2742040879567756
70.77,-0.0636631461717314,0.24329060699402352,-0.06669859635694811,0.2728342176035969
70.78,-0.06363895476322479,0.2440463895687384,-0.06630997099140394,0.27133316062324053
70.79,-0.06359032649640718,0.24470576361367996,-0.06589423668316736,0.2697016441383501
70.8,-0.06351719636038043,0.24526728667001824,-0.06545155806859942,0.2679404083048506
70.81,-0.06341950918758081,0.24572950455433398,-0.06498211274080959,0.2660502267832322
70.82000000000001,-0.06329721979951784,0.24609095059349093,-0.06448609117178879,0.26403190860221953
70.83,-0.06315029315310934,0.24635016425042505,-0.0639636966306434,0.2618863115930656
70.84,-0.06297870448667169,0.24650569204633435,-0.06341514509733018,0.25961433900968756
70.85000000000001,-0.06278243946614771,0.2465560556472837,-0.06284066517055349,0.2572169796922391
70.86,-0.06256149433534151,0.2464996801817041,-0.06224049796418686,0.2546954285768466
70.87,-0.06231587607339316,0.2463349248194862,-0.061614896984771135,0.252051109510613
70.88,-0.062045602556331785,0.24606018209974198,-0.060964127985886865,0.2492856977823221
70.89,-0.061750702712380055,0.2456740340390449,-0.06028846879337711,0.2464012645854583
70.9,-0.06143121666187036,0.24517523490703097,-0.059588209095260414,0.24340023116557685
70.91,-0.06108719584423288,0.24456255915521738,-0.05886365020141739,0.24028518482596425
70.92,-0.060718703139485145,0.24383481511503377,-0.058115104785158724,0.2370588104862768
70.93,-0.06032581298376032,0.24299093543547148,-0.05734289661590552,0.23372381880471163
70.94,-0.059908611467157,0.2420302032246886,-0.056547360294950874,0.23028271724155858
70.95,-0.05946719639958653,0.2409522962487348,-0.05572884100824627,0.22673777058269579
70.96000000000001,-0.05900167734593971,0.23975702862231316,-0.05488769429513383,0.2230912456652415
70.97,-0.05851217564463627,0.23844428031092518,-0.054024285819674535,0.21934547744455576
70.98,-0.057998824417567874,0.23701401590131788,-0.053138991137144355,0.21550284733033062
70.99,-0.05746176857364992,0.23546622794615824,-0.05223219545386967,0.21156583486344344
71.0,-0.056901164811011914,0.23380085270350145,-0.05130429337588925,0.20753709509172508
71.01,-0.056317181623378405,0.23201776137414715,-0.050355688641460054,0.20341946315495638
71.02,-0.0557099993121129,0.2301167804428948,-0.0493867938363638,0.19921593117873562
71.03,-0.05507981000231484,0.22809771694520933,-0.04839803009394582,0.19492961981691367
71.04,-0.054426817655695875,0.22596054075386854,-0.04738982678725547,0.1905635996661903
71.05,-0.053751238062768054,0.22370564262731482,-0.046362621230319825,0.18612064340869267
71.06,-0.05305329880414879,0.22133363484038954,-0.0453168583985309,0.18160341338041788
71.07000000000001,-0.052333239190702006,0.21884519018435777,-0.044252990659155264,0.17701461131991117
71.08,-0.05159131019372169,0.2162410642623469,-0.0431714775016322,0.17235695362266984
71.09,-0.05082777436729138,0.2135220937662781,-0.042072785265982876,0.16763316947825005
71.10000000000001,-0.050042905762376785,0.21068919945913972,-0.04095738687010182,0.16284599454159332
71.11,-0.04923698983280128,0.20774337766722206,-0.03982576153613691,0.15799817548908168
71.12,-0.04841032333338781,0.20468570285097978,-0.0386783945160509,0.15309246395533704
71.13,-0.04756321421039411,0.20151732491785723,-0.03751577681660148,0.14813161548738207
71.14,-0.04669598148476428,0.19823945484778044,-0.03633840492359436,0.14311839992991796
71.15,-0.045808955128594606,0.1948533766808047,-0.03514678052538204,0.13805558639762464
71.16,-0.04490247593405419,0.19136046214727337,-0.03394141023668058,0.13294592586456874
71.17,-0.043976895374268014,0.18776215559232803,-0.032722805323511094,0.1277921622910825
71.18,-0.04303257545771707,0.18405993852062744,-0.03149148142811313,0.12259706356185365
71.19,-0.04206988857683414,0.1802553738168385,-0.030247958293503227,0.11736337533109364
71.2,-0.041089217349784865,0.1763500907183671,-0.02899275948899183,0.11209383255330858
71.21000000000001,-0.04009095445645917,0.17234574714966125,-0.02772641213599551,0.10679119205344373
71.22,-0.03907550247058837,0.16824403772114596,-0.026449446632603606,0.101458222810195
71.23,-0.0380432736891256,0.1640466681356979,-0.025162396376049733,0.09609772838253182
71.24,-0.03699468996243144,0.15975527608708034,-0.023865797479881767,0.09071262090112546
71.25,-0.03593018252370884,0.15537162454378958,-0.022560188487914478,0.08530572084109206
71.26,-0.03485019180902606,0.15089762349208966,-0.021246110131191143,0.07987853228859085
71.27,-0.033755167274162855,0.14633496983104968,-0.0199241051953106,0.07443114807764904
71.28,-0.03264556723352494,0.14168489108569665,-0.018594718429594564,0.06896540577918092
71.29,-0.03152185871466996,0.13694899403156635,-0.017258496374412246,0.06348390649443807
71.3,-0.030384517293644414,0.13212919857773775,-0.01591598712314636,0.05798903179211714
71.31,-0.029234026908435424,0.1272273891775975,-0.014567740070981947,0.05248345371809455
71.32000000000001,-0.028070879659764545,0.122245715745984,-0.013214305655699714,0.04696977957010821
71.33,-0.026895575595333596,0.11718646174076136,-0.011856235095933408,0.04145061661776608
71.34,-0.025708622475484694,0.11205212909606997,-0.010494080133032517,0.035928496921712204
71.35000000000001,-0.02451053552253715,0.10684531401426325,-0.009128392777758232,0.03040591632984762
71.36,-0.02330183715603445,0.1015687791911156,-0.007759725062755814,0.02488528962097244
71.37,-0.022083056714096837,0.0962254116639817,-0.006388628800311823,0.019369013341017163
71.38,-0.0208547301644503,0.09081812851473557,-0.005015655343191062,0.013859465095325993
71.39,-0.019617399808134234,0.08534995749487133,-0.0036413553491436022,0.00835894540816151
71.4,-0.018371613973660807,0.07982404061974593,-0.002266278550988225,0.002869709696305743
71.41,-0.01711792670183957,0.0742435701718758,-0.000890973530832327,-0.0026059991963691296
71.42,-0.015856897424404923,0.06861178723298963,0.00048401250326985285,-0.008065968678776734
71.43,-0.014589090637249166,0.06293199899000866,0.0018581339376979552,-0.013508025952362692
71.44,-0.013315075567556515,0.05720757485932847,0.00323084696932453,-0.018930055334628878
71.45,-0.012035425834687518,0.05144194668309317,0.004601609816582809,-0.024329986048761118
71.46000000000001,-0.010750719105206497,0.04563859827442108,0.005969882926199057,-0.029705779369240785
71.47,-0.009461536742816534,0.03980105734511552,0.00733512917622845,-0.03505543662709685
71.48,-0.008168463454304616,0.03393287934918783,0.008696814075570752,-0.04037698879853288
71.49,-0.006872086932413572,0.028037649045821497,0.010054405960159397,-0.04566850201162078
71.5,-0.005572997495804075,0.022118982899839035,0.011407376185531113,-0.05092808467774203
71.51,-0.0042717877257770894,0.01618053514531157,0.012755199315046815,-0.05615389633713846
71.52,-0.002969052099772784,0.01022598596585543,0.014097353303376636,-0.06134414121326098
71.53,-0.001665386622407711,0.00425903200517748,0.015433319675534962,-0.06649706372140492
71.54,-0.0003613884548133169,-0.0017166155919580077,0.01676258370174697,-0.07161095067776553
71.55,0.0009423444572007915,-0.007697238890610114,0.01808463456812776,-0.07668413128544074
71.56,0.00224521375568495,-0.013679114897015279,0.019398965543128432,-0.08171497720310805
71.57000000000001,0.003546621043543127,-0.019658515742075857,0.020705074139787866,-0.08670190114520496
71.58,0.004845968257741521,-0.025631715107883906,0.022002462273836884,-0.0916433577410128
71.59,0.006142658042248446,-0.03159499343022825,0.0232906364176319,-0.09653784375365673
71.60000000000001,0.007436094120216782,-0.03754464136184614,0.024569107749897918,-0.1013838978307014
71.61,0.00872568166495062,-0.04347696557684005,0.025837392301342337,-0.10618009878257885
71.62,0.010010827669081679,-0.04938829602069349,0.027095011096358566,-0.11092506140426545
71.63,0.011290941311621191,-0.055274981296447395,0.028341490290805477,-0.11561744482430718
71.64,0.012565434322883127,-0.061133391570859105,0.02957636130549505,-0.12025595366998519
71.65,0.013833721346974007,-0.06695992684008115,0.030799160955316242,-0.12483933297096957
71.66,0.015095220301276803,-0.07275102028916547,0.03200943157423734,-0.12936636793692724
71.67,0.016349352732482843,-0.07850314217288874,0.033206721136316814,-0.1338358832491395
71.68,0.01759554416880649,-0.08421280325570205,0.03439058337277852,-0.1382467426005672
71.69,0.01883322446802719,-0.0898765583575104,0.03556057788520965,-0.14259784804510042
71.7,0.020061828161014292,-0.0954910096736631,0.03671627025493753,-0.14688813942425433
71.71000000000001,0.021280794790419454,-0.10105280946346143,0.03785723214863736,-0.15111659404029534
71.72,0.02248956924421769,-0.10655866397661658,0.03898304142023569,-0.15528222542001402
71.73,0.023687602083736756,-0.11200533722969278,0.040093282209208166,-0.15938408226193632
71.74,0.02487434986583008,-0.1173896534776338,0.041187545035367236,-0.16342124799003568
71.75,0.02604927545891174,-0.12270850007192846,0.04226542689020816,-0.167392839906497
71.76,0.027211848352576538,-0.12795883034117989,0.04332653132488821,-0.17129800830859784
71.77,0.028361544960524194,-0.13313766630976429,0.044370468534929756,-0.1751359355845524
71.78,0.029497848916517563,-0.13824210133715187,0.045396855441734524,-0.1789058352764179
71.79,0.030620251363113207,-0.1432693026295454,0.04640531577100696,-0.18260695112202033
71.8,0.03172825123291886,-0.1482165136440837,0.04739548012817827,-0.18623855607288356
71.81,0.032821355522137545,-0.15308105637188774,0.04836698607093301,-0.18979995129485278
71.82000000000001,0.03389907955617692,-0.15786033352976783,0.04931947817893356,-0.19329046515731949
71.83,0.03496094724709715,-0.16255183082453314,0.05025260812085116,-0.19670945216764935
71.84,0.03600649134268101,-0.16715311919029902,0.05116603471882859,-0.2000562910112772
71.85000000000001,0.03703525366695348,-0.17166185531905426,0.052059424010490477,-0.2033303848024069
71.86,0.038046785352030495,-0.17607578335015897,0.05293244930854718,-0.20653116040600764
71.87,0.03904064706114399,-0.18039273704571127,0.053784791258073505,-0.2096580666624324
71.88,0.040016409202662015,-0.18461064106464067,0.054616137891593794,-0.2127105733800339
71.89,0.04097365213496074,-0.18872751224243806,0.05542618468209481,-0.21568817021868295
71.9,0.041911966362031386,-0.19274146066169137,0.05621463459406863,-0.21859036568043316
71.91,0.042830952719717645,-0.19665069061881615,0.05698119813269338,-0.22141668606049708
71.92,0.043730222552488845,-0.2004535014479276,0.05772559339125291,-0.22416667438802088
71.93,0.04460939788067404,-0.20414828826365647,0.05844754609691068,-0.2268398891065201
71.94,0.04546811155808953,-0.20773354238049566,0.05914678965494619,-0.22943590332654235
71.95,0.046306007420020126,-0.21120785159634622,0.05982306519152965,-0.2319543044356173
71.96000000000001,0.04712274042152723,-0.2145699005634519,0.06047612159510268,-0.2343946928938093
71.97,0.047917976766054346,-0.217818470967422,0.06110571555646787,-0.2367566811133917
71.98,0.048691394024317665,-0.22095244150673676,0.061711611607689974,-0.23903989261630906
71.99,0.049442681243489044,-0.2239707877639791,0.06229358215990231,-0.24124396114448043
72.0,0.0501715390466869,-0.2268725819357467,0.0628514075401031,-0.2433685298408279
72.01,0.05087767972280687,-0.22965699244107593,0.06338487602702161,-0.24541325044216053
72.02,0.051560827306737354,-0.23232328340183095,0.06389378388613876,-0.24737778251501083
72.03,0.05222071765025974,-0.23487080605992341,0.06437793540357215,-0.24926180434343104
72.04,0.05285709848644382,-0.23729892195926655,0.06483714291489791,-0.25106512348127763
72.05,0.053469729492220675,-0.2396069797535988,0.06527122682224851,-0.2527877084691341
72.06,0.05405838235021975,-0.24179436646449778,0.06568001559832597,-0.25442961149052523
72.07000000000001,0.054622840807471096,-0.2438605180199297,0.06606334578107312,-0.255990950611283
72.08,0.055162900728874836,-0.24580493773905787,0.0664210619623141,-0.25747188027170886
72.09,0.055678370144088614,-0.24762720370618443,0.06675301677258401,-0.2588725780390262
72.10000000000001,0.056169069287559575,-0.24932695410507005,0.06705907086279284,-0.2601932637190557
72.11,0.056634830630699816,-0.2509039384945969,0.06733909288444465,-0.2614341215685329
72.12,0.057075498905744856,-0.252357960103101,0.06759295946934986,-0.26259538200550536
72.13,0.05749093112134424,-0.25368893392257374,0.0678205552090549,-0.2636772335339682
72.14,0.05788099656871521,-0.2548968685008311,0.0680217726360106,-0.2646798457291061
72.15,0.058245576818031,-0.25598186876189627,0.06819651220725907,-0.2656033636010244
72.16,0.05858456570476267,-0.2569441522659245,0.06834468229608943,-0.26644772540390205
72.17,0.05889786930636568,-0.2577840088881197,0.06846619921428235,-0.2672122245705162
72.18,0.059185405909385126,-0.25850185264612985,0.06856098729112962,-0.2678954789076936
72.19,0.059447105963778585,-0.25909826838053707,0.06862897901339343,-0.26849562527246557
72.2,0.05968291202342246,-0.2595739373746754,0.06867011521142911,-0.2690105064974124
72.21000000000001,0.05989277867715214,-0.25992958575462227,0.06868434527769848,-0.26943769401172374
72.22,0.060076672475551776,-0.2601659455543256,0.06867162740810734,-0.2697746419274121
72.23,0.060234571859667685,-0.2602836501165347,0.06863192886612358,-0.27001842746242777
72.24,0.06036646709632728,-0.2602832747659218,0.06856522627467165,-0.27016590570205895
72.25,0.060472360218336595,-0.2601653946806952,0.06847150592565945,-0.27021395686453076
72.26,0.06055226496600953,-0.25993058122373736,0.06835076409738898,-0.2701593075646313
72.27,0.06060620672905938,-0.25957940217532577,0.06820300737698505,-0.2699987514028808
72.28,0.060634222486712575,-0.2591124929864279,0.06802825297525304,-0.2697293181670287
72.29,0.06063636074433876,-0.25853049816761764,0.0678265290182476,-0.2693483710519264
72.3,0.06061268146455364,-0.2578341855766393,0.06759787478824894,-0.26885422755227656
72.31,0.060563255988637404,-0.25702443576212175,0.06734234088739692,-0.2682459704414215
72.32000000000001,0.06048816694935794,-0.2561021506125683,0.06705998934192577,-0.26752277157849097
72.33,0.060387508177787694,-0.25506832250756406,0.06675089368467516,-0.2666838739821358
72.34,0.06026138460253806,-0.25392403316023704,0.06641513902909055,-0.265728625386085
72.35000000000001,0.06010991213816847,-0.2526705163152118,0.06605282213201932,-0.2646565231763745
72.36,0.05993321755520696,-0.25130930334183943,0.06566405143751552,-0.2634673732980544
72.37,0.05973143832490186,-0.24984217335142672,0.06524894709438757,-0.26216124252577755
72.38,0.05950472244580992,-0.24827090947034988,0.0648076409540697,-0.2607382200560291
72.39,0.059253228266375434,-0.24659726219165373,0.06434027656257815,-0.25919838367321163
72.4,0.058977124309294825,-0.2448229760863681,0.06384700915200037,-0.25754182987028923
72.41,0.058676589097533996,-0.24294977486039496,0.06332800563106744,-0.2557686618966942
72.42,0.05835181098182511,-0.24097937361683652,0.06278344457424957,-0.253879007816478
72.43,0.058002987969390137,-0.2389134768078592,0.06221351620877069,-0.2518730187516875
72.44,0.057630327553910246,-0.23675377300952374,0.06161842239891673,-0.2497508804929846
72.45,0.0572340465489522,-0.23450187339462367,0.0609983766240721,-0.24751291155509703
72.46000000000001,0.056814370928880885,-0.23215928291868856,0.06035360394301566,-0.2451596408801112
72.47,0.05637153567734373,-0.2297274830031148,0.05968434093758698,-0.24269184367025712
72.48,0.055905784634916925,-0.2272080900834816,0.0589908356282603,-0.2401106762317996
72.49,0.05541737033763668,-0.2246028169538007,0.05827334735555018,-0.23741763427238566
72.5,0.054906553849553466,-0.221913331603457,0.05753214663199405,-0.23461437955620018
72.51,0.0543736045969924,-0.21914125869873755,0.05676751497554188,-0.23170269305543312
72.52,0.05381880020500003,-0.21628825182338218,0.05597974473174487,-0.22868442125438285
72.53,0.05324242632630403,-0.2133561906059876,0.05516913889467959,-0.2255612703568852
72.54,0.05264477644688652,-0.2103473342811133,0.05433601094258613,-0.222334652075734
72.55,0.052026151664627325,-0.2072640647616436,0.053480684692259396,-0.21900593128269769
72.56,0.05138686045465756,-0.20410875729435377,0.052603494159298804,-0.2155765460627577
72.57000000000001,0.050727218432115376,-0.20088380528377012,0.05170478341470613,-0.21204796545942875
72.58,0.05004754811411493,-0.19759160439414605,0.05078490643619525,-0.20842173315843313
72.59,0.049348178681539574,-0.19423454252502267,0.04984422695277673,-0.20469947130689423
72.60000000000001,0.04862944574502181,-0.19081488436372526,0.048883118278641315,-0.20088297507095434
72.61,0.047891691123241806,-0.1873346991172886,0.04790196312941162,-0.19697428370478387
72.62,0.0471352626390821,-0.1837958704201015,0.0469011534158039,-0.19297566676057354
72.63,0.04636051393267776,-0.180200157798541,0.045881090015901446,-0.18888956198202553
72.64,0.045567804277361255,-0.1765495454723087,0.04484218253994618,-0.1847182327581335
72.65,0.044757498376273054,-0.17284636529018774,0.0437848491095651,-0.1804636459193128
72.66,0.04392996613582258,-0.16909300055077012,0.04270951615549053,-0.1761277549492279
72.67,0.04308558243058721,-0.1652918082961827,0.041616618219976774,-0.17171257205111165
72.68,0.042224726868632816,-0.16144514214785635,0.04050659775554661,-0.16722014273095484
72.69,0.041347783558099135,-0.15755533787117032,0.03937990491957222,-0.16265255643522814
72.7,0.04045514087518417,-0.15362471765073066,0.03823699736489443,-0.15801193912191186
72.71000000000001,0.03954719123374865,-0.14965558508668442,0.037078340026590786,-0.15330045483243956
72.72,0.03862433085671189,-0.14565022490857596,0.03590440490505209,-0.1485203027329517
72.73,0.037686959549429536,-0.14161090040980143,0.03471567084550547,-0.14367371639294707
72.74,0.03673548047521194,-0.13753985249618095,0.03351262331415272,-0.1387629613622648
72.75,0.03577029993313596,-0.13343929781471645,0.03229575417109842,-0.13379033387207753
72.76,0.03479182713833834,-0.12931142624042374,0.03106556144018664,-0.12875816059630266
72.77,0.03380047400498504,-0.12515839964112166,0.029822549075848047,-0.1236687966277036
72.78,0.03279665493206449,-0.12098235069534863,0.028567226727121992,-0.11852462349741326
72.79,0.031780786592131724,-0.1167853812893264,0.027300109499035073,-0.11332804783068287
72.8,0.030753287723146998,-0.11256956119902911,0.02602171771148985,-0.10808149968955581
72.81,0.029714578923474316,-0.1083369290017748,0.024732576655906495,-0.10278742831663042
72.82000000000001,0.02866508245003292,-0.10408949158418736,0.023433216349935518,-0.09744829967669313
72.83,0.02760522201975397,-0.09982921943864868,0.022124171290355533,-0.09206659942727179
72.84,0.026535422614094716,-0.09555806238342372,0.020805980204662105,-0.08664481333898186
72.85000000000001,0.02545611028463153,-0.09127799149775043,0.01947918580350666,-0.08118538687433034
72.86,0.024367711949301697,-0.08699126016048184,0.01814433454324421,-0.07569050232841693
72.87,0.023270655175598357,-0.08270008001335427,0.01680197640157673,-0.07016236469936935
72.88,0.022165367967844202,-0.07840641772376071,0.015452664634252149,-0.06460392517525655
72.89,0.021052278553344256,-0.07411269532101666,0.014096955459808673,-0.05901925786907795
72.9,0.019931815151184046,-0.06982132706402219,0.012735407683578642,-0.05341213037397542
72.91,0.018804405736489095,-0.06553459768123175,0.011368582336413609,-0.04778560430068883
72.92,0.017670477819382645,-0.06125452923353058,0.009997042361144284,-0.04214251984241378
72.93,0.016530458244959953,-0.056982966126436274,0.00862135232700186,-0.03648561712437583
72.94,0.01538477301600556,-0.052721467690477294,0.007242078155810356,-0.030817556496505492
72.95,0.014233847135267035,-0.04847152821709232,0.0058597868567334815,-0.025140912881691253
72.96000000000001,0.013078104458059413,-0.04423459255182043,0.004475046266402064,-0.019458274385794026
72.97,0.011917967556655126,-0.040011843556284336,0.003088424791019603,-0.013772198634989236
72.98,0.010753857600372806,-0.03580440458458043,0.0017004911508633341,-0.008085206355361361
72.99,0.009586194244630973,-0.03161336967107849,0.000311814128456385,-0.002399777741119065
73.0,0.00841539552476719,-0.027439761987683657,-0.001077037678777683,0.003281663942703992
73.01,0.007241877758315423,-0.023284461255416278,-0.002465496102473107,0.00895668785111278
73.02,0.006066055458942651,-0.019148242425014752,-0.0038529936476545843,0.014622826237974975
73.03,0.004888341259680938,-0.015031836511997274,-0.0052389637374304545,0.020277663476875808
73.04,0.0037091458425547205,-0.01093590255297492,-0.006622840954321785,0.025918833147391473
73.05,0.002528877874545182,-0.006861035549453714,-0.0080040612767691,0.03154401297133584
73.06,0.001347943949529594,-0.0028077832486491086,-0.009382062311323366,0.037150917902911335
73.07000000000001,0.00016674853614893697,0.001223384366143915,-0.010756283521975578,0.042737267250299325
73.08,-0.0010143060669506468,0.005232083988125351,-0.0121261664577664,0.04830080518522408
73.09,-0.0021948197682327146,0.00921799404190182,-0.013491154978103853,0.05383930739204454
73.10000000000001,-0.0033743947140981593,0.013180845017900114,-0.014850695475173752,0.059350577100016066
73.11,-0.004552635314792866,0.017120406499665144,-0.016204237093665516,0.06483243999506623
73.12,-0.005729148265764216,0.021036502318667497,-0.017551231947827196,0.07028275453396228
73.13,-0.00690354256407616,0.02492900726430117,-0.01889113533529249,0.07569941674028355
73.14,-0.008075429520278486,0.02879782983493178,-0.020223405947856272,0.08108033982525677
73.15,-0.009244422766471368,0.03264291797647994,-0.021547506079319993,0.08642347981225615
73.16,-0.010410138260490007,0.03646426346206296,-0.02286290182964193,0.091726832397997
73.17,-0.011572194285931986,0.04026190013841079,-0.02416906330550026,0.09698841827184121
73.18,-0.012730211448357813,0.04403589336337973,-0.025465464817836937,0.102206290356627
73.19,-0.013883812668376223,0.047786334807022435,-0.026751585076317645,0.10737853355734694
73.2,-0.015032623172163733,0.05151333993745428,-0.028026907380568587,0.11250326505412309
73.21000000000001,-0.01617627047976853,0.05521704378977336,-0.029290919808188876,0.11757863398217955
73.22,-0.017314384391639678,0.058897595290137945,-0.030543115399604803,0.12260281958353197
73.23,-0.01844659697377375,0.0625551562236333,-0.03178299233981246,0.12757403305123424
73.24,-0.01957254254179488,0.0661898962597438,-0.03301005413698556,0.13249051641273416
73.25,-0.02069185764414996,0.06980199570717875,-0.03422380979783893,0.1373505466511705
73.26,-0.02180418104466312,0.0733916361789701,-0.035423773999485646,0.1421524382041365
73.27,-0.022909153704870604,0.07695900019906457,-0.0366094672577928,0.14689453598889524
73.28,-0.02400641876633119,0.08050427139362314,-0.03778041609255968,0.15157521458675074
73.29,-0.02509562153327441,0.0840276226999702,-0.03893615318957223,0.15619288245704355
73.3,-0.026176409456122186,0.08752921773988613,-0.040076217559405665,0.16074597973474564
73.31,-0.027248432116021487,0.09100921164675334,-0.041200154693076085,0.1652329757757296
73.32000000000001,-0.028311341210517735,0.09446774450728081,-0.04230751671465487,0.16965237100050726
73.33,-0.029364790540794643,0.0979049375281909,-0.04339786253079451,0.17400269716982839
73.34,-0.030408436000872112,0.10132089056961283,-0.044470757977124784,0.1782825170410869
73.35000000000001,-0.03144193556904966,0.10471567920440779,-0.04552577596153267,0.18249042431370494
73.36,-0.03246494930186596,0.10808935216699289,-0.046562496604339434,0.18662504342843933
73.37,-0.03347713933083475,0.11144192876750786,-0.04758050737539278,0.1906850294441664
73.38,-0.03447816986220823,0.11477339649233849,-0.048579403228089214,0.19466906788158986
73.39,-0.03546770718000384,0.11808370868912896,-0.04955878673033678,0.1985758745914598
73.4,-0.03644541965252396,0.12137278239533092,-0.0505182681924796,0.2024041956205654
73.41,-0.037410977742578656,0.12464049628836085,-0.05145746579219025,0.2061528070902783
73.42,-0.03836405402161261,0.1278866887730649,-0.05237600569634713,0.20982051508012406
73.43,-0.03930432318796822,0.13111115479201485,-0.05327352217989306,0.21340615600777285
73.44,-0.04023146208951315,0.13431364464187726,-0.054149657741705264,0.21690859498414022
73.45,-0.04114514975069785,0.13749386573726555,-0.055004063217538306,0.2203267264857996
73.46000000000001,-0.04204506740405139,0.1406514801029877,-0.055836397890006065,0.22365947533496874
73.47,-0.04293089852627442,0.14378610186719262,-0.05664632959556544,0.2269057958829507
73.48,-0.0438023288791237,0.14689729653817307,-0.057433534828521655,0.2300646720099792
73.49,-0.04465904655521511,0.1499845796428626,-0.05819769884207668,0.23313511704023873
73.5,-0.045500742028847616,0.15304741589139528,-0.05893851574642897,0.23611617352420736
73.51,-0.046327108211898574,0.15608521978063436,-0.05965568860395247,0.2390069127574068
73.52,-0.04713784051478778,0.15909735493565402,-0.06034892952143803,0.24180643632769813
73.53,-0.047932636912556656,0.16208313320713527,-0.06101795973933963,0.2445138759971667
73.54,-0.04871119801611483,0.1650418146935936,-0.06166250971802189,0.24712839289214997
73.55,-0.04947322714867198,0.16797260766029756,-0.06228231922104672,0.2496491777323977
73.56,-0.0502184304273508,0.170874668731903,-0.06287713739550167,0.2520754507922901
73.57000000000001,-0.05094651684995789,0.17374710316419492,-0.06344672284936576,0.2544064620109627
73.58,-0.05165719838688368,0.17658896528242315,-0.0639908437259102,0.25664149100700545
73.59,-0.05235019007807909,0.17939925903994217,-0.06450927777512747,0.2587798471093422
73.60000000000001,-0.0530252101350658,0.18217693829521137,-0.06500181242216464,0.26082087021683953
73.61,-0.05368198004944559,0.1849208583056635,-0.06546824483050696,0.262764002369814
73.62,-0.05432022471271284,0.18762969738513777,-0.06590838195280993,0.26460890278214655
73.63,-0.05493967255106824,0.1903019932669057,-0.06632204056384813,0.266355397216315
73.64,-0.05554005567368063,0.19293618546192354,-0.06670904727764099,0.2680034187199252
73.65,-0.05612111003067574,0.19553064459510788,-0.0670692385539257,0.26955296714605065
73.66,-0.05668257557886473,0.19808366275491765,-0.0674024606966618,0.2710041251327512
73.67,-0.057224196454255694,0.20059348098585578,-0.06770856984573906,0.2723570204434191
73.68,-0.05774572114957303,0.20305830904977804,-0.06798743196424686,0.2736117995925507
73.69,-0.0582469026963399,0.20547629046333518,-0.06823892282170609,0.2747686810832509
73.7,-0.05872749885067897,0.20784557323997063,-0.06846292797424859,0.2758278552281089
73.71000000000001,-0.059187272280930486,0.21016428043707897,-0.0686593427442287,0.2767895298931647
73.72,-0.05962599075655549,0.21243052939572346,-0.06882807220000713,0.2776538974775937
73.73,-0.06004342733784157,0.21464243522156376,-0.06896903114778566,0.27842077365447493
73.74,-0.06043936056666317,0.2167980846727247,-0.06908214416702833,0.27908917468844874
73.75,-0.060813574656906746,0.2188956206372916,-0.06916734571375122,0.27965743810896476
73.76,-0.061165859680006915,0.22093327113348551,-0.06922458028916739,0.2801233816181539
73.77,-0.06149601174514604,0.22290926327079802,-0.06925380265553839,0.2804845599042563
73.78,-0.06180383318043336,0.22482173763129723,-0.069254978082005,0.28073831004124333
73.79,-0.062089132724289856,0.22666864136237216,-0.06922808261912723,0.28088155573933743
73.8,-0.06235172573262333,0.22844777313807002,-0.06917310340021716,0.28091115339884365
73.81,-0.06259143440013998,0.2301568330175453,-0.06909003896019476,0.2808237641924641
73.82000000000001,-0.06280808799148861,0.23179345357349393,-0.06897889956721782,0.28061599097685974
73.83,-0.06300152307959579,0.23335520368842397,-0.0688397075561425,0.280284595745228
73.84,-0.06317158378827506,0.23483965712383503,-0.06867249764897743,0.2798265447671153
73.85000000000001,-0.06331812203658384,0.23624436201110727,-0.0684773172488337,0.2792392347802482
73.86,-0.063440997782341,0.23756692965942058,-0.06825422667756631,0.27852106772538215
73.87,-0.06354007925923187,0.23880509258314328,-0.068003299322973,0.27767149245029876
73.88,-0.06361524320654671,0.23995658577077916,-0.06772462170762439,0.2766901788073386
73.89,-0.06366637509446221,0.2410192050983909,-0.06741829352348659,0.27557688178566914
73.9,-0.06369336934296695,0.24199085149963095,-0.0670844276522539,0.27433154191911446
73.91,-0.06369612952917206,0.24286959313500928,-0.0667231501682211,0.27295431447855545
73.92,-0.06367456857466076,0.24365380813112325,-0.06633460031560207,0.2714457206336337
73.93,-0.06362860890925424,0.2443420335240296,-0.06591893045722401,0.269806486357731
73.94,-0.06355818262122351,0.24493279069559576,-0.06547630600484353,0.2680373715926049
73.95,-0.06346323160545389,0.24542458861020094,-0.06500690534284277,0.26613916551285394
73.96000000000001,-0.0633437077126796,0.24581592962440904,-0.06451091974868639,0.2641126939205819
73.97,-0.06319957289899572,0.2461053238357515,-0.06398855330931351,0.2619588372267452
73.98,-0.06303079937484408,0.24629128811525114,-0.06344002283265524,0.2596785235552126
73.99,-0.06283736975439116,0.24637230863478618,-0.06286555775295535,0.25727277095783746
74.0,-0.06261927720914953,0.24634677680537403,-0.06226540002436249,0.2547428033684939
74.01,-0.06237652562872002,0.2462130226368423,-0.061639803995873876,0.25209006231730774
74.02,-0.06210912978557874,0.24596940219546823,-0.060989036264250646,0.24931622340740434
74.03,-0.06181711549442389,0.2456144435522669,-0.06031337549959451,0.2464233345559435
74.04,-0.06150051975656102,0.2451468658192828,-0.05961311223669697,0.2434138074443733
74.05,-0.06115939089033564,0.24456542252562813,-0.05888854863559269,0.24029023151291037
74.06,-0.06079378865515248,0.24386889588737418,-0.058139998223131824,0.23705529425327834
74.07000000000001,-0.060403784369894034,0.24305617987582515,-0.05736778562495514,0.23371172371233864
74.08,-0.05998946101553537,0.24212648157468608,-0.05657224629872961,0.2302620797794538
74.09,-0.059550913307239876,0.24107942242134528,-0.055753726282936296,0.22670866184241062
74.10000000000001,-0.059088247734867955,0.23991478196011742,-0.05491258196243738,0.22305375036343372
74.11,-0.0586015825854919,0.2386324026894754,-0.05404917983792932,0.21929969710916986
74.12,-0.058091047956959435,0.23723221357639945,-0.05316389629086627,0.21544889884081436
74.13,-0.0575567857651042,0.2357141691446553,-0.052257117341651164,0.21150385311744369
74.14,-0.05699894974949181,0.2340781735835446,-0.051329238396716874,0.2074672276019365
74.15,-0.056417705482846414,0.23232407454494874,-0.05038066397990714,0.2033418622131125
74.16,-0.05581323038539211,0.23045168169357502,-0.049411807447358895,0.19913074722497418
74.17,-0.055185713742752725,0.2284607849719878,-0.04842309068758419,0.19483700178080907
74.18,-0.05453535672141267,0.22635130798628822,-0.04741494381287897,0.19046372388563193
74.19,-0.05386237236531047,0.22412358302605004,-0.04638780485802868,0.18601372662845161
74.2,-0.05316698556198523,0.22177818795416637,-0.045342119497628515,0.18148968961127107
74.21000000000001,-0.05244943298652064,0.21931576413627854,-0.04427834077451289,0.17689432861727514
74.22,-0.051709963034841204,0.21673703784406595,-0.043196928828642164,0.17223037240786407
74.23,-0.05094883574894997,0.2140428187109726,-0.042098350624301034,0.16750056068514113
74.24,-0.050166322733797265,0.2112339987610459,-0.04098307967624851,0.16270764147144604
74.25,-0.04936270706602089,0.20831154716395242,-0.039851595774941094,0.15785437249191295
74.26,-0.04853828319479355,0.20527651164833136,-0.03870438471096816,0.15294351636868822
74.27,-0.04769335683488292,0.20213001625455043,-0.037541937998947374,0.14797783927964822
74.28,-0.04682824485250953,0.1988732450237492,-0.03636475260067489,0.1429601228809459
74.29,-0.04594327514432918,0.19550745915136755,-0.03517333064758431,0.1378931444009599
74.3,-0.045038786508669784,0.19203400802221027,-0.033968179163690645,0.1327796626710386
74.31,-0.04411512850863391,0.1884543134172834,-0.032749809789751914,0.12762242932428483
74.32000000000001,-0.04317266132868964,0.1847698351494926,-0.03151873850741563,0.12242421985221469
74.33,-0.04221175562540625,0.1809821148565782,-0.030275485363009585,0.11718778787590343
74.34,-0.0412327923711809,0.17709276540593544,-0.029020574192412735,0.11191587182702678
74.35000000000001,-0.04023616269206973,0.1731034238245447,-0.0277545323462686,0.10661123735087481
74.36,-0.039222267701606,0.16901577232364798,-0.02647789041403778,0.10127665395244395
74.37,-0.038191518331514976,0.16483150536799715,-0.025191181946307293,0.0959149240632256
74.38,-0.037144335162927505,0.16055225214941884,-0.02389494317218514,0.090528954175308
74.39,-0.03608114825791267,0.15617972722650725,-0.022589712712998082,0.08512158293643847
74.4,-0.03500239698246229,0.1517158263626498,-0.021276031334660217,0.07969443788921156
74.41,-0.0339085298245086,0.14716226092833723,-0.019954441811308773,0.07424752254459424
74.42,-0.032800004233206025,0.1425202312955257,-0.018625488839982916,0.0687825598649067
74.43,-0.031677286476955634,0.1377912638579702,-0.017289718875711096,0.06330214009951651
74.44,-0.03054085148383784,0.13297725805591432,-0.015947679896705907,0.05780863097940509
74.45,-0.02939118265841643,0.12808007239126368,-0.014599921153786328,0.05230471327063713
74.46000000000001,-0.02822877168508149,0.12310182730805501,-0.013246992911036162,0.04679299373622223
74.47,-0.027054118314837998,0.11804478601339166,-0.01188944618361896,0.041276089484502336
74.48,-0.0258677301330162,0.11291143359502999,-0.010527832479007734,0.03575653791896966
74.49,-0.02467012230984703,0.10770436430567454,-0.009162703543173478,0.030236836706198495
74.5,-0.023461817336169262,0.10242633813837466,-0.007794611112766952,0.024719403956660797
74.51,-0.022243344744775923,0.0970802461131578,-0.0064241066726745235,0.019206636463955356
74.52,-0.021015240821107933,0.09166900984163509,-0.005051741216815892,0.013700910802865542
74.53,-0.01977804830629136,0.0861956672844289,-0.003678065012752841,0.008204525954687
74.54,-0.018532316090245665,0.08066337354395833,-0.0023036273719248693,0.00271973575416054
74.55,-0.017278598895230562,0.07507533316116355,-0.0009289764240171265,-0.002751217973358576
74.56,-0.016017456953024437,0.06943480452804753,0.00044534110622280863,-0.008206124926180195
74.57000000000001,-0.014749455676401757,0.06374511451430548,0.0018187801191162768,-0.013642815825147137
74.58,-0.01347516532427118,0.05800965303180623,0.003190797355760568,-0.019059179059185836
74.59,-0.01219516066035328,0.052231876411567006,0.004560851608702993,-0.024453147621740754
74.60000000000001,-0.010910020605752862,0.046415294236547895,0.00592840392827716,-0.029822686735525086
74.61,-0.009620327886254781,0.040563461229040504,0.0072929178252259955,-0.035165802161368685
74.62,-0.008326668675520581,0.03467996078584126,0.008653859469802998,-0.04048052849258163
74.63,-0.007029632235067856,0.028768407924452226,0.010010697887539558,-0.045764936664613995
74.64,-0.005729810551119645,0.022832452281389404,0.011362905151310772,-0.051017141225907954
74.65,-0.004427797967982968,0.016875782644542394,0.012709956568959678,-0.056235307931074445
74.66,-0.0031241908180441222,0.010902114913009953,0.014051330866155724,-0.06141764722567251
74.67,-0.00181958704917756,0.004915182805120248,0.015386510364793394,-0.06656241002522469
74.68,-0.0005145858503226092,-0.0010812640639678963,0.016714981157196294,-0.07166789001876026
74.69,0.0007902127242434473,-0.007083468095396164,0.018036233276100072,-0.07673242363582758
74.7,0.0020942081314602222,-0.01308766534111833,0.01934976086036701,-0.08175439008767107
74.71000000000001,0.003396799716613791,-0.019090085851409838,0.020655062316474387,-0.08673220995578709
74.72,0.0046973870907916744,-0.025086960229643848,0.02195164047582196,-0.09166434608073631
74.73,0.005995370508169804,-0.031074524875154053,0.023239002747836773,-0.09654930376409201
74.74,0.007290151242629971,-0.03704902554717171,0.024516661268853268,-0.10138563052136901
74.75,0.008581131963238958,-0.04300672357488758,0.025784133046842954,-0.10617191404347114
74.76,0.009867717108009346,-0.04894390235628575,0.027040940102198197,-0.1109067788795651
74.77,0.011149313255618087,-0.05485686345120267,0.028286609604544693,-0.11558889408970659
74.78,0.01242532949505314,-0.060741929643905866,0.029520674005231878,-0.12021697431530605
74.79,0.013695177792868602,-0.06659545296810307,0.030742671165441535,-0.1247897750513981
74.8,0.01495827335747718,-0.07241381835974692,0.031952144480140554,-0.12930609220203815
74.81,0.01621403500002189,-0.0781934475378628,0.03314864299801512,-0.1337647614521823
74.82000000000001,0.01746188549145371,-0.0839308025734681,0.034331721537441615,-0.13816465775401462
74.83,0.0187012519154511,-0.08962238948289701,0.03550094079855151,-0.1425046947073383
74.84,0.019931566016845922,-0.09526476113551038,0.03665586747143858,-0.14678382429721998
74.85000000000001,0.021152264545230347,-0.10085452086348924,0.0377960743405625,-0.15100103592036823
74.86,0.02236278959337528,-0.10638832686291393,0.038921140385441685,-0.1551553550672765
74.87,0.02356258893008479,-0.11186289496305714,0.040030650877738966,-0.15924584285161414
74.88,0.024751116327176956,-0.1172750014000893,0.041124197474808534,-0.16327159536240377
74.89,0.025927831880303853,-0.12262148598971154,0.04220137830977595,-0.16723174271450247
74.9,0.027092202323314513,-0.1278992549761415,0.04326179807823315,-0.17112544819182351
74.91,0.028243701335870203,-0.13310528387842016,0.04430506812164729,-0.17495190711733533
74.92,0.029381809844032502,-0.13823662018790875,0.045330806507575074,-0.17871034619468498
74.93,0.030506016313560747,-0.1432903859727793,0.04633863810676491,-0.1824000226074356
74.94,0.03161581703565568,-0.1482637803427458,0.047328194667240774,-0.1860202228462129
74.95,0.03271071640491315,-0.15315408180588602,0.04829911488547358,-0.18957026169673477
74.96000000000001,0.03379022718924961,-0.15795865050109828,0.04925104447474874,-0.1930494811996203
74.97,0.0348538707915822,-0.16267493034580557,0.05018363623082665,-0.19645724960909974
74.98,0.03590117750303509,-0.16730045166268745,0.05109655009503011,-0.1997929595947327
74.99,0.03693168674746631,-0.17183283222351126,0.0519894532148764,-0.20305602781431456
75.0,0.03794494731718837,-0.17626977817206158,0.05286202000231787,-0.2062458947526344
75.01,0.0389405175997486,-0.18060908633208858,0.05371393218965988,-0.20936202295556294
75.02,0.03991796579559197,-0.18484864581679866,0.05454487888328651,-0.212403895764307
75.03,0.04087687012644265,-0.1889864392384985,0.05535455661531949,-0.21537101634229694
75.04,0.041816819034283616,-0.19302054389253517,0.056142669393318946,-0.2182629065659803
75.05,0.0427374113708194,-0.19694913274003933,0.05690892874813139,-0.22107910599826852
75.06,0.0436382565773318,-0.20077047527911734,0.05765305377998698,-0.22381917083484687
75.07000000000001,0.044518974854842956,-0.20448293827359862,0.05837477120295557,-0.2264826728307372
75.08,0.04537919732451706,-0.208084986384562,0.05907381538787078,-0.2290691979870899
75.09,0.04621856617824891,-0.21157518248165982,0.05974992840383417,-0.23157834586817888
75.10000000000001,0.04703673481940787,-0.21495218785855358,0.060402860058368146,-0.2340097291324786
75.11,0.04783336799371675,-0.21821476249613037,0.06103236793629583,-0.23636297231732661
75.12,0.04860814191024924,-0.2213617651191453,0.06163821743744256,-0.23863771076936544
75.13,0.04936074435254655,-0.22439215307342447,0.06222018181326757,-0.2408335898022067
75.14,0.050090874779865936,-0.22730498208650052,0.06277804220251317,-0.24295026382499105
75.15,0.05079824441859367,-0.2300994058896664,0.06331158766595514,-0.2449873955355738
75.16,0.051482576343861254,-0.23277467571579594,0.06382061522033511,-0.24694465513173852
75.17,0.05214360555176319,-0.23533012863233044,0.06430492987105532,-0.24882173571832408
75.18,0.0527810790252335,-0.2377651075913891,0.06476434463933549,-0.2506184684355468
75.19,0.05339475579809412,-0.24007895068463272,0.06519868057742467,-0.2523348359142184
75.2,0.053984407017842795,-0.24227104134167135,0.06560776677127436,-0.2539708963874105
75.21000000000001,0.05454981600471024,-0.24434081500166385,0.06599144033451616,-0.25552677177315647
75.22,0.05509077830510114,-0.24628777735187327,0.06634954639673457,-0.2570026186696031
75.23,0.05560710173814587,-0.2481115122880138,0.06668193808813644,-0.25839861409950843
75.24,0.05609860643509968,-0.2498116660601205,0.06698847652126083,-0.2597149761494148
75.25,0.056565124870647465,-0.25138799819518876,0.06726903077137378,-0.2609518867189556
75.26,0.05700650188572538,-0.25284032278445234,0.06752347785638348,-0.2621095747915631
75.27,0.05742259470188003,-0.2541685693827784,0.06775170271653254,-0.2631882243743895
75.28,0.057813272926018615,-0.25537276019462296,0.06795359819583108,-0.26418800482183946
75.29,0.058178418545323726,-0.2564530151942511,0.06812906502590411,-0.26510905939446855
75.3,0.05851792591219692,-0.25740956285087047,0.06827801181885942,-0.2659512902275957
75.31,0.058831701719831146,-0.25824270052723364,0.06840035509214726,-0.266713965212845
75.32000000000001,0.0591196649685422,-0.2589528467271707,0.06849601934904687,-0.2673957188419248
75.33,0.05938174691946465,-0.2595405931254305,0.06856493721720255,-0.26799472391806184
75.34,0.059617891033966995,-0.2600066410669313,0.06860704963146212,-0.26850886172384
75.35000000000001,0.059828052902829824,-0.2603517390401979,0.06862230604866698,-0.2689357399910542
75.36,0.060012200171019645,-0.2605766343561721,0.06861066468515921,-0.26927285450093735
75.37,0.060170312464537044,-0.26068198067794307,0.06857209277705563,-0.26951731732973777
75.38,0.0603023813234029,-0.26066838528987624,0.06850656686756722,-0.2696660496603041
75.39,0.06040841013878211,-0.26053645751905197,0.06841407311093556,-0.26971598501756633
75.4,0.06048841409090022,-0.26028680934726117,0.06829460758454735,-0.2696638940790626
