t_s,center_heave_m,center_heave_acc_mps2,buoy_heave_m,buoy_heave_acc_mps2
54.0,0.043035748062898393,-0.19496058328590776,0.056649443677513345,-0.22964231286542972
54.01,0.043778649919188506,-0.19779054765871193,0.057285762114647615,-0.2321828665152314
54.02,0.04450175104067062,-0.20054432512301104,0.057898835022955425,-0.2346721751747139
54.03,0.04520477737303859,-0.203222584791477,0.058488413935485206,-0.23711069348099462
54.04,0.04588746239074879,-0.20582603486412812,0.05905425546137685,-0.2394988510102746
54.050000000000004,0.046549547025031515,-0.20835541985629927,0.05959612124336339,-0.24183705146249693
54.06,0.047190779588329915,-0.21081151782055413,0.060113777917864,-0.24412567190162288
54.07,0.04781091569544668,-0.21319513757183844,0.060606997077742635,-0.24636506206434433
54.08,0.04840971818331437,-0.21550706274391457,0.06107555523541047,-0.24855562129763997
54.09,0.048986957049326506,-0.21774749743095964,0.06151923375764742,-0.25069860310820713
54.1,0.049542409444406944,-0.21991581693032866,0.06193781871985424,-0.252796472942012
54.11,0.05007585973450359,-0.22201087839649103,0.062331100660312916,-0.2548524499460166
54.120000000000005,0.05058709961506414,-0.22403118338604003,0.06269887425748452,-0.25687026513655914
54.13,0.051075928261646204,-0.22597496476207513,0.06304093795539074,-0.2588540300670589
54.14,0.05154215250621499,-0.22784028189321454,0.06335709355274577,-0.26080809425896917
54.15,0.05198558703012497,-0.22962510423260865,0.06364714576934441,-0.26273691982909614
54.160000000000004,0.05240605456379243,-0.23132744052474424,0.06391090180463814,-0.2646448894936932
54.17,0.052803386078825745,-0.23294553943335003,0.06414817090962162,-0.2665360097522688
54.18,0.053177420948554766,-0.23447826564891802,0.06435876400759862,-0.2684133560316301
54.19,0.05352800703470316,-0.23592573855298551,0.06454249342615212,-0.2702781311352074
54.2,0.05385500067766343,-0.23728880019200474,0.06469917277373141,-0.2721304438417747
54.21,0.05415826662501294,-0.23856833543967482,0.06482861691028581,-0.2739703043870952
54.22,0.05443767794240098,-0.23976527062008796,0.06493064194747174,-0.2757976223445353
54.230000000000004,0.054693115921368725,-0.24088053881398133,0.06500506526914997,-0.2776118739152938
54.24,0.05492446999704752,-0.2419147171620872,0.06505170572079459,-0.27940782006276393
54.25,0.055131637702157225,-0.24286777330558185,0.06507038427690169,-0.28117255605564895
54.26,0.05531452467149326,-0.24373924383019124,0.06506092535077106,-0.28288764669662103
54.27,0.05547304468998399,-0.24452833508611604,0.06502315865571963,-0.2845305449130543
54.28,0.05560711979433037,-0.24523332304532847,0.06495692149733599,-0.2860748561570094
54.29,0.0557166804902361,-0.24585043997637526,0.06486206144067606,-0.28749082514059776
54.300000000000004,0.055801666138952384,-0.24637429925740273,0.06473843922931197,-0.28874837606876647
54.31,0.05586202547662557,-0.24679911092583376,0.0645859315398741,-0.28982542664139527
54.32,0.055897717185676495,-0.2471190813090253,0.06440443302249316,-0.29071044677646746
54.33,0.05590871048384414,-0.24732810885961634,0.06419385759968735,-0.2913939329558235
54.34,0.05589498572300353,-0.24742027054586144,0.06395413946159681,-0.2918662237754401
54.35,0.055856534918754835,-0.24739179829415117,0.06368523394981114,-0.29212022276853866
54.36,0.055793362055921614,-0.24724262323735657,0.0633871182014981,-0.29215259662511284
54.370000000000005,0.05570548312639931,-0.24697405208271087,0.06305979150592375,-0.2919616679161644
54.38,0.05559292602660088,-0.24658737376241924,0.06270327549889188,-0.29154595268285927
54.39,0.05545573042239494,-0.24608407968351093,0.06231761430037672,-0.290904438061007
54.4,0.05529394760180905,-0.24546574608880695,0.061902874614485265,-0.2900364538734893
54.410000000000004,0.055107640315309764,-0.24473408730649335,0.06145914579046199,-0.2889417423589949
54.42,0.0548968826043436,-0.24389092364994527,0.06098653984483743,-0.2876204253264415
54.43,0.054661759618384584,-0.2429381906866476,0.06048519144442708,-0.2860730217235115
54.44,0.054402367421037545,-0.24187792722333828,0.05995525785025997,-0.2843004378752788
54.45,0.05411881279762728,-0.24071188570195565,0.059396918834466135,-0.28230358214499196
54.46,0.053811213155612034,-0.23943920403473923,0.05881037666118207,-0.2800810374485379
54.47,0.05347969666680446,-0.2380555529490331,0.058195856280776746,-0.2776281944282828
54.480000000000004,0.05312440265715537,-0.23655580354004835,0.057553605744027306,-0.27493991314206023
54.49,0.05274548196362546,-0.23493939190018048,0.056883896554843966,-0.2720159365567635
54.5,0.052343096988545786,-0.2332087636140013,0.05618702368953116,-0.26885933862919875
54.51,0.05191742151991279,-0.23136621211299518,0.05546330534213879,-0.2654736133295071
54.52,0.05146864065475296,-0.22940900904787348,0.05471308241386582,-0.2618677433693232
54.53,0.05099695122241498,-0.22732635908730803,0.05393671746733915,-0.2580589990038264
54.54,0.050502562454231285,-0.22511560238133094,0.05313459339450928,-0.25405715679593505
54.550000000000004,0.049985696230268044,-0.22277992873859342,0.05230711245621447,-0.24986663710361343
54.56,0.04944658690257956,-0.2203216874853865,0.05145469569709118,-0.24549306445338762
54.57,0.04888548102551202,-0.21774384260992313,0.050577782414318165,-0.24094182017111523
54.58,0.04830263707631747,-0.21504922706219273,0.049676829600156444,-0.23621875292273017
54.59,0.047698325162752485,-0.2122409123135473,0.04875231136387061,-0.23132978737638504
54.6,0.04707282671959841,-0.2093220312866698,0.04780471833383156,-0.22628106953176258
54.61,0.04642643419371114,-0.20629583814281052,0.0468345570428063,-0.22107888724017935
54.620000000000005,0.0457594507194699,-0.20316566502670677,0.04584234929704253,-0.2157296847565216
54.63,0.04507218978454196,-0.19993495593938385,0.04482863153197761,-0.21023999859852324
54.64,0.04436497489015032,-0.1966071043391143,0.04379395415326021,-0.20461659342766125
54.65,0.04363813928935972,-0.1931829854172939,0.04273888078453734,-0.19886883052944118
54.660000000000004,0.04289202593157169,-0.18966085414078712,0.04166398730053608,-0.193008727165313
54.67,0.04212698751885276,-0.18604114555056656,0.04056986074037721,-0.18704626970586655
54.68,0.04134338641934404,-0.18232711462489717,0.039457098347292045,-0.1809888988004931
54.69,0.04054159437667368,-0.17852272055005317,0.03832630674610236,-0.17484496429082785
54.7,0.03972199211990411,-0.1746322153790304,0.03717810113768644,-0.16862244020632533
54.71,0.03888496895134577,-0.1706596509435863,0.03601310452428366,-0.16232832059867383
54.72,0.03803092233998637,-0.16660903122865134,0.03483194699342875,-0.15596950767142764
54.730000000000004,0.03716025752131605,-0.1624843579947464,0.03363526503051289,-0.14955274971297655
54.74,0.036273387099558185,-0.15828958955799755,0.03242370084486045,-0.14308466194073666
54.75,0.035370730654141265,-0.15402861790932132,0.03119790170801132,-0.13657177526345313
54.76,0.03445271435185615,-0.149705284542895,0.02995851930311738,-0.1300204805596753
54.77,0.03351977056244234,-0.1453234427088149,0.02870620908723887,-0.12343702849809292
54.78,0.03257233747765809,-0.1408868459584715,0.027441629666900245,-0.11682755413211277
54.79,0.03161085873585743,-0.13639922072711305,0.02616544218782598,-0.1101980076356178
54.800000000000004,0.030635783050122236,-0.13186428477964843,0.02487830974092872,-0.1035541823952509
54.81,0.029647563839867785,-0.12728567391967102,0.023580896784631423,-0.0969017118503806
54.82,0.028646658868906393,-0.12266695056852982,0.022273868583683538,-0.09024605119276868
54.83,0.027633529889959575,-0.11801163706456105,0.020957890665898725,-0.08359246247419616
54.84,0.02660864229453846,-0.11332319196018786,0.019633628297625317,-0.07694602411857049
54.85,0.025572464768562467,-0.1086050144777559,0.01830174597787405,-0.07031162746519216
54.86,0.024525468954885332,-0.10386041465710175,0.01696290695136495,-0.0636939677583176
54.870000000000005,0.02346812912415194,-0.09909261212122594,0.015617772740988968,-0.057097544648400396
54.88,0.02240092185418908,-0.09430475040094094,0.014267002699976222,-0.05052665794709968
54.89,0.021324325717317856,-0.08949989461139192,0.012911253584110691,-0.04398540296417315
54.9,0.020238820975914038,-0.08468101548202638,0.011551179144054602,-0.03747767883833675
54.910000000000004,0.019144889287002555,-0.07985099066321323,0.010187429737475088,-0.031007188008118382
54.92,0.018043013415891544,-0.075012612846484,0.008820651960892455,-0.024577434242798044
54.93,0.016933676959139544,-0.07016856623149036,0.007451488301227521,-0.018191727004789795
54.94,0.015817364077707074,-0.06532143144124651,0.006080576806849562,-0.011853182091442422
54.95,0.014694559240371392,-0.060473690100623145,0.004708550777923057,-0.005564724468595797
54.96,0.013565746977197448,-0.05562772107003323,0.0033360384757981643,0.0006709084067981054
54.97,0.01243141164304567,-0.05078580407391064,0.0019636628511655444,0.006851164684563678
54.980000000000004,0.01129203719111514,-0.04595011636483153,0.0005920412906588305,0.012973672911756686
54.99,0.01014810695676466,-0.04112272780813732,-0.0007782146186122141,0.01903623490002676
55.0,0.009000103451800417,-0.03630560485972944,-0.002146499307129447,0.02503682323976558
55.01,0.007848508168986369,-0.0315006151610987,-0.0035122134239747413,0.03097357895062026
55.02,0.00669380139664086,-0.026709522090110595,-0.004874764021267282,0.03684480079945674
55.03,0.005536462043416827,-0.021933987352138088,-0.006233564722766115,0.042648940184528014
55.04,0.004376967473212133,-0.01717557205107178,-0.0075880358771358795,0.048384600126622046
55.050000000000004,0.003215793350050347,-0.012435738517242573,-0.008937604696235488,0.054050528269307306
55.06,0.002053413492714271,-0.00771585379405837,-0.010281705378995008,0.05964561048653564
55.07,0.0008902997388774662,-0.0030171911928877112,-0.011619779221501621,0.06516886535873895
55.08,-0.00027307818150129983,0.0016590669187044633,-0.012951274713882322,0.07061943821814076
55.09,-0.0014362527637777954,0.006311826098144344,-0.01427564762455462,0.07599659559286416
55.1,-0.0025987588375468783,0.01094007585755405,-0.015592361072406552,0.081299719732772
55.11,-0.003760133667145997,0.015542889552863539,-0.016900885587500556,0.08652830162015461
55.120000000000005,-0.004919917043935818,0.020119420760879556,-0.01820069916092936,0.09168193537400046
55.13,-0.006077651370725032,0.02466889705742394,-0.01949128728436055,0.09676031438338352
55.14,-0.007232881738730936,0.029190619656532073,-0.020772142979800585,0.10176322366510145
55.15,-0.008385155997320195,0.03368395998861038,-0.02204276682021824,0.10669053405508815
55.160000000000004,-0.009534024816860066,0.03814835461480189,-0.023302666941596353,0.11154219780732229
55.17,-0.010679041745107597,0.042583301674816776,-0.024551359046918967,0.1163182431301975
55.18,-0.011819763257533575,0.04698835694327109,-0.025788366402602236,0.1210187690535872
55.19,-0.012955748801973805,0.051363129623031085,-0.02701321982790908,0.12564393980272232
55.2,-0.014086560838000611,0.055707278878140525,-0.02822545767785883,0.1301939805385739
55.21,-0.015211764871370284,0.060020510418343616,-0.029424625820076687,0.1346691732174718
55.22,-0.016330929483914087,0.06430257221725535,-0.030610277606034585,0.13906985150277565
55.230000000000004,-0.017443626359268907,0.06855325055422314,-0.031781973837147336,0.14339639622889402
55.24,-0.018549430304847722,0.07277236620567125,-0.03293928272618816,0.1476492311786788
55.25,-0.019647919270428187,0.07695977062347248,-0.03408177985444565,0.15182881895575723
55.26,-0.02073867436374725,0.08111534194846427,-0.0352090481250357,0.1559356569073537
55.27,-0.02182127986349395,0.08523898109839466,-0.03632067771276389,0.15997027347367385
55.28,-0.02289532323006096,0.08933060878076404,-0.037416266010896,0.16393322496122603
55.29,-0.023960395114366203,0.09339016263875505,-0.03849541757519568,0.16782509158566253
55.300000000000004,-0.025016089365061188,0.09741759324405784,-0.03955774406559053,0.17164647416954432
55.31,-0.02606200303448873,0.10141286053367893,-0.0406028641858023,0.17539799123697905
55.32,-0.027097736383739968,0.10537593071753462,-0.04163040362123845,0.1790802759606495
55.33,-0.02812289288712976,0.10930677313476307,-0.0426399949754422,0.18269397335782758
55.34,-0.029137079236394903,0.11320535731547397,-0.043631277705382124,0.1862397375798535
55.35,-0.03013990534490646,0.1170716501268512,-0.04460389805584991,0.1897182293876458
55.36,-0.031130984352180615,0.12090561307025735,-0.04555750899321904,0.19313011374728342
55.370000000000005,-0.032109932628949775,0.12470719970138992,-0.04649177013880184,0.19647605756999728
55.38,-0.03307636978305266,0.128476353191061,-0.04740634770203258,0.1997567275786116
55.39,-0.03402991866638205,0.13221300402258712,-0.048300914413686856,0.20297278830149665
55.4,-0.034970205383114954,0.13591706783529456,-0.049175149459337944,0.20612490017396934
55.410000000000004,-0.03589685929944142,0.13958844337560905,-0.0500287384132432,0.209213717660716
55.42,-0.03680951305499293,0.14322701059556253,-0.05086137317285117,0.21223988728073298
55.43,-0.03770780257615209,0.14683262898365423,-0.0516727518941179,0.21520404587141084
55.44,-0.038591367091416785,0.15040513585850712,-0.05246257892776349,0.2181068203408224
55.45,-0.03945984914897108,0.15394434496502368,-0.05323056475657403,0.22094882582612216
55.46,-0.04031289463661225,0.1574500450800149,-0.05397642593390397,0.22373066380187678
55.47,-0.04115015280417088,0.16092199872399066,-0.0546998850235014,0.22645292219039317
55.480000000000004,-0.04197127628853956,0.16435994119010297,-0.05540067054073911,0.22911617386839353
55.49,-0.042775921141411155,0.16776357956207313,-0.05607851689537026,0.23172097523046256
55.5,-0.043563746859818765,0.17113259190703928,-0.05673316433593179,0.2342678653345529
55.51,-0.044334416419559645,0.17446662655105144,-0.057364358895896424,0.23675736497005861
55.52,-0.04508759631157049,0.17776530148767103,-0.05797185234165977,0.2391899758659149
55.53,-0.04582295658131204,0.18102820388625793,-0.05855540212244579,0.2415661799153288
55.54,-0.046540170871211,0.18425488971029524,-0.05911477132220434,0.24388643845612767
55.550000000000004,-0.047238916466189454,0.18744488353164915,-0.05964972861358533,0.24615119127468674
55.56,-0.047918874342304185,0.19059767847044992,-0.06016004821408031,0.248360855598124
55.57,-0.04857972921851934,0.19371273556680682,-0.060645509844367416,0.2505158272319935
55.58,-0.049221169615507925,0.19678935854271853,-0.061105898683237146,0.25261666160005736
55.59,-0.04984288794778948,0.19982604186239805,-0.061541005280957135,0.2546650193133678
55.6,-0.05044458068587735,0.2028204055587216,-0.0619506253778496,0.2566637619933671
55.61,-0.05102594859309084,0.2057695656825958,-0.062334559621240515,0.2586164153853471
55.620000000000005,-0.05158669701628172,0.20867025580393123,-0.06269261321081118,0.26052699400126256
55.63,-0.05212653621441605,0.21151891626647817,-0.06302459549557038,0.26239987289139366
55.64,-0.052645181714314794,0.21431182018795575,-0.0633303195378427,0.2642396061517411
55.65,-0.053142354681832905,0.2170451947222992,-0.06360960166115939,0.26605075224154706
55.660000000000004,-0.05361778229635709,0.21971533907214819,-0.06386226099952495,0.2678377034864571
55.67,-0.05407119811301691,0.2223188636748287,-0.06408811907056358,0.26960434162736224
55.68,-0.05450234238234411,0.22485321273058947,-0.06428699941630364,0.27135328017759247
55.69,-0.05491096228357141,0.2273170944302104,-0.06445872737512008,0.2730852391828764
55.7,-0.05529681206527301,0.22970966222048494,-0.0646031299939473,0.27480023532422254
55.71,-0.0556596531398421,0.2320300428188915,-0.06472003601316,0.2764982683437402
55.72,-0.05599925416919621,0.23427740383562393,-0.06480927587435872,0.2781790733023368
55.730000000000004,-0.05631539115787846,0.23645062379199958,-0.06487068185487836,0.2798387139702899
55.74,-0.056607847577930984,0.238547986785021,-0.06490408862232615,0.28146568880432066
55.75,-0.056876414542883946,0.24056732012822632,-0.06490933441381441,0.2830427104854353
55.76,-0.05712089102530647,0.24250614945366,-0.06488626276919429,0.2845486413598503
55.77,-0.05734108412435281,0.2443611543007373,-0.06483472468786539,0.2859584832605683
55.78,-0.057536809440319886,0.2461270925903592,-0.06475458115727176,0.28724383649161844
55.79,-0.05770789160984815,0.24779713213360344,-0.06464570595719937,0.2883752783781434
55.800000000000004,-0.057854164975163117,0.24936387075295968,-0.06450798843012018,0.2893283000694423
55.81,-0.057975474307842584,0.25082006868232914,-0.064341335675454,0.29008985051645236
55.82,-0.058071675538332354,0.2521584046389271,-0.06414567393942633,0.2906514644644794
55.83,-0.05814263648530541,0.2533715886989761,-0.06392094955902164,0.2910044542270898
55.84,-0.05818823754061931,0.2544537713516214,-0.0636671297703603,0.29114194601036036
55.85,-0.05820837217412829,0.25540261447097234,-0.06338420332234851,0.2910606154275991
55.86,-0.058202947173711495,0.2562178174481763,-0.06307218080953121,0.29075939612008683
55.870000000000005,-0.05817188271080634,0.2568992244599357,-0.06273109481319135,0.2902375502211632
55.88,-0.05811511235334757,0.25744684687394986,-0.06236099996932784,0.2894947383513801
55.89,-0.05803258306329314,0.25786083445933783,-0.0619619729995656,0.2885309746016969
55.9,-0.05792425517939208,0.2581414857875448,-0.061534112705114045,0.2873466498816543
55.910000000000004,-0.05779010238573427,0.2582892327376003,-0.06107753992373487,0.28594252466393777
55.92,-0.0576301116664624,0.2583046461207255,-0.060592397449704107,0.2843197262882179
55.93,-0.05744428324764583,0.2581884043441339,-0.060078849918386,0.282479705444383
55.94,-0.05723263056002362,0.2579402479094297,-0.05953708368994874,0.28042318849241105
55.95,-0.056995180325922185,0.2575573250276863,-0.05896730683625518,0.2781485110651218
55.96,-0.056731972861479095,0.257034555178354,-0.05836974932229567,0.2756519945024182
55.97,-0.056443062541407955,0.2563668160203558,-0.05774466332750484,0.2729301810860987
55.980000000000004,-0.05612851818770774,0.25555294257238775,-0.057092323465467096,0.2699838411943294
55.99,-0.055788423185952216,0.2545942906176678,-0.05641302670631157,0.26681647198378045
56.0,-0.05542287542883877,0.2534912459025329,-0.05570709204345381,0.26343278516258867
56.01,-0.05503198744880786,0.2522380070043843,-0.054974859843969576,0.25984405439397706
56.02,-0.05461588698559546,0.2508252027038067,-0.05421669073359767,0.2560653551970669
56.03,-0.05417471761503329,0.2492511508685169,-0.05343296438189106,0.25210471597925393
56.04,-0.05370863895332766,0.24751790375173013,-0.05262407866147727,0.24796688639182882
56.050000000000004,-0.05321782653777224,0.24562709737180083,-0.05179044908376692,0.24365741543956043
56.06,-0.052702471641374316,0.24358078336137262,-0.050932508261037825,0.23918181697548707
56.07,-0.05216278107436768,0.2413810389353321,-0.05005070534594456,0.23454588115966113
56.08,-0.05159897696940195,0.2390301627390092,-0.04914550545693856,0.22975543517862815
56.09,-0.05101129655318686,0.23653052106152855,-0.048217389088288716,0.22481656914769144
56.1,-0.050399991905239104,0.23388464759835834,-0.04726685150541562,0.21973540468872177
56.11,-0.049765329704401604,0.23109516050799514,-0.04629440212929032,0.2145181991663425
56.120000000000005,-0.04910759096532898,0.2281647603094042,-0.045300563911630364,0.20917127078348144
56.13,-0.04842707077464847,0.22509597149928606,-0.04428587269849789,0.20370112928889403
56.14,-0.04772407814404873,0.22188775871466832,-0.04325087648234145,0.1981175534916322
56.15,-0.04699893608810284,0.21853761394307028,-0.04219613445672647,0.19243136198181104
56.160000000000004,-0.04625198173414053,0.21504662562899762,-0.04112221605578345,0.186650112729398
56.17,-0.04548356622521354,0.211417772111238,-0.0400297001692052,0.18078022738560798
56.18,-0.04469405444806708,0.20765437330400352,-0.038919174472067025,0.17482831277458047
56.19,-0.04388382470132941,0.20375992872845897,-0.03779123477176484,0.1688008528599655
56.2,-0.043053268352055904,0.1997378089576673,-0.036646484356452215,0.16270436139516345
56.21,-0.04220278949140711,0.19559150338344858,-0.03548553334499797,0.1565453340464259
56.22,-0.04133280458128204,0.19132468616361978,-0.03430899803998799,0.1503301777820791
56.230000000000004,-0.04044374208636922,0.1869411317663703,-0.033117500288115345,0.14406521379888915
56.24,-0.03953604209260213,0.18244477632021944,-0.0319116668508252,0.13775662509173445
56.25,-0.038610155912920316,0.17783964439171399,-0.030692128787330315,0.1314104697887772
56.26,-0.037666545682450224,0.17312985868292377,-0.029459520850576206,0.1250326747898878
56.27,-0.03670568394340501,0.1683196617358473,-0.02821448089769447,0.1186289872657925
56.28,-0.03572805322173638,0.16341330929999984,-0.026957649315250222,0.11220504674208262
56.29,-0.0347341455980713,0.15841514509640645,-0.025689668458583025,0.10576632315606582
56.300000000000004,-0.033724462271690764,0.1533295896854476,-0.02441118210739009,0.09931810035936145
56.31,-0.032699513118309466,0.14816108605487013,-0.023122834938541587,0.09286551007832798
56.32,-0.031659816245006474,0.142914085316021,-0.02182527201468248,0.08641353498853836
56.33,-0.0306058975428427,0.13759308710747264,-0.020519138289088062,0.07996696674719705
56.34,-0.029538290235949248,0.13220262354685017,-0.019205078128745227,0.07353040737081833
56.35,-0.02845753442794979,0.12674723110861558,-0.01788373485596487,0.06710828409981784
56.36,-0.02736417664742883,0.12123145058996458,-0.0165557503079857,0.06070484210101014
56.370000000000005,-0.02625876939365945,0.11565980580753916,-0.015221764414226563,0.05432415773922566
56.38,-0.025141870683370773,0.11003681256035476,-0.013882414791204733,0.047970121320928115
56.39,-0.02401404359854828,0.10436697818748665,-0.012538336355981346,0.04164642836186858
56.4,-0.02287585583549294,0.09865478924885651,-0.011190160958554267,0.03535659118165161
56.410000000000004,-0.02172787925600234,0.09290470354212323,-0.009838517032737923,0.0291039407763932
56.42,-0.020570689441518384,0.08712114339746885,-0.008484029265187763,0.02289162736974395
56.43,-0.019404865250898084,0.08130849039036321,-0.007127318282435797,0.016722622749787745
56.44,-0.018230988382469858,0.0754710766179221,-0.005769000355633568,0.010599725923432168
56.45,-0.017049642940985228,0.06961318223817606,-0.0044096871226760315,0.004525563161461512
56.46,-0.015861415009791362,0.06373903464523649,-0.003049985327646315,-0.001497413748416135
56.47,-0.014666892228589846,0.05785279934404951,-0.0016904965773967143,-0.007466918743780418
56.480000000000004,-0.013466663377376861,0.051958576000891904,-0.0003318171147857345,-0.013380828743374745
56.49,-0.012261317967006842,0.04606039615759603,0.0010254623917796389,-0.0192371824125986
56.5,-0.011051445836741796,0.04016221770234879,0.0023807570428036303,-0.025034173850951847
56.51,-0.009837636759226118,0.034267920988099124,0.003733487886642573,-0.03077014791816513
56.52,-0.008620480053296853,0.02838130522549811,0.005083082083419468,-0.03644359584743655
56.53,-0.007400564204991204,0.022506085068805595,0.00642897305436858,-0.042053150505508015
56.54,-0.0061784764970640345,0.01664588834111766,0.007770600617084644,-0.04759758133361427
56.550000000000004,-0.004954802647309676,0.010804252109598069,0.00910741110721501,-0.053075788083970336
56.56,-0.0037301264560035846,0.004984620416726846,0.010438857487140343,-0.058486796525705126
56.57,-0.0025050294626549137,-0.0008096559666343401,0.011764399442052407,-0.06382975594823558
56.58,-0.0012800906122275469,-0.006575322734554673,0.013083503463837824,-0.06910393269315075
56.59,-5.588593106319455e-05,-0.012309224397756663,0.014395642923316666,-0.07430870424257503
56.6,0.0011670117872717716,-0.018008305627400082,0.015700298131405173,-0.07944355446512517
56.61,0.002388033286059789,-0.023669612771338683,0.016996956389714855,-0.0845080683073971
56.620000000000005,0.003606613139287132,-0.029290294963175142,0.018285112031101676,-0.08950192680161848
56.63,0.004822190035168619,-0.034867605123899206,0.019564266450671976,-0.09442490197477109
56.64,0.00603420704924666,-0.04039890072768222,0.02083392812774961,-0.09927685185617763
56.65,0.007242111906985773,-0.04588164453932848,0.022093612639314496,-0.10405771516573774
56.660000000000004,0.008445357235801648,-0.051313404897989474,0.02334284266541949,-0.10876750666721224
56.67,0.00964340080650185,-0.05669185563598726,0.024581147987040548,-0.11340631316877574
56.68,0.010835705764132368,-0.062014776248745136,0.025808065476806,-0.11797428854265525
56.69,0.012021740848224358,-0.06728005186166146,0.027023139083072554,-0.1224716489053913
56.7,0.01320098060245552,-0.07248567289468331,0.028225919807824847,-0.1268986682488952
56.71,0.014372905573751225,-0.07762973465720147,0.029415965678843924,-0.13125567398240268
56.72,0.015537002500867841,-0.08271043695099806,0.03059284171660319,-0.13554304210349727
56.730000000000004,0.016692764492525627,-0.08772608289965757,0.031756119896308284,-0.1397611941810187
56.74,0.017839691195182007,-0.09267507804448297,0.03290537910544768,-0.1439105934981413
56.75,0.01897728895054201,-0.09755592959242879,0.03404020509723629,-0.14799174059873862
56.76,0.020105070942899282,-0.10236724522170834,0.03516019044036141,-0.15200516969218256
56.77,0.02122255733641793,-0.10710773186473906,0.03626493446540968,-0.1559514449860859
56.78,0.022329275402486255,-0.11177619433493033,0.0373540432083331,-0.15983115724458838
56.79,0.023424759637276325,-0.1163715338701607,0.03842712935129996,-0.16364492042645395
56.800000000000004,0.024508551869664618,-0.12089274656687422,0.03948381216126439,-0.167393368473119
56.81,0.025580201359667473,-0.12533892172518077,0.040523717426573326,-0.17107715221220665
56.82,0.026639264887561572,-0.129709240104428,0.041546477391920876,-0.17469693639073006
56.83,0.02768530683386754,-0.13400297209808,0.04255173069194209,-0.17825339682660524
56.84,0.028717899250379784,-0.1382194758242034,0.043539122283734494,-0.18174721766671778
56.85,0.02973662192243838,-0.14235819513738315,0.044508303378572804,-0.18517908878479866
56.86,0.030741062422640613,-0.14641865759858003,0.04545893137308129,-0.18854970334037385
56.870000000000005,0.031730816156201665,-0.15040047237120105,0.04639066978010246,-0.19185975540591366
56.88,0.03270548639817613,-0.15430332803846727,0.04730318815950419,-0.19510993768228646
56.89,0.0336646843227618,-0.158126990349181,0.04819616204914624,-0.19830093931295206
56.9,0.03460802902491043,-0.16187129998254313,0.04906927289622421,-0.2014334438980646
56.910000000000004,0.035535147534474135,-0.16553617024181838,0.04992220798918997,-0.20450812755673456
56.92,0.03644567482312609,-0.1691215844299461,0.05075466039044238,-0.20752565701533326
56.93,0.03733925380430435,-0.17262759360048055,0.051566328869976086,-0.21048668787155686
56.94,0.038215535326406515,-0.176054314369078,0.05235691784016186,-0.21339186293905762
56.95,0.039074178159474456,-0.17940192634729235,0.053126137291820086,-0.21624181072780396
56.96,0.0399148489756149,-0.1826706696511041,0.05387370273173872,-0.2190371440319171
56.97,0.040737222323412696,-0.18586084231143546,0.054599335121777254,-0.221778458472245
56.980000000000004,0.041540980596605104,-0.1889727974387723,0.05530276081971446,-0.22446633072973726
56.99,0.04232581399728156,-0.19200694079007244,0.05598371152197669,-0.22710131768321792
57.0,0.043091420493860694,-0.19496372854117014,0.056641924208343325,-0.2296839559166096
57.01,0.04383750577408042,-0.19784366449504823,0.05727714108871877,-0.2322147602208347
57.02,0.044563783193275155,-0.20064729735753037,0.05788910955209322,-0.23469422236160356
57.03,0.04526997371820742,-0.20337521814105866,0.05847758211780881,-0.23712281017310435
57.04,0.04595580586672411,-0.20602805749506148,0.059042316389226794,-0.2395009666429174
57.050000000000004,0.04662101564349965,-0.2086064830625094,0.05958307500988541,-0.24182910908933788
57.06,0.04726534647213756,-0.2111111968046089,0.06009962562222967,-0.2441076283691069
57.07,0.04788854912389553,-0.2135429323256566,0.060591740828991665,-0.24633688814673305
57.08,0.0484903816451141,-0.21590239352705404,0.06105919815464872,-0.2485173099268406
57.09,0.04907060930411954,-0.21818968163202618,0.06150177997710173,-0.25065020480401007
57.1,0.04962900459438839,-0.2204040596633682,0.06191927337636301,-0.2527381122525527
57.11,0.05016534730681776,-0.22254428008173668,0.06231146988201578,-0.25478431658601153
57.120000000000005,0.0506794246545716,-0.2246087468666712,0.0626781651440925,-0.25679260518828156
57.13,0.05117103143330897,-0.2265956032772192,0.06301915855294654,-0.25876713635234855
57.14,0.0516399702060388,-0.2285028360490673,0.06333425282422428,-0.26071228363554866
57.15,0.05208605150291208,-0.23032836620763017,0.06362325356343215,-0.2626324999437003
57.160000000000004,0.05250909402573363,-0.23207016822114435,0.06388596882535114,-0.2645321403671931
57.17,0.0529089248432473,-0.23372647295127588,0.06412220868899716,-0.2664151620844512
57.18,0.053285379552991466,-0.23529615089461936,0.06433178488388265,-0.2682845592606383
57.19,0.0536383023681512,-0.23677931608663355,0.064514510528885,-0.270141472945037
57.2,0.053967546109323535,-0.23817676536796825,0.06467020001350154,-0.2719860117474691
57.21,0.05427297213691942,-0.23948933174168013,0.06479866896932546,-0.27381819857469325
57.22,0.054554450266884214,-0.24071789491743067,0.06489973426939125,-0.2756379510430254
57.230000000000004,0.05481185868360598,-0.24186332907970323,0.06497321405242285,-0.27744460303559115
57.24,0.055045083864390464,-0.2429261138155213,0.06501892793881889,-0.27923227731396155
57.25,0.05525402054193457,-0.2439061339966237,0.06503669774744873,-0.2809875814658267
57.26,0.05543857171628526,-0.2448028769437927,0.06502634884587585,-0.28269195900745064
57.27,0.05559864870838764,-0.24561550074119776,0.06498771202598237,-0.28432290241293545
57.28,0.0557341712700629,-0.24634211782166573,0.06492062579057677,-0.28585421474229467
57.29,0.05584506781532306,-0.24697879442605608,0.06482493899923569,-0.2872564914552055
57.300000000000004,0.05593127581930229,-0.24752011067871557,0.06470051374954179,-0.2885001944796954
57.31,0.05599274234175873,-0.24796029916478507,0.06454722809038342,-0.2895634933071866
57.32,0.056029424595295925,-0.2482936514048547,0.06436497803706624,-0.29043493185668895
57.33,0.05604129052463911,-0.24851422909121115,0.06415367885531069,-0.29110520988257516
57.34,0.05602831938996422,-0.24861629305762623,0.06391326603801706,-0.2915648920847735
57.35,0.05599050228353447,-0.2485960936834598,0.06364369617215834,-0.291806939217962
57.36,0.05592784243345788,-0.24845346895654624,0.06334494757738714,-0.29182796094705343
57.370000000000005,0.055840355246272656,-0.24818970681445782,0.06301702066391048,-0.2916262908979976
57.38,0.05572806820700985,-0.2478060985900372,0.06265993812666276,-0.2912004729367956
57.39,0.05559102074446729,-0.24730413054976208,0.06227374508073533,-0.2905495142215773
57.4,0.05542926408398744,-0.2466853807408753,0.06185850915913745,-0.2896727665265933
57.410000000000004,0.055242861087600306,-0.24595156584215605,0.061414320571798166,-0.28856998934995226
57.42,0.055031886082169405,-0.24510451161458746,0.06094129212592237,-0.28724132136754055
57.43,0.05479642467582623,-0.24414616083673824,0.06043955920738403,-0.28568729582079183
57.44,0.054536573563305574,-0.24307855970777292,0.05990927972330241,-0.283908829556889
57.45,0.05425244034011035,-0.24190322883090867,0.059350634025324873,-0.2819065981530132
57.46,0.0539441434224659,-0.2406190367741377,0.05876382491033911,-0.27967890880928736
57.47,0.053611812197188004,-0.23922198355297486,0.058149077823055846,-0.2772214719501418
57.480000000000004,0.05325558738558398,-0.23770742203830716,0.057506641245284255,-0.2745296195401381
57.49,0.052875621373917985,-0.2360746599468775,0.056836787023669594,-0.2716029447760916
57.5,0.05247207826680596,-0.23432606895715116,0.05613981038992263,-0.2684444281804476
57.51,0.05204513371754992,-0.23246381531707133,0.05541602970689159,-0.26505778603120267
57.52,0.05159497487455014,-0.23048467246976984,0.05466578593425061,-0.26145247391213605
57.53,0.051121800805174956,-0.2283787025912796,0.053889441579601106,-0.2576449664867325
57.54,0.05062582313033201,-0.22614332763715844,0.05308737939834835,-0.2536449747782061
57.550000000000004,0.050107266256760305,-0.2237815242064829,0.05226000144492803,-0.2494571556547027
57.56,0.049566367204266285,-0.22129579931623553,0.05140772848147133,-0.24508699988780677
57.57,0.049003375333141745,-0.21868909256980226,0.05053099944703648,-0.24053993595148043
57.58,0.048418552060669647,-0.21596430625763716,0.04963027090190717,-0.2358217660340357
57.59,0.04781217056501527,-0.2131245347093662,0.04870601645089035,-0.2309384146981638
57.6,0.047184515477868796,-0.2101729537786783,0.047758726146958905,-0.2258960082992964
57.61,0.04653588256551151,-0.20711286154925365,0.04678890587824334,-0.22070081134100772
57.620000000000005,0.04586657840006809,-0.203947626761191,0.04579707673908958,-0.21535925435929265
57.63,0.04517692002138979,-0.20068073079793652,0.04478377438732302,-0.20987786065718508
57.64,0.04446723459176561,-0.19731566236363918,0.04374954838824212,-0.20426332880973547
57.65,0.04373785912416416,-0.19385344417923797,0.04269496146966006,-0.19852489950347052
57.660000000000004,0.04298914043351761,-0.1902918127076146,0.041620588545991495,-0.19267511690152056
57.67,0.0422214352128448,-0.18663129499342335,0.040527015609414026,-0.18672391956143072
57.68,0.04143510993940048,-0.18287556409118016,0.03941483877563945,-0.18067829133961996
57.69,0.04063054056777773,-0.17902837832235272,0.03828466351973261,-0.1745454535599986
57.7,0.03980811214878596,-0.17509375220162965,0.037137103929889184,-0.16833355661005392
57.71,0.03896821842282092,-0.17107606324322724,0.035972781924417316,-0.1620503046346558
57.72,0.03811126139805493,-0.16697943756191577,0.03479232649701475,-0.15570260423788235
57.730000000000004,0.0372376509364793,-0.162807918057902,0.0335963730141119,-0.14929723593151378
57.74,0.03634780434790605,-0.158565583951828,0.03238556253903217,-0.1428408230171289
57.75,0.03544214598541249,-0.1542564632462415,0.03116054117107997,-0.1363398370633766
57.76,0.03452110684453729,-0.14988452131463992,0.029921959398216735,-0.12980065266218882
57.77,0.033585124168391677,-0.14545366480945104,0.02867047146195553,-0.12322950065586963
57.78,0.03263464105701444,-0.14096779655005034,0.02740673473596182,-0.11663245967999779
57.79,0.03167010608114712,-0.1364307196128489,0.02613140911916165,-0.11001547389707649
57.800000000000004,0.03069197290177373,-0.131846211704053,0.02484515644399992,-0.10338430897715438
57.81,0.02970069989368088,-0.12721802410342614,0.02354863990119567,-0.09674456782044433
57.82,0.028696749773662152,-0.12254981547338094,0.022242523481466794,-0.0901016780583944
57.83,0.027680589235755396,-0.11784518092940972,0.02092747143482284,-0.08346088273569457
57.84,0.026652688592947362,-0.11310766609376725,0.01960414774831181,-0.0768272345214175
57.85,0.02561352142472921,-0.1083407459461618,0.0182732156424097,-0.07020560491751239
57.86,0.024563564231438958,-0.10354781919948303,0.016935337086335468,-0.06360066385868071
57.870000000000005,0.023503296096537788,-0.09873219378078059,0.015591172332941891,-0.05701688555009235
57.88,0.022433198357518776,-0.09389709074751769,0.014241379473220685,-0.05045855100527165
57.89,0.021353754285197053,-0.08904565553567347,0.012886614010576359,-0.043929735131271304
57.9,0.020265448771378744,-0.08418093734465669,0.011527528455113262,-0.03743431808125075
57.910000000000004,0.019168768025635732,-0.07930589142564948,0.010164771937545343,-0.0309759878027486
57.92,0.018064199281357142,-0.07442338292163832,0.008798989842704934,-0.02455822949564923
57.93,0.016952230511312914,-0.06953617168934567,0.007430823462918089,-0.018184332152050904
57.94,0.01583335015342035,-0.06464691168566702,0.0060609096709262214,-0.011857395416219791
57.95,0.014708046846936627,-0.059758154331772416,0.004689880611910476,-0.005580328767816105
57.96,0.013576809178940538,-0.05487234804252844,0.00331836341442676,0.000644145510122737
57.97,0.012440125440980918,-0.04999184055188896,0.0019469799200734531,0.006813490541357136
57.980000000000004,0.011298483396040662,-0.04511887083579456,0.0005763464314949806,0.012925346792927263
57.99,0.01015237005615622,-0.040255569328803045,-0.0007929265218479558,0.018977527776294915
58.0,0.009002271470723786,-0.035403961989270066,-0.002160234400588793,0.0249680175445075
58.01,0.007848672525139695,-0.030565974745858003,-0.0035249788554027476,0.030894965956831683
58.02,0.006692056749717955,-0.025743425838785628,-0.004886567910486098,0.03675668173701403
58.03,0.005532906139173986,-0.0209380257364201,-0.006244416131150731,0.04255162773814341
58.04,0.004371700982645291,-0.01615138319729712,-0.007597944776050944,0.04827841618200587
58.050000000000004,0.003208919703929916,-0.011385006014881389,-0.008946581934558589,0.05393580254590799
58.06,0.0020450387117104327,-0.006640303358408529,-0.010289762649852196,0.05952268010777949
58.07,0.0008805322595758562,-0.001918587719150522,-0.011626929028290994,0.06503807406147014
58.08,-0.00028412768441454095,0.0027789214683315772,-0.012957530335633414,0.07048113625103387
58.09,-0.0014484715589085269,0.007451095647604173,-0.014281023080663315,0.07585113914907708
58.1,-0.0026120323213696486,0.012096896790405301,-0.015596871086833294,0.0811474690279251
58.11,-0.003774345551300746,0.016715373319552956,-0.016904545552549666,0.08636962060523508
58.120000000000005,-0.0049349495449370765,0.02130565534024033,-0.018203525100650837,0.09151719219655728
58.13,-0.006093385401826837,0.02586695125627331,-0.019493295817589823,0.0965898801900069
58.14,-0.00724919710358596,0.030398547091851344,-0.02077335128292037,0.10158747156847263
58.15,-0.008401931585056439,0.03489980204916224,-0.022043192589722004,0.10650983894213402
58.160000000000004,-0.009551138798257487,0.03937014352595753,-0.023302328356506908,0.11135693564273177
58.17,-0.010696371769569734,0.04380906359919728,-0.024550274731135146,0.11612878978088932
58.18,-0.011837186650521976,0.04821611585752349,-0.02578655538724665,0.12082550039942395
58.19,-0.012973142762520956,0.05259091158155252,-0.027010701513673924,0.1254472322708392
58.2,-0.014103802635907403,0.056933115370017634,-0.0282222517973375,0.129994210552757
58.21,-0.015228732043746576,0.0612424413682927,-0.029420752400127065,0.13446671619200906
58.22,-0.016347500030745726,0.06551864927361796,-0.030605756930250805,0.1388650812913064
58.230000000000004,-0.0174596789376905,0.06976154045118188,-0.03177682640850399,0.1431896847283429
58.24,-0.018564844421797132,0.0739709537313474,-0.03293352922990103,0.14744094779290454
58.25,-0.01966257547338256,0.07814676160667207,-0.03407544112109731,0.15161933011016943
58.26,-0.02075245442922306,0.08228886693158481,-0.03520214509399923,0.15572532607162798
58.27,-0.021834066982966,0.0863971987031088,-0.03631323139593539,0.15975946107772723
58.28,-0.022907002192953246,0.09047170918521714,-0.03740829745677597,0.16372228739505523
58.29,-0.02397085248779808,0.09451237014883317,-0.03848694783338095,0.16761438081034863
58.300000000000004,-0.025025213670076655,0.09851916884613328,-0.03954879415172152,0.17143633759982088
58.31,-0.026069684918504442,0.1024921048326286,-0.040593455046987595,0.17518877128961927
58.32,-0.027103868788940354,0.10643118655780862,-0.04162055610199303,0.17887230974038595
58.33,-0.028127371214539846,0.11033642823525493,-0.04262972978417195,0.1824875922915466
58.34,-0.029139801505376116,0.11420784674908616,-0.04362061538145163,0.18603526706768264
58.35,-0.030140772347829872,0.11804545872083712,-0.04459285893726686,0.1895159884938519
58.36,-0.031129899804039914,0.12184927768406814,-0.04554611318496368,0.19293041492916782
58.370000000000005,-0.03210680331169231,0.1256193114024085,-0.04648003748183418,0.19627920636582963
58.38,-0.03307110568441545,0.12935555927693182,-0.04739429774300584,0.19956302218481198
58.39,-0.034022433113035766,0.13305800986861768,-0.04828856637541075,0.2027825191895808
58.4,-0.03496041516793396,0.13672663871301385,-0.04916252221202134,0.20593834996956875
58.410000000000004,-0.035884684802720765,0.14036140620222906,-0.05001585044653724,0.2090311608312883
58.42,-0.0367948783594406,0.14396225554966302,-0.05084824256870771,0.21206159013191347
58.43,-0.037690635575504644,0.1475291108972196,-0.05165939630045734,0.21503026684539825
58.44,-0.038571599592538135,0.1510618755200356,-0.05244901553297189,0.2179378089155565
58.45,-0.03943741696731518,0.1545604302392932,-0.05321681026487794,0.22078482253799409
58.46,-0.040287737684934884,0.15802463201209688,-0.05396249654164362,0.22357190029710272
58.47,-0.041122215174376364,0.16145431262218898,-0.054685796396327827,0.22629962052934516
58.480000000000004,-0.04194050632656458,0.16484927747939784,-0.055386437791774476,0.2289685463317595
58.49,-0.042742271515067834,0.1682093045096718,-0.05606415456435425,0.23157922408007525
58.5,-0.043527174619528944,0.1715341431884078,-0.05671868636937837,0.23413218260396845
58.51,-0.044294883051930356,0.1748235137004176,-0.05734977862827961,0.23662793224696788
58.52,-0.04504506778576764,0.1780771062208725,-0.057957182477650034,0.23906696408133238
58.53,-0.04577740338820566,0.18129458030934634,-0.05854065472021817,0.24144974910631423
58.54,-0.04649156805527359,0.18447556445515206,-0.05909995777784569,0.24377673740602374
58.550000000000004,-0.04718724365013916,0.18761965580429438,-0.05963485964663657,0.24604835697555952
58.56,-0.047864115744511354,0.19072641943200203,-0.06014513385420616,0.248265014604488
58.57,-0.04852187366320486,0.19379538834095927,-0.06063055941911897,0.2504270949726564
58.58,-0.049160210534705796,0.19682597190362244,-0.06109092080846216,0.25253509236820076
58.59,-0.04977882337238079,0.19981680379659636,-0.06152600785787184,0.25459055654405177
58.6,-0.050377413225373924,0.20276557857849828,-0.06193561559735956,0.25659633070869464
58.61,-0.05095568540811366,0.2056694410599838,-0.062319543969911136,0.25855598757354054
58.620000000000005,-0.05151334978749297,0.20852514647985554,-0.06267759747314834,0.26047359780985974
58.63,-0.05205012110932368,0.2113291515498562,-0.06300958475066513,0.26235359913227413
58.64,-0.05256571935222421,0.21407774998343385,-0.06331531815010573,0.26420060092280195
58.65,-0.053059870096661965,0.2167671953729842,-0.06359461326567502,0.2660192073144929
58.660000000000004,-0.0535323048963717,0.21939383203678983,-0.06384728848350685,0.2678138283905931
58.67,-0.05398276163569339,0.22195434009060278,-0.06407316455367404,0.26958832492338997
58.68,-0.05441098484113264,0.22444628670165215,-0.064272064234756,0.2713452099636938
58.69,-0.05481672590389372,0.2268684885247101,-0.06444381207366215,0.273085122339079
58.7,-0.055199743210904643,0.2292201593450423,-0.06458823432426392,0.2748080649523817
58.71,-0.05555980223247542,0.23150048206284246,-0.0647051589348621,0.2765140276086107
58.72,-0.05589667560225617,0.2337086832224885,-0.06479441555602666,0.2782027682127263
58.730000000000004,-0.05621014320405782,0.23584371584822092,-0.06485583566685478,0.27987058750023047
58.74,-0.05649999229010664,0.23790392296092558,-0.06488925311517875,0.2815060542773914
58.75,-0.05676601764956759,0.23988716843833308,-0.06489450529399553,0.2830917076954223
58.76,-0.05700802182203503,0.24179101468044867,-0.06487143488791935,0.28460621417202864
58.77,-0.05722581535974125,0.24361223346588912,-0.06481989204675194,0.28602445695672785
58.78,-0.05741921719423374,0.24534566843700417,-0.06473973692548217,0.2873179785247777
58.79,-0.057588055164629774,0.24698451790925058,-0.06463084249446258,0.2884573339801252
58.800000000000004,-0.05773216668309721,0.24852139950578578,-0.06449309731095507,0.28941804788822356
58.81,-0.05785139945633242,0.24994909811106575,-0.06432640771221669,0.2901870678042557
58.82,-0.05794561221242823,0.2512603278098331,-0.06413069920552313,0.2907559037133038
58.83,-0.05801467542663958,0.2524478445163839,-0.06390591741373285,0.29111585599222467
58.84,-0.05805847200324414,0.2535058048093552,-0.06365202888628232,0.29126000072563685
58.85,-0.05807689778051855,0.2544318280111288,-0.06336902171843181,0.29118491982555844
58.86,-0.05806986177252621,0.25522562258239034,-0.06305690589094401,0.2908895074988589
58.870000000000005,-0.058037286234155556,0.2558870633946277,-0.06271571341543687,0.2903730108093441
58.88,-0.057979106671785026,0.2564161824977785,-0.062345498404551454,0.28963506858700044
58.89,-0.05789527183852757,0.2568131527921689,-0.06194633710471978,0.2886756788725758
58.9,-0.0577857437149102,0.25707829228470547,-0.061518327891847455,0.28749521604792455
58.910000000000004,-0.05765049747544592,0.2572120529622962,-0.061061591229870066,0.28609442557140463
58.92,-0.05748952144154416,0.257215021456815,-0.06057626959213458,0.2844744230615253
58.93,-0.057302817022006666,0.2570878846341716,-0.060062527347322085,0.28263664351779655
58.94,-0.05709039867593555,0.256830355995936,-0.059520550645679855,0.28058176419388275
58.95,-0.056852293999360565,0.2564396329720751,-0.05895054740778128,0.2783081483738433
58.96,-0.056588544019694105,0.25591082727500736,-0.05835274750003757,0.2758122961879864
58.97,-0.05629920364769721,0.2552388942316704,-0.05772740304461755,0.2730908150760423
58.980000000000004,-0.05598434206498622,0.25442246251187006,-0.057074788639168116,0.2701442559168007
58.99,-0.05564404285102339,0.25346282371005374,-0.056395201290662125,0.2669760539553519
59.0,-0.055278403935019434,0.25236032974790773,-0.055688960086859356,0.26359100723301837
59.01,-0.054887537722065664,0.2511094865638108,-0.054956405553445935,0.2600000714236108
59.02,-0.05447157164045708,0.2497011102211849,-0.05419789855804735,0.2562181593303939
59.03,-0.05403064876834317,0.24813309371598416,-0.053413819097219116,0.25225370327412777
59.04,-0.05356492805872581,0.24640738014540692,-0.052604565435317135,0.24811157108247656
59.050000000000004,-0.05307458423275531,0.2445256465186386,-0.05177055352737384,0.24379727967332465
59.06,-0.052559807595003685,0.24248992976785846,-0.050912216479962365,0.23931635787366287
59.07,-0.05202080383537767,0.24030229344022028,-0.0500300039898828,0.23467461870538361
59.08,-0.05145779381557947,0.2379650281931391,-0.04912438176786387,0.22987789864855993
59.09,-0.05087101334139294,0.23548050296625772,-0.048195830947704646,0.22493228645915472
59.1,-0.050260712921804965,0.23285124214647662,-0.04724484748011652,0.21984394812487873
59.11,-0.04962715751581948,0.2300798694764674,-0.046271941514915274,0.2146191421041676
59.120000000000005,-0.04897062626804195,0.22716911362684844,-0.04527763677507619,0.2092641931723854
59.13,-0.048291412241027294,0.22412157607440403,-0.04426246991794095,0.20378567717417195
59.14,-0.04758982226136152,0.2209363092880258,-0.04322698977862023,0.19819354263524555
59.15,-0.04686617699973188,0.21761054472891594,-0.042171756394972976,0.19249925811434757
59.160000000000004,-0.04612081108333398,0.21414565143524814,-0.04109734002014682,0.1867101046755558
59.17,-0.04535407299284158,0.21054452235722565,-0.04000432034823985,0.1808321853179004
59.18,-0.04456632479916933,0.20681015240244502,-0.03889328586307361,0.17487217914218353
59.19,-0.04375794184784013,0.2029460939227107,-0.03776483318842218,0.16883655097175096
59.2,-0.04292931241668109,0.19895580554332518,-0.036619566436333226,0.16273180219974082
59.21,-0.042080837367162914,0.19484274475233357,-0.03545809655944749,0.15656438360419223
59.22,-0.041212929795008374,0.19061045394777065,-0.03428104070530663,0.15034073914197188
59.230000000000004,-0.04032601467032583,0.18626267901191096,-0.03308902157623361,0.14406717576671332
59.24,-0.03942052846386084,0.18180323547315883,-0.0318826667982977,0.13774992964171157
59.25,-0.03849691876114373,0.17723608906796798,-0.030662608301719917,0.13139506728013284
59.26,-0.03755564386543916,0.17256528365420531,-0.029429481714699293,0.1250085370842142
59.27,-0.0365971723907878,0.16779496311039396,-0.028183925771333006,0.11859612835870623
59.28,-0.03562198284624279,0.16292934702025003,-0.02692658173488805,0.11216346310044376
59.29,-0.03463056321340821,0.15797268729751884,-0.0256580928362611,0.10571604075434832
59.300000000000004,-0.03362341051831168,0.15292931983544406,-0.024379103727680526,0.09925916989688661
59.31,-0.032601030397219316,0.14780362234511177,-0.023090259953675044,0.09279798342029918
59.32,-0.031563936658463444,0.1425999818651216,-0.021792207439053385,0.08633746628019343
59.33,-0.03051265084211214,0.13732281451907874,-0.02048559199303331,0.0798824291976123
59.34,-0.029447701776948717,0.13197657190560375,-0.019171058830905995,0.0734374879769175
59.35,-0.02836962513479685,0.12656571723823984,-0.01784925211440179,0.0670070757894949
59.36,-0.027278962983563738,0.12109471485302885,-0.016520814510478366,0.06059544579227642
59.370000000000005,-0.026176263340465373,0.11556801516974616,-0.015186386767952944,0.05420667778916101
59.38,-0.025062079726436558,0.10999005283466672,-0.013846607311799097,0.04784467153941209
59.39,-0.023936970721737904,0.10436525912776425,-0.012502111855800116,0.04151313090417495
59.4,-0.022801499522684506,0.0986980456081238,-0.011153533034160385,0.03521557403238238
59.410000000000004,-0.0216562335003988,0.09299279320320972,-0.009801500051742932,0.02895533796731172
59.42,-0.02050174376255462,0.08725384880794679,-0.00844663835251158,0.022735578391799904
59.43,-0.01933860471870536,0.08148551861461341,-0.007089569306011447,0.016559272431143152
59.44,-0.01816739364979713,0.07569206146228791,-0.005730909911626982,0.010429222810864877
59.45,-0.016988690282509676,0.06987768299953709,-0.0043712725202394295,0.004348061565746569
59.46,-0.01580307636884977,0.0640465355351606,-0.0030112645730712368,-0.001681751640711171
59.47,-0.014611135271268798,0.05820271324263709,-0.001651488357637776,-0.0076579266201319525
59.480000000000004,-0.013413451553709956,0.052350246780328936,-0.00029254078055659954,-0.01357833808369295
59.49,-0.012210610579094054,0.04649309850771002,0.001064986843218483,-0.019441020741049538
59.5,-0.011003198113726888,0.04063515785999143,0.002420508985217532,-0.02524416460252189
59.51,-0.009791799939033391,0.03478023882055647,0.0037734460827941905,-0.030986110530630707
59.52,-0.008577001470945797,0.028932076298629567,0.00512322470344373,-0.036665345541482174
59.53,-0.007359387387278004,0.023094322680289922,0.006469277694559899,-0.042280498289465486
59.54,-0.00613954126342059,0.017270544928112374,0.007811044319104134,-0.047830333958059204
59.550000000000004,-0.004918045216694546,0.01146422044910874,0.009147970377739121,-0.05331374737282045
59.56,-0.0036954795596273694,0.005678737036742873,0.010479508317933024,-0.0587297610299593
59.57,-0.002472422462290776,-8.260894294080113e-05,0.011805117330400459,-0.06407752065190055
59.58,-0.0012494496238914204,-0.005816615820708127,0.013124263433352018,-0.06935628831747453
59.59,-2.7133953858543504e-05,-0.01152017818071647,0.014436419545128695,-0.07456543757305606
59.6,0.0011939547373788805,-0.01719028848068016,0.015741065545761584,-0.07970444817238545
59.61,0.0024132500377779687,-0.02282403833741453,0.017037688327972495,-0.08477290098501525
59.620000000000005,0.0036301892230905623,-0.028418619860008612,0.018325781838139325,-0.0897704724219563
59.63,0.004844213536186118,-0.033971326387043935,0.019604847107752746,-0.09469692971889852
59.64,0.006054768456210049,-0.03947955286612873,0.02087439227583105,-0.09955212675463124
59.65,0.0072613039575287535,-0.044940796563517675,0.022133932602760805,-0.10433599873670558
59.660000000000004,0.008463274758403763,-0.05035265751338573,0.023382990476060066,-0.10904855711618536
59.67,0.009660140559355166,-0.05571283864181388,0.024621095408569382,-0.11368988493061821
59.68,0.010851366271202497,-0.06101914578222945,0.025847784029541247,-0.11826013211398051
59.69,0.012036422232783901,-0.0662694874973711,0.027062600069093688,-0.12275951097478048
59.7,0.013214784418368682,-0.07146187488781885,0.02826509433649157,-0.1271882914432694
59.71,0.014385934634793127,-0.07659442117927473,0.02945482469271697,-0.13154679651910905
59.72,0.015549360708377058,-0.08166534060815399,0.030631356017744464,-0.13583539926816232
59.730000000000004,0.016704556661702466,-0.08667294782927999,0.03179426017289099,-0.1400545184110031
59.74,0.017851022880335306,-0.09161565724655132,0.03294311595865517,-0.14420461388733594
59.75,0.01898826626956163,-0.09649198191126968,0.03407750906846394,-0.14828618322582143
59.76,0.020115800401246928,-0.10130053244973707,0.03519703203871296,-0.15229975773028395
59.77,0.021233145650929475,-0.10604001581069011,0.03630128419546672,-0.1562458989419418
59.78,0.02233982932527484,-0.11070923392346657,0.03738987159817944,-0.16012519514714887
59.79,0.023435385780030172,-0.11530708224525116,0.038462406980777374,-0.1639382580817127
59.800000000000004,0.024519356528622558,-0.11983254823693112,0.03951850969043618,-0.1676857197306792
59.81,0.02559129034156107,-0.12428470973997482,0.04055780562436896,-0.17136822924515238
59.82,0.02665074333680511,-0.12866273326249272,0.04157992716493198,-0.17498644998307866
59.83,0.027697279061271843,-0.1329658721921115,0.042584513113344775,-0.17854105667943088
59.84,0.028730468563666765,-0.137193464934149,0.043571208622302765,-0.18203273273647635
59.85,0.029749890458822915,-0.14134493298191708,0.04453966512775276,-0.18546216763327988
59.86,0.03075513098374556,-0.14541977892259014,0.04548954028009078,-0.18883005445142315
59.870000000000005,0.0317457840455657,-0.14941758438345326,0.04642049787502502,-0.19213708751370473
59.88,0.0327214512616051,-0.15333800792091956,0.04733220778434222,-0.1953839601268083
59.89,0.03368174199177421,-0.15718078282697603,0.04822434588680099,-0.19857136237605916
59.9,0.034626273363522184,-0.1609457146918318,0.0490965939993717,-0.20169997899206035
59.910000000000004,0.035554670289566555,-0.16463267950733354,0.04994863980902796,-0.20477048766325945
59.92,0.03646656547861372,-0.16824162147854668,0.05078017680526397,-0.20778355724485448
59.93,0.03736159943929761,-0.17177255052651796,0.05159090421351725,-0.21073984590225867
59.94,0.03823942047757398,-0.17522553992226703,0.052380526929674966,-0.21363999950135934
59.95,0.03909968468781735,-0.17860072387718637,0.05314875545582547,-0.2164846500147833
59.96,0.039942055937855415,-0.18189829511991312,0.05389530583741621,-0.21927441404635983
59.97,0.04076620584819156,-0.18511850245164427,0.05461989960196229,-0.22200989144056732
59.980000000000004,0.041571813765657925,-0.1882616482795597,0.05532226369944334,-0.2246916639742612
59.99,0.04235856673174876,-0.19132808613160088,0.056002130444518905,-0.2273202941267073
60.0,0.04312615944588568,-0.19431821812058855,0.0566592374606869,-0.22989632386237938
60.01,0.04387429422387695,-0.19723249216511063,0.057293327626518474,-0.2324202729985129
60.02,0.044602680951828934,-0.20007139972752616,0.057904149024078054,-0.23489263893823473
60.03,0.045311037035751026,-0.20283547352933085,0.05849145488959666,-0.23731389609469447
60.04,0.045999087347090906,-0.2055252847719241,0.0590550035664767,-0.23968449451187646
60.050000000000004,0.046666564164467975,-0.20814144056616954,0.05959455846073399,-0.24200485892817883
60.06,0.04731320711186512,-0.21068458136471205,0.06010988799897554,-0.24427538800190582
60.07,0.04793876309355461,-0.21315537794390949,0.060600765588981184,-0.2464964538402068
60.08,0.048542986227200595,-0.21555449100779045,0.061066969581237904,-0.24866845684730077
60.09,0.04912563779413287,-0.21788202254961125,0.06150828320410994,-0.2507926232477972
60.1,0.049686486245232725,-0.22013717441099334,0.061924494416956015,-0.2528714981362864
60.11,0.05022530728003201,-0.22231857586220205,0.0623153956560362,-0.254908461225102
60.120000000000005,0.05074188398301283,-0.22442449657764318,0.06268078349712874,-0.2569074111639701
60.13,0.05123600699748482,-0.2264529318125691,0.06302045826397308,-0.2588726373013767
60.14,0.051707474725012095,-0.22840171920623478,0.06333422360048044,-0.2608086456816382
60.15,0.05215609353941646,-0.23026865291288745,0.06362188602308189,-0.2627199891732687
60.160000000000004,0.05258167800366422,-0.23205160504546965,0.06388325447060611,-0.2646110870671012
60.17,0.052984051074546054,-0.2337487470727383,0.0641181398740463,-0.266485898023778
60.18,0.05336304426749499,-0.23535901402826315,0.06432635478703161,-0.2683472363550503
60.19,0.05371849773842739,-0.23688261694706447,0.06450771314052585,-0.27019601695123263
60.2,0.054050260270598165,-0.238320314992375,0.06466203013964854,-0.2720323210259167
60.21,0.05435818920909827,-0.23967287107194252,0.06478912224036179,-0.27385619133224276
60.22,0.05464215038248355,-0.24094110946070313,0.06488880714839107,-0.27566754492096374
60.230000000000004,0.05490201802152065,-0.24212584828849293,0.06496090384058249,-0.2774657975037778
60.24,0.055137674688964876,-0.24322752000367828,0.06500523277286399,-0.2792452012637753
60.25,0.05534901124793412,-0.24424592895063701,0.06502161659684681,-0.2809921106579992
60.26,0.05553592688194208,-0.24518045914922915,0.06500988153681593,-0.2826874242493454
60.27,0.05569832915813716,-0.24603017077381387,0.06496985931565129,-0.2843080388636006
60.28,0.0558361341450253,-0.24679314723155785,0.06490138949591763,-0.28582729424028275
60.29,0.05594926664935007,-0.24746538262734233,0.06480432217062969,-0.28721545298352896
60.300000000000004,0.056037660623299,-0.248041321964446,0.0646785208668671,-0.2884430811742965
60.31,0.056101259698300064,-0.24851512552615326,0.06452386522198778,-0.28948959645792977
60.32,0.05614001776351321,-0.24888095309848815,0.06434025291790843,-0.2903440980842585
60.33,0.056153899557946974,-0.24913270617327124,0.06412760091742668,-0.29099714326212317
60.34,0.05614288126602014,-0.24926458850842972,0.06388584643550474,-0.2914393471863019
60.35,0.05610695103459064,-0.24927303035074386,0.06361494779910411,-0.2916639098019727
60.36,0.056046109263985136,-0.2491580293773517,0.06331488506557018,-0.2916676812137095
60.370000000000005,0.05596036863989362,-0.24892084793025454,0.0629856603625517,-0.29144903918339116
60.38,0.05584975403273378,-0.24856273717655178,0.06262729807422365,-0.29100656087425564
60.39,0.05571430236632873,-0.24808515222413496,0.06223984497311028,-0.2903392890249526
60.4,0.05555406247399676,-0.24748963769754928,0.06182337031438818,-0.2894466093454666
60.410000000000004,0.05536909494184725,-0.24677787997431042,0.06137796589147066,-0.28832831522562735
60.42,0.055159471939939204,-0.24595167527035391,0.06090374605304465,-0.2869845771241332
60.43,0.05492527704157191,-0.24501293880429126,0.060400847681276223,-0.28541595927778907
60.44,0.054666605031336905,-0.2439636899540315,0.05986943013134601,-0.2836234073877392
60.45,0.05438356172326751,-0.24280537889518858,0.05930967515325389,-0.28160757908013573
60.46,0.054076263889122574,-0.24153673241336693,0.05872178689573835,-0.2793666882568774
60.47,0.05374483942015615,-0.2401536348602066,0.05810599211600696,-0.27689637470653694
60.480000000000004,0.05338942769768446,-0.23865149706555855,0.057462540571213,-0.2741920721034683
60.49,0.053010179918076064,-0.2370297834539678,0.056791705336450414,-0.2712535720353566
60.5,0.05260725913660354,-0.23529088516581034,0.05609378281142196,-0.2680839121681022
60.51,0.05218084009554174,-0.23343690747008006,0.05536909245842476,-0.26468685262823016
60.52,0.05173110917754705,-0.23146448118566265,0.05461797625980858,-0.2610720092488707
60.53,0.05125826483520451,-0.22936374972659804,0.05384079766269801,-0.25725577917558046
60.54,0.050762518221548765,-0.22713222555421297,0.053037940281968766,-0.25324779472906533
60.550000000000004,0.05024409341683223,-0.22477286548121142,0.05220980695613974,-0.24905273745813844
60.56,0.04970322725473931,-0.22228818134264675,0.05135681915630308,-0.24467610068837922
60.57,0.0491401690500665,-0.21968110721311251,0.05047941645440316,-0.24012332418908874
60.58,0.04855518031527018,-0.21695454772353542,0.0495780559668203,-0.2354002138960637
60.59,0.04794853446424913,-0.214111598492034,0.04865321177714759,-0.2305126983284409
60.6,0.047320516504731035,-0.21115543813963414,0.04770537433949887,-0.2254669062414727
60.61,0.04667142271895939,-0.2080893696990523,0.04673504986533377,-0.22026910151521675
60.620000000000005,0.04600156033437051,-0.2049167689335343,0.045742759694468546,-0.21492571593162815
60.63,0.045311247184881595,-0.2016411200705094,0.044729039652136524,-0.20944327812166155
60.64,0.04460081136454243,-0.19826593513575602,0.0436944393934707,-0.20382846177384412
60.65,0.04387059095446865,-0.19479223813722693,0.042639521659650036,-0.19809050852419366
60.660000000000004,0.043120933979013426,-0.1912175882401888,0.04156486129671818,-0.1922421479186699
60.67,0.042352198487825655,-0.1875426009589741,0.040471044140078856,-0.18629323755648725
60.68,0.04156475245812514,-0.18377104485655105,0.039358666063347175,-0.1802506727181513
60.69,0.04075897348092464,-0.1799066896926123,0.038228332224736435,-0.1741215260765105
60.7,0.03993524838068026,-0.1759534435688405,0.03708065634425501,-0.16791348401158196
60.71,0.03909397281602082,-0.17191560614822746,0.035916259940455324,-0.161634448039499
60.72,0.038235550859222533,-0.16779745201341817,0.034735771569674855,-0.1552915018874557
60.730000000000004,0.037360394576697056,-0.16360301387245843,0.03353982611205001,-0.14889138403383154
60.74,0.0364689236198545,-0.15933639181026718,0.032329064094120216,-0.14244072254589893
60.75,0.03556156481870347,-0.15500164441504485,0.031104131028618285,-0.13594598592006307
60.76,0.03463875177665632,-0.15060281482722712,0.029865676768215804,-0.12941351631251524
60.77,0.033700924469870594,-0.14614385069857272,0.02861435487274378,-0.12284952340411147
60.78,0.0327485288517707,-0.14162869421620566,0.02735082198992195,-0.11626007191011493
60.79,0.0317820164615664,-0.13706122770228285,0.02607573725060365,-0.1096510728228704
60.800000000000004,0.030801844037971118,-0.1324452638477303,0.02478976167946296,-0.10302827550694392
60.81,0.02980847313797548,-0.12778460071429912,0.023493557621872437,-0.09639726163906095
60.82,0.02880236975992014,-0.12308296445411426,0.022187788187808227,-0.08976343295872365
60.83,0.027784003972686887,-0.11834400674041706,0.02087311671357085,-0.08313200910868859
60.84,0.026753849551530165,-0.1135713285039783,0.019550206241867325,-0.07650802142274188
60.85,0.02571238361991752,-0.10876846397437646,0.018219719020428668,-0.06989631854121689
60.86,0.024660086298073106,-0.10393886841381063,0.016882316019490848,-0.06330155076236016
60.870000000000005,0.02359744035918519,-0.09908591691751167,0.015538656468896352,-0.05672816687628886
60.88,0.02252493089386143,-0.0942128950567976,0.014189397414959181,-0.050180424914287564
60.89,0.02144304498293878,-0.08932301118173609,0.012835193297030319,-0.04366237882472685
60.9,0.020352271378684457,-0.08441938137174022,0.011476695543925485,-0.03717788777143464
60.910000000000004,0.01925310019495619,-0.07950502728478191,0.010114552189918894,-0.030730619410553182
60.92,0.018146022606722847,-0.0745828760700846,0.008749407510281833,-0.024324039085406007
60.93,0.017031530559105106,-0.06965575679481387,0.007381901676730438,-0.017961413599044112
60.94,0.015910116486338364,-0.06472639310171226,0.006012670432484946,-0.011645821691320895
60.95,0.014782273041065727,-0.0597974040051562,0.004642344786361029,-0.005380153566620702
60.96,0.013648492833915503,-0.05487130868421543,0.0032715507257026874,0.0008328888183446804
60.97,0.012509268183228558,-0.04995052270188719,0.0019009089480004201,0.006990786853593838
60.980000000000004,0.011365090875200858,-0.045037352305816465,0.0005310346107375189,0.013091198460510526
60.99,0.010216451934730286,-0.04013399657147588,-0.0008374629010709853,0.019131954749339725
61.0,0.009063841406851481,-0.03524255149304383,-0.0022039801901060315,0.025111055039703213
61.01,0.007907748148519167,-0.030365009633485242,-0.00356792004506292,0.031026666323785927
61.02,0.006748659630838902,-0.02550325491572299,-0.004928691622440352,0.03687711494955521
61.03,0.005587061751955833,-0.0206590644639371,-0.00628571061244702,0.04266087927531447
61.04,0.004423438660484332,-0.015834112620985094,-0.007638399389652104,0.04837658650831541
61.050000000000004,0.0032582725892184596,-0.011029971948988197,-0.008986187148871694,0.0540230065349317
61.06,0.002092043698924755,-0.00624811528941453,-0.010328510026824035,0.059599046510579706
61.07,0.0009252299320004446,-0.0014899190090219368,-0.011664811210107292,0.06510374552645211
61.08,-0.00024169312424876708,0.003243335649232196,-0.012994541030058553,0.07053626845383058
61.09,-0.0014082523648516867,0.007950462231625259,-0.014317157045109715,0.07589589920702847
61.1,-0.00257397728509915,0.012630365071172435,-0.015632124111262368,0.08118203548098846
61.11,-0.00373840008946606,0.017282035807522814,-0.016938914441243614,0.08639418322794956
61.120000000000005,-0.004901055791917731,0.021904548943213243,-0.018237007652863867,0.09153195192424635
61.13,-0.00606148230792733,0.026497060563932147,-0.01952589080713487,0.09659504759542299
61.14,-0.007219220538433134,0.031058805789560585,-0.020805058436800316,0.10158326584148146
61.15,-0.008373814446032734,0.03558909397466927,-0.02207401256589544,0.10649648760738753
61.160000000000004,-0.009524811123789763,0.040087305865348595,-0.023332262720818526,0.11133467481018353
61.17,-0.0106717608570079,0.044552889595232396,-0.024579325933386704,0.11609786459654714
61.18,-0.011814217178347765,0.0489853566839089,-0.025814726736412833,0.12078616391203707
61.19,-0.012951736916679332,0.05338427835063819,-0.027037997152339024,0.12539974460918984
61.2,-0.01408388024004477,0.05774928162890555,-0.028248676675425365,0.12993883852963886
61.21,-0.015210210693117726,0.06208004552410039,-0.02944631224798083,0.1344037328183306
61.22,-0.016330295229553378,0.06637629677371888,-0.030630458231106217,0.13879476527132178
61.230000000000004,-0.017443704239627603,0.07063780612031186,-0.031800676370406435,0.14311231996457904
61.24,-0.018550011573529576,0.07486438523292027,-0.03295653575710554,0.14735682318824625
61.25,-0.019648794560659242,0.07905588237026154,-0.034097612784979296,0.15152873938917405
61.26,-0.020739634025342034,0.08321217800884664,-0.03522349110350305,0.15562856737672634
61.27,-0.021822114299332288,0.0873331823950566,-0.0363337615676144,0.15965683602388095
61.28,-0.022895823231437785,0.09141883159763765,-0.037428022184486556,0.16361410075031252
61.29,-0.0239603521946254,0.0954690834388496,-0.03850587805767195,0.1675009403743781
61.300000000000004,-0.02501529609099115,0.09948391419410245,-0.03956694132894349,0.17131795371529757
61.31,-0.026060253354942938,0.10346331509335013,-0.04061083111815971,0.17506575653622275
61.32,-0.027094825954932903,0.10740728906716208,-0.04163717346146039,0.17874497854946803
61.33,-0.02811861939406607,0.11131584752882259,-0.04264560124809361,0.18235626061182336
61.34,-0.029131242709902402,0.1151890072794377,-0.04363575415615204,0.1859002519617173
61.35,-0.030132308473762224,0.11902678745138037,-0.04460727858749582,0.18937760759212297
61.36,-0.031121432789828252,0.12282920675931958,-0.045559827602110886,0.19278898617808682
61.370000000000005,-0.0320982352943217,0.12659628085917307,-0.04649306085212146,0.1961350478699303
61.38,-0.03306233915501353,0.13032801968500282,-0.04740664451568089,0.1994164519671727
61.39,-0.03401337107133001,0.1340244249883794,-0.04830025123096034,0.20263385493496147
61.4,-0.034950961275301874,0.13768548794435936,-0.04917356003045391,0.20578790795613253
61.410000000000004,-0.035874743533588875,0.14131118694806277,-0.050026256275801866,0.20887925554588047
61.42,-0.036784355150796734,0.1449014856849195,-0.050858031593271354,0.2119085348757426
61.43,-0.0376794369742768,0.14845633116224588,-0.05166858381002037,0.21487637379773464
61.44,-0.038559633400597725,0.15197565187769668,-0.0524576168913132,0.21778338905585332
61.45,-0.039424592383872165,0.15545935617077355,-0.05322484087885175,0.22063018500468717
61.46,-0.0402739654461004,0.15890733067853044,-0.053969971830360085,0.22341735231318596
61.47,-0.04110740768968321,0.16231943893000703,-0.054692731760549056,0.22614546681208084
61.480000000000004,-0.04192457781224257,0.16569552006834223,-0.05539284858357811,0.22881508834298528
61.49,-0.04272513812387328,0.16903538764255543,-0.05607005605714165,0.23142675924296788
61.5,-0.04350875456694104,0.17233882864655933,-0.05672409372829409,0.2339810038804508
61.51,-0.04427509673852303,0.17560560264917752,-0.057354706881071756,0.23647832841254238
61.52,-0.045023837915579214,0.17883544095801582,-0.05796164648597205,0.23891921950404002
61.53,-0.0457546550829316,0.1820280460392214,-0.05854466915140532,0.24130414270930875
61.54,-0.0464672289641215,0.18518309063292146,-0.05910353707721237,0.24363354296094009
61.550000000000004,-0.047161244055211896,0.1883002173213802,-0.05963801801026797,0.2459078441026651
61.56,-0.047836388661578876,0.19137903823281363,-0.06014788520222708,0.24812744772506895
61.57,-0.04849235493772023,0.19441913477569941,-0.0606329173694933,0.2502927326326613
61.58,-0.04912883893162933,0.19742000822303066,-0.061092898653274066,0.2524041256745297
61.59,-0.049745540655132724,0.2003804655480765,-0.06152761854875328,0.2544629920896384
61.6,-0.050342164221791406,0.2032982853566093,-0.06193687174303591,0.2564721209994746
61.61,-0.05091841806908186,0.20617060366133086,-0.06232045783754492,0.25843516685097323
61.620000000000005,-0.051474015245213965,0.20899414687724843,-0.06267818098326922,0.2603563121161757
61.63,-0.05200867373860617,0.211765324797935,-0.06300984946067932,0.2622401335219611
61.64,-0.05252211683609227,0.21448038395325064,-0.06331527522440594,0.26409138077978184
61.65,-0.05301407349656596,0.21713553375854022,-0.06359427343185606,0.26591479483809444
61.660000000000004,-0.053484278725751386,0.2197271101307029,-0.06384666197640568,0.26771487168732394
61.67,-0.05393247393288788,0.22225185567775785,-0.06407226105294622,0.2694954565451632
61.68,-0.054358407232364805,0.2247075641750286,-0.06427089280939464,0.2712588074329221
61.690000000000005,-0.054761833648509436,0.2270932243969069,-0.06444238114489882,0.2730053856580134
61.7,-0.05514251523194964,0.2294081044749261,-0.06458655164244895,0.2747351886206782
61.71,-0.055500221139431115,0.23165144397602805,-0.06470323156039703,0.27644819753730415
61.72,-0.05583472770802938,0.23382253006856943,-0.06479224983920126,0.2781442231000492
61.730000000000004,-0.056145818534286365,0.23592043147897887,-0.0648534372035893,0.2798202678198797
61.74,-0.05643328458284099,0.2379435791737331,-0.06488662665537571,0.2814652793648394
61.75,-0.05669692434760663,0.23988986041129493,-0.0648916546292618,0.2830614099981136
61.76,-0.05693654406218859,0.2417568436922535,-0.06486836277130371,0.2845866654134674
61.77,-0.0571519579565017,0.2435414573837797,-0.06481660017389836,0.28601524375375625
61.78,-0.05734298860947733,0.24523874367778276,-0.06473622598073131,0.28731810220166654
61.79,-0.05750946746435599,0.24684190332098763,-0.06462711225353132,0.28846533767862875
61.800000000000004,-0.05765123549113262,0.24834352174351257,-0.06448914675814846,0.28943311156163437
61.81,-0.05776814391173369,0.24973631437851176,-0.06432223511148023,0.29020914129747566
61.82,-0.05786005493634369,0.2510128211468389,-0.06412630212612214,0.29078476750377036
61.83,-0.05792684250332775,0.25216566298311394,-0.06390129275645605,0.29115105173330086
61.84,-0.05796839296757117,0.25318911467077054,-0.06364717292273343,0.29130113651398826
61.85,-0.05798460559318197,0.25408109103082566,-0.06336393012521295,0.29123181582762486
61.86,-0.05797539277527992,0.2548414007822858,-0.06305157377093701,0.29094202000812747
61.870000000000005,-0.05794068009347178,0.25546994462599376,-0.0627101353144298,0.2904309533294718
61.88,-0.057880406317663065,0.2559668073319853,-0.06233966832960588,0.2896982434181336
61.89,-0.057794523399041876,0.25633219982309075,-0.06194024854473806,0.28874386226579385
61.9,-0.05768299644650936,0.2565664842158217,-0.06151197384018645,0.2875681666897559
61.910000000000004,-0.05754580368903101,0.25667015541045707,-0.06105496420906366,0.28617187843149133
61.92,-0.0573829364243613,0.25664383982194233,-0.06056936168064874,0.28455609625385564
61.93,-0.05719439895504728,0.2564882799234684,-0.06005533020750077,0.2827222585836715
61.940000000000005,-0.056980208541506,0.2562033944049271,-0.059513055547144644,0.28067119513438826
61.95,-0.05674039547522465,0.2557864531153142,-0.058942745242362905,0.2784012973612657
61.96,-0.056475003370914864,0.25523239634228767,-0.058344628798852306,0.2759088530392092
61.97,-0.056184089628875805,0.2545360717561868,-0.0577189580103187,0.27319029947735
61.980000000000004,-0.05586772582731047,0.2536962354937985,-0.05706600718874836,0.27024625366710675
61.99,-0.0555259978430138,0.2527142495879344,-0.056386073097351594,0.267080183073486
62.0,-0.05515900578890732,0.2515907386148385,-0.05567947462769661,0.2636966078610772
62.01,-0.05476686411601697,0.2503205110908154,-0.05494655217788999,0.2601062257905396
62.02,-0.054349702151007755,0.24889404289556671,-0.05418766656419345,0.25632429362959835
62.03,-0.05390766473942636,0.24730904163104644,-0.05340319778928185,0.25235946503412265
62.04,-0.053440912485010476,0.2455675026921299,-0.05259354416435308,0.24821657642702138
62.050000000000004,-0.05294962164406948,0.24367110450351062,-0.05175912172903878,0.24390114914451352
62.06,-0.05243398393871199,0.2416219161175907,-0.0509003637131026,0.23941869784885766
62.07,-0.05189420635675007,0.23942201543930589,-0.050017719975107525,0.23477505578427507
62.08,-0.051330510936268406,0.23707371246821887,-0.049111656424967946,0.22997607315796487
62.09,-0.05074313453607577,0.23457939712906928,-0.0481826544325168,0.2250278222371395
62.1,-0.050132328593020116,0.231941607951273,-0.04723121022104031,0.21993649632930934
62.11,-0.04949835886705562,0.2291629909344766,-0.046257834248604295,0.2147083485212207
62.120000000000005,-0.048841505174827875,0.2262462964406941,-0.04526305058104112,0.20934972914716835
62.13,-0.048162061118823374,0.22319418239388575,-0.04424739625241648,0.20386720026481037
62.14,-0.04746033392340805,0.22000592415626083,-0.04321142051337108,0.1982705559387329
62.15,-0.046736644504795144,0.216678689399502,-0.04215568385796824,0.19257145986755134
62.160000000000004,-0.04599132758571687,0.21321373505004035,-0.041080757023461374,0.18677739344968883
62.17,-0.04522473159734658,0.20961401569977095,-0.039987220202934555,0.18089443587086432
62.18,-0.04443721841668596,0.20588248116328062,-0.038875662391171996,0.17492926996727537
62.190000000000005,-0.04362916305261847,0.20202266389788842,-0.037746680734787354,0.16888837269409737
62.2,-0.04280095330438034,0.198038060085683,-0.03660087987940304,0.16277826028626816
62.21,-0.041952989410556425,0.19393215779128523,-0.03543887132135985,0.15660537141466188
62.22,-0.04108568369756623,0.1897084972886287,-0.03426127276223177,0.1503761529473667
62.230000000000004,-0.04019946021986991,0.18537080813685888,-0.03306870746828353,0.14409692823036965
62.24,-0.0392947543872465,0.18092290205934247,-0.031861803638696326,0.13777392898373428
62.25,-0.03837201258021275,0.17636872230664968,-0.030641193785297473,0.13141323988986586
62.26,-0.037431691754703574,0.1717122970037554,-0.029407514125502996,0.12502081145207417
62.27,-0.036474259037381634,0.16695773817914503,-0.028161403989232187,0.11860245021417955
62.28,-0.03550019131250416,0.16210924312800526,-0.02690350524107634,0.11216378470070447
62.29,-0.034509974802024494,0.1571710386095935,-0.0256344617179912,0.10571031738650756
62.300000000000004,-0.0335041046404727,0.15214741950319804,-0.0243549186821614,0.09924737470214483
62.31,-0.032483084444305435,0.14704273243156182,-0.02306552229082545,0.09278009575575374
62.32,-0.03144742587706955,0.14186133411166596,-0.021766919083545843,0.08631346682718719
62.33,-0.030397648212490913,0.13660759991345459,-0.02045975548585832,0.07985230780963594
62.34,-0.029334277895471307,0.13128593757690352,-0.019144677330129305,0.07340124487284423
62.35,-0.028257848100731696,0.125900768118724,-0.017822329395042427,0.06696471691162233
62.36,-0.027168898290223,0.12045651153715548,-0.01649335496371182,0.060546982913219874
62.370000000000005,-0.02606797377073425,0.11495757551098514,-0.015158395399858119,0.05415212416340216
62.38,-0.024955625252828996,0.10940834620088004,-0.013818089741719976,0.04778404665248452
62.39,-0.02383240841131292,0.10381320356036655,-0.01247307431414746,0.0414464611908304
62.4,-0.02269888344706197,0.09817650832548257,-0.011123982359615682,0.035142889968996456
62.410000000000004,-0.0215556146509544,0.0925025888566583,-0.009771443687987285,0.028876674244097955
62.42,-0.020403169970905903,0.08679573832657173,-0.008416084344547587,0.02265097339691473
62.43,-0.019242120582616835,0.08106020790996665,-0.00705852629610139,0.016468768117531302
62.440000000000005,-0.01807304046459177,0.07530020133153281,-0.00569938713490942,0.010332863325889922
62.45,-0.01689650597808666,0.06951986679810955,-0.004339279800048165,0.004245894736006586
62.46,-0.01571309545246904,0.06372329768680728,-0.002978812315893605,-0.0017896737762426306
62.47,-0.01452338877619986,0.057914529869481125,-0.0016185875477230673,-0.007771549936649163
62.480000000000004,-0.013327966993779475,0.05209753449346234,-0.00025920297426156253,-0.013697606122056937
62.49,-0.012127411909208009,0.046276213278617646,0.0010987495233227736,-0.019565874525829908
62.5,-0.010922305696432157,0.04045439559323616,0.002454683856489266,-0.025374542573254097
62.51,-0.00971323051712255,0.03463583481287623,0.00380801990892734,-0.031121948534562075
62.52,-0.008500768146137053,0.028824204644294547,0.0051581837011290465,-0.03680657706054526
62.53,-0.007285499605008579,0.023023096264317817,0.006504607540393493,-0.042427054357008616
62.54,-0.006068004803766552,0.017236015299111427,0.007846730156741864,-0.0479821431197326
62.550000000000004,-0.004848862191416319,0.011466377992157559,0.009183996825302824,-0.0534707356329615
62.56,-0.0036286484153229856,0.00571751126104644,0.010515859475667279,-0.05889185199584174
62.57,-0.002407937989631108,-7.349201909526149e-06,0.011841776788577438,-0.06424463536942546
62.58,-0.0011873029729072852,-0.005705062042737353,0.013161214280434912,-0.06952834512308882
62.59,3.268734475961829e-05,-0.011372581633424268,0.014473644376205033,-0.07474235202215845
62.6,0.0012514667450212325,-0.017006959724269473,0.01577854647126496,-0.07988613269200588
62.61,0.002468472374743119,-0.022605346780964836,0.01707540698273306,-0.0849592641090255
62.620000000000005,0.003683145029576527,-0.028164992510664996,0.018363719390783413,-0.08996141964328176
62.63,0.004894929427551179,-0.03368324664819055,0.019642984270403754,-0.0948923640803183
62.64,0.0061032744726161395,-0.039157559848790734,0.020912709314090335,-0.09975194803889588
62.65,0.007307633508056396,-0.04458548405794612,0.022172409346004316,-0.10454010316964914
62.660000000000004,0.00850746455974294,-0.04996467279325438,0.02342160632808597,-0.1092568372660709
62.67,0.009702230569191207,-0.05529288120726149,0.024659829358610327,-0.1139022295529788
62.68,0.010891399616428163,-0.06056796600609771,0.025886614663656462,-0.11847642602954839
62.690000000000005,0.012074445132669585,-0.06578788525937118,0.02710150558195743,-0.12297963478758121
62.7,0.01325084610283445,-0.07095069821974966,0.028304052543611638,-0.1274121209776463
62.71,0.01442008725793496,-0.07605456423394386,0.029493813043086053,-0.13177420379886293
62.72,0.01558165925742742,-0.08109774211124517,0.030670351606895546,-0.1360662522474362
62.730000000000004,0.016735058861591025,-0.08607858958883736,0.03183323975636537,-0.14028868040558562
62.74,0.01787978909400922,-0.0909955622632522,0.03298205596591373,-0.1444419436882683
62.75,0.019015359394249857,-0.09584721257164917,0.034116385617252595,-0.14852653493544982
62.76,0.020141285760852452,-0.10063218860521844,0.03523582094988672,-0.1525429807614475
62.77,0.021257090884744534,-0.10534923282514227,0.036339961008279256,-0.1564918379527475
62.78,0.02236230427321601,-0.10999718066691931,0.03742841158604104,-0.16037369003737612
62.79,0.023456462364595216,-0.11457495905523954,0.038500785167483564,-0.16418914396486453
62.800000000000004,0.02453910863377682,-0.11908158482567198,0.03955670086686795,-0.16793882692184112
62.81,0.025609793688761255,-0.12351616306254473,0.04059578436566593,-0.17162338327018267
62.82,0.02666807535837601,-0.12787788535659972,0.04161766784813735,-0.17524347161123702
62.83,0.027713518771353904,-0.1321660279882706,0.04262198993551639,-0.1787997619721699
62.84,0.02874569642695193,-0.1363799500408835,0.043608395619086526,-0.1822929331081531
62.85,0.029764188257304727,-0.14051909143273533,0.04457653619241467,-0.1857236698663651
62.86,0.03076858168170762,-0.14458297088353056,0.045526069183004565,-0.18909266068185968
62.870000000000005,0.031758471653033284,-0.14857118393742985,0.04645665828361196,-0.1924005954302357
62.88,0.03273346069649193,-0.15248340069801536,0.047367973283446684,-0.19564816312880634
62.89,0.03369315894095352,-0.15631936365501123,0.04825968999948665,-0.19883604973414812
62.9,0.03463718414304543,-0.16007888577364396,0.049131490208112534,-0.20196493630440523
62.910000000000004,0.035565161704239456,-0.16376184809905536,0.049983061577260075,-0.20503549700314508
62.92,0.03647672468115845,-0.1673681973987641,0.05081409759927973,-0.208048397217637
62.93,0.03737151378933777,-0.17089794387179877,0.05162429752469065,-0.21100429187480949
62.940000000000005,0.03824917740067678,-0.1743511587794378,0.05241336629700026,-0.21390382378240322
62.95,0.03910937153481703,-0.17772797205276683,0.05318101448875022,-0.21674762206223655
62.96,0.039951759844687657,-0.18102856992243202,0.053926958238945756,-0.21953630075394961
62.97,0.04077601359645675,-0.18425319250984462,0.05465091919200662,-0.2222704574428942
62.980000000000004,0.041581811644134256,-0.1874021313604208,0.05535262443837847,-0.22495067193085788
62.99,0.04236884039907166,-0.19047572698602344,0.05603180645693374,-0.2275775050121767
63.0,0.04313679379460401,-0.19347436640215454,0.05668820305928399,-0.23015149732356155
63.01,0.04388537324608814,-0.19639848064357532,0.05732155733611851,-0.23267316826430653
63.02,0.04461428760658113,-0.1992485422619569,0.05793161760567485,-0.23514301497654097
63.03,0.04532325311841601,-0.20202506276753615,0.0585181373644475,-0.23756151125756148
63.04,0.04601199336093535,-0.20472858990562257,0.05908087524025035,-0.2399291061687486
63.050000000000004,0.04668023919465181,-0.20735970494116082,0.05961959494770356,-0.24224622456107023
63.06,0.0473277287020786,-0.2099190209496856,0.06013406524618819,-0.24451326593343
63.07,0.04795420712543776,-0.21240718036448633,0.06062405990035598,-0.2467306030523
63.08,0.04855942680202312,-0.21482483517912412,0.06108935764253477,-0.24889860620499704
63.09,0.049143147112798886,-0.21717217527159827,0.0615297421147257,-0.25101832782530553
63.1,0.04970513448375487,-0.21944841572277832,0.061945001732944587,-0.2530922464117307
63.11,0.050245162465363626,-0.2216520981341467,0.06233492943740081,-0.25512382076653783
63.120000000000005,0.050763011876541544,-0.22378137707651585,0.06269932234889548,-0.25711706686851027
63.13,0.0512584709904608,-0.2258341027759628,0.06303798136498483,-0.25907643334595687
63.14,0.05173133574822852,-0.22780795817035998,0.06335071071670016,-0.26100659797422154
63.15,0.052181409987980175,-0.22970059008605645,0.06363731750434438,-0.2629122729024
63.160000000000004,0.0526085056757888,-0.23150975228448353,0.06389761123254843,-0.2647979927253606
63.17,0.05301244312088399,-0.23323355958780276,0.06413140337046701,-0.266667739533589
63.18,0.05339305114174998,-0.23487107297823304,0.06433850698639708,-0.2685240818016143
63.190000000000005,0.05375016713918842,-0.23642262366984096,0.06451873652150582,-0.27036769600182264
63.2,0.054083637075795984,-0.2378889378758365,0.06467190770372214,-0.27219864884947875
63.21,0.05439331541130774,-0.2392707277647026,0.0647978375294962,-0.2740169943249302
63.22,0.05467906502873346,-0.24056877457135548,0.06489634426249391,-0.27582264808103735
63.230000000000004,0.054940757157247624,-0.24178386420924414,0.06496724744910645,-0.2776152102412298
63.24,0.055178271304009374,-0.24291644275491575,0.0650103680954865,-0.2793896405955246
63.25,0.05539149522381929,-0.24396627242566987,0.06502552934338617,-0.28113236392985247
63.26,0.055580324944325056,-0.24493262890052975,0.0650125578517479,-0.28282356416431015
63.27,0.05574466483899163,-0.24581445784331174,0.06497128578579037,-0.28443918992063477
63.28,0.05588442775027389,-0.24660991909463015,0.0649015532458589,-0.28595171189036184
63.29,0.0559995352233699,-0.24731505941529672,0.06480321104271945,-0.28733065111113826
63.300000000000004,0.05608991791346131,-0.24792418975455094,0.06467612365581911,-0.28854654582935096
63.31,0.05615551612878888,-0.2484313507666501,0.06452017187366153,-0.2895804938587889
63.32,0.05619628042638793,-0.24883042084301665,0.0643352546299092,-0.2904221048983421
63.33,0.0562121722316841,-0.24911493802344387,0.0641212901941209,-0.2910615210401304
63.34,0.05620316446356758,-0.24927891142686717,0.06387821715525999,-0.29148929882657654
63.35,0.056169242059014045,-0.2493190692883591,0.06360599528219299,-0.2916989761957478
63.36,0.05611040224508908,-0.2492356734200165,0.06330460611567831,-0.291687755225408
63.370000000000005,0.05602665455315947,-0.24902994566511188,0.06297405328341019,-0.29145404019423016
63.38,0.055918020716470465,-0.24870309063067172,0.06261436267686246,-0.2909964444655022
63.39,0.055784534543217086,-0.24825652109995267,0.06222558257988063,-0.2903140406474783
63.4,0.05562624177694348,-0.24769173922204754,0.061807783759873614,-0.28940624432715834
63.410000000000004,0.05544319994406538,-0.2470103889786402,0.06136105952037213,-0.2882728800096024
63.42,0.055235478189250904,-0.24621422435464657,0.06088552571495215,-0.2869141501018731
63.43,0.05500315709889788,-0.2453051190063667,0.060381320722280946,-0.28533065024658627
63.440000000000005,0.05474632851323969,-0.2442850538318797,0.05984860538242615,-0.28352335999235934
63.45,0.054465095344024356,-0.24315558177265084,0.05928756291101058,-0.2814931107126884
63.46,0.05415957149905425,-0.24191541022530633,0.0586983988923336,-0.2792381664998479
63.47,0.053829882056667375,-0.2405599761936611,0.05808134149494203,-0.2767537865214156
63.480000000000004,0.05347616366594467,-0.23908445737754547,0.057436641886073704,-0.2740352373148476
63.49,0.05309856488198424,-0.23748864344005774,0.05676457455314324,-0.2710827084379246
63.5,0.052697246196121005,-0.23577499500440782,0.056065437289936446,-0.2678993713106203
63.51,0.05227237985264796,-0.23394566569715836,0.05533955092431035,-0.26448885067126404
63.52,0.05182414979437338,-0.23199741687483694,0.05458725878246164,-0.2608606728787878
63.53,0.051352752101462,-0.2299198499286069,0.05380892562520056,-0.2570317386692157
63.54,0.05085839564321248,-0.22771057102073392,0.0530049363305403,-0.2530115925960257
63.550000000000004,0.05034130230676528,-0.22537266985098434,0.05217569494835242,-0.24880477450819455
63.56,0.049801706818234114,-0.2229085492176362,0.051321624114858466,-0.24441688054719707
63.57,0.049239856472727134,-0.22032115544470204,0.05044316451925076,-0.23985333058846134
63.58,0.048656010853841816,-0.21761334656588308,0.04954077434502097,-0.23511996980210023
63.59,0.04805044153992515,-0.21478820329355977,0.04861492869099091,-0.23022273341909053
63.6,0.04742343179888754,-0.2118488778222594,0.04766611897299044,-0.22516776734277621
63.61,0.046775276271181714,-0.20879864941721726,0.04669485230922717,-0.21996135103951692
63.620000000000005,0.04610628064284719,-0.20564087053571797,0.04570165088987706,-0.2146099265939899
63.63,0.04541676130880977,-0.20237901132432837,0.044687051333358055,-0.20912002189964235
63.64,0.04470704502911451,-0.19901653608882608,0.0436516040292684,-0.20349835543779715
63.65,0.04397746866165964,-0.19555436475803453,0.04259587238950735,-0.19775426070498908
63.660000000000004,0.043228379120095056,-0.19199019604942055,0.0415204318664406,-0.19190031297018603
63.67,0.04246013345107504,-0.18832464303220864,0.04042586884340923,-0.18594636327266087
63.68,0.041673098736172816,-0.18456139904590346,0.039312779684984284,-0.17989937086180927
63.690000000000005,0.04086765178244235,-0.18070421359612757,0.03818176997804156,-0.17376648263295766
63.7,0.04004417874370547,-0.17675702076169045,0.037033453798100406,-0.16755557731717471
63.71,0.039203074720221526,-0.17272412439495868,0.035868452942160754,-0.16127432817342982
63.72,0.0383447433410802,-0.16860967978987004,0.03468739618004014,-0.15492966928674085
63.730000000000004,0.03746959635109581,-0.16441769868153996,0.033490918551798206,-0.14852835505576165
63.74,0.036578053205416225,-0.1601522677723303,0.032279660693243575,-0.14207699003044943
63.75,0.035670540664933935,-0.15581741999402116,0.031054268176798714,-0.1355820355810848
63.76,0.03474749239321635,-0.151417177415538,0.02981539086623343,-0.12904982860993489
63.77,0.033809348557639674,-0.14695547772237524,0.028563682284479502,-0.12248657281771676
63.78,0.032856555434785314,-0.14243626224642011,0.027299798995132626,-0.11589832111069759
63.79,0.03188956501927271,-0.13786340887151952,0.026024399998630224,-0.10929097732962857
63.800000000000004,0.030908834637415006,-0.13324073798864167,0.024738146143924843,-0.1026702781473698
63.81,0.029914826565441213,-0.12857205405502242,0.023441699556479585,-0.09604179427352733
63.82,0.028908007651748457,-0.1238610927008005,0.0221357230833646,-0.08941091479832998
63.83,0.027888848944991843,-0.11911152009108573,0.020820879756239887,-0.08278284609696031
63.84,0.026857825328447337,-0.11432695356388617,0.019497832272765008,-0.07616260610736432
63.85,0.02581541516013143,-0.10951094569519028,0.018167242496584017,-0.06955502942300855
63.86,0.0247620999194292,-0.10466697212463781,0.016829770976215217,-0.06296475203299776
63.870000000000005,0.023698363861140676,-0.09979843181754901,0.015486076483605815,-0.056396207884382106
63.88,0.022624693677476077,-0.09490863704384957,0.014136815572495227,-0.0498536396446132
63.89,0.02154157816814851,-0.09000082447356204,0.012782642156504665,-0.043341086293475904
63.9,0.02044950791864999,-0.08507814091707823,0.011424207107073103,-0.03686239220658164
63.910000000000004,0.019348974987285935,-0.0801436403396856,0.01006215787097147,-0.030421209256309423
63.92,0.018240472601405974,-0.07520028360491593,0.008697138107407673,-0.02402098709565078
63.93,0.017124494862968465,-0.07025093628299763,0.0073297873450488904,-0.017664976959020966
63.940000000000005,0.016001536463795846,-0.06529836071415536,0.005960740658654268,-0.011356241820255394
63.95,0.014872092410947136,-0.06034521629653448,0.00459062836474424,-0.005097656275385798
63.96,0.013736657762170633,-0.0553940651833347,0.003220075736115681,0.0011080937263445536
63.97,0.012595727371350316,-0.050447365782196316,0.001849702735029209,0.007258504536003705
63.980000000000004,0.011449795644268616,-0.04550746901178751,0.0004801237645807295,0.013351249042528136
63.99,0.010299356304898432,-0.040576621569089526,-0.0008880525622711657,0.01938417288675593
64.0,0.009144902172091343,-0.03565696742509403,-0.0022542236364561444,0.025355290217994937
64.01,0.007986924946527354,-0.030750547544688745,-0.003617793049611124,0.03126278337131394
64.02,0.006825915008037833,-0.025859295922297954,-0.004978170774368779,0.03710499311514722
64.03,0.005662361223449383,-0.02098504118431842,-0.0063347733288033285,0.04288041200032462
64.04,0.004496750764845487,-0.016129510083791904,-0.007687023925658506,0.048587681254414615
64.05,0.003329568938005485,-0.011294328469183686,-0.009034352606832491,0.054225584476957744
64.06,0.0021612990208338973,-0.006481023672884812,-0.010376196363654146,0.05979304247938205
64.07000000000001,0.000992422111550008,-0.0016910274849202519,-0.011711999243494524,0.06528910780194347
64.08,-0.00017658301353177302,0.003074324702412937,-0.013041212443304391,0.07071295775617008
64.09,-0.001345240032722296,0.007813791311279496,-0.014363294390705173,0.07606388861827645
64.1,-0.0025130752024136284,0.012526220578767795,-0.015677710813224673,0.08134131043792116
64.11,-0.0036796174715991907,0.017210547924800437,-0.016983934796224485,0.08654474122933245
64.12,-0.004844398587809641,0.021865791306653445,-0.018281446830051788,0.09167380228003902
64.13,-0.00600695319476748,0.026491050596026914,-0.01956973484701995,0.09672820978612388
64.14,-0.007166818921961578,0.031085504925194206,-0.020848294248873488,0.10170777006797958
64.15,-0.008323536466416148,0.035648408420977974,-0.02211662792526132,0.10661237567000093
64.16,-0.009476649667024028,0.04017908657402145,-0.023374246263695924,0.11144199907582117
64.17,-0.010625705571828126,0.04467693244086566,-0.024620667151545574,0.11619668750306475
64.18,-0.011770254498614144,0.04914140312332086,-0.02585541597060333,0.12087655772772185
64.19,-0.012909850089181846,0.053572016022251236,-0.027078025584743228,0.12548179110108293
64.2,-0.014044049357660963,0.05796834507869997,-0.028288036321163265,0.13001262867357222
64.21000000000001,-0.015172412733263585,0.06233001650598237,-0.029484995945704095,0.13446936636730444
64.22,-0.016294504097853053,0.06665670568062425,-0.030668459632710712,0.13885235059111445
64.23,-0.01740989081866792,0.07094813379911252,-0.031837989929886,0.14316197390944446
64.24,-0.018518143776556903,0.07520406356674955,-0.0329931567185681,0.1473986707589237
64.25,-0.01961883739013586,0.07942429484065364,-0.03413353716985077,0.1515629136332189
64.26,-0.020711549636250038,0.08360866201895277,-0.035258715696948814,0.15565520868366506
64.27,-0.021795862067059944,0.08775703051557206,-0.036368283904223996,0.1596760918699121
64.28,-0.022871359824104626,0.0918692925806207,-0.03746184053325154,0.1636261256946765
64.29,-0.023937631649719533,0.09594536391769844,-0.03853899140627111,0.16750589569622226
64.3,-0.024994269896165922,0.09998518020029208,-0.03959934936736166,0.17131600721328782
64.31,-0.026040870532810526,0.10398869375749921,-0.040642534221663786,0.17505708221111155
64.32000000000001,-0.027077033151691375,0.10795587022252838,-0.04166817267297141,0.17872975612260264
64.33,-0.028102360971791862,0.11188668543401087,-0.042675898259991886,0.1823346752857444
64.34,-0.029116460842333675,0.11578112255161513,-0.0436653512915343,0.18587249451366042
64.35,-0.030118943245375045,0.11963916907621977,-0.04463617878088382,0.1893438743773101
64.36,-0.031109422298009552,0.1234608140198431,-0.0455880343796166,0.19274947877815915
64.37,-0.03208751575443951,0.1272460452295151,-0.04652057831110259,0.19608997267045022
64.38,-0.03305284500819977,0.13099484673727393,-0.047433477303935365,0.19936601938213153
64.39,-0.03400503509478549,0.13470719629103756,-0.04832640452552575,0.20257827882514795
64.4,-0.03494371469492592,0.13838306326894337,-0.04919903951601266,0.20572740688206453
64.41,-0.03586851613871462,0.14202240651924364,-0.05005106812264045,0.208814053025886
64.42,-0.03677907541080521,0.14562517215385062,-0.050882182434792644,0.21183885836375563
64.43,-0.03767503215688701,0.1491912917125143,-0.05169208071986965,0.2148024542098927
64.44,-0.03855602969162758,0.15272068033098976,-0.052480467360163374,0.21770546057851947
64.45,-0.0394217150082578,0.15621323510531124,-0.05324705279087217,0.2205484848581057
64.46000000000001,-0.04027173878996496,0.15966883354734515,-0.05399155343939335,0.22333212053158652
64.47,-0.04110575542324204,0.16308733217526458,-0.054713691666017236,0.22605694597306425
64.48,-0.04192342301333241,0.1664685652207013,-0.055413195706142455,0.22872352341767394
64.49,-0.042724403401897995,0.16981234346891716,-0.056089799614114984,0.23133239797456492
64.5,-0.04350836218702091,0.17311845320883176,-0.056743243208793225,0.23388409664452436
64.51,-0.044274968745643364,0.17638665536332243,-0.05737327202095123,0.23637912683294146
64.52,-0.04502389625853609,0.17961668450596346,-0.05797963724264566,0.23881797531457064
64.53,-0.045754821737884664,0.18280824813737176,-0.058562095678596555,0.24120110924084787
64.54,-0.0464674260575569,0.18596102623401853,-0.0591204096995858,0.2435289751265744
64.55,-0.04716139398610518,0.18907467068692724,-0.05965434719794402,0.24580199750107198
64.56,-0.047836414222557064,0.19214880487453578,-0.0601636815452248,0.24802057845809017
64.57000000000001,-0.04849217943503031,0.19518302333906135,-0.060648191552139255,0.25018509696712804
64.58,-0.04912838630295726,0.1981768672785835,-0.06110766142971605,0.2522959436716243
64.59,-0.049744735580988374,0.20112927830001812,-0.06154188072555062,0.254354312637056
64.6,-0.05034093222736157,0.2040381015047689,-0.06195064417309087,0.2563629228098509
64.61,-0.05091668562104468,0.20690044220725703,-0.062333751418632816,0.2583255016543419
64.62,-0.05147170985047363,0.20971296976808748,-0.06269100665085592,0.2602463450848425
64.63,-0.05200572404889393,0.21247201339431462,-0.06302221816907988,0.2621301795540715
64.64,-0.05251845276026028,0.21517373447669003,-0.0633271979134249,0.26398191322597514
64.65,-0.05300962632113631,0.21781426133107232,-0.06360576097787925,0.2658064417284702
64.66,-0.05347898124247993,0.22038988557655717,-0.06385772512954162,0.2676083643308149
64.67,-0.053926260568468005,0.222897401991733,-0.06408291036709729,0.26939149131371676
64.68,-0.054351214169082986,0.22533484119265482,-0.06428113858131235,0.27115777958894915
64.69,-0.054753598927961875,0.227701327354233,-0.06445223337347432,0.27290753914170496
64.7,-0.05513317884666957,0.22999615107135202,-0.06459602000103722,0.2746407800345824
64.71000000000001,-0.055489725119526476,0.2322185899740032,-0.06471232537180203,0.2763574739678412
64.72,-0.05582301620437936,0.23436796633203696,-0.0648009780498393,0.27805746574614015
64.73,-0.0561328378961972,0.23644344688637858,-0.06486180833401482,0.279738475489145
64.74,-0.05641898342748914,0.23844354852883326,-0.06489464869654414,0.2813900391808044
64.75,-0.05668125362303871,0.24036616625211532,-0.06489933490680747,0.2829939449477502
64.76,-0.056919457109191364,0.24220883702117263,-0.06487570784250248,0.28452734577645744
64.77,-0.057133410568666554,0.24396859242012714,-0.0648236158036599,0.28596347677000084
64.78,-0.05732293908120567,0.2456407196735237,-0.06474291720613994,0.2872725128988489
64.79,-0.05748787662408734,0.24721843956439601,-0.06463348352281154,0.2884240077430184
64.8,-0.057628066730029875,0.24869429526508888,-0.06449520207527525,0.2893953098810713
64.81,-0.057743363218595196,0.250060854677154,-0.06432797810493625,0.2901750427460707
64.82000000000001,-0.057833630950053026,0.25131035210351976,-0.06413173606050515,0.29075418934399055
64.83,-0.057898746590123715,0.2524351873485406,-0.0639064205522168,0.2911235401637992
64.84,-0.057938599308338966,0.2534298595227322,-0.0636519971910621,0.2912764095486159
64.85,-0.05795309125090269,0.25429270851678726,-0.06336845318864567,0.2912099528622195
64.86,-0.05794213773399571,0.25502364175196257,-0.06305579766152958,0.2909231392917681
64.87,-0.05790566728339466,0.25562257863393223,-0.062714061763988,0.29041513711746725
64.88,-0.05784362163578603,0.2560896563118609,-0.062343298761050284,0.28968557002494555
64.89,-0.057755955725688014,0.25642512141362284,-0.06194358406500688,0.28873438957359837
64.9,-0.05764263765771854,0.2566293802180817,-0.06151501523461446,0.2875619400234539
64.91,-0.05750364866478495,0.2567029688810488,-0.061057711937342427,0.2861689250765396
64.92,-0.05733898305254096,0.25664655786237006,-0.0605718158744409,0.28455642682824916
64.93,-0.057148648130741005,0.2564609435044379,-0.0600574906691797,0.2827258854284307
64.94,-0.056932664153536074,0.2561463443544735,-0.05951492174113721,0.2806783781845676
64.95,-0.056691064373426976,0.2557001397835054,-0.05894431627261625,0.2784123489569672
64.96000000000001,-0.05642389533525937,0.2551168435533079,-0.05834590339370505,0.2759236033375256
64.97,-0.0561312173640009,0.2543910925284352,-0.05771993453792023,0.2732083267861002
64.98,-0.05581310496494392,0.2535219978944155,-0.057066683685197864,0.27026743571473155
64.99,-0.055469646926992834,0.2525110526528754,-0.05638644728316007,0.267104457952515
65.0,-0.05510094623647387,0.25135921357959123,-0.05567954392721796,0.26372352922897513
65.01,-0.05470712015016612,0.25006161212780903,-0.05494631376423239,0.26013509824082004
65.02,-0.05428830073089728,0.24860805806115596,-0.054187117403913757,0.2563550732197892
65.03,-0.053844635516680825,0.24699627982225014,-0.05340233465932399,0.2523921242046815
65.04,-0.053376287766149846,0.24522846799145603,-0.05259236365966113,0.24825094651163912
65.05,-0.052883436344323166,0.24330625508795298,-0.05175762027500332,0.2439371200844394
65.06,-0.052366275532412056,0.2412317701792474,-0.05089853757958539,0.23945610485106908
65.07000000000001,-0.0518250148250492,0.23900711188542206,-0.05001556529181453,0.23481374043181077
65.08,-0.05125987871138073,0.23663463205675717,-0.04910916919715708,0.23001589088162336
65.09,-0.050671106442615334,0.23411673522759885,-0.0481798305559924,0.22506862523118604
65.1,-0.0500589517864869,0.23145600301774633,-0.04722804549765824,0.21997811646477403
65.11,-0.04942368276957447,0.2286550929462977,-0.0462543244020328,0.21475064389420778
65.12,-0.048765581408774815,0.2257167787433705,-0.04525919127193775,0.20939254763864568
65.13,-0.04808494343872545,0.22264373028094026,-0.04424318309384666,0.20391038139971682
65.14,-0.047382078140900376,0.21943541464915967,-0.0432068490939984,0.19831370712102095
65.15,-0.046657308397776744,0.21608919799343376,-0.04215074978702199,0.19261385956821522
65.16,-0.0459109708029704,0.21260604477355505,-0.0410754559853638,0.18681868172924507
65.17,-0.045143415575697746,0.2089888451717399,-0.03998154799245832,0.18093451549471362
65.18,-0.04435500630030103,0.2052407707231076,-0.03886961492891738,0.17496802956459495
65.19,-0.04354611960158028,0.20136538862362557,-0.0377402540773363,0.16892572797249295
65.2,-0.04271714479818684,0.19736616338381405,-0.03659407022857266,0.16281412184184374
65.21000000000001,-0.04186848355203905,0.1932465991776534,-0.03543167503172408,0.15663969665324987
65.22,-0.041000549514546326,0.18901030523637716,-0.03425368634655475,0.15040889512489358
65.23,-0.04011376796138432,0.18466106772194477,-0.033060727602724396,0.14412802454440998
65.24,-0.039208575414889195,0.18020272335435764,-0.03185342716855938,0.13780332707516807
65.25,-0.038285419255832204,0.17563925878695144,-0.03063241773106347,0.13144087166504018
65.26,-0.03734475732495553,0.17097472021616208,-0.02939833568928436,0.12504661328845107
65.27,-0.036387057515793284,0.16621324525935918,-0.028151820561457017,0.11862635382304064
65.28,-0.035412797359320576,0.1613590522459213,-0.026893514407403042,0.11218571860804874
65.29,-0.03442246360243588,0.156416372187658,-0.025624061266210908,0.10573021838932385
65.3,-0.03341655178183953,0.15138951381302213,-0.02434410660882515,0.0992651770520295
65.31,-0.03239556579238668,0.1462828330192902,-0.02305429680775557,0.09279573596141222
65.32000000000001,-0.03136001745142061,0.14110069140464557,-0.021755278624235538,0.0863268827746752
65.33,-0.030310426061513265,0.13584746370774006,-0.020447698711643807,0.07986344085801883
65.34,-0.029247317971476755,0.13052755682276468,-0.01913220313607179,0.0734100390470692
65.35,-0.02817122613519619,0.1251453891603007,-0.01780943691554625,0.06697111806079277
65.36,-0.02708268966941072,0.11970537516909582,-0.016480043577915295,0.06055093932997909
65.37,-0.025982253411808983,0.1142119190374434,-0.015144664736896418,0.05415358297762306
65.38,-0.024870467480604903,0.10866939702659169,-0.013803939685898312,0.04778295787672783
65.39,-0.023747886836064276,0.10308217452389956,-0.012458505009882982,0.041442778261560474
65.4,-0.022615070843734247,0.09745459821746962,-0.011108994216103575,0.035136567576585995
65.41,-0.02147258283990379,0.09179098040546786,-0.009756037383684912,0.028867668608967105
65.42,-0.020320989700319453,0.0860955961167673,-0.008400260831511783,0.022639241897534967
65.43,-0.01916086141281597,0.0803726763961742,-0.007042286804198226,0.016454269261413544
65.44,-0.017992770654399377,0.07462640347623387,-0.005682733175927192,0.010315555864649467
65.45,-0.016817292373416316,0.06886090236117799,-0.004322213171773479,0.004225737331048313
65.46000000000001,-0.015635003377323237,0.06308024071639479,-0.002961335106167222,-0.0018127220606469437
65.47,-0.01444648192632488,0.057288425742808784,-0.0016007021384032284,-0.0077975278859887115
65.48,-0.013252307333199334,0.051489399026562924,-0.00024091204502907801,-0.0137265513334282
65.49,-0.012053059569775046,0.045687031557130754,0.0011174429912803087,-0.019597824163848712
65.5,-0.010849318880543702,0.03988511951376691,0.002473776576866342,-0.025409533282374917
65.51,-0.009641665403784505,0.03408738183383529,0.003827508286737379,-0.031160016577506968
65.52,-0.00843067880052601,0.028297456461680442,0.005178063829197135,-0.036847758152217226
65.53,-0.007216937891665597,0.022518897297154943,0.006524875195901931,-0.042471383735465246
65.54,-0.006001020303559207,0.0167551715196342,0.00786738079782855,-0.048029655673833126
65.55,-0.004783502122385436,0.011009655915527565,0.009205025587692886,-0.053521466238498516
65.56,-0.003564957557546523,0.0052856359512521356,0.010537261169353556,-0.058945834326946014
65.57000000000001,-0.002345958614253025,-0.0004136951156640201,0.011863545894599193,-0.06430190208352662
65.58,-0.0011270747754417265,-0.006085239136869436,0.013183344947756456,-0.06958892816902928
65.59,9.11273067598536e-05,-0.011725994809708653,0.014496130418688321,-0.07480628232534166
65.6,0.0013080841098389224,-0.017333058985049107,0.015801381364739176,-0.0799534402320306
65.61,0.0025232355298277407,-0.0229036280933818,0.017098583862172948,-0.08502997766543934
65.62,0.0037360251602517516,-0.028434998625182225,0.018387231047619062,-0.09003556642995793
65.63,0.004945900561024194,-0.033924567714259786,0.01966682314998441,-0.09496996969972889
65.64,0.006152313517226446,-0.03936983394106932,0.020936867513316186,-0.09983303639481399
65.65,0.007354720287714779,-0.04476839767353711,0.02219687861113556,-0.10462469624569587
65.66,0.008552581843513688,-0.05011796123673535,0.023446378052749853,-0.1093449549529837
65.67,0.009745364095983722,-0.055416328903550006,0.02468489458202195,-0.11399388944118151
65.68,0.010932538114766103,-0.06066140672102259,0.025911964069075262,-0.11857164321056511
65.69,0.012113580335524348,-0.0658512022186737,0.027127129495397004,-0.12307842167914244
65.7,0.01328797275750813,-0.07098382413273936,0.028329940932821818,-0.12751448709965305
65.71000000000001,0.014455203130995867,-0.07605748131501401,0.029519955516831977,-0.1318801555063288
65.72,0.015614765134697249,-0.08107048198141495,0.030696737414553508,-0.1361757925378586
65.73,0.016766158543200474,-0.08602123303595409,0.03185985778785806,-0.14040180872108496
65.74,0.017908889384543776,-0.09090823896291676,0.03300889475200441,-0.1445586557215422
65.75,0.019042470088020694,-0.09573010073499937,0.03414343333021586,-0.14864682243285146
65.76,0.0201664196223284,-0.10048551452813324,0.03526306540457748,-0.15266683131473524
65.77,0.021280263624194332,-0.10517327036027074,0.03636738966361945,-0.1566192348075831
65.78,0.02238353451761553,-0.10979225061879341,0.03745601154694091,-0.16050461190684598
65.79,0.023475771623862902,-0.11434142849867346,0.0385285431872191,-0.1643235648525364
65.8,0.024556521262408773,-0.11881986634984074,0.03958460334992865,-0.1680767159533667
65.81,0.02562533684294294,-0.12322671394210125,0.04062381737109065,-0.17176470453499856
65.82000000000001,0.02668177894865745,-0.12756120665228043,0.04164581709335372,-0.17538818401387904
65.83,0.027725415410979257,-0.13182266357591027,0.04265024080069905,-0.1789478190772587
65.84,0.028755821375946122,-0.1360104855362995,0.0436367331520509,-0.18244428289179973
65.85,0.029772579362420327,-0.1401241531034661,0.04460494511406681,-0.1858782546280128
65.86,0.030775279312345246,-0.14416322459721267,0.0455545338933494,-0.18925041719812455
65.87,0.03176351863324841,-0.14812733386524715,0.046485162868318004,-0.19256145481074807
65.88,0.03273690223322061,-0.15201618788340288,0.04739650152097778,-0.19581205060814746
65.89,0.033695042548585755,-0.15582956497637698,0.04828822536881027,-0.19900288476669942
65.9,0.034637559564472314,-0.15956731248641068,0.04916001589698543,-0.2021346325037939
65.91,0.03556408082851437,-0.16322934433478636,0.05001156049109459,-0.2052079620506856
65.92,0.03647424145792191,-0.16681563872028263,0.05084255237059636,-0.20822353290030005
65.93,0.03736768414015425,-0.17032623573882846,0.05165269052315566,-0.2111819940736708
65.94,0.03824405912743662,-0.17376123500269794,0.05244167964004711,-0.21408398251622632
65.95,0.03910302422536018,-0.17712079322105087,0.0532092300527816,-0.21693012156472383
65.96000000000001,0.03994424477580913,-0.18040512175431472,0.0539550576711092,-0.21972101949052752
65.97,0.04076739363445994,-0.1836144841473167,0.05467888392254212,-0.2224572681226722
65.98,0.04157215114310087,-0.18674919370600965,0.05538043569353159,-0.22513944163608654
65.99,0.042358205097017064,-0.1898096110090499,0.05605944527242388,-0.22776809533051606
66.0,0.043125250707691846,-0.19279614139168916,0.05671565029431503,-0.23034376446836968
66.01,0.04387299056107422,-0.19570923244541136,0.057348793687917926,-0.23286696321251135
66.02,0.04460113457166844,-0.19854937150221674,0.057958623624548886,-0.23533818362079167
66.03,0.04530939993269745,-0.2013170830162891,0.05854489346932935,-0.23775789476823253
66.04,0.04599751106261395,-0.20401292557419035,0.05910736173468758,-0.24012654215121917
66.05,0.04666519954820639,-0.20663749035201787,0.059645792036253927,-0.2424445460868572
66.06,0.04731220408452457,-0.2091913983078186,0.0601599530512759,-0.24471230055183157
66.07000000000001,0.047938270411881215,-0.21167529749805475,0.060649618479621865,-0.24693017370166837
66.08,0.048543151250391825,-0.21408985416549822,0.0611145670070964,-0.24909851685420834
66.09,0.0491266062443303,-0.21643537082445774,0.061554582253555104,-0.2512182172494961
66.1,0.049688401955361915,-0.2187111378598685,0.06196945264925843,-0.2532916403952177
66.11,0.050228311936845245,-0.22091567268226034,0.06235897119295776,-0.25532227521385853
66.12,0.050746116879428635,-0.2230470689825547,0.0627229351065139,-0.257314219223697
66.13,0.051241604803203805,-0.22510308585869732,0.06306114542262019,-0.25927204452249936
66.14,0.05171457128046485,-0.22708129841861463,0.06337340652931026,-0.26120057457002677
66.15,0.052164819675412734,-0.2289792421177339,0.0636595256915252,-0.2631046702189693
66.16,0.05259216138557342,-0.23079457890348257,0.06391931257229996,-0.2649889839936676
66.17,0.05299641606478818,-0.23252539154458735,0.06415257878332341,-0.26685752616256014
66.18,0.053377411788674174,-0.23417087321087515,0.06435913752246458,-0.26871265012480045
66.19,0.053734985119124196,-0.23573144297161847,0.064538803362253,-0.27055488023814245
66.2,0.054068981077431556,-0.2372078091219523,0.06469139217548868,-0.2723842843064178
66.21000000000001,0.05437925307931955,-0.23860066784766512,0.06481672112006029,-0.27420091255511975
66.22,0.054665662862856,-0.2399107811427645,0.06491460863782293,-0.27600467979035576
66.23,0.054928080412911154,-0.24113892649185475,0.06498487446599838,-0.27779532282796643
66.24,0.055166383892158964,-0.24228560349526437,0.06502733978001975,-0.27956869095142306
66.25,0.05538045960790978,-0.24335058686304167,0.06504182781008723,-0.28131161888125067
66.26,0.05557020203784538,-0.24433308203750698,0.06502816520194248,-0.2830037395930765
66.27,0.05573551390927713,-0.24523193666338436,0.06498618405394246,-0.2846200657474292
66.28,0.05587630632597578,-0.24604539503935732,0.06491572443279028,-0.2861321030021434
66.29,0.05599249899452256,-0.24676967253482746,0.06481663723955262,-0.28750857582941136
66.3,0.0560840206227284,-0.24739904310306765,0.0646887872243908,-0.28872008471518235
66.31,0.056150809465056614,-0.24792742370235424,0.06453205559612217,-0.28974913588224266
66.32000000000001,0.05619281393503685,-0.24834837490090486,0.06434634178140039,-0.29058553785881064
66.33,0.05620999325582562,-0.24865502013849106,0.06413156459312438,-0.2912189364274062
66.34,0.05620231811878527,-0.2488411506462206,0.06388766323797655,-0.2916397762813365
66.35,0.05616977121691855,-0.2489038239356474,0.06361459818174382,-0.29184193553158727
66.36,0.056112347498069176,-0.24884352455372646,0.06331235171796955,-0.29182289953665114
66.37,0.0560300541632506,-0.2486614226958686,0.06298092826261799,-0.2915810618152037
66.38,0.055922910563159435,-0.2483586982925024,0.06262035452491743,-0.2911150658798841
66.39,0.055790948074752086,-0.2479367237292494,0.06223067963426833,-0.29042399748051684
66.4,0.05563420996515523,-0.24739696844169404,0.06181197522951957,-0.2895072938519258
66.41,0.055452751242715745,-0.2467410408388519,0.06136433550973028,-0.2883647945832568
66.42,0.05524663849589185,-0.2459706595908399,0.06088787724629459,-0.28699672220193523
66.43,0.05501594972032699,-0.24508766153876393,0.060382739756078344,-0.2854036922307052
66.44,0.05476077413460808,-0.24409399119336528,0.059849084835693615,-0.28358670533430214
66.45,0.05448121199544823,-0.2429913644497244,0.05928709666738958,-0.28154681404935
66.46000000000001,0.05417737451031654,-0.24177863749106965,0.05869698179441588,-0.2792824903788212
66.47,0.05384938401911959,-0.24045067180737598,0.05807896933794476,-0.27678847543025775
66.48,0.0534973744306673,-0.23900229615717966,0.05743331144197725,-0.27405974451189996
66.49,0.053121491575637336,-0.23743365375795544,0.05676028360651243,-0.2710969061229048
66.5,0.05272189322466103,-0.23574725618810405,0.056060184655345575,-0.26790324379349917
66.51,0.052298748893632896,-0.23394531898664678,0.055333336454772,-0.2644822262076048
66.52,0.0518522397740165,-0.23202496609223636,0.05458008339335028,-0.26084305556772347
66.53,0.05138255917645009,-0.2299750247331742,0.053800791314952114,-0.25700335555091214
66.54,0.05088991321326509,-0.22779311139529926,0.05299584617247742,-0.2529726569979242
66.55,0.050374521035836485,-0.22548251447069584,0.05216565307547952,-0.24875528670500074
66.56,0.04983661465045648,-0.22304548239735705,0.05131063571112738,-0.24435698086538776
66.57000000000001,0.04927643865136327,-0.2204849836491297,0.05043123580923576,-0.239783123088745
66.58,0.04869424994420734,-0.21780381059779336,0.049527912581038676,-0.23503960980087904
66.59,0.0480903174556869,-0.2150050250183371,0.04860114213828643,-0.23013238006318248
66.6,0.04746492183182621,-0.21209173883085855,0.04765141689293282,-0.22506760538950657
66.61,0.046818355124394834,-0.20906719584036854,0.04667924494048482,-0.2198515872763526
66.62,0.0461509204673785,-0.20593471950633188,0.0456851494276262,-0.21449077996200547
66.63,0.04546293174337863,-0.2026977480575559,0.044669667907025215,-0.20899172530262794
66.64,0.04475471324441312,-0.1993596668013783,0.04363335167769099,-0.20336119546206372
66.65,0.044026599413594866,-0.19592125202969543,0.04257676502944875,-0.19760864439107276
66.66,0.0432789348010924,-0.19238054500102725,0.04150048426487553,-0.1917462982755115
66.67,0.04251207412882901,-0.18873810883317985,0.040405096604153534,-0.18578402487580142
66.68,0.041726382195766125,-0.1849973878768519,0.03929119923407654,-0.17972902065291463
66.69,0.04092223358087874,-0.18116215910287536,0.03815939852275027,-0.1735888969479482
66.7,0.040100012262672284,-0.17723652861738462,0.037010309253945335,-0.16737167407079123
66.71000000000001,0.0392601112141187,-0.1732246607255784,0.035844553858487366,-0.16108454851765316
66.72,0.03840293199389962,-0.16913053704017733,0.034662761689825204,-0.1547343412767985
66.73,0.03752888434410642,-0.1649581854747392,0.03346556833665973,-0.1483278000391393
66.74,0.03663838579006408,-0.1607116082133732,0.03225361495138137,-0.14187151748878998
66.75,0.03573186124058398,-0.15639480524632757,0.031027547591648306,-0.13537195531908713
66.76,0.03480974259083669,-0.15201171185711862,0.029788016574979218,-0.12883546219306818
66.77,0.03387246832929967,-0.14756623601417018,0.028535675845879554,-0.12226824525665247
66.78,0.03292048314740674,-0.14306228293132645,0.027271182356982122,-0.11567635622902422
66.79,0.03195423755247036,-0.1385036734210732,0.025995195464938267,-0.10906570811387076
66.8,0.03097418748524423,-0.13389421418661074,0.02470837634175546,-0.10244203480861991
66.81,0.029980793940684654,-0.12923768432343807,0.02341138740277491,-0.09581090635844143
66.82000000000001,0.028974522592699142,-0.1245377863032136,0.022104891751832424,-0.0891777128392013
66.83,0.02795584342497195,-0.11979816534093739,0.02078955264424126,-0.08254765968217335
66.84,0.02692523036748927,-0.1150224218079379,0.019466032968331264,-0.0759257617447351
66.85,0.025883160938415986,-0.1102140901710358,0.018134994745683287,-0.0693168513429637
66.86,0.024830115892247068,-0.10537663492473394,0.01679709865039174,-0.0627255582105004
66.87,0.023766578875180015,-0.10051343971965483,0.015453003548045595,-0.05615631426902117
66.88,0.022693036088349727,-0.09562780663581133,0.014103366054452164,-0.04961335794191097
66.89,0.021609975958874116,-0.09072296579399083,0.012748840114170218,-0.04310072223694856
66.9,0.020517888818802323,-0.08580205749095075,0.011390076599010179,-0.03662224578218996
66.91,0.01941726659262757,-0.08086813310836032,0.010027722926149264,-0.03018157430693596
66.92,0.018308602493671687,-0.07592415506885196,0.008662422695877164,-0.023782150473892538
66.93,0.017192390729556906,-0.07097298937319563,0.0072948153492705965,-0.017427219792042935
66.94,0.016069126217264956,-0.06601740129861085,0.005925535845453899,-0.01111983879945299
66.95,0.014939304308106938,-0.061060056573741466,0.00455521435793983,-0.004862874529107693
66.96000000000001,0.013803420522521533,-0.05610352486449071,0.003184475989876073,0.0013409942470170117
66.97,0.012661970294645754,-0.0511502751661761,0.0018139405079892657,0.007489271806673633
66.98,0.011515448726969732,-0.046202670920520564,0.00044422209474554255,0.013579639057450571
66.99,0.010364350355321454,-0.04126297272255628,-0.0009240708817976444,0.019609950149076127
67.0,0.009209168924052633,-0.03633334132152376,-0.002290336080899735,0.025578227489517488
67.01,0.008050397171258496,-0.03141583647861824,-0.003653977385127454,0.03148266136485099
67.02,0.006888526624170119,-0.026512412321351573,-0.0050144050798236785,0.037321600783546835
67.03,0.005724047404898937,-0.021624919796840936,-0.006371036016721468,0.04309354676359763
67.04,0.004557448046402128,-0.01675510992828892,-0.0077232937623171955,0.04879714911698639
67.05,0.003389215318435619,-0.011904634618662703,-0.00907060873149271,0.05443120003465454
67.06,0.002219834063317978,-0.007075048897416603,-0.010412418306924178,0.05999462889204625
67.07000000000001,0.0010497870412892111,-0.0022678140281155697,-0.011748166944830891,0.06548649679985903
67.08,-0.00012044521471957421,0.0025157032714626217,-0.01307730626764359,0.07090598974259751
67.09,-0.0012903845349860618,0.007274228628762098,-0.014399295144225183,0.07625241262119578
67.1,-0.0024595552397843794,0.012006576014431844,-0.01571359975823809,0.08152518405948352
67.11,-0.003627484257384801,0.01671164507208564,-0.017019693665204734,0.08672383065722283
67.12,-0.00479370123360811,0.02138841675730856,-0.018317057838799358,0.09184798218478203
67.13,-0.005957738633225099,0.026035952713850636,-0.01960518070697361,0.09689736323399425
67.14,-0.007119131833402005,0.030653392457972006,-0.020883558178577146,0.1018717884455012
67.15,-0.008277419209465767,0.03523994936363565,-0.022151693660992386,0.10677115867133107
67.16,-0.00943214221334747,0.039794907151647387,-0.02340909806925907,0.11159545466114118
67.17,-0.01058284544507467,0.04431761612268513,-0.02465528982723692,0.11634473181206491
67.18,-0.011729076717668124,0.048807489748093506,-0.025889794861351983,0.12101911500816732
67.19,-0.012870387115803213,0.05326400099763216,-0.027112146587438705,0.1256187936245455
67.2,-0.014006331048593872,0.057686678619972384,-0.028321885891179354,0.130144016631327
67.21000000000001,-0.015136466296884234,0.06207510300138401,-0.029518561102627707,0.13459508772565623
67.22,-0.016260354055410813,0.06642890335630763,-0.030701727965287508,0.13897236108509842
67.23,-0.01737755897016367,0.0707477542203529,-0.031870949600187125,0.14327623696494649
67.24,-0.018487649171301183,0.07503137113250834,-0.03302579646538761,0.14750715742984938
67.25,-0.019590196302022963,0.07927950667301684,-0.03416584631133979,0.15166560244929547
67.26,-0.02068477554376587,0.08349194790277466,-0.03529068413250112,0.15575208551027195
67.27,-0.021770965638029112,0.08766851271042994,-0.03639990211562533,0.15976714988172544
67.28,-0.02284834890518814,0.09180904579391144,-0.03749309958509788,0.16371136530407945
67.29,-0.023916511260660724,0.09591341543326101,-0.038569882945665136,0.1675853244518193
67.3,-0.0249750422287723,0.0999815100621151,-0.03962986562289401,0.17138963969757345
67.31,-0.026023534954650963,0.10401323498926934,-0.040672668001699046,0.17512493976859947
67.32000000000001,-0.02706158621448084,0.10800850917832003,-0.04169791736325276,0.1787918668980686
67.33,-0.02808879642442499,0.11196726238168536,-0.04270524782056033,0.1823910743829231
67.34,-0.029104769648508423,0.11588943217315939,-0.04369430025296408,0.18592322377405773
67.35,-0.03010911360575472,0.11977496104268354,-0.044664722239843815,0.1893889822284662
67.36,-0.031101439676857183,0.12362379369228076,-0.04561616799377465,0.1927890201402421
67.37,-0.03208136291066129,0.12743587436440865,-0.046548298293394984,0.19612400841312888
67.38,-0.033048502030718546,0.13121114428490188,-0.04746078041623629,0.19939461623314084
67.39,-0.03400247944216138,0.13494953946423952,-0.04835328807169523,0.20260151036276097
67.4,-0.03494292123911754,0.1386509885307835,-0.049225501334297234,0.20574535309390307
67.41,-0.03586945721287931,0.14231541048426863,-0.05007710657744028,0.20882679994738979
67.42,-0.03678172086104129,0.1459427127449156,-0.05090779640782202,0.21184649803579433
67.43,-0.037679349397805435,0.14953278928606084,-0.05171726960072566,0.21480508449941932
67.44,-0.03856198376563585,0.15308551891420275,-0.05250523103631221,0.21770318512364067
67.45,-0.0394292686484325,0.15660076365372164,-0.0532713916370664,0.2205414129503301
67.46000000000001,-0.0402808524863844,0.16007836725706948,-0.05401546830652813,0.22332036697554739
67.47,-0.041116387492647934,0.1635181538378952,-0.05473718386943889,0.2260406310682779
67.48,-0.04193552967198022,0.16691992663502234,-0.05543626701341278,0.22870277286890578
67.49,-0.04273793884145687,0.17028346688108062,-0.05611245223224367,0.23130734273639073
67.5,-0.0435232786533734,0.17360853285808567,-0.056765479770961864,0.23385487242285466
67.51,-0.04429121662043582,0.17689485898947324,-0.057395095572756905,0.2363458740634446
67.52,-0.0450414241433307,0.1801421547639898,-0.05800105122782665,0.2387808406677656
67.53,-0.04577357654076208,0.18335010416431444,-0.05858310392420118,0.2411602445411115
67.54,-0.04648735308201656,0.18651836512153552,-0.05914101640064583,0.24348453622159857
67.55,-0.047182437022104534,0.18964656922186196,-0.05967455690171952,0.24575414464513134
67.56,-0.047858515639521385,0.1927343212236838,-0.06018349913502626,0.24796947623841858
67.57000000000001,-0.04851528027666778,0.1957811986762765,-0.060667622230722175,0.2501309142501631
67.58,-0.049152426383439383,0.19878673631498123,-0.061126710702653984,0.2522388406190683
67.59,-0.04976965358002456,0.20174993144649117,-0.061560554387940274,0.25429435283380986
67.6,-0.050366665781869845,0.2046686532172551,-0.061968948302694435,0.25630012153969256
67.61,-0.0509431714155669,0.20753997214666817,-0.06235169237210536,0.2582599135460036
67.62,-0.051498883710523094,0.21036050158740718,-0.06270859105675658,0.26017809710644724
67.63,-0.05203352104002692,0.21312649577401888,-0.06303945291339064,0.26205950071746104
67.64,-0.05254680729443506,0.21583403439341145,-0.06334409011508876,0.2639091465427616
67.65,-0.053038472270987354,0.21847916666315415,-0.0636223179532298,0.26573204262700306
67.66,-0.053508252062787816,0.22105812850935141,-0.06387395434644647,0.26753286889127215
67.67,-0.053955889421006334,0.22356774364953058,-0.06409881939413985,0.26931539555631256
67.68,-0.05438113404228541,0.22600619855204834,-0.0642967350442245,0.27108135733778166
67.69,-0.05478374274642215,0.22837267755003893,-0.0644675249258317,0.27283098342981105
67.7,-0.05516347957473159,0.2306664654634964,-0.06461101430278554,0.2745643018948067
67.71000000000001,-0.05552011586356573,0.23288685175045062,-0.06472703006866742,0.2762812788152872
67.72,-0.05585343031444578,0.23503316295198845,-0.0648154007522923,0.2779817710272849
67.73,-0.05616320906566568,0.23710461459389304,-0.06487595658147437,0.2796639615104668
67.74,-0.05644924578852603,0.2390997770852765,-0.06490852988234956,0.28131790935322154
67.75,-0.05671134183859421,0.24101653986738417,-0.06491295617463605,0.28292519488329093
67.76,-0.05694930646557478,0.24285239445763335,-0.06488907600401801,0.2844622810929599
67.77,-0.057162957069776595,0.24460439384695826,-0.06483673732010907,0.28590156835728775
67.78,-0.05735211953710482,0.2462680021669679,-0.06475579824619883,0.2872125384867443
67.79,-0.05751662872911804,0.24783648113435444,-0.06464613008120663,0.28836441946238
67.8,-0.05765632913628927,0.24930234448983035,-0.06450762008369962,0.28933577424206985
67.81,-0.05777107561522241,0.2506579915923823,-0.06434017347114881,0.2901158187539939
67.82000000000001,-0.057860734160800675,0.25189535177802486,-0.06414371466627306,0.29069514447532213
67.83,-0.05792518269549851,0.2530066235937516,-0.06391818826468447,0.291064354316143
67.84,-0.05796431177510533,0.2539865838331936,-0.06366355988388812,0.29121699695668596
67.85,-0.0579780250409821,0.25483392340875755,-0.06337981674488684,0.2911505643918718
67.86,-0.05796623938912479,0.25554859473816954,-0.06306696795476385,0.2908640424972418
67.87,-0.05792888500012858,0.2561305323719272,-0.06272504463228325,0.29035658941973824
67.88,-0.057865905337922394,0.25657990308508316,-0.062354099981144405,0.28962782766164247
67.89,-0.05777725713418045,0.256896976919503,-0.061954209327125524,0.28867769673085963
67.9,-0.05766291035796882,0.25708218776885816,-0.061525470118169605,0.28750653250283287
67.91,-0.05752284817125966,0.25713609853595837,-0.06106800188752586,0.28611503104578007
67.92,-0.05735706687054954,0.2570594104249982,-0.06058194617969252,0.2845042637926793
67.93,-0.05716557581522419,0.2568529496242866,-0.060067466439466664,0.28267566666502264
67.94,-0.056948397358224156,0.25651717859896217,-0.059524747880177864,0.2806305268973415
67.95,-0.05670556688325087,0.25604960933628196,-0.058953997436982056,0.27836738049172766
67.96000000000001,-0.05643713310271634,0.25544425856698233,-0.0583554439599075,0.27588149264207684
67.97,-0.05614315857253359,0.2546955977911923,-0.057729338600789375,0.27316884086825105
67.98,-0.05582372009800335,0.25380313611055483,-0.057075955066178304,0.270230698796476
67.99,-0.055478908817630596,0.25276846604730874,-0.056395589522883455,0.2670706653636995
68.0,-0.05510883009732899,0.25159276522239526,-0.055688560275519654,0.263692616819105
68.01,-0.054713603582498646,0.2502714264296871,-0.05495520718844811,0.26010677925509357
68.02,-0.05429336373563646,0.24879363427616893,-0.05419589059465389,0.25632966499949017
68.03,-0.05384826052709835,0.24715724929759283,-0.0534109900139298,0.25236984321624917
68.04,-0.05337845967944752,0.24536468576031373,-0.05260090326498336,0.2482318060763017
68.05,-0.052884142541601016,0.2434175099259419,-0.051766045898665444,0.2439212482208858
68.06,-0.05236550589538194,0.2413179188862333,-0.05090685066145845,0.23944356927967048
68.07000000000001,-0.051822761750115263,0.23906803002622404,-0.050023766936889834,0.23480458674263924
68.08,-0.051256137120739516,0.23667021804296548,-0.04911726017000326,0.23001018732514078
68.09,-0.050665873792820254,0.2341269209612719,-0.048187811275091544,0.2250664219566605
68.1,-0.05005222807462118,0.23144072957505407,-0.047235916030052644,0.2199794679741831
68.11,-0.04941547053738052,0.22861433144351043,-0.04626208445846423,0.21475559338425138
68.12,-0.048755885744952494,0.22565050559575417,-0.04526684020283697,0.20940112603739403
68.13,-0.04807377198039559,0.22255192114100558,-0.04425071988889382,0.20392253076299047
68.14,-0.0473694410725865,0.2193181233619992,-0.04321427239536652,0.19832907616899476
68.15,-0.04664321843746974,0.21594677224646466,-0.04215805793158728,0.19263168458966481
68.16,-0.04589544318405454,0.21243844603925074,-0.041082647058088534,0.18683868457897077
68.17,-0.04512646803847072,0.20879615348475425,-0.03998861985546573,0.18095669261636377
68.18,-0.0443366590772945,0.2050233240686325,-0.03887656522990303,0.1749922972739005
68.19,-0.043526395390654254,0.2011234326487086,-0.037747080255441594,0.16895203758383653
68.2,-0.042696068735370254,0.19709993502370668,-0.036600769519286876,0.16284245153556412
68.21000000000001,-0.04184608318478986,0.19295639489124575,-0.035438244469064635,0.1566700473933181
68.22,-0.04097685476902587,0.1886965258711249,-0.03426012276448522,0.15044123900413264
68.23,-0.04008881110288029,0.18432413140024745,-0.03306702763686868,0.14416235557460788
68.24,-0.03918239100240332,0.1798431433342249,-0.031859587258568696,0.1378396015071471
68.25,-0.03825804409024351,0.1752575938679154,-0.03063843412463741,0.13147903844582493
68.26,-0.03731623039185118,0.1705715690421686,-0.029404204447325125,0.12508662046593724
68.27,-0.036357419923419614,0.16578927254097334,-0.02815753756420858,0.11866812348218336
68.28,-0.03538209227181377,0.16091494542932613,-0.026899075361563402,0.11222918337785558
68.29,-0.0343907361694222,0.15595285865918843,-0.025629461712207,0.10577530520780765
68.3,-0.03338384906429132,0.15090736496741589,-0.024349341928544658,0.09931180026663652
68.31,-0.0323619366845377,0.1457828530301176,-0.023059362233033856,0.0928438091538618
68.32000000000001,-0.03132551259934989,0.14058371301037675,-0.0217601692455298,0.08637632255288724
68.33,-0.030275097778786675,0.1353143494692853,-0.020452409486678272,0.07991416026103151
68.34,-0.02921122015185995,0.1299791994901312,-0.01913672889873913,0.07346194638570894
68.35000000000001,-0.0281344141625216,0.12458270759554259,-0.017813772385126922,0.06702412106667581
68.36,-0.027045220324844823,0.11912931271089466,-0.016484183368453826,0.06060494442711206
68.37,-0.02594418477872611,0.11362344207956143,-0.015148603366687748,0.05420849531469711
68.38,-0.024831858847139322,0.10806949599441641,-0.013807671587105604,0.04783868103293547
68.39,-0.02370879859550362,0.10247185798972681,-0.012462024538255201,0.0414992156485881
68.4,-0.022575564393100017,0.09683489045888202,-0.011112295660751902,0.03519362180067455
68.41,-0.021432720476953975,0.09116292160905874,-0.009759114976925958,0.02892524127608593
68.42,-0.020280834519080596,0.08546024009925919,-0.008403108758793704,0.022697233883548038
68.43,-0.01912047719780369,0.0797310889537778,-0.007044899214101883,0.01651258059520609
68.44,-0.017952221773711623,0.07397966053746899,-0.005685104190246651,0.010374085639077232
68.45,-0.01677664367087394,0.06821008834387968,-0.004324336895686157,0.00428438350584583
68.46000000000001,-0.015594320063811567,0.0624264473598989,-0.0029632056385491073,-0.0017540639762150844
68.47,-0.014405829470518914,0.05663274910432631,-0.0016023135823054458,-0.007738963167358443
68.48,-0.01321175135193697,0.050832936441797455,-0.00024225851820171244,-0.013668184169561498
68.49,-0.012012665718307506,0.04503088111738002,0.0011163673459012632,-0.01953975907562542
68.5,-0.010809152742791395,0.03923037851919448,0.002472977580662174,-0.02535187548376358
68.51,-0.009601792382783282,0.03343514376594908,0.0038269917148566566,-0.03110287207186613
68.52,-0.008391164009290715,0.02764880931787257,0.005177835399930587,-0.03679123377053597
68.53,-0.007177846044662178,0.02187492214103399,0.006524940559991286,-0.04241558691265019
68.54,-0.0059624156089451,0.01611694057365864,0.007867745527713979,-0.04797469448095185
68.55,-0.004745448175175884,0.010378231445704504,0.009205695166677626,-0.05346745027412454
68.56,-0.0035275172338861366,0.004662067434973322,0.0105382409806878,-0.05889287315228534
68.57000000000001,-0.0023091939670082913,-0.0010283727639988915,0.011864841210546657,-0.064250105142466
68.58,-0.0010910469312966258,-0.00669000684612244,0.013184960918658728,-0.06953840541496493
68.59,0.0001263582485480097,-0.012319851226981097,0.014498072062008868,-0.07475714387154964
68.60000000000001,0.0013424591768608175,-0.017915022007568445,0.015803653554086833,-0.07990579649854337
68.61,0.0025566969739657655,-0.023472736257010886,0.01710119131628754,-0.08498393991230065
68.62,0.003768516552989627,-0.028990313032665645,0.018390178319318544,-0.08999124578052234
68.63,0.0049773668864429,-0.03446517388649727,0.01967011461514236,-0.09492747620512348
68.64,0.006182701262519187,-0.03989484303186965,0.020940507359916673,-0.0997924796024725
68.65,0.007383977531081895,-0.04527694786753192,0.0222008708283981,-0.10458618520923833
68.66,0.008580658339304003,-0.05060921916372833,0.023450726420315968,-0.10930859801592203
68.67,0.0097722113569432,-0.05588949096912453,0.024689602659219385,-0.11395979409277923
68.68,0.010958109491264386,-0.06111570039554593,0.0259170351842771,-0.11853991589115055
68.69,0.012137831091631277,-0.0662858872173619,0.027132566735488965,-0.12304916771377618
68.7,0.013310860143808763,-0.07139819345899417,0.0283357471327819,-0.12748781081638577
68.71000000000001,0.014476686454025419,-0.07645086261828138,0.029526133249448014,-0.13185615921731536
68.72,0.015634805822883572,-0.08144223854881774,0.030703288980329157,-0.1361545764975133
68.73,0.016784720209206683,-0.08637076466994599,0.03186678520512661,-0.14038347125499834
68.74,0.017925937883925887,-0.09123498296571597,0.03301619974725573,-0.14454329280012657
68.75,0.019057973574105627,-0.09603353269562187,0.03415111732866027,-0.14863452753186374
68.76,0.02018034859723369,-0.10076514910345057,0.035271129520966234,-0.15265769518123185
68.77,0.02129259098591594,-0.10542866197559601,0.03637583469334313,-0.15661334526761472
68.78,0.022394235603114897,-0.11002299409464393,0.03746483795742833,-0.16050205363272263
68.79,0.023484824248095056,-0.11454715960402663,0.03853775110965559,-0.16432441914585177
68.8,0.02456390575323591,-0.11900026228308633,0.03959419257131893,-0.16808106052206023
68.81,0.025631036071891825,-0.12338149373935182,0.04063378732668584,-0.17177261327608823
68.82000000000001,0.026685778357478047,-0.1276901315226795,0.04165616685946507,-0.17539972679930255
68.83,0.027727703033977397,-0.1319255371669889,0.04266096908791814,-0.1789630615603843
68.84,0.028756387858062234,-0.13608715415127318,0.043647838298894605,-0.18246328638884926
68.85000000000001,0.029771417973042186,-0.14017450575082524,0.04461642508106319,-0.1859010758056814
68.86,0.03077238595484587,-0.14418719301553548,0.04556638625759512,-0.18927710778586634
68.87,0.03175889185024707,-0.1481248925896998,0.046497384818527186,-0.1925920615262589
68.88,0.032730543207568845,-0.1519873541154478,0.04740908985303697,-0.19584661500951325
68.89,0.03368695510009414,-0.15577439832282033,0.04830117648185422,-0.19904144302039187
68.9,0.034627750142399126,-0.15948591481175847,0.049173325790014065,-0.20217721522805204
68.91,0.03555255849983876,-0.16312185948594882,0.050025224760146335,-0.20525459418771005
68.92,0.036461017891431746,-0.16668225214956753,0.05085656620649068,-0.20827423356714955
68.93,0.037352773586386584,-0.17016717407591844,0.05166704870982002,-0.2112367764407693
68.94,0.038227478394519204,-0.17357676555507665,0.05245637655343902,-0.21414285368867336
68.95,0.039084792650803044,-0.1769112234156648,0.053224259660417085,-0.21699308247994628
68.96000000000001,0.039924384194305905,-0.1801707985185213,0.05397041353220835,-0.21978806483201288
68.97,0.040745928341762834,-0.18335579322965168,0.05469455918879956,-0.22252838623859794
68.98,0.04154910785603941,-0.18646655893405154,0.0553964231105196,-0.2252146144651331
68.99,0.042333612909737,-0.1895034934953191,0.056075737181635374,-0.2278472983528234
69.0,0.043099141044194496,-0.1924670386846412,0.05673223863585005,-0.23042696666842902
69.01,0.04384539712414621,-0.19535767762636533,0.05736567000381814,-0.2329541270535104
69.02,0.04457209328828981,-0.1981759322317019,0.057975779062780855,-0.23542926503355455
69.03,0.04527894889603399,-0.20092236039119596,0.05856231878841658,-0.23785284324345587
69.04,0.04596569047069536,-0.2035975531718001,0.059125047308985684,-0.24022530070723683
69.05,0.046632051639393886,-0.20620213331634482,0.059663727861868375,-0.24254705132906176
69.06,0.047277773069862375,-0.208736752240247,0.06017812875260948,-0.2448184830123521
69.07000000000001,0.04790260240445328,-0.2112020871004638,0.060668023316552244,-0.24703995720178396
69.08,0.048506294191698954,-0.21359883552912876,0.06113318988296453,-0.24921181348348467
69.09,0.04908860982596199,-0.21592738469207293,0.061573411726668276,-0.2513348480942799
69.10000000000001,0.0496493175332067,-0.21818711218117584,0.06198847695210308,-0.2534113297427942
69.11,0.0501881924383041,-0.22037656947453244,0.0623781782586312,-0.2554447264151356
69.12,0.05070501670704814,-0.22249385694002094,0.06274231259756442,-0.25743915292399977
69.13,0.05119957973768971,-0.2245367224819163,0.06308068075815579,-0.2593992230156028
69.14,0.05167167838508377,-0.226502710953877,0.06339308690761276,-0.2613298279069666
69.15,0.05212111720337146,-0.22838931817563382,0.06367933810602974,-0.2632359081644212
69.16,0.05254770869117721,-0.23019416766343326,0.06393924381994505,-0.2651221924555069
69.17,0.052951273517732066,-0.23191532876653725,0.0641726154664,-0.26699272861964174
69.18,0.05333164068792555,-0.23355205525156647,0.06437926604936005,-0.26884979687219107
69.19,0.05368864760273213,-0.2351048110533946,0.06455900995267304,-0.27069386930116596
69.2,0.054022140028711814,-0.23657431261625578,0.06471166286971357,-0.27252501329520845
69.21000000000001,0.054331972031473615,-0.23796126642337204,0.06483704178941951,-0.2743432735035057
69.22,0.05461800590274241,-0.23926644151109205,0.064934964995535,-0.2761485619073713
69.23,0.05488011208396511,-0.24049062642861996,0.06500525207670652,-0.27794066545687895
69.24,0.05511816909476322,-0.2416343824810015,0.06504772404611499,-0.27971610691554094
69.25,0.055332063495114235,-0.24269753050802054,0.06506220390807943,-0.28146222962555584
69.26,0.055521689907990474,-0.2436792642675582,0.06504851798544714,-0.2831585032677492
69.27,0.055686951099656164,-0.24457838815089905,0.06500649797117018,-0.28477940617395237
69.28,0.055827758107274694,-0.24539319940547746,0.06493598349410626,-0.28629578091287755
69.29,0.05594403045793423,-0.24612009498377188,0.06483682504527723,-0.2876758028104252
69.3,0.056035696555711764,-0.24675339370530763,0.06470888703404928,-0.28889003217773807
69.31,0.056102694223588837,-0.24728693937199905,0.06455205039045069,-0.289921625453314
69.32000000000001,0.056144971325234945,-0.24771407868008485,0.06436621429342484,-0.290760378362968
69.33,0.056162486436846765,-0.24802763592535548,0.0641512973382283,-0.2913955735849695
69.34,0.056155209529805496,-0.24822123900246057,0.06390723856591496,-0.2918175336984767
69.35000000000001,0.056123122511881465,-0.24829214768425353,0.0636339983359619,-0.292020327738718
69.36,0.05606621947001626,-0.24824096635152174,0.06333155888364898,-0.2920015787623279
69.37,0.055984506659786305,-0.24806883244903957,0.06299992460490529,-0.2917596557036398
69.38,0.055878002401385504,-0.2477769201111167,0.06263912222529569,-0.29129321324305785
69.39,0.0557467369578176,-0.24736658074810325,0.06224920092701664,-0.2906013319612582
69.4,0.05559075240048365,-0.2468392678775712,0.06183023243800946,-0.28968345533123696
69.41,0.05541010246206801,-0.24619657042694537,0.06138231108247433,-0.288539424157535
69.42,0.05520485237728921,-0.24544018926395994,0.06090555379272762,-0.2871694635402378
69.43,0.05497507871190239,-0.2445719407712664,0.06040010008205832,-0.2855741929501205
69.44,0.05472086918050355,-0.2435937483622234,0.05986611197857367,-0.2837546188319439
69.45,0.054442322459579584,-0.24250744489052703,0.059303773926232276,-0.2817119391066611
69.46000000000001,0.054139548086732936,-0.24131214814998525,0.05871329274387949,-0.2794449183737399
69.47,0.05381266664122008,-0.24000226421712936,0.05809489783794743,-0.2769478731484927
69.48,0.053461810207836316,-0.23857229550476233,0.05744884167163436,-0.2742154842136421
69.49,0.05308712274760477,-0.23702262552301262,0.056775400112428626,-0.27124863782395
69.5,0.052688760109989984,-0.23535578132608814,0.0560748723902675,-0.26805067375416175
69.51,0.052266889832048004,-0.23357400032516987,0.05534758081040264,-0.26462498201206897
69.52,0.051821691054115666,-0.2316748358592797,0.05459387024862859,-0.2609803534482466
69.53,0.051353354961429516,-0.2296464793524349,0.05381410708779096,-0.25713500806848893
69.54,0.05086208549209806,-0.22748646564704614,0.05300867784800351,-0.2530985470171736
69.55,0.050348099585761356,-0.22519825475184926,0.05217798822471331,-0.24887511260181558
69.56,0.049811626996653216,-0.22278396454681107,0.05132246251383194,-0.24447055599649362
69.57000000000001,0.04925291002909388,-0.22024658326225172,0.05044254307576369,-0.23989022722623307
69.58,0.04867220326430625,-0.21758884717917656,0.049538689772283345,-0.23514006423319744
69.59,0.04806977327290851,-0.2148138030706937,0.04861137938424811,-0.23022600588605888
69.60000000000001,0.04744589831622815,-0.21192452480267668,0.04766110500976613,-0.22515424653721505
69.61,0.04680086803585525,-0.2089242255219608,0.04668837544591014,-0.21993110418518308
69.62,0.046134983133019065,-0.20581620824609656,0.04569371455496836,-0.21456303645994743
69.63,0.045448555037731715,-0.2026038749472388,0.04467766061804319,-0.20905660833166834
69.64,0.04474190557426392,-0.19929053082168718,0.04364076567229803,-0.20341865343271706
69.65,0.044015366710458075,-0.19587685642402056,0.042583594749573836,-0.1976587024351919
69.66,0.04326928050925175,-0.19236124150995892,0.041506724904418174,-0.19178862188222
69.67,0.04250399918059217,-0.18874416753494636,0.04041074413343362,-0.1858183362197165
69.68,0.04171988499191664,-0.18502881842244812,0.03929625041524014,-0.1797554743963301
69.69,0.040917309979340316,-0.18121917419670663,0.03816385088400494,-0.1736082534461327
69.7,0.04009665556269581,-0.17731932842301898,0.037014161038314626,-0.16738427341934864
69.71000000000001,0.03925831214356083,-0.1733332364677679,0.03584780399113787,-0.1610904135146995
69.72,0.03840267870759683,-0.1692648631237897,0.03466540976715932,-0.15473356574987618
69.73,0.03753016242915226,-0.1651181733661656,0.033467614619478905,-0.14832043513551152
69.74,0.03664117827615985,-0.16089711661230507,0.032255060358651846,-0.14185761758595433
69.75,0.035736148616833385,-0.1566056088110513,0.031028393694227968,-0.1353515981671176
69.76,0.034815502830014736,-0.15224751102099623,0.0297882655876634,-0.1288087405078404
69.77,0.03387967691789018,-0.1478267164489658,0.028535330618294517,-0.12223525020043252
69.78,0.032929113120457855,-0.1433470449183975,0.027270246363273656,-0.11563721091977858
69.79,0.03196425953421952,-0.13881227575424013,0.025993672791999805,-0.10902053285699163
69.8,0.030985569734376515,-0.13422618594898286,0.024706271676590986,-0.10239096201331854
69.81,0.029993502399515416,-0.12959250079325368,0.023408706019077498,-0.09575407641986444
69.82000000000001,0.028988520941017944,-0.12491487619937876,0.022101639495560144,-0.08911527815412879
69.83,0.02797109313825573,-0.12019692380879646,0.02078573591823995,-0.08247977932347501
69.84,0.026941690778876797,-0.11544220475535501,0.01946165871614153,-0.07585260293304959
69.85000000000001,0.025900789304311663,-0.11065421918370133,0.01813007043465732,-0.06923858642344338
69.86,0.024848867461454975,-0.10583639625481704,0.016791632254230512,-0.06264236504515276
69.87,0.02378640696160582,-0.10099208144182072,0.015447003528706206,-0.056068379123185984
69.88,0.02271389214721233,-0.09612454569679192,0.014096841343403462,-0.04952087136115449
69.89,0.021631809666124872,-0.09123698829385737,0.012741800093136814,-0.04300387923892921
69.9,0.020540648153581906,-0.086332519144487,0.011382531080308879,-0.03652124485505957
69.91,0.019440897922646787,-0.08141416205696288,0.010019682132685072,-0.030076616746959096
69.92,0.018333050663233964,-0.0764848560857372,0.008653897240869037,-0.02367343981110416
69.93,0.0172175991500568,-0.07154744078309684,0.007285816215700795,-0.017314963312268363
69.94,0.01609503696014961,-0.06660465751328994,0.005916074365215598,-0.011004246356805943
69.95,0.01496585820013919,-0.061659151296885345,0.004545302190744975,-0.004744157368545924
69.96000000000001,0.013830557243137311,-0.056713470897154644,0.0031741251019881734,0.0014626228284638785
69.97,0.012689628475227178,-0.051770068583306926,0.0018031631508088433,0.0076135977705366524
69.98,0.01154356605177715,-0.04683129262406414,0.000433030783317908,0.013706448093318405
69.99,0.010392863663914027,-0.04189938890200523,-0.0009356633902898069,0.01973902820274061
70.0,0.009238014315090201,-0.03697650515576004,-0.0023023168085825572,0.025709361950575015
70.01,0.00807951010747511,-0.032064691894478234,-0.003666333154814179,0.03161563910057793
70.02,0.006917842038267522,-0.027165895065097905,-0.005027122536378475,0.03745620881778853
70.03,0.005753499806190681,-0.02228195870234304,-0.006384101648376337,0.04322957353105767
70.04,0.004586971628053596,-0.017414629291966504,-0.007736693921867583,0.0489343844250118
70.05,0.0034187440651047077,-0.012565555875153398,-0.009084329657332687,0.05456943550054658
70.06,0.002249301859016681,-0.007736292306937177,-0.010426446143902163,0.06013365798141627
70.07000000000001,0.0010791277773053514,-0.0029283000047169165,-0.01176248776491137,0.0656261149017356
70.08,-9.1297532047905e-05,0.001857050481951403,-0.013091906090344241,0.07104599503579404
70.09,-0.001261495676900509,0.006618479466945471,-0.014414159956782151,0.07639260620209312
70.10000000000001,-0.0024309906483225142,0.011354794405831984,-0.01572871553547298,0.08166536986475302
70.11,-0.003599308939334413,0.01606488640719799,-0.017035046389093162,0.0868638156956081
70.12,-0.004765979655370363,0.0207477262231314,-0.018332633517722675,0.09198757670417698
70.13,-0.005930534616761935,0.025402363644125934,-0.019620965394609523,0.09703638181924956
70.14,-0.007092508453447815,0.030027924109168953,-0.02089953799239079,0.10201004929853887
70.15,-0.008251438692213009,0.03462360472934098,-0.022167854800359942,0.10690848309376065
70.16,-0.009406865836799798,0.039188671684465486,-0.023425426833239334,0.11173166785026811
70.17,-0.010558333441219795,0.043722456133056344,-0.02467177263195886,0.11647966305916078
70.18,-0.011705388176627422,0.04822435073430745,-0.025906418256985028,0.12115259780733308
70.19,-0.012847579892115988,0.05269380607318486,-0.027128897274735404,0.1257506658066479
70.2,-0.01398446166979273,0.057130327069852084,-0.028338750737574307,0.13027412050419152
70.21000000000001,-0.015115589874498254,0.06153346908798389,-0.02953552715788153,0.13472327025442818
70.22,-0.016240524198546956,0.06590283421928674,-0.030718782476668656,0.13909847370036132
70.23,-0.017358827701835895,0.07023806851105503,-0.031888080027190846,0.14340013577790373
70.24,-0.01847006684764224,0.07453885812454064,-0.03304299049397894,0.14762870335408423
70.25,-0.01957381153449324,0.07880492489427267,-0.03418309186771107,0.15178466126188672
70.26,-0.020669635124477632,0.0830360238077075,-0.035307969396333856,0.1558685280369801
70.27,-0.02175711446831646,0.0872319395972253,-0.036417215532842134,0.15988085205386635
70.28,-0.022835829927527335,0.09139248282319788,-0.03751042988009879,0.16382220820316254
70.29,-0.023905365394042293,0.09551748660948983,-0.03858721913304173,0.16769319439390326
70.3,-0.0249653083076196,0.09960680334117018,-0.03964719701861517,0.17149442830887762
70.31,-0.026015249671370973,0.10366030150694445,-0.04068998423375432,0.17522654423702358
70.32000000000001,-0.027054784065724556,0.10767786251586349,-0.04171520838174216,0.17889018988814093
70.33,-0.0280835096611313,0.11165937771931153,-0.042722503907237024,0.18248602382028262
70.34,-0.029101028229808586,0.11560474570232072,-0.04371151203023818,0.1860147130488923
70.35000000000001,-0.030106945156794396,0.11951386946928357,-0.04468188067923721,0.18947693031326165
70.36,-0.03110086945058585,0.12338665376213465,-0.045633264423815954,0.19287335163377384
70.37,-0.03208241375362959,0.12722300253121152,-0.046565324406939876,0.19620465387613986
70.38,-0.03305119435291388,0.131022816453757,-0.04747772827720849,0.1994715117998536
70.39,-0.034006831190910206,0.134785990686822,-0.04837015012126968,0.20267459744960142
70.4,-0.03494894787708141,0.13851241279593338,-0.049242270396532804,0.20581457884429083
70.41,-0.0358771717001591,0.14220196065119442,-0.05009377586434093,0.20889211733893354
70.42,-0.036791133641397876,0.14585450051656298,-0.05092435952381748,0.2119078658769597
70.43,-0.037690468388993315,0.14946988527355096,-0.05173372054656257,0.21486246749919427
70.44,-0.03857481435384214,0.1530479527590417,-0.05252156421235804,0.21775655390938936
70.45,-0.03944381368680712,0.1565885242286362,-0.05328760184601869,0.22059074408482024
70.46000000000001,-0.04029711229763795,0.16009140293248061,-0.054031550755531586,0.22336564296778347
70.47,-0.04113435987568772,0.16355637281345484,-0.0547531341716064,0.22608184037641704
70.48,-0.04195520991255276,0.16698319733566547,-0.05545208118875159,0.22873990992614807
70.49,-0.04275931972674836,0.17037161841891219,-0.05612812670798494,0.2313404079636821
70.5,-0.04354635049052622,0.17372135557860813,-0.05678101138129401,0.2338838721664754
70.51,-0.04431596725891923,0.1770321050639994,-0.05741048155796556,0.23637082059646053
70.52,-0.04506783900111042,0.18030353879408761,-0.05801628923284177,0.23880175225094716
70.53,-0.04580163863420203,0.18353530385085237,-0.05859819199654775,0.24117714541407864
70.54,-0.04651704305944217,0.1867270220512943,-0.05915595298779581,0.2434974566991223
70.55,-0.047213733200951846,0.1898782896640367,-0.05968934084784127,0.24576312106418477
70.56,-0.04789139404698668,0.19298867697360975,-0.06019812967713548,0.24797455086699713
70.57000000000001,-0.048549714693775455,0.19605772795219512,-0.06068209899423919,0.25013213529539124
70.58,-0.04918838839243351,0.19908494463999818,-0.061141033696369536,0.2522362622821934
70.59,-0.04980711261495676,0.2020692939258049,-0.06157472399843884,0.2542880335359411
70.60000000000001,-0.05040558918209788,0.2050086193884448,-0.061982965288490725,0.25629011855253847
70.61,-0.050983524481884944,0.20789996590718338,-0.062365557857740346,0.25824628463869725
70.62,-0.05154062976397135,0.21073991652436427,-0.06272230652662678,0.2601609087757193
70.63,-0.05207662148377519,0.21352468996370258,-0.06305302020459225,0.26203883718655446
70.64,-0.05259122167925985,0.21625032476560785,-0.06335751140837285,0.2638851193987233
70.65,-0.05308415836482586,0.21891282570386675,-0.06363559576122091,0.26570479710608796
70.66,-0.053555165924520046,0.22150838819540444,-0.06388709149875256,0.2675025797287706
70.67,-0.05400398547759576,0.2240338194406814,-0.06411181902045755,0.269282233827812
70.68,-0.05443036516678016,0.22648732932876475,-0.06430960055888937,0.27104543438909073
70.69,-0.054834060335241415,0.2288680974644112,-0.06448026001591607,0.2727923937659069
70.7,-0.05521483362537389,0.2311753865315761,-0.06462362291789302,0.2745231503080813
70.71000000000001,-0.05557245505392695,0.23340847119252492,-0.06473951641050436,0.27623767182736475
70.72,-0.0559067020837884,0.23556666127781217,-0.06482776926376399,0.2779358213355689
70.73,-0.0562173596967724,0.2376491690644783,-0.0648882119313015,0.2796159160706325
70.74,-0.056504220490233445,0.23965456742074281,-0.06492067693699444,0.28126820770961597
70.75,-0.05676708482872189,0.24158073002159042,-0.06492499995946868,0.2828742313264648
70.76,-0.05700576105555912,0.24342511566213443,-0.06490102167086374,0.2844101924368868
70.77,-0.05722006575177519,0.24518475862935613,-0.0648485901395155,0.28584813160876515
70.78,-0.057409824071247666,0.24685516797028234,-0.06476756363281666,0.28715719839666004
70.79,-0.05757487022855364,0.24842961587372753,-0.06465781364615969,0.28830650837571553
70.8,-0.05771504815124172,0.24990060145008192,-0.0645192276794652,0.2892752598533793
70.81,-0.05783021222059657,0.2512604246832461,-0.06435171119994017,0.2900529068199487
70.82000000000001,-0.057920228054161284,0.252500846063588,-0.06415518887046871,0.2906298351270114
70.83,-0.057984973308619805,0.2536139570365734,-0.06392960552489026,0.290996577200418
70.84,-0.058024338388604865,0.2545947127567703,-0.06367492701928103,0.29114685232090454
70.85000000000001,-0.05803822688700827,0.2554419732595711,-0.06339114080098567,0.29107833220570595
70.86,-0.05802655574205157,0.2561556935387568,-0.06307825617883993,0.2907900065535711
70.87,-0.0579892552636416,0.2567358115292593,-0.06273630444482593,0.29028104044624575
70.88,-0.057926269131717244,0.2571824983974644,-0.062365338946781604,0.28955106071318254
70.89,-0.057837554380173954,0.2574960296192451,-0.061965435124916826,0.2886000159419545
70.9,-0.05772308136592697,0.25767684542164543,-0.061536690511211134,0.2874282472390046
70.91,-0.0575828337237511,0.2577255158268478,-0.061079224692221504,0.28603644743503065
70.92,-0.057416808307125845,0.25764275057373354,-0.060593179235179,0.28442568501501575
70.93,-0.05722501511573358,0.25742938464436654,-0.06007871757726182,0.2825973956299597
70.94,-0.057007477221952096,0.2570859951408648,-0.05953602489067854,0.28055297109239863
70.95,-0.056764230799864826,0.2566101694920133,-0.05896530802889829,0.27829100927448225
70.96000000000001,-0.056495325428575514,0.25599555558743897,-0.05836679572648932,0.2758063896053074
70.97,-0.056200824625089726,0.2552365795780704,-0.05774073900580295,0.27309502742974995
70.98,-0.055880806251135194,0.2543330280261635,-0.05708741143248218,0.27015845873749594
70.99,-0.055535362582934636,0.25328653247787575,-0.056407109008792325,0.26700029831945116
71.0,-0.05516460019500944,0.2520983666185766,-0.055700149848428186,0.2636243180565458
71.01,-0.05476864000581108,0.25076395246869637,-0.054966873603168834,0.26004074827378565
71.02,-0.05434761782223069,0.2492721419795027,-0.05420764036396248,0.25626641393557964
71.03,-0.053901685039857504,0.24762100077459032,-0.05342282936970658,0.25230968617971805
71.04,-0.05343100887924014,0.24581308898437262,-0.052612838127118734,0.2481749225147088
71.05,-0.05293577225045393,0.2438499176845745,-0.05177808185248705,0.2438678838116384
71.06,-0.05241617355782473,0.24173373734340017,-0.05091899293538877,0.23939394260317665
71.07000000000001,-0.05187242649282963,0.23946666938728167,-0.05003602038051016,0.23475890428387422
71.08,-0.05130475981061218,0.23705109886339176,-0.04912962923332983,0.2299686531245881
71.09,-0.05071341709385083,0.23448948098427497,-0.04820029998819852,0.22502924055326684
71.10000000000001,-0.05009865650344671,0.23178441650417178,-0.047248527983154175,0.21994682995069767
71.11,-0.049460750518485176,0.22893857550263005,-0.04627482278210179,0.21472770796044457
71.12,-0.04879998566455978,0.22595480046055183,-0.04527970755132784,0.20937807597972785
71.13,-0.04811666223939297,0.22283570074700768,-0.0442637184334846,0.20390427483999551
71.14,-0.0474110941425907,0.21958077412533977,-0.043227403833746056,0.19831532241396063
71.15,-0.04668360891618455,0.21618781704644222,-0.042171323513409076,0.19262210291293289
71.16,-0.04593454784564112,0.21265738030130213,-0.04109604760925318,0.18683320650110696
71.17,-0.04516426587855697,0.2089926015002467,-0.04000215578777459,0.18095532986064
71.18,-0.04437313135024552,0.20519697143479182,-0.03889023654215129,0.17499504367306065
71.19,-0.04356152564360335,0.20127388897395293,-0.037760886533259104,0.1689589050980119
71.2,-0.04272984284366024,0.1972268458128772,-0.03661470993353795,0.16285348142975042
71.21000000000001,-0.04187848938525294,0.1930594661095269,-0.03545231777268748,0.1566852731444962
71.22,-0.041007883687329466,0.18877553544089837,-0.034274327289715634,0.15046067544165034
71.23,-0.04011845577489307,0.18437889670841456,-0.03308136129352775,0.1441860179983813
71.24,-0.03921064688978142,0.17987355959956067,-0.03187404753383016,0.13786746851814022
71.25,-0.03828490909065011,0.17526358017378355,-0.030653018084244362,0.13151110017093726
71.26,-0.037341704844455405,0.17055310937560214,-0.029418908737756985,0.12512284134047744
71.27,-0.036381506608898564,0.1657464098613744,-0.02817235841650777,0.11870844792801666
71.28,-0.03540479640768643,0.16084773812910172,-0.026914008596077607,0.1122735746836437
71.29,-0.03441206540156055,0.15586142676446887,-0.02564450274352274,0.10582370306441283
71.3,-0.03340381345363957,0.1507918753948242,-0.024364485771544406,0.09936413362545768
71.31,-0.032380548689157816,0.14564351001108383,-0.02307460350996569,0.09290000649782285
71.32000000000001,-0.031342787052527764,0.1404207590114257,-0.021775502193291725,0.08643631305105517
71.33,-0.030291051863161632,0.13512807118649203,-0.02046782796436274,0.07997786370320847
71.34,-0.029225873369329452,0.12976992563960946,-0.019152226395857532,0.07352927513333593
71.35000000000001,-0.028147788300038886,0.12435080503583816,-0.017829342030445842,0.06709498549682014
71.36,-0.02705733941631002,0.11887518749643212,-0.016499817939208503,0.06067925063194838
71.37,-0.025955075063109734,0.11334753583407278,-0.015164295298063932,0.054286148731270294
71.38,-0.024841548722859375,0.10777229043059858,-0.013823412982037885,0.04791958056341432
71.39,-0.023717318570968947,0.10215387279912132,-0.012477807177624345,0.04158325807633233
71.4,-0.02258294703358949,0.09649667841661201,-0.01112811101386175,0.03528070231353386
71.41,-0.021439000348102623,0.09080506898217355,-0.009774954212202713,0.02901525162636315
71.42,-0.020286048127064853,0.0850833662450116,-0.008418962754746793,0.022790063834976556
71.43,-0.019124662926274447,0.07933584516381006,-0.0070607585705230215,0.01660811747628647
71.44,-0.017955419817576437,0.07356672883578694,-0.005700959239626549,0.010472214777362283
71.45,-0.016778895967050858,0.0677801802702826,-0.004340177714839188,0.0043849881744032265
71.46000000000001,-0.015595670219073484,0.061980302844811395,-0.0029790220604383297,-0.0016511026093179119
71.47,-0.01440632268651167,0.05617113639831553,-0.0016180952081360823,-0.007633768046579659
71.48,-0.0132114343474947,0.05035664891852585,-0.0002579947297937746,-0.013560879421213699
71.49,-0.012011586649292232,0.04454073515500354,0.0011006873736078258,-0.019430468752457908
71.5,-0.01080736111963613,0.0387272132396957,0.0024573648670382572,-0.02524072526887791
71.51,-0.00959933898582156,0.0329198200241957,0.0038114574608973605,-0.0309899890315532
71.52,-0.008388100801989639,0.027122207793165234,0.005162390975431561,-0.036676746433527335
71.53,-0.007174226084943739,0.021337940963419563,0.0065095974905797225,-0.042299625430349576
71.54,-0.005958292958792428,0.015570494165542063,0.007852515481730616,-0.04785739047199426
71.55,-0.004740877808656405,0.009823249552798988,0.009190589941898418,-0.05334893729160273
71.56,-0.0035225549437257787,0.0040994931012758445,0.010523272490881707,-0.05877328617104686
71.57000000000001,-0.0023038962698992455,-0.0015975852550747822,0.011850021471908966,-0.06412957979690921
71.58,-0.0010854709721235302,-0.007264893313862259,0.013170302036157088,-0.06941707845984335
71.59,0.00013215479341000777,-0.012899439172829217,0.014483586215628645,-0.07463515325735984
71.60000000000001,0.001348418197014438,-0.01849833234495806,0.015789352984968415,-0.07978328124430914
71.61,0.002562760023062877,-0.024058784956681973,0.01708708831276093,-0.0848610401167752
71.62,0.0037746249472418217,-0.02957811258579595,0.01837628520281796,-0.08986810316999734
71.63,0.004983461803415938,-0.035053735021624934,0.019656443725977066,-0.09480423404511441
71.64,0.006188723840029775,-0.0404831769114694,0.020927071042938533,-0.09966928116874435
71.65,0.007389868966004126,-0.04586406769744782,0.022187681418641518,-0.10446317384436353
71.66,0.008586359986113476,-0.05119414163759364,0.023437796228623794,-0.10918591767914711
71.67,0.009777664825850284,-0.056471237955276254,0.024676943957830752,-0.11383758920757027
71.68,0.010963256745769567,-0.06169330056511656,0.02590466019237313,-0.11841833126212334
71.69,0.012142614545343777,-0.0668583776751837,0.027120487604710797,-0.12292834838956918
71.7,0.01331522275636739,-0.07196462121299443,0.02832397593271672,-0.12736790241075746
71.71000000000001,0.01448057182596926,-0.07701028624983841,0.029514681953085077,-0.13173730747230722
71.72,0.01563815828930445,-0.0819937299396415,0.03069216944952338,-0.1360369264801402
71.73,0.016787484932026572,-0.08691341039174565,0.0318560091761145,-0.14026716760850658
71.74,0.017928060942649322,-0.09176788571797168,0.03300577881622347,-0.14442847977808232
71.75,0.019059402054904816,-0.09655581279940473,0.034141062937367996,-0.14852134873879644
71.76,0.020181030680225063,-0.10127594591663505,0.035261452942443525,-0.15254629339842474
71.77,0.021292476030479342,-0.1059271352554276,0.03636654701767766,-0.15650386219642726
71.78,0.02239327423112734,-0.11050832533083248,0.037455950077666444,-0.16039462975056748
71.79,0.023482968424940482,-0.11501855332399684,0.03852927370783271,-0.16421919355335465
71.8,0.024561108866466518,-0.11945694730957306,0.0395861361046347,-0.16797817076291235
71.81,0.02562725300741521,-0.12382272438851105,0.04062616201384309,-0.17167219514052703
71.82000000000001,0.02668096557315393,-0.12811518875527747,0.041648982667192434,-0.17530191412636556
71.83,0.027721818630509112,-0.1323337296874364,0.04265423571769432,-0.1788679860390256
71.84,0.02874939164707442,-0.13647781946862778,0.043641565173894156,-0.18237107739905623
71.85000000000001,0.02976327154224116,-0.14054701124690522,0.04461062133333625,-0.18581186037073152
71.86,0.030763052730161642,-0.14454093681101973,0.045561060715494296,-0.18919101027888188
71.87,0.03174833715487452,-0.14845930426134793,0.046492545994411355,-0.19250920318996562
71.88,0.032718734317817785,-0.15230189586326398,0.047404745931286664,-0.19576711389438867
71.89,0.033673861297965124,-0.1560685653788468,0.04829733530721378,-0.19896541381599084
71.9,0.03461334276482293,-0.15975923609981796,0.049169994856281346,-0.20210476897372823
71.91,0.035536810984513036,-0.16337389850447565,0.05002241119922937,-0.20518583815925964
71.92,0.03644390581918035,-0.16691260755999296,0.050854276777851114,-0.20820927105092674
71.93,0.03733427471998282,-0.17037548024635768,0.05166528979031901,-0.2111757065578593
71.94,0.03820757271391886,-0.17376269303492958,0.05245515412760604,-0.21408577120917088
71.95,0.039063462384743834,-0.17707447934548984,0.05322357931115851,-0.2169400776283259
71.96000000000001,0.03990161384823324,-0.1803111269802979,0.05397028043197615,-0.21973922310153163
71.97,0.04072170472204946,-0.18347297557618975,0.05469497809123346,-0.2224837882927972
71.98,0.04152342009046789,-0.18656041400449147,0.05539739834257953,-0.22517433596460726
71.99,0.04230645246422764,-0.1895738777762767,0.05607727263623796,-0.22781140977046888
72.0,0.043070501735761116,-0.19251384644076988,0.05673433776502722,-0.23039553314732408
