t_s,center_heave_m,center_heave_acc_mps2,buoy_heave_m,buoy_heave_acc_mps2
58.620000000000005,0.002788659639434903,-0.020153328250421362,0.01702001189168082,-0.07077494766544569
58.63,0.00347872706743929,-0.02067821932831058,0.017963358336605707,-0.07408682245200085
58.64,0.004166785311558046,-0.0212087555459991,0.01889925432219664,-0.07735540354041169
58.65,0.0048527802151974745,-0.021747767295581973,0.019827373533513926,-0.08058024136133848
58.660000000000004,0.005536656653417495,-0.022298066868098605,0.020747394042864686,-0.08376092093192174
58.67,0.006218358253537084,-0.022862443964512924,0.021658998350862584,-0.08689706072769648
58.68,0.006897827118163119,-0.02344366092732634,0.022561873424143248,-0.08998831163353686
58.69,0.00757500355110234,-0.024044448251876436,0.023455710729835304,-0.09303435592663795
58.7,0.008249825786609072,-0.024667500089931953,0.024340206266892324,-0.0960349063283225
58.71,0.008922229722410892,-0.0253154698509398,0.02521506059437804,-0.09898970512235554
58.72,0.009592148657143123,-0.02599095962132802,0.026079978856797057,-0.10189852318439334
58.730000000000004,0.010259513032785087,-0.026696520146784343,0.02693467080658578,-0.10476115846969411
58.74,0.01092425018234314,-0.02743464986311302,0.027778850823821682,-0.10757743709969808
58.75,0.011586284082933848,-0.0282077916428671,0.028612237933173704,-0.11034721170676833
58.76,0.012245535114438636,-0.029018333296336022,0.029434555818171438,-0.11307036091090573
58.77,0.01290191982405208,-0.02986859843449607,0.030245532833664674,-0.11574676315251163
58.78,0.013555350697319958,-0.030760841255251747,0.031044902019016333,-0.1183762567305204
58.79,0.01420573593583178,-0.03169725471538318,0.03183240111074465,-0.12095876215741401
58.800000000000004,0.014852979241633974,-0.03267995781239713,0.03260777255011796,-0.12349425753914535
58.81,0.01549697960920605,-0.03371098424459433,0.03337076348587044,-0.12598273377298108
58.82,0.016137631125591658,-0.03479229068204862,0.034121125774106115,-0.1284242146902459
58.83,0.016774822778840428,-0.035925744956368376,0.03485861597564407,-0.13081874536519503
58.84,0.017408438275346994,-0.03711312034572169,0.03558299535197333,-0.13316636048438227
58.85,0.018038355866484675,-0.03835609974668373,0.03629402986673096,-0.13546691930527735
58.86,0.018664448184680063,-0.03965626738023044,0.03699149019172145,-0.1377204215473558
58.870000000000005,0.01928658208928795,-0.04101510752511827,0.03767515170584628,-0.13992698399572998
58.88,0.01990461852256263,-0.04243400217382912,0.038344794485080276,-0.14208673599211463
58.89,0.020518412375932733,-0.04391422854412286,0.03900020328795151,-0.14419985731206564
58.9,0.02112781236674768,-0.04545695905820165,0.03964116753791792,-0.1462665393388279
58.910000000000004,0.02173266092564684,-0.04706325789382052,0.04026748130332813,-0.14828700066326353
58.92,0.022332794094789804,-0.04873407879536957,0.0408789432751896,-0.15026147970218495
58.93,0.02292804143709058,-0.05047026582960663,0.0414753567426662,-0.15219023923680597
58.94,0.023518225956591882,-0.05227254913606546,0.042056529566334794,-0.15407356281203421
58.95,0.024103164030288813,-0.05414154111872562,0.04262227414929202,-0.15591175474936883
58.96,0.024682665351683907,-0.05607773612276736,0.0431724074061621,-0.15770514043588607
58.97,0.025256532886182917,-0.058081509663251214,0.04370675072999866,-0.15945406635938114
58.980000000000004,0.025824562838400185,-0.06015311743817517,0.04422512995708768,-0.1611588996440136
58.99,0.026386544631467078,-0.062292694202718796,0.044727375329682115,-0.16282002775828602
59.0,0.026942260898441563,-0.06450025293840018,0.04521332145670951,-0.16443785809386344
59.01,0.02749148748590011,-0.06677568410327654,0.04568280727248896,-0.166012817563613
59.02,0.028033993469477183,-0.06911876482650486,0.04613567599361484,-0.16754534841621962
59.03,0.028569541165559695,-0.07152965657552454,0.04657177507546439,-0.16903586811183122
59.04,0.029097886098850972,-0.07400941002837336,0.04699095613837321,-0.1704858068297929
59.050000000000004,0.029618776894201105,-0.07655986713814707,0.04739307483315814,-0.17189695561037605
59.06,0.030131955142603924,-0.07918188101127682,0.04777799069035969,-0.1732704068102654
59.07,0.030637155329553255,-0.08187536524451057,0.04814556699887041,-0.17460718666807648
59.08,0.03113410483803085,-0.08463995089582006,0.048495670713296246,-0.17590794300783358
59.09,0.03162252400620168,-0.08747454849631874,0.04882817237837798,-0.17717341855461224
59.1,0.03210212623337976,-0.09037783604623713,0.04914294605195493,-0.17840449344486708
59.11,0.03257261815481326,-0.09334709281306851,0.04943986917085737,-0.1796036164742441
59.120000000000005,0.03303369994655131,-0.09637776978842204,0.04971882227702784,-0.18077516671627183
59.13,0.033485065755098194,-0.09946509400271704,0.04997968861953817,-0.18192345179236416
59.14,0.033926404160929104,-0.10260472083684674,0.050222353740135284,-0.1830521920418275
59.15,0.03435739861731494,-0.10579256047363343,0.05044670511074246,-0.18416441002414738
59.160000000000004,0.034777727864246,-0.10902464490396359,0.05065263183233744,-0.18526263231226228
59.17,0.035187066323981504,-0.11229723990429921,0.050840024387337104,-0.1863488924196754
59.18,0.03558508448342053,-0.11560658239182521,0.051008774433799864,-0.18742497531610922
59.19,0.03597144927220747,-0.11894893996949785,0.0511587746311961,-0.18849235684071688
59.2,0.036345824450419596,-0.12232023480398899,0.05128991850692723,-0.1895518468566803
59.21,0.03670787104435908,-0.12571535949524856,0.051402100471832926,-0.19060069189426518
59.22,0.03705724787222643,-0.1291281593501974,0.05149521617712154,-0.19163120436799982
59.230000000000004,0.037393612154448135,-0.13255206829028585,0.05156916323953968,-0.19263394118283814
59.24,0.03771662016631019,-0.13598047436949495,0.05162384216021475,-0.1935991511127522
59.25,0.03802592789757298,-0.13940687145858469,0.05165915728366456,-0.19451739870346607
59.26,0.03832119170550286,-0.14282482176135322,0.051675017734359306,-0.19537966868822595
59.27,0.038602068959824196,-0.14622796687302925,0.05167133833317773,-0.19617672315615517
59.28,0.0388682186714303,-0.1496102982486381,0.05164804045363716,-0.1969013631636494
59.29,0.03911930210548174,-0.1529656968751749,0.05160505280519359,-0.19754563306744471
59.300000000000004,0.03935498339124443,-0.15628809648967545,0.05154231221028217,-0.19810168605755032
59.31,0.039574930131298654,-0.15957143175460747,0.051459764310432025,-0.1985642840402259
59.32,0.039778814022304966,-0.1628092220712363,0.051357364209457704,-0.19892598488118943
59.33,0.03996631150090346,-0.16599483067525334,0.05123507713357653,-0.19918065555078884
59.34,0.04013710440587437,-0.1691216040089373,0.05109287901148782,-0.19932407258822551
59.35,0.04029088064016337,-0.17218301381582451,0.05093075694538856,-0.1993516535537419
59.36,0.040427334826140984,-0.17517255524999628,0.0507487096637675,-0.19925875899267925
59.370000000000005,0.040546168951545364,-0.1780839015696237,0.050546747955541683,-0.19904167551790203
59.38,0.04064709299858205,-0.18091096542157378,0.050324895026590565,-0.19869775935106304
59.39,0.0407298255574684,-0.18364766005189936,0.05008318678864298,-0.1982242549180932
59.4,0.04079409442829899,-0.18628811666691947,0.049821672130947646,-0.1976184593284518
59.410000000000004,0.04083963720377304,-0.18882673105825945,0.049540413165179584,-0.1968785245851178
59.42,0.040866201834257154,-0.19125790237306142,0.04923948539333104,-0.19600369675241813
59.43,0.04087354717954588,-0.193576279791295,0.04891897780158429,-0.1949933229683194
59.44,0.04086144355011861,-0.19577644437864702,0.048578992931556736,-0.19384662220909962
59.45,0.0408296732355238,-0.19785333708423294,0.04821964693902103,-0.19256336035416483
59.46,0.040778030994395434,-0.19980260360594246,0.04784106959478838,-0.1911443849039606
59.47,0.040706324511506305,-0.2016195937818103,0.047443404209103,-0.18959094161566048
59.480000000000004,0.04061437485466823,-0.20329967861674847,0.04702680751134935,-0.18790439507036116
59.49,0.040502016917315746,-0.20483884252985857,0.04659144951373362,-0.18608618452160358
59.5,0.04036909981608991,-0.2062335272963076,0.04613751334549889,-0.1841385089471368
59.51,0.040215487250481505,-0.20748027396438193,0.04566519502296298,-0.18206438389141696
59.52,0.04004105785066817,-0.20857554907759218,0.04517470315804758,-0.17986702558497586
59.53,0.0398457055127679,-0.2095162770422639,0.04466625864355783,-0.1775495605490178
59.54,0.0396293397015372,-0.21029974695991496,0.04414009433560556,-0.1751152234257848
59.550000000000004,0.03939188571997069,-0.21092343887299228,0.04359645472686847,-0.17256743069944638
59.56,0.0391332849512956,-0.21138518337315101,0.043035595598115234,-0.16990994336712387
59.57,0.038853495071540824,-0.21168307670198885,0.04245778364314336,-0.16714671680888304
59.58,0.03855249024291158,-0.21181518304475688,0.041863296069164335,-0.1642819709996202
59.59,0.03823026129359417,-0.21177988300761752,0.04125242017889304,-0.1613199711306784
59.6,0.037886815871421745,-0.21157591424172523,0.040625452948229356,-0.1582648838543013
59.61,0.03752217856225523,-0.21120237993718494,0.03998270060659096,-0.1551209190870176
59.620000000000005,0.03713639097656846,-0.21065859648648813,0.03932447821210198,-0.15189244798696325
59.63,0.03672951181549133,-0.2099439673068907,0.03865110920886584,-0.14858413684956392
59.64,0.0363016169249944,-0.20905800101946972,0.037962924963904104,-0.14520073589100368
59.65,0.03585279932968489,-0.20800063977998742,0.037260264298815876,-0.14174684354420097
59.660000000000004,0.03538316923203633,-0.20677218194525226,0.0365434730303534,-0.13822695884033387
59.67,0.03489285398025217,-0.20537309242786847,0.03581290351530328,-0.13464569779342836
59.68,0.034381998011930245,-0.2038041235438483,0.035068914188332,-0.1310077811082168
59.69,0.0338507627773736,-0.20206611871191807,0.034311869095325416,-0.12731783344848493
59.7,0.03329932664455924,-0.20016018409330602,0.033542137426602746,-0.12358057042195689
59.71,0.03272788477949654,-0.19808774316050673,0.03276009305158174,-0.11980057686523635
59.72,0.03213664899779003,-0.19585047543266293,0.03196611406019508,-0.11598237003528526
59.730000000000004,0.03152584758990772,-0.19345029893751947,0.031160582309199065,-0.11213050071830664
59.74,0.030895725122120514,-0.19088937385494764,0.03034388297256493,-0.10824937712038213
59.75,0.030246542215755286,-0.1881700226702168,0.029516404099720176,-0.10434335965753493
59.76,0.02957857530695542,-0.18529478462249852,0.028678536183103957,-0.10041667467785236
59.77,0.028892116385702462,-0.1822664204764624,0.027830671737740054,-0.0964734045139923
59.78,0.02818747271445941,-0.17908785870938865,0.02697320489388745,-0.09251752413489886
59.79,0.02746496652802252,-0.17576222717404918,0.0261065310024976,-0.08855285775269814
59.800000000000004,0.02672493471668216,-0.17229276905771515,0.025231046252762297,-0.08458314791571242
59.81,0.02596772849513991,-0.1686828781326928,0.024347147300619324,-0.08061200925231571
59.82,0.025193713057550013,-0.16493608434097362,0.023455230909054308,-0.07664293088459137
59.83,0.02440326721822716,-0.16105606962791696,0.022555693601821344,-0.07267924964574539
59.84,0.023596783037081074,-0.1570466822214129,0.02164893133263057,-0.06872412511049324
59.85,0.022774665431922747,-0.15291183465164973,0.02073533916875708,-0.06478063055972073
59.86,0.021937331779303647,-0.1486556039222896,0.019815310988425965,-0.06085164437193174
59.870000000000005,0.02108521150280138,-0.1442821720829449,0.01888923919398958,-0.05693990015693487
59.88,0.020218745649038906,-0.13979584814953167,0.017957514441499362,-0.053047956422761396
59.89,0.01933838645178239,-0.13520106007250776,0.017020525387176307,-0.04917819668110204
59.9,0.01844459688567591,-0.13050230332838195,0.01607865845002363,-0.04533287325519048
59.910000000000004,0.017537850211989024,-0.1257041513569312,0.015132297588968373,-0.0415140894113733
59.92,0.01661862951731101,-0.12081124167845722,0.01418182409428221,-0.037723808108971885
59.93,0.015687427245745646,-0.11582827373001112,0.013227616393312682,-0.03396384824526106
59.94,0.014744744725320032,-0.11075999827728959,0.012270049870817928,-0.030235875395611702
59.95,0.013791091689314132,-0.10561121290340775,0.011309496703970561,-0.026541417109434137
59.96,0.012826985793191742,-0.10038675413754891,0.010346325711114494,-0.02288187401224568
59.97,0.011852952127875556,-0.09509148902038925,0.009380902213615027,-0.01925851320422247
59.980000000000004,0.010869522729983781,-0.08973031344118163,0.008413587910771021,-0.01567247259313075
59.99,0.009877236089499853,-0.08430814553583668,0.007444740767657098,-0.01212476295982018
60.0,0.008876636655481778,-0.07882991772083048,0.0064747149156133945,-0.008616271447493782
60.01,0.007868274340509995,-0.07330057117366935,0.005503860565052376,-0.005147765069012924
60.02,0.006852704024486704,-0.06772504975461999,0.004532523930216769,-0.0017198945780226103
60.03,0.005830485058394838,-0.06210829370413264,0.0035610471655039455,0.0016668016059296004
60.04,0.004802180768718976,-0.05645523081848862,0.002589768312961006,0.005011893377605572
60.050000000000004,0.0037683579630580747,-0.050770777337189286,0.0016190212605029367,0.008315053706444394
60.06,0.002729586437376683,-0.04505982796985691,0.000649135710355989,0.011576052934055364
60.07,0.0016864384854445662,-0.03932725347104674,-0.0003195628426853025,0.014794757286562724
60.08,0.0006394884108338701,-0.03357789905787745,-0.0012867531234840401,0.017971125668876542
60.09,-0.00041068795813022286,-0.027816575839634726,-0.0022521180796813397,0.021105203294046707
60.1,-0.0014635137498665049,-0.022048056088866876,-0.0032153448762227478,0.02419711698996594
60.11,-0.002518411526942125,-0.016277068660433044,-0.00417612488178723,0.027247070690508524
60.120000000000005,-0.0035748037588995006,-0.010508293547569965,-0.005134153647585251,0.030255340387533153
60.13,-0.00463211328991968,-0.004746354481963384,-0.0060891308790433675,0.03322226826289842
60.14,-0.005689763800958178,0.0010041777182876355,-0.007040760400782912,0.0361482619010627
60.15,-0.0067471802662129555,0.006738790094683023,-0.00798875011522374,0.03903378899266766
60.160000000000004,-0.00780378940353876,0.012453034227813195,-0.008932811955268119,0.04187937171815997
60.17,-0.008859020118300033,0.01814252898258714,-0.009872661831564487,0.04468558277802164
60.18,-0.009912303940278148,0.023802964484218928,-0.01080801957479021,0.04745304098174836
60.19,-0.01096307545328629,0.029430105245988675,-0.011738608873376492,0.05018240719138307
60.2,-0.01201077271715211,0.035019793753714556,-0.012664157206985714,0.05287438346831866
60.21,-0.013054837681476344,0.040567962207523185,-0.013584395773960709,0.05552977498252743
60.22,-0.014094716590674017,0.04607062841171076,-0.014499059412708674,0.05814939320771917
60.230000000000004,-0.015129860380544858,0.05152388671434562,-0.015407886521439904,0.06073402706476384
60.24,-0.016159725066578593,0.05692391671514497,-0.016310618978029566,0.06328449291012261
60.25,-0.017183772123434443,0.06226699311455662,-0.01720700205850487,0.06580162239290738
60.26,-0.018201468855031093,0.06754948388885017,-0.018096784353728277,0.06828626385750249
60.27,-0.01921228875514936,0.07276785044967703,-0.018979717684536844,0.07073927948628066
60.28,-0.020215711858420627,0.07791865234108844,-0.019855557015610335,0.07316154058272174
60.29,-0.021211225081395505,0.08299854969208373,-0.02072406036846578,0.07555392395277696
60.300000000000004,-0.02219832255342719,0.08800430537945439,-0.021584988733937365,0.0779173087762785
60.31,-0.023176505937553434,0.09293277445612202,-0.02243810598451295,0.08025257181157137
60.32,-0.024145284741642688,0.09778091242824548,-0.0232831787868431,0.0825605869369413
60.33,-0.02510417661932957,0.10254578358388948,-0.024119976514515556,0.0848422256220275
60.34,-0.026052707660245707,0.10722455701992416,-0.02494827115837249,0.08709844506313867
60.35,-0.026990412669346958,0.11181451407658556,-0.025767837230385483,0.08933027677641402
60.36,-0.027916835434915167,0.11631305246433417,-0.026578451666833168,0.09153860114624081
60.370000000000005,-0.028831528984987972,0.12071768263717995,-0.027379893739384976,0.09372423636942728
60.38,-0.02973405583235263,0.12502602766720503,-0.028171944971801085,0.09588801548096221
60.39,-0.03062398820811105,0.1292358262095869,-0.028954389057723514,0.09803075252428733
60.4,-0.031500908283672344,0.13334493257880325,-0.029727011780111987,0.10015322932247718
60.410000000000004,-0.03236440838111667,0.13735131668085976,-0.03048960093361756,0.10225619638458212
60.42,-0.03321409117192321,0.14125306451713524,-0.031241946249760483,0.10434038430105759
60.43,-0.0340495698640367,0.14504837852284033,-0.03198383932456394,0.10640649622592277
60.44,-0.03487046837723952,0.14873557773447166,-0.032715073548732154,0.10845520970126367
60.45,-0.035676421506857604,0.15231309675837798,-0.03343544404051733,0.1104871738183173
60.46,-0.03646707507579499,0.1557794875988455,-0.03414474758136568,0.11250300953158132
60.47,-0.0372420860748089,0.159133420274334,-0.03484278255444035,0.11450330803914413
60.480000000000004,-0.038001122790995684,0.16237368154382673,-0.035529348886120256,0.11648863004814047
60.49,-0.03874386492454771,0.1654991749236355,-0.036204247990567706,0.11845950492871102
60.5,-0.03947000369379934,0.16850892106561868,-0.03686728271743718,0.12041643001047295
60.51,-0.04017924192855669,0.17140205735655983,-0.03751825730279703,0.12235987000816748
60.52,-0.0408712941517493,0.17417783732654774,-0.038156977323315945,0.12429025662417653
60.53,-0.04154588664945001,0.1768356303714297,-0.038783249653759594,0.1262079881361839
60.54,-0.0422027575293114,0.17937492122821533,-0.03939688242783073,0.12811342911461265
60.550000000000004,-0.04284165676746669,0.18179530947393063,-0.039997685002385944,0.1300069101953572
60.56,-0.043462346243955084,0.1840965089157552,-0.04058546792504526,0.1318887279378986
60.57,-0.044064599766733145,0.18627834693761858,-0.04116004290521062,0.13375914475163278
60.58,-0.04464820308434418,0.18834076377203607,-0.04172122278850063,0.13561838889324032
60.59,-0.04521295388732043,0.19028381171207331,-0.04226882153459589,0.13746665453061957
60.6,-0.045758661798403245,0.1921076542562871,-0.042802654198495556,0.13930410187075692
60.61,-0.046285148351667985,0.19381256518955178,-0.04332253691516255,0.1411308573493123
60.620000000000005,-0.04679224696065286,0.19539892759814922,-0.043828286887544046,0.1429470138786596
60.63,-0.04727980287558963,0.1968672328194433,-0.04431972237793968,0.14475263115223566
60.64,-0.04774767312985109,0.198218079325841,-0.044796662702684634,0.14654773600214469
60.65,-0.04819572647572293,0.1994521715430659,-0.04525892823011309,0.14833232280768757
60.660000000000004,-0.04862384330962944,0.20057031860296448,-0.04570634038176099,0.15010635395194022
60.67,-0.049031915588019864,0.2015733979188655,-0.046138721636226177,0.15186977753953448
60.68,-0.049419846751830115,0.2024618334877943,-0.046555895526835686,0.15362278566901294
60.69,-0.04978755167282043,0.2032360208445406,-0.04695768662724096,0.15536557982905932
60.7,-0.050134956617719335,0.20389611159833376,-0.047343920571584416,0.1570970697152506
60.71,-0.05046199922991667,0.20444209389899157,-0.04771442414396806,0.15881598039732206
60.72,-0.050768628527823774,0.20487382886164884,-0.04806902539264398,0.1605213591124529
60.730000000000004,-0.051054804955173776,0.2051897982099439,-0.04840755364974792,0.16221491749556957
60.74,-0.051320500513415294,0.2053881083802485,-0.048729839367443704,0.16389984690140902
60.75,-0.05156569893286058,0.20546709345003816,-0.049035713837996216,0.16557902637666846
60.76,-0.05179039580437316,0.20542624267693582,-0.04932500890805184,0.1672550760585423
60.77,-0.0519945986151738,0.20526616042870216,-0.04959755674634703,0.1689294994433928
60.78,-0.05217832670285767,0.2049875831406304,-0.049853189681149095,0.1706034916259883
60.79,-0.05234161116960732,0.2045916151014686,-0.05009174007966182,0.1722780963095547
60.800000000000004,-0.05248449475740323,0.20407995255327593,-0.05031304025000108,0.17395406662177496
60.81,-0.05260703168699789,0.20345428727480763,-0.05051692238597156,0.17563133000387574
60.82,-0.052709287512648056,0.202715433991333,-0.0507032186519982,0.17730677882676743
60.83,-0.052791339038776676,0.201863610476171,-0.05087176156826626,0.178972962550456
60.84,-0.052853274287620745,0.20089890116248107,-0.05102238472523818,0.1806206497986688
60.85,-0.05289519247628396,0.1998216841032182,-0.05115492367073062,0.18224064819341682
60.86,-0.052917203968661244,0.19863277065565524,-0.051269216824275494,0.18382395898754442
60.870000000000005,-0.05291943018719582,0.1973333974583067,-0.05136510636213388,0.1853621982492566
60.88,-0.05290200348472141,0.19592514240035871,-0.05144243907364037,0.18684680251532595
60.89,-0.05286506697901475,0.19440997888422593,-0.05150106716529911,0.18827079471927582
60.9,-0.052808774358896186,0.19278995617224512,-0.0515408489967374,0.18962698174388448
60.910000000000004,-0.05273328967792148,0.19106715612430333,-0.05156164981551141,0.19090753731604576
60.92,-0.05263878714193631,0.18924376394764125,-0.05156334244832901,0.19210719808558452
60.93,-0.05252545089885182,0.1873217118361917,-0.05154580791531214,0.19321949885104825
60.94,-0.05239347483490065,0.18530306572636662,-0.051508936043473556,0.19423828250882993
60.95,-0.05224306236491801,0.18319003859433555,-0.051452626027600416,0.1951593717684308
60.96,-0.05207442620729747,0.18098502451907145,-0.051376786893682025,0.19597838133840542
60.97,-0.05188778813949802,0.178690669654632,-0.0512813379428268,0.19669062362517697
60.980000000000004,-0.0516833787341155,0.17630973675655148,-0.051166209193041386,0.1972920967082913
60.99,-0.051461437077974154,0.17384519699514572,-0.05103134176606238,0.19777967459307094
61.0,-0.051222210477498684,0.17130006397558803,-0.0508766882186743,0.19815018906091528
61.01,-0.05096595415316573,0.1686775097273943,-0.05070221285531798,0.1984005845528057
61.02,-0.050692930921857914,0.16598082350271265,-0.0505078920187994,0.19852836122429462
61.03,-0.05040341086728471,0.16321339807413623,-0.050293714331392056,0.19853166458237256
61.04,-0.050097671001547786,0.16037867837556577,-0.050059680884945675,0.19840890354498772
61.050000000000004,-0.049775994924829065,0.15748002638928454,-0.04980580541067311,0.19815831066715364
61.06,-0.04943867247883698,0.15452111152635906,-0.04953211444452848,0.19777837446822186
61.07,-0.04908599937555018,0.15150597059731014,-0.049238647455958844,0.1972684729351121
61.08,-0.048718276812651104,0.14843829285449764,-0.04892545691152335,0.19662850694849138
61.09,-0.04833581110299486,0.14532163935601888,-0.0485926083023824,0.1958581418795907
61.1,-0.047938913306953206,0.14215991110117351,-0.04824018016959596,0.1949571559026772
61.11,-0.04752789884258209,0.1389572711803196,-0.04786826411286982,0.19392583287007867
61.120000000000005,-0.04710308707828577,0.13571781823616585,-0.04747696474995969,0.19276517325432477
61.13,-0.04666480093016217,0.132445439820539,-0.0470663996170696,0.19147661830424456
61.14,-0.04621336647152069,0.12914401319836738,-0.04663669903635192,0.19006151045020098
61.15,-0.045749112540096455,0.12581764679052912,-0.04618800597644384,0.1885212935074335
61.160000000000004,-0.0452723703368959,0.12247036161440164,-0.04572047590615062,0.18685753404555946
61.17,-0.044783473023126165,0.11910623730533534,-0.04523427663215342,0.18507205454734335
61.18,-0.044282755316565475,0.11572933824846789,-0.04472958811401478,0.18316692455580771
61.19,-0.04377055308964104,0.11234366469401132,-0.04420660225731013,0.18114436269419731
61.2,-0.0432472029789395,0.10895296299807254,-0.043665522685678755,0.1790068735227396
61.21,-0.042713042008339946,0.10556098949032501,-0.04310656449553397,0.1767569702619548
61.22,-0.04216840721632543,0.10217151542788344,-0.04252995400473176,0.17439716474978745
61.230000000000004,-0.04161363528157328,0.0987883410935184,-0.041935928498591235,0.17193005072552986
61.24,-0.04104906214936452,0.09541518759929898,-0.04132473596737035,0.16935836798872395
61.25,-0.040475022667018495,0.09205559480998243,-0.04069663482696703,0.16668511319119678
61.26,-0.03989185023792026,0.08871284385966292,-0.040051893618852225,0.16391345089210707
61.27,-0.03929987649224097,0.08539020782059456,-0.03939079069651565,0.16104654932208812
61.28,-0.03869943096230085,0.08209099030779453,-0.03871361391012646,0.1580875209817336
61.29,-0.038090840759667094,0.07881839727799327,-0.03802066029250612,0.15503952239952498
61.300000000000004,-0.037474430259076374,0.07557555219779158,-0.03731223573720738,0.15190593081127876
61.31,-0.036850520795112314,0.07236536153652255,-0.036588654664961015,0.14869011867427342
61.32,-0.03621943037507943,0.06919060864359255,-0.03585023968361855,0.14539553533686483
61.33,-0.03558147340483356,0.06605399432142983,-0.03509732124113869,0.1420257352746807
61.34,-0.03493696042304137,0.06295815817729486,-0.03433023727457269,0.13858418499910272
61.35,-0.034286197843557444,0.059905628270349676,-0.033549332857417936,0.13507447713797208
61.36,-0.0336294877066023,0.05689886571835848,-0.032754959843158134,0.13150018220136667
61.370000000000005,-0.03296712743985618,0.053940189128801094,-0.03194747650774843,0.12786485939283534
61.38,-0.032299409632328954,0.051031774075477106,-0.031127247192887376,0.12417207455461217
61.39,-0.031626621821127195,0.04817569829241292,-0.030294641951068603,0.12042533239930416
61.4,-0.030949046290372654,0.045373893417395006,-0.029450036193951996,0.11662812355562131
61.410000000000004,-0.03026695988330298,0.0426281598563602,-0.028593810343860004,0.11278389913961413
61.42,-0.02958063382728848,0.03994018224875002,-0.027726349489384343,0.10889604939702742
61.43,-0.028890333572792304,0.03731146167991108,-0.02684804304483818,0.10496796260896178
61.44,-0.028196318648339394,0.03474334712767356,-0.025959284412187377,0.10100298869499544
61.45,-0.02749884253145532,0.03223702967418582,-0.025060470646100813,0.09700443912527551
61.46,-0.02679815253486791,0.02979355430680228,-0.024152002123336434,0.09297557099331552
61.47,-0.026094489705953437,0.027413869925246755,-0.023234282218867197,0.08891953463022721
61.480000000000004,-0.025388088740359745,0.02509871141775658,-0.022307716988263487,0.08483948329989094
61.49,-0.024679177911196806,0.02284871102133843,-0.021372714855388882,0.08073846187616139
61.5,-0.023967979011897074,0.020664356979325393,-0.02042968630755832,0.07661944523701109
61.51,-0.023254707311781666,0.018546019334117203,-0.019479043599294057,0.07248531130646026
61.52,-0.022539571523735532,0.0164939544548596,-0.018521200465414635,0.06833883568520999
61.53,-0.021822773784739114,0.014508256710950003,-0.017556571842835995,0.06418273771741262
61.54,-0.021104509650886574,0.012588880142497443,-0.01658557359956614,0.06001965934694962
61.550000000000004,-0.020384968107025433,0.010735630196594702,-0.015608622270773974,0.05585217342087084
61.56,-0.019664331590772615,0.008948170813387585,-0.01462613480212357,0.0516827776693015
61.57,-0.018942776030726728,0.007226024196684159,-0.013638528300460657,0.04751389625999889
61.58,-0.01822047089862564,0.00556857458660407,-0.012646219791952896,0.04334787795567968
61.59,-0.01749757927519975,0.003975070368463185,-0.011649625987733028,0.03918699634340496
61.6,-0.01677425792943792,0.0024446273345085315,-0.010649163057088977,0.035033449380667464
61.61,-0.016050657410961816,0.0009762319304650658,-0.009645246408208914,0.030889359614454173
61.620000000000005,-0.015326922155142097,-0.00043125434283250447,-0.008638290476475963,0.02675677436797984
61.63,-0.014603190600632351,-0.0017790934493168654,-0.007628708520277358,0.022637666332974794
61.64,-0.013879595319033369,-0.003068666983709545,-0.006616912424283819,0.018533934080603068
61.65,-0.01315626315632771,-0.004301471480525088,-0.005603312510137282,0.014447402906853712
61.660000000000004,-0.012433315385653667,-0.005479114632530749,-0.004588317354468009,0.010379825730452976
61.67,-0.011710867871008694,-0.006603310995935064,-0.003572333614142844,0.006332884186364426
61.68,-0.01098903124146384,-0.00767587774698739,-0.0025557658586388555,0.0023081898100352073
61.690000000000005,-0.010267911075451549,-0.008698730219600166,-0.0015390164094225996,-0.0016927146615178465
61.7,-0.009547608094688735,-0.0096738773754243,-0.0005224851862020909,-0.005668353900757514
61.71,-0.008828218367271295,-0.01060341714404451,0.0004934304400855097,-0.009617318520999939
61.72,-0.00810983351947942,-0.011489531679507158,0.001508335787698432,-0.013538263540423864
61.730000000000004,-0.007392540955815664,-0.012334482523650778,0.002521838998082074,-0.017429906792191353
61.74,-0.006676424086790973,-0.013140605695113867,0.0035335511635837375,-0.02129102729037342
61.75,-0.0059615625639667736,-0.013910306707381302,0.0045430864490595075,-0.025120463564369862
61.76,-0.005248032521757574,-0.014646055499038333,0.005550062207533075,-0.028917111977090817
61.77,-0.004535906825437419,-0.015350379880227093,0.006554099090088053,-0.032679924739107594
61.78,-0.003825255324804889,-0.016025861337649466,0.0075548211502067635,-0.036407907113070404
61.79,-0.0031161451130653013,-0.016675131721433714,0.00855185594301105,-0.04010010842406067
61.800000000000004,-0.0024086407905003636,-0.017300867359320002,0.009544834619551253,-0.04375563371682927
61.81,-0.0017028047323750725,-0.017905782721723454,0.010533392015788203,-0.04737364232072401
61.82,-0.0009986973604247623,-0.018492622949304743,0.011517166736369443,-0.05095333926133588
61.83,-0.00029637741733669527,-0.019064160788907106,0.012495801233576817,-0.054493977614834904
61.84,0.00040409775618627854,-0.019623192830293276,0.013468941881610222,-0.05799485517185513
61.85,0.001102671942133485,-0.02017253611867378,0.014436239046401216,-0.06145531214458992
61.86,0.001799289764120117,-0.02071502132147402,0.015397347151154532,-0.06487473013577431
61.870000000000005,0.002493896405141008,-0.02125348637575436,0.016351924737756447,-0.06825253084963762
61.88,0.003186437324759715,-0.02179077110337686,0.01729963452417233,-0.07158817483273304
61.89,0.003876857976349052,-0.022329709683351885,0.01824014345795554,-0.07488116048200992
61.9,0.004565103524833091,-0.02287313154035023,0.019173122766017445,-0.07813102165094969
61.910000000000004,0.005251118565210178,-0.023423855669703734,0.0200982480008194,-0.081337326748484
61.92,0.005934846842337526,-0.023984683576781306,0.021015199083100518,-0.08449967792051342
61.93,0.006616230972557955,-0.02455839526417987,0.021923660341240193,-0.08761770986495182
61.940000000000005,0.007295212167656725,-0.025147744230646637,0.022823320547361647,-0.0906910888168473
61.95,0.007971729961607206,-0.025755453096977327,0.023713872950282308,-0.0937195115275325
61.96,0.008645721940559455,-0.02638420905078353,0.02459501530541069,-0.09670270433352532
61.97,0.009317123476517393,-0.02703665938469001,0.02546644990168059,-0.09964042230809758
61.980000000000004,0.009985867465358603,-0.02771540011698003,0.02632788358562291,-0.10253244811545081
61.99,0.010651884069751935,-0.028422978811676086,0.027179027782678316,-0.10537859091699968
62.0,0.011315100467163957,-0.0291618910904498,0.028019598515804243,-0.10817868717570493
62.01,0.011975440603164016,-0.02993457801909724,0.028849316421407784,-0.11093259892284389
62.02,0.012632824950216726,-0.030743426333384647,0.029667906762681277,-0.11364021345433155
62.03,0.013287170272299986,-0.031590759062137534,0.030475099441106563,-0.11630142037141482
62.04,0.013938389395933238,-0.03247883101329557,0.031270629008607644,-0.11891606839136043
62.050000000000004,0.014586390987771146,-0.03340983641340369,0.03205423467928411,-0.12148408374935007
62.06,0.015231079338844395,-0.034385896180650785,0.03282566033635471,-0.12400544996547673
62.07,0.015872354156283623,-0.03540904692180221,0.033584654534335116,-0.1264801631334422
62.08,0.016510110363130173,-0.036481248582880786,0.03433097049846902,-0.12890825076496393
62.09,0.01714423790634915,-0.03760437449263539,0.03506436612167913,-0.13128976161856967
62.1,0.01777462157360074,-0.03878020404883427,0.03578460395969661,-0.13362474901890883
62.11,0.018401140819205585,-0.040010427078340204,0.036491451230902236,-0.13591309309852412
62.120000000000005,0.019023669599449306,-0.04129663639976427,0.03718467982138986,-0.13815477930689915
62.13,0.019642076217568305,-0.042640325487570026,0.037864066284312284,-0.14034992054044154
62.14,0.02025622317871877,-0.044042887224364266,0.03852939183032133,-0.14249864657600267
62.15,0.020865967055147105,-0.0455056099441434,0.03918044231320377,-0.14460113401951596
62.160000000000004,0.021471158361757888,-0.04702967811862981,0.039817008212405594,-0.1466575744033691
62.17,0.022071641442213467,-0.048616169343776536,0.04043888461313739,-0.14866818352600575
62.18,0.022667254365779363,-0.05026605164042542,0.0410458711843576,-0.15063319737705477
62.190000000000005,0.02325782883510759,-0.05198018338133844,0.04163777215457218,-0.15255287465220474
62.2,0.023843190105064284,-0.053759311459874844,0.04221439628545666,-0.15442749530360667
62.21,0.02442315691284561,-0.05560406631803105,0.04277555684336362,-0.15625735912819252
62.22,0.024997541419702948,-0.057514960672727614,0.0433210715687968,-0.15804278613780265
62.230000000000004,0.025566149164432096,-0.059492389573557465,0.043850762643853604,-0.1597841169260168
62.24,0.026128779028681926,-0.061536629112470195,0.04436445665762889,-0.16148171209303647
62.25,0.02668522321417042,-0.06364783547782214,0.04486198456961282,-0.16313595203415004
62.26,0.027235267231904375,-0.06582604401587265,0.04534318167111369,-0.16474723650214856
62.27,0.027778689903485143,-0.06807116851563355,0.04580788754474859,-0.1663159842375693
62.28,0.028315263374549784,-0.0703830013173094,0.046255946022046614,-0.16784263224755847
62.29,0.02884475312795115,-0.07276161516554303,0.04668720514174215,-0.16932755383591933
62.300000000000004,0.029366917960171067,-0.07520790460194934,0.04710151708348185,-0.1707720092743682
62.31,0.029881509884185937,-0.0777236581717203,0.04749873804180384,-0.1721778158129483
62.32,0.030388273994770912,-0.0803099341412002,0.04787872807597899,-0.17354611352309401
62.33,0.030886948386112136,-0.08296669835927464,0.04824135098523178,-0.17487794606852966
62.34,0.03137726414560588,-0.08569366340825978,0.04858647421362007,-0.17617398351682428
62.35,0.031858945403707296,-0.08848982892147937,0.048913968774328076,-0.17743492605298491
62.36,0.03233170943692372,-0.09135377340745417,0.04922370916918955,-0.1786618193637225
62.370000000000005,0.032795266855930594,-0.09428244531131048,0.04951557323050378,-0.17985765464710549
62.38,0.033249321932310866,-0.09727117896949962,0.04978944181003128,-0.18102704018897003
62.39,0.03369357303783932,-0.10031528703708992,0.05004519836116264,-0.18217421281200186
62.4,0.03412771310488386,-0.10341046259912078,0.05028272852411399,-0.18330287094413206
62.410000000000004,0.03455143005733819,-0.10655275536517463,0.0505019197701745,-0.18441589907532224
62.42,0.03496440721228786,-0.1097383460954557,0.050702661112146406,-0.18551568417259218
62.43,0.03536632366348334,-0.11296356365197881,0.050884842867413925,-0.1866042254658073
62.440000000000005,0.03575685465338845,-0.11622478246081047,0.051048356460622606,-0.18768317755041888
62.45,0.03613567194051057,-0.11951835810869424,0.051193094259462314,-0.18875392248130152
62.46,0.036502444180467684,-0.12284019789079531,0.051318949457124084,-0.1898169873816563
62.47,0.03685683736365844,-0.12618510058592974,0.051425816132364896,-0.19086868759047804
62.480000000000004,0.037198515347462054,-0.12954685933689142,0.05151358967881293,-0.19190066154800972
62.49,0.03752714046991747,-0.13291894280842476,0.05158216758961756,-0.19290321336520116
62.5,0.037842374199728177,-0.13629480170395106,0.05163145041170139,-0.19386628041999718
62.51,0.03814387778951874,-0.13966801321277555,0.051661342724982406,-0.1947804324581422
62.52,0.038431312921246664,-0.14303221282564776,0.05167175409687492,-0.19563626393287484
62.53,0.03870434234265326,-0.14638114682402162,0.051662600011862625,-0.19642473310803404
62.54,0.038962630486689215,-0.14970889304758578,0.0516338027196473,-0.19713883876916524
62.550000000000004,0.03920584407875012,-0.15300931716999544,0.05158529202933217,-0.19776983069108325
62.56,0.03943365274100532,-0.1562765006713734,0.05151700608977323,-0.19831089951860092
62.57,0.039645729594304034,-0.15950438834543165,0.05142889207445543,-0.19875634393878822
62.58,0.03984175187598233,-0.16268648489869167,0.05132090683945892,-0.19909832031429744
62.59,0.04002140158353428,-0.1658162430813466,0.05119301758494188,-0.19933159019885757
62.6,0.04018436613060012,-0.1688870758049551,0.05104520240360927,-0.19945177995217264
62.61,0.040330339002187146,-0.1718925120632403,0.050877450748707094,-0.1994540726806122
62.620000000000005,0.040459020404001414,-0.17482610539566987,0.05068976389373539,-0.19933407597657268
62.63,0.040570117901159025,-0.1776816337666504,0.05048215534850975,-0.19908841681898026
62.64,0.040663347039498636,-0.18045305782632046,0.050254651194417334,-0.19871443805683103
62.65,0.040738431952397854,-0.18313436563175553,0.050007290369328036,-0.19820931644818413
62.660000000000004,0.040795105954695564,-0.1857197960191595,0.04974012493612581,-0.1975705675541511
62.67,0.04083311211690555,-0.18820380140661805,0.04945322030732909,-0.19679669430843688
62.68,0.04085220382229694,-0.19058088086471892,0.049146655390362504,-0.19588697425000842
62.690000000000005,0.040852145312319746,-0.19284569365062387,0.048820522671916555,-0.19484078768500385
62.7,0.040832712223432696,-0.19499288524879713,0.04847492828557815,-0.19365739747727914
62.71,0.04079369210416039,-0.19701765514834038,0.04810999205164203,-0.19233709057436799
62.72,0.04073488489187152,-0.198915624236238,0.04772584745132569,-0.19088071673214665
62.730000000000004,0.04065610336671625,-0.20068211868879451,0.047322641533339385,-0.18928976192695438
62.74,0.04055717360593274,-0.20231264848648864,0.04690053478119601,-0.18756560652721635
62.75,0.040437935414597205,-0.20380337563115875,0.046459700963816235,-0.18570993427875584
62.76,0.04029824270853183,-0.20515084568339712,0.0460003269448041,-0.18372535082200997
62.77,0.04013796386800009,-0.2063515141680882,0.045522612425634115,-0.1816149343698925
62.78,0.039956982084841025,-0.20740194225555889,0.045026769643736995,-0.17938187894568705
62.79,0.039755195689103726,-0.20829923841810288,0.04451302305664295,-0.17702934318893626
62.800000000000004,0.03953251844156526,-0.2090406682063337,0.043981609022248444,-0.17456059428048148
62.81,0.039288879797130076,-0.20962383405082807,0.0434327754651118,-0.17197920151988452
62.82,0.03902422513926746,-0.2100466323098557,0.04286678151779642,-0.16928899037614187
62.83,0.03873851598802222,-0.21030712506766583,0.042283897137967125,-0.1664939691614177
62.84,0.03843173019220104,-0.2104034291921724,0.04168440270325412,-0.16359841054315347
62.85,0.038103862106120844,-0.2103339636432584,0.04106858859036099,-0.16060655789604816
62.86,0.037754922737181694,-0.21009757012604183,0.04043675475372949,-0.15752254703788018
62.870000000000005,0.03738493985776604,-0.2096933726893813,0.03978921030624976,-0.15435063900633153
62.88,0.03699395808844174,-0.20912069911301293,0.0391262730889707,-0.15109532023354807
62.89,0.03658203896515296,-0.20837888586437836,0.038448269220469865,-0.14776129579605773
62.9,0.036149260993806026,-0.2074675302494221,0.037755532630915446,-0.14435327312839893
62.910000000000004,0.03569571967869839,-0.2063866510277352,0.037048404596286645,-0.1408758111730299
62.92,0.035221527516426335,-0.20513654164128697,0.036327233281423045,-0.13733341919543374
62.93,0.034726813960668616,-0.20371772749290598,0.035592373282841136,-0.13373078885783635
62.940000000000005,0.03421172536498786,-0.20213089710916907,0.03484418516371374,-0.13007260598872505
62.95,0.03367642490757274,-0.20037691271033778,0.03408303498658877,-0.12636352257689404
62.96,0.033121092495346525,-0.19845692091177453,0.03330929384587087,-0.12260825645903799
62.97,0.03254592464041952,-0.19637239685851435,0.03252333740425026,-0.11881131406362935
62.980000000000004,0.03195113430922501,-0.1941249920824586,0.031725545435429936,-0.11497729407494948
62.99,0.03133695074675399,-0.1917166716110231,0.030916301370032057,-0.11111068003053562
63.0,0.030703619276732368,-0.18914956489302867,0.030095991847853613,-0.10721587499754039
63.01,0.030051401081604593,-0.1864259915684089,0.029265006278746272,-0.10329720491470469
63.02,0.029380572962943784,-0.18354849585534455,0.028423736413506723,-0.09935884643231738
63.03,0.028691427081227745,-0.1805198097008947,0.027572575927154227,-0.09540486338421202
63.04,0.02798427067592284,-0.1773428595244547,0.026711920015036854,-0.09143918011454556
63.050000000000004,0.027259425767613102,-0.174020722721279,0.025842165001355413,-0.08746561419176492
63.06,0.026517228844665057,-0.17055661259912638,0.024963707958997036,-0.08348787712361776
63.07,0.025758030535857828,-0.16695388423845223,0.02407694634048976,-0.07950955779562423
63.08,0.024982195269192924,-0.16321602810337948,0.023182277621059965,-0.07553411697498048
63.09,0.024190100915658513,-0.15934671639809486,0.022280098956136436,-0.0715648305657526
63.1,0.023382138418281666,-0.15534972248490503,0.02137080685408356,-0.06760485881403591
63.11,0.022558711409086968,-0.15122893544093519,0.020454796862601782,-0.06365722243055232
63.120000000000005,0.021720235814101332,-0.14698838404372044,0.01953246326962098,-0.05972476967191258
63.13,0.020867139445728666,-0.14263221129782624,0.01860419882027467,-0.055810192794089164
63.14,0.019999861582729147,-0.13816469248547267,0.017670394450598134,-0.05191600193529765
63.15,0.019118852538684637,-0.13359019415131115,0.016731439037886996,-0.04804455836017826
63.160000000000004,0.01822457322112452,-0.1289131579796642,0.015787719166327086,-0.04419808308860882
63.17,0.017317494683006893,-0.12413809800776905,0.014839618906935012,-0.040378653020937814
63.18,0.016398097667225612,-0.11926959377454772,0.013887519611768482,-0.03658820287932681
63.190000000000005,0.015466872144750985,-0.11431228375676704,0.012931799722523321,-0.032828520633151274
63.2,0.014524316847105527,-0.10927085752999992,0.011972834593820099,-0.029101243731702135
63.21,0.013570938793861408,-0.10415005053095941,0.011010996330806093,-0.025407880301937764
63.22,0.012607252815854605,-0.09895463491445926,0.010046653640129143,-0.021749808070911515
63.230000000000004,0.01163378107481934,-0.09368941493841178,0.009080171694002267,-0.018128271110710397
63.24,0.01065105257995824,-0.08835922350163843,0.008111912007369791,-0.014544385710252622
63.25,0.009659602701967649,-0.08296891426859423,0.007142232327930583,-0.01099914152926692
63.26,0.008659972685183728,-0.07752335511689777,0.006171486538713257,-0.00749340583680968
63.27,0.007652709158497232,-0.07202742249288176,0.005200024572864496,-0.004027926734947119
63.28,0.006638363645628314,-0.06648599558978185,0.004228192340280858,-0.0006033372107593664
63.29,0.005617492075395885,-0.06090394876913016,0.003256331665701115,0.0027798410853050637
63.300000000000004,0.004590654292641021,-0.055286145988485545,0.002284780237849329,0.006121193395643793
63.31,0.0035584135702608514,-0.049637439759608847,0.0013138715691739368,0.00942040671386125
63.32,0.0025213361228509017,-0.043962660551607184,0.00034393496569649326,0.01267726445400296
63.33,0.001479990622470077,-0.03826661768433334,-0.0006247044933927346,0.015891646073108723
63.34,0.00043494771684657633,-0.032554094507100895,-0.0015917259666987178,0.01906352196439482
63.35,-0.0006132204494984778,-0.02682984033412201,-0.002556812852602138,0.022192947474896467
63.36,-0.0016639407106087615,-0.021098566751629525,-0.0035196527827747234,0.025280058676182417
63.370000000000005,-0.0027166393504403324,-0.015364942669555025,-0.004479937607697998,0.02832506768982364
63.38,-0.003770742569686075,-0.009633587988590243,-0.005437363374665794,0.031328257216443
63.39,-0.004825676947530774,-0.003909069026670209,-0.0063916302987678,0.03428997606994302
63.4,-0.0058808698980560145,0.001804099252954121,-0.007342442727226237,0.0372106376964772
63.410000000000004,-0.006935750121113173,0.00750145955185256,-0.008289509097439224,0.0400907143414271
63.42,-0.007989748047225078,0.013178617822294169,-0.009232541889208542,0.04293073194382861
63.43,-0.009042296276034784,0.018831246062602405,-0.01017125757163398,0.045731266173985104
63.440000000000005,-0.010092830007937035,0.024455086185028636,-0.011105376545105378,0.048492938089128745
63.45,-0.011140787468553593,0.030045953129431903,-0.012034623078806617,0.0512164101048703
63.46,-0.012185610325697944,0.03559973891937196,-0.012958725243909518,0.05390238952731923
63.47,-0.013226744098207701,0.04111242473924048,-0.013877414840621913,0.056551685134712766
63.480000000000004,-0.014263638556251849,0.046580072779105454,-0.014790427319636902,0.059165097144307774
63.49,-0.015295748113438055,0.051998820449918895,-0.015697501702447488,0.06174341129666893
63.5,-0.016322532210797287,0.05736489069344264,-0.01659838050157528,0.06428744413221986
63.51,-0.017343455692002154,0.06267460019577147,-0.017492809639201513,0.06679802434438437
63.52,-0.018357989169349158,0.0679243562030201,-0.018380538364026595,0.06927599908157415
63.53,-0.01936560938044601,0.07311065827145838,-0.019261319166604726,0.07172222796366996
63.54,-0.020365799535432806,0.07823010284805752,-0.02013490769344736,0.0741375795307877
63.550000000000004,-0.02135804965442796,0.08327938507256016,-0.021001062660295635,0.07652292758241688
63.56,-0.022341856894964214,0.08825530102989441,-0.021859545764901105,0.07887914806438506
63.57,-0.02331672586961818,0.09315473679510217,-0.022710121599697087,0.08120711391674816
63.58,-0.024282168954057375,0.09797467872703693,-0.023552557564655296,0.08350769578625494
63.59,-0.0252377065849611,0.10271222072966638,-0.024386623780390027,0.08578176189314753
63.6,-0.026182867547365606,0.1073645592289062,-0.02521209299909556,0.08803025659801686
63.61,-0.02711718925129302,0.11192900144323031,-0.026028740509321455,0.09025420477186458
63.620000000000005,-0.0280402179972295,0.11640296912551874,-0.026836344039780417,0.09245448517381392
63.63,-0.02895150923020581,0.1207839951094653,-0.02763468367076749,0.09463191189403676
63.64,-0.029850627782615387,0.12506972306623731,-0.028423541751254416,0.09678731265280603
63.65,-0.030737148105779037,0.12925791054306132,-0.02920270281713244,0.09892149794310458
63.660000000000004,-0.031610654490106666,0.13334642909801683,-0.029971953511000838,0.10103524712844751
63.67,-0.03247074127379619,0.13733326424393022,-0.03073108250482906,0.10312930744458816
63.68,-0.03331701304006288,0.14121651595738507,-0.03147988042542981,0.10520440666449599
63.690000000000005,-0.03414908480286598,0.14499439902702227,-0.03221813978237637,0.1072612452438978
63.7,-0.03496658218110339,0.1486652433540915,-0.03294565489843889,0.10930049835979633
63.71,-0.035769141561280686,0.15222749317302453,-0.033662221842683915,0.11132281301980225
63.72,-0.03655641024867091,0.1556797078053112,-0.03436763836632976,0.11332880818766476
63.730000000000004,-0.037328046606901664,0.15902056306481427,-0.03506170384145186,0.11531907353124339
63.74,-0.03808372018590932,0.16224885041451195,-0.035744219202629664,0.11729416852569136
63.75,-0.038823111838302206,0.16536347625140463,-0.03641498689162799,0.1192546216676747
63.76,-0.03954591382417179,0.16836346257154428,-0.037073810805186055,0.12120092977559697
63.77,-0.04025182990434286,0.17124794666960413,-0.03772049624598365,0.12313355738644283
63.78,-0.04094057542209252,0.17401618054416776,-0.03835484987683731,0.125052936377494
63.79,-0.04161187737338068,0.17666753059820534,-0.0389766796781717,0.12695946556056747
63.800000000000004,-0.0422654744656407,0.17920147715847354,-0.03958579490879989,0.12885351040219223
63.81,-0.042901117165176764,0.1816176139871066,-0.04018200607004193,0.13073540279799511
63.82,-0.04351856773322416,0.18391564770040292,-0.040765124873201296,0.13260544093206814
63.83,-0.04411760025073491,0.18609539713771678,-0.041334964210414736,0.1344638892021252
63.84,-0.04469800063195315,0.18815679265942323,-0.041891338128879005,0.1363109782155328
63.85,-0.045259566626856096,0.1900998753843565,-0.04243406180845642,0.13814690484987507
63.86,-0.045802107812543603,0.19192479636131782,-0.042962951542650604,0.13997183237699198
63.870000000000005,-0.04632544557365678,0.19363181567697021,-0.04347782472294072,0.1417858906471482
63.88,-0.046829413071926326,0.19522130149848158,-0.04397849982645264,0.14358917633098697
63.89,-0.047313855204943404,0.19669372905140164,-0.04446479640694456,0.14538175321654206
63.9,-0.04777862855426353,0.19804967953211988,-0.0449365350890746,0.14716365255877356
63.910000000000004,-0.048223601322953925,0.1992898389552006,-0.045393537565915694,0.14893487347896986
63.92,-0.04864865326270337,0.20041499693546067,-0.04583562659967726,0.1506953834114859
63.93,-0.04905367559151629,0.20142601639663738,-0.04626262602514705,0.15244513285191566
63.940000000000005,-0.04943857091939853,0.2023233184071048,-0.046674360747228895,0.15418431088848483
63.95,-0.049803253195950914,0.2031072728597245,-0.047070656726029184,0.15591313877791396
63.96,-0.05014764767479005,0.20377806647091842,-0.04745134099403727,0.15763059314199324
63.97,-0.05047169089524567,0.20433564878704827,-0.04781624174198377,0.1593353962023016
63.980000000000004,-0.05077533068506796,0.20477978075077038,-0.04816518842657907,0.16102676581183978
63.99,-0.051058526229057245,0.2051085365196729,-0.04849801176687711,0.16270689945314082
64.0,-0.0513212482289392,0.20531984960866487,-0.04881454354784561,0.16437915728063668
64.01,-0.05156347908882552,0.20541212875132994,-0.04911461632489986,0.1660463407235568
64.02,-0.05178521304696995,0.20538485346170346,-0.04939806314049096,0.16771101117445916
64.03,-0.051986456210287725,0.20523863871524592,-0.04966471729807562,0.16937461283648175
64.04,-0.052167226506159584,0.20497428298880072,-0.04991441220741409,0.17103821855950987
64.05,-0.05232755359357919,0.20459288479758317,-0.050146981271560184,0.17270285975672814
64.06,-0.05246747873744574,0.2040961406499319,-0.05036225779556633,0.1743691692880372
64.07000000000001,-0.052587054651401954,0.20348562129966605,-0.050560074943834875,0.1760368673863272
64.08,-0.052686345363895604,0.20276196866813312,-0.05074026585932312,0.1777021443362076
64.09,-0.05276542614922064,0.2019252890938311,-0.05090266410603981,0.17935694713514436
64.1,-0.05282438350599268,0.2009756056816883,-0.05104710443105575,0.18099191884041246
64.11,-0.05286331514043882,0.19991326428717898,-0.05117342367819235,0.18259759139307524
64.12,-0.052882329921537054,0.19873906345883902,-0.05128146171734474,0.18416500268741554
64.13,-0.05288154779462486,0.19745422153600736,-0.05137106234122141,0.18568550650286644
64.14,-0.05286109965381691,0.1960603356870435,-0.051442074130973514,0.1871506347348714
64.15,-0.05282112717824786,0.19455930586241502,-0.051494351254869085,0.18855360117525438
64.16,-0.05276178264284273,0.19295313552211596,-0.05152775421266525,0.18988657346007237
64.17,-0.05268322871605578,0.19124389601062858,-0.051542150576890794,0.19114241606360438
64.18,-0.052585638252096244,0.18943366748334728,-0.051537415664619675,0.1923157997281841
64.19,-0.05246919408821002,0.18752431385675572,-0.05151343315886972,0.1933996913742621
64.2,-0.05233408884772307,0.18551785771666318,-0.0514700957297925,0.19438863489980038
64.21000000000001,-0.052180524733950566,0.18341650753977917,-0.051407305568776734,0.19527856246690778
64.22,-0.05200871330752304,0.18122261553327673,-0.051324974840796636,0.19606482412654586
64.23,-0.051818875246463614,0.17893874955593794,-0.05122302614002716,0.19674270667570753
64.24,-0.05161124008646814,0.1765676879947224,-0.05110139292644966,0.1973085860380017
64.25,-0.051386045942660066,0.1741123406328935,-0.05096001989194392,0.1977594200153471
64.26,-0.05114353921804482,0.1715757091238541,-0.050798863282206966,0.19809196902862516
64.27,-0.0508839742999667,0.16896095860481958,-0.05061789121035005,0.19830320605429522
64.28,-0.0506076132453797,0.166271302145493,-0.0504170839406923,0.19839085532360476
64.29,-0.05031472545445527,0.1635101550616118,-0.050196434109439,0.19835334732564538
64.3,-0.050005587335434455,0.16068086796814307,-0.0499559469008113,0.198188944579478
64.31,-0.04968048196890683,0.15778679003115875,-0.049695640217480144,0.1978959105857307
64.32000000000001,-0.049339698760191154,0.15483170537898333,-0.04941554483954341,0.1974729854474881
64.33,-0.048983533065364765,0.15181956275980868,-0.04911570452817406,0.19691993825521775
64.34,-0.04861228581277615,0.14875392116623304,-0.04879617607046474,0.19623649152291492
64.35,-0.048226263139201815,0.14563838891894124,-0.04845702930359789,0.19542245337677386
64.36,-0.04782577601975867,0.1424769526545102,-0.04809834713186387,0.19447775603750292
64.37,-0.04741113987311179,0.1392737679506047,-0.04772022551621122,0.19340296746946453
64.38,-0.04698267415428286,0.13603288499897498,-0.04732277340780611,0.1921993723280834
64.39,-0.0465407019578139,0.1327580841168795,-0.046906112630518304,0.1908683556832833
64.4,-0.046085549629758756,0.12945336391014511,-0.04647037774366661,0.18941132207685654
64.41,-0.045617546371219855,0.1261228252781146,-0.04601571589906978,0.18782976504586257
64.42,-0.04513702383571101,0.12277047043997724,-0.04554228668880962,0.18612532379685898
64.43,-0.04464431572613201,0.11940041120983302,-0.04505026197405585,0.18429996073048652
64.44,-0.04413975738998684,0.11601670857167583,-0.04453982568992958,0.18235580367472004
64.45,-0.04362368541929563,0.11262328687215976,-0.04401117363071293,0.18029514523920578
64.46000000000001,-0.04309643726370778,0.10922389809537648,-0.043464513215752475,0.17812053372576928
64.47,-0.04255835085445687,0.10582231016911732,-0.042900063240088986,0.1758344974489395
64.48,-0.04200976422928904,0.10242234796541563,-0.042318053621293684,0.1734395555362946
64.49,-0.04145101515521762,0.09902780897600384,-0.04171872514309389,0.17093835792061762
64.5,-0.04088244075425431,0.09564240495334143,-0.041102329186523824,0.1683337548469855
64.51,-0.040304377141208,0.09226961446198932,-0.04046912744248183,0.16562879419214993
64.52,-0.03971715908057977,0.08891272830832891,-0.03981939160588188,0.16282667531727485
64.53,-0.03912111965604521,0.08557508190314377,-0.039153403059921224,0.15993054873930362
64.54,-0.03851658994133387,0.08226001666817845,-0.03847145256154487,0.15694350712621363
64.55,-0.03790389867387343,0.07897074843290865,-0.03777383992493251,0.15386883074712696
64.56,-0.03728337193754461,0.07571039693098895,-0.0370608736939949,0.15070989254493852
64.57000000000001,-0.03665533285979858,0.07248185245987264,-0.036332870806347506,0.14747007290413913
64.58,-0.036020101323820816,0.06928794807023016,-0.03559015625043408,0.1441529027008345
64.59,-0.035377993691033366,0.0661314216138848,-0.0348330627160481,0.14076188092690473
64.6,-0.03472932253119268,0.06301495479262648,-0.034061930243048405,0.1373005194922789
64.61,-0.03407439636083038,0.0599411104881342,-0.03327710586657932,0.13377244323269133
64.62,-0.03341351939047308,0.05691239380075308,-0.03247894325950322,0.13018117801971485
64.63,-0.032746991282542,0.05393113248061689,-0.03166780237582127,0.1265303037469827
64.64,-0.03207510692254733,0.050999544499748875,-0.03084404909476486,0.12282335526861246
64.65,-0.031398156202696745,0.048119734582080825,-0.030008054867259663,0.11906382804917116
64.66,-0.030716423817717844,0.045293662836169736,-0.029160196365865643,0.115255196701825
64.67,-0.03003018907376996,0.04252316865300716,-0.028300855138081716,0.1114008855221749
64.68,-0.029339725710525937,0.039809949643276825,-0.02743041726371761,0.10750428086716404
64.69,-0.028645301737943593,0.037155530622839474,-0.026549273015551905,0.10356875536003611
64.7,-0.02794717928919994,0.03456127879602089,-0.02565781652249096,0.09959764674931801
64.71000000000001,-0.02724561448944613,0.03202841024743473,-0.02475644543615666,0.09559424634927358
64.72,-0.026540857338576397,0.02955802816880274,-0.023845560603158844,0.09156175782243525
64.73,-0.0258331516073434,0.027151078908045346,-0.02292556574415593,0.08750333488513082
64.74,-0.025122734748536633,0.024808342098248917,-0.021996867138489758,0.08342208672758236
64.75,-0.024409837823059038,0.02253047962889686,-0.021059873314926533,0.07932102809212935
64.76,-0.023694685439154595,0.020318020097165806,-0.02011499475046795,0.07520309210783867
64.77,-0.0229774957038954,0.018171380997399816,-0.01916264357829461,0.07107110719086307
64.78,-0.02225848018702946,0.016090839747903225,-0.018203233304897815,0.06692782404858617
64.79,-0.021537843898583497,0.014076520491811583,-0.01723717853514507,0.06277592783438052
64.8,-0.02081578528117615,0.012128402782539698,-0.016264894704412596,0.05861802962546675
64.81,-0.02009249621692281,0.01024631978452279,-0.015286797817894953,0.05445666856430669
64.82000000000001,-0.019368162048728564,0.008429962088231263,-0.014303304197244876,0.050294309087913235
64.83,-0.018642961615771114,0.006678879076729428,-0.013314830234633314,0.04613334101888457
64.84,-0.017917067302933822,0.00499248186475198,-0.012321792154308783,0.04197607861172668
64.85,-0.01719064510394101,0.0033700457885886244,-0.011324605781706248,0.03782476048866573
64.86,-0.016463854697910844,0.0018107134503315388,-0.010323686320131862,0.0336815494777806
64.87,-0.015736849539004637,0.0003134988005725898,-0.009319448135024567,0.02954853282424123
64.88,-0.015009776958827388,-0.0011227104013310507,-0.008312304545777435,0.025427722575623608
64.89,-0.014282778281300453,-0.0024991501283730512,-0.007302667625078615,0.021321056097687516
64.9,-0.013555988949695763,-0.003817175599173953,-0.006290948005720432,0.01723039676934509
64.91,-0.01282953866543324,-0.005078257255040731,-0.005277554694807513,0.013157534849545153
64.92,-0.012103551538232822,-0.006283976828367938,-0.004262894895272889,0.009104188478594778
64.93,-0.011378146247215932,-0.0074360231477084045,-0.003247373834602084,0.005072004821295173
64.94,-0.010653436212539662,-0.00853618786567261,-0.0022313946006492836,0.0010625613159637483
64.95,-0.009929529777128701,-0.0095863610319527,-0.0012153579844207088,-0.002922632971552993
64.96000000000001,-0.009206530398066607,-0.01058852656508429,-0.000199662329689397,-0.006882135908712873
64.97,-0.008484536847185767,-0.011544757610757368,0.0008152966107047588,-0.010814570781240177
64.98,-0.007763643420394811,-0.012457211807181944,0.0018291258120178506,-0.014718624716109957
64.99,-0.0070439401552674094,-0.013328126461414175,0.002841435108389571,-0.018593047053530713
65.0,-0.006325513056409052,-0.014159813648232782,0.003851837317416601,-0.022436647679884774
65.01,-0.005608444328110136,-0.01495465523231865,0.0048599483586773806,-0.0262482953347765
65.02,-0.004892812613768569,-0.015715097084826223,0.00586538736638404,-0.03002691577345925
65.03,-0.004178693241514221,-0.016443643303831464,0.0068677767963519366,-0.0337714894372391
65.04,-0.0034661584755673884,-0.01714285370247264,0.00786674252771248,-0.037481042663147564
65.05,-0.002755277772918094,-0.017815338426962375,0.008861913959593681,-0.041154656031284674
65.06,-0.002046118044825953,-0.018463751844327057,0.009852924102487011,-0.044791465852466836
65.07000000000001,-0.0013387439225113617,-0.019090785333921757,0.010839409664315262,-0.04839065589524029
65.08,-0.0006332180264290943,-0.019699162958855324,0.011821011131578537,-0.051951457166135924
65.09,7.039876137964051e-05,-0.02029163646034613,0.012797372845781743,-0.05547314728337968
65.1,0.0007720470222545013,-0.02087098334141487,0.01376814307528233,-0.05895504721955252
65.11,0.0014716685235628137,-0.021440001343308587,0.014732974082779552,-0.06239651973071596
65.12,0.0021692059395660625,-0.022001501162592235,0.01569152218860787,-0.06579696833609465
65.13,0.0028646025711141403,-0.022558301592609263,0.016643447829967194,-0.0691558358238741
65.14,0.0035578020647761346,-0.023113222408719384,0.017588415616216182,-0.07247260320979222
65.15,0.0042487481319732935,-0.02366908011434886,0.018526094380361628,-0.07574678818978516
65.16,0.004937384268494774,-0.02422868715816219,0.019456157226899123,-0.07897794316419315
65.17,0.005623653474727096,-0.02479484506834698,0.02037828157615496,-0.08216565447204108
65.18,0.006307497977136617,-0.025370338455168763,0.0212921492052337,-0.08530954141436389
65.19,0.006988858951561394,-0.02595793086392512,0.02219744628567546,-0.08840925508253192
65.2,0.007667676248782499,-0.026560359861877905,0.02309386341792929,-0.09146447734470231
65.21000000000001,0.008343888122833812,-0.02718033263714148,0.02398109566275147,-0.09447491983831473
65.22,0.00901743096250312,-0.02782052147469232,0.024858842569622824,-0.09744032304586298
65.23,0.009688239026484519,-0.028483558704466568,0.025726808202277723,-0.10036045550815874
65.24,0.010356244182880196,-0.029172024985031686,0.026584701161451115,-0.10323511227258045
65.25,0.011021375653506409,-0.029888456034121585,0.02743223460493672,-0.1060641147799956
65.26,0.011683559763154881,-0.030635334748997965,0.028269126264997897,-0.10884731076314025
65.27,0.01234271969406867,-0.03141509138020602,0.029095098463174207,-0.1115845728874542
65.28,0.012998775245827482,-0.032230101864055186,0.02990987812256398,-0.11427579839061901
65.29,0.01365164260103861,-0.033082677817163494,0.03071319677862489,-0.11692087710087251
65.3,0.014301234097405384,-0.033975064555951735,0.03150479059068672,-0.11951967186544718
65.31,0.014947458006241662,-0.034909447905512085,0.03228440035249763,-0.12207212471907584
65.32000000000001,0.015590218317599642,-0.03588793841910701,0.03305177149789274,-0.12457822625740414
65.33,0.016229414532921493,-0.03691256380473984,0.03380665410208577,-0.12703797988652507
65.34,0.016864941465692354,-0.03798527668037471,0.03454880288040408,-0.12945141941201702
65.35,0.017496689050210797,-0.039107942272445795,0.035277977184619225,-0.13181859908475757
65.36,0.01812454215907084,-0.040282333553164386,0.03599394099760982,-0.13413957459961612
65.37,0.018748380429750054,-0.04151013463553127,0.036696462932755185,-0.13641423342619025
65.38,0.019368078100443813,-0.04279293327717301,0.037385316238220896,-0.1386425730717177
65.39,0.019983503855506627,-0.04413221888721195,0.03806027879540347,-0.1408247117220146
65.4,0.020594520680781603,-0.045529381242991114,0.038721133108797545,-0.14296078159138595
65.41,0.021200985729044133,-0.04698570628004229,0.039367666291334855,-0.14505096174457802
65.42,0.021802750195767127,-0.04850237672948777,0.039999670046695746,-0.14709544515388215
65.43,0.02239965920534115,-0.05008046942198362,0.040616940649267894,-0.14909444863727714
65.44,0.02299155170795415,-0.05172095249459119,0.04121927892204396,-0.15104820845735067
65.45,0.023578260387330817,-0.05342468479573685,0.041806490212406476,-0.1529569828440775
65.46000000000001,0.024159611579442436,-0.05519241509894762,0.04237838436579251,-0.15482105098959661
65.47,0.024735425202389468,-0.05702477686785039,0.0429347756972907,-0.15664071141042046
65.48,0.02530551469779006,-0.058922286522316486,0.04347548296125926,-0.1584162821264586
65.49,0.02586968698384585,-0.060885343738980136,0.044000329318973797,-0.16014810120787826
65.5,0.02642774242014423,-0.06291423010320651,0.04450914230429331,-0.16183652616909325
65.51,0.026979474784275075,-0.06500910824313284,0.04500175378737474,-0.16348193378845524
65.52,0.02752467126036165,-0.06717002085656104,0.04547799993646821,-0.1650847196685296
65.53,0.0280631124395843,-0.06939689001699371,0.04593772117782962,-0.16664529788113672
65.54,0.028594572332761675,-0.07168951676271332,0.046380762153795115,-0.16816410044836327
65.55,0.02911881838332623,-0.0740479601126923,0.0468069716818015,-0.16964148816302524
65.56,0.02963561144549409,-0.07647307280651885,0.04721620269058195,-0.17107866395656623
65.57000000000001,0.03014470569121474,-0.07896658522782968,0.04760831209751181,-0.17247743590839218
65.58,0.030645848477728638,-0.08152960074224826,0.04798316065976885,-0.17383895282367967
65.59,0.031138780263518743,-0.08416210247560692,0.04834061284953369,-0.17516425112996445
65.6,0.03162323459972959,-0.08686382222639093,0.048680536759070664,-0.17645400047348878
65.61,0.03209893817757066,-0.0896337956560729,0.04900280402554921,-0.17770888936649767
65.62,0.03256561093546804,-0.09247039535639491,0.049307289742251195,-0.17893025203195254
65.63,0.03302296626953062,-0.09537015074081492,0.04959387226761389,-0.18012168736759107
65.64,0.03347071138781961,-0.09832830547336129,0.04986243287402316,-0.1812879493224224
65.65,0.0339085477587228,-0.10134028986784759,0.050112855315010967,-0.1824331378268382
65.66,0.034336171564332385,-0.10440189303072651,0.050345025417838744,-0.18356083797543152
65.67,0.03475327412220856,-0.10750923154839201,0.05055883073831753,-0.1846738607378718
65.68,0.0351595422764123,-0.110658660899203,0.05075416028322491,-0.18577439538341534
65.69,0.03555465876895277,-0.11384657603909903,0.05093090428651115,-0.18686437895713323
65.7,0.035938302601860615,-0.11706945580914206,0.05108895402235081,-0.18794535613147734
65.71000000000001,0.03631014939635579,-0.12032370978887401,0.051228201650773596,-0.18901860574294183
65.72,0.03666987177137464,-0.12360517334977836,0.0513485401223013,-0.19008417191413074
65.73,0.03701713978917917,-0.12690846762746635,0.05144986330010201,-0.1911371972681232
65.74,0.0373516214991182,-0.1302273408674008,0.05153206647730495,-0.19216865432907282
65.75,0.03767298355604459,-0.13355529297000576,0.05159504722403877,-0.193168641930793
65.76,0.037980891867766306,-0.13688583543553343,0.05163870637103663,-0.19412690114523945
65.77,0.03827501224188616,-0.14021263532020387,0.05166294900312695,-0.19503398496016705
65.78,0.0385550110237182,-0.14352938749946748,0.05166768542625886,-0.19588023455318723
65.79,0.03882055572397818,-0.14682996889073127,0.0516528320970301,-0.1966570256854427
65.8,0.03907131563104137,-0.15010844184355837,0.0516183124631928,-0.19735709892663728
65.81,0.039306962413278086,-0.1533587713410805,0.051564057767027105,-0.19797155218897805
65.82000000000001,0.03952717071560778,-0.1565751411933242,0.05149000781030357,-0.19849448301824651
65.83,0.03973161875698398,-0.15975141169850063,0.05139611162880578,-0.19891917176325308
65.84,0.039919988947412215,-0.16288118241302854,0.05128232816789082,-0.19923825376959503
65.85,0.04009196852854497,-0.1659579077169029,0.051148626923201844,-0.1994470489353215
65.86,0.04024725022448702,-0.16897510489775744,0.05099498846204345,-0.19954086155173106
65.87,0.04038553289049066,-0.17192634606146354,0.05082140489754996,-0.19951483263227696
65.88,0.04050652215660271,-0.17480523294851066,0.05062788034608595,-0.19936491824450292
65.89,0.040609931058523105,-0.177605693084996,0.05041443131753072,-0.19908804986135037
65.9,0.04069548064998813,-0.18032170616634002,0.050181087031812864,-0.19868146672982093
65.91,0.04076290060302328,-0.1829473466886045,0.04992788970394697,-0.19814231240243138
65.92,0.04081192979337803,-0.18547697807428298,0.04965489480730152,-0.19746839239812322
65.93,0.040842316865432486,-0.18790509970425687,0.04936217127324524,-0.19665857606992665
65.94,0.04085382078141605,-0.19022631070176976,0.049049801612439645,-0.19571214599362297
65.95,0.04084621136082541,-0.19243527504277286,0.04871788199423883,-0.19462840061328276
65.96000000000001,0.04081926981130642,-0.19452675962975394,0.04836652230766925,-0.19340694600137665
65.97,0.04077278923187534,-0.19649621530651282,0.04799584618005763,-0.19204825876408443
65.98,0.040706575077425804,-0.1983391811668155,0.047605990926155466,-0.1905534783778912
65.99,0.0406204456107976,-0.2000510144048224,0.047197107436246645,-0.18892410407153581
66.0,0.040514232351506856,-0.2016274089964716,0.046769360033707914,-0.18716162530038
66.01,0.04038778049131033,-0.20306470539241225,0.04632292630918243,-0.18526807517387098
66.02,0.04024094926326197,-0.20435949539614792,0.045857996903842756,-0.1832462732296669
66.03,0.040073612291836355,-0.20550816291267496,0.045374775233190494,-0.18109935997753282
66.04,0.03988565793597772,-0.20650748723791387,0.04487347717864963,-0.17883050324024427
66.05,0.03967698960433958,-0.20735464378276525,0.04435433077098623,-0.17644288703611977
66.06,0.03944752603823032,-0.20804696262987554,0.04381757586761679,-0.17393985044919003
66.07000000000001,0.03919720156701475,-0.20858216021259443,0.04326346381059585,-0.17132510058966535
66.08,0.03892596633392096,-0.20895818996326507,0.04269225705816927,-0.16860251351522898
66.09,0.03863378650011792,-0.20917307818355815,0.04210422879425318,-0.1657761750948336
66.1,0.038320644434803354,-0.20922503156405908,0.04149966251889996,-0.16285034379362825
66.11,0.037986538885750085,-0.20911255041257457,0.040878851627413254,-0.1598292357006695
66.12,0.03763148511852494,-0.2088345607784499,0.04024209898932969,-0.15671702916554378
66.13,0.03725551502088141,-0.20839024419571475,0.039589716526403605,-0.15351802289606134
66.14,0.03685867718204131,-0.20777891092129996,0.03892202477675318,-0.15023679595455156
66.15,0.03644103695978291,-0.20699989338508648,0.03823935243795717,-0.14687808433157876
66.16,0.036002676532380345,-0.20605289361608828,0.0375420358993824,-0.1434465427506762
66.17,0.03554369491917852,-0.20493802143354392,0.03683041878014837,-0.13994667327823426
66.18,0.03506420796785323,-0.203655574426302,0.03610485147348317,-0.13638306744351947
66.19,0.034564348315579634,-0.20220613175667976,0.03536569068585567,-0.13276044094891712
66.2,0.03404426533011594,-0.20059035052296234,0.03461329897057909,-0.12908343297017805
66.21000000000001,0.033504125033139175,-0.19880915587791737,0.03384804426030811,-0.12535676181241553
66.22,0.03294410999993436,-0.1968637586692588,0.03307029939992613,-0.1215850557868701
66.23,0.03236441923113307,-0.19475564540594986,0.03228044168489293,-0.11777285980479614
66.24,0.03176526799804278,-0.19248653331464552,0.031478852404169866,-0.1139247617353717
66.25,0.031146887663368962,-0.19005839054419976,0.030665916387187724,-0.11004520324286544
66.26,0.03050952547983145,-0.1874733516850878,0.029842021558682933,-0.10613857742947845
66.27,0.029853444369184336,-0.18473375905252024,0.029007558502552898,-0.10220915640278816
66.28,0.029178922681089535,-0.18184216875861195,0.02816292003674361,-0.09826107980506778
66.29,0.028486253932100435,-0.17880130659352259,0.02730850080031774,-0.09429838221111994
66.3,0.02777574652571019,-0.17561410393659801,0.026444696853041887,-0.09032494557064816
66.31,0.02704772345530716,-0.1722836090312351,0.02557190528703377,-0.08634457281548664
66.32000000000001,0.026302521992650426,-0.16881302156853592,0.0246905238491757,-0.08236094219852437
66.33,0.025540493362389293,-0.16520567744008938,0.02380095057498078,-0.07837761066022803
66.34,0.0247620024025064,-0.16146505519982224,0.0229035834351936,-0.07439799632246552
66.35,0.023967427209399768,-0.15759481720585938,0.021998819997523154,-0.07042532671644307
66.36,0.02315715876924962,-0.15359868671357108,0.02108705710295029,-0.06646275083440785
66.37,0.02233160057781051,-0.1494805489215456,0.02016869055548162,-0.0625132296117072
66.38,0.02149116824761994,-0.14524440099583233,0.019244114827291863,-0.05857957629532447
66.39,0.020636289102699525,-0.14089436506282052,0.018313722780083027,-0.05466443516303894
66.4,0.01976740176103598,-0.13643469040772563,0.01737790540322632,-0.05077027138183027
66.41,0.018884955706186982,-0.13186969816982938,0.016437051568133666,-0.04689941874878087
66.42,0.017989410850419784,-0.127203790638052,0.015491547797219288,-0.04305406295593223
66.43,0.01708123709044205,-0.12244143743207599,0.014541778047087684,-0.039236249758813034
66.44,0.016160913856285375,-0.11758717386841172,0.01358812350600101,-0.035447880658025295
66.45,0.015228929654011009,-0.11264559084733458,0.012630962405922635,-0.03169070491425937
66.46000000000001,0.014285781602918152,-0.10762133019763037,0.011670669849150477,-0.027966334650908375
66.47,0.013331974967921259,-0.10251907710213558,0.010707617648708687,-0.02427625285152881
66.48,0.012368022687818394,-0.09734355198961661,0.009742174181961393,-0.020621807759298918
66.49,0.011394444900061258,-0.09209950851582177,0.008774704257418891,-0.017004217645360354
66.5,0.010411768462493967,-0.08679172715304236,0.007805568994575114,-0.013424572398644165
66.51,0.009420526472666958,-0.08142500757668442,0.006835125716508538,-0.009883837055303915
66.52,0.008421257785390018,-0.07600416318340304,0.005863727854929436,-0.006382855066249819
66.53,0.007414506529135315,-0.07053401515421753,0.004891724867321614,-0.0029223520758180433
66.54,0.0064008216218637585,-0.06501938678644273,0.00391946216581038,0.0004970602704672103
66.55,0.005380756286954725,-0.05946509452896027,0.002947281057370665,0.0038748804630639377
66.56,0.004354867569806717,-0.05387594728168694,0.0019755186949498033,0.007210712234788171
66.57000000000001,0.003323715855531956,-0.04825673993165873,0.0010045080390378382,0.010504259428149042
66.58,0.0022878643882907478,-0.042612246410195384,3.4577829241656717e-05,0.013755322269922165
66.59,0.0012478787927122338,-0.03694722060850367,-0.0009339474344651403,0.016963796101923882
66.6,0.0002043265977256482,-0.03126638895831209,-0.0019007475011650976,0.020129665283477715
66.61,-0.000842223236652733,-0.02557444418661013,-0.0028655063695817527,0.023252997936271703
66.62,-0.0018912007890074418,-0.019876041428851052,-0.0038279122803335564,0.02633394172339308
66.63,-0.0029420356422260856,-0.014175793447105057,-0.004787657700305972,0.02937271918295344
66.64,-0.003994157344662148,-0.00847826276675087,-0.0057444392996464375,0.032369621573877114
66.65,-0.005046995866281414,-0.0027879617971448044,-0.006697957921840103,0.035325006689279556
66.66,-0.006099982049606841,0.002890648379111195,-0.007647918547203027,0.03823929549162963
66.67,-0.00715254805518705,0.008553164842687932,-0.008594030250193828,0.04111296626649794
66.68,-0.008204127801104417,0.014195246773327418,-0.009536006151033675,0.04394655019629672
66.69,-0.00925415739610007,0.019812618898103606,-0.01047356336209299,0.046740627166502575
66.7,-0.010302075565953962,0.025401074943578714,-0.011406422929466371,0.04949582160193755
66.71000000000001,-0.011347324072792571,0.030956480877064024,-0.012334309770150697,0.0522127984089476
66.72,-0.012389348126923364,0.036474780421992495,-0.013256952604604655,0.054892279323677344
66.73,-0.013427596790570581,0.04195200507740847,-0.01417408388301145,0.057535073981732354
66.74,-0.014461523373289015,0.04738426256884055,-0.015085439706866486,0.06014196755234525
66.75,-0.015490585819425216,0.05276773601879405,-0.01599075975007109,0.06271374374812484
66.76,-0.016514247087503726,0.05809869511767321,-0.016889787179567173,0.06525121868259663
66.77,-0.01753197552085168,0.06337350177016754,-0.017782268574108365,0.06775521850406964
66.78,-0.0185432452091096,0.06858860638875185,-0.018667953841296964,0.0702265888818475
66.79,-0.01954753634059462,0.07374055113791225,-0.01954659613313232,0.07266618652783648
66.8,-0.020544335545294674,0.07882597416598641,-0.020417951760391278,0.07507487668138457
66.81,-0.021533136228185087,0.08384161104530106,-0.021281780106235673,0.07745352937170631
66.82000000000001,-0.0225134388926867,0.08878429613218898,-0.022137843539375437,0.07980301626249027
66.83,-0.02348475145451605,0.09365095169498129,-0.02298590732717092,0.08212420553714024
66.84,-0.024446589546069143,0.0984386013993563,-0.02382573954893478,0.08441796366032125
66.85,-0.025398476810698248,0.10314437504356423,-0.02465711100946436,0.08668515460079569
66.86,-0.026339945186511823,0.10776550324338341,-0.025479795149821915,0.08892673738553383
66.87,-0.027270535179571655,0.11229932733748935,-0.026293567952181122,0.09114371385812221
66.88,-0.028189796126041132,0.11674330117689247,-0.027098207845044214,0.09333694438175984
66.89,-0.029097286443098613,0.12109498782742405,-0.027893495616062344,0.09550724175928174
66.9,-0.029992573868755958,0.12535206019164719,-0.02867921432975409,0.09765542729042245
66.91,-0.03087523569055197,0.1295123036802653,-0.029455149246270407,0.09978230556163492
66.92,-0.03174485896298119,0.13357361615750482,-0.03022108774182384,0.10188864864785774
66.93,-0.03260104071360364,0.13753400812715508,-0.030976819231979504,0.10397519879914503
66.94,-0.033443388137824714,0.14139160314431704,-0.03172213509769096,0.1060426781046806
66.95,-0.0342715187823125,0.14514463821640658,-0.03245682861375268,0.1080917818726894
66.96000000000001,-0.03508506071701904,0.14879146408426946,-0.033180694879761705,0.11012318009216036
66.97,-0.03588365269581146,0.15233054458561152,-0.03389353075372191,0.11213751488529718
66.98,-0.03666694430572654,0.15576045713676623,-0.03459513478839042,0.11413540042949703
66.99,-0.03743459610479723,0.15907989424476923,-0.03528530717045109,0.1161174218769219
67.0,-0.03818627974838442,0.16228766280029608,-0.03596384966260922,0.11808413441138767
67.01,-0.038921678104050846,0.16538268324535774,-0.0366305655486951,0.12003606250498221
67.02,-0.039640485355017,0.16836399024431276,-0.03728525958185004,0.12197369922981574
67.03,-0.04034240709219694,0.1712307324255613,-0.03792773793585939,0.1238975056655205
67.04,-0.04102716039483212,0.17398217181176848,-0.03855780815968965,0.1258079105278176
67.05,-0.0416944738997708,0.17661768350419724,-0.0391752791352681,0.12770530977906808
67.06,-0.04234408785943923,0.17913675522660147,-0.03977996103854196,0.12959006635467263
67.07000000000001,-0.04297575418854904,0.18153898684221828,-0.04037166530384357,0.131462509946463
67.08,-0.04358923649959856,0.18382408978831546,-0.040950204591579505,0.13332293686800403
67.09,-0.04418431012722433,0.18599188645688622,-0.04151539275926165,0.1351716099850379
67.1,-0.04476076214147109,0.18804230950724335,-0.042067044835879315,0.13700875871544166
67.11,-0.04531839135005324,0.1899754011176759,-0.042604976999617926,0.1388345790924257
67.12,-0.045857008289684614,0.19179131217225476,-0.0431290065589114,0.1406492338901897
67.13,-0.046376435206563996,0.19349030138431086,-0.0436389519368201,0.14245285280844788
67.14,-0.046876506026107045,0.1950727343553862,-0.04413463265870986,0.1442455327137455
67.15,-0.047357066312021426,0.19653908256973399,-0.04461586934321104,0.14602733793474848
67.16,-0.04781797321483197,0.19788992232401492,-0.04508248369642597,0.1477983006090419
67.17,-0.04825909540996303,0.19912593359219039,-0.04553429850934895,0.14955842107885356
67.18,-0.048680313025499175,0.20024789882565133,-0.04597113765845885,0.15130766833317322
67.19,-0.04908151756098502,0.2012566614708911,-0.04639282610882772,0.15304600030516227
67.2,-0.049462611815354315,0.20215260668153454,-0.04679918991075697,0.15477362233407974
67.21000000000001,-0.04982350983653578,0.2029361099541769,-0.04719005618449988,0.15649073653673193
67.22,-0.05016413688743739,0.2036073222292579,-0.047565253139694036,0.158196266742041
67.23,-0.05048442942861557,0.20416621614875854,-0.04792461016330253,0.15988896431793004
67.24,-0.05078433512930065,0.2046122699867283,-0.0482679579151889,0.16156842830295548
67.25,-0.05106381296063754,0.20494319890449675,-0.04859512828833969,0.16323739860015005
67.26,-0.051322833380364925,0.20515688899825452,-0.04890595417587127,0.16489930812868453
67.27,-0.05156137852477801,0.2052518451235568,-0.04920026916451591,0.16655685257882263
67.28,-0.05177944233226601,0.20522769088664386,-0.04947790725947338,0.16821244817266884
67.29,-0.05197703056794137,0.2050850710956999,-0.04973870267050121,0.16986744619093772
67.3,-0.05215416077037789,0.20482480982100906,-0.049982489666634676,0.171522855591193
67.31,-0.05231086215846733,0.20444808563151948,-0.050209102470527366,0.17317963133294104
67.32000000000001,-0.052447175501837556,0.20395657728359837,-0.050418375175978074,0.17483828354949965
67.33,-0.052563152967387824,0.20335171425296608,-0.05061014172300984,0.1764982031756974
67.34,-0.05265885799886804,0.20263393894849638,-0.05078423606611159,0.1781545969921211
67.35,-0.05273436526416463,0.20180324186773257,-0.05094049268990635,0.17979882543071624
67.36,-0.052789760643514635,0.20085964441596083,-0.05107874742253181,0.18142143515528517
67.37,-0.05282514121541753,0.19980348519277188,-0.051198838371491015,0.18301276975336098
67.38,-0.052840615211554365,0.19863558359150268,-0.05130060686185614,0.18456394228782805
67.39,-0.052836301929308986,0.19735716549662374,-0.051383898340259464,0.18606607165372663
67.4,-0.052812331602526325,0.19596985738459044,-0.05144856324192961,0.18751097176666492
67.41,-0.052768845237865646,0.19447550481725118,-0.05149445777985844,0.18889186347993525
67.42,-0.05270599442854797,0.1928760838748644,-0.05152144469546226,0.1902005186929447
67.43,-0.05262394115483272,0.1911736565502049,-0.05152939399498308,0.19143058867199753
67.44,-0.05252285758121967,0.1893701749694025,-0.051518183607008716,0.19257620026278519
67.45,-0.05240292586081154,0.18746748502279986,-0.05148770001321193,0.19363038451568512
67.46000000000001,-0.05226433794277231,0.18546757765647798,-0.0514378388587249,0.19458828116200333
67.47,-0.052107295368567834,0.18337264845822823,-0.05136850546120686,0.19544563915047353
67.48,-0.051932009051492554,0.18118501977571722,-0.05127961526552086,0.19619764485795632
67.49,-0.05173869903934635,0.17890723173234152,-0.05117109430282246,0.1968398516649941
67.5,-0.05152759425647668,0.1765420696001305,-0.051042879608747746,0.19736891025960868
67.51,-0.051298932227624786,0.17409238251415013,-0.050894919573678046,0.19778168095835078
67.52,-0.05105295878942274,0.1715611664570047,-0.05072717426407328,0.1980749232883663
67.53,-0.05078992778806155,0.16895159547105912,-0.05053961573230575,0.19824579584025206
67.54,-0.05051010076564406,0.16626683711126025,-0.050332228282819864,0.19829229782097546
67.55,-0.0502137466366888,0.1635102801396683,-0.05010500867590311,0.198212848668159
67.56,-0.049901141357334686,0.1606852058146847,-0.04985796629918119,0.19800570280166185
67.57000000000001,-0.04957256759301335,0.15779498131495842,-0.04959112333642594,0.19766919638843003
67.58,-0.04922831436739304,0.1548435176684793,-0.04930451490985525,0.19720249884254154
67.59,-0.0488686766874726,0.15183457922599253,-0.04899818916144743,0.196605369404326
67.6,-0.048493955173331126,0.14877167175763648,-0.048672207285918825,0.19587765621685466
67.61,-0.048104455698457935,0.14565847128820933,-0.048326643549256754,0.19501915538905723
67.62,-0.0477004890159227,0.14249901114410393,-0.04796158529628223,0.19403004426663858
67.63,-0.0472823703594339,0.1392974629074693,-0.047577132916888656,0.19291126151203744
67.64,-0.04685041903933157,0.1360577176956541,-0.047173399755932564,0.19166410862020436
67.65,-0.0464049580525075,0.1327835806860542,-0.04675051198627269,0.19029001242228025
67.66,-0.04594631369376932,0.12947913235512304,-0.046308608467581974,0.18879042743980992
67.67,-0.04547481515735563,0.126148391510653,-0.045847840599096704,0.1871668799762712
67.68,-0.044990794134943154,0.12279541777301042,-0.04536837216078087,0.18542113878983962
67.69,-0.044494584412454574,0.1194242883649758,-0.04487037913273901,0.1835552429118691
67.7,-0.043986521466389344,0.1160390460326274,-0.04435404949181882,0.18157138238161674
67.71000000000001,-0.04346694206785686,0.11264353215919916,-0.04381958298884132,0.1794719598901706
67.72,-0.0429361838995832,0.10924151616440231,-0.04326719090849862,0.1772595025395651
67.73,-0.04239458518037906,0.10583677364375145,-0.042697095818390346,0.17493655383305862
67.74,-0.04184248428873731,0.10243314817758292,-0.042109531313764346,0.17250568996035714
67.75,-0.04128021938435242,0.0990344414289014,-0.04150474175649039,0.16996961057342203
67.76,-0.04070812803480038,0.09564431469200911,-0.04088298199983953,0.16733125631771825
67.77,-0.04012654685817939,0.09226616667086456,-0.040244517093358384,0.16459374755282716
67.78,-0.03953581118379985,0.08890332417957357,-0.03958962197176698,0.1617602801490548
67.79,-0.03893625471992081,0.08555917156574697,-0.03891858113877384,0.1588339785948657
67.8,-0.03832820922183516,0.082237038181101,-0.038231688352691674,0.15581797464797226
67.81,-0.03771200416437438,0.07894016351037865,-0.0375292463058127,0.15271563600564675
67.82000000000001,-0.037087966425871775,0.07567159673955541,-0.03681156629245268,0.14953031503444428
67.83,-0.03645641998746065,0.07243425397535114,-0.03607896787021878,0.14626545686306655
67.84,-0.03581768564490318,0.06923098169042463,-0.035331778514032686,0.14292460250353253
67.85,-0.03517208072881503,0.06606455212771555,-0.034570333265461266,0.13951123194020834
67.86,-0.03451991883278555,0.06293764604606003,-0.033794974379742444,0.1360289359444726
67.87,-0.03386150954955177,0.05985287780621805,-0.03300605096913362,0.13248128599131687
67.88,-0.033197158216365895,0.05681272933503047,-0.03220391864545043,0.1288718396021174
67.89,-0.03252716567233556,0.05381954919478119,-0.0313889391636123,0.12520415621616354
67.9,-0.03185182802809747,0.050875584693180216,-0.030561480066983126,0.12148174284536967
67.91,-0.031171436447687488,0.047982935165122885,-0.029721914335499415,0.11770809877446665
67.92,-0.030486276943577816,0.045143574558455905,-0.028870620036493422,0.11388668197911446
67.93,-0.029796630184323245,0.04235936313593372,-0.028007979979532645,0.11002089133642742
67.94,-0.029102771315658155,0.03963198671655482,-0.027134381375222758,0.1061141181937148
67.95,-0.028404969797170918,0.036962977296899985,-0.026250215496590287,0.10216972004128215
67.96000000000001,-0.027703489254746118,0.034353712718363454,-0.02535587734350941,0.09819101469336776
67.97,-0.0269985873483268,0.03180541817706305,-0.024451765311171752,0.09418127414004851
67.98,-0.02629051565296028,0.02931922991558373,-0.02353828086507404,0.09014365785212075
67.99,-0.02557951955366961,0.026896074494937246,-0.022615828222474696,0.08608132507722069
68.0,-0.024865838155794042,0.02453676781666805,-0.021684814039165598,0.08199733534677475
68.01,-0.024149704209203,0.022241985389587333,-0.020745647103440887,0.07789467496606074
68.02,-0.02343134404531267,0.020012281068072475,-0.019798738038547262,0.07377623653853788
68.03,-0.022710977526234657,0.017848097660261707,-0.018844499014466134,0.06964480729411245
68.04,-0.021988818006694763,0.01574971710467018,-0.01788334346855125,0.06550311629750791
68.05,-0.021265072310395927,0.013717279033568255,-0.016915685833492615,0.06135381594130419
68.06,-0.020539940721111576,0.011750773619067354,-0.015941941272373642,0.05719948884297304
68.07000000000001,-0.019813616988302776,0.009850047679895389,-0.014962525421018686,0.05304264243632649
68.08,-0.019086288347098527,0.008014804529966633,-0.013977854137719311,0.048885710135473534
68.09,-0.01835813555242223,0.006244607312772094,-0.012988343260449071,0.04473104961165686
68.1,-0.01762933292703388,0.0045388809437436235,-0.011994408371621438,0.04058094289497252
68.11,-0.016900048423237987,0.002896915083771995,-0.01099646457043708,0.036437595924866964
68.12,-0.01617044369796669,0.0013178672326212338,-0.009994926252833604,0.032303138721589734
68.13,-0.015440674200905634,-0.00019923329243903834,-0.008990206899033178,0.028179625576519672
68.14,-0.014710889275358689,-0.001655483987864845,-0.0079827188686583,0.024069035571331897
68.15,-0.01398123227158612,-0.003052105404943417,-0.006972873203373116,0.019973273081907644
68.16,-0.013251840672264906,-0.0043904367434976915,-0.005961079436991185,0.015894168628829048
68.17,-0.012522846229666214,-0.005671932257564927,-0.004947745412969512,0.011833479764126369
68.18,-0.011794375114158127,-0.006898157128064962,-0.003933277109193825,0.007792892166862096
68.19,-0.011066548073629858,-0.00807078337990434,-0.00291807846994617,0.003774020828908137
68.2,-0.0103394806034201,-0.009191585567881869,-0.001902551244936457,-0.00022158863526278576
68.21000000000001,-0.009613283126319599,-0.010262436385499486,-0.000887094835264501,-0.004192458587956014
68.22,-0.008888061182204199,-0.011285302133464688,0.00012789385382656933,-0.008137177883334129
68.23,-0.00816391562684609,-0.012262238094907561,0.001142020553554953,-0.012054400311424195
68.24,-0.00744094283943713,-0.013195383807775433,0.0021548937657179554,-0.01594284298471041
68.25,-0.006719234938351659,-0.014086958253368394,0.0031661248904871096,-0.01980128467705365
68.26,-0.00599888000466588,-0.014939254962251135,0.004175328348041511,-0.023628564129479224
68.27,-0.005279962312935959,-0.015754636731037486,0.005182121694216045,-0.027423578289557812
68.28,-0.0045625625686765816,-0.016535529217532617,0.0061861257303467525,-0.03118528014025607
68.29,-0.003846758152044904,-0.01728441826599081,0.007186964607699482,-0.034912670720212015
68.3,-0.003132623367317877,-0.018003845243227914,0.008184265926756851,-0.03860480457044599
68.31,-0.0024202296976969066,-0.0186964008675829,0.009177660831154105,-0.04226079301165421
68.32000000000001,-0.0017096460648572565,-0.019364719439700757,0.010166784096209414,-0.04587979697665543
68.33,-0.0010009390926217247,-0.02001147156575399,0.011151274212422235,-0.04946102431382758
68.34,-0.00029417337419565645,-0.02063936133034823,0.012130773464190421,-0.05300373042986251
68.35000000000001,0.00041058825746406253,-0.0212511215169023,0.013104928003852724,-0.056507215813798896
68.36,0.0011132844565304259,-0.021849510707312877,0.014073387921252647,-0.0599708233179141
68.37,0.0018138550888784468,-0.02243730669002635,0.015035807309029191,-0.0633939372305882
68.38,0.0025122409549315234,-0.02301729993563907,0.01599184432377193,-0.06677598185480374
68.39,0.003208383511370715,-0.02359228900750889,0.016941161243178363,-0.0701164200736753
68.4,0.0039022245923201154,-0.02416507218728509,0.017883424519341388,-0.07341475248803964
68.41,0.004593706130515148,-0.024738447160189563,0.01881830482830694,-0.07667051520150939
68.42,0.005282769878764095,-0.02531520696591519,0.019745477116066074,-0.07988327853616807
68.43,0.005969357132128969,-0.025898132772552603,0.02066462064110927,-0.08305264621597838
68.44,0.006653408451399625,-0.026489989365832304,0.02157541901364839,-0.08617825420442549
68.45,0.007334863388371258,-0.027093520315954658,0.022477560231612303,-0.08925976962266745
68.46000000000001,0.00801366021339423,-0.02771144343853796,0.02337073671352707,-0.09229688970298247
68.47,0.008689735645647482,-0.028346446236147776,0.024254645328384034,-0.09528934081350629
68.48,0.009363024586591008,-0.02900118148430921,0.025128987422592584,-0.09823687753144782
68.49,0.01003345985710588,-0.029678260487595122,0.025993468844108056,-0.10113928185261062
68.5,0.010700971939003307,-0.030380244341064136,0.02684779996384842,-0.10399636139718729
68.51,0.0113654887212603,-0.031109650468205748,0.027691695694477443,-0.10680795024358967
68.52,0.012026935251124214,-0.0318689433440361,0.02852487550658556,-0.1095739077177562
68.53,0.012685233490357647,-0.03266053655034131,0.029347063442328788,-0.11229411765250871
68.54,0.01334030207684871,-0.03348678819767975,0.030157988126609483,-0.11496848777737158
68.55,0.01399205609206528,-0.034349991417940526,0.030957382777507564,-0.11759689601143306
68.56,0.01464040683485526,-0.035252375737945194,0.03174498521742517,-0.12017922962922387
68.57000000000001,0.015285261601576044,-0.03619611091982494,0.03252053788201602,-0.1227154516750136
68.58,0.015926523472882988,-0.03718328871958805,0.03328378782418686,-0.1252055575358405
68.59,0.016564091108124356,-0.038215920247751736,0.03403448671441558,-0.12764956091704638
68.60000000000001,0.01719785854765151,-0.039295942519406754,0.0347723908386667,-0.13004750270196258
68.61,0.01782771502320337,-0.04042520327757687,0.03549726109394973,-0.1323994441514072
68.62,0.018453544777013577,-0.04160546011046798,0.036208862982851184,-0.13470542963267604
68.63,0.01907522688994575,-0.042838382074693544,0.03690696661331137,-0.13696534803993576
68.64,0.019692635118814982,-0.044125541896428686,0.03759134670215531,-0.1391792263604715
68.65,0.020305637743270676,-0.04546841509374712,0.03826178257173998,-0.14134719296791035
68.66,0.020914097422501405,-0.0468683778564982,0.038918058138594405,-0.14346938473963136
68.67,0.021517871061989144,-0.048326703382646434,0.03955996189813664,-0.14554598693993084
68.68,0.022116809690515882,-0.04984456233831193,0.04018728690651237,-0.14757719505562614
68.69,0.022710758347558365,-0.051423020032824854,0.04079983076019532,-0.14956322956553036
68.7,0.023299555981278863,-0.053063033747375,0.0413973955735833,-0.15150432910990985
68.71000000000001,0.02388303535731001,-0.05476545226984031,0.041979787954524374,-0.15340075422784985
68.72,0.024461022978439773,-0.056531014819292014,0.04254681897777654,-0.15525278561557132
68.73,0.025033339015406622,-0.058360346009649046,0.043098304156452084,-0.157060722916267
68.74,0.02559979724912871,-0.06025395427711612,0.04363406341153373,-0.15882488478776297
68.75,0.026160205024530453,-0.062212232087111526,0.04415392103946466,-0.160545609459954
68.76,0.026714363216023312,-0.0642354546202729,0.04465770567780895,-0.16222325410797234
68.77,0.027262066204721772,-0.06632377889876512,0.045145250269006905,-0.16385819468605387
68.78,0.027803101867491894,-0.06847724284085809,0.04561639202226114,-0.1654508254859106
68.79,0.02833725157791119,-0.07069576457544763,0.04607097237358865,-0.16700155878812564
68.8,0.02886429021914406,-0.07297914389916678,0.046508836944103925,-0.16851082363514572
68.81,0.02938398619571798,-0.07532748210563112,0.04692983549916474,-0.16997898278910342
68.82000000000001,0.029896101408579685,-0.0777416651202318,0.04733382188309934,-0.17140728561509505
68.83,0.03040039116011557,-0.080223404919799,0.04772065389495898,-0.1727975163574702
68.84,0.030896604024520602,-0.08277372117317405,0.048090193141064504,-0.17415078738435363
68.85000000000001,0.03138448176887307,-0.08539257547532016,0.048442304913225695,-0.17546811094697676
68.86,0.031863759347943,-0.08807967647036755,0.04877685809634732,-0.1767501369310718
68.87,0.03233416495397891,-0.09083403201160718,0.04909372509400946,-0.1779975765403296
68.88,0.03279542013662807,-0.09365365887439488,0.04939278172395141,-0.17921224979330805
68.89,0.033247240044682415,-0.09653465903465137,0.049673906985181183,-0.18039832257259367
68.9,0.03368933380939722,-0.09947224548897123,0.04993698266855145,-0.18156056895785272
68.91,0.03412140499904869,-0.10246196960583438,0.0501818929166306,-0.18270293131775142
68.92,0.03454315206247838,-0.10549976352642376,0.05040852382955539,-0.18382880415984076
68.93,0.03495426873876108,-0.10858182790223334,0.05061676313616297,-0.1849408759366438
68.94,0.03535444443844043,-0.11170460818483188,0.05080649992945,-0.18604123150064816
68.95,0.035743364605516595,-0.11486460661723742,0.05097762445471007,-0.18713166688967792
68.96000000000001,0.03612071107049942,-0.11805836366630654,0.05113002793388193,-0.18821365339160143
68.97,0.03648616240395535,-0.12128230238828733,0.05126360242209401,-0.18928832406016588
68.98,0.03683939429769788,-0.12453210957381061,0.05137824074529345,-0.19035493442639637
68.99,0.03718008002428705,-0.12780218438353322,0.05147383670220892,-0.19140739657823078
69.0,0.03750789099619598,-0.13108622517362864,0.05155028567752664,-0.19243605079169307
69.01,0.03782249738953786,-0.13437778075597648,0.0516074855497865,-0.19343082335415254
69.02,0.038123568787917055,-0.13767043183420444,0.05164533769807601,-0.19438138811726643
69.03,0.03841077482290165,-0.1409579085868888,0.05166374800316534,-0.19527826849275332
69.04,0.038683785805883275,-0.14423395570648676,0.051662627820364335,-0.19611170718422474
69.05,0.03894227334767911,-0.14749259097589226,0.05164189489590582,-0.19687368242413247
69.06,0.039185910964711364,-0.15072781523435327,0.05160147420335277,-0.19755616666329512
69.07000000000001,0.039414374676469736,-0.15393375861551561,0.051541298752943554,-0.1981509078208291
69.08,0.03962734359411361,-0.15710463667685884,0.051461310327352114,-0.1986524012011835
69.09,0.039824500516078866,-0.16023421313445907,0.05136146015577256,-0.19905288916645883
69.10000000000001,0.040005532545896824,-0.16331619494936747,0.05124170960272384,-0.19934598421459318
69.11,0.0401701317297252,-0.16634402498281356,0.051102030774999786,-0.19952720111167116
69.12,0.040317995702859225,-0.16931130856626694,0.050942407022820865,-0.1995915622565348
69.13,0.04044882833305734,-0.17221165752766743,0.05076283341944549,-0.1995343587061049
69.14,0.040562340357461216,-0.17503877096100617,0.05056331720678967,-0.1993518685846687
69.15,0.04065825000560071,-0.17778664897123764,0.050343878161981374,-0.19904118100473978
69.16,0.04073628360442223,-0.18044933049679865,0.05010454890233347,-0.19859945148292016
69.17,0.04079617617054732,-0.1830210072630408,0.04984537516614558,-0.19802399391531883
69.18,0.040837671985991766,-0.18549613149772146,0.04956641605964006,-0.19731292406151033
69.19,0.04086052515485469,-0.1878692512674466,0.04926774423417118,-0.19646523280143965
69.2,0.04086450014547036,-0.19013505959842902,0.048949445992178806,-0.1954803066908506
69.21000000000001,0.04084937232436094,-0.19228821583835407,0.04861162135989544,-0.19435741697064207
69.22,0.04081492847890705,-0.19432369994045268,0.04825438413451489,-0.193096594218669
69.23,0.040760967305407736,-0.19623711598416574,0.0478778618808645,-0.19169836465003678
69.24,0.040687299864158935,-0.19802392685480094,0.04748219586011827,-0.19016417804944133
69.25,0.04059375002980173,-0.19967956930990474,0.04706754089944564,-0.18849560341744734
69.26,0.04048015493120008,-0.2011999456582207,0.046634065237833165,-0.18669420032383063
69.27,0.04034636534926251,-0.20258158706515314,0.046181950343587755,-0.18476238510599646
69.28,0.04019224607546843,-0.20382098829115067,0.04571139067428867,-0.18270307456572324
69.29,0.0400176762602143,-0.20491462419259204,0.04522259338680264,-0.1805194550079769
69.3,0.03982254974743754,-0.20585946388638235,0.044715778024790605,-0.1782146911054
69.31,0.039606775377893845,-0.20665270894159635,0.04419117620073077,-0.1757919878414939
69.32000000000001,0.03937027726254489,-0.20729183615704289,0.043649031268285746,-0.1732548127875682
69.33,0.03911299502873865,-0.20777460980398535,0.043089597971380386,-0.17060694277089788
69.34,0.038834884038896234,-0.2080990441028431,0.0425131420679582,-0.1678523125695163
69.35000000000001,0.038535915590023645,-0.20826318596385165,0.041919939932916477,-0.16499508147798644
69.36,0.0382160770994429,-0.2082653120059342,0.041310278144146215,-0.16203949609079876
69.37,0.037875372267602715,-0.20810404884441971,0.04068445306212112,-0.158989729229518
69.38,0.037513821207581115,-0.2077783913182306,0.04004277040986486,-0.15585000413983008
69.39,0.037131460541791325,-0.20728757996737207,0.039385544846718704,-0.1526247119519906
69.4,0.03672834347815883,-0.2066308880894746,0.038713099525494836,-0.14931848169606743
69.41,0.036304539875560246,-0.2058077238504825,0.03802576563126199,-0.14593604984988612
69.42,0.035860136289101195,-0.20481790859211904,0.03732388191454376,-0.1424820101017046
69.43,0.03539523598162577,-0.20366160755682705,0.03660779423259581,-0.1389608544204253
69.44,0.03490995890376545,-0.202339188108953,0.03587785509280886,-0.13537726039057227
69.45,0.03440444165108496,-0.20085121383321874,0.035134423188906604,-0.1317359074406192
69.46000000000001,0.03387883740304164,-0.19919839206286938,0.034377862934124974,-0.1280414514081333
69.47,0.03333331584205309,-0.19738171706379387,0.033608543993375824,-0.12429861784616163
69.48,0.032768063046400064,-0.1954024781708394,0.03282684081767764,-0.12051196269860741
69.49,0.03218328135652904,-0.19326216960952983,0.03203313218372174,-0.1166861024505015
69.5,0.03157918921560515,-0.19096260216783117,0.031227800737132928,-0.11282554579852828
69.51,0.030956020985607628,-0.18850574065671374,0.03041123254197859,-0.10893473273286805
69.52,0.030314026743369988,-0.1858937500697158,0.029583816638342565,-0.10501802083235523
69.53,0.029653472056956107,-0.1831290132911362,0.02874594460964035,-0.10107962791448476
69.54,0.028974637741663492,-0.18021409662638072,0.027898010161707378,-0.0971236670982795
69.55,0.028277819596934064,-0.17715175221669624,0.027040408713754405,-0.09315412410851891
69.56,0.02756332812511667,-0.17394490590773704,0.02617353700155819,-0.08917485925816004
69.57000000000001,0.02683148823413254,-0.17059660883459463,0.02529779269221133,-0.08518964073415604
69.58,0.02608263892619396,-0.16711005318250866,0.024413574009548886,-0.0812021184085064
69.59,0.025317132972783606,-0.16348857169466993,0.02352127937123036,-0.07721581246936064
69.60000000000001,0.0245353365747617,-0.15973566511871226,0.022621307039743875,-0.07323407525215483
69.61,0.02373762900751709,-0.1558549616274436,0.021714054788517817,-0.06926012103607318
69.62,0.02292440225359651,-0.15185018556016971,0.020799919581762732,-0.06529704757779489
69.63,0.022096060623440127,-0.14772521322422213,0.01987929726838411,-0.06134777130521383
69.64,0.021253020363379706,-0.14348403126318196,0.018952582291737456,-0.0574150598383241
69.65,0.020395709251165062,-0.13913075913979656,0.01802016741584303,-0.05350150149207401
69.66,0.019524566179647977,-0.13466961964737972,0.017082443468253265,-0.04960952692802468
69.67,0.018640040730569712,-0.130104908833456,0.016139799098404226,-0.04574143187091403
69.68,0.01774259274040698,-0.12544099975302664,0.015192620550240989,-0.0418993662784226
69.69,0.016832691859002942,-0.12068233234992307,0.014241291449043677,-0.03808533942422175
69.7,0.015910817101546328,-0.11583340922084098,0.013286192602659487,-0.034301211967947394
69.71000000000001,0.014977456394578533,-0.11089878700362804,0.012327701817375237,-0.030548697673473967
69.72,0.01403310611669179,-0.10588307154812984,0.011366193727997529,-0.026829379875110547
69.73,0.013078270634614168,-0.10079090874464249,0.01040203964135094,-0.023144709379264362
69.74,0.012113461835354404,-0.09562698046280474,0.009435607393003236,-0.019496003167670927
69.75,0.011139198654918853,-0.09039600054439978,0.008467261217180114,-0.015884449252327574
69.76,0.01015600660412473,-0.085102707219062,0.007497361629625067,-0.012311108143240488
69.77,0.009164417292162079,-0.07975185681188134,0.006526265323116849,-0.008776916759842584
69.78,0.008164967948533136,-0.07434821813422803,0.005554325075314123,-0.00528269162197087
69.79,0.007158200943954708,-0.06889656678080638,0.004581889668570788,-0.0018291327342315536
69.8,0.00614466331081685,-0.06340167848673699,0.0036093038213523073,0.0015831726664343527
69.81,0.0051249062638659545,-0.0578683218846939,0.0026369081308558486,0.004953745981169299
69.82000000000001,0.004099484721590965,-0.05230125870166008,0.0016650390264004457,0.008282212314238117
69.83,0.0030689568287748143,-0.04670523345435864,0.000694028733110067,0.011568294980869268
69.84,0.0020338834807500515,-0.041084972295957055,-0.0002757947545012928,0.014811814338203713
69.85000000000001,0.0009948278497065514,-0.035445180304383504,-0.0012441076893412288,0.0180126839299575
69.86,-4.7645086534698036e-05,-0.029790533346107047,-0.002210590579370697,0.021170904408514653
69.87,-0.001092969012697757,-0.024125673854037886,-0.0031749281865594598,0.02428655909350382
69.88,-0.002140576740668022,-0.018455206169719962,-0.004136809517642916,0.027359809458090956
69.89,-0.0031899006700863747,-0.012783691589256558,-0.0050959278071347125,0.030390890325646406
69.9,-0.004240373244350397,-0.007115640830234165,-0.006051980493103536,0.03338010393446949
69.91,-0.005291427401643873,-0.0014555168166731761,-0.007004669186127368,0.03632781895532036
69.92,-0.006342497020847613,0.004192269679393539,-0.00795369963175318,0.03923446551088253
69.93,-0.007393017361960325,0.009823366570061763,-0.008898781666907074,0.042100529630995004
69.94,-0.008442425500541292,0.015433483318088347,-0.009839629170742973,0.04492654926565749
69.95,-0.009490160755788285,0.021018394806140112,-0.010775960010369756,0.04771310994828587
69.96000000000001,-0.010535665111906664,0.026573944486538652,-0.01170749598187031,0.050460840763767764
69.97,-0.011578383632439366,0.03209604769543219,-0.012633962747025563,0.053170410296269795
69.98,-0.012617764867068131,0.03758070035536854,-0.013555089764710435,0.05584256917017818
69.99,-0.013653261250325887,0.043023981859579764,-0.01447061021610269,0.058478112919541
70.0,-0.01468432949225203,0.048422044263550214,-0.015380260926831563,0.061077812438322325
70.01,-0.015710430961268923,0.05377111718746967,-0.01628378228891338,0.06364245570309046
70.02,-0.01673103205891416,0.05906751800868011,-0.01718091818156077,0.06617285551822982
70.03,-0.01774560458579015,0.06430765410183362,-0.01807141589003496,0.06866983791956568
70.04,-0.01875362609852057,0.0694880203242123,-0.018955026022815447,0.07113424657529663
70.05,-0.019754580257651436,0.07460520329885935,-0.01983150242732949,0.07356693570901947
70.06,-0.0207479571662275,0.07965588482498756,-0.020700602104603342,0.07596876714918292
70.07000000000001,-0.021733253698759294,0.08463684345881761,-0.02156208512320536,0.07834060708074206
70.08,-0.022709973820482815,0.08954495316236437,-0.022415714532815316,0.08068332229224782
70.09,-0.02367762889720401,0.09437717588078612,-0.02326125627779318,0.08299777612363571
70.10000000000001,-0.024635737995690223,0.09913057637580767,-0.024098479110950328,0.08528483059985578
70.11,-0.02558382817394436,0.10380232322069818,-0.0249271545074403,0.0875453482043252
70.12,-0.02652143476108934,0.10838968577245202,-0.025747056574670118,0.08978032161734825
70.13,-0.027448101626691052,0.11289004443081997,-0.026557961956789118,0.09199071136327418
70.14,-0.028363381439076355,0.11730088993881232,-0.027359649742091235,0.0941773512854165
70.15,-0.029266835912580072,0.12161982059730708,-0.028151901377870287,0.09634105721491251
70.16,-0.03015803604384126,0.12584454408312185,-0.028934500588740062,0.09848264307115595
70.17,-0.031036562337063686,0.12997287950199715,-0.029707233295945296,0.10060290554197357
70.18,-0.031902005018116526,0.13400275705408235,-0.03046988753865355,0.10270260607297892
70.19,-0.032753964237438475,0.13793221853280843,-0.031222253398096145,0.10478248140523466
70.2,-0.03359205026172863,0.14175941763222394,-0.031964122924325405,0.10684324577636613
70.21000000000001,-0.034415883654383445,0.14548262038850024,-0.03269529006536836,0.10888558785343619
70.22,-0.035225095444656185,0.14910020542648636,-0.033415550598890766,0.11091017046551742
70.23,-0.03601932728553972,0.15261066326200803,-0.03412470206649304,0.11291762894780284
70.24,-0.03679823160038618,0.15601259700840403,-0.03482254371074025,0.11490857070661792
70.25,-0.03756147171820815,0.15930472369681317,-0.035508876415007364,0.1168835742891489
70.26,-0.03830872199760135,0.16248587349524632,-0.03618350264623119,0.11884318840469696
70.27,-0.03903966793932778,0.16555498902385735,-0.03684622640065665,0.12078793124717442
70.28,-0.03975400628759805,0.1685111259642747,-0.03749685315264543,0.12271828980316701
70.29,-0.040451445120047565,0.1713534527970528,-0.0381351898066132,0.1246347192939026
70.3,-0.04113170392642777,0.17408125022942322,-0.03876104465214677,0.12653764281408286
70.31,-0.041794513676061885,0.1766939108965735,-0.03937422732234095,0.12842745095797284
70.32000000000001,-0.04243961687410326,0.17919093890009438,-0.03997454875538857,0.13030450155889664
70.33,-0.04306676760665231,0.18157194933156348,-0.0405618211594497,0.13216911948503793
70.34,-0.04367573157477647,0.18383666770903456,-0.041135857980818494,0.134021596515408
70.35000000000001,-0.044266286117498874,0.18598492936261854,-0.04169647387540027,0.13586219128003418
70.36,-0.04483822022381868,0.18801667875160438,-0.042243484683502634,0.13769112926819252
70.37,-0.045391334533836696,0.18993196872153797,-0.04277670740793945,0.1395086028988917
70.38,-0.04592544132906333,0.1917309596968228,-0.04329596019543974,0.14131477165249934
70.39,-0.04644036451199438,0.19341391881056103,-0.04380106232134748,0.14310976226022099
70.4,-0.04693593957504508,0.19498121897025072,-0.04429183417759213,0.14489366894923175
70.41,-0.04741201355893922,0.1964333378595705,-0.04476809726390529,0.14666655374071566
70.42,-0.04786844500065842,0.19777085687571228,-0.045229674182251746,0.14842844679841316
70.43,-0.04830510387105906,0.19899446000238477,-0.04567638863444165,0.15017934682508097
70.44,-0.04872187150227498,0.20010493261840545,-0.04610806542287943,0.151919221504374
70.45,-0.0491186405073142,0.20110308615052294,-0.04652453045328049,0.15364804457362494
70.46000000000001,-0.04949531471134296,0.20198924724656148,-0.04692561072961629,0.15536605155186473
70.47,-0.049851809103861715,0.20276382280660213,-0.04731113433909759,0.15707337762029114
70.48,-0.05018804980739257,0.20342686407509838,-0.04768093047818457,0.15876882107843693
70.49,-0.0505039740625239,0.20397840649196172,-0.048034829546313225,0.1604511896213205
70.5,-0.050799530252055705,0.20441746716594855,-0.04837266322166993,0.16212071400197184
70.51,-0.05107467802393954,0.20474149716139084,-0.04869426437399193,0.16378062393330917
70.52,-0.0513293884954372,0.20494846982699771,-0.04899946679679067,0.16543429122616327
70.53,-0.051563644442760265,0.2050369960039569,-0.049288104897003214,0.16708432004350215
70.54,-0.051777440410486535,0.2050069325907107,-0.04956001343151977,0.16873293386229554
70.55,-0.05197078272024526,0.2048590016283674,-0.0498150273094313,0.17038132716019952
70.56,-0.05214368940922143,0.20459402263623797,-0.050052981458523556,0.17203050150840324
70.57000000000001,-0.052296190132023385,0.20421329480033554,-0.05027371072604111,0.1736813159568261
70.58,-0.05242832602628452,0.20371846413120526,-0.05047704980591302,0.17533412451745645
70.59,-0.05254014956425191,0.2031107731856762,-0.050662833240853626,0.17698775346407927
70.60000000000001,-0.052631724448192085,0.20239047283951325,-0.05083089565584691,0.1786362989311156
70.61,-0.052703125573937123,0.20155745385314236,-0.050981072356303565,0.18027058702413995
70.62,-0.05275443902718736,0.200611758652906,-0.05111320019194335,0.1818810939219147
70.63,-0.05278576206927066,0.19955376213596981,-0.05122711850891881,0.1834580908298434
70.64,-0.05279720308815092,0.1983843401470521,-0.05132267009064934,0.18499276624551003
70.65,-0.05278888150680403,0.19710474062164032,-0.05139970206372235,0.18647610259249325
70.66,-0.05276092765092556,0.19571661887750605,-0.05145806675677881,0.18790034782753046
70.67,-0.05271348258425078,0.19422179482212054,-0.05149762248179496,0.18925837100727733
70.68,-0.05264669792363223,0.19262222524371156,-0.05151823428975569,0.19054206661066525
70.69,-0.05256073564173851,0.19091994846136814,-0.051519774689735336,0.1917456759898779
70.7,-0.052455767868996424,0.18911681431892144,-0.05150212429843456,0.19286256201055652
70.71000000000001,-0.052331976704043714,0.1872146511035955,-0.0514651724800013,0.1938863061670159
70.72,-0.05218955402384943,0.18521545817275067,-0.05140881793188517,0.1948124508607503
70.73,-0.05202870128080694,0.18312140220847076,-0.05133296917230914,0.19563644807230357
70.74,-0.051849629284130005,0.18093478674672656,-0.051237545003136216,0.19635343627710367
70.75,-0.05165255796308916,0.17865818339906445,-0.051122474965595306,0.1969593443050158
70.76,-0.05143771610848814,0.17629435828267337,-0.050987699735238305,0.19745100539990512
70.77,-0.05120534109776737,0.17384613110784858,-0.05083317145905804,0.19782517332868876
70.78,-0.050955678608676454,0.17131648747587525,-0.05065885407821701,0.1980786159616565
70.79,-0.050688982318538536,0.16870858582453468,-0.05046472363288682,0.19820870852043215
70.8,-0.0504055135910957,0.16602561003434163,-0.050250768507954006,0.1982137608108413
70.81,-0.050105541154233636,0.16327089372951276,-0.05001698961913814,0.1980921286246877
70.82000000000001,-0.049789340773544154,0.1604476553244197,-0.04976340058345711,0.19784200271090607
70.83,-0.049457194921440024,0.1575593515595476,-0.04949002788530703,0.19746195023721377
70.84,-0.04910939242165779,0.15460993468642875,-0.049196910997908835,0.1969514872781595
70.85000000000001,-0.04874622807573805,0.1516030012847846,-0.048884102444577616,0.19631032011950256
70.86,-0.04836800230069469,0.14854204283837655,-0.04855166782388305,0.19553841303302838
70.87,-0.04797502077112904,0.1454308080309066,-0.04819968582151684,0.19463562618505106
70.88,-0.04756759404015774,0.1422733930908525,-0.04782824820388605,0.19360241257333283
70.89,-0.04714603713817929,0.13907389683920243,-0.047437459762127765,0.19243994879607051
70.9,-0.04671066917508148,0.13583608522631765,-0.047027438204157376,0.19114955717295445
70.91,-0.046261812954705654,0.13256386302887094,-0.04659831402073143,0.18973270488527785
70.92,-0.045799794584188334,0.12926129692728552,-0.04615023034152727,0.1881908572089517
70.93,-0.04532494307560922,0.1259323595678525,-0.04568334278419904,0.1865256171468671
70.94,-0.04483758994534039,0.1225811496045602,-0.04519781928728085,0.18473889147123096
70.95,-0.04433806881067653,0.11921171679419246,-0.044693839919723935,0.18283276930822115
70.96000000000001,-0.0438267149886828,0.11582804101575746,-0.04417159667084497,0.18080948781590536
70.97,-0.04330386510534032,0.11243391584203091,-0.04363129322138678,0.17867154222714304
70.98,-0.04276985671623832,0.10903310762317128,-0.043073144697712645,0.1764214663384198
70.99,-0.042225027931434324,0.10562941423982262,-0.04249737741878713,0.1740618002044499
71.0,-0.041669717038414,0.10222666566558768,-0.04190422863923111,0.17159517582086126
71.01,-0.041104262124117996,0.09882865405303261,-0.0412939462830166,0.16902437678225704
71.02,-0.04052900070494323,0.09543895633891215,-0.04066678866110928,0.16635240491609407
71.03,-0.039944269374873144,0.09206093374329999,-0.040023024169946006,0.16358243628373878
71.04,-0.03935040346890631,0.08869793758047671,-0.03936293097671917,0.1607176555655638
71.05,-0.038747736729542216,0.08535337669109355,-0.03868679670350558,0.15776115946963215
71.06,-0.038136600973639356,0.08203056443063249,-0.03799491811111488,0.15471618864949788
71.07000000000001,-0.03751732576596142,0.07873271550548477,-0.03728760077348094,0.15158611590187906
71.08,-0.03689023810629887,0.07546282572787785,-0.03656515874289866,0.1483743067233947
71.09,-0.03625566213118457,0.07222383317416495,-0.03582791420829082,0.1450842793101194
71.10000000000001,-0.03561391882554987,0.06901858785496841,-0.035076197146693126,0.14171953160961825
71.11,-0.034965325742214386,0.06584986497374114,-0.03431034497176931,0.13828359227882656
71.12,-0.03431019672963854,0.06272034899574457,-0.033530702178284466,0.13478008456617113
71.13,-0.03364884166724254,0.059632673068259465,-0.032737619984311295,0.13121253387211948
71.14,-0.032981566210557055,0.056589292370757625,-0.031931455974555906,0.12758452529285927
71.15,-0.03230867154929649,0.05359256130671568,-0.031112573744145305,0.12389959584019938
71.16,-0.03163045417727758,0.05064472575165216,-0.030281342544819154,0.12016124334493129
71.17,-0.030947205674361444,0.0477478799407428,-0.029438136934292394,0.11637295627191563
71.18,-0.030259212501690735,0.04490399916627108,-0.02858333642833674,0.11253817519714318
71.19,-0.02956675580965725,0.0421149330580655,-0.02771732515694341,0.1086602909371976
71.2,-0.02887011125985599,0.03938235446653623,-0.026840491524083923,0.10474268790149943
71.21000000000001,-0.02816954886292756,0.03670778378098449,-0.025953227869902576,0.10078871366674944
71.22,-0.027465332832059902,0.03409259003140494,-0.025055930136196187,0.09680167233419625
71.23,-0.026757721450714214,0.031538019830784525,-0.02414899753711909,0.09278479184094317
71.24,-0.026046966953441702,0.029045186806630558,-0.023232832236710976,0.088741228666161
71.25,-0.025333315421339334,0.026615019734325875,-0.02230783903224222,0.08467411398357838
71.26,-0.02461700669251617,0.02424833996833488,-0.021374425043415243,0.08058647564568959
71.27,-0.023898274285754383,0.021945829396593345,-0.020432999409485023,0.07648126659653227
71.28,-0.023177345336568605,0.019708057857659698,-0.01948397299531802,0.0723613363426405
71.29,-0.022454440545508665,0.017535464496625713,-0.018527758106720412,0.06822944761755875
71.3,-0.02172977413992758,0.015428330390164748,-0.01756476821399119,0.06408830195867742
71.31,-0.02100355385046254,0.013386793806460313,-0.016595417682573603,0.059940524482965836
71.32000000000001,-0.020275980902176523,0.011410844736422846,-0.015620121510889448,0.05578866926799636
71.33,-0.019547250020166596,0.009500330169881423,-0.014639295075527456,0.051635214856173825
71.34,-0.018817549449471695,0.007654954368319007,-0.013653353883877934,0.047482565111614645
71.35000000000001,-0.018087060989061703,0.005874281996758541,-0.012662713334302621,0.04333304779519651
71.36,-0.017355960039682077,0.00415774017468156,-0.011667788483892206,0.03918891465603221
71.37,-0.01662441566529561,0.0025046214107835394,-0.010668993823844862,0.03505234112056741
71.38,-0.015892590667817202,0.0009140874009899714,-0.009666743062470626,0.03092542653148919
71.39,-0.015160641674822402,-0.0006148287170113315,-0.008661448915807328,0.026810194457776194
71.4,-0.014428719239969807,-0.0020832200101652183,-0.007653522905813554,0.02270859317431037
71.41,-0.013696967955838371,-0.003492301469728876,-0.006643375166090145,0.018622496345852585
71.42,-0.012965526578805448,-0.004843406199898987,-0.0056314142550616415,0.01455370387797941
71.43,-0.012234528165570836,-0.006137981634015977,-0.004618046976531782,0.010503942904496376
71.44,-0.01150410022094181,-0.00737758550538053,-0.0036036782075082848,0.006474868922708959
71.45,-0.010774364856473425,-0.008563881718235059,-0.0025887107331890053,0.002468067038883755
71.46000000000001,-0.010045438959551007,-0.009698636061846894,-0.0015735450889791044,-0.0015149466763748848
71.47,-0.009317434372480542,-0.01078371181106807,-0.0005585794094050986,-0.005472723743322588
71.48,-0.008590458081146638,-0.011821065206636111,0.0004557907162183971,-0.009403881748099288
71.49,-0.007864612412785568,-0.012812740833180803,0.0014691723815233085,-0.01330710275170239
71.5,-0.007139995242407804,-0.013760866900382748,0.002481175494383185,-0.017181131644436375
71.51,-0.0064167002073981716,-0.014667650437265704,0.003491412901933214,-0.021024774458155423
71.52,-0.005694816929808994,-0.015535372313779662,0.004499500509483283,-0.02483689664545542
71.53,-0.004974431245809096,-0.016366380839140285,0.0055050573935061745,-0.028616421029972892
71.54,-0.00425562544176798,-0.017163088310155825,0.006507705909046915,-0.032362320884393614
71.55,-0.003538478496560587,-0.017927967174977178,0.00750707179186447,-0.036073622257756725
71.56,-0.002823066329647777,-0.018663544032500156,0.008502784255177037,-0.03974940910798222
71.57000000000001,-0.002109462054391131,-0.019372394185890558,0.009494476080900236,-0.04338881701120941
71.58,-0.0013977362359924453,-0.020057134270854107,0.01048178370570845,-0.046991029221897275
71.59,-0.000687957153477542,-0.020720418718924334,0.01146434730223205,-0.050555276752242126
71.60000000000001,1.9808934765847396e-05,-0.021364934139776297,0.012441810855499155,-0.05408083735199281
71.61,0.0007254975223139589,-0.021993397114488257,0.01341382223477712,-0.05756703238771031
71.62,0.001429045583274236,-0.02260854902461093,0.014380033261028565,-0.06101322526048342
71.63,0.0021303912986185354,-0.023213148867983886,0.015340099770153298,-0.06441882026062189
71.64,0.002829473780879055,-0.023809968497079073,0.016293681672152865,-0.06778326101053558
71.65,0.0035262327977818825,-0.024401786153684137,0.0172404430063542,-0.07110602929354133
71.66,0.0042206084954192384,-0.024991380296858757,0.018180051992822226,-0.074386643827714
71.67,0.0049125411213873085,-0.02558152970606291,0.019112181080115954,-0.07762465802571772
71.68,0.005601970748196158,-0.026175007273839798,0.02003650698954383,-0.0808196591106994
71.69,0.006288836997464453,-0.026774573390338088,0.020952710756034873,-0.08397126716912208
71.7,0.006973078765463737,-0.02738297192499984,0.021860477765731315,-0.0870791339305222
71.71000000000001,0.007654633950495409,-0.028002925193499142,0.022759497790412885,-0.0901429417207042
71.72,0.008333439182562914,-0.02863712955779815,0.023649465018862417,-0.09316240241276143
71.73,0.009009429555793117,-0.02928825083750901,0.024530078085275648,-0.09613725646838613
71.74,0.009682538364054461,-0.029958919916022127,0.025401040094809427,-0.09906727203424891
71.75,0.010352696840378855,-0.030651722899066806,0.026262058646365057,-0.10195224395225627
71.76,0.011019833900771452,-0.03136920035511619,0.027112845852719163,-0.10479199228722985
71.77,0.011683875892651205,-0.03211384698015098,0.027953118358058828,-0.10758636340223744
71.78,0.012344746348132752,-0.03288810603935212,0.028782597352955422,-0.11033522807958096
71.79,0.013002365742393298,-0.03369437073690789,0.029601008586851166,-0.11303848125433048
71.8,0.013656651257405786,-0.03453497640473589,0.030408082378335897,-0.11569603489097943
71.81,0.014307516551609676,-0.035412193606893044,0.031203553625491254,-0.11830775596885465
71.82000000000001,0.014954871535855455,-0.036328232682398875,0.03198716181652347,-0.12087356318972743
71.83,0.015598622155597477,-0.03728524102546317,0.032758651036756715,-0.12339343920658245
71.84,0.016238670179900192,-0.038285286159793486,0.03351776997091294,-0.12586738355030558
71.85000000000001,0.016874912998121765,-0.03933035812933519,0.0342642719024778,-0.1282954215208459
71.86,0.017507243424422284,-0.040422371578780175,0.034997914710729404,-0.13067760140587384
71.87,0.01813554951038342,-0.041563150635326056,0.0357184608654675,-0.13301399206930584
71.88,0.01875971436637715,-0.0427544313981145,0.03642567742202147,-0.13530460575583855
71.89,0.01937961599189301,-0.043997860886325235,0.0371193360219724,-0.1375493473834836
71.9,0.01999512711503641,-0.0452949897874163,0.037799212895381455,-0.13974828117695365
71.91,0.020606115041564694,-0.046647272609334926,0.03846508885504617,-0.14190154311179254
71.92,0.021212441513701073,-0.048056064352389724,0.03911674928373564,-0.14400927964781426
71.93,0.02181396257895372,-0.04952261794041699,0.039753984118101195,-0.14607168197558829
71.94,0.022410528469134244,-0.051048084178161514,0.0403765878298933,-0.14808895018868498
71.95,0.023001983489716025,-0.05263350878887812,0.040984359405069865,-0.15006130953587615
71.96000000000001,0.023588165919750274,-0.05427982995132647,0.041577102320942014,-0.15198900277082245
71.97,0.02416890792252155,-0.055987878223626816,0.042154624521280215,-0.1538722944115362
71.98,0.024744035467047155,-0.05775837456324802,0.04271673838940141,-0.15571146832873792
71.99,0.025313368260660205,-0.059591925763474704,0.04326326071929198,-0.15750682699209628
72.0,0.025876719692977977,-0.06148902329838467,0.04379401268484422,-0.15925869158135264
72.01,0.02643389679139632,-0.06345004325434091,0.04430881980720549,-0.16096740239557142
72.02,0.026984700188171392,-0.0654752451257947,0.044807511920236416,-0.16263331826178395
72.03,0.027528924099171057,-0.06756477088889246,0.04528992313410994,-0.1642568163478535
72.04,0.02806635631438926,-0.06971864412039414,0.04575589179708126,-0.16583829173021386
72.05,0.02859677820030349,-0.07193676931676217,0.046205260455470645,-0.16737815703973905
72.06,0.029119964713722656,-0.07421894480616169,0.046637875812053385,-0.16887683684482369
72.07000000000001,0.02963568441113266,-0.07656536082514606,0.04705358868456953,-0.17033472153683774
72.08,0.030143699416117595,-0.07897700876891987,0.04745225393547576,-0.17175318047423507
72.09,0.03064376531795044,-0.08145558329682605,0.047833730342847255,-0.17313394546319477
72.10000000000001,0.031135631046518047,-0.08400191654680045,0.048197880454761304,-0.17447807641679536
72.11,0.03161903880417077,-0.08661593116580753,0.04854457047252788,-0.17578654076550426
72.12,0.03209372406812058,-0.08929727090008564,0.048873670162502256,-0.17705995744765146
72.13,0.03255941564744436,-0.09204483724854791,0.049185052781087465,-0.1782991346623964
72.14,0.033015835824843257,-0.09485614966559054,0.04947859494531165,-0.17950656411433732
72.15,0.03346270063659568,-0.0977269349720393,0.049754176351002044,-0.18068686045631266
72.16,0.033899720282264144,-0.1006524687729013,0.05001167935226439,-0.18184465737838154
72.17,0.03432659958055346,-0.1036283987303834,0.050250988523400604,-0.18298376851172235
72.18,0.03474303840271323,-0.10665078987205141,0.0504719902800158,-0.18410739011430174
72.19,0.035148732069533846,-0.10971597762916367,0.0506745725689932,-0.1852179998623149
72.2,0.03554337172201676,-0.11282044755696304,0.05085862461991526,-0.18631762973164534
72.21000000000001,0.03592664467579296,-0.11596079520537828,0.0510240367444399,-0.18740793126469005
72.22,0.036298234767350814,-0.11913360569141869,0.05117070017094464,-0.1884903073047253
72.23,0.036657822705033434,-0.12233525203860399,0.051298506914038436,-0.1895656729814017
72.24,0.037005086459022535,-0.1255611861704636,0.05140734975991999,-0.1906321300362431
72.25,0.03733970173988826,-0.12880559667511476,0.051497122567927454,-0.1916823496709335
72.26,0.03766134257401032,-0.1320621413473367,0.05156772098000038,-0.19270627646905766
72.27,0.03796968193255106,-0.13532439754783065,0.05161904338104021,-0.1936935642398924
72.28,0.038264392371415504,-0.13858605092749263,0.0516509919199714,-0.19463411070256526
72.29,0.038545146665360464,-0.14184085030096838,0.05166347351243464,-0.1955182051792297
72.3,0.03881161843471009,-0.1450826086441418,0.05165640081469439,-0.196336287720356
72.31,0.039063482757665066,-0.14830545739822515,0.05162969311925909,-0.1970808434609796
72.32000000000001,0.03930041677046186,-0.15150336552042662,0.05158327718752678,-0.19774302943473387
72.33,0.039522100259516635,-0.15467061236539814,0.05151708805508778,-0.19831570480901212
72.34,0.03972821624476712,-0.1578013642458132,0.05143106974075074,-0.19879297516882655
72.35000000000001,0.03991845157514963,-0.16088937115608268,0.051325175927228586,-0.19916678144406771
72.36,0.04009249754771737,-0.16392835025515062,0.05119937064463836,-0.19943163992704935
72.37,0.04025005054333462,-0.1669117952524107,0.05105362884367918,-0.19958290647734506
72.38,0.04039081266883994,-0.16983336332915563,0.05088793689068282,-0.1996154771092339
72.39,0.04051449239595169,-0.17268669292895564,0.050702293044849106,-0.19952502381780202
72.4,0.04062080519141865,-0.17546562558467393,0.05049670787959636,-0.19930808257037635
72.41,0.0407094741311792,-0.17816420199820085,0.05027120462816217,-0.1989617650890406
72.42,0.04078023049888493,-0.1807765147264058,0.050025819483910404,-0.19848317695131115
72.43,0.04083281437084988,-0.18329687958381993,0.04976060187649856,-0.1978698477367772
72.44,0.040866975181837545,-0.18571983681064633,0.049475614698000304,-0.19712025446912737
72.45,0.0408824722736918,-0.18803997446923784,0.049170934454918366,-0.1962334883697962
72.46000000000001,0.04087907543170147,-0.19025205200415143,0.04884665136256546,-0.19520891927974038
72.47,0.04085656541308371,-0.19235077331902506,0.048502869410467456,-0.19404601764807397
72.48,0.040814734459005325,-0.19433134898686355,0.048139706394897834,-0.19274498030928294
72.49,0.040753386768303805,-0.19618944949631023,0.04775729389291935,-0.1913066732982353
72.5,0.04067233894568785,-0.1979205062225435,0.047355777168297225,-0.1897326350323275
72.51,0.04057142044961794,-0.19952004320541733,0.04693531502870601,-0.1880244783709247
72.52,0.04045047402019457,-0.2009842313780726,0.046496079659667906,-0.18618402097567907
72.53,0.04030935605909637,-0.20230969531829385,0.0460382564222432,-0.18421388018929263
72.54,0.04014793698125853,-0.2034928300157343,0.04556204359427357,-0.18211709222940484
72.55,0.039966101560484975,-0.2045302985065842,0.045067652070323434,-0.17989685015849918
72.56,0.039763749252826434,-0.20541919683900564,0.04455530504691828,-0.17755630495803262
72.57000000000001,0.03954079448876392,-0.20615676250223738,0.04402523770325608,-0.17509872162399945
72.58,0.03929716693794,-0.20674061403635838,0.04347769686619763,-0.17252771955663
72.59,0.03903281174502205,-0.20716860026637057,0.04291294064963498,-0.16984710878797063
72.60000000000001,0.038747689741227095,-0.2074387415358679,0.042331238072005804,-0.16706087609242032
72.61,0.03844177763961047,-0.2075491577993941,0.04173286865450242,-0.16417322926957428
72.62,0.03811506821509881,-0.20749818974066717,0.041118122003910344,-0.16118840783150346
72.63,0.03776757045828787,-0.20728460707064822,0.04048729739175003,-0.1581105793898046
72.64,0.037399309694130585,-0.20690748544432147,0.03984070333381772,-0.15494399393523867
72.65,0.037010327670945815,-0.2063660943706125,0.039178657159826914,-0.15169313679600185
72.66,0.03660068263410004,-0.20565969042792304,0.038501484563829985,-0.1483626873014686
72.67,0.036170449388296534,-0.20478779252569582,0.03780951913959326,-0.14495735157899436
72.68,0.035719719333690204,-0.20375035307532657,0.03710310191628712,-0.14148165894619474
72.69,0.035248600467785246,-0.20254756886967448,0.03638258090198931,-0.13794015162007456
72.7,0.03475721735857005,-0.20117989774434997,0.03564831062481963,-0.13433754141319146
72.71000000000001,0.03424571109717751,-0.1996478844662127,0.03490065166756483,-0.13067847175072814
72.72,0.03371423923323176,-0.19795232647421088,0.034139970200395504,-0.12696764909875644
72.73,0.03316297568762229,-0.19609429077207355,0.033366637513201985,-0.12320973542648048
72.74,0.032592110638336405,-0.19407512277889152,0.032581029551838975,-0.11940929713475704
72.75,0.032001850380128045,-0.19189639643813533,0.03178352645843453,-0.11557095054934019
72.76,0.031392417158918835,-0.18955995956462854,0.030974512115912994,-0.1116991569107032
72.77,0.03076404898340395,-0.18706781331847414,0.03015437370033816,-0.10779834027595764
72.78,0.03011699941717186,-0.18442216904878728,0.029323501241773867,-0.10387280739215933
72.79,0.029451537351068743,-0.18162544346431364,0.028482287195457204,-0.09992674268733237
72.8,0.02876794675594818,-0.1786802257846376,0.027631126024533607,-0.09596422696130241
72.81,0.02806652641652811,-0.17558931011537018,0.026770413794925337,-0.09198919221370831
72.82000000000001,0.027347589647791076,-0.17235561828722848,0.025900547782258063,-0.08800548430029216
72.83,0.02661146399656423,-0.16898221753134893,0.025021926089555405,-0.08401683347628121
72.84,0.025858490929142903,-0.16547231373360463,0.024134947276050544,-0.08002684957265183
72.85000000000001,0.025089025505107377,-0.16182924650887523,0.023240009998143567,-0.07603901550641264
72.86,0.0243034360359394,-0.1580565464918222,0.022337512665003622,-0.07205661976212083
72.87,0.02350210372942426,-0.1541578154031626,0.021427853108915693,-0.06808286537690618
72.88,0.022685422322277708,-0.15013680229062634,0.020511428268949253,-0.06412078475314754
72.89,0.021853797700391257,-0.14599737827873005,0.01958863388951488,-0.060173255492752736
72.9,0.02100764750644797,-0.14174353635105394,0.018659864234959293,-0.05624299218142981
72.91,0.02014740073511586,-0.13737940145907318,0.01772551182085423,-0.05233252830519233
72.92,0.019273497316991073,-0.1329091766789641,0.016785967161604253,-0.04844426246193662
72.93,0.01838638769365264,-0.12833714655685702,0.015841618532778812,-0.044580447686464034
72.94,0.017486532385084252,-0.12366766554294581,0.01489285174762417,-0.04074319675888739
72.95,0.0165744015500542,-0.11890515556278286,0.013940049947825653,-0.036934478117722304
72.96000000000001,0.015650474540080204,-0.11405409705784905,0.012983593408841266,-0.0331561085151722
72.97,0.014715239447640789,-0.10911902375612927,0.012023859359748269,-0.02940976922044123
72.98,0.013769192649292354,-0.10410451535257334,0.011061221816809503,-0.025697010564221464
72.99,0.01281283834440679,-0.09901518976216019,0.010096051430348361,-0.022019247193156014
73.0,0.011846688090114596,-0.09385570097919918,0.009128715344914044,-0.01837776329890416
73.01,0.010871260332934797,-0.0886307325098235,0.00815957707255311,-0.014773713708182637
73.02,0.009887079937684992,-0.08334499008864282,0.007188996378928909,-0.011208127513427058
73.03,0.00889467771433301,-0.07800319625655304,0.006217329181985272,-0.007681911114554586
73.04,0.007894589943379493,-0.07261008451321826,0.0052449274628127585,-0.004195851936367084
73.05,0.006887357900338716,-0.06717039384723766,0.00427213918836147,-0.0007506221107652849
73.06,0.005873527379969595,-0.061688860311696764,0.003299308245622753,0.0026532177119542566
73.07000000000001,0.0048536482208423925,-0.05617021468680413,0.00232677438687119,0.006015213752689276
73.08,0.0038282738306627028,-0.05061917832959916,0.0013548731855184328,0.009335014302378495
73.09,0.00279796071288399,-0.0450404541973795,0.0003839360021244086,0.012612364980433367
73.10000000000001,0.0017632679950894776,-0.039438728196832154,-0.0005857100397768534,0.015847108080510725
73.11,0.0007247569594550745,-0.033818662966324756,-0.0015537420683620063,0.01903917695079161
73.12,-0.00031700942420839816,-0.02818489088710805,-0.0025198414691826837,0.02218859046881087
73.13,-0.0013614669622565069,-0.02254201040928046,-0.0034836938823109287,0.02529544889730706
73.14,-0.002408050697389847,-0.016894581262968864,-0.004444989191421099,0.028359929263612384
73.15,-0.0034561953647111714,-0.011247118232497792,-0.005403421505284084,0.031382279964407
73.16,-0.0045053358431322195,-0.005604086943038798,-0.006358689132156857,0.034362816472113214
73.17,-0.005554907601852781,3.009437425808004e-05,-0.007310494547440888,0.03730191965754435
73.18,-0.00660434714172431,0.005651061035429624,-0.008258544354961903,0.04020003005725669
73.19,-0.007653092431059195,0.01125450723245635,-0.009202549242344355,0.043057642896927796
73.2,-0.008700583335424625,0.016836188856402354,-0.010142223930956467,0.0458753041399328
73.21000000000001,-0.00974626204105622,0.02239192728359937,-0.011077287120848343,0.04865360619875837
73.22,-0.010789573471562163,0.027917612475599943,-0.012007461431097937,0.05139318393455159
73.23,-0.01182996569756545,0.03340920690610029,-0.012932473335754072,0.0540947176356318
73.24,-0.01286689033870085,0.03886275663726248,-0.013852053093725173,0.056758984502772655
73.25,-0.013899802957573445,0.044274384745569974,-0.014765934673151515,0.059386757484356796
73.26,-0.014928163445934239,0.049640286063239746,-0.01567385567438415,0.06197879947217652
73.27,-0.01595143640313664,0.05495673607873036,-0.016575557252545857,0.0645359050960142
73.28,-0.016969091506294713,0.060220099007500374,-0.017470784038299488,0.06705888310430813
73.29,-0.017980603871652314,0.06542682619975186,-0.01835928405672096,0.06954856106286776
73.3,-0.018985454407071566,0.07057345666073857,-0.019240808644536377,0.07200578063401042
73.31,-0.019983130155501037,0.0756566215936603,-0.020115112365994423,0.07443139387785118
73.32000000000001,-0.020973124629123003,0.08067304655765486,-0.020981952927762244,0.07682625945037984
73.33,-0.02195493813392691,0.08561955387562949,-0.021841091093186844,0.07919123973442395
73.34,-0.02292807808476041,0.09049305593254084,-0.02269229059627284,0.08152719636421274
73.35000000000001,-0.02389205931112941,0.09529055682325575,-0.023535318055713073,0.08383498838134597
73.36,-0.024846404353431578,0.10000916416104279,-0.024369942889106544,0.08611547347907665
73.37,-0.025790643749052666,0.10464608608331741,-0.025195937226713257,0.08836952828320323
73.38,-0.02672431630816502,0.10919863360510093,-0.026013075820143113,0.09059816551549467
73.39,-0.02764696937893408,0.11366422837237417,-0.02682113594700826,0.09280229916227596
73.4,-0.02855815910175919,0.11804040050375314,-0.027619897320894347,0.09498274130719288
73.41,-0.02945745065258534,0.1223247864998068,-0.02840914200817743,0.09714030886995907
73.42,-0.03034441847537206,0.1265151320979652,-0.02918865434692774,0.09927580908024458
73.43,-0.03121864650358494,0.13060929351521322,-0.029958220866855918,0.1013900280164909
73.44,-0.032079728370611245,0.1346052370443236,-0.030717630211602728,0.10348371598860968
73.45,-0.032927267609074544,0.13850103972087466,-0.03146667306383758,0.10555760328470584
73.46000000000001,-0.033760877839026884,0.14229488960479958,-0.032205142072831434,0.10761239521998613
73.47,-0.034580182944976494,0.14598508621138848,-0.032932831784414585,0.10964877269001108
73.48,-0.0353848172417285,0.14957004068878915,-0.03364953857345975,0.11166739013497735
73.49,-0.036174425629049344,0.15304827495582343,-0.034355060578995025,0.1136688747905716
73.5,-0.03694866373515977,0.15641842307535495,-0.03504919764204589,0.11565382598413955
73.51,-0.03770719804898119,0.1596792320349237,-0.035731751246287434,0.1176228142082408
73.52,-0.03844970604110092,0.16282956073510454,-0.03640252446160098,0.11957638018588697
73.53,-0.03917587627350466,0.1658683797401278,-0.03706132189061441,0.12151503424336271
73.54,-0.039885408498100995,0.1687947717196782,-0.03770794961829512,0.1234392556174761
73.55,-0.040578013744034074,0.17160793114201336,-0.038342215164658376,0.12534949194996473
73.56,-0.04125341439381148,0.17430716369457805,-0.038963927440636724,0.1272461589360788
73.57000000000001,-0.04191134424829616,0.17689188602064637,-0.03957289670715449,0.12912963996683213
73.58,-0.0425515485806028,0.17936162523267396,-0.040168934537432206,0.13100028588581564
73.59,-0.04317378417894848,0.18171601844165283,-0.04075185378255072,0.13285841480038527
73.60000000000001,-0.043777819378509046,0.18395481218535473,-0.04132146854028915,0.13470431197141078
73.61,-0.04436343408234454,0.1860778618131292,-0.04187759412724788,0.13653822976675783
73.62,-0.04493041977145536,0.18808513079956082,-0.042420047054261584,0.13836038768093067
73.63,-0.04547857950404532,0.18997668999988165,-0.04294864500509663,0.14017097241638726
73.64,-0.04600772790406874,0.1917527168408432,-0.04346320681842613,0.14197013802445685
73.65,-0.046517691139145,0.19341349444934045,-0.043963552473067366,0.1437580061033208
73.66,-0.04700830688793275,0.1949594107173189,-0.044449503076459326,0.14553466605034182
73.67,-0.047479424297063026,0.19639095730305284,-0.04492088085635703,0.14730017536644133
73.68,-0.04793090392772837,0.19770872856846908,-0.045377509155708505,0.14905456000983755
73.69,-0.048362617692046694,0.1989134204524021,-0.045819212430681024,0.1507978147967579
73.7,-0.04877444877930852,0.2000058292799271,-0.04624581625179347,0.15252990384660065
73.71000000000001,-0.049166291576557775,0.20098671033134985,-0.04665714730597093,0.15425083045723112
73.72,-0.049538051604223164,0.20185633292344846,-0.0470530333891069,0.15596086219829278
73.73,-0.04988964547112552,0.20261514014443827,-0.04743330339328116,0.15765999151020765
73.74,-0.05022100084664493,0.20326304974860326,-0.04779778734294621,0.15934689469219904
73.75,-0.05053205645059366,0.2038001310759183,-0.04814631649449597,0.1610204768144085
73.76,-0.05082276209673471,0.20422480495332948,-0.04847872338226036,0.1626818559309073
73.77,-0.05109307884822376,0.20453440185635172,-0.04879484167515747,0.16433459899781502
73.78,-0.05134297923373913,0.2047270824314112,-0.04909450588103706,0.16598187364251163
73.79,-0.05157244742568246,0.20480160686993926,-0.049377551041649856,0.16762622255139614
73.8,-0.0517814793306026,0.204758089838075,-0.049643812483027926,0.1692696494387505
73.81,-0.05197008257946135,0.20459734397566617,-0.049893125635067995,0.17091317772981773
73.82000000000001,-0.052138276455732914,0.20432021765981687,-0.050125325911270516,0.17255779401912752
73.83,-0.05228609179074247,0.20392811848959894,-0.05034024861639011,0.17420426783423348
73.84,-0.05241357082475398,0.2034226482194683,-0.05053772888448808,0.17585275508319168
73.85000000000001,-0.05252076706649109,0.20280479547132244,-0.05071760172136532,0.17750114920572382
73.86,-0.052607745206871864,0.20207465325305338,-0.050879702319969855,0.1791425111410558
73.87,-0.05267458109756309,0.20123204216538923,-0.05102386674175419,0.18076722450331031
73.88,-0.05272136175209499,0.20027706309737564,-0.05114993282654116,0.18236564632378469
73.89,-0.05274818532846059,0.19921014600136855,-0.05125774115419039,0.18392821246840502
73.9,-0.05275516107409627,0.1980322379850894,-0.05134713598283009,0.18544600823795304
73.91,-0.05274240922767581,0.19674465263259816,-0.05141796615339769,0.1869101196007516
73.92,-0.05271006088233251,0.19534904139693482,-0.05147008593123576,0.18831325498836776
73.93,-0.05265825781950403,0.19384723767288917,-0.05150335578135921,0.18964767514012354
73.94,-0.052587152323456184,0.19224119839797055,-0.051517643125319465,0.19090591440283458
73.95,-0.052496906985694085,0.1905328988830922,-0.051512823036847184,0.1920823389141541
73.96000000000001,-0.052387694511780665,0.18872413291102821,-0.051488778889792156,0.19316975405949519
73.97,-0.05225969753649511,0.18681670769676822,-0.051445403000225015,0.19416247954692478
73.98,-0.05211310843523797,0.18481265167076472,-0.051382597181402374,0.19505623412978917
73.99,-0.051948129120639785,0.18271411548991126,-0.05130027321567829,0.1958462192514892
74.0,-0.05176497082447598,0.18052339409877813,-0.051198353323973655,0.1965276472743394
74.01,-0.05156385386008005,0.17824311109856877,-0.05107677061164014,0.19709680861330392
74.02,-0.05134500736244321,0.1758760007594317,-0.05093546944228208,0.19755059523129448
74.03,-0.05110866901387981,0.17342488337130005,-0.050774405767432695,0.19788567658841408
74.04,-0.050855084757905566,0.17089275843552204,-0.05059354744794743,0.19809896100446864
74.05,-0.05058450849899159,0.16828274696791037,-0.050392874544464374,0.1981881186908944
74.06,-0.05029720178993926,0.16559806760428958,-0.05017237954386186,0.1981515211417596
74.07000000000001,-0.049993433510990504,0.16284197842154954,-0.04993206753677349,0.19798751524207472
74.08,-0.049673479547153475,0.16001767544793302,-0.049671956387144195,0.1976942959652936
74.09,-0.049337622455281484,0.15712876635509276,-0.04939207688671553,0.19727080494014118
74.10000000000001,-0.04898615110432278,0.15417911491545103,-0.04909247285623285,0.19671661215551617
74.11,-0.048619360306119394,0.15117222343439748,-0.04877320119148549,0.19603159129280526
74.12,-0.048237550459411103,0.1481115863359596,-0.04843433188072067,0.19521565533094296
74.13,-0.04784102719093331,0.1450010414691814,-0.0480759480105027,0.1942688339429718
74.14,-0.04743010097002291,0.14184474588191215,-0.04769814574146559,0.19319191960745571
74.15,-0.04700508670782433,0.1386466303173019,-0.04730103423130133,0.1919861183978258
74.16,-0.046566303367167695,0.13541044256226603,-0.04688473551555756,0.19065285250633518
74.17,-0.04611407357884359,0.13214016584168023,-0.04644938436794032,0.1891935970491474
74.18,-0.04564872324914162,0.12883981158073995,-0.04599512815323511,0.18760984311701934
74.19,-0.04517058116201663,0.12551337407898502,-0.045522126671877106,0.18590329263205882
74.2,-0.04467997857934025,0.12216492365295506,-0.0450305519846768,0.18407594248916484
74.21000000000001,-0.04417724883898569,0.11879849455711347,-0.04452058821397094,0.18212994597178445
74.22,-0.043662726957462414,0.115417987002706,-0.043992431326473694,0.1800676098723009
74.23,-0.04313674924398303,0.11202717251190265,-0.04344628889885323,0.17789145473634654
74.24,-0.04259965292445882,0.10862979667887934,-0.042882379868354345,0.1756040449333549
74.25,-0.04205177576681292,0.10522968979514837,-0.04230093427713226,0.17320794109321175
74.26,-0.04149345570315355,0.1018306686165351,-0.041702193012468844,0.17070581460932227
74.27,-0.040925030453436616,0.09843647241134311,-0.04108640753514584,0.1681005452929834
74.28,-0.04034683716112988,0.09505058741981337,-0.04045383958979173,0.16539519212378134
74.29,-0.039759212047317076,0.09167635993381083,-0.039804760897732036,0.16259296043015625
74.3,-0.03916249007543282,0.08831718046759636,-0.039139452840460935,0.1596970103406822
74.31,-0.03855700461663713,0.08497644017288669,-0.038458206144118885,0.15671044779288074
74.32000000000001,-0.03794308711707403,0.08165744204217192,-0.0377613205602091,0.15363661591157401
74.33,-0.037321066774405366,0.07836333129997586,-0.037049104535591786,0.1504788601151151
74.34,-0.03669127022891302,0.07509709189850418,-0.03632187487515981,0.14724060716127355
74.35000000000001,-0.0360540212674759,0.07186165144981403,-0.03557995639687725,0.14392539930655018
74.36,-0.03540964053588405,0.0686598621137482,-0.03482368158136779,0.14053671835813025
74.37,-0.03475844525879387,0.06549448643117996,-0.03405339021886343,0.13707815418412364
74.38,-0.034100748967533664,0.0623682251106945,-0.03326942905204675,0.13355329527934537
74.39,-0.033436861236092956,0.05928367072245918,-0.03247215141802058,0.1299656912574694
74.4,-0.03276708742809197,0.0562432730522581,-0.03166191689159637,0.12631891194238992
74.41,-0.032091728455844674,0.053249388030566704,-0.030839090930080602,0.12261647103722365
74.42,-0.03141108055141122,0.05030422465979748,-0.03000404452053046,0.11886187904189775
74.43,-0.030725435050559004,0.04740986874777794,-0.029157153829490436,0.1150586071378449
74.44,-0.030035078189249734,0.044568291024203954,-0.028298799856381028,0.11121007317485722
74.45,-0.029340290913049648,0.04178130590953916,-0.02742936809095526,0.10731967350414659
74.46000000000001,-0.028641348701449423,0.039050567624849125,-0.026549248173611355,0.10339078037250886
74.47,-0.027938521407841536,0.03637757858167412,-0.02565883355851751,0.09942672715842245
74.48,-0.027232073114848192,0.03376368807611957,-0.024758521180447156,0.09543080464828158
74.49,-0.026522262002983604,0.031210154225657274,-0.023848711127817487,0.09140619557377148
74.5,-0.02580934023271462,0.028718043307159616,-0.022929806322384637,0.08735606716046312
74.51,-0.025093553841704266,0.026288293257484496,-0.022002212204336832,0.08328350582767612
74.52,-0.0243751426562,0.02392170986477151,-0.02106633642415782,0.07919151807296342
74.53,-0.023654340215246726,0.021618974888372885,-0.020122588542827224,0.07508301998441877
74.54,-0.02293137370693333,0.01938066085747564,-0.019171379741355753,0.07096082115615947
74.55,-0.022206463917186538,0.017207185445998408,-0.01821312253933617,0.0668276675558043
74.56,-0.02147982519276714,0.01509882122053534,-0.01724823052102396,0.06268623124219334
74.57000000000001,-0.02075166541898376,0.013055692538984155,-0.016277118068530202,0.05853911304134572
74.58,-0.020022186011959164,0.011077779298014729,-0.015300200102301788,0.0543888391252345
74.59,-0.019291581925306767,0.009164917635389559,-0.014317891829004724,0.05023786106551589
74.60000000000001,-0.018560041671018823,0.007316802519444516,-0.013330608496913686,0.04608855455769031
74.61,-0.017827747354361885,0.005532989753408002,-0.012338765158879704,0.04194321919954021
74.62,-0.017094874722544454,0.0038128986167192793,-0.011342776442921509,0.037804078112333196
74.63,-0.016361593226892193,0.0021558147800480433,-0.010343056330463576,0.03367327799742911
74.64,-0.01562806609821486,0.0005608941205090868,-0.009340017942220205,0.029552889320639486
74.65,-0.014894450435077963,-0.0009728360028200434,-0.008334073331698732,0.025444906752663227
74.66,-0.014160897304727065,-0.0024464732553026005,-0.007325633286286535,0.021351249645934375
74.67,-0.013427551856336711,-0.003861236080506875,-0.006315107135865482,0.017273762861472818
74.68,-0.012694553446192186,-0.005218460245040566,-0.005302902568876181,0.013214217628935165
74.69,-0.011962035774430403,-0.006519594868465395,-0.0042894254557397996,0.009174312622773673
74.7,-0.011230127032948685,-0.007766198477389925,-0.0032750796795292035,0.005155675133125056
74.71000000000001,-0.010498950064078479,-0.008959934826924927,-0.002260266973774513,0.0011598623659587735
74.72,-0.009768622529607529,-0.010102568634378634,-0.0012453867672686404,-0.002811637161316198
74.73,-0.009039257089719895,-0.01119596116672317,-0.0002308360357356657,-0.006757402135299595
74.74,-0.008310961591410395,-0.012242065726632051,0.0007829908397886609,-0.010676076886633603
74.75,-0.007583839265921242,-0.013242923028770988,0.0017957022080192417,-0.014566369768511188
74.76,-0.006857988934737005,-0.014200656484583664,0.0028069092760907295,-0.018427051483907896
74.77,-0.006133505223664292,-0.015117467382346633,0.0038162262319982212,-0.022256953380160108
74.78,-0.005410478784485148,-0.015995629035485695,0.004823270360988035,-0.02605496552769172
74.79,-0.0046889965236507234,-0.016837481926287652,0.005827662156192593,-0.029820031241322553
74.8,-0.003969141837572067,-0.01764543080883059,0.006829025423867671,-0.03355114550033885
74.81,-0.0032509948540938908,-0.018421939166763886,0.007826987383194563,-0.03724736231875525
74.82000000000001,-0.0025346326796410103,-0.01916952335668143,0.008821178760478754,-0.04090778948008366
74.83,-0.0018201296514636658,-0.019890746906172846,0.009811233878004666,-0.044531583695434154
74.84,-0.0011075575943776518,-0.02058821370896282,0.010796790737913524,-0.048117949739101364
74.85000000000001,-0.0003969860814640625,-0.02126456514936808,0.011777491101255195,-0.05166614007280553
74.86,0.000311517301709559,-0.021922474887306313,0.012752980562320753,-0.05517545274773897
74.87,0.0010178866897435396,-0.02256464610039725,0.013722908618459274,-0.05864522850673961
74.88,0.0017220576673766896,-0.02319380516582228,0.014686928735583278,-0.062074849863251284
74.89,0.0024239669973340084,-0.023812695116191548,0.015644698409510813,-0.06546373958936812
74.9,0.0031235523466391227,-0.024424071097181702,0.016595879223280395,-0.06881135929106819
74.91,0.0038207520119929402,-0.02503069226054842,0.01754013690057607,-0.07211720843079786
74.92,0.004515504644756265,-0.02563532004572479,0.018477141355398265,-0.07538082233569073
74.93,0.005207748975869514,-0.026240715321139255,0.01940656673814861,-0.07860177062076
74.94,0.005897423541105521,-0.026849631290694554,0.020328091478264913,-0.08177965634472957
74.95,0.006584466407213248,-0.027464808457254887,0.02124139832351717,-0.08491411487086824
74.96000000000001,0.007268814899480708,-0.0280889700122011,0.022146174376074256,-0.08800481272082997
74.97,0.007950405331187693,-0.02872481714422757,0.023042111125454286,-0.09105144650419199
74.98,0.008629172735404003,-0.029375024511856484,0.023928904478465955,-0.09405374189982987
74.99,0.009305050599592433,-0.030042235764661456,0.024806254786240878,-0.09701145269732413
75.0,0.009977970603476013,-0.030729058384318497,0.02567386686845204,-0.09992435997050235
75.01,0.010647862360858552,-0.031438052478273706,0.026531450034826563,-0.10279227048953835
75.02,0.011314653165832824,-0.03217173737689924,0.027378718104049075,-0.10561501670274781
75.03,0.01197826774354926,-0.032932583050030474,0.02821538942009149,-0.10839245653068723
75.04,0.0126386280058285,-0.03372301054750803,0.029041186866022865,-0.11112447199145613
75.05,0.013295652811824928,-0.03454539009325023,0.029855837875377877,-0.11381096877250654
75.06,0.013949257734133847,-0.03540203130229171,0.030659074441987382,-0.11645184902874452
75.07000000000001,0.014599354830930571,-0.03629518053329392,0.03145063313034104,-0.11904698802316205
75.08,0.015245852424278254,-0.037227026506259524,0.032230255085084744,-0.12159633430870333
75.09,0.015888654884686947,-0.038199689578802584,0.032997686035995726,-0.12409988290456682
75.10000000000001,0.016527662422718106,-0.0392152102045526,0.033752676298811096,-0.1265576413426695
75.11,0.017162770888274285,-0.04027555481584431,0.03449498077363203,-0.12896964520795717
75.12,0.01779387157765825,-0.04138261033450407,0.03522435894102887,-0.1313359510045723
75.13,0.018420851048863738,-0.0425381736138836,0.03594057485594737,-0.1336566345405046
75.14,0.01904359094562033,-0.043743955338006006,0.036643397144043056,-0.13593164892537624
75.15,0.019661967830345312,-0.04500157537750165,0.03733259900365028,-0.13816094902826623
75.16,0.020275853026295,-0.04631255781385299,0.03800795820558418,-0.14034463558138627
75.17,0.020885112469246004,-0.04767833107611947,0.03866925708464572,-0.14248284333304148
75.18,0.02148960656893212,-0.049100223489568724,0.039316282525657775,-0.14457573618156155
75.19,0.022089190080467537,-0.050579462535927724,0.039948825946477126,-0.14662350732846627
75.2,0.022683711985918727,-0.05211717356566009,0.040566683278528165,-0.1486263646607243
75.21000000000001,0.023273015386193002,-0.0537143768238448,0.04116965494534171,-0.15058453813009226
75.22,0.02385693740347281,-0.05537198543961467,0.041757545839136725,-0.1524982762641798
75.23,0.02443530909433469,-0.057090805885739976,0.04233016529539436,-0.15436784862153136
75.24,0.02500795537368274,-0.05887153425629171,0.042887327065449295,-0.156193543447226
75.25,0.025574694949775982,-0.06071475274113449,0.04342884928717224,-0.15797566723057385
75.26,0.02613534027061063,-0.06262092917728983,0.04395455445380036,-0.15971454512994443
75.27,0.02668969748176785,-0.06459041633455005,0.04446426938090308,-0.16141052091983785
75.28,0.027237566395792258,-0.06662345097736648,0.04495782517149548,-0.16306395660015072
75.29,0.027778740473190674,-0.0687201528207957,0.04543505717932612,-0.16467523210187063
75.3,0.028313006815140044,-0.07088052375725744,0.045895804970378186,-0.16624474490238297
75.31,0.028840146167981886,-0.07310444716940293,0.04633991228261706,-0.16777290964203095
75.32000000000001,0.02935993293814146,-0.07539173352028788,0.04676722698457502,-0.1692601399356828
75.33,0.029872135197483902,-0.07774269574704748,0.04717760103176001,-0.17070691053402415
75.34,0.030376514639016066,-0.08015850076080282,0.047570890387573436,-0.17211474923665662
75.35000000000001,0.030872826466468706,-0.0826407764502511,0.04794695488820329,-0.17348527499290706
75.36,0.03136081927698705,-0.08519009822106696,0.048305658100388525,-0.17481951727732642
75.37,0.03184023500804696,-0.08780635325943227,0.048646867210682176,-0.17611836900602634
75.38,0.0323108089501398,-0.09048907182329051,0.04897045294254866,-0.17738241659571896
75.39,0.032772269816602716,-0.0932369428300112,0.04927628947692143,-0.17861271208266058
75.4,0.03322433991643868,-0.0960468908254945,0.04956425428707687,-0.1798125346823848
75.41,0.03366673547589542,-0.09891438103076647,0.0498342278052803,-0.18098675242624299
75.42,0.034099167068868994,-0.10183481676443608,0.0500860929819707,-0.18213974724484303
75.43,0.034521340068080074,-0.10480395890459283,0.05031973485958077,-0.1832751878697586
75.44,0.034932955067471065,-0.10781796459302713,0.05053504021101902,-0.18439610078515958
75.45,0.035333708268492664,-0.11087329483268078,0.05073189724746252,-0.185504750856179
75.46000000000001,0.03572329184065812,-0.11396650158756855,0.050910195386757916,-0.18660306924552666
75.47,0.03610139426899888,-0.11709421781652196,0.051069825064698635,-0.1876926195104125
75.48,0.036467700695918134,-0.12025306645593094,0.051210677579244204,-0.18877469969211863
75.49,0.03682189327335612,-0.12343929664325493,0.05133264497794061,-0.1898498688930394
75.5,0.03716365156797358,-0.12664804044271075,0.05143562010783871,-0.190914774050831
75.51,0.03749265306327636,-0.1298733124556594,0.05151949703252147,-0.1919609005554659
75.52,0.03780857375083647,-0.13310874042598908,0.05158417183393011,-0.19297802891846735
75.53,0.03811108876231378,-0.13634796103902616,0.051629543610179726,-0.19395562093981797
75.54,0.03839987300533463,-0.13958471499388742,0.0516555155034944,-0.19488376402101337
75.55,0.038674601792936705,-0.14281277460490366,0.05166199570228772,-0.19575258691267772
75.56,0.03893495146445547,-0.14602606733534743,0.05164889840494313,-0.19655299350399702
75.57000000000001,0.03918059999141476,-0.14921873267768282,0.05161614469476389,-0.1972774993083503
75.58,0.03941122757273369,-0.15238481234593523,0.051563663369832945,-0.19791700624550593
75.59,0.039626517220303865,-0.1555186752793511,0.0514913917291745,-0.1984653824997615
75.60000000000001,0.03982615534030728,-0.15861436200401452,0.05139927626584728,-0.19891579886990435
75.61,0.04000983233084629,-0.16166569518492613,0.05128727335842572,-0.19926069666488846
75.62,0.04017724320217347,-0.16466631881753085,0.05115534992995033,-0.19949518536622424
75.63,0.04032808821176957,-0.16760981578226156,0.05100348399094204,-0.19961432888359434
75.64,0.04046207350199136,-0.17048989230037565,0.050831665133866236,-0.19961312976298248
75.65,0.04057891173449064,-0.17330019522754916,0.050639895001882165,-0.19948755154853323
75.66,0.04067832271457268,-0.17603470754531117,0.050428187685476765,-0.1992343964336623
75.67,0.04076003399650893,-0.17868752353942566,0.050196570050361995,-0.19885073727710564
75.68,0.0408237814751319,-0.18125278261168287,0.04994508203231381,-0.19833374877516344
75.69,0.040869309963946214,-0.18372491166499774,0.04967377690152972,-0.19768125749074092
75.7,0.04089637375224043,-0.18609852303664368,0.04938272146742925,-0.19689191197766528
75.71000000000001,0.04090473714573465,-0.18836827587042768,0.049071996211233086,-0.19596496865094032
75.72,0.040894174998002124,-0.19052892870131066,0.04874169536993091,-0.19489976071600632
75.73,0.04086447323348788,-0.1925753174075604,0.04839192699040614,-0.1936960771560431
75.74,0.040815429346454386,-0.19450286464414507,0.048022812945341935,-0.19235416740219236
75.75,0.04074685286220509,-0.19630722104054718,0.04763448888680736,-0.19087527241015018
75.76,0.040658565781475635,-0.19798383649167603,0.047227104129399754,-0.18926103490929888
75.77,0.040550403023579144,-0.19952837071139495,0.04680082149623837,-0.18751302422312874
75.78,0.04042221283904249,-0.20093725904171936,0.04635581714221736,-0.18563340723284588
75.79,0.04027385717499952,-0.20220708681504843,0.045892280332053684,-0.18362490683607222
75.8,0.04010521202283106,-0.2033342727418186,0.04541041316549598,-0.18149068654467018
75.81,0.03991616775767212,-0.20431566411498356,0.04491043026993628,-0.1792339057612893
75.82000000000001,0.03970662945023425,-0.20514842100699732,0.044392558484655446,-0.1768577200353878
75.83,0.03947651714868709,-0.2058298938323602,0.04385703653856384,-0.1743655049243638
75.84,0.03922576613386716,-0.2063577876648472,0.04330411470708927,-0.17176096256605555
75.85000000000001,0.03895432714592757,-0.20673003872840032,0.042734054443223105,-0.1690479695523697
75.86,0.038662166589608436,-0.2069446745618206,0.04214712798831179,-0.16623057099828012
75.87,0.03834926672488926,-0.20699989759222887,0.041543617965775916,-0.16331298425336305
75.88,0.03801562583946841,-0.20689415658749047,0.04092381696303618,-0.16029942582619977
75.89,0.03766125839218654,-0.2066263316490129,0.04028802711059208,-0.15719409617858487
75.9,0.03728619512134363,-0.20619558869237684,0.03963655965893276,-0.15400129269392607
75.91,0.036890483127385965,-0.2056011870631111,0.038969734543032146,-0.15072557064644201
75.92,0.036474185943815456,-0.20484243179181283,0.03828787992723486,-0.14737164644717946
75.93,0.03603738359353541,-0.20391896356000164,0.03759133173921918,-0.1439441679188946
75.94,0.03558017261465699,-0.2028308432326863,0.03688043320903838,-0.14044762537061742
75.95,0.03510266605265013,-0.2015783323757679,0.036155534412941316,-0.13688665038042777
75.96000000000001,0.03460499342720839,-0.200161919376477,0.035416991811743966,-0.13326592631738654
75.97,0.034087300680599536,-0.19858219881055997,0.03466516778498921,-0.12959009998440624
75.98,0.03354975010742993,-0.19684005031692828,0.033900430163272044,-0.12586390329594077
75.99,0.03299252025965062,-0.19493662983319518,0.03312315176133176,-0.1220919307933073
76.0,0.032415805825037246,-0.19287332689629436,0.032333709915740264,-0.11827879368869952
76.01,0.031819817479646566,-0.1906518224279429,0.03153248602625703,-0.1144290457895041
76.02,0.031204781715647882,-0.18827397858307715,0.030719865102648618,-0.1105471452226068
76.03,0.030570940648392424,-0.18574185297802603,0.029896235319585445,-0.10663747809480523
76.04,0.02991855180370754,-0.18305771478917646,0.029061987581032556,-0.10270429946750709
76.05,0.02924788788525977,-0.18022401517580133,0.028217515095618272,-0.09875176483024314
76.06,0.028559236523195187,-0.17724338544200335,0.02736321296316841,-0.09478391125659577
76.07000000000001,0.027852900004349295,-0.17411864957065812,0.026499477773397458,-0.09080463528717987
76.08,0.027129194985801977,-0.17085274797949437,0.025626707216362593,-0.08681775326106216
76.09,0.026388452194351403,-0.16744876843641832,0.024745299703399618,-0.08282696014289659
76.10000000000001,0.025631016112258525,-0.16390993427077272,0.023855653999384163,-0.07883582920279608
76.11,0.024857244648656483,-0.16023962318210286,0.02295816886806818,-0.07484778245934302
76.12,0.024067508795767377,-0.15644137289601245,0.02205324273245054,-0.07086607468752687
76.13,0.023262192271991475,-0.15251879320459297,0.02114127334916343,-0.06689387080481816
76.14,0.022441691153320356,-0.14847565648184624,0.020222657496432254,-0.06293414660219557
76.15,0.02160641349202521,-0.14431584314476373,0.019297790677584966,-0.058989734007680664
76.16,0.02075677892284669,-0.1400433641159386,0.01836706684078135,-0.0550632905094976
76.17,0.019893218257077905,-0.1356623470909785,0.0174308781153942,-0.05115730501919333
76.18,0.019016173066200747,-0.13117699072763078,0.016489614564172885,-0.0472741362652748
76.19,0.018126095257303017,-0.1265915745588774,0.015543663949707957,-0.04341599562494462
76.2,0.017223446641116795,-0.1219104454367811,0.014593411515038388,-0.039584955268066685
76.21000000000001,0.016308698493219843,-0.11713801550193302,0.013639239778669513,-0.035782937286650246
76.22,0.015382331109059642,-0.11227875293548802,0.012681528344194865,-0.032011719463507
76.23,0.014444833353443825,-0.10733717732941155,0.011720653724059614,-0.02827294810752083
76.24,0.013496702205198744,-0.10231785053341298,0.010756989176786262,-0.024568135574058493
76.25,0.012538442297649045,-0.09722537288670301,0.009790904557521948,-0.020898660274243464
76.26,0.011570565455432684,-0.09206437890571982,0.008822766181840786,-0.017265770663661535
76.27,0.010593590228173034,-0.08683952988588903,0.007852936702567896,-0.013670586971201666
76.28,0.009608041421654879,-0.08155550774872092,0.006881774999343631,-0.010114104821424906
76.29,0.008614449627125507,-0.0762170094609783,0.005909636080615483,-0.006597198403249849
76.3,0.007613350749292222,-0.07082874140030532,0.004936870997705101,-0.00312062421061934
76.31,0.006605285533599708,-0.06539541323901839,0.003963826770596327,0.0003149752548708809
76.32000000000001,0.0055907990934430845,-0.05992172995115167,0.002990846325054376,0.003709067538029049
76.33,0.00457044043782436,-0.05441239212364567,0.002018268440656361,0.007061225424888234
76.34,0.0035447619998811254,-0.04887208684008127,0.0010464277092706055,0.010371121682966921
76.35000000000001,0.002514319166842636,-0.043305484220118234,7.565450357569482e-05,0.013638526810227971
76.36,0.0014796698117960818,-0.03771723640351725,-0.0008937250446882495,0.016863306328263043
76.37,0.00044137382762907324,-0.0321119696867089,-0.0018613890571220189,0.02004541472101447
76.38,-0.0006000073362876343,-0.026494279611809158,-0.002827019912221338,0.023184890728881743
76.39,-0.0016439111341545296,-0.020868726659757048,-0.003790304240561064,0.02628185299832735
76.4,-0.0026897743800846446,-0.015239831736501537,-0.004750932912056204,0.029336495514235554
76.41,-0.003737033700181938,-0.009612068300442407,-0.005708601015801266,0.03234908146300979
76.42,-0.004785125979914897,-0.003989863313037599,-0.006663007832927853,0.03531994144706999
76.43,-0.005833488806605694,0.0016224048955239977,-0.007613856802816824,0.03824946965346528
76.44,-0.006881560906738712,0.007220413269398832,-0.00856085548307071,0.04113811815233041
76.45,-0.007928782577613014,0.012799897580803908,-0.009503715503738573,0.04398639263725451
76.46000000000001,-0.008974596112925042,0.018356655979800615,-0.01044215251623587,0.04679484820930218
76.47,-0.010018446221937337,0.023886552322546724,-0.01137588613738053,0.04956408527594356
76.48,-0.011059780441899746,0.02938551941212781,-0.01230463988895682,0.05229474551133446
76.49,-0.012098049543305909,0.03484956533453918,-0.01322814113228756,0.05498753767140869
76.5,-0.013132707927403314,0.040274780742955554,-0.014146120996526937,0.057643241109033884
76.51,-0.01416321401580061,0.045657328794931694,-0.015058314302904817,0.06026261137607147
76.52,-0.015189030632470932,0.050993445882099815,-0.0159644594884457,0.06284641347331377
76.53,-0.016209625377968905,0.05627945159760201,-0.016864298528707522,0.06539544398312015
76.54,-0.01722447099520659,0.0615117542664428,-0.01775757685842413,0.06791051136766107
76.55,-0.01823304572645344,0.06668684753134266,-0.018644043290327608,0.0703924439970377
76.56,-0.019234833661521917,0.07180131338345974,-0.019523449932387957,0.07284208251158715
76.57000000000001,-0.020229325076922315,0.07685182634866616,-0.020395552103786442,0.0752602770071693
76.58,-0.0212160167656829,0.081835155022683,-0.021260108250014433,0.07764788343017638
76.59,-0.022194412357629683,0.08674816390512635,-0.022116879857418857,0.08000576057759455
76.60000000000001,-0.023164022630345563,0.09158780296090459,-0.022965631367567765,0.08233476500149563
76.61,-0.02412436581095997,0.09635111940774536,-0.023806130091714735,0.08463575211383947
76.62,-0.025074967868190905,0.10103526339501813,-0.02463814612541723,0.08690957558735224
76.63,-0.026015362794240954,0.10563748297110208,-0.025461452261361497,0.08915715131832876
76.64,-0.02694509287644285,0.11015513229218074,-0.02627582389659639,0.09137947903919447
76.65,-0.027863708958242573,0.11458567483023284,-0.02708103893847932,0.09357742625349504
76.66,-0.028770770689271707,0.11892668086752331,-0.0278768777174706,0.09575179627131032
76.67,-0.02966584676461873,0.12317582674246136,-0.02866312290540251,0.09790340280119735
76.68,-0.030548515153312264,0.12733089797102326,-0.029439559434923164,0.10003304636882417
76.69,-0.0314183633158677,0.13138978960763434,-0.030205974420232665,0.10214150019401254
76.7,-0.03227498841082198,0.13535050617520783,-0.030962157080438073,0.1042295049598818
76.71000000000001,-0.033117997490244015,0.1392111622394873,-0.03170789866562763,0.10629778295090248
76.72,-0.03394700768418595,0.14296998276548736,-0.03244299238530763,0.10834703042944582
76.73,-0.03476164637404052,0.14662530348301364,-0.0331672333392362,0.11037791957732514
76.74,-0.03556155135478277,0.15017557089436595,-0.03388041845079206,0.11239109578757911
76.75,-0.036346370986117885,0.15361934155942014,-0.03458234640298201,0.114387177350002
76.76,-0.03711576433251768,0.15695528388172622,-0.03527281757717913,0.11636675463094548
76.77,-0.03786940129206805,0.1601821782982173,-0.03595163399467286,0.11833038909624709
76.78,-0.03860696271411648,0.1632989161509426,-0.03661859926112657,0.12027861247475949
76.79,-0.03932814050577389,0.1663044998954332,-0.03727351851401631,0.12221192613509733
76.8,-0.04003263772727976,0.16919804330115015,-0.03791619837311747,0.12413080042034955
76.81,-0.04072016867623387,0.17197877106946352,-0.038546446894097655,0.12603567420035675
76.82000000000001,-0.04139045896072765,0.17464601831412546,-0.03916407352526311,0.12792695451807137
76.83,-0.04204324556142224,0.17719923027889065,-0.039768889067492624,0.12980501625970362
76.84,-0.04267827688261425,0.17963796184490585,-0.04036070563739127,0.13167020192641785
76.85000000000001,-0.04329531279234024,0.18196187704840777,-0.040939336633682905,0.1335228214652799
76.86,-0.04389412465157289,0.1841707485010415,-0.04150459670686113,0.1353631521743035
76.87,-0.04447449533256879,0.1862644567655507,-0.042056301732104666,0.13719143867193823
76.88,-0.045036219226438946,0.18824298966147726,-0.04259426878546009,0.1390078929305127
76.89,-0.045579102240008544,0.19010644151267794,-0.043118316123287426,0.14081269437091976
76.9,-0.04610296178205248,0.19185501233072158,-0.04362826316495817,0.14260599001540458
76.91,-0.04660762673898583,0.19348900693636337,-0.044123930478790645,0.14438789469662627
76.92,-0.04709293744010444,0.1950088340175948,-0.044605139771199925,0.14615849131989003
76.93,-0.047558745612473176,0.19641500512439058,-0.045071713879034955,0.14791783117646165
76.94,-0.048004914325563676,0.1977081335998488,-0.045523476765071645,0.14966593430525144
76.95,-0.04843131792575606,0.1988889334475852,-0.045960253516625874,0.15140278990048708
76.96000000000001,-0.04883784196081702,0.19995821813556783,-0.046381870347242726,0.15312835676285882
76.97,-0.04922438310236932,0.2009166436094489,-0.04678815459750083,0.15484269069960124
76.98,-0.04959084908699115,0.2017644502742805,-0.047178934724458964,0.15654607952761995
76.99,-0.04993715867483155,0.20250207429774963,-0.04755404029466082,0.1582382619711558
77.0,-0.05026324162496501,0.20312935968305357,-0.047913302033920406,0.15991786665275967
77.01,-0.05056903869290751,0.20364625040871132,-0.04825655192725887,0.16158402548751793
77.02,-0.050854501701234636,0.20405053681923785,-0.04858362322321627,0.16323887488351885
77.03,-0.05111959372614177,0.20433963001126848,-0.04889435023271818,0.16488607956326348
77.04,-0.051364289316158725,0.20451188203463427,-0.04918856801619817,0.16652855682987436
77.05,-0.05158857465145014,0.2045663087019774,-0.04946611209097531,0.16816878540872998
77.06,-0.051792447609961774,0.20450328109466653,-0.049726818198670274,0.1698084796093224
77.07000000000001,-0.051975917739424546,0.20432363170560972,-0.049970522142160044,0.17144860354518696
77.08,-0.05213900617594225,0.20402832263801163,-0.05019705967623186,0.1730900702571827
77.09,-0.05228174553090254,0.2036188408797581,-0.050406266422963406,0.17473355465048498
77.10000000000001,-0.0524041797488377,0.20309669450326803,-0.050597977825112904,0.1763789139754627
77.11,-0.05250636397876003,0.20246259011039902,-0.050772029243338575,0.1780228046205478
77.12,-0.05258836450802893,0.2017164808591759,-0.05092825637066232,0.17965724836926983
77.13,-0.05265025875331585,0.20085819054997153,-0.05106649599321005,0.18127251112260975
77.14,-0.052692135262879115,0.19988786807413603,-0.05118658693204578,0.1828587677560992
77.15,-0.052714093693408126,0.19880605234850926,-0.05128837100873295,0.18440669475795973
77.16,-0.0527162447466475,0.19761375791515495,-0.05137169397932322,0.18590724599921168
77.17,-0.052698710063349696,0.1963123764209628,-0.05143640643078149,0.18735182658488608
77.18,-0.052661622081260455,0.19490356267576148,-0.051482364601554725,0.18873339953002913
77.19,-0.05260512386640478,0.19338917918724108,-0.05150943115274098,0.19004374663317936
77.2,-0.05252936892600541,0.19177118766859375,-0.05151747591757173,0.19127624464620258
77.21000000000001,-0.05243452101486469,0.19005147478768392,-0.05150637657737734,0.1924248557342212
77.22,-0.05232075394715897,0.18823181334645053,-0.05147601931155333,0.1934824268443241
77.23,-0.05218825141438255,0.1863140119702427,-0.05142629942620702,0.19444390567578415
77.24,-0.05203720679659532,0.1843001168577284,-0.051357121880766514,0.19530489819634636
77.25,-0.05186782295849859,0.1821922680105258,-0.05126840175679263,0.19606048466846543
77.26,-0.05168031202986117,0.17999281575930345,-0.05116006472656518,0.1967061720740473
77.27,-0.05147489516514755,0.17770439365715746,-0.051032047478802876,0.19723850935605008
77.28,-0.05125180228248067,0.17532972288760124,-0.05088429807581144,0.19765432648775677
77.29,-0.05101127178905479,0.17287164786300305,-0.050716776281569724,0.19795027797946396
77.3,-0.05075355029362787,0.17033318412437914,-0.05052945387943651,0.198123455040733
77.31,-0.05047889230571541,0.1677174310345563,-0.05032231494366095,0.1981718587490057
77.32000000000001,-0.05018755992317446,0.16502762607050306,-0.050095356046165565,0.19809385136818325
77.33,-0.049879822513188087,0.1622669515126423,-0.049848586430359734,0.19788770271469558
77.34,-0.049555956391902356,0.159438638879322,-0.049582028179950534,0.19755176096839466
77.35000000000001,-0.04921624448679663,0.15654644133991377,-0.049295716357132244,0.19708529986708673
77.36,-0.04886097597369863,0.15359407301118994,-0.04898969908402867,0.19648790024568616
77.37,-0.04849044591360112,0.15058498859975084,-0.048664037577003945,0.19575958589166575
77.38,-0.048104954901251606,0.1475227068458475,-0.04831880615733892,0.19490024091692779
77.39,-0.04770480870234451,0.14441118463560623,-0.04795409224827933,0.19391013043645947
77.4,-0.047290317862265806,0.141254563745729,-0.047569996332523276,0.19279028032487053
77.41,-0.046861797308534923,0.1380566191110986,-0.04716663185797028,0.19154193087657737
77.42,-0.04641956596708543,0.13482115095267394,-0.04674412510983562,0.1901665813342884
77.43,-0.04596394637827581,0.13155216751414042,-0.046302615066817245,0.18866569558689045
77.44,-0.04549526430378347,0.12825362810037105,-0.04584225325141948,0.1870408175788116
77.45,-0.04501384832945793,0.12492957272691256,-0.045363203568535515,0.1852937657486417
77.46000000000001,-0.044520029465931955,0.12158402072359098,-0.04486564212157044,0.18342659542457776
77.47,-0.04401414074933873,0.11822097384026371,-0.04434975700678197,0.18144151237974532
77.48,-0.043496516848629936,0.11484426557932709,-0.04381574808956961,0.17934091468705585
77.49,-0.04296749368400184,0.11145765414657305,-0.043263826764292745,0.1771273298008484
77.5,-0.04242740805302499,0.10806488012674438,-0.04269421570271078,0.17480332322954373
77.51,-0.04187659725660605,0.10466976957394342,-0.04210714859647678,0.17237150885607977
77.52,-0.04131539872150582,0.10127613811988652,-0.04150286989317343,0.16983460751257576
77.53,-0.04074414962662101,0.09788764474290407,-0.04088163451912971,0.1671955657955894
77.54,-0.04016318654484504,0.09450770407446706,-0.040243707583253276,0.16445751519004373
77.55,-0.039572845102539285,0.09113965442037404,-0.03958936406483161,0.1616236658497163
77.56,-0.038973459645265725,0.08778691243737982,-0.03891888849657068,0.15869713782420503
77.57000000000001,-0.03836536290276301,0.08445284519594075,-0.038232574648574914,0.1556811142104259
77.58,-0.03774888565773269,0.0811407276969729,-0.03753072520497294,0.15257897288956276
77.59,-0.03712435642670006,0.07785362480891568,-0.0368136514306604,0.1493940595975507
77.60000000000001,-0.03649210115538669,0.07459452825267379,-0.03608167283112212,0.14612987079153375
77.61,-0.03585244292436322,0.07136634981874455,-0.03533511680504192,0.1427899157330821
77.62,-0.03520570166265028,0.06817191978415588,-0.034574318292779176,0.13937772044110663
77.63,-0.03455219386930588,0.06501399225273807,-0.0337996194207681,0.13589690777975738
77.64,-0.03389223234203339,0.0618952688310669,-0.033011369143272844,0.1323510204021242
77.65,-0.03322612591482148,0.058818291731000456,-0.032209922884902153,0.12874364255381035
77.66,-0.032554179207651836,0.055785501274031035,-0.03139564218384546,0.12507831968092006
77.67,-0.03187669238762269,0.0527992331980857,-0.030568894337424928,0.12135855763419
77.68,-0.031193960942068652,0.0498616669120918,-0.02973005205035033,0.11758786277379821
77.69,-0.030506275465028276,0.04697486647545469,-0.028879493085194535,0.11376969411846202
77.7,-0.029813921455995426,0.044140781956378404,-0.02801759991695229,0.10990745374061427
77.71000000000001,-0.02911717913198984,0.04136118753600871,-0.027144759391453083,0.10600454007596954
77.72,-0.02841632325509119,0.0386377099176687,-0.026261362386254674,0.10206431331660674
77.73,-0.027711622975444907,0.0359718220485825,-0.025367803474674603,0.09809009553637425
77.74,-0.02700334168893263,0.03336486102369121,-0.02446448059431991,0.0940851484343737
77.75,-0.026291736907699943,0.030818061751872634,-0.02355179472240467,0.09005263474166895
77.76,-0.0255770601446894,0.028332454136242354,-0.022630149557259845,0.08599571358905504
77.77,-0.024859556813355374,0.0259089679187278,-0.02169995120533681,0.08191743544333119
77.78,-0.02413946614068491,0.023548391104084885,-0.020761607875850567,0.07782077950674401
77.79,-0.02341702109268962,0.021251396450984075,-0.019815529584158286,0.07370862572351129
77.8,-0.022692448311964382,0.019018538445837993,-0.018862127864475244,0.06958375603675691
77.81,-0.021965968068270645,0.016850210124776013,-0.01790181549116895,0.06544889501040209
77.82000000000001,-0.021237794223690865,0.014746663784110943,-0.016935006207238413,0.0613066890350021
77.83,-0.02050813421244645,0.012708002486334342,-0.015962114459960274,0.05715971436223041
77.84,-0.019777189035179204,0.010734186558955987,-0.014983555143894918,0.05301047114857555
77.85000000000001,-0.01904515326756614,0.008825032972862202,-0.01399974335134766,0.04886138491692199
77.86,-0.01831221508305601,0.006980218643079698,-0.013011094130384955,0.044714804712087754
77.87,-0.017578556289526214,0.005199282124749533,-0.012018022250464274,0.04057300329300209
77.88,-0.016844352379619214,0.003481626452806286,-0.011020941975717558,0.036438176671028694
77.89,-0.01610977259447418,0.0018265225523369983,-0.010020266845901741,0.0323124443391781
77.9,-0.0153749800005494,0.00023311181952161977,-0.009016409465005811,0.028197849494990355
77.91,-0.01464013157927915,-0.0012995919984360562,-0.00800978129748467,0.024096359497605364
77.92,-0.013905378329292036,-0.002772698750050096,-0.007000792472078345,0.02000986648098317
77.93,-0.013170865380833573,-0.004187438063490085,-0.0059898515931507,0.015940188195822543
77.94,-0.012436732122013391,-0.005545155774757924,-0.00497736555946507,0.01188906895016064
77.95,-0.011703112336500756,-0.006847309993511411,-0.003963739390298069,0.007858180726924912
77.96000000000001,-0.010970134352281379,-0.00809546711800471,-0.0029493760587800894,0.0038491244054782558
77.97,-0.010237921201065097,-0.009291297658495044,-0.0019346763323401135,-0.0001365688967512842
77.98,-0.009506590787935342,-0.010436571954982333,-0.0009200386201200765,-0.004097436390340041
77.99,-0.008776256070798861,-0.011533155760809034,9.414117278609661e-05,-0.008032082094527711
78.0,-0.008047025249200531,-0.012583005721558111,0.0011074697844204175,-0.01193917524735789
78.01,-0.007319001962045766,-0.013588164748522348,0.002119556728535124,-0.01581744865738408
78.02,-0.0065922854937651995,-0.014550757296819244,0.0031300144208170847,-0.01966569701041883
78.03,-0.0058669709884405594,-0.015472984154079415,0.004138458298935492,-0.0234827750832582
78.04,-0.005143149671353891,-0.016357116455347362,0.005144506936654336,-0.02726759378341738
78.05,-0.004420909077481816,-0.017205493071947187,0.006147782152398809,-0.031019114913768166
78.06,-0.0037003332865430654,-0.018020515887102927,0.00714790911235355,-0.03473635981048254
78.07000000000001,-0.0029815031641200196,-0.018804643655983944,0.008144516427873848,-0.03841840592058047
78.08,-0.0022644966083067335,-0.01956038698180304,0.009137236247389664,-0.042064380918957214
78.09,-0.0015493888012865816,-0.020290300953265075,0.010125704343186291,-0.045673461744950815
78.10000000000001,-0.0008362524652832194,-0.02099698192403281,0.011109560193267901,-0.049244873209448765
78.11,-0.00012515812239485412,-0.021683061605614916,0.012088447058406617,-0.052777887587698954
78.12,0.0005838256421131237,-0.02235120467598241,0.013062012054539522,-0.05627182115794054
78.13,0.0012906319134425319,-0.023004104041517436,0.014029906220734988,-0.059726032733982554
78.14,0.00199519517832747,-0.02364447358324014,0.014991784582897459,-0.06313992240604833
78.15,0.0026974510541299987,-0.0242750432906602,0.01594730621335358,-0.06651293002458106
78.16,0.0033973360165249697,-0.024898553388106624,0.016896134286461077,-0.06984453385846127
