t_s,center_heave_m,center_heave_acc_mps2,buoy_heave_m,buoy_heave_acc_mps2
57.6,-0.04824320182202316,0.32661532038150515,-0.06789823989476133,0.47532235213107077
57.61,-0.04786220742725021,0.3240988398801064,-0.06712006296995017,0.4700328705718775
57.620000000000005,-0.047448835611321453,0.3213667948184893,-0.06629495268007075,0.46437462087490533
57.63,-0.04700336168619259,0.3184185861259979,-0.06542347874107292,0.45835614568943034
57.64,-0.04652608252970061,0.3152556883541012,-0.06450624684251963,0.45198446456410424
57.65,-0.04601731644083725,0.3118808425286583,-0.06354389793863398,0.4452658457059145
57.660000000000004,-0.045477402888185095,0.3082968955495266,-0.06253710759552362,0.4382069146272602
57.67,-0.044906702223545994,0.3045068407499388,-0.061486585326320446,0.43081459804254557
57.68,-0.0443055953826375,0.3005137874168006,-0.06039307389472094,0.423096136293961
57.69,-0.04367448357328028,0.29632097000301966,-0.05925734858824553,0.41505905665898307
57.7,-0.0430137879515505,0.29193173746307854,-0.05808021646251883,0.4067111659196682
57.71,-0.0423239492865166,0.2873495442468712,-0.056862515558249935,0.39806052484120635
57.72,-0.041605427642798225,0.28257702422385605,-0.05560511412128696,0.38911450971005407
57.730000000000004,-0.040858702186554914,0.2776140562687856,-0.054308909932823876,0.3798778608443976
57.74,-0.04008427117005021,0.27245966511349884,-0.052974829806005645,0.3703545833507589
57.75,-0.039282651919185035,0.2671159079271824,-0.05160382907373428,0.3605518314416994
57.76,-0.03845438062794055,0.2615867919903042,-0.0501968908720358,0.3504788151099454
57.77,-0.03760001199273729,0.2558764493933759,-0.04875502525310676,0.34014495779028764
57.78,-0.036720118798077225,0.24998914156229254,-0.04727926824086973,0.3295598883971948
57.79,-0.03581529148981027,0.24392924275092603,-0.04577068086667013,0.3187334140999699
57.800000000000004,-0.034886137736710746,0.23770124104761164,-0.04423034818691997,0.30767551068482163
57.81,-0.033933281980913645,0.2313097297693712,-0.04265937828428967,0.29639630330716854
57.82,-0.032957364977698404,0.22475940500618752,-0.04105890125399601,0.2849060526580856
57.83,-0.03195904332508436,0.21805506002622624,-0.039430068176740656,0.27321513915435336
57.84,-0.030938988983708175,0.2112015803568903,-0.0377740500799063,0.26133404527756815
57.85,-0.029897888787507793,0.20420393810193924,-0.036092036888748756,0.24927333769637514
57.86,-0.02883644394568192,0.1970671889278338,-0.034385236368916446,0.23704366434383406
57.870000000000005,-0.02775536953635697,0.18979646672479109,-0.03265487306131089,0.22465573705108458
57.88,-0.02665539399245555,0.18239697827771786,-0.030902187210788197,0.2121203124097379
57.89,-0.025537258580297432,0.17487399787390692,-0.029128433690449845,0.19944817709225748
57.9,-0.024401716871550266,0.16723285919303882,-0.02733488092344081,0.18665012157269062
57.910000000000004,-0.023249534209014922,0.15947895597109057,-0.025522809803500936,0.17373695153835578
57.92,-0.0220814871956327,0.1516167941253316,-0.023693512586761337,0.1607203773596669
57.93,-0.02089836332272336,0.14364774973715524,-0.02184829164575281,0.14761511587348508
57.94,-0.01970096069331495,0.13557569331147226,-0.019988458130759765,0.1344334962600342
57.95,-0.018490087621540613,0.12740652117333393,-0.018115330750328135,0.1211858830817723
57.96,-0.01726656209492559,0.11914573200734592,-0.01623023468418882,0.1078830220946271
57.97,-0.016031211207398074,0.11079911118601601,-0.014334500525380255,0.09453536015213158
57.980000000000004,-0.01478487058809193,0.10237237509907225,-0.012429463230354492,0.08115331922349023
57.99,-0.013528383825057515,0.09387133083805552,-0.010516461081642049,0.06774714541166242
58.0,-0.0122626018853242,0.08530180152401579,-0.0085968346612425,0.054327034661060064
58.01,-0.01098838253059846,0.07666966698885065,-0.00667192583422272,0.04090304476968143
58.02,-0.009706589729305824,0.06798082356286231,-0.004743076744969434,0.027485076279468588
58.03,-0.008418093066154281,0.05924118417419841,-0.002811628828507804,0.01408288155323944
58.04,-0.0071237671495336915,0.05045669385817287,-0.0008789218359722275,0.0007060922660883432
58.050000000000004,-0.00582449101626155,0.04163332074223434,0.0010537071261419255,-0.01263581871479742
58.06,-0.004521147534932697,0.03277701986075621,0.0029849245405616904,-0.02593357100180779
58.07,-0.003214622808778361,0.02389376758372229,0.004913401406569561,-0.03917803347830141
58.08,-0.0019058055773609646,0.014989551470836505,0.006837814151529173,-0.05236022512212515
58.09,-0.0005955866183370022,0.006070324564992389,0.008756845524696407,-0.06547140332277196
58.1,0.0007151418499619681,-0.002857939137245769,0.010669185472480995,-0.07850294880986082
58.11,0.0020254867651072783,-0.011789304970774395,0.012573531995844642,-0.09144647113602072
58.120000000000005,0.0033345548151591043,-0.020717853733239394,0.01446859198863472,-0.10429375231979109
58.13,0.004641453032000524,-0.029637657403270495,0.0163530820587773,-0.11703670719901788
58.14,0.005945289383279808,-0.03854283767423086,0.018225729332750008,-0.12966746926560951
58.15,0.007245173359583192,-0.04742759722367285,0.020085272239784374,-0.14217839381471756
58.160000000000004,0.00854021655274546,-0.05628626478571147,0.021930461272253014,-0.15456211259049832
58.17,0.009829533226323538,-0.06511317014634158,0.02376005972113124,-0.16681148043973903
58.18,0.011112240888435973,-0.07390248496007329,0.025572844392057332,-0.17891944608975516
58.19,0.012387460873072478,-0.08264835940624252,0.027367606307221896,-0.1908791229376851
58.2,0.013654318924224591,-0.09134498790207568,0.029143151390941504,-0.20268382847442631
58.21,0.014911945776371713,-0.0999866255497333,0.030898301135410484,-0.21432708987900648
58.22,0.016159477727911355,-0.10856763049489965,0.03263189324465522,-0.22580267401975723
58.230000000000004,0.01739605720691497,-0.11708240569765699,0.034342782256252855,-0.23710455009980402
58.24,0.01862083333211721,-0.1255253709204489,0.036029840142894794,-0.24822686266841462
58.25,0.01983296247146105,-0.13389096932433206,0.03769195689595706,-0.25916392875207955
58.26,0.02103160879770014,-0.14217369077107164,0.03932804109123777,-0.26991025437676747
58.27,0.022215944840913455,-0.15036803492062575,0.04093702043707902,-0.2804605031417911
58.28,0.023385152037848408,-0.15846855785014752,0.04251784230518731,-0.29080952561072015
58.29,0.024538421276763943,-0.1664698639799565,0.044069474243720146,-0.3009523465136989
58.300000000000004,0.02567495343733754,-0.17436660325331188,0.04559090447278421,-0.3108841618262878
58.31,0.02679395992562731,-0.1821534809003277,0.04708114236273512,-0.32060033892278283
58.32,0.02789466320341897,-0.1898252653048509,0.04853921889537552,-0.3300964150987919
58.33,0.028976297310892414,-0.19737680363295576,0.049964187107826956,-0.33936810721925653
58.34,0.030038108382438634,-0.20480299707250402,0.05135512251939046,-0.3484112871395089
58.35,0.03107935515607726,-0.2120988159350868,0.05271112354225959,-0.3572219867155073
58.36,0.03209930947551047,-0.21925932256302727,0.05403131187594623,-0.3657964100826351
58.370000000000005,0.033097256783623054,-0.22627966329522542,0.05531483288511054,-0.3741309209531513
58.38,0.034072496607690364,-0.23315505822034382,0.05656085596155518,-0.3822220306484749
58.39,0.03502434303654079,-0.23988081490933238,0.057768574871054704,-0.3900664033409795
58.4,0.035952125207744726,-0.24645172736361193,0.058937208057142414,-0.3976617586267374
58.410000000000004,0.03685518797561125,-0.2528574957753735,0.06006599864993391,-0.40501358647140717
58.42,0.03773289276032745,-0.25909043046057106,0.06115421418042705,-0.412123811652147
58.43,0.03858461825466401,-0.26514653935549654,0.062201146476726143,-0.4189891962683586
58.44,0.03940976090561671,-0.27102153272616325,0.06320611186332312,-0.4256072254431597
58.45,0.04020773532661719,-0.2767114775401114,0.06416845143356453,-0.43197516046200973
58.46,0.040977974696964986,-0.2822124725374873,0.06508753131133213,-0.4380905077505507
58.47,0.04171993114651236,-0.2875208133988782,0.06596274290485163,-0.4439507799511661
58.480000000000004,0.04243307612616342,-0.2926329182936742,0.06679350315147665,-0.44955361530644455
58.49,0.0431169007634396,-0.2975453655000137,0.06757925475428012,-0.4548967128077056
58.5,0.04377091620324782,-0.3022548763922688,0.06831946641040074,-0.4599778611757063
58.51,0.04439465393352982,-0.3067583288722968,0.06901363303149681,-0.46479492270506206
58.52,0.0449876660956149,-0.3110527527500213,0.06966127595638343,-0.4693458380286358
58.53,0.04554952577908016,-0.31513533489119416,0.0702619431560636,-0.473628621977091
58.54,0.04607982730094646,-0.31900341977968055,0.07081520943122761,-0.4776413646355004
58.550000000000004,0.046578186468986864,-0.3226545122817006,0.07132067660229356,-0.4813822301847496
58.56,0.04704424082933372,-0.3260862669098115,0.07177797369238711,-0.48484944521060014
58.57,0.04747764992628029,-0.32929559959612015,0.07218675713126609,-0.4880404106713943
58.58,0.04787809568645755,-0.33227648116063113,0.07254671109194502,-0.4909495093271641
58.59,0.048245283005045915,-0.33502152030140053,0.0728575480371334,-0.4935696837539933
58.6,0.048578940396795764,-0.33752528871529186,0.07311900933903734,-0.4958957359050831
58.61,0.048878820485117165,-0.3397853339317656,0.07333086574768426,-0.49792532260349387
58.620000000000005,0.0491447002667404,-0.3418004560286982,0.07349291764631141,-0.4996572424319885
58.63,0.04937638125119561,-0.34356960131245345,0.07360499519251129,-0.5010903419109631
58.64,0.04957368956065341,-0.34509196384626645,0.07366695842980794,-0.5022236186368957
58.65,0.04973647601131571,-0.3463668446092923,0.07367869741882743,-0.5030551631144975
58.660000000000004,0.049864616220302374,-0.34739238822431334,0.0736401329093421,-0.5035668964890729
58.67,0.049958010814161465,-0.34816522863163146,0.07355121845100582,-0.503720577626347
58.68,0.05001658570616179,-0.34868292896330627,0.07341194354922063,-0.5034867107617439
58.69,0.05004029229015361,-0.34894523496555074,0.07322233605722975,-0.5028594582218586
58.7,0.05002910748529157,-0.3489526356392095,0.07298246302466659,-0.5018395444240379
58.71,0.04998303369635422,-0.34870576710069084,0.0726924307697624,-0.5004272078329989
58.72,0.04990209874411317,-0.3482055242973115,0.07235238481931149,-0.4986235499298245
58.730000000000004,0.049786355773876884,-0.347453000722162,0.07196250980988679,-0.49642985834722353
58.74,0.04963588314220055,-0.34644951364050125,0.07152302934674991,-0.4938479418705061
58.75,0.04945078428226337,-0.345196586204337,0.07103420582256244,-0.49087995932493445
58.76,0.049231187548194014,-0.3436959507692691,0.07049634019529259,-0.48752849875496257
58.77,0.048977246038780446,-0.34194954099253166,0.06990977172626227,-0.4837965295215185
58.78,0.048689137400982054,-0.33995948925609404,0.06927487767862216,-0.4796874187142519
58.79,0.04836706361370677,-0.3377281207927118,0.06859207297690073,-0.47520491468416654
58.800000000000004,0.04801125076210956,-0.33525763249978346,0.06786180981863699,-0.47035345419743096
58.81,0.04762194885408743,-0.33254893614912223,0.06708457718887459,-0.46513927633339436
58.82,0.04719943173462143,-0.32960191129079536,0.06626090022432687,-0.45957016697886105
58.83,0.046743997071223176,-0.32641660720854987,0.06539133945441679,-0.45365427342004466
58.84,0.04625596630300353,-0.3229946407704625,0.06447649002543189,-0.44739872238921075
58.85,0.04573568445797748,-0.31933928264643363,0.06351698100270872,-0.4408095144848351
58.86,0.0451835198457292,-0.31545419463729496,0.06251347474583827,-0.4338927396697521
58.870000000000005,0.04459986369420781,-0.31134316633124476,0.06146666629151824,-0.42665481805740063
58.88,0.04398512976633858,-0.30701018757161175,0.060377282710882316,-0.4191024115649237
58.89,0.04333975395949433,-0.3024594024650625,0.05924608244007002,-0.41124245112776464
58.9,0.042664193888264625,-0.2976951224022982,0.05807385458539586,-0.4030821057072425
58.910000000000004,0.041958928451361226,-0.2927218075524736,0.05686141820422298,-0.3946287785013732
58.92,0.04122445740160784,-0.2875434743434993,0.05560962158112682,-0.38588949834266717
58.93,0.04046130100306435,-0.2821619322455461,0.054319341584062625,-0.37686915091777584
58.94,0.03966999984617895,-0.276577687494414,0.05299148317229622,-0.36757137307766874
58.95,0.03885111471405782,-0.2707930889297793,0.051626978949505783,-0.3580017078766068
58.96,0.03800522630755717,-0.2648129463009083,0.05022678856936057,-0.3481682277348918
58.97,0.037132934794907806,-0.2586426391573528,0.04879189795930478,-0.3380796283741791
58.980000000000004,0.036234859283759704,-0.25228757565112414,0.047323318461339046,-0.3277446786106062
58.99,0.03531163727480696,-0.24575335188196656,0.045822085949712196,-0.3171723792616912
59.0,0.034363924102659794,-0.23904565984900994,0.04428925993170655,-0.3063718604137718
59.01,0.03339239236434005,-0.23217032043106306,0.042725922632660646,-0.2953524072015477
59.02,0.03239773133642623,-0.22513325604492218,0.04113317806688739,-0.28412343094033876
59.03,0.03138064638146168,-0.21794049340921534,0.039512151095468385,-0.27269446695093064
59.04,0.03034185834443295,-0.21059815070507704,0.03786398647212984,-0.2610751571858063
59.050000000000004,0.029282102939980566,-0.20311243479363786,0.036189847878153936,-0.24927524848246552
59.06,0.028202130131075104,-0.19548963035528236,0.03449091694740322,-0.23730457131454596
59.07,0.027102703500051274,-0.18773609001336958,0.03276839228318525,-0.2251730189574687
59.08,0.025984599612882693,-0.1798582282685373,0.03102348846856439,-0.21289054279723504
59.09,0.02484860737740077,-0.17186251470730493,0.029257435071055767,-0.2004671428036504
59.1,0.023695527396141246,-0.1637554666801036,0.02747147564259283,-0.1879128566996307
59.11,0.022526171314397173,-0.1555436466473422,0.025666866715426246,-0.17523776194173307
59.120000000000005,0.021341361164612948,-0.14723363442907716,0.02384487679464209,-0.16245195700862944
59.13,0.020141928760512864,-0.13883034310109058,0.022006785298376387,-0.1495671753800928
59.14,0.018928715234137545,-0.13033671203865,0.020153881357021678,-0.13659708942556803
59.15,0.01770257061879872,-0.12175841814594408,0.018287462566844676,-0.12355269968708694
59.160000000000004,0.016464353296761068,-0.11310240608989428,0.016408833875395646,-0.11044377000794461
59.17,0.015214929342286068,-0.10437523258838277,0.014519306570393537,-0.09728039946850307
59.18,0.013955171852441727,-0.09558366155375055,0.012620197285066631,-0.08407240836939527
59.19,0.012685960278381465,-0.08673435950897072,0.010712827009864317,-0.07082964179469259
59.2,0.011408179755718976,-0.07783404648855832,0.008798520112132698,-0.05756182510842022
59.21,0.010122720434916155,-0.06888941986053171,0.006878603362531389,-0.044278640333652024
59.22,0.008830476812082117,-0.05990716671196841,0.004954404969197749,-0.030989663691297218
59.230000000000004,0.007532347061761352,-0.050893941539727434,0.003027253621775517,-0.017704348256817083
59.24,0.006229232371906071,-0.04185638754579405,0.0010984775469530562,-0.00443203867094504
59.25,0.0049220362807269845,-0.03280112668980962,-0.0008305964260270788,0.008817991649610625
59.26,0.0036116640164297396,-0.023734729460399662,-0.002758643789154174,0.022036633492195132
59.27,0.002299021841235016,-0.014663724030519236,-0.004684343265804106,0.035214911274356026
59.28,0.0009850163990896975,-0.005594620187187558,-0.006606377708637814,0.04834392795815965
59.29,-0.0003294459326339376,0.0034661444971697546,-0.008523434985267728,0.06141497215133801
59.300000000000004,-0.0016434596858934407,0.01251218440464349,-0.010434208849209562,0.074419462280222
59.31,-0.0029561209397541565,0.02153714543063515,-0.012337399797096391,0.08734893560875848
59.32,-0.004266527952855048,0.03053476159298649,-0.014231715911622983,0.10019511882744939
59.33,-0.005573781790073229,0.03949879337376725,-0.0161158736891652,0.11294985629116978
59.34,-0.006876986943562014,0.04842308458015315,-0.017988598851856424,0.12560518662944511
59.35,-0.008175251946468965,0.057301565784213644,-0.01984862714179521,0.1381533415486007
59.36,-0.009467689979919647,0.06612819355284848,-0.021694705096634223,0.15058672286616478
59.370000000000005,-0.010753419476708421,0.0748969339146564,-0.02352559080805458,0.16289789134553057
59.38,-0.012031564723915582,0.08360175573441982,-0.02534005466475379,0.17507954641082457
59.39,-0.013301256457005733,0.09223689258186582,-0.02713688008108197,0.18712452938642157
59.4,-0.014561632433871843,0.10079680207453458,-0.028914864211249322,0.19902583429005694
59.410000000000004,-0.01581183798974816,0.10927603390517665,-0.0306728186479746,0.21077662524769195
59.42,-0.017051026581172992,0.11766920258045947,-0.03240957010422892,0.2223702445760646
59.43,-0.018278360322734392,0.12597099407940743,-0.034123961077483715,0.2338002077094962
59.44,-0.019493010515652616,0.13417620337232541,-0.035814850496812475,0.2450601948077286
59.45,-0.02069415816534351,0.14227976256151514,-0.03748111435315911,0.2561440571508521
59.46,-0.021880994485402164,0.15027675504378968,-0.03912164631266741,0.26704581576263364
59.47,-0.02305272138788575,0.15816237887954737,-0.04073535831304677,0.2777596603387674
59.480000000000004,-0.024208551960945682,0.1659319626709976,-0.042321181143033376,0.2882799496911823
59.49,-0.025347710933026305,0.17358098872600228,-0.043878065005007405,0.29860120979707666
59.5,-0.026469435123177988,0.18110506092890347,-0.045404980060843876,0.30871813409922505
59.51,-0.02757297387820219,0.18849991803842317,-0.04690091696113524,0.31862557971412847
59.52,-0.02865758949663485,0.1957614328886328,-0.04836488735787077,0.3283185704872824
59.53,-0.029722557639284383,0.20288561435999344,-0.04979592440070516,0.3377922902031064
59.54,-0.030767167726735895,0.20986859166563568,-0.05119308321705339,0.34704208385749136
59.550000000000004,-0.031790723324438254,0.2167066180570587,-0.0525554413760018,0.3560634601194312
59.56,-0.03279254251500143,0.22339608725381488,-0.05388209933622749,0.36485208018636933
59.57,-0.03377195825730458,0.22993351774434342,-0.05517218087836871,0.3734037601271312
59.58,-0.03472831873338644,0.23631553580512193,-0.05642483352175445,0.3817144768833275
59.59,-0.03566098768365034,0.24253889574177093,-0.05763922892551373,0.3897803562777597
59.6,-0.03656934472970141,0.24860048041897145,-0.05881456327464108,0.39759766988438955
59.61,-0.037452785730583305,0.25449580433467617,-0.05995005758499175,0.4051649872379147
59.620000000000005,-0.03831072334911661,0.2602156826339777,-0.06104495767237562,0.41248799052190543
59.63,-0.0391425877511353,0.2657550190914849,-0.062098533898284985,0.4195667476650284
59.64,-0.03994782710321172,0.27111171400721834,-0.06311008117684269,0.42639729329124393
59.65,-0.04072590786169734,0.27628302097155627,-0.06407891925365079,0.4329768984799134
59.660000000000004,-0.04147631501808587,0.28126672783914863,-0.06500439301798124,0.43930235631140374
59.67,-0.04219855233265944,0.2860605629652726,-0.06588587280258806,0.44537083355539464
59.68,-0.04289214255337859,0.29066248782607707,-0.06672275467628055,0.4511794387995033
59.69,-0.043556627621900275,0.29507054751317796,-0.06751446072709391,0.4567254385505602
59.7,-0.04419156886604337,0.2992829448304938,-0.0682604393373058,0.4620061474498694
59.71,-0.04479654717927585,0.30329799878139774,-0.06896016544970321,0.4670189848798966
59.72,-0.04537116318736367,0.30711415919525664,-0.06961314082549265,0.47176144180468965
59.730000000000004,-0.04591503740262579,0.31072999533928425,-0.07021889429400191,0.4762310928963925
59.74,-0.04642781036601538,0.31414419733206045,-0.07077698199434716,0.48042559290208664
59.75,-0.04690914277732615,0.31735557161385536,-0.07128698760894565,0.4843426784309668
59.76,-0.04735871561374058,0.3203630403366909,-0.07174852258893692,0.48798016526175747
59.77,-0.04777623024947165,0.3231652318295062,-0.07216122638403659,0.49133554601320123
59.78,-0.04816140867268445,0.32575801971442675,-0.07252476677207526,0.4944035494021564
59.79,-0.048513993918049295,0.328134887703001,-0.07283884040550918,0.4971765027396525
59.800000000000004,-0.04883375063296126,0.33029057669268097,-0.07310317349342037,0.49964795421669395
59.81,-0.049120465529097566,0.33222306234643184,-0.0733175223721687,0.5018146426323673
59.82,-0.04937394759862894,0.33393196656635155,-0.07348167384461501,0.5036749181683774
59.83,-0.049594028179950386,0.3354170834636855,-0.07359544537203463,0.5052272831688264
59.84,-0.0497805609776067,0.33667836257107814,-0.07365868522228088,0.5064703824550811
59.85,-0.04993342206713212,0.33771588418129145,-0.07367127260642437,0.5074029085966358
59.86,-0.050052509911758365,0.33852903586949,-0.07363311811092998,0.5080138107884
59.870000000000005,-0.05013774547762782,0.33911503841353313,-0.0735441654477998,0.508264894432763
59.88,-0.050189072466310304,0.33947122129411544,-0.07340439474379133,0.5081177634876507
59.89,-0.050206457506729064,0.339597441995045,-0.0732138254960305,0.507562524242791
59.9,-0.05018989018973488,0.3394945434566495,-0.07297251780644268,0.506599575064446
59.910000000000004,-0.05013938300178632,0.33916344439291535,-0.07268057255812509,0.5052288875444793
59.92,-0.050054971229692095,0.3386052498706255,-0.07233813138119922,0.5034513504281855
59.93,-0.04993671285072621,0.337821192528057,-0.07194537657433485,0.5012680946066667
59.94,-0.049784688408133576,0.3368126554436453,-0.07150253097837046,0.49868082863703195
59.95,-0.04959900087262968,0.33558115331310484,-0.07100985780408668,0.4956916675201509
59.96,-0.0493797754902101,0.3341283373980661,-0.07046766041350132,0.4923032126442068
59.97,-0.049127159616623534,0.3324559881645104,-0.06987628205557153,0.4885185047128406
59.980000000000004,-0.04884132253883754,0.3305660132668116,-0.06923610555658281,0.48434103884877666
59.99,-0.04852245528409688,0.3284604359922897,-0.06854755296573678,0.47977475386764
60.0,-0.04817077043586159,0.32614079008832525,-0.06781108513818762,0.47482461501831935
60.01,-0.04778650202393402,0.3236069148751675,-0.06702720119134489,0.46949776790389514
60.02,-0.04736990553827332,0.320857667199233,-0.06619643778788602,0.4638028278226226
60.03,-0.046921258004883684,0.3178925499003686,-0.06531936830715557,0.4577482798240864
60.04,-0.046440857984587434,0.3147131593560079,-0.06439660204161143,0.4513410655177105
60.050000000000004,-0.04592902541948897,0.3113222618391448,-0.06342878349242209,0.4445874673007212
60.06,-0.045386101377768114,0.3077227038655257,-0.06241659171637834,0.43749414802641257
60.07,-0.04481244776654091,0.30391748812737057,-0.06136073965810021,0.43006806065442366
60.08,-0.0442084470319897,0.2999097275429825,-0.06026197345061596,0.4223164755784055
60.09,-0.04357450184701443,0.2957026622102758,-0.059121071685807915,0.4142469464180149
60.1,-0.04291103478691498,0.2912996448851002,-0.0579388446559838,0.40586730631926865
60.11,-0.04221848799396187,0.2867041258067558,-0.05671613356853495,0.39718563233322385
60.120000000000005,-0.041497322865115975,0.2819185758693545,-0.055453809769088744,0.38820915741902223
60.13,-0.04074801987115963,0.27694271160498096,-0.054152774082902054,0.3789424783868262
60.14,-0.03997107854902642,0.2717756701687568,-0.052813956317325036,0.36938973188375035
60.15,-0.0391670174804904,0.2664197193172851,-0.051438314738870505,0.35955830143376066
60.160000000000004,-0.038336374072838186,0.26087890361999416,-0.050026835340974095,0.3494574515592204
60.17,-0.037479704187531375,0.2551573452555089,-0.04858053094962904,0.33909661183424067
60.18,-0.036597581725332735,0.2492593143581527,-0.04710044027682327,0.328485435112059
60.19,-0.035690598199378,0.24318918383221927,-0.045587626954533396,0.3176337415153991
60.2,-0.034759362296556975,0.2369514446841951,-0.044043178550752446,0.3065515231305548
60.21,-0.03380449942782732,0.23055069029726102,-0.042468205569235654,0.2952489175923292
60.22,-0.032826651267912156,0.22399161757587116,-0.04086384043447116,0.2837361978706663
60.230000000000004,-0.03182647528486023,0.21727901953934214,-0.03923123646344781,0.2720237546644513
60.24,-0.030804644259929462,0.21041778130137603,-0.03757156682581894,0.26012207956817573
60.25,-0.02976184579832676,0.20341287396655047,-0.03588602349420226,0.24804174701326664
60.26,-0.028698781831262055,0.19626935188774836,-0.03417581618593332,0.2357934114621953
60.27,-0.027616168109752478,0.18899234720290892,-0.03244217129729317,0.2233877898206499
60.28,-0.026514733690667192,0.18158706456860588,-0.030686330831712436,0.21083564249569503
60.29,-0.025395220415543027,0.17405877573543163,-0.028909551323695253,0.19814775863101047
60.300000000000004,-0.02425838238279147,0.16641281145918155,-0.02711310276037858,0.18533493004880602
60.31,-0.02310498541377423,0.1586545622572308,-0.025298267501959338,0.1724079627154848
60.32,-0.021935806545405872,0.15078842451037627,-0.023466339170353245,0.15937866727931338
60.33,-0.020751633664108923,0.14281576631464393,-0.021618621398206875,0.14626176184722403
60.34,-0.019553265228699886,0.13474055533486812,-0.01975642649129945,0.13306947540155056
60.35,-0.018341509864922712,0.1265686950309472,-0.017881074214442457,0.11981215729575664
60.36,-0.01711718582575114,0.11830567464302888,-0.015993890707152344,0.10650055263386232
60.370000000000005,-0.01588112042476781,0.10995727805954883,-0.014096207426408514,0.09314509843894642
60.38,-0.01463414946540448,0.10152921581612383,-0.012189360097471274,0.07975620975202694
60.39,-0.013377116665093097,0.09302729092801974,-0.010274687677350012,0.06634412398544591
60.4,-0.012110873075803634,0.08445732131035472,-0.008353531329028652,0.0529190283561491
60.410000000000004,-0.010836276500226047,0.07582518192702012,-0.006427233406009206,0.039490969547897437
60.42,-0.009554190904317859,0.06713676371702668,-0.004497136449615097,0.026069837396864304
60.43,-0.008265485827394925,0.05839797419960119,-0.002564582201399829,0.012665373184115432
60.44,-0.0069710357900706395,0.049614752875954626,-0.000630910629766985,-0.0007128041067854002
60.45,-0.005671719699554043,0.040793062194134255,0.0013025410295370847,-0.014055234380570136
60.46,-0.004368420253569805,0.03193885121321488,0.003234439216719104,-0.027352650465448512
60.47,-0.003062023343800519,0.023058090515355876,0.00516345497393934,-0.04059593508109943
60.480000000000004,-0.0017534174581720584,0.014156761473417136,0.007088264855442716,-0.053776121815662256
60.49,-0.0004434930832258511,0.005240810894220177,0.009007551819921706,-0.06688448272176771
60.5,0.000866857892686088,-0.0036837933384842375,0.010920006104302387,-0.07991241357339854
60.51,0.0021767427753445075,-0.012611123412065243,0.0128243260796109,-0.0928515400303346
60.52,0.0034852686586074387,-0.021535266177925262,0.014719219087747473,-0.10569365927994914
60.53,0.004791543017117187,-0.030450299948182855,0.01660340226110837,-0.11843070246026896
60.54,0.006094674297594998,-0.0393503535384674,0.01847560332541691,-0.13105482047446276
60.550000000000004,0.007393772505287437,-0.04822963779689255,0.020334561382182592,-0.14355838676662466
60.56,0.00868794978144301,-0.05708249098354868,0.02217902766723277,-0.15593405302263655
60.57,0.009976320973021658,-0.06590324728026067,0.024007766284345266,-0.16817468983307685
60.58,0.011258004205014785,-0.07468608216654944,0.025819554919665356,-0.18027326109778458
60.59,0.012532121461303872,-0.08342515166315266,0.027613185542023397,-0.19222289684884375
60.6,0.013797799168257524,-0.09211465572961705,0.0293874650868782,-0.20401693094173817
60.61,0.015054168774615018,-0.10074885652813548,0.031141216120400134,-0.2156489078093172
60.620000000000005,0.016300367324231287,-0.10932211967164839,0.03287327748170221,-0.22711261203799435
60.63,0.017535538021177598,-0.1178288529766899,0.0345825049028576,-0.23840202850351297
60.64,0.01875883079019763,-0.12626348106681926,0.03626777160885636,-0.24951131737383167
60.65,0.01996940283473202,-0.1346204531458639,0.03792796889958667,-0.2604348121037943
60.660000000000004,0.021166419192003627,-0.1428942632137671,0.03956200671398764,-0.27116703372195744
60.67,0.022349053285074246,-0.1510794153139936,0.041168814176635336,-0.2817026610565535
60.68,0.023516487471730997,-0.1591704707866295,0.042747340127031803,-0.29203656025550934
60.69,0.024667913588863007,-0.16716203799871446,0.04429655363116921,-0.30216377067924655
60.7,0.025802533491941063,-0.17504877114848652,0.04581544447554054,-0.3120795030444979
60.71,0.02691955958956412,-0.1828253796551337,0.04730302364397516,-0.3217791392030593
60.72,0.028018215372384896,-0.19048663622167414,0.0487583237773839,-0.3312582308547141
60.730000000000004,0.029097735935361826,-0.19802739185610738,0.05018039961620541,-0.34051250875495553
60.74,0.03015736849319416,-0.20544255134369874,0.05156832842587487,-0.34953785832141343
60.75,0.03119637288936884,-0.2127270887720474,0.05292121040617719,-0.3583303248652834
60.76,0.032214022097839266,-0.2198760703716644,0.05423816908432906,-0.36688612579390406
60.77,0.03320960271615081,-0.22688464598102304,0.0555183516914931,-0.3752016376164122
60.78,0.03418241545029994,-0.23374803897796204,0.05676092952349126,-0.3832733841016363
60.79,0.03513177559156126,-0.2404615602985417,0.057965098286389925,-0.3910980416276494
60.800000000000004,0.036057013517241866,-0.24701955696924643,0.05913007837863333,-0.3986740038028115
60.81,0.03695747539001183,-0.2534114272151061,0.060255114852180845,-0.40600721940957446
60.82,0.037832524011692986,-0.2596301000911819,0.06133947711848087,-0.41309871751967114
60.83,0.03868153949989329,-0.2656717610825906,0.06238245888747416,-0.41994501363492176
60.84,0.03950391975108447,-0.27153204161158406,0.06338337839271811,-0.42654372338540986
60.85,0.04029908085166913,-0.27720705815847824,0.06434157866407375,-0.4328920498877807
60.86,0.041066457476975314,-0.2826928949059586,0.06525642778857836,-0.43898753526523265
60.870000000000005,0.041805503275137906,-0.28798586506410867,0.06612731916400215,-0.44482768042703136
60.88,0.04251569123697365,-0.2930823883164798,0.06695367174315167,-0.45041013509167555
60.89,0.043196514050830054,-0.29797905243693934,0.0677349302701453,-0.45573259761725804
60.9,0.04384748444268326,-0.302672584290994,0.06847056550841082,-0.460792861667226
60.910000000000004,0.04446813550109349,-0.30715986940666123,0.06916007446084957,-0.4655887913913879
60.92,0.0450580209868637,-0.3114379442349582,0.06980298058218994,-0.4701183304817663
60.93,0.04561671562720104,-0.31550400276957374,0.07039883398376617,-0.4743794958383114
60.94,0.046143815394211,-0.31935539643073635,0.07094721163078509,-0.47837037980104585
60.95,0.04663893776750329,-0.32298963716883833,0.07144771753215637,-0.4820891484257105
60.96,0.04710172198154191,-0.3264043719354371,0.07189998292373008,-0.48553401548149094
60.97,0.0475318292946144,-0.329596227093905,0.07230366648188874,-0.48870208801557347
60.980000000000004,0.04792894339795241,-0.3325588334198412,0.0726584546855287,-0.4915874056565688
60.99,0.04829277102257548,-0.3352848603921556,0.0729640623835509,-0.494182966015813
61.0,0.048623042582667295,-0.33776924765808075,0.07322023340763563,-0.49648393021776527
61.01,0.04891951263791767,-0.3400097815540331,0.07342674101465362,-0.49848818483936236
61.02,0.04918196013827027,-0.3420052897352071,0.07358338812298423,-0.5001945488301199
61.03,0.049410188557047846,-0.34375472725875506,0.07369000744805099,-0.5016018708576726
61.04,0.04960402598935875,-0.34525730294634,0.07374646161314397,-0.5027091564603807
61.050000000000004,0.049763325233961216,-0.3465122730784606,0.07375264330065948,-0.5035138318429933
61.06,0.04988796390929611,-0.347517547989369,0.07370847604712966,-0.5039948911815566
61.07,0.04997784467619452,-0.34826970506986327,0.0736139165364731,-0.5041132880618279
61.08,0.05003289551492208,-0.34876655596698547,0.07346895776670792,-0.5038423369769561
61.09,0.05005306990357665,-0.349007985733649,0.07327363127242678,-0.5031777148558363
61.1,0.05003834685058597,-0.3489944972756326,0.07302800784230626,-0.5021201700376497
61.11,0.04998873085110561,-0.34872674218040584,0.07273219755887209,-0.5006699845397177
61.120000000000005,0.04990425181589452,-0.34820562999135385,0.07238634973478997,-0.4988282939302679
61.13,0.049784964978368144,-0.3474322691110277,0.07199065281033035,-0.49659642500385154
61.14,0.04963095077982902,-0.3464079914042246,0.07154533420853564,-0.49397622339086456
61.15,0.04944231473337479,-0.34513433459429116,0.07105066015016505,-0.4909698859681528
61.160000000000004,0.04921918726676791,-0.3436130454095147,0.07050693542783738,-0.4875800383167734
61.17,0.04896172354470447,-0.34184607176143145,0.06991450314031003,-0.4838096874967069
61.18,0.04867010327089979,-0.3398355600838625,0.06927374438720219,-0.47966223792274776
61.19,0.0483445304704829,-0.3375838486940314,0.06858507792478527,-0.4751414758818371
61.2,0.04798523326484076,-0.33509308672727317,0.06784895977202325,-0.47025193484232924
61.21,0.04759246369274948,-0.3323641036294921,0.06706588271553195,-0.4649999838494826
61.22,0.047166497630155776,-0.3293967648555045,0.06623637566347652,-0.45939347167196626
61.230000000000004,0.046707634776025714,-0.326191181676002,0.065361002881317,-0.45344053342658247
61.24,0.046216198594988024,-0.322749088887684,0.0644403632174224,-0.4471482278490613
61.25,0.04569253612603823,-0.3190738074027106,0.06347508940894966,-0.4405225524771253
61.26,0.04513701767016409,-0.3151690064606695,0.06246584745737946,-0.4335696350234882
61.27,0.04455003642526307,-0.31103849230709746,0.06141333600871354,-0.42629592324529375
61.28,0.04393200810142558,-0.3066862663393664,0.060318285707722664,-0.4187081105431227
61.29,0.0432833705190848,-0.30211648625712634,0.05918145852554528,-0.410813156124475
61.300000000000004,0.04260458319051151,-0.2973334754886145,0.05800364706195851,-0.40261825748883606
61.31,0.041896126885574016,-0.29234170329232134,0.056785673823550965,-0.3941308416629804
61.32,0.04115850320454397,-0.2871450725433676,0.05552839050120405,-0.38535783838829885
61.33,0.040392234245307794,-0.28174524171752413,0.054232677334937585,-0.3763039955670864
61.34,0.039597862427223275,-0.276142749214146,0.052899442629204395,-0.36697299529215827
61.35,0.03877595035236376,-0.2703401518016757,0.05152962229964362,-0.35737060220407957
61.36,0.03792708051701595,-0.26434234633539505,0.05012417926374512,-0.3475049884789761
61.370000000000005,0.03705185485285723,-0.2581547135507747,0.04868410265494523,-0.3373848623762822
61.38,0.03615089419670254,-0.25178267839397167,0.04721040695996506,-0.3270190203619747
61.39,0.03522483774301513,-0.24523184536583398,0.045704131134317344,-0.31641648183069804
61.4,0.034274342483668126,-0.23850791827116502,0.04416633770098262,-0.30558639777281144
61.410000000000004,0.033300082635399054,-0.23161672739572647,0.042598111833481334,-0.2945380711996739
61.42,0.03230274905594746,-0.22456420515278772,0.041000560424945,-0.28328093135276294
61.43,0.03128304864950592,-0.21735638727751488,0.03937481114417357,-0.27182452970055176
61.44,0.030241703762280796,-0.2099994007790506,0.03772201147988716,-0.26017852354325127
61.45,0.02917945156883371,-0.20249946085531606,0.03604332777411705,-0.24835267407868572
61.46,0.028097043449931896,-0.19486285989957322,0.03433994424583061,-0.23635682430026456
61.47,0.026995244362814582,-0.18709595777399352,0.03261306200654171,-0.22420087892950802
61.480000000000004,0.02587483220474516,-0.1792051758358786,0.03086389806948208,-0.21189479998002575
61.49,0.02473659717055414,-0.17119699001391686,0.029093684353255305,-0.1994485967743235
61.5,0.023581341104854117,-0.16307792358997075,0.027303666680872266,-0.18687231547322133
61.51,0.022409876849506242,-0.1548545445071955,0.02549510377482167,-0.1741760408653496
61.52,0.021223027587661605,-0.14653343143389885,0.023669266248699094,-0.1613698831179933
61.53,0.020021626241160977,-0.13811938986786404,0.02182743554317801,-0.14846568975489136
61.54,0.01880651501127405,-0.12961541205565283,0.01997090272068932,-0.13547708989943022
61.550000000000004,0.017578544958788057,-0.12102725204312506,0.01810096722104224,-0.12241501534393275
61.56,0.016338575447042866,-0.11236184788559926,0.016218935750728868,-0.10928924141884534
61.57,0.015087473483521031,-0.10362576465289715,0.014326121272738296,-0.09610986266953155
61.58,0.013826113050371779,-0.09482576644184024,0.012423842011830577,-0.08288670147705147
61.59,0.012555374435404675,-0.08596852341075009,0.010513420466309124,-0.06962960046853743
61.6,0.011276143562247709,-0.0770607567813543,0.008596182427827661,-0.056348283362462497
61.61,0.009989311320545577,-0.0681091658383271,0.006673456008008555,-0.04305242983246766
61.620000000000005,0.008695772896611147,-0.059120438724812686,0.0047465706728411355,-0.029751613256187748
61.63,0.007396427106101497,-0.05010123070223084,0.002816856287074425,-0.016455280999011036
61.64,0.006092175728934538,-0.0410581849441217,0.0008856421702652484,-0.003172772064301209
61.65,0.004783922846120663,-0.03199792366150764,-0.0010457438371783098,0.010086644759897111
61.660000000000004,0.0034725741794952537,-0.02292701712743654,-0.002975976297228389,0.023313867234308422
61.67,0.0021590364357847195,-0.013851992293411778,-0.004903733083728011,0.03649992722514768
61.68,0.0008442166544169408,-0.004779357918334487,-0.0068276962795497465,0.04963593528864288
61.690000000000005,-0.0004709784406760154,0.004284449343334454,-0.008746553061504273,0.06271318770932618
61.7,-0.0017856430836605168,0.013333046556013854,-0.010658996570466837,0.07572311252995347
61.71,-0.0030988731043846375,0.022360081015387986,-0.012563726767704415,0.08865725547484334
61.72,-0.004409766560646043,0.03135928911355892,-0.014459451276923803,0.10150735261617067
61.730000000000004,-0.005717424364612489,0.04032443441112413,-0.016344886210946475,0.11426525850325685
61.74,-0.007020950903614781,0.04924936224303115,-0.01821875698283449,0.12692302027022073
61.75,-0.008319454653626785,0.0581280063395119,-0.02007979909918816,0.1394728790168106
61.76,-0.009612048785920388,0.06695432781271697,-0.021926758934822585,0.15190724566647287
61.77,-0.010897851770298348,0.07572229820526338,-0.023758394490276204,0.16421869171105666
61.78,-0.012175987977252558,0.08442588941859783,-0.0255734761337478,0.17639992768423243
61.79,-0.01344558827184526,0.09305933364765204,-0.027370787328612534,0.1884438065463268
61.800000000000004,-0.014705790587664313,0.10161709152331448,-0.029149125346479263,0.20034333387039407
61.81,-0.015955740481448603,0.11009371811927957,-0.030907301964689056,0.2120916850868593
61.82,-0.017194591676560213,0.11848383309638073,-0.03264414414692243,0.2236822139043367
61.83,-0.018421506599196984,0.12678212799557573,-0.034358494706300924,0.23510844743275927
61.84,-0.019635656906491907,0.13498340115911714,-0.03604921295132502,0.2463640775945063
61.85,-0.02083622400366095,0.14308258912367552,-0.0377151753149688,0.2574429674368046
61.86,-0.02202239954755763,0.15107477979222045,-0.039355275966831436,0.26833914978242907
61.870000000000005,-0.02319338593646875,0.1589551769516972,-0.040968427408323974,0.27904682614315646
61.88,-0.024348396787224478,0.1667191139071232,-0.04255356105094944,0.2895603671722287
61.89,-0.025486657398883995,0.1743620783544361,-0.04410962777773825,0.2998743106382787
61.9,-0.026607405202490806,0.18187968050008768,-0.04563559848791987,0.3099833617445133
61.910000000000004,-0.027709890197623675,0.18926766472128462,-0.0471304646249719,0.31988238930733176
61.92,-0.028793375375781406,0.19652191005590672,-0.048593238688130126,0.32956642879033665
61.93,-0.02985713713030077,0.20363843193500478,-0.05002295472749788,0.33903067551519894
61.940000000000005,-0.030900465653201935,0.21061336630910185,-0.05141866882299095,0.3482704858353034
61.95,-0.03192266531960884,0.21744297299413098,-0.05277945954711057,0.35728137972590046
61.96,-0.03292305505937422,0.22412365259039865,-0.05410442841173772,0.3660590295487727
61.97,-0.03390096871549215,0.2306519308142163,-0.055392700299389044,0.3745992623149197
61.980000000000004,-0.03485575539027068,0.23702444112929558,-0.056643423878854376,0.3828980657770882
61.99,-0.035786779779816286,0.24323794500027948,-0.05785577200522524,0.39095157643831974
62.0,-0.036693422496144185,0.249289332689354,-0.05902894210489726,0.398756076343376
62.01,-0.037575080437958694,0.25517363097668216,-0.06016215645740177,0.406310861908796
62.02,-0.03843116737986978,0.2608816890750357,-0.06125466212928242,0.41362158674066435
62.03,-0.039261114666458076,0.2664088358043134,-0.06230573072522677,0.42068772413708544
62.04,-0.04006437168728828,0.27175300543005904,-0.06331465842583019,0.4275052801287191
62.050000000000004,-0.04084040615590486,0.27691145070586354,-0.06428076627892772,0.4340715475494799
62.06,-0.04158870435404488,0.28188197628262524,-0.06520340051139246,0.44038331571179
62.07,-0.0423087713642179,0.28666231867810554,-0.06608193282844149,0.44643775991666507
62.08,-0.04300013128746823,0.2912504520423148,-0.06691576070580355,0.4522319906268946
62.09,-0.04366232744828065,0.29564443197019113,-0.06770430767248349,0.45776327906208697
62.1,-0.044294922585913665,0.29984247296153477,-0.06844702358542185,0.4630289426700157
62.11,-0.04489749903275393,0.30384290526057633,-0.06914338489542923,0.4680264041127875
62.120000000000005,-0.04546965887982162,0.30764419024346235,-0.0697928949047955,0.4727531570276811
62.13,-0.046011024129879355,0.31124490862065857,-0.07039508401671692,0.4772067786429522
62.14,-0.04652123683836277,0.31464376203396,-0.0709495099767148,0.4813849258779348
62.15,-0.04699995924243933,0.31783956837435007,-0.07145575810592993,0.48528533735698803
62.160000000000004,-0.04744687387842384,0.320831260729398,-0.07191344152636192,0.488905830081706
62.17,-0.047861683704819614,0.3236173324882417,-0.07232220139506772,0.49224375265660736
62.18,-0.048244112336191844,0.32619331691212067,-0.07268170725152664,0.49529348583404426
62.190000000000005,-0.048593904497388714,0.3285526265680165,-0.07299165758669444,0.4980472754406467
62.2,-0.048910826591091736,0.33069029097819547,-0.07325178052737837,0.5004989457590862
62.21,-0.04919466712852897,0.3326045448757109,-0.07346183438726307,0.5026454818791649
62.22,-0.049445236925463966,0.33429506620451105,-0.07362160798714705,0.5044852783843415
62.230000000000004,-0.04966236915985508,0.33576165507001865,-0.07373092083994887,0.5060168327055783
62.24,-0.04984591938974611,0.33700428154071965,-0.07378962329794289,0.5072387991390437
62.25,-0.04999576555684535,0.33802303003045236,-0.07379759669224703,0.508149765954272
62.26,-0.05011180800788003,0.3388171179068152,-0.07375475383803366,0.5087364768306216
62.27,-0.050193969622527805,0.33938362342032713,-0.07366104095299685,0.5089588789580556
62.28,-0.05024219605067164,0.3397200594325194,-0.07351644102050037,0.5087805655542701
62.29,-0.050256455892637726,0.33982646004077477,-0.07332097662446391,0.5081935608779155
62.300000000000004,-0.05023674072073541,0.3397036906967856,-0.07307471104683579,0.5071983589126504
62.31,-0.05018306500790235,0.33935268432768223,-0.07277774840132084,0.5057949324952599
62.32,-0.05009546603074844,0.33877456396925554,-0.07243023359580075,0.5039842184155193
62.33,-0.04997400375801855,0.33797057797225016,-0.07203235225066883,0.5017673732043131
62.34,-0.049818760724457595,0.33694212602733314,-0.0715843305690739,0.4991461430963111
62.35,-0.0496298418906923,0.33569073864519405,-0.07108643516132605,0.49612267550096445
62.36,-0.049407374489449436,0.334218082826686,-0.0705389728227458,0.4926996075030995
62.370000000000005,-0.04915150785846755,0.3325259543781583,-0.06994229026589698,0.48888001438371625
62.38,-0.04886241326043171,0.3306162760216636,-0.06929677380746553,0.4846674268130037
62.39,-0.04854028369064855,0.3284910820321522,-0.06860284901020819,0.480065822577202
62.4,-0.04818533369388271,0.3261518498898153,-0.06786098026014285,0.4750802712214596
62.410000000000004,-0.047797799259067096,0.3235983535653573,-0.06707167021346279,0.4697180307641975
62.42,-0.04737793783736025,0.3208294531211565,-0.0662354590705474,0.4639877616034289
62.43,-0.04692602841664111,0.317844733403748,-0.06535292374389606,0.4578979169409926
62.440000000000005,-0.046442371513306116,0.3146458835677878,-0.06442467705657273,0.4514553957831001
62.45,-0.04592728901178808,0.31123569404351226,-0.06345136703981946,0.444666503781715
62.46,-0.04538112390604197,0.3076170205120863,-0.06243367627852064,0.4375379407621975
62.47,-0.04480424001101421,0.30379288069436716,-0.0613723212401856,0.4300766901501744
62.480000000000004,-0.044197021661499476,0.2997663989582842,-0.060268051572275536,0.4222900553426553
62.49,-0.04355987339854295,0.2955408279775589,-0.05912164936946278,0.414185620890836
62.5,-0.04289321964393083,0.29111953184791095,-0.05793392841206554,0.40577125104609196
62.51,-0.042197504363937724,0.28650596127743294,-0.05670573337796472,0.39705504205381065
62.52,-0.0414731907613365,0.28170244030965574,-0.055437939068167165,0.38804409825327274
62.53,-0.04072076110585648,0.27670855316577714,-0.05413144975769637,0.37874290222006135
62.54,-0.03994071673232997,0.27152355433004943,-0.05278719870204206,0.36915572661264595
62.550000000000004,-0.03913357801062282,0.266149892381358,-0.05140614760361191,0.3592901544582124
62.56,-0.038299884114002786,0.2605916462130575,-0.049989285865345304,0.3491555024113337
62.57,-0.03744019264251344,0.2548529388068134,-0.048537629689277294,0.3387612180231712
62.58,-0.03655507920692927,0.24893805504587116,-0.04705222112708514,0.3281169856962563
62.59,-0.03564513700086612,0.2428513749671801,-0.04553412711144668,0.31723264895645664
62.6,-0.03471097636120381,0.23659739981765676,-0.04398443846948687,0.30611822593103627
62.61,-0.03375322431751139,0.2301807309535583,-0.042404268920054826,0.2947838775462058
62.620000000000005,-0.03277252413088922,0.22360607371109326,-0.04079475405631453,0.28323989998164195
62.63,-0.031769534822726216,0.21687822862030717,-0.039157050315234344,0.27149670568312434
62.64,-0.030744930693824606,0.21000208806204324,-0.037492333935575405,0.25956480706742097
62.65,-0.029699400834426345,0.20298262986571425,-0.035801799906122166,0.24745479835729564
62.660000000000004,-0.028633648625597707,0.19582491470055804,-0.03408666090546397,0.23517735291624467
62.67,-0.027548391232413382,0.18853408051659462,-0.03234814623434968,0.22274320539949213
62.68,-0.026444359089423365,0.1811153373443047,-0.030587500742124855,0.210163132927646
62.690000000000005,-0.025322295378940787,0.17357396183646986,-0.028805983748997465,0.19744794023111528
62.7,-0.024182955502762622,0.16591528922880427,-0.02700486796604894,0.18460843366342383
62.71,-0.023027106547806563,0.15814471403085573,-0.025185438414211114,0.1716554328982748
62.72,-0.021855526780996927,0.1502665494305132,-0.023348991309011937,0.15860084409067615
62.730000000000004,-0.02066900528702106,0.14228217097824186,-0.021496832804383536,0.1454593923628812
62.74,-0.01946834169013842,0.1341956226192242,-0.019630277654673036,0.13224324696784473
62.75,-0.018254345744579587,0.12601281495905853,-0.017750648003202616,0.11896276206977523
62.76,-0.017027836792980196,0.11773923755145879,-0.015859272298577462,0.10562869269500999
62.77,-0.015789643199506646,0.10938067743893518,-0.013957484236705665,0.09225148079443501
62.78,-0.01454060177889614,0.10094284643788974,-0.012046621710981455,0.07884154768380779
62.79,-0.013281557220429334,0.09243154931288994,-0.010128025775142728,0.0654091373159061
62.800000000000004,-0.012013361508332532,0.08385260474184779,-0.008203039616913911,0.0519644412806119
62.81,-0.010736873337870139,0.07521188832681111,-0.006273007542161706,0.0385175075534383
62.82,-0.009452957527822064,0.0665152917444808,-0.0043392739719028935,0.02507823066776517
62.83,-0.008162484430526229,0.05776872253970784,-0.0024031824543841313,0.011656354177275912
62.84,-0.0068663293398232945,0.048978119527772736,-0.00046607469153222083,-0.0017385041588785651
62.85,-0.005565371896390662,0.04014944504864469,0.0014707104206031394,-0.015096882144763965
62.86,-0.004260495491700463,0.031288647628168985,0.003405837735230838,-0.02840951245390139
62.870000000000005,-0.0029525866715467124,0.02240169597330128,0.005337976780777118,-0.04166728079899654
62.88,-0.0016425345384509526,0.013494570899083664,0.007265802670875507,-0.05486122070097023
62.89,-0.0003312301541513701,0.004573217552611775,0.009187996996591865,-0.06798260689330318
62.9,0.0009804340570328152,-0.0043563986691343235,0.011103248699961269,-0.08102283905262819
62.910000000000004,0.0022915649039759304,-0.013288350393441834,0.013010254929580144,-0.0939735437572498
62.92,0.0036012690224913315,-0.022216728589054175,0.014907721877036657,-0.10682652543281244
62.93,0.004908653467730794,-0.03113561471704264,0.016794365595981277,-0.11957372089608012
62.940000000000005,0.006212826305197384,-0.04003913898181524,0.01866891280440917,-0.1322072851815858
62.95,0.007512897197054832,-0.048921512510563675,0.02053010166665343,-0.1447195965559553
62.96,0.008807977979614606,-0.05777707184530853,0.02237668255155624,-0.15710330810312625
62.97,0.01009718323283526,-0.06660016053262875,0.024207418765641472,-0.1693512999351685
62.980000000000004,0.011379630851946298,-0.07538496273565139,0.026021087266724176,-0.181456546118493
62.99,0.012654442627578099,-0.08412563813034918,0.027816479363312756,-0.19341218397392337
63.0,0.01392074482887473,-0.09281639107557954,0.02959240139774463,-0.2052115554161277
63.01,0.015177668783040787,-0.10145148523444489,0.03134767540952669,-0.21684821139880087
63.02,0.016424351447857803,-0.11002528845395114,0.03308113977688345,-0.22831594303201852
63.03,0.01765993597642873,-0.11853221561124061,0.0347916498360053,-0.239608745523464
63.04,0.018883572277045988,-0.12696669759683105,0.03647807848005841,-0.25072078903290074
63.050000000000004,0.02009441757064811,-0.13532318761421464,0.0381393167402062,-0.2616464154717892
63.06,0.021291636945372183,-0.14359618643430852,0.03977427434882666,-0.27238015632142765
63.07,0.022474403908020607,-0.15178020397383096,0.04138188028511214,-0.2829167001697874
63.08,0.023641900932388854,-0.15986980594283703,0.04296108330339425,-0.2932509221051912
63.09,0.024793320003130736,-0.16785960659639743,0.04451085244376836,-0.3033778713889898
63.1,0.025927863154694947,-0.1757442655758565,0.04603017752514075,-0.31329276835321335
63.11,0.02704474300533837,-0.18351849720163407,0.04751806962110679,-0.32299100414423304
63.120000000000005,0.028143183285551706,-0.19117707905459166,0.048973561518759985,-0.3324681397734481
63.13,0.029222419359815732,-0.1987148674188193,0.050395708160197894,-0.3417199155220591
63.14,0.030281698741526863,-0.20612677203576585,0.0517835870670528,-0.3507422260595715
63.15,0.031320281601550225,-0.21340777181470102,0.05313629874891236,-0.3595311259377818
63.160000000000004,0.032337441269417296,-0.22055293773014262,0.0544529670954808,-0.3680828416997708
63.17,0.03333246472598444,-0.22755742419570113,0.05573273975218267,-0.37639375873298675
63.18,0.03430465308783111,-0.23441645923120008,0.056974788479983204,-0.3844604097341477
63.190000000000005,0.035253322083629676,-0.24112535832611573,0.058178309500079725,-0.39227947998106005
63.2,0.036177802562092735,-0.24767822530637168,0.05934252376390999,-0.39984973597638124
63.21,0.03707744120584931,-0.2540643734919852,0.06046667689142837,-0.40717726483510763
63.22,0.03795160138610477,-0.2602769954093221,0.061550038874425,-0.41426272164932737
63.230000000000004,0.03879966382618045,-0.26631233368214474,0.06259190403343572,-0.42110255155092663
63.24,0.039621027057178265,-0.2721659998456162,0.06359159125240878,-0.427694412906699
63.25,0.040415107828331194,-0.27783412896909065,0.06454844425110891,-0.43403549462128294
63.26,0.04118134150549837,-0.2833128044350332,0.0654618318454255,-0.4401233524770802
63.27,0.04191918245444947,-0.28859834834415726,0.06633114820055665,-0.4459554866361268
63.28,0.04262810441019212,-0.29368718445432856,0.06715581307489316,-0.45152955282506574
63.29,0.043307600831248495,-0.29857590697123637,0.0679352720559443,-0.4568432515467126
63.300000000000004,0.04395718523919611,-0.3032612480150491,0.0686689967879974,-0.4618943801273396
63.31,0.044576391543061915,-0.30774009881992853,0.06935648519198463,-0.46668080505071347
63.32,0.04516477434843318,-0.3120095011976176,0.06999726167757098,-0.4712004725310928
63.33,0.04572190925107328,-0.31606665466349376,0.07059087734769576,-0.4754514015271851
63.34,0.04624739311487452,-0.3199089160226393,0.07113691019562966,-0.47943168626527544
63.35,0.046740844333924496,-0.32353380258838793,0.07163496529462077,-0.48313949435038855
63.36,0.04720190307973461,-0.32693895331660766,0.07208467498138772,-0.4865730276002587
63.370000000000005,0.047630231576355764,-0.33012080488148404,0.07248569907622487,-0.48972920004255543
63.38,0.04802551452554259,-0.3330727769039458,0.07283772526135425,-0.4926018373980077
63.39,0.04838745972707808,-0.33578756144093574,0.0731404696622279,-0.49518395549569616
63.4,0.048715798718059145,-0.33826032967837655,0.07339367745668195,-0.49747094050943097
63.410000000000004,0.0490102872187884,-0.34048901610706184,0.073597123301508,-0.49946082042904083
63.42,0.04927070536526737,-0.3424724602223397,0.07375061155714747,-0.5011524204558958
63.43,0.049496857838562947,-0.3442096251911763,0.07385397642004064,-0.5025445920111737
63.440000000000005,0.04968857396230276,-0.3456997288383979,0.07390708203308047,-0.5036363441034861
63.45,0.04984570778498677,-0.3469419934017798,0.07390982265213654,-0.5044246003423566
63.46,0.04996813820210033,-0.3479341810091819,0.07386212352317875,-0.504886496988214
63.47,0.050055769187934286,-0.34867283285611894,0.0737639432934094,-0.5049824624315585
63.480000000000004,0.050108530072500206,-0.3491559176368672,0.07361527718605838,-0.5046875786469124
63.49,0.050126375710372574,-0.3493834018562257,0.0734161591191095,-0.5039983921966151
63.5,0.050109286505859434,-0.34935579491762503,0.0731666623455933,-0.5029156306178731
63.51,0.050057268367094794,-0.34907376058633494,0.07286689947575348,-0.5014396228782649
63.52,0.049970352633895126,-0.3485382177903717,0.07251702241098618,-0.4995715188891331
63.53,0.049848595983774814,-0.34775028573137906,0.07211722223868584,-0.497312677313179
63.54,0.0496920803161481,-0.34671130636552117,0.07166772908480588,-0.4946649680287398
63.550000000000004,0.04950091261520185,-0.34542282784816575,0.07116881192607814,-0.4916306170565666
63.56,0.04927522479173631,-0.3438866071368927,0.0706207783613849,-0.48821227757830754
63.57,0.049015173504404465,-0.3421046024038042,0.07002397434319739,-0.48441298589340787
63.58,0.048720939960776026,-0.3400789702530261,0.06937878386940644,-0.4802361756602548
63.59,0.04839272969873769,-0.3378120583192057,0.06868562863614511,-0.47568566388082806
63.6,0.04803077236162262,-0.3353059851021597,0.06794496763957705,-0.470766053883845
63.61,0.04763532152238782,-0.3325615243450613,0.06715729667387754,-0.4654838094187743
63.620000000000005,0.04720665460729685,-0.3295785237401837,0.0663231476772866,-0.4598468371882594
63.63,0.04674507288265473,-0.3263571298723055,0.06544308796293169,-0.45386327852435604
63.64,0.04625090139340188,-0.32289916355395426,0.06451771944433446,-0.44754014864581826
63.65,0.045724488765730056,-0.3192079827215355,0.06354767794318958,-0.44088344921578176
63.660000000000004,0.04516620689101523,-0.3152872620161958,0.06253363256448004,-0.43389934283304854
63.67,0.04457645055932841,-0.3111408208499922,0.061476285074035374,-0.4265943043215153
63.68,0.04395563707368244,-0.30677266970266054,0.06037636924980522,-0.41897505785378836
63.690000000000005,0.04330420584713338,-0.3021869771799076,0.05923465020652074,-0.4110485912701939
63.7,0.04262261798325603,-0.29738807646928395,0.058051923695039774,-0.4028221314026913
63.71,0.04191135584100538,-0.2923804433226928,0.05682901537773563,-0.39430313021823143
63.72,0.041170922609742235,-0.28716789196053116,0.05556678010633478,-0.3854984473203598
63.730000000000004,0.04040184198434267,-0.2817519626411175,0.054266101292832894,-0.37641273015403276
63.74,0.03960465799611385,-0.2761332108985501,0.05292789043005477,-0.3670496959204542
63.75,0.03877993487056877,-0.27031435408137483,0.05155308663312485,-0.3574152885280661
63.76,0.03792825672859142,-0.26430035583477596,0.050142656017967864,-0.34751776500294107
63.77,0.037050227121123526,-0.25809659758206743,0.048697590907121314,-0.3373658515265605
63.78,0.03614646849708173,-0.25170851959684387,0.04721890896351769,-0.3269683768290189
63.79,0.03521762165485874,-0.24514173410723322,0.045707652303296424,-0.3163343845295964
63.800000000000004,0.0342643451810513,-0.23840195617828566,0.044164886591803475,-0.305473052980485
63.81,0.03328731487691978,-0.2314950253087454,0.0425917001240689,-0.2943937099958862
63.82,0.032287223173539874,-0.2244268838397112,0.040989202891340934,-0.28310580983996253
63.83,0.03126477853629498,-0.21720357675736132,0.039358525634682194,-0.2716189278212895
63.84,0.03022070485949674,-0.20983124032808928,0.03770081888683116,-0.259942744557519
63.85,0.02915574085180847,-0.20231609864025388,0.03601725200327909,-0.24808704368183235
63.86,0.028070639413205558,-0.19466445281094014,0.034309012183655514,-0.23606168992559304
63.870000000000005,0.02696616700437014,-0.1868826711663944,0.03257730348517885,-0.22387660887189495
63.88,0.02584310300939872,-0.1789771832906584,0.030823345829750774,-0.21154178255844608
63.89,0.024702239092523184,-0.17095447307953596,0.02904837400561682,-0.19906723949037824
63.9,0.02354437854953083,-0.1628210715186358,0.027253636664495432,-0.1864630441434622
63.910000000000004,0.022370335654462153,-0.154583553960581,0.025440395314824636,-0.1737392987833777
63.92,0.021180935003076114,-0.14624850091720512,0.02360992331149301,-0.16090613541805493
63.93,0.01997701091247668,-0.13782063796545466,0.0217635047872906,-0.14797550190432535
63.940000000000005,0.018759406964415068,-0.1293030009422056,0.019902433442849175,-0.13496100639732858
63.95,0.01752897558290976,-0.12070140522492354,0.018028011302541197,-0.12187354103016927
63.96,0.01628657747344619,-0.11202278705350108,0.016141547605522666,-0.1087229016985794
63.97,0.015033080963121288,-0.10327372197920374,0.014244357795070916,-0.09551919083553727
63.980000000000004,0.013769361330558508,-0.09446097811598426,0.012337762522663493,-0.08227224377660558
63.99,0.012496300136285433,-0.08559123246110012,0.010423086658676717,-0.06899191215882511
64.0,0.011214784552319876,-0.07667121113171185,0.008501658311199756,-0.05568792916946735
64.01,0.009925706691822182,-0.0677076189271349,0.006574807851739012,-0.04236998315631327
64.02,0.008629962939219074,-0.05870714900019333,0.004643866948754693,-0.029047655514129973
64.03,0.007328453282373528,-0.04967646147487218,0.002710167611298525,-0.015730399622151958
64.04,0.006022080647031985,-0.0406222036723982,0.0007750412444357801,-0.002427560074892016
64.05,0.004711750233218675,-0.03155100219377884,-0.0011601822852882375,0.010851588483364621
64.06,0.003398368854536589,-0.022469431536929926,-0.003094175573607386,0.024097939646797857
64.07000000000001,0.0020828442818335837,-0.013384022049669925,-0.005025614588449418,0.03730252197697164
64.08,0.0007660845906543854,-0.004301285851939701,-0.006953179567426309,0.05045644324743157
64.09,-0.0005510024873048067,0.004772336647598694,-0.008875555903029244,0.06355099701191678
64.1,-0.0018675102071213587,0.013830460335398077,-0.010791435012959644,0.07657761086229982
64.11,-0.003182533448506756,0.022866729409665422,-0.01269951519657314,0.08952782922149313
64.12,-0.0044951693483506845,0.03187487770396712,-0.014598502477003965,0.10239338802910375
64.13,-0.005804517927377198,0.04084866733103876,-0.01648711142783745,0.11516614297984346
64.14,-0.0071096827111583405,0.04978194037127513,-0.018364065984185753,0.12783814111469546
64.15,-0.00840977134384622,0.05866862866120402,-0.020228100235918506,0.14040162509256948
64.16,-0.009703896194986532,0.06750269329025667,-0.02207795920220006,0.1528490079260202
64.17,-0.010991174962735812,0.07627810760250688,-0.023912399588759365,0.16517286453444105
64.18,-0.012270731275916118,0.08498884406208741,-0.025730190529521364,0.1773659085274755
64.19,-0.013541695288029378,0.0936291285607639,-0.02753011431379584,0.18942099632704157
64.2,-0.014803204251607771,0.10219341871901418,-0.02931096709899648,0.20133113695312493
64.21000000000001,-0.016054403073123127,0.11067626930446112,-0.031071559607796798,0.2130895091853352
64.22,-0.017294444856539647,0.11907229981178373,-0.03281071780838807,0.2246894704559292
64.23,-0.01852249143952713,0.1273762022660185,-0.03452728357720075,0.23612455211574068
64.24,-0.019737713921604432,0.13558277297941607,-0.036220115344421926,0.2473884505114738
64.25,-0.02093929318141155,0.14368694739555116,-0.03788808872264537,0.258475033297718
64.26,-0.022126420380409517,0.1516838118672691,-0.03953009711855663,0.26937833820760393
64.27,-0.02329829745277424,0.15956857016040005,-0.04114505232762917,0.2800925718106686
64.28,-0.02445413758258612,0.16733655408896952,-0.04273188511189446,0.290612110071396
64.29,-0.025593165667628197,0.17498325010728816,-0.04428954576084354,0.3009314962903116
64.3,-0.026714618769230154,0.18250426851036952,-0.04581700463554482,0.3110454413543907
64.31,-0.027817746548874863,0.1898953525613582,-0.04731325269612239,0.3209488199445666
64.32000000000001,-0.02890181169165653,0.1971523806287069,-0.04877730201267817,0.3306366735354322
64.33,-0.02996609031625894,0.20427136799827408,-0.050208186259798664,0.3401042035784161
64.34,-0.031009872371828343,0.2112484503779152,-0.051604961194886625,0.3493467726408669
64.35,-0.03203246202242214,0.21807988715887194,-0.05296670512031182,0.35835990699845904
64.36,-0.033033178018661145,0.22476207886580482,-0.05429251932957346,0.3671392853805839
64.37,-0.034011354056153895,0.23129155123882278,-0.05558152853791818,0.37568074128202816
64.38,-0.034966339121666724,0.23766493780401343,-0.05683288129733041,0.38398026891615333
64.39,-0.03589749782759916,0.2438790001835054,-0.05804575039591673,0.39203401119238435
64.4,-0.03680421073407657,0.24993062889982257,-0.05921933324226288,0.39983825664938116
64.41,-0.037685874724513395,0.255814695232078,-0.06035285213965961,0.4073925336638436
64.42,-0.03854190360235623,0.26152205305516874,-0.06144555420839074,0.4147024959472296
64.43,-0.039371728784627975,0.2670481400496655,-0.06249671113692699,0.42176746623857503
64.44,-0.040174799771379825,0.272390893541038,-0.06350561922703499,0.4285834533514761
64.45,-0.04095058442234725,0.277547567424532,-0.06447159968776942,0.4351477558433985
64.46000000000001,-0.04169856920097284,0.28251596875336993,-0.06539399894680846,0.44145716708432586
64.47,-0.04241825940677508,0.2872938362036069,-0.06627218894931378,0.4475088666428458
64.48,-0.043109179392875265,0.29187914652094943,-0.06710556744969005,0.453299968740392
64.49,-0.043770872770648235,0.29626995798151107,-0.06789355829396405,0.4588277484007215
64.5,-0.044402902600777804,0.30046448805422865,-0.06863561169406995,0.4640895266466628
64.51,-0.04500485157131517,0.3044610700696759,-0.06933120449342735,0.4690827295185558
64.52,-0.045576322162869796,0.3082581686907253,-0.06997984042422725,0.47380485345277445
64.53,-0.04611693680138529,0.31185436811911693,-0.07058105035656777,0.47825347842312016
64.54,-0.04662633799871827,0.31524837365007513,-0.07113439253960352,0.48242626393822297
64.55,-0.047104188481324555,0.3184390070449815,-0.07163945283458598,0.48632095090108224
64.56,-0.04755017130730498,0.3214252048201643,-0.0720958449398944,0.4899353577909509
64.57000000000001,-0.04796398999144255,0.32420538764442464,-0.07250321062741692,0.49326675863721897
64.58,-0.04834536874802379,0.3267749129236613,-0.07286122009904301,0.49630935685140504
64.59,-0.0486940529569745,0.3291271350628599,-0.07316957256783589,0.4990553370872809
64.6,-0.049009809733468385,0.33125722239918637,-0.07342799694478254,0.5014986580142008
64.61,-0.04929242834878184,0.33316354421742145,-0.07363625238039723,0.5036364341997651
64.62,-0.0495417204161071,0.33484580389129703,-0.07379412857526946,0.5054670808767571
64.63,-0.04975751994419759,0.33630380471871024,-0.07390144596154054,0.5069890939645397
64.64,-0.049939683354273914,0.33753752724573477,-0.07395805584964106,0.5082011331150089
64.65,-0.05008808948296835,0.3385470574899195,-0.07396384056951968,0.5091017225483442
64.66,-0.05020263960595268,0.33933152989792187,-0.07391871401242833,0.5096765200060791
64.67,-0.05028325757225538,0.33988794726517974,-0.07382262363488244,0.5098844811355401
64.68,-0.050329890044194005,0.3402139094064004,-0.07367555386369093,0.5096901236130682
64.69,-0.05034250667220453,0.3403095347742116,-0.07347752887718333,0.5090863656783569
64.7,-0.05032110011014081,0.34017570034969086,-0.07322861363937279,0.5080737305836659
64.71000000000001,-0.05026568594137184,0.3398133491593366,-0.07292891401422387,0.5066522027369509
64.72,-0.05017630258075288,0.3392236153716644,-0.07257857672625014,0.5048227407136403
64.73,-0.05005301116200047,0.3384077583101279,-0.07217778927698959,0.5025865190658216
64.74,-0.04989589541044893,0.3373671887835208,-0.07172677981327227,0.49994530527559783
64.75,-0.049705061501819796,0.33610344852160035,-0.0712258169495783,0.49690126761147496
64.76,-0.04948063790731031,0.33461821596636915,-0.07067520954375227,0.49345706534467015
64.77,-0.049222775225363606,0.3329132983926196,-0.07007530642703289,0.4896157963596955
64.78,-0.048931646000452106,0.3309906300931989,-0.06942649608865578,0.4853810147211588
64.79,-0.04860744452965515,0.32885225499062887,-0.06872920631540352,0.48075672404095304
64.8,-0.048250386679513146,0.3264996271342233,-0.06798390376525194,0.4757480524627893
64.81,-0.04786070978282515,0.3239324841190255,-0.06719109340867348,0.47036232953255963
64.82000000000001,-0.047438672659255374,0.3211496766540976,-0.06635131779655451,0.4646082611601793
64.83,-0.04698455568954081,0.318150837103339,-0.06546515622475821,0.45849429120735913
64.84,-0.046498660803137686,0.3149377190452656,-0.06453322393291434,0.45202729336280667
64.85,-0.04598131131302228,0.31151313221359783,-0.06355617140289321,0.44521359189239035
64.86,-0.04543285165465945,0.30787994165772686,-0.06253468370297982,0.43805991494436364
64.87,-0.044853647096200974,0.30404117889275234,-0.061469479814345744,0.4305732700303891
64.88,-0.044244083436122184,0.2999999797604107,-0.06036131192581891,0.42276098683715063
64.89,-0.043604566688398384,0.2957596094351239,-0.05921096469859208,0.4146306751084324
64.9,-0.04293552275578446,0.29132344383450776,-0.05801925450210383,0.4061902247283354
64.91,-0.04223739709257121,0.2866949388915865,-0.05678702862362286,0.3974477504462341
64.92,-0.0415106543984863,0.2818763414133773,-0.05551516449436846,0.38841029255022713
64.93,-0.04075577845554392,0.27686714877314633,-0.05420456904549213,0.3790822593909415
64.94,-0.03997327213003428,0.2716666792966131,-0.05285617821705841,0.36946800133913626
64.95,-0.03916365733739636,0.26627749891214747,-0.051470956418075045,0.3595752327226015
64.96000000000001,-0.03832747480271288,0.26070371297795514,-0.05004989577086346,0.3494133098797712
64.97,-0.03746528368026901,0.2549494505871545,-0.048594015204482525,0.33899169945502877
64.98,-0.03657766113621586,0.24901901178106645,-0.04710435950268673,0.32832011380748444
64.99,-0.03566520191949054,0.24291678699404823,-0.04558199833281856,0.3174084193906279
65.0,-0.03472851792103851,0.2366472900333485,-0.04402802525680544,0.3062666591879472
65.01,-0.03376823772206651,0.23021513347731298,-0.042443556726040214,0.29490501737326164
65.02,-0.03278500613172589,0.2236250342440235,-0.0408297310616121,0.2833338134530088
65.03,-0.03177948371473232,0.21688180396543427,-0.03918770742149254,0.2715634823930288
65.04,-0.030752346309374377,0.20999034606917263,-0.0375186647562651,0.25960455881904015
65.05,-0.02970428453644172,0.2029556491296768,-0.035823800755155025,0.24746765834874315
65.06,-0.028636003299539727,0.19578278434405663,-0.03410433078367336,0.23516347515139316
65.07000000000001,-0.02754822127722122,0.1884768999334275,-0.03236148681389588,0.22270276415779805
65.08,-0.026441670407431443,0.18104321596077858,-0.030596516348883593,0.21009632212430887
65.09,-0.025317095364795324,0.1734870188665101,-0.028810681342990214,0.19735497281209
65.1,-0.024175253031362146,0.16581365343274115,-0.027005257119981578,0.18448954085948444
65.11,-0.023016911961295558,0.1580285233492364,-0.025181531290190563,0.17151086352091077
65.12,-0.02184285187626988,0.15013590449689404,-0.02334080263214856,0.15843090805021737
65.13,-0.020653863304726273,0.14213717767087666,-0.021484379832431916,0.1452644188991847
65.14,-0.019450747302672503,0.13403643503753884,-0.01961358014620703,0.13202354275961156
65.15,-0.018234315041218665,0.12583959949036072,-0.0177297281861872,0.11871864467494699
65.16,-0.01700538726326009,0.11755216680508711,-0.01583415483836576,0.10536049531604576
65.17,-0.015764793715782346,0.10917993285421661,-0.01392819620265239,0.09195954944521437
65.18,-0.014513372578122793,0.10072861654752732,-0.01201319254171,0.07852624145893082
65.19,-0.013251969885185767,0.09220403024544681,-0.01009048724258675,0.06507082589225312
65.2,-0.01198143894711476,0.08361199965005688,-0.00816142578923743,0.051603505327937844
65.21000000000001,-0.010702639764674027,0.0749584072550546,-0.00622735474557865,0.03813433903263333
65.22,-0.009416438441053856,0.0662491511014623,-0.004289620751449715,0.024673230329572502
65.23,-0.008123706591265623,0.057490145097309056,-0.0023495695337720935,0.011229931262952415
65.24,-0.006825320749458495,0.04868733420964967,-0.0004085449321189157,-0.002185931082145727
65.25,-0.00552216177365408,0.03984668634183903,0.001532112061687397,-0.015564887521308782
65.26,-0.004215114249139006,0.03097415549072696,0.003471064247693916,-0.028897664038145962
65.27,-0.0029050658914454323,0.022075715830369283,0.005406979144465517,-0.04217513918238658
65.28,-0.0015929069482338706,0.013157352917590648,0.0073385298997254225,-0.05538834116418342
65.29,-0.00027952960129092177,0.004225016742759788,0.009264396183152827,-0.06852853931272267
65.3,0.0010341726305810883,-0.004715322621600732,0.01118326506044773,-0.08158712821170645
65.31,0.002347305487788252,-0.013657733801465883,0.013093831849399145,-0.09455573072271524
65.32000000000001,0.0036589745641191964,-0.02259630322040418,0.01499480095674289,-0.10742614660990238
65.33,0.004968285899568752,-0.03152510836985027,0.016884886697654183,-0.1201903089230993
65.34,0.006274346571744385,-0.04043827595317541,0.01876281409840278,-0.132840369621973
65.35,0.007576265282532934,-0.04933001356247851,0.020627319678667988,-0.14536870393030366
65.36,0.008873152935938388,-0.05819465426175741,0.022477152209990674,-0.1577679627101599
65.37,0.010164123207948598,-0.06702653746956168,0.024311073449166522,-0.17003102443644902
65.38,0.011448293118520407,-0.07581984441816882,0.026127858852001782,-0.1821508625084263
65.39,0.012724783611994625,-0.08456873281701849,0.027926298272780006,-0.19412061429976774
65.4,0.013992720140419072,-0.09326740517304669,0.029705196647396084,-0.2059336221574659
65.41,0.01525123324328575,-0.10191012317165539,0.031463374656656065,-0.21758343765042834
65.42,0.01649945912024722,-0.11049125244252075,0.033199669367761656,-0.2290638527154154
65.43,0.017736540196055157,-0.1190052063173157,0.03491293485345618,-0.2403688641829964
65.44,0.018961625680582933,-0.12744641455045536,0.036602042790877046,-0.25149264422974593
65.45,0.020173872126398262,-0.13580932926600997,0.038265883042381266,-0.26242953687675824
65.46000000000001,0.021372443983404155,-0.14408845082455501,0.039903364218534014,-0.27317407636918056
65.47,0.022556514150345326,-0.15227828907389657,0.04151341422344238,-0.28372095416516513
65.48,0.0237252645231517,-0.16037340956124124,0.0430949807827944,-0.29406504831539154
65.49,0.02487788653879552,-0.16836842704933008,0.044647031954172633,-0.30420141153995617
65.5,0.02601358171418572,-0.17625800174933745,0.04616855661976762,-0.31412526763367987
65.51,0.027131562180113873,-0.18403684887489188,0.04765856496190114,-0.3238320114711765
65.52,0.02823105120959738,-0.19169974684798788,0.049116088921469944,-0.33331720776615575
65.53,0.029311283739535312,-0.19924155319939688,0.05054018263907104,-0.34257660083463637
65.54,0.030371506885504267,-0.2066571792944557,0.051929922879130445,-0.3516060895466721
65.55,0.03141098045015652,-0.21394160560439843,0.05328440943791059,-0.36040173256162117
65.56,0.0324289774242603,-0.22108990464078562,0.05460276553525888,-0.3689597605665272
65.57000000000001,0.03342478447918775,-0.22809723280238076,0.055884138189789004,-0.37727656338164645
65.58,0.03439770245111584,-0.2349588203019873,0.05712769857826255,-0.38534867814302737
65.59,0.035347046817180976,-0.24166998480159232,0.058332642379841516,-0.39317279450149767
65.6,0.036272148202483534,-0.24822485570821218,0.05949819004670994,-0.40074764919806705
65.61,0.037172353093295786,-0.25461272565972776,0.06062358674254467,-0.4080793679056657
65.62,0.038047024693304156,-0.26082675260221067,0.061708102042695424,-0.41516866474755565
65.63,0.038895543589216396,-0.26686318070311643,0.06275102988723545,-0.422011990831238
65.64,0.03971730820692942,-0.2727176248549809,0.06375168881406479,-0.4286070078145316
65.65,0.04051173522160013,-0.27838622279671826,0.06470942223090154,-0.434950908895996
65.66,0.041278259955841785,-0.28386506117907506,0.06562359867520648,-0.44104125332293126
65.67,0.042016336762693736,-0.2891504652938714,0.06649361206700269,-0.4468755447756946
65.68,0.04272543939462096,-0.29423886234824403,0.06731888195242004,-0.4524514421432927
65.69,0.043405061357444895,-0.2991268501604912,0.06809885373930133,-0.4577666489637136
65.7,0.04405471624952121,-0.3038111646150129,0.06883299892456471,-0.4628189653081199
65.71000000000001,0.04467393808575899,-0.3082887007730582,0.06952081531379971,-0.4676062601286348
65.72,0.04526228160634433,-0.3125565044090893,0.07016182723310921,-0.4721264818542725
65.73,0.045819322569960644,-0.31661177911538824,0.07075558573343346,-0.47637765141718874
65.74,0.04634465803133289,-0.3204518858496592,0.0713016687874117,-0.48035786474233244
65.75,0.04683790660287723,-0.3240743461756975,0.07179968147886141,-0.4840652909017334
65.76,0.047298708701642746,-0.3274767989175912,0.0722492561862638,-0.48749812843828166
65.77,0.047726726826165806,-0.33065562186881353,0.07265005280492043,-0.4906532293113122
65.78,0.04812164598691966,-0.3336041577762664,0.07300175913090381,-0.49352433914920724
65.79,0.04848317433184787,-0.33631509057738745,0.07330409144791482,-0.49610446170053346
65.8,0.04881104378525835,-0.3387836663648648,0.07355679513645856,-0.49838905300714237
65.81,0.04910501048855481,-0.3410078721973197,0.0737596450957473,-0.5003761882047929
65.82000000000001,0.04936485502845594,-0.34298655396538896,0.07391244596465261,-0.5020646936432536
65.83,0.04959038256481368,-0.3447186812357567,0.07401503225303495,-0.5034534217057735
65.84,0.049781422927465624,-0.34620347826777287,0.07406726845210485,-0.5045413820880055
65.85,0.049937830698245665,-0.34744016277886547,0.0740690492049534,-0.5053253669309379
65.86,0.05005948533438121,-0.34842645836254393,0.07402030020669441,-0.5057819764936362
65.87,0.050146291402871294,-0.3491588880137418,0.07392098065379439,-0.5058713433273567
65.88,0.05019817885776517,-0.3496354624415348,0.07377108643116305,-0.5055689673460991
65.89,0.05021510320644765,-0.3498561754957607,0.07357065220858192,-0.5048716381780471
65.9,0.05019704553244524,-0.3498215425155579,0.07331975206111185,-0.5037800712746119
65.91,0.050144012448424764,-0.3495322357758855,0.07301849948651198,-0.5022946131513146
65.92,0.05005603602328429,-0.34898918162611603,0.07266704733842662,-0.500416417762181
65.93,0.04993317368738435,-0.3481935074074142,0.07226558772031029,-0.4981468558577013
65.94,0.04977550811595641,-0.34714656301132896,0.07181435183702414,-0.49548780664997893
65.95,0.04958314709117423,-0.34584990476572514,0.07131360980598436,-0.4924415081433874
65.96000000000001,0.04935622334318107,-0.3443052977996678,0.07076367042739451,-0.48901062531734335
65.97,0.04909489437051216,-0.34251470854492916,0.0701648809144615,-0.4851982075013213
65.98,0.04879934224033415,-0.3404803018998212,0.06951762658393101,-0.481007701917725
65.99,0.04846977336902762,-0.33820443349796936,0.06882233050752869,-0.47644294025818246
66.0,0.048106418296950934,-0.33568921560415554,0.06807945311185405,-0.4715085550596513
66.01,0.047709531513394486,-0.3329354017212121,0.0672894916732831,-0.46621105363135346
66.02,0.04727939138175183,-0.3299428277042144,0.06645297966018358,-0.46055837867472493
66.03,0.046816300126862706,-0.326711652323718,0.06557048596069252,-0.4545586846566212
66.04,0.04632058377188779,-0.32324374024543273,0.06464261410740019,-0.4482189694296127
66.05,0.045792591937847224,-0.31954247121482565,0.06367000158558567,-0.44154523921292327
66.06,0.045232697525425865,-0.3156115258880856,0.06265331920782131,-0.43454367699095003
66.07000000000001,0.04464129634744361,-0.3114547339065203,0.0615932704899212,-0.42722077418585136
66.08,0.04401880674222952,-0.30707611381178995,0.0604905910004064,-0.41958327397355527
66.09,0.04336566916984669,-0.3024798432756036,0.05934604768333644,-0.4116381824530519
66.1,0.04268234579169956,-0.29767026395302865,0.05816043815578933,-0.4033927454751597
66.11,0.041969320034576284,-0.2926518588446154,0.05693458998141009,-0.39485443257013336
66.12,0.04122709616601486,-0.28742841419026993,0.055669359947536266,-0.3860300861041305
66.13,0.04045619897226024,-0.2820014181526344,0.05436563343789722,-0.3769243120956534
66.14,0.03965717359249546,-0.27637142011628607,0.05302432395541,-0.36754083267313925
66.15,0.03883058537576375,-0.27054120834553524,0.05164637266167135,-0.3578856744115586
66.16,0.03797701957769252,-0.26451578086697314,0.050232747749853854,-0.3479671405268896
66.17,0.037097080891971404,-0.2583005227497691,0.048784443646128536,-0.337793972582696
66.18,0.036191392917065676,-0.2519008854647101,0.04730248014106603,-0.32737502232185867
66.19,0.03526059760687053,-0.2453224885074181,0.045787901500419136,-0.3167193524449917
66.2,0.034305354708575125,-0.23857105613870172,0.04424177555906595,-0.30583616265975516
66.21000000000001,0.03332634118827701,-0.23165243595942475,0.04266519279943332,-0.2947348009989392
66.22,0.03232425064529313,-0.2245725787498401,0.04105926541597792,-0.2834247421741259
66.23,0.03129979271582675,-0.21733753758931723,0.03942512636675176,-0.27191558163317253
66.24,0.030253692466774597,-0.2099534568092609,0.03776392841324818,-0.26021701999602315
66.25,0.029186689780352684,-0.202426568297296,0.036076843149490175,-0.2483388604260831
66.26,0.02809953873027142,-0.19476318100411877,0.034365060021443704,-0.23629098750162908
66.27,0.026993006950354913,-0.18696967089664757,0.032629785338501735,-0.224083346288826
66.28,0.025867874996489095,-0.17905247499320173,0.030872241278636987,-0.21172593780989002
66.29,0.024724935702600235,-0.17101808447595396,0.02909366488816228,-0.1992288093338663
66.3,0.023564993531351282,-0.1628730374077631,0.027295307076990797,-0.18660204363680813
66.31,0.022388863920135057,-0.15462391602900855,0.02547843161005648,-0.17385576094856503
66.32000000000001,0.021197372623896395,-0.1462773061722908,0.0236443140951994,-0.16100011253924892
66.33,0.019991355115277092,-0.13783790372748547,0.021794240911686243,-0.14804709892638787
66.34,0.018771656128804846,-0.12930875989803892,0.01992950799691965,-0.13501033635543747
66.35,0.017539129237445224,-0.12069571912777843,0.018051419601079075,-0.12190071104802529
66.36,0.01629463628993666,-0.11200572178173078,0.016161287177746602,-0.10872803667646873
66.37,0.015039046749939495,-0.10324535043257545,0.014260428372043872,-0.0955024299428895
66.38,0.013773237025362815,-0.09442137849296639,0.012350166023183293,-0.08223374143171992
66.39,0.012498089798157672,-0.08554048885632957,0.010431827173700831,-0.06893183673887425
66.4,0.01121449335334186,-0.0766094130914589,0.008506742086844488,-0.055606463145712964
66.41,0.009923340908103246,-0.06763486126357751,0.006576243270934036,-0.04226732106090078
66.42,0.008625529941406309,-0.058623531431296616,0.004641664511653204,-0.02892400385506868
66.43,0.007321961525663026,-0.04958208864096457,0.002704339914440352,-0.015585978464724226
66.44,0.006013539660684369,-0.04051718528045609,0.0007656029586274538,-0.0022626016341771357
66.45,0.0047011706095975055,-0.03143545219200218,-0.001173214438261503,0.011036842242450268
66.46000000000001,0.003385762237711423,-0.022343467945489033,-0.003110782845339959,0.024303235491563047
66.47,0.002068223355755292,-0.013247767504527087,-0.005045776229341847,0.037527596334548816
66.48,0.000749463066901388,-0.004154866945659772,-0.006976872853143549,0.050701022876694084
66.49,-0.0005696098821654144,0.0049287901717622075,-0.008902756161902146,0.06381480024642971
66.5,-0.001888087744546513,0.013996814139334847,-0.010822115654289746,0.07686034641377658
66.51,-0.0032050644113666886,0.02304284638100051,-0.01273364773980596,0.08982919846748047
66.52,-0.004519636044642523,0.03206061756909171,-0.014636056581681182,0.10271308504640103
66.53,-0.005830901704265284,0.041043886071955145,-0.016528054924285468,0.11550385436138189
66.54,-0.007137963969303415,0.04998649266143783,-0.018408364904858122,0.1281935488972257
66.55,-0.008439929551951735,0.0588823665662883,-0.020275718847266123,0.1407744063370788
66.56,-0.009735909904622878,0.06772546496224637,-0.022128860037002172,0.15323883565094132
66.57000000000001,-0.011025021823551551,0.07650975654936669,-0.02396654347891194,0.16557940655214665
66.58,-0.01230638805122859,0.0852292114503835,-0.025787536639313453,0.1777888277892108
66.59,-0.013579137870502312,0.09387805941989286,-0.027590620173675175,0.18985995107264803
66.6,-0.014842407678790847,0.10245075793080206,-0.029374588639787824,0.2017857814289715
66.61,-0.01609534154300298,0.11094185909031436,-0.03113825119530751,0.2135594944992351
66.62,-0.017337091743300607,0.119345980062176,-0.03288043227833312,0.22517444498292888
66.63,-0.01856681930955147,0.12765781054878816,-0.03459997227040816,0.23662416151301094
66.64,-0.019783694549613956,0.1358721474902477,-0.03629572814230452,0.24790233791950886
66.65,-0.020986897566636,0.14398392602344642,-0.03796657408291474,0.2590028397772436
66.66,-0.02217561876275406,0.15198823260583996,-0.0396114021111424,0.2699197031019547
66.67,-0.023349059329026114,0.15988026986074058,-0.04122912267077066,0.280647132982166
66.68,-0.024506431722665565,0.16765536992884192,-0.04281866520837632,0.2911795041608803
66.69,-0.025646960130848884,0.17530901927129885,-0.04437897873434806,0.30151135904961296
66.7,-0.026769880920584112,0.18283682719639358,-0.04590903236709333,0.3116374078796798
66.71000000000001,-0.027874443075363492,0.1902345370958177,-0.04740781586057855,0.3215525249100158
66.72,-0.028959908618646148,0.1974980270933241,-0.04887434011529134,0.3312517514228203
66.73,-0.030025553023863803,0.20462331190268004,-0.05030763767276219,0.3407302889335249
66.74,-0.031070665611345128,0.21160652674095418,-0.05170676319388982,0.3499835002566809
66.75,-0.03209454993280717,0.21844393082812305,-0.053070793921064695,0.35900691205663776
66.76,-0.03309652414304179,0.22513192424166828,-0.05439883012428843,0.3677962037008765
66.77,-0.03407592135838527,0.23166703214171197,-0.055689995531727175,0.3763472094741298
66.78,-0.03503209000294354,0.2380458875958891,-0.056943437744622856,0.38465592447041314
66.79,-0.035964394143115745,0.244265251790779,-0.05815832863658468,0.3927184926746594
66.8,-0.036872213809738846,0.25032201468687265,-0.05933386473783755,0.4005312038356356
66.81,-0.037754945369620485,0.2562111793618054,-0.06046926751524031,0.40809339600852407
66.82000000000001,-0.03861200211746578,0.26192354536757245,-0.061563783301510966,0.4154108018835574
66.83,-0.039442814973041286,0.26745443575855665,-0.06261668304113961,0.4224829106849457
66.84,-0.040246832957268414,0.27280179084846357,-0.0636272623258295,0.4293057275168834
66.85,-0.04102352347109952,0.27796286126268965,-0.06459484168522249,0.4358765561807513
66.86,-0.0417723725396453,0.2829354540024695,-0.0655187668980302,0.4421921906070297
66.87,-0.042492885044663996,0.28771730614429764,-0.0663984092906735,0.4482498132277684
66.88,-0.04318458494219268,0.29230639368011074,-0.06723316602884136,0.4540465398433381
66.89,-0.04384701546730093,0.29670077382914956,-0.06802246039967141,0.45957964746313174
66.9,-0.04447973932524184,0.3008986632274583,-0.0687657420858587,0.46484645867462276
66.91,-0.04508233886960126,0.30489839433305416,-0.06946248743106681,0.4698444011092727
66.92,-0.045654416267573134,0.30869843104578476,-0.07011219969705723,0.47457097268469706
66.93,-0.046195593652815135,0.31229735681851084,-0.07071440931267965,0.47902375470101616
66.94,-0.04670551326610214,0.3156938762773391,-0.07126867411489075,0.4832004078014918
66.95,-0.04718383758408133,0.31888681056279317,-0.07177457958167938,0.4870986738958453
66.96000000000001,-0.04763024943638515,0.3218750954936648,-0.07223173905700284,0.49071637219152514
66.97,-0.048044452131137096,0.3246571380841925,-0.07263979398749222,0.49405076437404294
66.98,-0.04842616969955002,0.327228260544007,-0.07299841428058669,0.4970960199051363
66.99,-0.04877514736473469,0.32958179575160224,-0.07330729888826272,0.4998443027890813
67.0,-0.0490911521127804,0.3317129213780557,-0.07356617649517162,0.5022895815111862
67.01,-0.04937397311310102,0.3336200220250582,-0.0737748060596861,0.5044289861117497
67.02,-0.049623421903217564,0.3353028041086774,-0.07393297712339685,0.5062609348707497
67.03,-0.04983933244195309,0.33676107080332474,-0.07404050999214049,0.5077839234219398
67.04,-0.05002156112624854,0.33799480387018727,-0.07409725588266507,0.5089966122197752
67.05,-0.050169986794022896,0.339004090266191,-0.07410309706377204,0.5098975271802006
67.06,-0.05028451074775515,0.3397880635969239,-0.07405794739875778,0.5104723015197242
67.07000000000001,-0.050365056889188346,0.34034371495171106,-0.0739617543552813,0.5106797376377756
67.08,-0.05041157196012092,0.3406686355728174,-0.07381450242211615,0.5104842342294734
67.09,-0.050424025717831354,0.3407629458025501,-0.07361621589919715,0.5098787122515731
67.1,-0.05040241095038351,0.34062752496004706,-0.0733669599338219,0.5088637006621564
67.11,-0.050346743402505875,0.3402633181583459,-0.07306684063454943,0.5074391849020624
67.12,-0.05025706167733562,0.3396714621186604,-0.07271600503149069,0.5056061282470711
67.13,-0.05013342712354352,0.3388532188211347,-0.07231464099240005,0.5033657094294254
67.14,-0.04997592370781986,0.3378100019993881,-0.07186297709046664,0.5007197016720082
67.15,-0.04978465787335037,0.3365433564775357,-0.07136128242611305,0.49767027948837755
67.16,-0.04955975838459368,0.33505496400349505,-0.07080986640206392,0.4942201093998305
67.17,-0.049301376158717214,0.3333466353374171,-0.07020907845264764,0.49037229726556686
67.18,-0.04900968408403164,0.3314203084406226,-0.0695593077275904,0.4861304059574933
67.19,-0.04868487682622351,0.32927803026821445,-0.06886098273065411,0.4814984494205999
67.2,-0.04832717064528291,0.32692124531072575,-0.06811457089187371,0.476481579293956
67.21000000000001,-0.04793680329315926,0.3243496766710419,-0.06732057800659784,0.47108715424629155
67.22,-0.047514034035432064,0.3215621699038138,-0.06647954750086042,0.4653239009922802
67.23,-0.04705914372559156,0.3185583725250352,-0.06559205959428537,0.4592002652426273
67.24,-0.04657243479136053,0.31534006007953475,-0.06465873049849707,0.45272311668355886
67.25,-0.04605423106788524,0.3119100495532248,-0.06368021171541818,0.4458987905177654
67.26,-0.04550487753578235,0.3082712102054263,-0.06265718938053581,0.43873402940308975
67.27,-0.04492474003080516,0.30442657936546813,-0.061590383588022934,0.43123585439752693
67.28,-0.04431420494094856,0.3003792980716245,-0.060480547684099405,0.42341160986868903
67.29,-0.04367367889107809,0.29613263717179533,-0.05932846753029529,0.41526892027133305
67.3,-0.04300358841565423,0.291689978167194,-0.0581349607378454,0.4068156907119448
67.31,-0.04230437962095631,0.2870547816133193,-0.056900875875790485,0.398060050253691
67.32000000000001,-0.04157651787903577,0.2822292816281843,-0.05562709169617737,0.38900903639528256
67.33,-0.040820487665900386,0.27721294964914567,-0.05431451649039198,0.37966704136431323
67.34,-0.04003679256487522,0.27200510919173065,-0.052964087598512476,0.3700384311495541
67.35,-0.03922595523085856,0.2666083543835461,-0.05157677086768692,0.3601309588988934
67.36,-0.03838851714901252,0.261026800566052,-0.05015355989364779,0.34995400145546174
67.37,-0.03752503825312037,0.25526458173765154,-0.04869547511187846,0.3395170409551438
67.38,-0.03663609650757844,0.24932600537767188,-0.04720356284384395,0.32882980782589394
67.39,-0.03572228747765667,0.24321546820364087,-0.04567889432416426,0.3179021854689363
67.4,-0.03478422388804707,0.23693749102001663,-0.04412256470987201,0.3067442345186496
67.41,-0.03382253517043693,0.23049669317710136,-0.04253569207355127,0.29536615650774256
67.42,-0.03283786700050187,0.2238977985594557,-0.040919416381824975,0.2837782884460211
67.43,-0.03183088082483345,0.21714562574450844,-0.03927489846079574,0.2719910826901174
67.44,-0.030802253378246935,0.21024508518373067,-0.037603318950035054,0.2600150913160258
67.45,-0.02975267619200992,0.20320117245581792,-0.03590587724687551,0.24786094716971774
67.46000000000001,-0.02868285509345174,0.1960189657972452,-0.03418379044233395,0.23553936146547264
67.47,-0.027593509697391057,0.18870362049026354,-0.03243829224968776,0.22306110608207033
67.48,-0.026485372889872967,0.18126036365912498,-0.03067063192720233,0.21043699453744352
67.49,-0.02535919030474797,0.17369448880728658,-0.028882073196767024,0.19767786719492184
67.5,-0.02421571979371118,0.16601134773926432,-0.027073893160358437,0.18479456503725464
67.51,-0.023055730890288333,0.1582163511285621,-0.025247381215568476,0.17179794128469839
67.52,-0.021880004304840252,0.15031377181285377,-0.023403837935344323,0.1586999884927365
67.53,-0.020689331563804664,0.1423049914362508,-0.021544573805614267,0.1455154723698037
67.54,-0.01948451473005344,0.13419411701730585,-0.01967090788405414,0.13225654706690948
67.55,-0.01826636598940515,0.1259870802625798,-0.017784166587857614,0.11893359053737852
67.56,-0.017035707106394588,0.1176893828735965,-0.015885682608214127,0.10555738872000062
67.57000000000001,-0.01579336885588224,0.10930682806034779,-0.013976793849502463,0.0921384104283445
67.58,-0.014540190450635185,0.10084514122800742,-0.012058842376705,0.07868710392942924
67.59,-0.013277018963866087,0.09231014150918425,-0.010133173375705655,0.06521373579064822
67.6,-0.01200470874823278,0.08370766131780466,-0.00820113412454842,0.05172852141076705
67.61,-0.010724120850545905,0.07504358988275026,-0.006264072975211242,0.038241533379081885
67.62,-0.009436122422914958,0.0663238314816026,-0.004323338348331915,0.024762685502476782
67.63,-0.008141586131499238,0.05755430652481555,-0.0023802777432439526,0.0113017409641206
67.64,-0.00684138956317292,0.0487409666700349,-0.00043623676241275213,-0.0021316609668186673
67.65,-0.005536414629613707,0.03988978582130986,0.0015074418500750112,-0.01552804182751434
67.66,-0.004227546970081318,0.03100672394201606,0.0034494191536210907,-0.028878118083159966
67.67,-0.0029156753537751914,0.022097761928613197,0.0053883609387539826,-0.042172757426872036
67.68,-0.0016016910811003258,0.01316889072867373,0.007322938638729464,-0.055402980381985475
67.69,-0.0002864873850806587,0.004226066281755142,0.009251830223194401,-0.06856004746325928
67.7,0.0010290411663479303,-0.004724735033705807,0.011173721073113636,-0.08163534434143453
67.71000000000001,0.00234399926712662,-0.01367757747446602,0.01308730483762609,-0.09462048824653535
67.72,0.0036574914678075966,-0.022626540429335314,0.01499128427166179,-0.10750726906010187
67.73,0.0049686227689973335,-0.03156569539696075,0.01688437205627394,-0.12028761203016052
67.74,0.006276499213330497,-0.040489164844678086,0.018765291602050593,-0.13295366344119863
67.75,0.0075802284725545715,-0.04939115349281398,0.02063277783202861,-0.14549779318392453
67.76,0.008878920425616504,-0.05826599367731758,0.02248557794056661,-0.15791265059663534
67.77,0.010171687728943187,-0.06710801453421317,0.024322452127163424,-0.17019110629842915
67.78,0.011457646389248668,-0.07591138757343069,0.02614217431087088,-0.18232612587796934
67.79,0.012735916344796075,-0.0846702653530144,0.02794353283044341,-0.19431084206995008
67.8,0.014005622049338761,-0.09337884477371367,0.029725331128001003,-0.2061385925223893
67.81,0.015265893052326068,-0.10203138467543657,0.03148638841273563,-0.21780292605048923
67.82000000000001,0.016515864571962077,-0.11062224774890353,0.03322554030268596,-0.22929763267000192
67.83,0.017754678060566173,-0.11914584022869472,0.0349416394441798,-0.24061670439913374
67.84,0.01898148176520195,-0.12759658550589137,0.03663355611108875,-0.2517543093021691
67.85,0.020195431285831747,-0.13596893159860787,0.0383001787860217,-0.2627047891572808
67.86,0.021395690130492154,-0.14425737221192672,0.039940414723620594,-0.2734626744446572
67.87,0.02258143026738822,-0.15245641145764674,0.041553190496211034,-0.2840226538272336
67.88,0.023751832673778075,-0.160560610768841,0.043137452522103596,-0.2943796037382302
67.89,0.024906087880319866,-0.1685645793308124,0.04469216757611397,-0.30452857458154275
67.9,0.026043396510474187,-0.17646297242117837,0.046216323282474485,-0.31446478847375703
67.91,0.027162969814942147,-0.18425050077382565,0.04770892859052522,-0.32418363902150144
67.92,0.028264030200455575,-0.19192193866072385,0.0491690142332806,-0.33368069005093726
67.93,0.02934581175186527,-0.199472139060993,0.05059563316865442,-0.3429516849060108
67.94,0.030407560747377743,-0.20689600900476313,0.05198786100367528,-0.3519925217609604
67.95,0.0314485361673781,-0.21418852503433786,0.05334479640255976,-0.3607992588939643
67.96000000000001,0.032468010195861506,-0.22134475596779604,0.05466556147849622,-0.3693681268862018
67.97,0.033465268713297705,-0.22835985448772983,0.05594930216883887,-0.3776955155910992
67.98,0.03443961178119943,-0.23522904709789294,0.05719518859448794,-0.38577796222262656
67.99,0.0353903541186398,-0.24194764801126506,0.05840241540412908,-0.39361215667012794
68.0,0.036316825604290476,-0.24850995541025728,0.059570202052640985,-0.4011965830299923
68.01,0.03721837198053843,-0.2549052885181124,0.060697792753331106,-0.40853732504808327
68.02,0.03809435571135372,-0.26112660197778886,0.061784456176044854,-0.4156353927557979
68.03,0.03894415665858202,-0.2671701020067216,0.06282948538481319,-0.4224872896483861
68.04,0.039767172543594805,-0.2730314167350518,0.0638321980632246,-0.42909065473053926
68.05,0.040562819357824735,-0.2787066719006714,0.06479193678604415,-0.43544269598381885
68.06,0.041330531761260364,-0.2841919551696414,0.06570806927897573,-0.44154096875646
68.07000000000001,0.04206976346576246,-0.2894835866446808,0.06657998867121677,-0.447382982109822
68.08,0.04277998760435212,-0.2945779917095336,0.06740711373879553,-0.45296639557343993
68.09,0.04346069708543504,-0.2994717649415731,0.06818888913994924,-0.458288915572474
68.1,0.0441114049322414,-0.30416163995390433,0.06892478564228413,-0.46334834377555695
68.11,0.04473164460709361,-0.3086445094414261,0.06961430034216592,-0.4681425513478353
68.12,0.0453209703203516,-0.312917417205739,0.07025695687636778,-0.47266948850373264
68.13,0.04587895732383259,-0.3169775649235103,0.07085230562620659,-0.4769271779624237
68.14,0.046405202188538594,-0.3208223119058867,0.07139992391423342,-0.4809137172576542
68.15,0.04689932306646897,-0.3244491782365405,0.07189941619355043,-0.4846272769801338
68.16,0.0473609599376422,-0.327855803486174,0.07235041423108729,-0.48806605904418854
68.17,0.04778977488625984,-0.33103858753199694,0.07275257732881035,-0.4912269397051181
68.18,0.04818545252944357,-0.33399089268634813,0.07310559270574953,-0.4941036859601557
68.19,0.048547700641803485,-0.33670538869197075,0.07340917608370755,-0.4966892889903351
68.2,0.048876250796006736,-0.33917727749198107,0.0736630722979502,-0.49897916223496375
68.21000000000001,0.04917085880668527,-0.34140452287174927,0.07386705572214539,-0.5009713587073813
68.22,0.049431304960671364,-0.34338597088146755,0.07402093049122616,-0.5026647054800056
68.23,0.04965739414527185,-0.34512059079513135,0.07412453063312704,-0.5040580547858503
68.24,0.049848955945119185,-0.3466076072953199,0.07417772017913377,-0.5051504165089246
68.25,0.05000584472378496,-0.34784625034766525,0.07418039333009918,-0.5059387223490371
68.26,0.050127939745435404,-0.34883428004573985,0.07413247533666373,-0.5063999946880601
68.27,0.050215145407149775,-0.34956821981917374,0.07403392492526482,-0.506494356916424
68.28,0.050267391516883746,-0.3500460340340492,0.07388473749485125,-0.5061967417025042
68.29,0.05028463346257601,-0.35026769896958637,0.07368494724853243,-0.5055037109347688
68.3,0.050266852236640895,-0.35023373307247696,0.07343462783597489,-0.5044159950586293
68.31,0.05021405438912796,-0.34994480958938506,0.07313389237498585,-0.5029339274159161
68.32000000000001,0.05012627195462709,-0.34940185733670287,0.07278289338500002,-0.5010586637305011
68.33,0.05000356235728817,-0.34860600579767337,0.07238182268132787,-0.49879156992173435
68.34,0.049846008293992584,-0.34755860757984863,0.07193091122697488,-0.49613452454515033
68.35000000000001,0.04965371759615691,-0.3462612218363866,0.07143042894397704,-0.4930897637126466
68.36,0.049426823070468855,-0.34471561685152036,0.07088068448374961,-0.4896599520725803
68.37,0.049165482318991864,-0.34292376243450245,0.0702820249573646,-0.48584813874028954
68.38,0.048869877539062107,-0.3408878271122121,0.06963483562608494,-0.481657771514438
68.39,0.048540215303506454,-0.33861017030534846,0.06893953955274712,-0.47709268321415566
68.4,0.048176726335089994,-0.33609290609242537,0.06819659720146858,-0.4721575102693751
68.41,0.04777966533125784,-0.333336789491202,0.06740650593218422,-0.46685876490342604
68.42,0.047349310889080114,-0.3303416600499359,0.06656979934243196,-0.4612043933702913
68.43,0.0468859654922722,-0.3271076800807368,0.06568704649472223,-0.4552025545789954
68.44,0.04638995544775085,-0.3236367164984562,0.06475885114073231,-0.44886025284011266
68.45,0.04586163068485637,-0.3199321533776669,0.06378585102897735,-0.4421834995142405
68.46000000000001,0.04530136443672866,-0.31599767687582964,0.06276871727888904,-0.4351784822494541
68.47,0.04470955287225367,-0.31183712204548936,0.06170815375626726,-0.42785169785810345
68.48,0.044086614708883295,-0.3074545131344765,0.06060489642220904,-0.4202098952298656
68.49,0.04343299080829188,-0.3028540336055272,0.059459712655362436,-0.4122600866748935
68.5,0.042749143755401085,-0.298040031075513,0.05827340054878116,-0.40400952464507567
68.51,0.0420355574218058,-0.2930169952215897,0.057046788182790846,-0.3954656862958092
68.52,0.04129273654013282,-0.28778873042478936,0.055780732901008497,-0.38663543336917217
68.53,0.04052120638048236,-0.28235674061470234,0.05447612068140297,-0.3775233891724677
68.54,0.03972151258372079,-0.27672156881890175,0.0531338656579956,-0.3681332711513733
68.55,0.038894221019030145,-0.270885982910057,0.051754909660819616,-0.3584710872902942
68.56,0.038039917481809064,-0.26485497958874077,0.05034022158979994,-0.3485451416195144
68.57000000000001,0.037159207225365566,-0.25863395204915396,0.04889079661617756,-0.3383641862685028
68.58,0.03625271442707658,-0.2522283575898405,0.04740765531311075,-0.32793708147830064
68.59,0.03532108163837357,-0.24564382286391587,0.04589184276551951,-0.317272899992589
68.60000000000001,0.034364969221932905,-0.2388860787361687,0.04434442766306863,-0.3063808511209317
68.61,0.033385054776609066,-0.23196097979900884,0.04276650137760272,-0.2952702931217254
68.62,0.03238203255105541,-0.2248744837507787,0.041159177026613106,-0.28395071107665604
68.63,0.03135661284669452,-0.21763265071569823,0.03952358852376176,-0.2724317110803479
68.64,0.030309521410823992,-0.2102416320813722,0.03786088961766077,-0.2607230045843695
68.65,0.029241498820535138,-0.20270766686610142,0.03617225291987559,-0.2488344058024696
68.66,0.028153299858177397,-0.19503707113596933,0.03445886892323648,-0.23677581041419585
68.67,0.027045692879266305,-0.18723622798240064,0.03272194501220708,-0.22455717475831832
68.68,0.025919459173720117,-0.17931158155394739,0.03096270446690961,-0.21218851128280855
68.69,0.02477539232112739,-0.1712696301495249,0.029182385461742753,-0.1996798787552723
68.7,0.023614297540731723,-0.16311691893043656,0.027382240059491574,-0.1870413715265877
68.71000000000001,0.022436991036717563,-0.1548600372216778,0.025563533201591666,-0.17428312142404062
68.72,0.021244299340297087,-0.1465055788059228,0.0237275416948799,-0.16141529047826456
68.73,0.02003705870873338,-0.13805825873531746,0.021875553139362635,-0.14844987898124837
68.74,0.018816114668530805,-0.1295211248211784,0.02000886471405401,-0.1354005248293584
68.75,0.01758232159187201,-0.12090001850350351,0.018128781929898148,-0.12227813546194889
68.76,0.016336542133905785,-0.11220188860992326,0.016236617518613952,-0.10909253443843088
68.77,0.015079646571361406,-0.10343332355114646,0.014333690419541295,-0.0958538508639107
68.78,0.013812512131202055,-0.09460110376351659,0.012421324781044442,-0.08257194635806062
68.79,0.01253602231976628,-0.08571191841805968,0.010500848968599432,-0.06925669802627296
68.8,0.011251066251143013,-0.07677250559886788,0.008573594581053988,-0.05591786418714994
68.81,0.009958537975636794,-0.0677895816855924,0.006640895473878989,-0.042565156176969585
68.82000000000001,0.008659335808741233,-0.05876985100680788,0.004704086790368128,-0.02920817818890737
68.83,0.007354361662190374,-0.04971998469404221,0.0027645040029376775,-0.01585640817401523
68.84,0.006044520377301525,-0.04064664116189722,0.0008234819661852101,-0.0025192133380881046
68.85000000000001,0.004730719060292848,-0.03155645718490445,-0.001117646019860648,0.010794111759654763
68.86,0.0034138664205605996,-0.022456017103973953,-0.003057549135603312,0.024074438928789698
68.87,0.002094872113344148,-0.013351861536259953,-0.004994899953884545,0.037312776570103734
68.88,0.0007746460861826338,-0.004250512185949218,-0.0069283753395076005,0.05050021281781113
68.89,-0.0005459020705666003,0.00484158207402074,-0.00885665733635549,0.0636280232944524
68.9,-0.0018658637675675659,0.013918026072974333,-0.010778434039591141,0.07668761628616332
68.91,-0.00318433205527251,0.022972456115843094,-0.012692400453917875,0.08967051974479798
68.92,-0.0045004022573059575,0.03199859783040479,-0.014597259337406918,0.10256845323160889
68.93,-0.005813172597954863,0.040990204391853476,-0.016491722029815123,0.11537325585332465
68.94,-0.007121744823963775,0.04994111210683404,-0.01837450926520233,0.12807696176823366
68.95,-0.00842522481894801,0.05884524558063506,-0.02024435196654061,0.14067180020884437
68.96000000000001,-0.00972272321095809,0.0676965568110724,-0.022099992021549376,0.1531501719354221
68.97,-0.011013355976614425,0.07648900853103094,-0.02394018304124912,0.16550463842202343
68.98,-0.012296245044104885,0.0852165653649175,-0.02576369110288348,0.1777279008615366
68.99,-0.01357051888774427,0.09387345479754505,-0.02756929547835551,0.18981280378030518
69.0,-0.014835313102492349,0.10245413139837097,-0.029355789348112525,0.20175234547946508
69.01,-0.01608977095917957,0.11095314352186776,-0.0311219804993574,0.21353969531403041
69.02,-0.01733304394862385,0.1193651045763139,-0.03286669200725719,0.22516820193845272
69.03,-0.018564292318461073,0.12768470038868232,-0.03458876289855051,0.23663138807698686
69.04,-0.0197826856017706,0.13590672540473062,-0.03628704879791582,0.24792294194612569
69.05,-0.020987403134652697,0.14402611213300273,-0.03796042255742425,0.25903672379176296
69.06,-0.022177634560170856,0.1520379448752687,-0.03960777486896061,0.26996676453462676
69.07000000000001,-0.023352580318522904,0.15993742361304225,-0.04122801485959958,0.28070726443198113
69.08,-0.024511452124498283,0.1677198788044785,-0.04282007067000131,0.2912525936096014
69.09,-0.025653473431465533,0.17538079539137993,-0.04438289001589037,0.301597290085252
69.10000000000001,-0.026777879881409502,0.18291578068103329,-0.04591544073269978,0.31173605992628634
69.11,-0.027883919741746758,0.19032057693546633,-0.04741671130352544,0.3216637734273682
69.12,-0.02897085432893535,0.19759106115279076,-0.04888571137048493,0.33137546811171714
69.13,-0.03003795841859683,0.20472324681802362,-0.050321472229611905,0.34086634195288473
69.14,-0.03108452064254991,0.21171326820111783,-0.05172304730953446,0.35013175440605704
69.15,-0.03210984387339387,0.2185573838459895,-0.053089512633934376,0.3591672289687831
69.16,-0.03311324559626644,0.22525199315862574,-0.054419967267979555,0.3679684420412701
69.17,-0.03409405826737551,0.231793620758705,-0.05571353374917564,0.3765312250709983
69.18,-0.035051629660277056,0.23817889928662586,-0.05696935850255808,0.38485157050378854
69.19,-0.03598532320043881,0.24440458962222986,-0.05818661224024576,0.39292561988930436
69.2,-0.03689451828741522,0.2504675815237,-0.05936449034593411,0.40074966065608164
69.21000000000001,-0.03777861065815052,0.2563631451826915,-0.06050221316707903,0.4083226419741163
69.22,-0.038637012967300224,0.26208202904195355,-0.06159902596115405,0.4156503684015632
69.23,-0.03946915548867386,0.26761932835998226,-0.06265419863557349,0.42273265711516017
69.24,-0.040274486603766105,0.2729729775709748,-0.06366702576530468,0.42956552017367156
69.25,-0.04105247308538889,0.2781402283900429,-0.06463682687686577,0.4361462583430765
69.26,-0.041802600341928335,0.28311888558566756,-0.06556294675941261,0.44247166740660565
69.27,-0.04252437264993799,0.28790668576368306,-0.06644475576335915,0.44853892941117535
69.28,-0.04321731337187509,0.292501603690926,-0.06728165009189456,0.45434516093641686
69.29,-0.04388096516094743,0.29690169587656046,-0.06807305208313065,0.4598876390883839
69.3,-0.04451489015234969,0.30110517810190074,-0.06881841048417975,0.46516368677517833
69.31,-0.04511867014148875,0.30511038217448516,-0.06951720071654374,0.4701707317812284
69.32000000000001,-0.04569190674932908,0.3089157713703621,-0.0701689251332189,0.4749062724157219
69.33,-0.046234221575308786,0.3125199285918442,-0.07077311326765592,0.4793678901708766
69.34,-0.04674525633804914,0.31592155797149635,-0.07132932207475953,0.483553245789823
69.35000000000001,-0.0472246730041602,0.3191194801940639,-0.07183713616380231,0.4874600812512669
69.36,-0.0476721539053873,0.3221126310425916,-0.07229616802334517,0.4910862161030621
69.37,-0.048087401863073684,0.3248994517509586,-0.07270605825686649,0.4944289462820392
69.38,-0.04847014042898704,0.327475331999917,-0.07306647593712676,0.49748250839904407
69.39,-0.04882011434995749,0.3298336100177282,-0.07337711918573639,0.5002390718815959
69.4,-0.049137090139643555,0.3319693895418892,-0.07363771586197215,0.5026925315804568
69.41,-0.04942085650420478,0.33388099750757366,-0.07384802410912568,0.5048399600663359
69.42,-0.04967122453162084,0.3355681329380327,-0.07400783266852967,0.5066797679694626
69.43,-0.049888027746368115,0.33703059985101746,-0.07411696106208912,0.5082104511736009
69.44,-0.05007112212638878,0.3382683784140552,-0.0741752597391577,0.5094306678224588
69.45,-0.050220386105896186,0.3392815594796338,-0.07418261021632243,0.5103389913037051
69.46000000000001,-0.0503357205969287,0.34006933714771215,-0.07413892559522677,0.5109217779944507
69.47,-0.05041704911977598,0.34062874197729737,-0.07404415252125293,0.5111383012686815
69.48,-0.05046431804276668,0.340957295875981,-0.07389827458795344,0.5109521426336684
69.49,-0.050477496761931126,0.3410550676352874,-0.0737013151769596,0.5103556135507452
69.5,-0.05045657772024477,0.34092293581080885,-0.07345333854071447,0.5093492335213194
69.51,-0.05040157633458382,0.34056184492300373,-0.07315444992915161,0.5079329790836792
69.52,-0.050312530897528955,0.3399729312127374,-0.07280479555086795,0.5061078051602196
69.53,-0.05018950246454021,0.33915745627252786,-0.07240456249004466,0.5038748826853671
69.54,-0.05003257472647568,0.33811683372952817,-0.07195397857501183,0.5012359776148649
69.55,-0.04984185386808379,0.3368526083886454,-0.07145331220076545,0.4981932577939593
69.56,-0.049617468412781786,0.3353664620693766,-0.07090287210469444,0.4947493836751094
69.57000000000001,-0.04935956905408554,0.3336602057603103,-0.07030300709648239,0.4909074556495534
69.58,-0.04906832847402079,0.33173577776468155,-0.06965410574243992,0.48667103173797516
69.59,-0.04874394114932042,0.32959522558539245,-0.0689565960046228,0.48204412157933835
69.60000000000001,-0.048386623168233285,0.3272399965026,-0.0682109448135536,0.4770318710759342
69.61,-0.04799661212784979,0.3246698195699365,-0.06741765750787805,0.4716416308665402
69.62,-0.04757416715527571,0.3218835452023277,-0.06657727710043632,0.4658821214863018
69.63,-0.04711956898177001,0.31888081399849294,-0.06569038344144695,0.4597617946289926
69.64,-0.0466331199296436,0.31566339082595907,-0.06475759241642431,0.4532875302677704
69.65,-0.04611514374612984,0.3122340922468364,-0.06377955524381944,0.44646566464614357
69.66,-0.045565985341608016,0.3085957893585687,-0.06275695781804251,0.4393029399780949
69.67,-0.044986010499159734,0.30475152044974363,-0.061690520034553116,0.43180637841129743
69.68,-0.04437560557154402,0.3007044281233181,-0.06058099508313908,0.42398332549017337
69.69,-0.04373517716568723,0.2964577846469101,-0.05942916871103837,0.4158414076404698
69.7,-0.04306515181525746,0.2920149731706726,-0.05823585845713761,0.4073885323994936
69.71000000000001,-0.04236597564262163,0.2873794594182415,-0.05700191285971414,0.3986328353146396
69.72,-0.04163811405120038,0.28255351999475325,-0.055728210679899866,0.38958139820245574
69.73,-0.040882051560319085,0.2775366631198902,-0.05441566025448043,0.38023865270518775
69.74,-0.04009829180713236,0.27232817282307903,-0.05306519900358275,0.3706089273823541
69.75,-0.03928735751373893,0.26693059029256994,-0.051677792891680674,0.36069992486929
69.76,-0.03844979024940278,0.2613480264940233,-0.050254435672377945,0.35052102089318204
69.77,-0.03758615005004056,0.2555846197929522,-0.04879614798037879,0.34008170558614526
69.78,-0.036697015000067695,0.24964467817487498,-0.0473039763772082,0.3293917138716163
69.79,-0.035782980802470644,0.24353260099101462,-0.04577899237778979,0.3184609361257482
69.8,-0.034844660337161805,0.23725291074502597,-0.044222291459073394,0.307299439339769
69.81,-0.03388268320834738,0.2308102290876975,-0.04263499205249871,0.2959174323302328
69.82000000000001,-0.032897695281307475,0.22420928208080002,-0.04101823452176666,0.28432525953945004
69.83,-0.031890358209099114,0.21745489067879684,-0.03937318012752497,0.2725333812441048
69.84,-0.030861348949630645,0.2105519677126712,-0.03770100998057091,0.26055235754878386
69.85000000000001,-0.02981135927364973,0.20350551127440053,-0.036002923985326694,0.2483928298917579
69.86,-0.028741095264101898,0.19632060218844172,-0.03428013977490305,0.23606551845507878
69.87,-0.02765127680730045,0.1890023983861136,-0.03253389163878024,0.22358120421932706
69.88,-0.026542637076398506,0.1815561296973311,-0.030765429444622645,0.21095071004991145
69.89,-0.025415922007699297,0.17398709235368945,-0.0289760175559808,0.1981848857341947
69.9,-0.02427188977042133,0.16630064093477562,-0.027166933747806193,0.18529458193725046
69.91,-0.0231113102304047,0.1585021890329592,-0.02533946812100376,0.17229066198555748
69.92,-0.021934964444147328,0.15059603439970398,-0.02349492198181646,0.15918510757884177
69.93,-0.020743644296763994,0.14258355855052357,-0.021634606579378917,0.1459926976448093
69.94,-0.01953815222246909,0.1344688486941489,-0.019759841763062787,0.13272561819707882
69.95,-0.018319300792039986,0.12625783752658495,-0.017871954768036415,0.11939425937240776
69.96000000000001,-0.017087912168811295,0.11795603057884524,-0.015972279128210313,0.10600941687249513
69.97,-0.015844817539999955,0.10956923351265341,-0.014062153614394531,0.09258156967256628
69.98,-0.01459085654399236,0.10110317489580035,-0.012142921180715926,0.07912117583357246
69.99,-0.013326876692591326,0.0925636766760754,-0.010215927923872655,0.06563851357977454
70.0,-0.01205373278972092,0.08395657428555889,-0.008282522053291774,0.052143809030053126
70.01,-0.010772286345839311,0.07528775987879814,-0.0063440528718687285,0.038647143701525645
70.02,-0.009483404988784423,0.06656314084498496,-0.0044018697696914435,0.025158442701143705
70.03,-0.008187961872221693,0.05778864054538196,-0.0024573212330094565,0.01168747999561654
70.04,-0.006886835082013981,0.0489702134965232,-0.0005117538676449635,-0.00175609644398258
70.05,-0.005580907040010918,0.0401138367953508,0.0014334885634971232,-0.015162797191073022
70.06,-0.00427106390652042,0.031225473412910234,0.00337706608656352,-0.02852332870733748
70.07000000000001,-0.0029581949823701405,0.02231110697997581,0.005317643445371539,-0.04182854985501972
70.08,-0.0016431921098766752,0.013376731706077711,0.007253891013960927,-0.05506947091456984
70.09,-0.00032694907395581515,0.004428306366336832,0.009184485691215693,-0.06823734338485701
70.10000000000001,0.0009896389958739967,-0.004528189931391627,0.01110811177671103,-0.08132354409870993
70.11,0.0023056762225743483,-0.01348681811937301,0.013023461828481613,-0.09431968067135353
70.12,0.0036202665766080187,-0.022441655411223928,0.014929237501517548,-0.10721753550575529
70.13,0.004932514469636031,-0.0313867706905123,0.01682415036890509,-0.12000902578826658
70.14,0.006241525346760706,-0.04031628331592065,0.018706922726042362,-0.13268628944456606
70.15,0.007546406273918324,-0.04922439473604742,0.020576288374367636,-0.14524168845737234
70.16,0.008846266516301467,-0.058105433651532735,0.022430993381062806,-0.15766786332947258
70.17,0.010140218108903963,-0.06695372855888239,0.024269796813671557,-0.16995767790224417
70.18,0.011427376429478537,-0.07576344953257293,0.0260914714552301,-0.18210409102270253
70.19,0.012706860779975123,-0.08452874610698384,0.027894804505113707,-0.19410022799066565
70.2,0.013977794970749082,-0.09324381238309515,0.029678598263417587,-0.20593941937907545
70.21000000000001,0.015239307901068299,-0.10190290386161206,0.03144167079538209,-0.2176152068103693
70.22,0.016490534132484802,-0.11050038036795443,0.033182856573875034,-0.22912137336361835
70.23,0.017730614454461183,-0.11903064621479886,0.03490100709950636,-0.24045190500816882
70.24,0.018958696445225343,-0.12748812250837668,0.03659499150050298,-0.2516009638013336
70.25,0.020173935030162335,-0.13586725448456238,0.038263697114506535,-0.26256288543458567
70.26,0.021375493037248967,-0.14416253346197005,0.03990603005246031,-0.2733321947809534
70.27,0.022562541749406417,-0.15236846082642264,0.041520915744827684,-0.28390357500360874
70.28,0.02373426145366044,-0.16047959506847534,0.04310729947044128,-0.2942718971125915
70.29,0.024889841985776606,-0.1684905425136942,0.044664146867558444,-0.3044322063774885
70.3,0.026028483269955646,-0.1763959555280302,0.046190444427284344,-0.31437972002740294
70.31,0.02714939585357023,-0.18419054170018276,0.047685199969753005,-0.3241098268557162
70.32000000000001,0.028251801436263976,-0.191869072263691,0.04914744310316707,-0.3336180861940524
70.33,0.029334933392349674,-0.19942639712877266,0.05057622566547304,-0.3429002370529022
70.34,0.030398037286360167,-0.2068574200437372,0.05197062214900894,-0.35195217339264373
70.35000000000001,0.0314403713821954,-0.21415711434836668,0.05332973010899116,-0.3607699495996203
70.36,0.032461207144876804,-0.22132054571382745,0.05465267055568677,-0.369349792557278
70.37,0.033459829733734174,-0.2283428634856955,0.05593858832998018,-0.37768808846561075
70.38,0.03443553848730881,-0.23521929080705592,0.0571866524631107,-0.3857813711398284
70.39,0.035387647400205106,-0.24194513857295133,0.058396056521248844,-0.3936263273183487
70.4,0.03631548561945887,-0.24851489627125153,0.05956601889305446,-0.4012211518185637
70.41,0.03721839813705706,-0.25491795481442736,0.06069578275973256,-0.4085718158733958
70.42,0.0380957466479843,-0.26114702593890443,0.06178461579360428,-0.4156796796623529
70.43,0.038946910238859045,-0.2671982588005904,0.06283181007832342,-0.422541323226222
70.44,0.039771285856545054,-0.2730673028924405,0.06383668232474755,-0.4291543467795622
70.45,0.040568288719311944,-0.27875026609179415,0.06479857414237854,-0.4355159771995698
70.46000000000001,0.041337352715738775,-0.2842432377982998,0.06571685229925883,-0.4416237600293189
70.47,0.04207793078854732,-0.2895425300695227,0.06659090897449213,-0.44747520903577037
70.48,0.04278949530435129,-0.2946445651662093,0.0674201620016167,-0.453067981323639
70.49,0.04347153840836812,-0.29954593207680064,0.06820405510397151,-0.4583997845534907
70.5,0.04412357236433204,-0.3042433600741207,0.06894205812185789,-0.4634684198936734
70.51,0.044745129879240245,-0.30873373693155226,0.06963366723191712,-0.46827175896462314
70.52,0.0453357644127694,-0.3130141018588041,0.07027840515876242,-0.4728077520333139
70.53,0.04589505047116633,-0.31708165182131315,0.07087582137909536,-0.47707442212928586
70.54,0.04642258388544253,-0.32093374153856785,0.07142549231837142,-0.4810698670096942
70.55,0.04691798207364831,-0.3245678865085413,0.07192702154009185,-0.48479225754985916
70.56,0.04738088428816834,-0.32798172776370205,0.07238003992886716,-0.4882398019236719
70.57000000000001,0.04781095188976291,-0.3311717345627862,0.07278420590903424,-0.4914094502138921
70.58,0.04820786877101018,-0.3341313288543449,0.07313920582094194,-0.49429503324007307
70.59,0.04857134197755247,-0.33685314823253004,0.07344475450289827,-0.49688951476157367
70.60000000000001,0.04890110235193602,-0.33933230191648983,0.07370059590465154,-0.4991882207855591
70.61,0.049196904984321554,-0.3415667023112908,0.07390650351861688,-0.5011891580338622
70.62,0.049458529447235694,-0.3435551906214377,0.07406228060676408,-0.5028911532315793
70.63,0.049685779925269215,-0.34529673070584366,0.07416776033331948,-0.5042930574762436
70.64,0.04987848531243707,-0.34679054249284363,0.07422280587519758,-0.5053938800625847
70.65,0.05003649929356085,-0.3480358745109613,0.07422731057971635,-0.5061908297668869
70.66,0.05015970046284726,-0.3490305599024914,0.07418119880277718,-0.5066618481220984
70.67,0.05024799255208643,-0.34977112672282007,0.07408442828077176,-0.5067671635695888
70.68,0.0503013047096767,-0.35025545080422577,0.07393699333487713,-0.5064807067393067
70.69,0.05031959167524907,-0.35048346838137245,0.07373892706331095,-0.5057986119848312
70.7,0.0503028338079625,-0.35045569544755384,0.07349030202409956,-0.5047216269695504
70.71000000000001,0.05025103704075173,-0.35017279955698954,0.073191230264968,-0.5032500620128714
70.72,0.0501642328076771,-0.34963570574241143,0.07284186325769879,-0.5013850703870103
70.73,0.05004247794938192,-0.34884553905096294,0.07244239179333428,-0.4991280057323009
70.74,0.04988585459667274,-0.34780364828859134,0.07199304583486382,-0.4964807397189296
70.75,0.049694470032715224,-0.3465115888046057,0.07149409432942302,-0.4934454993486239
70.76,0.04946845653414082,-0.3449711253983831,0.07094584497945747,-0.4900249418405322
70.77,0.04920797119149961,-0.34318422456393183,0.07034864397378383,-0.4862221086046047
70.78,0.04891319570948305,-0.34115305175357064,0.06970287567886904,-0.4820404404143418
70.79,0.04858433618744229,-0.3388799636599055,0.06900896229092603,-0.47748376317821783
70.8,0.04822162289395554,-0.3363670768136995,0.068267363436447,-0.4725567020614909
70.81,0.04782531009131634,-0.33361515217561655,0.0674785756678697,-0.46726575518646407
70.82000000000001,0.0473956759600843,-0.3306240309923129,0.06664313180656925,-0.46161885947033476
70.83,0.04693302258610696,-0.32739386893472233,0.06576160017098533,-0.4556241732480849
70.84,0.046437675897878825,-0.3239265164125832,0.06483458380072694,-0.4492887106027128
70.85000000000001,0.045909985466909206,-0.3202253509730044,0.06386271976375128,-0.4426184836239494
70.86,0.04535032418975303,-0.3162940585065052,0.06284667853035783,-0.4356196752263036
70.87,0.04475908792014835,-0.3121364724004514,0.06178716334894472,-0.42829877950761297
70.88,0.044136695081941554,-0.3077566162979529,0.06068490959526129,-0.42066254225655786
70.89,0.04348358626482789,-0.30315867288512094,0.059540684094937485,-0.41271797349440853
70.9,0.04280022380343595,-0.2983469894415046,0.05835528442057976,-0.40447232360019386
70.91,0.042087091340730964,-0.293326057321177,0.05712953816477323,-0.3959330700532514
70.92,0.041344693400924865,-0.2880997253525648,0.05586430221479147,-0.38710711787353796
70.93,0.04057355506204412,-0.2826695506802488,0.054560462119895105,-0.3779991427762629
70.94,0.039774221786108135,-0.27703606359511646,0.05321893161001049,-0.368612848620017
70.95,0.03894725927864416,-0.27120195457401464,0.0518406521377479,-0.35895416483294035
70.96000000000001,0.03809325319147587,-0.2651721938477247,0.05042659225727316,-0.34903136817249136
70.97,0.03721280865707452,-0.2589521802967291,0.04897774682846787,-0.33885321604009977
70.98,0.036306549755017806,-0.25254736931469973,0.04749513614787507,-0.3284285665207756
70.99,0.0353751189618829,-0.24596338983141194,0.04597980505847741,-0.3177664946151644
71.0,0.03441917658834816,-0.23920597320375145,0.044432822042597644,-0.3068762100880229
71.01,0.03343940020399844,-0.23228097575524848,0.042855278299208266,-0.2957670730765301
71.02,0.032436484050804446,-0.2251943566694111,0.04124828680724155,-0.2844485705032861
71.03,0.03141113844592304,-0.2179521780159392,0.03961298137591053,-0.2729303108726347
71.04,0.030364089174611603,-0.2105605932312837,0.03795051568325216,-0.2612220083202844
71.05,0.029296076873933676,-0.2030258436868829,0.03626206230385011,-0.2493334802742831
71.06,0.028207856407988653,-0.1953542478904827,0.03454881172683652,-0.23727462563443072
71.07000000000001,0.02710019623556897,-0.1875521916043965,0.032811971365927506,-0.22505540431856194
71.08,0.02597387777112515,-0.1796261218592529,0.031052764563086185,-0.21268583276116954
71.09,0.024829694739742038,-0.17158254000762554,0.029272429586742813,-0.20017597394953043
71.10000000000001,0.0236684525268149,-0.1634279944520102,0.027472218625478235,-0.18753592678074807
71.11,0.022490967523007242,-0.1551690779200975,0.025653396777831683,-0.17477582789066595
71.12,0.021298066465941595,-0.14681238945479572,0.023817241038625078,-0.16190584255971757
71.13,0.020090585837683327,-0.13836268336462107,0.021965039227385436,-0.148937941597642
71.14,0.018869371406289474,-0.12982299440844852,0.020098088774903797,-0.13588578471046292
71.15,0.017635277802782436,-0.1211991423257516,0.018217695474716376,-0.12276030996086104
71.16,0.016389167959556063,-0.11249808277589471,0.01632517236991397,-0.10957134394706729
71.17,0.015131912448997384,-0.10372640678671814,0.014421838738998806,-0.09632902339210037
71.18,0.013864388811723935,-0.09489089972983589,0.012509019096679858,-0.08304321548063817
71.19,0.012587480885305966,-0.08599825469177906,0.010588042201327691,-0.06972380404473784
71.2,0.011302078132213884,-0.07705521418515185,0.008660240070606982,-0.05638055345708955
71.21000000000001,0.0100090749678491,-0.06806849900516751,0.006726947004063525,-0.043023182567463195
71.22,0.008709370089065683,-0.05904481822692521,0.004789498613609179,-0.02966130285675316
71.23,0.007403865804755677,-0.04999084759025796,0.00284923086413969,-0.016304397914519417
71.24,0.00609346736873704,-0.04091324983952673,0.0009074791259799736,-0.0029618411523755985
71.25,0.004779082314611046,-0.03181866672624158,-0.0010344227625307624,0.010357064877821228
71.26,0.0034616197935527482,-0.022713687651800752,-0.0029751434216145475,0.023643185619961905
71.27,0.0021419899164894585,-0.013604857618112871,-0.004913354842731588,0.03688752306436072
71.28,0.000821103100093269,-0.00449870316749737,-0.006847733288755672,0.050081158525168284
71.29,-0.0005001305831973132,0.004598321351418514,-0.008776960181782433,0.06321536025497193
71.3,-0.0018208020495039615,0.013679816807337571,-0.010699722976003691,0.07628153087559832
71.31,-0.0031400038427499216,0.022739414049382168,-0.012614716016621065,0.08927119092596104
71.32000000000001,-0.004456830768542598,0.03177083375030977,-0.014520641384359689,0.10217605321809861
71.33,-0.005770380522148872,0.04076782487513289,-0.016416209724456562,0.11498795066654917
71.34,-0.007079754310788887,0.04972421742358452,-0.0183001410599687,0.12769890925979857
71.35000000000001,-0.008384057468598537,0.058633931057037646,-0.0201711655871252,0.1403011512246424
71.36,-0.009682400064667133,0.06749091433803767,-0.02202802445189014,0.15278707014677154
71.37,-0.01097389750751044,0.07628912774802202,-0.02386947050918827,0.16514922171141017
71.38,-0.012257671148382422,0.08502253152698565,-0.02569426906644071,0.1773803010890906
71.39,-0.013532848876418509,0.09368534272081953,-0.027501198612590393,0.1894731470353354
71.4,-0.014798565693959338,0.10227200933975546,-0.029289051532574596,0.20142075186829234
71.41,-0.01605396427242884,0.11077707572886647,-0.03105663480614102,0.21321627861811704
71.42,-0.01729819549690763,0.11919515113753262,-0.03280277068967764,0.22485306972842223
71.43,-0.01853041900336474,0.12752091755881959,-0.03452629738043137,0.2363246421217435
71.44,-0.019749803707754334,0.13574916299263975,-0.0362260696634593,0.24762467840117958
71.45,-0.02095552832415453,0.1438748144792795,-0.037900959541643874,0.2587470332269093
71.46000000000001,-0.02214678186928386,0.1518929506122648,-0.039549856848672175,0.26968573203316454
71.47,-0.023322764153195133,0.15979876701318266,-0.04117166984495695,0.28043496974913507
71.48,-0.024482686257235212,0.16758758845441543,-0.04276532579656358,0.29098911132605637
71.49,-0.025625770998562027,0.1752548945921395,-0.04432977153720692,0.3013426897078168
71.5,-0.02675125338068053,0.18279628863791594,-0.04586397401339987,0.31149040603127137
71.51,-0.027858381030720105,0.19020750772540845,-0.047366920812900885,0.32142712581487654
71.52,-0.028946414623521596,0.19748442423375148,-0.04883762067654747,0.3311478819442324
71.53,-0.030014628292213047,0.20462304751907903,-0.05027510399361498,0.3406478678629013
71.54,-0.031062310025666232,0.21161950770630789,-0.05167842328094646,0.34992243865507444
71.55,-0.032088762053494674,0.21847005907351283,-0.053046653645845966,0.3589671136072104
71.56,-0.033093301218223056,0.22517109714470776,-0.05437889323293472,0.3677775649974659
71.57000000000001,-0.0340752593342071,0.23171914286096074,-0.05567426365541011,0.3763496203233002
71.58,-0.03503398353427885,0.23811082522247012,-0.056931910410633356,0.3846792682339959
71.59,-0.035968836604670845,0.24434290159662872,-0.058151003280063444,0.39276264655208776
71.60000000000001,-0.03687919730753494,0.25041225843630865,-0.059330736714120307,0.4005960391316596
71.61,-0.037764460737078044,0.256314405681968,-0.06047033013557386,0.40817804023123216
71.62,-0.03862403888854555,0.2620400776487147,-0.06156902790300008,0.4155144672840766
71.63,-0.03945736136246831,0.267584147898337,-0.06262609904740049,0.42260545108179387
71.64,-0.04026387586504391,0.2729445305627293,-0.06364083727338085,0.42944702611507457
71.65,-0.04104304849702139,0.2781184813888162,-0.06461256123623056,0.43603648072200046
71.66,-0.04179436399840301,0.2831037972173736,-0.0655406148530225,0.4423706158157244
71.67,-0.04251732598139952,0.2878982129527586,-0.06642436760133841,0.4484466098066905
71.68,-0.04321145714854652,0.29249969876799936,-0.06726321481083766,0.45426158014310747
71.69,-0.043876299497900666,0.29690630822335906,-0.0680565779454706,0.4598128027717427
71.7,-0.044511414514618354,0.3011162535688435,-0.06880390487759568,0.4650976006469372
71.71000000000001,-0.045116383349506885,0.30512786358408983,-0.06950467015340307,0.4701134011218196
71.72,-0.04569080698467992,0.3089395984706924,-0.07015837525004816,0.47485770224090795
71.73,-0.04623430638677111,0.31255003831640066,-0.07076454882464268,0.47932808523042764
71.74,-0.04674652264792503,0.3159578845215754,-0.0713227469552769,0.4835222107225586
71.75,-0.047227117114869856,0.3191619552230569,-0.07183255337394906,0.48743782054407103
71.76,-0.04767577150630246,0.3221611842319115,-0.07229357969148639,0.49107273457359685
71.77,-0.04809218803582508,0.3249540669163838,-0.07270546563143426,0.49442430472093496
71.78,-0.04847608964688981,0.3275360982002929,-0.07306787937836154,0.49748687414492493
71.79,-0.048827220471172716,0.32990061607701954,-0.07338051815100556,0.5002526141364867
71.8,-0.04914534640141571,0.3320426224252769,-0.07364310889195713,0.5027153201877314
71.81,-0.04943025552433229,0.3339603728722984,-0.07385540882101181,0.5048719958411214
71.82000000000001,-0.049681758315807255,0.33565355514550144,-0.0740172057548618,0.5067210421658
71.83,-0.04989968769755357,0.33712197272993694,-0.07412831829143898,0.5082609558613452
71.84,-0.05008389905444472,0.33836560209545585,-0.0741885959570162,0.5094903925906584
71.85000000000001,-0.05023427023741191,0.33938453727493706,-0.07419791934428398,0.5104079845850209
71.86,-0.05035070158234606,0.34017805557363756,-0.07415620059604924,0.5110011012781649
71.87,-0.050433116034630826,0.3407432433082952,-0.07406338529165295,0.5112296988856632
71.88,-0.050481459387235195,0.3410775348614968,-0.07391945582891463,0.5110563466840202
71.89,-0.05049570046569586,0.3411809309741026,-0.07372443432479693,0.5104725701745605
71.9,-0.05047583115254509,0.34105430696300787,-0.07347838375758975,0.5094788679521182
71.91,-0.05042186631583241,0.34069860533060276,-0.07318140811041383,0.508075207930939
71.92,-0.05033384371116288,0.34011495994921886,-0.07283365233368137,0.5062625304421902
71.93,-0.05021182386908769,0.339304630497363,-0.0724353022632621,0.5040419949800083
71.94,-0.05005588996782177,0.3382690286643387,-0.07198658449029484,0.5014153547096989
71.95,-0.049866147691921804,0.3370096975790239,-0.07148776618492807,0.49838476560565165
71.96000000000001,-0.04964272507723018,0.3355283175395047,-0.0709391548732602,0.4949528760695808
71.97,-0.04938577234245566,0.33382669818631516,-0.07034109816842643,0.4911227748585096
71.98,-0.0490954617077157,0.33190677663865376,-0.0696939834561003,0.48689800851311704
71.99,-0.04877198720081736,0.32977060045707435,-0.0689982375347845,0.48228257446702666
72.0,-0.04841556447362768,0.3274196317352351,-0.0682543261901678,0.4772815924974377
