t_s,center_heave_m,center_heave_acc_mps2,buoy1_heave_m,buoy1_heave_acc_mps2
50.410000000000004,-0.02355868369812825,0.10070731211055539,-0.03200901638045531,0.17022437299398055
50.42,-0.022903787439727277,0.09740743117520921,-0.031450864173786515,0.16691493926109197
50.43,-0.022239170588290245,0.09408016451474957,-0.030876062522005553,0.16348446976385714
50.44,-0.021565165291628483,0.09072830733942563,-0.03028495572969989,0.1599377322323756
50.45,-0.020882106165093423,0.08735458649735994,-0.029677899668218644,0.15627961657839332
50.46,-0.020190330021155518,0.08396165469421293,-0.029055261285709615,0.1525151193060805
50.47,-0.019490175606369963,0.08055208508794759,-0.028417418106679106,0.14864932786436968
50.480000000000004,-0.018781983346259832,0.07712836628367585,-0.027764757722637413,0.14468740503872804
50.49,-0.0180660950986123,0.07369289774388496,-0.02709767727538773,0.14063457345476865
50.5,-0.01734285391564204,0.07024798563031914,-0.02641658293450468,0.13649610027399878
50.51,-0.016612603815430907,0.06679583908919368,-0.025721889370528543,0.13227728215242704
50.52,-0.015875689563008777,0.06333856698946078,-0.025014019225374128,0.1279834305312272
50.53,-0.01513245646139908,0.059878175120869355,-0.024293402581419644,0.12361985732246401
50.54,-0.014383250152900182,0.056416563855684956,-0.023560476430700868,0.11919186104857359
50.550000000000004,-0.013628416430834529,0.05295552627557952,-0.02281568414558966,0.11470471348855946
50.56,-0.012868301061945663,0.04949674676215937,-0.022059474952285347,0.11016364687861195
50.57,-0.01210324961958105,0.04604180004774501,-0.021292303408391132,0.10557384170905479
50.58,-0.011333607327748083,0.042592150719947146,-0.020514628885788318,0.10094041515397295
50.59,-0.010559718916093383,0.039149153172215734,-0.0197269150599569,0.09626841016406734
50.6,-0.00978192848580012,0.03571405198971156,-0.018929629406825615,0.09156278524773975
50.61,-0.009000579386368194,0.032287982758692435,-0.018123242708164202,0.08682840495980146
50.620000000000005,-0.00821601410318621,0.028871973285370806,-0.017308228566461366,0.08207003111187325
50.63,-0.007428574155774741,0.025466945208991357,-0.01648506293015855,0.0772923147133274
50.64,-0.006638600006533401,0.02207371599227616,-0.015654223630037323,0.07249978864668136
50.65,-0.005846430979794134,0.018693001271224217,-0.014816189927484244,0.06769686107667096
50.660000000000004,-0.005052405190940457,0.015325417545166026,-0.013971442075284543,0.06288780958781706
50.67,-0.004256859485321055,0.011971485186747859,-0.013120460891522873,0.05807677604126602
50.68,-0.003460129386659274,0.008631631751066364,-0.01226372734709742,0.053267762137872175
50.69,-0.002662549054622506,0.00530619556190507,-0.011401722167283935,0.04846462567115938
50.7,-0.0018644512511930846,0.0019954295529834255,-0.010534925447717091,0.04367107745067937
50.71,-0.0010661673154572595,-0.001300494658900738,-0.009663816285089775,0.03889067887363235
50.72,-0.0002680271464035513,-0.004581482491932202,-0.00878887242280671,0.03412684012023136
50.730000000000004,0.0005296408066987747,-0.007847511931913083,-0.007910569911766648,0.029382818946277433
50.74,0.001326509546783761,-0.011098628903074361,-0.0070293827863877655,0.02466172004476991
50.75,0.0021222535248009203,-0.014334942500365905,-0.006145782755934684,0.019966494946966964
50.76,0.0029165486293304226,-0.01755662010633763,-0.005260238911151832,0.015299942432310445
50.77,0.003709072170487133,-0.02076388241534996,-0.004373217446157131,0.010664709415829593
50.78,0.004499502858609689,-0.02395699838731491,-0.003485181395502955,0.006063292281185561
50.79,0.005287520778237749,-0.027136280152340177,-0.0025965903862667315,0.001498038627250482
50.800000000000004,0.0060728073578862445,-0.03030207788696256,-0.001707900404993151,-0.0030288506038540553
50.81,0.006855045336122521,-0.033454774681701376,-0.0008195635792710877,-0.007515318649121467
50.82,0.007633918724460018,-0.03659478141851173,6.797202630496277e-05,-0.011959450128904632
50.83,0.008409112767577298,-0.03972253167584684,0.0009542626000717092,-0.016359467963882973
50.84,0.009180313901369396,-0.042838476677689453,0.001838868759442607,-0.020713730034886763
50.85,0.009947209709330074,-0.0459430803019618,0.002721355713598613,-0.02502072561479402
50.86,0.010709488877764545,-0.04903681416235574,0.003601293413082494,-0.0292790716007526
50.870000000000005,0.01146684115031935,-0.05212015277681003,0.004478256686675148,-0.03348750857381748
50.88,0.012218957282307343,-0.0551935688343826,0.005351825365949473,-0.03764489671194753
50.89,0.0129655289953001,-0.05825752857169483,0.006221584397911182,-0.04175021158101397
50.9,0.013706248932443274,-0.061312487268596366,0.007087123946148654,-0.04580253982717503
50.910000000000004,0.014440810614942822,-0.06435888487240607,0.007948039480922995,-0.04980107479259484
50.92,0.01516890840015529,-0.06739714175856786,0.008803931858637178,-0.05374511207514186
50.93,0.015890237441700844,-0.07042765463524062,0.009654407391128635,-0.05763404505128326
50.94,0.01660449365200659,-0.07345079259832904,0.010499077905232851,-0.06146736038001882
50.95,0.017311373667667437,-0.07646689334269309,0.01133756079306771,-0.06524463350432505
50.96,0.018010574817999912,-0.07947625953461243,0.012169479053488147,-0.06896552416523262
50.97,0.018701795097149726,-0.08247915534938786,0.012994461325159105,-0.0726297719423036
50.980000000000004,0.01938473314009314,-0.08547580306598732,0.013812141911693053,-0.07623719182232734
50.99,0.02005908819904325,-0.08846650390779126,0.014622160799272954,-0.0797876704952333
51.0,0.020724560028737248,-0.09145441302347587,0.01542416366657228,-0.08328118110374902
51.01,0.02138084865687445,-0.09444179760315634,0.01621780188768457,-0.08671773817424322
51.02,0.022027654209507634,-0.09742874850224412,0.01700273252483595,-0.0900975647269071
51.03,0.022664676846982017,-0.10041582743475935,0.017778618292013448,-0.09342146601623705
51.04,0.023291616726356365,-0.10340337782049289,0.01854512748494932,-0.09669027248018747
51.050000000000004,0.023908173976637068,-0.1063913782690403,0.019301933903902623,-0.09990463488077335
51.06,0.02451404870496909,-0.10937952827431663,0.0200487167896544,-0.10306504726672852
51.07,0.025108941027966437,-0.11236739226787268,0.020785160769531838,-0.1061720445909019
51.08,0.025692551122214927,-0.11535430724817936,0.02151095580907927,-0.10922601383089679
51.09,0.026264579291812258,-0.1183395071062732,0.022225797167630824,-0.11222742628841215
51.1,0.026824726050151754,-0.12132207314918687,0.022929385354650913,-0.1151766883430074
51.11,0.027372692216903576,-0.12430090247583632,0.023621426091157156,-0.11807409180289012
51.120000000000005,0.027908179028308173,-0.1272748511699311,0.024301630272245977,-0.12092011779702794
51.13,0.028430888257879833,-0.13024261901889017,0.024969713925718843,-0.12371514445681972
51.14,0.028940522349834987,-0.13320276745595805,0.02562539817444252,-0.12645947279261882
51.15,0.029436784565479514,-0.1361537566440922,0.02626840920407017,-0.12915341966186436
51.160000000000004,0.029919379139776266,-0.13909396469394758,0.026898478229213214,-0.13179737636330274
51.17,0.03038801144689312,-0.14202167159184273,0.02751534145579196,-0.13439172906371505
51.18,0.03084238817567469,-0.14493504190132978,0.02811874004480381,-0.13693677888576827
51.19,0.03128221751545474,-0.14783214948247236,0.02870842008077818,-0.1394328147185623
51.2,0.031707209351102716,-0.1507109846208391,0.02928413254267927,-0.14188012042016135
51.21,0.032117075466337304,-0.1535694579309561,0.02984563327563124,-0.14427896938731946
51.22,0.032511529754734717,-0.15640540804075612,0.03039268296321441,-0.14662963678711297
51.230000000000004,0.03289028843758432,-0.15921661394762282,0.030925047098598717,-0.14893243966678896
51.24,0.03325307028813601,-0.1620007848687785,0.03144249595525858,-0.15118764087543032
51.25,0.0335995968623044,-0.16475556666600316,0.03194480456098357,-0.15339545673230737
51.26,0.033929592735318884,-0.16747855481481694,0.03243175267542238,-0.1555560985088151
51.27,0.03424278574344129,-0.17016729787827714,0.03290312476937829,-0.1576697589021595
51.28,0.034538907245159324,-0.1728188165977919,0.033358710004616016,-0.15973664733413562
51.29,0.03481769248562102,-0.1754276575840797,0.0337983022092269,-0.16175710257211173
51.300000000000004,0.03507888115586202,-0.1779863501500063,0.0342216998431204,-0.1637315658442557
51.31,0.03532221811594015,-0.18048692178293063,0.03462870595558915,-0.16566048868157804
51.32,0.0355474541835459,-0.18292136931453984,0.035019128140877424,-0.1675443055207884
51.33,0.03575434693695376,-0.18528159071881684,0.03539277849405737,-0.1693834619528912
51.34,0.03594266150768871,-0.1875599900001299,0.03574947356820699,-0.17117835491779607
51.35,0.036112171349130306,-0.18974899947863583,0.036089034335139034,-0.17292933742895128
51.36,0.03626265897752382,-0.1918415714527386,0.03641128615079735,-0.17463671307234213
51.370000000000005,0.03639391667472254,-0.19383104358017872,0.036716058725090026,-0.17630074922936975
51.38,0.03650574715842639,-0.1957108524999132,0.03700318609512179,-0.17792169308659347
51.39,0.03659796421057461,-0.19747538093221179,0.03727250660225908,-0.17949972351789412
51.4,0.03667039326087264,-0.19911888366705593,0.03752386287310649,-0.1810350152484283
51.410000000000004,0.03672287193571859,-0.20063633124306157,0.03775710180368026,-0.18252769014063056
51.42,0.03675525056143499,-0.2020231071734282,0.03797207455862352,-0.18397747026898992
51.43,0.036767392645290616,-0.20327419179095196,0.038168636643445615,-0.18538238552949887
51.44,0.036759175356094076,-0.2043849566332922,0.03834664810698276,-0.18673921025767998
51.45,0.03673048999154413,-0.20535083136158888,0.03850597386374523,-0.18804392658326016
51.46,0.03668124241806055,-0.20616779069577085,0.03864648408508074,-0.18929235831453967
51.47,0.03661135346970952,-0.20683222235235207,0.0387680546265812,-0.19047991553672858
51.480000000000004,0.03652075929981871,-0.20734103426536585,0.03887056749417503,-0.19160151842493753
51.49,0.036409411669418634,-0.2076920819205941,0.03895391132483144,-0.19265266257022876
51.5,0.03627727817583682,-0.20788330804781063,0.03901798186773201,-0.19362822152650494
51.51,0.036124342456879295,-0.2079126976330779,0.039062682500784617,-0.19452255096180163
51.52,0.0359506043713897,-0.20777887538216822,0.03908792474528353,-0.19533129346627612
51.53,0.03575608014476207,-0.20748054860758108,0.03909362873986619,-0.19604968294353148
51.54,0.03554080250860113,-0.207016070156759,0.039079723764309966,-0.19667116892489037
51.550000000000004,0.03530482082071149,-0.20638494243987568,0.03904614876914121,-0.19719212932206076
51.56,0.035048201139492995,-0.20558653052951226,0.03899285282918023,-0.19760786326044222
51.57,0.03477102629034247,-0.2046199406717526,0.038919795637094065,-0.1979122256324077
51.58,0.034473395917231066,-0.20348525966137887,0.03882694801446588,-0.1981015051062099
51.59,0.03415542648939301,-0.20218262408032928,0.038714292345128215,-0.19817153935575169
51.6,0.03381725128926576,-0.20071206938716807,0.038581823010671486,-0.19811725963830007
51.61,0.03345902038634338,-0.19907421628906305,0.03842954684100729,-0.19793484840155864
51.620000000000005,0.03308090057449911,-0.19726999659287203,0.038257483508170306,-0.19762090540218477
51.63,0.03268307528194899,-0.1953003556358929,0.03806566588994187,-0.1971715397411581
51.64,0.03226574446105335,-0.19316667090271672,0.03785414042368199,-0.19658369573807322
51.65,0.03182912444617809,-0.1908706543619867,0.03762296741150689,-0.19585487178695313
51.660000000000004,0.03137344778071479,-0.188414205660328,0.037372221277936345,-0.1949826851628929
51.67,0.0308989630145836,-0.18579966680161358,0.03710199078177489,-0.19396569108765147
51.68,0.03040593446479033,-0.18302974950540005,0.03681237915656644,-0.1928031821449875
51.69,0.029894641931828062,-0.18010772253812674,0.036503504154434714,-0.19149580103140015
51.7,0.029365380366483198,-0.17703733494757545,0.03617549797351634,-0.19004532982632333
51.71,0.02881845949662749,-0.17382250897803495,0.035828507096110886,-0.18845375612578363
51.72,0.028254203431219482,-0.17046732233409898,0.03546269208876899,-0.18672324255764294
51.730000000000004,0.027672950248672203,-0.16697600111850053,0.03507822738417274,-0.18485612995626885
51.74,0.027075051570673504,-0.16335290756394363,0.0346753010456673,-0.18285492395026148
51.75,0.026460872122506002,-0.15960253025736018,0.03425411451521999,-0.18072228923639205
51.76,0.025830789280941464,-0.1557294730700795,0.033814882345666056,-0.17846103946601197
51.77,0.02518519261077365,-0.15173844473835707,0.03335783191811263,-0.17607412885256846
51.78,0.024524483391056662,-0.14763424817663306,0.032883203145412626,-0.17356464251607648
51.79,0.0238490741321099,-0.1434217700309563,0.03239124816263963,-0.17093578712900723
51.800000000000004,0.02315938808433911,-0.13910597026680865,0.03188223100551765,-0.16819088115305356
51.81,0.02245585873991409,-0.13469187193785914,0.03135642727777314,-0.16533334509382308
51.82,0.021738929328332702,-0.13018455110383736,0.030814123808387293,-0.16236669163057926
51.83,0.02100905230686837,-0.12558912695117014,0.030255618299733597,-0.15929451576187628
51.84,0.02026668884690087,-0.12091075212450228,0.0296812189675846,-0.15612048496417838
51.85,0.019512308317088122,-0.11615460329643959,0.029091244173970437,-0.15284832943019871
51.86,0.01874638776432325,-0.11132587199036957,0.028486022053863212,-0.1494818324162028
51.870000000000005,0.017969411393396004,-0.10642975567411334,0.02786589013664945,-0.14602482074325437
51.88,0.017181870046241977,-0.10147144913786829,0.027231194963338087,-0.14248115548616425
51.89,0.01638426068164307,-0.09645613616892987,0.02658229170043164,-0.13885472288591283
51.9,0.015577085856209918,-0.09138898153351446,0.025919543751365594,-0.1351494255164318
51.910000000000004,0.014760853207441069,-0.08627512327419992,0.025243322366396072,-0.13136917373504556
51.92,0.013936074939630413,-0.08111966532994842,0.024554006251786248,-0.12751787744245097
51.93,0.01310326731335483,-0.07592767048376767,0.023851981179111602,-0.12359943817554062
51.94,0.012262950139246259,-0.07070415364180228,0.023137639595470313,-0.11961774155328118
51.95,0.01141564627671145,-0.06545407544586271,0.02241138023535007,-0.11557665009302805
51.96,0.010561881138241507,-0.060182336220075745,0.021673607734864476,-0.11147999641171616
51.97,0.009702182199904827,-0.054893770251047365,0.020924732249035193,-0.10733157682350065
51.980000000000004,0.00883707851859716,-0.04959314039937829,0.020165169072754764,-0.10313514534266308
51.99,0.007967100256579688,-0.044285133039426106,0.01939533826602559,-0.09889440809784812
52.0,0.0070927782138087815,-0.03897435332281999,0.01861566428402885,-0.09461301816113336
52.01,0.006214643368523209,-0.033665320760379785,0.017826575612536324,-0.09029457079291027
52.02,0.005333226426530728,-0.028362465116002173,0.017028504409135482,-0.08594259910124065
52.03,0.00444905737959542,-0.02307012260527468,0.01622188615069832,-0.08156057011209457
52.04,0.0035626650733054585,-0.017792532391028012,0.01540715928748201,-0.07715188124485205
52.050000000000004,0.0026745767847619517,-0.012533833367134142,0.014584764904210226,-0.07271985718551421
52.06,0.001785317810410303,-0.0072980612218655535,0.013755146388443506,-0.0682677471483361
52.07,0.0008954110642997267,-0.002089145771246607,0.012918749106508939,-0.06379872251501281
52.08,5.3766870362917034e-06,0.0030890914466295966,0.012076020087221249,-0.05931587483911
52.09,-0.000884268334339899,0.008232939326320672,0.01122740771359195,-0.05482221420222223
52.1,-0.0017730105353381798,0.013338799107810207,0.010373361422687237,-0.05032066790720816
52.11,-0.002660340331675571,0.01840318605711822,0.009514331413762346,-0.04581407949296307
52.120000000000005,-0.003545752365450281,0.02342273092373081,0.008650768364768196,-0.041305208054420235
52.13,-0.004428745839683283,0.028394181183968758,0.007783123157295473,-0.03679672785085885
52.14,-0.0053088248411162185,0.03331440207917812,0.00691184660999321,-0.03229122818516524
52.15,-0.006185498651156484,0.038180377457133034,0.006037389220471012,-0.027791213536358043
52.160000000000004,-0.007058282044901491,0.042989210425284016,0.005160200915670661,-0.023299103927553834
52.17,-0.007926695578170558,0.047738123823800105,0.004280730810667437,-0.0188172355114894
52.18,-0.008790265862511972,0.05242446052662737,0.003399426975841898,-0.01434786135580568
52.19,-0.009648525828148681,0.0570456835783789,0.002516736212341344,-0.009893152410514021
52.2,-0.010501014974865507,0.061599376174914885,0.0016331038357337289,-0.005455198640339713
52.21,-0.01134727961083338,0.06608324149537645,0.0007489734677390992,-0.0010360103050498903
52.22,-0.012186873079398986,0.07049510239331686,-0.0001352131640899829,0.003362480628672806
52.230000000000004,-0.01301935597387273,0.07483290095472828,-0.001019016418880935,0.007738418959678032
52.24,-0.01384429634036235,0.07909469793025709,-0.0019019989273002021,0.012090024624427582
52.25,-0.014661269868715738,0.08327867204943429,-0.0027837257689215886,0.016415590983327632
52.26,-0.015469860071642314,0.08738311922405216,-0.003663764642276036,0.02071348303526614
52.27,-0.01626965845210081,0.09140645164787363,-0.004541686027760994,0.024982135573606803
52.28,-0.0170602646590436,0.09534719679999021,-0.005417063343594194,0.02922005129609475
52.29,-0.017841286631623036,0.0992039963580782,-0.006289473095000621,0.03342579888047658
52.300000000000004,-0.018612340731971714,0.10297560502859632,-0.007158495016824882,0.03759801103676646
52.31,-0.019373051866678502,0.10666088929958083,-0.008023712209763313,0.041735382546422575
52.32,-0.020123053597086,0.11025882612232754,-0.008884711270411938,0.045836668297883
52.33,-0.020861988238546618,0.11376850152707146,-0.00974108241532585,0.04990068132719296
52.34,-0.02158950694877877,0.11718910917815623,-0.010592419599285594,0.05392629087169036
52.35,-0.022305269805472018,0.12051994887330361,-0.011438320627964469,0.05791242044401476
52.36,-0.023008945873290554,0.12376042499168263,-0.012278387265189022,0.06185804593297994
52.370000000000005,-0.02370021326043714,0.12691004489489005,-0.013112225334981633,0.06576219373715973
52.38,-0.024378759164941127,0.12996841728501718,-0.01393944481857093,0.06962393893636369
52.39,-0.02504427991083104,0.13293525052345473,-0.014759659946552933,0.07344240350554573
52.4,-0.025696480974371376,0.1358103509140448,-0.015572489286379656,0.07721675457505064
52.410000000000004,-0.026335077003711117,0.13859351786904864,-0.016377555825336506,0.08094620315822051
52.42,-0.02695979190103279,0.14128247311062525,-0.01717448704879314,0.08463001440351839
52.43,-0.027570359012659668,0.14387476020893353,-0.017962915013314817,0.08826750622863219
52.44,-0.028166521305373882,0.1463699720887532,-0.01874247641675272,0.09185797656357551
52.45,-0.028748031440537756,0.14876784619461575,-0.019512812683428783,0.09540023255782794
52.46,-0.029314651797021675,0.1510682377938786,-0.0202735700755096,0.09889303055368703
52.47,-0.0298661544702224,0.15327149512205113,-0.02102439980732989,0.10233542667368288
52.480000000000004,-0.030402321240358073,0.15537809787819934,-0.02176495814592929,0.10572647650228796
52.49,-0.03092294351339871,0.1573888877293188,-0.02249490649640256,0.10906553650161072
52.5,-0.03142782223868713,0.15930480016586007,-0.02321391147407626,0.11235190868862972
52.51,-0.03191676780809556,0.16112698909280154,-0.0239216449680068,0.11558507060638168
52.52,-0.032389599936281176,0.16285681328061366,-0.02461778419239307,0.1187646451640535
52.53,-0.03284614752574718,0.16449565933628157,-0.025302011731790395,0.12189011091031815
52.54,-0.03328624851960327,0.16604513924215192,-0.025974015582841087,0.12496119693896349
52.550000000000004,-0.033709749738253525,0.16750701015971253,-0.026633489183332967,0.12797773417750816
52.56,-0.034116506703541674,0.16888306218344082,-0.027280131435934246,0.13093940249864477
52.57,-0.03450638345435979,0.17017521982465633,-0.027913646733649874,0.13384600217477108
52.58,-0.03487925235087873,0.1713855434471011,-0.028533744977828894,0.13669747854012562
52.59,-0.03523499386686452,0.17251617945731856,-0.029140141585770333,0.13949380450995685
52.6,-0.035573496372832775,0.17356935022027453,-0.02973255749368042,0.14223496634038288
52.61,-0.03589465591247973,0.1745473231027732,-0.030310719160674595,0.14492087709342397
52.620000000000005,-0.03619837597277341,0.17545245452859387,-0.030874358572607164,0.1475515635845213
52.63,-0.03648456724650972,0.17628717767902574,-0.03142321323886983,0.1501271449190526
52.64,-0.03675314738797832,0.1770539729458399,-0.03195702618205859,0.15264775052260168
52.65,-0.03700404076346655,0.17775536731327762,-0.032475545924257145,0.15511354353003542
52.660000000000004,-0.03723717819755994,0.17839392325446315,-0.032978526470846224,0.15752470635526997
52.67,-0.037452496716144215,0.17897222779107916,-0.03346572729285492,0.1598814158653006
52.68,-0.03764993928721873,0.1794928811939458,-0.03393691330995077,0.1621838243826059
52.69,-0.03782945456287164,0.1799584138145373,-0.034391854872043916,0.16443217152606765
52.7,-0.03799099667307536,0.18036978432341128,-0.03483032773284156,0.16662683344397064
52.71,-0.038134525171307665,0.18072559430875468,-0.035252113010513196,0.1687683293760372
52.72,-0.03826000515576321,0.18102353531298432,-0.035656997136391665,0.17085724971254077
52.730000000000004,-0.038367407496231055,0.18126084264575767,-0.036044771796300924,0.172894218081473
52.74,-0.038456709095908634,0.18143493573669428,-0.036415233868922495,0.17487985503328085
52.75,-0.0385278931643483,0.18154287501607097,-0.036768185362882275,0.17681480588629322
52.76,-0.038580949483272536,0.18158241303655848,-0.03710343335385728,0.17869967728771263
52.77,-0.03861587466258141,0.18155074719845077,-0.03742078992273163,0.1805350875379442
52.78,-0.038632672381792715,0.18144599706557682,-0.0377200720960093,0.18232158751168354
52.79,-0.03863135360479776,0.18126603161085492,-0.03800110178794306,0.1840597724783024
52.800000000000004,-0.038611936782913484,0.18100891411510217,-0.03826370574205123,0.18575022934954477
52.81,-0.03857444802869134,0.18067350861675435,-0.03850771547399604,0.1873934856095054
52.82,-0.038518921262031894,0.18025817515613954,-0.038732967216862785,0.18899009107362405
52.83,-0.038445398346478935,0.17976188989206393,-0.03893930188699328,0.19053993159256166
52.84,-0.038353929219139916,0.1791831759307697,-0.03912656513993867,0.19204102093075065
52.85,-0.038244572038235176,0.1785203188628672,-0.03929460756510959,0.19349029911125415
52.86,-0.03811739334145473,0.1777719270383824,-0.039443284998139504,0.19488380816903575
52.870000000000005,-0.03797246819039008,0.17693669837753578,-0.03957245890515646,0.1962173840723022
52.88,-0.037809880296055955,0.17601359653211343,-0.039681996817451194,0.1974861341536471
52.89,-0.03762972211897157,0.1750019295799647,-0.03977177281861704,0.1986847631595999
52.9,-0.03743209492060973,0.1739018624690078,-0.03984166805107217,0.1998084581404711
52.910000000000004,-0.03721710876271943,0.17271365952906303,-0.039891571248925464,0.20085103843099136
52.92,-0.03698488248197705,0.17143767900966828,-0.039921379326456695,0.20180640097406702
52.93,-0.03673554364305723,0.17007476683689055,-0.039930997949244026,0.20266975589425038
52.94,-0.03646922848849901,0.1686250344889877,-0.03992034211505688,0.20343384600075406
52.95,-0.03618608190490114,0.16708892876354833,-0.03988933680374614,0.20409228578670424
52.96,-0.03588625736854463,0.1654674980636926,-0.03983791757947368,0.20464041822865695
52.97,-0.035569916885517326,0.16376079352834105,-0.03976603119030478,0.2050703481686531
52.980000000000004,-0.035237230948611455,0.16196953485250715,-0.03967363623234581,0.20537616385792454
52.99,-0.03488837847347374,0.1600946837809298,-0.0395607037590935,0.20555262755561976
53.0,-0.03452354672617651,0.15813666594618736,-0.039427217871681235,0.20559277258740435
53.01,-0.034142931258827044,0.1560963503748434,-0.03927317633944111,0.20549098490860365
53.02,-0.03374673582922529,0.15397475742631236,-0.03909859117346745,0.20524211548362542
53.03,-0.03333517230935364,0.151772743745557,-0.038903489165738436,0.20484052148469373
53.04,-0.03290846058885317,0.1494914938456509,-0.03868791241058943,0.20428162434140956
53.050000000000004,-0.032466828461829134,0.1471323126261281,-0.03845191876981939,0.20356128500449203
53.06,-0.03201051149607704,0.1446966717753624,-0.03819558227633201,0.2026759715847925
53.07,-0.03153975288164591,0.14218636819384167,-0.0379189934645021,0.20162327360293075
53.08,-0.031054803246095948,0.1396036498540425,-0.037622259585913254,0.2004023118172091
53.09,-0.030555920423083215,0.13695134583250534,-0.03730550466713976,0.19901415720398952
53.1,-0.0300433691785197,0.1342324395136218,-0.036968869421300676,0.19746051837228654
53.11,-0.02951742091722955,0.1314499258230848,-0.0366125110830611,0.1957433160476899
53.120000000000005,-0.028978353384679252,0.12860684046452842,-0.03623660321066716,0.1938647917606001
53.13,-0.028426450365984762,0.1257062333821355,-0.035841335460063094,0.191827442671734
53.14,-0.02786200138287298,0.12275117008587365,-0.035426913331535366,0.18963404192247393
53.15,-0.027285301389455376,0.11974471901312053,-0.03499355788990483,0.18728761467528612
53.160000000000004,-0.026696650467567213,0.11668994590014603,-0.03454150545915011,0.184791434864943
53.17,-0.0260963535224896,0.11358990473191129,-0.03407100729255647,0.18214901023878255
53.18,-0.02548471997982002,0.110447630540605,-0.03358232921951406,0.17936407200703866
53.19,-0.024862063484275523,0.10726613147293994,-0.03307575127019689,0.17644056105290817
53.2,-0.0242287016011842,0.10404838146838934,-0.0325515672794127,0.17338261484768752
53.21,-0.023584955521401187,0.10079731292945182,-0.03201008447098461,0.17019455312130477
53.22,-0.022931149770379074,0.09751580974245509,-0.031451623024077016,0.16688086339096836
53.230000000000004,-0.022267611922077463,0.0942067005173233,-0.03087651562292836,0.16344618592637697
53.24,-0.02159467231839162,0.09087275215664287,-0.030285106991489147,0.15989529849377354
53.25,-0.020912663794726692,0.08751666374104147,-0.0296777534144954,0.1562331008392134
53.26,-0.020221921412331756,0.08414106077593508,-0.02905482224652706,0.15246459906154924
53.27,-0.01952278219796059,0.08074848981277054,-0.028416691410613676,0.14859488992846184
53.28,-0.018815584891386482,0.07734141346969634,-0.027763748887953837,0.14462914523447723
53.29,-0.018100669701271593,0.07392220586741563,-0.027096392200309263,0.140572596273047
53.300000000000004,-0.017378378069834343,0.07049314849595578,-0.02641502788662301,0.1364305185033779
53.31,-0.01664905244672558,0.0670564265245566,-0.02572007097539076,0.13220821648268236
53.32,-0.015913036072476634,0.06361412556398895,-0.025011944454286585,0.1279110091332058
53.33,-0.015170672771837637,0.0601682288883338,-0.02429107873851108,0.12354421540703095
53.34,-0.014422306757278076,0.056720615119761134,-0.02355791113928885,0.11911314040740757
53.35,-0.013668282442875646,0.05327305637806619,-0.02281288533389676,0.11462306201954803
53.36,-0.01290894426877433,0.049827216893176075,-0.022056450838552476,0.11007921809858297
53.370000000000005,-0.012144636536346546,0.04638465207728132,-0.02128906248543685,0.10548679425653622
53.38,-0.011375703254145237,0.04294680805014915,-0.02051117990506388,0.10085091228460298
53.39,-0.010602487994691098,0.03951502160962767,-0.019723267015147723,0.09617661924120549
53.4,-0.009825333762092898,0.03609052063680459,-0.018925791517049827,0.09146887723072242
53.410000000000004,-0.00904458287045806,0.03267442492387734,-0.018119224400819728,0.08673255389217842
53.42,-0.008260576833004477,0.02926774741068243,-0.017304039459772567,0.08197241361184461
53.43,-0.007473656261752455,0.02587139581463006,-0.016480712815473125,0.07719310946845274
53.44,-0.006684160777622178,0.02248617463714201,-0.01564972245392419,0.07239917591480922
53.45,-0.00589242893074349,0.01911278752852901,-0.014811547773682085,0.06759502219487812
53.46,-0.00509879813073072,0.0157518399921105,-0.013966669146550051,0.06278492649101859
53.47,-0.004303604586658029,0.012403842407382997,-0.013115567491426445,0.05797303079196868
53.480000000000004,-0.003507183256423921,0.009069213351101908,-0.012258723861813531,0.05316333646844227
53.49,-0.002709867805177623,0.005748283194510223,-0.011396619047421576,0.048359700539784715
53.5,-0.0019119905724436712,0.0024412979541814962,-0.01052973319023453,0.04356583261208939
53.51,-0.0011138825475606525,-0.0008515766263857676,-0.009658545415336338,0.03878529246547541
53.52,-0.0003158733530242312,-0.004130250787772407,-0.008783533476732872,0.034021488265885975
53.53,0.0004817087646920881,-0.007394706281666688,-0.007905173418341724,0.029277675374744388
53.54,0.0012785369372893362,-0.010644991737549098,-0.007023939250263312,0.024556955728146215
53.550000000000004,0.002074285670223524,-0.013881217892319823,-0.006140302640389278,0.019862277755909093
53.56,0.0028686308322002814,-0.01710355270615893,-0.005254732621351773,0.015196436809762296
53.57,0.0036612496390604336,-0.020312216387260978,-0.004367695312765228,0.010562076069197157
53.58,0.004451820632559923,-0.02350747634764818,-0.0034796536586660875,0.005961687893028747
53.59,0.005240023654543645,-0.026689642111458196,-0.0025910671800110046,0.0013976155844861438
53.6,0.006025539817018165,-0.029859060196373216,-0.0017023917420530886,-0.003127944462331043
53.61,0.0068080514686354714,-0.03301610898771216,-0.0008140793363783131,-0.007612940266591614
53.620000000000005,0.007587242158098402,-0.03616119362396485,7.342212265053224e-05,-0.012055461446968216
53.63,0.008362796594990212,-0.03929474091112965,0.0009596689873269125,-0.016453736120912034
53.64,0.009134400608543387,-0.04241719428232593,0.001844222052222429,-0.020806127547134932
53.65,0.009901741104837667,-0.045529008817934945,0.002726646716336261,-0.025111130540565456
53.660000000000004,0.010664506022931562,-0.04863064634022875,0.003606513132131726,-0.029367367688058275
53.67,0.011422384290404446,-0.05172257059569085,0.0044833963418406805,-0.03357358539198247
53.68,0.012175065778798769,-0.05480524253667499,0.005356876401431914,-0.03772864976766383
53.69,0.012922241259418411,-0.05787911571353745,0.006226538492655718,-0.04183154241932445
53.7,0.013663602359947192,-0.060944631786908024,0.0070919730235871874,-0.0458813561178996
53.71,0.014398841522332114,-0.06400221616932766,0.007952775718101364,-0.04987729040270522
53.72,0.01512765196235864,-0.06705227380413176,0.008808547694720554,-0.05381864712759443
53.730000000000004,0.015849727631340408,-0.0700951850891909,0.009658895535279073,-0.05770482597078926
53.74,0.016564763180322215,-0.07313130195167533,0.010503431343855132,-0.06153531992625202
53.75,0.017272453927190453,-0.07616094408004027,0.011341772796419727,-0.06530971079302236
53.76,0.01797249582705668,-0.07918439531789331,0.01217354318165427,-0.06902766467764426
53.77,0.018664585446273817,-0.08220190022442173,0.012998371433385792,-0.07268892752345173
53.78,0.0193484199404258,-0.08521366080481295,0.013815892155086402,-0.07629332067922072
53.79,0.020023697025713882,-0.08822018651443361,0.014625745636795329,-0.07984073924187939
53.800000000000004,0.020690114842753765,-0.0912250100210342,0.015427577864300816,-0.08333116260955038
53.81,0.021347371719194642,-0.09422991742742384,0.016221040521584542,-0.08676460535148535
53.82,0.02199516601426689,-0.09723490951879615,0.017005790979235182,-0.09014142550218233
53.83,0.022633196065973877,-0.1002406361637757,0.01778149224985623,-0.0934624785823819
53.84,0.02326116015591901,-0.10324728076895182,0.018547812914859182,-0.09672853149856456
53.85,0.023878756491863478,-0.10625478528404714,0.01930442704992029,-0.09994021774776722
53.86,0.024485683220950624,-0.10926278315218194,0.02005101416327159,-0.10309802522823515
53.870000000000005,0.025081638466704925,-0.11227078481228622,0.020787259143129427,-0.10620246424951868
53.88,0.025666320385079166,-0.11527807673665325,0.021512852210815725,-0.10925391814108136
53.89,0.026239427236807767,-0.1182838526444999,0.022227488876809122,-0.11225286427990856
53.9,0.026800657473806465,-0.12128714114056141,0.022930869897342374,-0.11519969332602321
53.910000000000004,0.02734970984090779,-0.12428679562971057,0.023622701236406217,-0.11809469950806199
53.92,0.02788628349065874,-0.1272816299245092,0.02430269402828716,-0.1209383697474195
53.93,0.028410078108420764,-0.13027029715957006,0.024970564536033506,-0.1237310765418573
53.94,0.028920794050303785,-0.13325131436443158,0.025626034113984928,-0.1264731207341764
53.95,0.029418132494021462,-0.1362230978698331,0.026268829175594335,-0.12916481979631964
53.96,0.02990179559988915,-0.13918398064799603,0.02689868115973205,-0.13180655987366582
53.97,0.030371486680752416,-0.14213220079946454,0.027515326493118178,-0.13439873236334296
53.980000000000004,0.030826910381709954,-0.14506588087193767,0.02811850655384716,-0.1369416412282143
53.99,0.03126777287012604,-0.1479830522357392,0.028707967639634756,-0.13943557424755987
54.0,0.0316937820348714,-0.15088166386694687,0.029283460938697534,-0.141880816015665
54.01,0.03210464769376092,-0.15375958555127006,0.029844742501474248,-0.1442776396314701
54.02,0.03250008180864606,-0.156614614859449,0.030391573213134654,-0.1466263134224456
54.03,0.03287979870731889,-0.1594444909216946,0.030923718765201644,-0.14892714977572521
54.04,0.033243515311644864,-0.16224688658285585,0.031440949626321255,-0.15118042163639273
54.050000000000004,0.03359095137195514,-0.16501941119164554,0.031943041015788314,-0.15338634792908606
54.06,0.03392182970731071,-0.16775962410094367,0.032429772880813966,-0.15554513831931083
54.07,0.03423587645076549,-0.17046503930586834,0.032900929875837565,-0.15765698594806005
54.08,0.03453282131954378,-0.17313246414631855,0.0333563013420329,-0.1597221103592645
54.09,0.034812397998646265,-0.1757561869270338,0.03379568128175658,-0.16174086360621104
54.1,0.03507434471860261,-0.17832868579881994,0.03421886832316699,-0.16371368752088153
54.11,0.035318404985526936,-0.18084201047351775,0.034625665677609815,-0.16564103004260153
54.120000000000005,0.03554432836736753,-0.18328823044554504,0.035015881095559476,-0.16752331897174658
54.13,0.03575187129125103,-0.18565929379217244,0.03538932682352549,-0.16936097952654527
54.14,0.035940797829767,-0.187947683785353,0.03574581956229588,-0.1711544110314208
54.15,0.03611088046310037,-0.1901458822808182,0.03608518042781291,-0.17290397106607353
54.160000000000004,0.03626190081481472,-0.19224687971989723,0.036407234916490394,-0.1746099570591702
54.17,0.0363936503491519,-0.19424409614413185,0.03671181287542392,-0.17627263120957565
54.18,0.03650593103663506,-0.196130960841152,0.03699874847605004,-0.17789223921697714
54.19,0.03659855597976562,-0.19790190172415148,0.03726788019150201,-0.17946895633216353
54.2,0.036671349993183874,-0.19955121378089224,0.03751905077791085,-0.18100295361465224
54.21,0.03672415015062869,-0.20107383676882307,0.03775210725880814,-0.1824943537843586
54.22,0.03675680628899626,-0.2024651496316337,0.03796690092864039,-0.18394274070405772
54.230000000000004,0.03676918149253156,-0.20372005575897845,0.03816328743834845,-0.18534593274501315
54.24,0.03676115257815781,-0.204833898034243,0.038341127011943206,-0.18670067390827413
54.25,0.03673261056569687,-0.20580210691143852,0.03850028477449713,-0.18800294746252386
54.26,0.036683461119176315,-0.20662062502664208,0.0386406311423613,-0.18924862558002079
54.27,0.036613624948721425,-0.20728579343282047,0.038762042248366366,-0.19043311181018047
54.28,0.03652303816703783,-0.2077944560878141,0.03886440040523998,-0.191551392618728
54.29,0.03641165258237589,-0.2081444528064721,0.03894759458009828,-0.19259906311505864
54.300000000000004,0.03627943592921719,-0.20833372332307268,0.03901152086992006,-0.19357097987384428
54.31,0.03612637207189922,-0.20836028415993849,0.03905608301408362,-0.19446159100223706
54.32,0.03595246118238247,-0.20822280032106907,0.03908119290158901,-0.19526664318617437
54.33,0.03575771988287167,-0.20791998659785887,0.03908677103804841,-0.19598137045765315
54.34,0.03554218138333804,-0.20745022607669228,0.03907274706543011,-0.19659928693503512
54.35,0.03530589559876356,-0.20681305558797713,0.039039060286201244,-0.19711684432484114
54.36,0.03504892922008557,-0.2060078763054043,0.03898566010967562,-0.1975294156357678
54.370000000000005,0.034771365777511214,-0.2050338134660335,0.038912506539960263,-0.19783087206048192
54.38,0.03447330568958818,-0.20389098035513642,0.038819570683680735,-0.1980175373464108
54.39,0.03415486626682471,-0.20257955723079737,0.038706835178650284,-0.19808533382377164
54.4,0.0338161816959749,-0.20109961009645003,0.038574294623276995,-0.19802923261205038
54.410000000000004,0.03345740301101651,-0.1994517747282627,0.03842195602387867,-0.1978454035503563
54.42,0.03307869802797409,-0.1976370192308331,0.03824983918678852,-0.19753049609808804
54.43,0.032680251251592345,-0.19565632679244435,0.03805797707820401,-0.19708067028466422
54.44,0.03226226376229967,-0.193511081967665,0.03784641617602173,-0.19649282192524012
54.45,0.031824953071894216,-0.19120303075241865,0.03761521677541125,-0.19576448166125848
54.46,0.031368552948163514,-0.18873409069329983,0.037364453246484436,-0.19489324556812898
54.47,0.03089331321036233,-0.18610661806954,0.03709421424768434,-0.19387763337958447
54.480000000000004,0.030399499488505816,-0.18332333046779825,0.03680460287040613,-0.19271687309281615
54.49,0.029887392939940603,-0.18038747178224207,0.036495736691775034,-0.19141144395103069
54.5,0.029357289916738777,-0.1773028072920118,0.036167747712584644,-0.18996309058175614
54.51,0.028809501591192478,-0.174073290548529,0.03582078220029266,-0.1883738081697313
54.52,0.028244353557130304,-0.17070302508861399,0.035455000489832265,-0.18664574778201695
54.53,0.02766218541547281,-0.16719626621891798,0.035070576766001116,-0.1847812474613599
54.54,0.027063350345218073,-0.16355740423829251,0.03466769882860608,-0.18278280487148826
54.550000000000004,0.026448214660887665,-0.15979095683555108,0.0342465678410611,-0.1806530785760958
54.56,0.02581715735752174,-0.15590155685208468,0.03380739806333388,-0.17839487445744548
54.57,0.02517056964428966,-0.15189394236771064,0.03335041657009098,-0.17601113909695976
54.58,0.024508854467791805,-0.14777294568384164,0.03287586295496009,-0.17350494927455148
54.59,0.023832426026115013,-0.14354348296669095,0.03238398902183279,-0.17087950308146016
54.6,0.023141709274696946,-0.1392105437163751,0.03187505846416139,-0.16813810997012205
54.61,0.022437139425048384,-0.1347791805231494,0.031349346533212225,-0.16528418115107796
54.620000000000005,0.021719161437359365,-0.13025449892134083,0.030807139696251724,-0.16232121970213126
54.63,0.020988229508003782,-0.1256416474736104,0.030248735285645166,-0.1592528107763457
54.64,0.020244806552933606,-0.1209458080539807,0.029674441139850082,-0.15608261178276991
54.65,0.019489363687932332,-0.11617218637696702,0.029084575237282403,-0.15281434266795246
54.660000000000004,0.01872237970667612,-0.1113260027775243,0.028479465324025875,-0.14945177629652573
54.67,0.017944340557521928,-0.10641248326470076,0.027859448536343676,-0.14599872899103353
54.68,0.017155738819913263,-0.10143685085985282,0.027224871018935698,-0.14245905125688624
54.69,0.01635707318127024,-0.09640431723322256,0.026576087539865526,-0.1388366187318685
54.7,0.015548847915197452,-0.091320074648585,0.025913461103058616,-0.1351353233889951
54.71,0.014731572361810476,-0.08618928822475497,0.025237362559247804,-0.131359065022801
54.72,0.013905760410951557,-0.08101708852080455,0.024548170216213652,-0.12751174304431018
54.730000000000004,0.013071929989036018,-0.0758085644502545,0.02384626944913548,-0.12359724860806605
54.74,0.012230602550230096,-0.0705687565277761,0.023132052311836696,-0.11961945709118771
54.75,0.011382302572634001,-0.06530265045067475,0.022405917149671654,-0.11558222094175642
54.76,0.0105275570601078,-0.060015171015743586,0.02166826821476497,-0.11148936291081604
54.77,0.009666895050343441,-0.05471117637080093,0.02091951528427532,-0.10734466967949473
54.78,0.008800847129753769,-0.04939545259897011,0.020160073282316695,-0.1031518858899287
54.79,0.007929944955716556,-0.04407270863231419,0.019390361906129125,-0.09891470858601027
54.800000000000004,0.00705472078667648,-0.03874757149060283,0.018610805257050476,-0.09463678206735784
54.81,0.006175707020575174,-0.03342458183960534,0.017821831476799405,-0.09032169315746236
54.82,0.005293435742054356,-0.02810818986261715,0.01702387238953796,-0.08597296688459698
54.83,0.00440843827883224,-0.02280275143794071,0.016217363150141828,-0.08159406257188793
54.84,0.0035212447676364732,-0.0175125246144584,0.015402741899064638,-0.07718837033088286
54.85,0.0026323837300402473,-0.01224166637676438,0.014580449424143055,-0.07275920795106189
54.86,0.0017423816585164173,-0.006994229690885178,0.013750928829649848,-0.06830981817599395
54.870000000000005,0.0008517626130073934,-0.001774160821530535,0.01291462521286309,-0.06384336635525624
54.88,-3.895217173443209e-05,0.003414703088802826,0.012071985348383503,-0.05936293845985477
54.89,-0.0009292446677918415,0.008568636188135307,0.011223457380394136,-0.054871539447604034
54.9,-0.0018186004245031172,0.01368402584025208,0.010369490523023064,-0.05037209196386431
54.910000000000004,-0.002706508927473169,0.018757374316352073,0.009510534768936062,-0.04586743536213439
54.92,-0.0035924639460061386,0.023785300262113337,0.008647040606253984,-0.041360325028200626
54.93,-0.0044759638688221404,0.028764539949348092,0.007779458743860257,-0.03685343199099456
54.94,-0.005356512027933977,0.03369194832088989,0.0069082398451346385,-0.032349342802821195
54.95,-0.006233617010586985,0.03856449983745455,0.006033834270123098,-0.027850559671361883
54.96,-0.007106792959180386,0.04337928913464485,0.005156691826128763,-0.023359500825644832
54.97,-0.007975559859110259,0.04813353149857143,0.004277261526685305,-0.01887850109819453
54.980000000000004,-0.00883944381449031,0.05282456316784548,0.003395991358853139,-0.01440981270560722
54.99,-0.009697977311726325,0.05744984147025762,0.0025133280587588186,-0.009955606210068083
55.0,-0.010550699470931709,0.062006944801684324,0.0016297168952802616,-0.005517971644545375
55.01,-0.011397156285197376,0.06649357245532236,0.0007456014617644544,-0.0010989197848675937
55.02,-0.01223690084772929,0.07090754430887458,-0.00013857652435081874,0.003299616447683702
55.03,-0.0130694935668966,0.07524680037744064,-0.001022377414151802,0.007675780469079233
55.04,-0.01389450236923482,0.07950940023983123,-0.0019053638122526345,0.012027790415750078
55.050000000000004,-0.014711502890468174,0.08369352234580407,-0.0027871007543503446,0.01635393744287475
55.06,-0.015520078654621674,0.08779746321173063,-0.003667155877501374,0.020652583951605314
55.07,-0.016319821241312253,0.091819636511914,-0.0045450995832968894,0.02492216175842528
55.08,-0.017110330441307876,0.09575857207272262,-0.005420505194120259,0.029161170219035488
55.09,-0.017891214400465084,0.09961291477620746,-0.006292949102673814,0.033368174318482394
55.1,-0.01866208975215131,0.10338142337991935,-0.007162010914966141,0.037541802738427464
55.11,-0.019422581738283477,0.10706296925900391,-0.008027273586952289,0.041680745911746885
55.120000000000005,-0.020172324319100116,0.11065653507648882,-0.008888323555021739,0.045783754073867616
55.13,-0.020910960271814254,0.11416121338736507,-0.009744750860527899,0.04984963531949832
55.14,-0.0216381412782843,0.11757620518154922,-0.01059614926855326,0.053877253672708736
55.15,-0.02235352800185286,0.12090081837073305,-0.011442116381102523,0.05786552717753834
55.160000000000004,-0.02305679015350821,0.1241344662235973,-0.012282253744914078,0.0618134260156535
55.17,-0.023747606547528367,0.12727666575371052,-0.013116166954077194,0.06571997065684536
55.18,-0.02442566514677188,0.13032703606423474,-0.013943465747639284,0.06958423004752276
55.19,-0.025090663097782594,0.13328529665316247,-0.014763764102383536,0.07340531984168253
55.2,-0.025742306755882377,0.1361512656827723,-0.015576680320953084,0.07718240067823495
55.21,-0.026380311706750616,0.13892465320724195,-0.016381837115463153,0.08091467749325518
55.22,-0.027004402861004088,0.141602912351055,-0.0171788616862778,0.08460141238292741
55.230000000000004,-0.0276143146529562,0.14418379095873804,-0.017967385795573776,0.08824191760320062
55.24,-0.02820979120836847,0.14666700263826,-0.01874704583933675,0.091835440509723
55.25,-0.028790586410356672,0.14905222644790733,-0.019517482936761494,0.09538073625733946
55.26,-0.029356463921545457,0.15133935782854147,-0.020278343045871932,0.09887653924781266
55.27,-0.029907197180613722,0.1535287969103724,-0.02102927707909099,0.1023219337027213
55.28,-0.03044256936601325,0.155621061993726,-0.02176994100287457,0.10571597360666707
55.29,-0.0309623733330131,0.1576170249314628,-0.022499995922662126,0.1090580129996304
55.300000000000004,-0.03146641152800898,0.15951765475871155,-0.02321910815539521,0.11234734777835577
55.31,-0.031954495884204646,0.1613241442416305,-0.023926949293107073,0.11558346391852972
55.32,-0.032426447698309775,0.16303788325790092,-0.024623196254414524,0.11876597222239033
55.33,-0.03288209749222078,0.16466029252711176,-0.025307531330302786,0.12189434677098485
55.34,-0.03332128486219448,0.1661930253922145,-0.02597964222608883,0.12496832403845462
55.35,-0.033743858311766815,0.1676378726032869,-0.026639222090447712,0.12798772708447514
55.36,-0.03414967507231274,0.1689966599980014,-0.027285969539575135,0.1309522298078917
55.370000000000005,-0.03453860091506098,0.17027134944356814,-0.027919588683158726,0.13386163041329052
55.38,-0.034910509951592894,0.1714640393266977,-0.028539789142650394,0.13671587279854983
55.39,-0.035265284422388445,0.17257691333026814,-0.029146286059091985,0.13951492638667096
55.4,-0.035602814476179946,0.17361223277896198,-0.02973880009623064,0.1422587788279925
55.410000000000004,-0.03592299794255566,0.17457230287362852,-0.030317057444601052,0.14494734058893746
55.42,-0.03622574009827786,0.17545951672447338,-0.03088078982566298,0.14758063176859262
55.43,-0.03651095342612252,0.17627634512492252,-0.03142973448906378,0.15015876883871487
55.44,-0.03677855736680108,0.17702530623261226,-0.0319636342026075,0.15268187992359517
55.45,-0.03702847806570918,0.1777089643601399,-0.03248223723870656,0.1551501264612426
55.46,-0.03726064811550177,0.1783299190350932,-0.03298529735833824,0.15756368961823278
55.47,-0.03747500629535233,0.17889079561246143,-0.03347257379321271,0.15992275526135238
55.480000000000004,-0.037671497308052755,0.17939422993176615,-0.03394383122848512,0.16222747109327437
55.49,-0.0378500715197873,0.1798427425457506,-0.034398839784613874,0.1644780701058244
55.5,-0.038010684759349114,0.18023710992711633,-0.03483737499094907,0.16667494085112855
55.51,-0.03815329827491685,0.1805758702530278,-0.03525921774576282,0.1688186075085849
55.52,-0.03827787885995875,0.1808567815697789,-0.03566415426453624,0.1709096579988716
55.53,-0.03838439907604936,0.1810771453881364,-0.03605197602138891,0.17294871339913814
55.54,-0.03847283750710147,0.18123447895503952,-0.03642247968775136,0.1749363899548139
55.550000000000004,-0.03854317902380301,0.1813259202218338,-0.036775467069808415,0.1768733298908954
55.56,-0.03859541504046515,0.18134932639593526,-0.0371107450459852,0.17876013520567918
55.57,-0.038629543762092905,0.1813019680728506,-0.03742812550510253,0.18059743358105249
55.58,-0.03864557041779123,0.18118204171802288,-0.037727425286685455,0.1823857671792362
55.59,-0.03864350746733103,0.18098751253378031,-0.03800846612373726,0.18412571825097607
55.6,-0.038623374796983724,0.18071647543877273,-0.03827107458504614,0.18581787442375666
55.61,-0.03858519988731073,0.18036787839320884,-0.03851508201840414,0.1874627592354119
55.620000000000005,-0.03852901795311072,0.1799401275814147,-0.03874032449610893,0.18906092107528502
55.63,-0.03845487207697714,0.1794321612547306,-0.038946642786524564,0.19061206495331512
55.64,-0.038362813339636516,0.17884252108067394,-0.03913388242395031,0.19211404393260842
55.65,-0.03825290096777372,0.17816947915774933,-0.03930189391591258,0.19356376123079602
55.660000000000004,-0.03812520249229345,0.17741165759493754,-0.039450533060926586,0.19495724563148478
55.67,-0.03797979389194373,0.1765677682125969,-0.039579661333610655,0.1962903504768339
55.68,-0.03781675971838866,0.17563675921927824,-0.03968914631913352,0.19755817084481736
55.69,-0.037636193197158524,0.17461792752703487,-0.039778862198249575,0.1987554880673648
55.7,-0.03743819628252484,0.17351135591764139,-0.039848690249054505,0.19987752884766685
55.71,-0.03722287966166647,0.17231729170206392,-0.039898519376496515,0.2009181086498915
55.72,-0.03699036273045515,0.17103613726547073,-0.039928246697320695,0.20187121971110936
55.730000000000004,-0.03674077354407128,0.16966875919615473,-0.03993777810476796,0.2027321303957555
55.74,-0.036474248765009314,0.16821526928582808,-0.03992702884517202,0.20349356841475938
55.75,-0.03619093362799218,0.16667614349340693,-0.03989592416459409,0.2041492404899744
55.76,-0.035890981883475656,0.1650524533322697,-0.03984439990458553,0.20469456111707415
55.77,-0.03557455573592071,0.16334425531780028,-0.039772403095692035,0.20512165885432104
55.78,-0.03524182579971794,0.16155227850472964,-0.039679892617806654,0.20542466076272686
55.79,-0.03489297103421296,0.15967750379128157,-0.03956683980483655,0.20559840344864994
55.800000000000004,-0.03452817866972283,0.15772037159060937,-0.03943322902852277,0.2056359845810266
55.81,-0.03414764414242458,0.1556817395309984,-0.039279058314766066,0.20553177674579087
55.82,-0.03375157101389135,0.15356264168206774,-0.039104339914460225,0.20528069949873792
55.83,-0.03334017087911141,0.15136393638393258,-0.038909100838402516,0.2048771451801289
55.84,-0.03291366327024252,0.14908678875912085,-0.03869338337650631,0.20431650820798047
55.85,-0.032472275544163244,0.1467325104160916,-0.03845724556175595,0.20359470747934266
55.86,-0.03201624275280331,0.1443025400467825,-0.03820076157344403,0.2027081486789186
55.870000000000005,-0.03154580749420998,0.14179864282010318,-0.03792402207117006,0.20165436636629439
55.88,-0.031061219731858353,0.1392230083331194,-0.03762713441867244,0.20043234685291592
55.89,-0.030562736568360813,0.13657841425391531,-0.03731022275270641,0.19904305182083976
55.9,-0.030050621975827578,0.13386782849329432,-0.03697342790247744,0.19748819542110457
55.910000000000004,-0.029525146504909578,0.13109422706016827,-0.03661690722659882,0.1957696960249664
55.92,-0.028986586988362952,0.1282606273481497,-0.036240834415063046,0.19388979736069664
55.93,-0.028435226241961882,0.12537005961324024,-0.03584539926328226,0.19185099701664085
55.94,-0.027871352763437777,0.12242556935518509,-0.03543080741860964,0.18965606995168852
55.95,-0.02729526043029057,0.11943020421503345,-0.034997280100381944,0.18730804295026995
55.96,-0.026707248197230096,0.11638700864038849,-0.0345450537943568,0.18481019215858083
55.97,-0.02610761979405279,0.11329901474952778,-0.034074379922645046,0.18216602772125576
55.980000000000004,-0.02549668342472171,0.1101692352321001,-0.03358552449025978,0.17937928361980443
55.99,-0.024874751468425632,0.10700065542370629,-0.0330787677095164,0.1764539037721207
56.0,-0.024242140183371116,0.10379622603728453,-0.03255440360357357,0.1733940289839636
56.01,-0.023599169414039757,0.10055885586247439,-0.032012739590478324,0.1702039825800156
56.02,-0.02294616230263623,0.09729140482619494,-0.03145409604912869,0.1668882559288725
56.03,-0.02228344500540973,0.09399667726578573,-0.030878805868618187,0.16345149338476223
56.04,-0.021611346414521764,0.09067741553357575,-0.030287213982462625,0.15989847701635293
56.050000000000004,-0.020930197886089533,0.08733629391566664,-0.029679676889240694,0.15623411106919405
56.06,-0.020240332975009212,0.08397591291237023,-0.029056562161200176,0.15246340631943525
56.07,-0.0195420871771252,0.08059879389206831,-0.028418247942394184,0.14859146436883702
56.08,-0.018835797679272778,0.07720737414446334,-0.027765122437915485,0.14462346198188028
56.09,-0.01812180311768557,0.07380400234830711,-0.027097583395792463,0.1405646355363681
56.1,-0.01740044334521034,0.07039093446982839,-0.02641603758309812,0.13642026566876736
56.11,-0.016672059207741577,0.06697033010391082,-0.025720900257802905,0.1321956621849005
56.120000000000005,-0.01593699233022613,0.06354424926736646,-0.025012594637875557,0.12789614930558488
56.13,-0.015195584912562994,0.06011464965134651,-0.02429155136910135,0.12352705131030806
56.14,-0.014448179535659604,0.05668338433655644,-0.023558207993047427,0.11909367863781634
56.15,-0.01369511897787359,0.053252199972799945,-0.02281300841655802,0.11460131449668548
56.160000000000004,-0.01293674604201467,0.04982273542139201,-0.022056402384111648,0.11005520203364247
56.17,-0.012173403393036302,0.046396520856780046,-0.02128884495431577,0.10546053210162455
56.18,-0.01140543340650772,0.042974977321199315,-0.02051079598175399,0.10082243166390786
56.19,-0.010633178027899318,0.039559416724153265,-0.019722719605337766,0.09614595286487697
56.2,-0.009856978642683598,0.03615104227636044,-0.018925083744246948,0.09143606279237305
56.21,-0.009077175957203037,0.032750949346073616,-0.01811835960247438,0.08669763395097034
56.22,-0.008294109890212823,0.02936012672384899,-0.017303021182919386,0.08193543546015038
56.230000000000004,-0.007508119474974142,0.025979458280354535,-0.016479544811901156,0.07715412498613027
56.24,-0.0067195427717239445,0.02260972500045326,-0.015648408674891163,0.07235824141112304
56.25,-0.0059287167903208406,0.019251607375308667,-0.014810092364188714,0.06755219823912999
56.26,-0.0051359774228204955,0.0159056881334557,-0.013965076439191535,0.06274027773293415
56.27,-0.004341659385710296,0.01257245529045167,-0.013113841999839233,0.057926625772893224
56.28,-0.003546096171494094,0.009252305496037151,-0.01225687027373632,0.05311524742438222
56.29,-0.002749620009290085,0.005945547656927693,-0.011394642217390467,0.04831000319729739
56.300000000000004,-0.0019525618340837606,0.0026524068126562344,-0.010527638131932625,0.043514605978024805
56.31,-0.0011552512642431577,-0.0006269717583876518,-0.009656337293619128,0.03873261861151586
56.32,-0.0003580165868847278,-0.0038925182262633095,-0.008781217599351087,0.033967452108812135
56.33,0.0004388152493339919,-0.007144233713504425,-0.007902755227383386,0.02922236445331197
56.34,0.001234918634452062,-0.010382185639536357,-0.007021424313337518,0.024500459977414707
56.35,0.002029969290934254,-0.013606502928975162,-0.006137696641574569,0.019804689279824584
56.36,0.0028236442613685593,-0.01681737110694558,-0.0052520413519313676,0.015137849652740261
56.370000000000005,0.0036156218906236693,-0.02001502730423266,-0.004364924661772523,0.010502585987413464
56.38,0.004405581802962283,-0.023199755194434176,-0.003476809603262926,0.005901392126078465
56.39,0.005193204874614214,-0.026371879884522543,-0.0025881557757216605,0.0013366126280026866
56.4,0.005978173202320978,-0.029531762779504256,-0.0016994191128768623,-0.003189555082530014
56.410000000000004,0.006760170068358843,-0.03267979644071186,-0.0008110516648032088,-0.007675058218327412
56.42,0.007538879902553371,-0.035816399456394934,7.649860571078982e-05,-0.012117985813035885
56.43,0.008313988241795786,-0.038942011342088814,0.000962788012650159,-0.016516565617517482
56.44,0.009085181687569378,-0.04205708748709965,0.0018473773224279982,-0.02086916073906173
56.45,0.009852147861982538,-0.045162094162345574,0.0027298319160459924,-0.025174266052749954
56.46,0.010614575362810732,-0.04825750360361737,0.0036097219381210433,-0.029430504413280413
56.47,0.011372153718031174,-0.051343789183132704,0.0044866224331586635,-0.033636622694438165
56.480000000000004,0.012124573340330133,-0.0544214206814674,0.005360113469470569,-0.037791487682177397
56.49,0.012871525482051754,-0.05749085967042288,0.006229780251148122,-0.041894081846035845
56.5,0.013612702191048221,-0.060552555017071866,0.007095213218515157,-0.04594349901225067
56.51,0.014347796267870378,-0.06360693851764827,0.007956008137493987,-0.04993893996059706
56.52,0.015076501224740618,-0.06665442066961662,0.008811766178324678,-0.053879707965582065
56.53,0.015798511246717682,-0.06969538658916644,0.00966209398408419,-0.05776520430122185
56.54,0.016513521155462365,-0.07273019208059252,0.010506603729454762,-0.06159492372726729
56.550000000000004,0.01722122637599007,-0.07575915986350401,0.011344913170192926,-0.06536844997331186
56.56,0.017921322906787367,-0.07878257596272689,0.012176645683750207,-0.0690854512359205
56.57,0.018613507293641095,-0.08180068626542894,0.013001430301495994,-0.07274567570255587
56.58,0.019297476607528914,-0.0848136932489674,0.013818901732989114,-0.07634894711481065
56.59,0.01997292841329406,-0.08782219341456382,0.01462870038264789,-0.07989516340145215
56.6,0.020639560625861017,-0.09082982639243503,0.01543047235873957,-0.0833843040542744
56.61,0.021297071268811568,-0.09383828392017207,0.016223869475744168,-0.08681638415471865
56.620000000000005,0.02194515832143548,-0.09684756924083265,0.017008549241271948,-0.09019180924738057
56.63,0.02258351966688614,-0.09985835856544333,0.017784174808356937,-0.09351145932735036
56.64,0.023211853056690334,-0.10287080306896627,0.018550414900313814,-0.09677609437603635
56.65,0.023829856094658836,-0.1058848367167031,0.019306943736009538,-0.09998634921505165
56.660000000000004,0.024437226251533373,-0.10890008134193914,0.020053440967863503,-0.10314272339802846
56.67,0.025033660903379842,-0.11191602698738592,0.020789591628947834,-0.106245718285492
56.68,0.025618857389407942,-0.1149319437533012,0.02151508608618239,-0.10929572159682875
56.69,0.02619251308603063,-0.11794701039490628,0.022229619996154682,-0.11229321682409786
56.7,0.02675432549510861,-0.12096023110231365,0.0229328942616072,-0.11523858552397728
56.71,0.027303992347766575,-0.12397044144392648,0.023624614993524345,-0.1181321298107134
56.72,0.02784121172121066,-0.126976434914836,0.02430449347330563,-0.12097434155389963
56.730000000000004,0.028365682165994187,-0.1299768392365818,0.024972246110997385,-0.12376558781376577
56.74,0.028877102846392017,-0.13297014691235015,0.02562759440799078,-0.126506169440103
56.75,0.029375173693758933,-0.13595474948659672,0.026270264924876843,-0.12919640623338205
56.76,0.02985959557003001,-0.1389289549764836,0.026899989247449328,-0.13183669031520737
56.77,0.030330070440257862,-0.14189097348238516,0.027516503948853292,-0.13442741116624712
56.78,0.030786301555119088,-0.14483889879797254,0.028119550553122045,-0.13696887154079032
56.79,0.03122799364380847,-0.14777073359287934,0.028708875503457982,-0.1394613612217314
56.800000000000004,0.03165485311620389,-0.15068439690017393,0.029284230133026716,-0.14190516510293105
56.81,0.03206658827330986,-0.15357772807444647,0.029845370636589746,-0.14430055734083802
56.82,0.03246290952542398,-0.15644849339803285,0.03039205804295386,-0.1466478062708385
56.83,0.03284352961718486,-0.1592944001600347,0.030924058186570496,-0.14894722429380386
56.84,0.03320816385889729,-0.16211308918466077,0.03144114167824375,-0.1511990863004985
56.85,0.033556530364150294,-0.1649021372560237,0.031943083878525354,-0.15340361230294894
56.86,0.03388835029335295,-0.16765907067742186,0.03242966487487938,-0.15556101228989755
56.870000000000005,0.03420334810230875,-0.1703813701499668,0.03290066946093593,-0.15767148005475462
56.88,0.034501251819188075,-0.17306569750661266,0.03335588711573828,-0.15973524226852498
56.89,0.03478179344101955,-0.17570617790808002,0.03379511197757396,-0.16175265915215895
56.9,0.03504470952391455,-0.17829523990154145,0.03421814280801029,-0.16372417378378065
56.910000000000004,0.035289741919699566,-0.18082490398752,0.03462478294905645,-0.16565023412134375
56.92,0.03551663856442608,-0.18328724499064786,0.0350148402791421,-0.16753126592601325
56.93,0.03572515427615907,-0.18567420677110058,0.035388127170293264,-0.1693676889379648
56.94,0.035915051540695325,-0.18797829421363876,0.03574446044678248,-0.17115989938002593
56.95,0.0360861012729256,-0.19019198221284578,0.03608366134616867,-0.17290825798276596
56.96,0.036238083552152064,-0.19230827339582607,0.03640555548457236,-0.17461306050685496
56.97,0.03637078831835633,-0.19432060584941274,0.036709972826993766,-0.17627456634076205
56.980000000000004,0.03648401603719288,-0.19622239181354909,0.03699674766115242,-0.17789302091603673
56.99,0.03657757832578184,-0.1980080713913597,0.0372657185749797,-0.1794685973163685
57.0,0.036651298532417574,-0.19967194534633875,0.03751672843808362,-0.18100146496112987
57.01,0.03670501228382835,-0.20120892627558584,0.03774962438626704,-0.18249174687524058
57.02,0.03673856799137063,-0.20261436322898824,0.03796425782872896,-0.18393890807110796
57.03,0.03675182733911129,-0.2038830983561933,0.03816048454384341,-0.18534062645094795
57.04,0.036744665773816035,-0.2050104402031602,0.038338164906088955,-0.18669361141071988
57.050000000000004,0.03671697297857808,-0.2059918024112251,0.03849716421907896,-0.18799382828008615
57.06,0.03666865331693094,-0.2068230850393986,0.0386373531068957,-0.1892371639289854
57.07,0.036599626238552986,-0.20750058377973435,0.0387586079396743,-0.19041899752543628
57.08,0.03650982664055182,-0.20802108620897286,0.038860811296874215,-0.1915343499211157
57.09,0.036399205165353415,-0.20838239093294136,0.038943852438610954,-0.19257887925759917
57.1,0.03626772843557323,-0.20858240353849972,0.03900762777867439,-0.19354739887163105
57.11,0.036115379260089744,-0.2086191414829635,0.039052041395892634,-0.19443442375897904
57.120000000000005,0.0359421568121574,-0.20849127805160206,0.039077005536302,-0.19523578503002048
57.13,0.03574807677244595,-0.20819749962227257,0.03908244107578923,-0.19594667980114128
57.14,0.03553317146766549,-0.20773619275536725,0.03906827803811854,-0.1965606829339278
57.15,0.03529748998787937,-0.207106903779406,0.039034456114483806,-0.19707432138283704
57.160000000000004,0.03504109825706257,-0.20630902807597765,0.03898092510418939,-0.19748299256502566
57.17,0.03476407909654019,-0.20534168904346656,0.038907645398891286,-0.19778060060201486
57.18,0.03446653227415845,-0.20420500246912682,0.03881458848689228,-0.1979635121439167
57.19,0.034148574507478775,-0.20289915859597443,0.03870173737711806,-0.19802771193734464
57.2,0.0338103394472944,-0.2014242297205236,0.03856908702312433,-0.19796821882359716
57.21,0.03345197764823585,-0.1997808463950523,0.03841664476658031,-0.1977812105466919
57.22,0.03307365650340868,-0.19796998588329012,0.038244430726536494,-0.19746338542007819
57.230000000000004,0.03267556015019903,-0.1959926472456816,0.03805247815466584,-0.1970109696124567
57.24,0.032257889356543404,-0.19385020523627872,0.03784083378341507,-0.19642084128432596
57.25,0.031820861376478514,-0.1915444147538618,0.037609558130007124,-0.1956905679895931
57.26,0.03136470977444629,-0.18907719459158495,0.03735872575235005,-0.19481775516302507
57.27,0.03088968422056047,-0.18645089913865331,0.03708842546136653,-0.1938009183451599
57.28,0.030396050250384214,-0.1836682315063104,0.03679876046709893,-0.1926392382487977
57.29,0.029884088983410335,-0.18073239707951966,0.036489848437809634,-0.19133306769550493
57.300000000000004,0.029354096792851815,-0.17764715338413065,0.036161821446152966,-0.1898841171586899
57.31,0.028806384932030835,-0.17441646093953728,0.03581482581609863,-0.18829439021221722
57.32,0.02824127913531778,-0.17104442841571452,0.0354490219240312,-0.1865660370967325
57.33,0.02765911920303461,-0.16753531860673254,0.03506458398091936,-0.18470139900834992
57.34,0.027060258571703622,-0.16389352951196728,0.03466169979730818,-0.1827029741051384
57.35,0.0264450638706596,-0.16012358776486194,0.034240570531797264,-0.18057342209544788
57.36,0.02581391446612773,-0.15623013583861112,0.03380141042391925,-0.17831554899370644
57.370000000000005,0.02516720199382996,-0.1522179223682814,0.03334444651225947,-0.17593230132794338
57.38,0.024505329881198995,-0.14809179097227004,0.03286991833874055,-0.17342675522393083
57.39,0.02382871286026601,-0.14385666993208962,0.03237807763999293,-0.17080210772708931
57.4,0.023137776472285175,-0.1395175615978504,0.03186918802676544,-0.16806166675222234
57.410000000000004,0.022432956565136778,-0.13507953213049728,0.031343524652338084,-0.1652088415378503
57.42,0.02171469878454916,-0.13054770131606006,0.03080137387091238,-0.16224713273687516
57.43,0.020983458060148497,-0.12592723262268873,0.03024303288695872,-0.1591801226468135
57.44,0.02023969808733403,-0.12122332344963177,0.029668809396501666,-0.15601146539505809
57.45,0.0194838908059561,-0.11644119562539243,0.029079021221319907,-0.15274487723631322
57.46,0.01871651587673934,-0.11158608615474848,0.02847399593703059,-0.1493841269458185
57.47,0.01793806015638055,-0.10666323824020613,0.027854070496015213,-0.14593302637571734
57.480000000000004,0.017149017172215324,-0.10167789258737261,0.027219590846128853,-0.14239542119670853
57.49,0.016349886597317346,-0.09663527900891464,0.026570911546115374,-0.13877518186610802
57.5,0.01554117372687372,-0.09154060833627836,0.025908395378628078,-0.13507619485010225
57.51,0.01472338895663702,-0.08639906464840916,0.025232412961729886,-0.13130235413060656
57.52,0.013897047264230154,-0.08121579782416774,0.024543342359718546,-0.12745755302162062
57.53,0.013062667694043842,-0.0759959164236592,0.023841568694090952,-0.1235456763184705
57.54,0.012220772846438917,-0.07074448090238697,0.023127483755427097,-0.11957059279969975
57.550000000000004,0.011371888371921718,-0.06546649716012654,0.022401485616939675,-0.11553614809883517
57.56,0.010516542470940199,-0.06016691042543215,0.021663978250396974,-0.11144615796017612
57.57,0.00965526539990441,-0.054850599475055356,0.020915371145089286,-0.10730440188998827
57.58,0.008788588984003415,-0.04952237118625366,0.020156078930469303,-0.10311461721168305
57.59,0.007917046137365113,-0.0441869554188454,0.01938652100305579,-0.09888049353088106
57.6,0.007041170391060278,-0.03884900022254811,0.01860712115815013,-0.0946056676136562
57.61,0.006161495429427514,-0.03351306736430808,0.017818307226873022,-0.09029371867880852
57.620000000000005,0.005278554635161511,-0.028183628169105333,0.01702051071898789,-0.08594816410266054
57.63,0.00439288064357736,-0.022865059667199126,0.016214166471935937,-0.08157245553267695
57.64,0.0035050049064284574,-0.01756164103977501,0.015399712306467608,-0.07716997540416586
57.65,0.002615457265629664,-0.01227755035469049,0.014577588689214513,-0.07274403385241593
57.660000000000004,0.0017247655372086494,-0.007016861583236231,0.01374823840250663,-0.06829786601091142
57.67,0.0008334551057786196,-0.0017835418889660306,0.012912106221701228,-0.06383462968466214
57.68,-5.7951470205127385e-05,0.0034185508210653488,0.012069638600252766,-0.05935740338633486
57.69,-0.0009489348421593992,0.008585670091802375,0.011221283362716487,-0.054869184721574336
57.7,-0.0018389792438468296,0.01371418287215993,0.010367489405844097,-0.05037288910889187
57.71,-0.0027275728524174276,0.018800571232434636,0.009508706407896422,-0.04587134881853088
57.72,-0.0036142081378522603,0.023841433856664367,0.008645384546266503,-0.04136731231401777
57.730000000000004,-0.004498382200664082,0.02883348731860138,0.007777974223476183,-0.03686344387948869
57.74,-0.005379597097731895,0.03377356715023015,0.006906925801581168,-0.03236232351545292
57.75,-0.006257360156168119,0.03865862871130633,0.006032689344992689,-0.027866447085342277
57.76,-0.007131184275135081,0.04348574786830059,0.005155714371699147,-0.023378226695069303
57.77,-0.008000588215550558,0.04825212149085924,0.0042764496128481514,-0.018899991287754325
57.78,-0.008865096877633807,0.05295506777396247,0.0033953427806276493,-0.014433987435912616
57.79,-0.009724241566265156,0.05759202639364322,0.002512840344365521,-0.009982380313554588
57.800000000000004,-0.010577560244152335,0.062160558504120556,0.0016293873147495276,-0.00554725483100076
57.81,-0.011424597772803068,0.06665834658438674,0.0007454270360528879,-0.0011306169156035327
57.82,-0.012264906141326066,0.07108319414168202,-0.00013859901376368704,0.0032656050779999897
57.83,-0.01309804468309596,0.07543302528004141,-0.0010222514152146223,0.00763955884385671
57.84,-0.0139235802803257,0.07970588414113378,-0.001905092991870376,0.011989466502121028
57.85,-0.014741087556612874,0.08389993422549241,-0.0027866889875185715,0.016313622892435795
57.86,-0.015550149057524597,0.08801345760102233,-0.003666607236076979,0.020610393797173464
57.870000000000005,-0.01635035541931023,0.09204485400677835,-0.0045444183244355355,0.024878214107621675
57.88,-0.01714130552583138,0.09599263985841934,-0.005419695748411235,0.02911558594557349
57.89,-0.01792260665381751,0.09985544716278989,-0.006292016062003147,0.03332107675192719
57.9,-0.018693874606553126,0.1036320223476988,-0.007160959020139003,0.03749331735323324
57.910000000000004,-0.0194547338361211,0.10732122501358718,-0.008026107715106078,0.041631000016294516
57.92,-0.020204817554332632,0.11092202661252518,-0.008887048706860363,0.04573287650024192
57.93,-0.020943767832473995,0.11443350906060282,-0.009743372147408839,0.049797756114682776
57.94,-0.021671235690015205,0.1178548632884737,-0.01059467189945803,0.05382450379186735
57.95,-0.022386881172431216,0.1211853877353477,-0.011440545649521083,0.05781203818001074
57.96,-0.023090373418283575,0.12442448679075097,-0.012280595015673806,0.061759329764274035
57.97,-0.023781390715727276,0.12757166918860294,-0.013114425650146167,0.06566539902115812
57.980000000000004,-0.024459620548602706,0.13062654635753468,-0.013941647336933745,0.06952931461144345
57.99,-0.025124759632282216,0.13358883073138578,-0.014761874084608547,0.07335019161612316
58.0,-0.025776513939441928,0.13645833402360208,-0.0155747242145052,0.07712718981919094
58.01,-0.026414598721054037,0.13923479954615303,-0.01637982044442562,0.0808595129397835
58.02,-0.02703873859829146,0.14191571760827887,-0.017176789967501768,0.08454642281451487
58.03,-0.02764866776264798,0.14449871100174622,-0.017965264525780063,0.08818723222848811
58.04,-0.028244130150506048,0.14698344834220592,-0.018744880481849597,0.09178119982288235
58.050000000000004,-0.028824879513405535,0.14936961835208779,-0.019515278907777718,0.09532707749728199
58.06,-0.02939067944135182,0.15165709164856636,-0.02027610570116671,0.09882358356608423
58.07,-0.02994130336077498,0.1538462552675099,-0.021027011702189444,0.1022697826504321
58.08,-0.03047653449967888,0.15593761699747935,-0.021767652794916943,0.10566471560345403
58.09,-0.030996165825481373,0.15793204719038834,-0.022497689993545816,0.10900772872705301
58.1,-0.03149999995963407,0.15983051288270267,-0.023216789515831615,0.11229810915039233
58.11,-0.031987849073350755,0.16163420859493513,-0.02392462284746868,0.11553533629602492
58.120000000000005,-0.03245953476411517,0.16334452774557298,-0.024620866794258494,0.1187190152351179
58.13,-0.03291488791697004,0.16496289611464776,-0.025305203528488557,0.12184861423223617
58.14,-0.03335374855310996,0.16649097441284458,-0.0259773206314175,0.12492386591960322
58.15,-0.03377596566203376,0.16793056236677217,-0.02663691112273041,0.12794458939362685
58.160000000000004,-0.03418139702119536,0.16928349514951105,-0.027283673485173063,0.13091045215133154
58.17,-0.03456990900698126,0.17055174669936832,-0.02791731169100624,0.13382124959753608
58.18,-0.03494137639398721,0.1717374288172756,-0.0285375352206243,0.13667692305940846
58.19,-0.03529568214219315,0.17284273954893337,-0.029144059070671406,0.13947743851980712
58.2,-0.03563271717484055,0.17386995566999597,-0.029736603757503356,0.14222277961789975
58.21,-0.035952380149456425,0.17482139884498274,-0.03031489532167665,0.14491285232204848
58.22,-0.036254577222467214,0.17569948037813507,-0.030878665332457624,0.14754767451778691
58.230000000000004,-0.03653922180620091,0.17650669022174575,-0.03142765088536157,0.15012736019073283
58.24,-0.03680623431886249,0.1772455665845334,-0.03196159459237796,0.15265203461988966
58.25,-0.037055541929243284,0.17791869484738584,-0.03248024456869095,0.1551218567261907
58.26,-0.03728707829716295,0.17852869647054456,-0.03298335441689604,0.157537005146914
58.27,-0.03750078331050586,0.17907821962670406,-0.03347068320941109,0.15989766357866012
58.28,-0.037696602820020506,0.17956992360633645,-0.03394199547143673,0.16220397681266494
58.29,-0.037874488376880865,0.1800063480442154,-0.03439706116307641,0.16445617544559663
58.300000000000004,-0.03803439703044717,0.18038827044766909,-0.03483565565312204,0.16665464737640479
58.31,-0.03817629128423479,0.1807142409461857,-0.03525755967920198,0.16879991557789453
58.32,-0.03830013922038031,0.1809820439031653,-0.035662559296200456,0.17089256606266132
58.33,-0.03840591472000751,0.18118901008930088,-0.036050445817867045,0.17293321793329672
58.34,-0.03849359771434547,0.18133269365450264,-0.03642101575569603,0.1749224851294687
58.35,-0.0385631744455873,0.1814102704687804,-0.03677407075659291,0.1768610076168964
58.36,-0.0386146377199075,0.1814196372071298,-0.037109417540587816,0.1787493851474753
58.370000000000005,-0.038647987150234424,0.1813581162101276,-0.03742686783917645,0.18058824442637234
58.38,-0.038663229385508514,0.18122392995929468,-0.037726238335769845,0.18237812607448298
58.39,-0.038660378312766516,0.18101511406037007,-0.038007350608750316,0.1841196062958481
58.4,-0.038639455248321124,0.18072978483645902,-0.03827003107414182,0.1858132716007887
58.410000000000004,-0.03860048910150126,0.18036694214138033,-0.0385141109290808,0.18745964302217674
58.42,-0.038543516510084905,0.17992504163129108,-0.038739426097604904,0.18905926437041287
58.43,-0.03846858197041025,0.17940302096253447,-0.03894581720437861,0.19061177943351143
58.44,-0.038375737965440145,0.17879946476240866,-0.03913312964926797,0.19211498968535323
58.45,-0.03826504510996428,0.17811266182999563,-0.03930121381901482,0.19356577807319023
58.46,-0.038136572306458484,0.1773412580848409,-0.03944992540741876,0.1949601603933237
58.47,-0.03799039688627959,0.17648399535548237,-0.0395791258014359,0.19629399183218635
58.480000000000004,-0.037826604732378075,0.1755398354104597,-0.03968868251606319,0.19756235863741536
58.49,-0.037645290378796055,0.1745080814501744,-0.03977846967906683,0.198760065018114
58.5,-0.03744655706580551,0.17338878941618818,-0.03984836853137577,0.19988235081873063
58.51,-0.03723051674510104,0.1721822127131108,-0.03989826795539645,0.2009230345653671
58.52,-0.03699729005478934,0.17088878726545326,-0.039928065058537764,0.20187614114779984
58.53,-0.03674700626739942,0.16950940691373503,-0.03993766573549773,0.20273696285710022
58.54,-0.03647980323504491,0.16804421083166146,-0.039926985242388496,0.20349824828532592
58.550000000000004,-0.03619582735182675,0.16649369585230817,-0.039895948841594954,0.20415371291110884
58.56,-0.03589523349462522,0.16485897090537072,-0.03984449239483799,0.20469883127119248
58.57,-0.035578184958309125,0.1631401191265882,-0.039772562952613146,0.20512576192725515
58.58,-0.035244853409155355,0.16133788477920424,-0.03968011941199195,0.20542862813372034
58.59,-0.03489541881751679,0.1594532842874528,-0.03956713311895774,0.2056023288652158
58.6,-0.0345300693807995,0.1574867906951679,-0.03943358844750519,0.20564001731190906
58.61,-0.034149001455792756,0.1554392701152128,-0.039279483412522714,0.20553604883394924
58.620000000000005,-0.03375241947626322,0.15331178575617704,-0.03910483023884865,0.20528539253743228
58.63,-0.03334053585859195,0.1511052217817057,-0.03890965589278312,0.2048824825640285
58.64,-0.03291357090355678,0.14882074788279975,-0.03869400259892982,0.2043226915016184
58.65,-0.03247175268237204,0.14645970155585014,-0.038457928302942146,0.2036019855199713
58.660000000000004,-0.032015316905718356,0.14402352003266217,-0.0382015070739465,0.2027167349541651
58.67,-0.031544506774451406,0.14151396653661258,-0.03792482944039972,0.20166444038503128
58.68,-0.031059572799823184,0.13893320600955403,-0.037628002619431916,0.2004439864961124
58.69,-0.030560772579243594,0.13628399112010814,-0.03731115059447905,0.19905623560519065
58.7,-0.03004837052824482,0.13356929434121617,-0.03697441404176662,0.19750289739719604
58.71,-0.029522637589722515,0.13079209489122917,-0.03661795016963202,0.1957858842851755
58.72,-0.028983850937190133,0.12795541281248857,-0.036241932521030536,0.19390743501668242
58.730000000000004,-0.02843229367547145,0.12506228005119394,-0.03584655074810053,0.19187004189104756
58.74,-0.027868254539498552,0.12211574305960973,-0.03543201035919422,0.18967647495218112
58.75,-0.027292027592061684,0.11911884960721472,-0.034998532439415,0.18732975614002426
58.76,-0.026703911921270643,0.11607464351299804,-0.03454635334553055,0.18483315701446237
58.77,-0.026104211338524162,0.11298615550093696,-0.03407572437636112,0.1821901833318013
58.78,-0.025493234077763466,0.10985639612991363,-0.03358691141976119,0.17940456494467055
58.79,-0.02487129249677422,0.10668834787902143,-0.0330801945774278,0.176480241899603
58.800000000000004,-0.024238702781293513,0.1034849578989019,-0.03255586776882321,0.17342135141562956
58.81,-0.023595784652655976,0.1002491307265567,-0.03201423831557319,0.17023221352510903
58.82,-0.022942861079695127,0.09698372136354058,-0.031455626507753465,0.1669173166142627
58.83,-0.02228025799558703,0.0936915285655352,-0.030880365153526903,0.16348130237457567
58.84,-0.021608304020304468,0.09037528846376225,-0.030288799113631026,0.15992895054120057
58.85,-0.02092733018931086,0.08703766850025318,-0.029681284822246346,0.1562651633620002
58.86,-0.02023766968909475,0.0836812617247251,-0.02905818979579688,0.15249494995634374
58.870000000000005,-0.01953965760011069,0.0803085814647205,-0.028419892131246544,0.14862341061296
58.88,-0.018833630647652897,0.0769220563950512,-0.027766779995459328,0.14465572112807557
58.89,-0.01811992696114781,0.07352402602151885,-0.02709925110718681,0.14059711725509785
58.9,-0.01739888584231303,0.07011673659546394,-0.02641771221323427,0.13645287934725212
58.910000000000004,-0.016670847542584914,0.06670233747068452,-0.02572257856033692,0.13222831726383336
58.92,-0.01593615305017277,0.06328287791284251,-0.02501427336425022,0.12792875560975822
58.93,-0.015195143887053482,0.059860304367600134,-0.024293227277525215,0.12355951937163313
58.94,-0.014448161916176835,0.05643645819195101,-0.023559877857398267,0.11912592000929617
58.95,-0.013695549159098604,0.05301307384973095,-0.02281466903517995,0.1146332420560372
58.96,-0.012937647624220864,0.049591777570242565,-0.022058050588475514,0.11008673027537634
58.97,-0.012174799145767596,0.04617408646617059,-0.021290477617513803,0.10549157741651154
58.980000000000004,-0.011407345233579296,0.042761408104702775,-0.02051241002680116,0.10085291260489575
58.99,-0.010635626933764675,0.03935504052373941,-0.019724312013253364,0.09617579039863283
59.0,-0.009859984700205666,0.03595617268270082,-0.01892665156189131,0.09146518053576506
59.01,-0.009080758276864187,0.032565885336017106,-0.018119899950117844,0.08672595839191047
59.02,-0.008298286590804163,0.029185152315254342,-0.01730453126152098,0.08196289616236156
59.03,-0.007512907655791234,0.025814842204643203,-0.01648102191007744,0.07718065477748592
59.04,-0.006724958486307867,0.022455720392983318,-0.015649850175556,0.07238377655535157
59.050000000000004,-0.005934775021768263,0.019108451484041063,-0.01481149575084765,0.06757667859075092
59.06,-0.005142692060695202,0.01577360204601412,-0.013966439301875088,0.06276364687541712
59.07,-0.004349043204581267,0.012451643679911317,-0.01311516204066171,0.05794883114011304
59.08,-0.003554160811122978,0.009142956385714265,-0.012258145312068253,0.053136240405514096
59.09,-0.0027583759564947545,0.00584783220435352,-0.011395870194634308,0.048329739225409306
59.1,-0.0019620184062934917,0.002566479113065596,-0.010528817115893273,0.04353304460265803
59.11,-0.0011654165947684939,-0.0007009748489223699,-0.009657465482462014,0.03874972355563101
59.120000000000005,-0.0003688976119171783,-0.003954477247799297,-0.008782293325142371,0.03398319131052425
59.13,0.00042721280197914607,-0.007194046739057598,-0.007903776959208608,0.029236710092884227
59.14,0.0012225902548344105,-0.010419768391716414,-0.007022390659995756,0.02451338849003231
59.15,0.0020169116947188316,-0.013631788876137606,-0.006138606353847307,0.01981618135468678
59.160000000000004,0.0028098553957810117,-0.01683031153880892,-0.005252893324426383,0.01514789021905472
59.17,0.003601100938620081,-0.02001559138685608,-0.00436571793434411,0.010511164187887084
59.18,0.004390329185611466,-0.02318793000437321,-0.00347754336201149,0.005908501278504458
59.19,0.005177222251691131,-0.026347670422268342,-0.0025888293535767633,0.001342250175587649
59.2,0.005961463471107027,-0.02949519196199893,-0.0017000319897686276,-0.0031853876314948287
59.21,0.0067427373606535985,-0.03263090507305493,-0.0008116034674283601,-0.00767235536081087
59.22,0.007520729579900236,-0.03575524618273107,7.600810452112591e-05,-0.012116738131012413
59.230000000000004,0.008295126888928897,-0.038868672575702305,0.0009623588949524795,-0.016516759866496315
59.24,0.0090656171040864,-0.04197165731985347,0.0018470095265698825,-0.02087077994478782
59.25,0.009831889052257067,-0.04506468425350836,0.0027295252384405833,-0.025177289615501166
59.26,0.010593632524153537,-0.048148243048216986,0.003609476035382396,-0.02943490821917306
59.27,0.01135053822711541,-0.0512228243600527,0.004486436824586617,-0.0336423792331873
59.28,0.012102297737895985,-0.05428891508130566,0.00535998753987325,-0.037798566170776746
59.29,0.012848603455909104,-0.05734699370349107,0.00622971325398955,-0.0419024483578359
59.300000000000004,0.013589148557396237,-0.060397525801496973,0.007095204279375226,-0.04595311661094334
59.31,0.01432362695095871,-0.0634409596479749,0.00795605625782683,-0.049949768838627485
59.32,0.015051733234891632,-0.06647772196600775,0.008811870239502091,-0.05389170558654087
59.33,0.015773162656739774,-0.06950821382741872,0.009662252751709365,-0.05777832554579664
59.34,0.01648761107547911,-0.07253280670324341,0.010506815857931916,-0.06160912104232081
59.35,0.017194774926718146,-0.07555183867215295,0.011345177207537588,-0.06538367352372271
59.36,0.017894351191289893,-0.07856561079189371,0.012176960076625306,-0.06910164905881518
59.370000000000005,0.018586037367594996,-0.08157438363786682,0.013001793400457855,-0.07276279386357769
59.38,0.01926953144803931,-0.08457837394164727,0.01381931179792822,-0.07636692985958159
59.39,0.01994453188982312,-0.08757807784029908,0.014629155588448309,-0.07991395203691615
59.4,0.02061073747759306,-0.09057707794235673,0.01543097080121208,-0.08340383689117925
59.410000000000004,0.021267847080209165,-0.09357727926532508,0.016224409177778842,-0.08683659914910355
59.42,0.021915559488042607,-0.09657869622058014,0.0170091281609244,-0.09021258419071611
59.43,0.022553573356406516,-0.09958200408396553,0.017784790849816722,-0.0935326750756301
59.44,0.023181587167588256,-0.1025874290268504,0.018551065924530926,-0.09679767642575836
59.45,0.023799299210491533,-0.10559492439925688,0.019307627568604557,-0.10000823764206015
59.46,0.0244064075921018,-0.10860413678761363,0.020054155405232664,-0.1031648647992755
59.47,0.025002610273694346,-0.11161457573470444,0.020790334443356224,-0.10626807222252155
59.480000000000004,0.02558760512671286,-0.11462552794018996,0.021515855029917288,-0.10931825309822925
59.49,0.02616109000530696,-0.11763618324494818,0.022230412805108433,-0.11231589229072986
59.5,0.02672276283334817,-0.12064555808590055,0.02293370865854848,-0.11526137569226506
59.51,0.027272321707156072,-0.12365249751391019,0.023625448691040066,-0.11815500820245567
59.52,0.02780946501137241,-0.12665580338956736,0.024305344176442967,-0.12099728410900087
59.53,0.028333891545481243,-0.1296541090155003,0.02497311151976436,-0.1237885693332466
59.54,0.028845300663616742,-0.13264591187453773,0.025628472219848403,-0.1265291651978352
59.550000000000004,0.029343392427465007,-0.13562960761362092,0.026271152837166755,-0.12921939349569467
59.56,0.029827867769358425,-0.13860350853832012,0.026900884959480433,-0.13185965383578288
59.57,0.030298428664553324,-0.1415658245957387,0.027517405163706977,-0.13445033148840388
59.58,0.0307547783137125,-0.1445146486658154,0.028120454979582772,-0.1369917270244901
59.59,0.031196621335907636,-0.14744798244857182,0.02870978085806234,-0.1394841324971661
59.6,0.03162366397096497,-0.1503637421368394,0.029285134142040502,-0.14192783282354746
59.61,0.0320356142902111,-0.15325976330530489,0.029846271037902456,-0.14432310328010978
59.620000000000005,0.032432182415054855,-0.1561338075374435,0.03039295258781499,-0.1466702154483257
59.63,0.032813080742544076,-0.15898357642124694,0.03092494464101436,-0.14896948584326436
59.64,0.03317802417734609,-0.16180670248989787,0.031442017824375154,-0.15122118514040317
59.65,0.03352673037019187,-0.16460075358784387,0.03194394751596172,-0.15342553232270922
59.660000000000004,0.03385891996233807,-0.167363246399408,0.03243051382227777,-0.15558273890487864
59.67,0.03417431683515562,-0.17009165071205373,0.032901501557456095,-0.1576929989044953
59.68,0.03447264838748821,-0.17278264032079388,0.03335670022248021,-0.1597565384173101
59.69,0.03475364593185608,-0.1754303382279449,0.03379590397904164,-0.1617737175358336
59.7,0.035017045285714025,-0.1780271360822971,0.034218911613528476,-0.1637449813736219
59.71,0.03526258751122425,-0.18056501379376189,0.03462552649402296,-0.16567077998353893
59.72,0.035490019707799345,-0.18303600472712547,0.0350155565260698,-0.1675515412336658
59.730000000000004,0.035699095813962335,-0.1854320139650075,0.03538881410958465,-0.16938768875489502
59.74,0.03588957739672211,-0.18774551702405076,0.035745116097220066,-0.1711796203602987
59.75,0.03606123441639181,-0.18996894933059288,0.036084283755266205,-0.172927696201335
59.76,0.036213845964823195,-0.19209530155559057,0.036406142728929954,-0.17463221177360644
59.77,0.03634720096420576,-0.19411797481351745,0.036710523012620754,-0.17629342825169023
59.78,0.036461098834499606,-0.19603036964444487,0.036997258923707595,-0.1779115910171675
59.79,0.03655535012103584,-0.19782691052610135,0.03726618907996792,-0.17948687345805958
59.800000000000004,0.03662977707602339,-0.19950187290689453,0.03751715638101328,-0.18101944577346207
59.81,0.03668421420750793,-0.20105016534561082,0.0377500079927762,-0.18250943052378865
59.82,0.03671850878696798,-0.2024671145264615,0.03796459535503511,-0.18395628244638967
59.83,0.036732521339171986,-0.2037475438651139,0.03816077427834932,-0.185357658695248
59.84,0.03672612613409045,-0.20488674425488088,0.03833840517283988,-0.18671024842957287
59.85,0.03669921166241502,-0.2058801086567699,0.03849735338321879,-0.18800999784000846
59.86,0.036651681081575425,-0.20672352011093917,0.038637489581957125,-0.1892527779311832
59.870000000000005,0.03658345262339688,-0.20741325178733389,0.03875869019669494,-0.19043394632215307
59.88,0.036494459957485396,-0.20794607030880755,0.038860837875193115,-0.19154851403832326
59.89,0.0363846524912755,-0.20831975255970897,0.03894382195764353,-0.19259213701587924
59.9,0.03625399560734531,-0.2085321731199321,0.03900753895077919,-0.19355960303041522
59.910000000000004,0.03610247087211451,-0.20858132820998881,0.03905189304038491,-0.1944454322142872
59.92,0.03593007621616975,-0.20846587321599808,0.039076796593232675,-0.195245471419848
59.93,0.03573682607964156,-0.208184461072856,0.03908217061987528,-0.19595488438410488
59.94,0.035522751553354825,-0.20773546146736396,0.039067945293447974,-0.1965672642055492
59.95,0.03528790049805274,-0.2071184071668915,0.039034060468113294,-0.1970791659075038
59.96,0.035032337616861274,-0.20633266419287963,0.038980466118664195,-0.19748596525374024
59.97,0.03475614452090513,-0.20537734096457672,0.03890712282458642,-0.1977815888459987
59.980000000000004,0.03445941978025786,-0.20425253815568817,0.038814002273016415,-0.19796242457672694
59.99,0.034142278928750235,-0.2029584273281176,0.03870108768094044,-0.19802446640190077
60.0,0.033804854449162244,-0.20149506587300475,0.03856837421770841,-0.19796275323491977
60.01,0.03344729574539875,-0.19986306889854755,0.03841586944681391,-0.19777348003414233
60.02,0.03306976907859719,-0.19806340011310153,0.03824359371324492,-0.1974533668549484
60.03,0.032672457474251904,-0.1960970470438711,0.03805158049648702,-0.19699866660379672
60.04,0.032255560609783816,-0.19396536907468734,0.03783987675651703,-0.1964062706876861
60.050000000000004,0.031819294671433546,-0.19167010919673402,0.03760854323593263,-0.1956737690667415
60.06,0.03136389217983083,-0.18921317368431248,0.03735765471391273,-0.19479878601660167
60.07,0.03088960178652405,-0.1865969032382184,0.0370873002167645,-0.19377985038162018
60.08,0.030396688035207273,-0.18382398342668343,0.03679758316302246,-0.19261614216645206
60.09,0.029885431082099193,-0.18089759443824643,0.03648862142315126,-0.19130798733440346
60.1,0.02935612636787142,-0.17782147552987365,0.03616054726729246,-0.18985708880864768
60.11,0.028809084245820953,-0.17459957425056197,0.03581350721288152,-0.18826545700288647
60.120000000000005,0.028244629584188725,-0.17123598642218768,0.03544766182540615,-0.18653524715588413
60.13,0.027663101352301704,-0.16773496297875135,0.035063185500015984,-0.18466880626109522
60.14,0.027064852191990223,-0.16410089062812663,0.03466026622597013,-0.1826686377088185
60.15,0.026450247975297686,-0.16033828550523904,0.03423910533457973,-0.18053740652512848
60.160000000000004,0.025819667349582208,-0.1564517802777025,0.03379991723156655,-0.17827792377148524
60.17,0.02517350127107298,-0.15244611452795015,0.033342929114677934,-0.17589314090064845
60.18,0.024512152527962995,-0.14832612355239827,0.03286838067748515,-0.17338613873807024
60.19,0.023836035254097315,-0.14409672805794002,0.03237652380028757,-0.17076011882801073
60.2,0.023145574434327246,-0.1397629235626685,0.03186762222907833,-0.16801839334546878
60.21,0.022441205402567267,-0.13532977014200448,0.03134195124353571,-0.16516437554534422
60.22,0.021723373333593227,-0.13080238224075638,0.03079979731501704,-0.16220156983331724
60.230000000000004,0.020992532729597575,-0.12618591872912532,0.030241457755535772,-0.15913356198541787
60.24,0.020249146902496077,-0.12148557314845582,0.029667240358704022,-0.15596400931993995
60.25,0.019493687452959096,-0.11670656420557447,0.029077463033618925,-0.15269663098483563
60.26,0.018726633747117367,-0.11185412651477747,0.028472453432663008,-0.14933519834124317
60.27,0.017948472391871105,-0.10693350161340989,0.027852548574176746,-0.1458835255120299
60.28,0.01715969670969025,-0.10194992926032312,0.02721809446094644,-0.14234546011675503
60.29,0.016360806213782438,-0.09690863903212217,0.026569445695429836,-0.13872487423455535
60.300000000000004,0.015552306084460787,-0.09181484222624506,0.025906965092620127,-0.1350256556225497
60.31,0.01473470664751967,-0.08667372408032194,0.025231023291422693,-0.13125169922024565
60.32,0.013908522855397497,-0.08149043631424366,0.024541998365389697,-0.12740689896480417
60.33,0.013074273771860396,-0.07627009000063795,0.02384027543362766,-0.1234951399405043
60.34,0.012232482060925684,-0.07101774876715809,0.023126246272657826,-0.11952029088217388
60.35,0.011383673480693886,-0.06573842233294663,0.02240030892997525,-0.11548619704974507
60.36,0.01052837638273455,-0.060437060380015596,0.02166286734001436,-0.11139667348804354
60.370000000000005,0.009667121217636037,-0.055118546758821996,0.0209143309431902,-0.10725549868315751
60.38,0.008800440047291146,-0.04978769402618299,0.020155114308645673,-0.10306640862388863
60.39,0.007928866064461087,-0.044449238312292305,0.019385636761293644,-0.09883309127414337
60.4,0.007052933120129648,-0.03910783451252476,0.018606322013702086,-0.09455918145949087
60.410000000000004,0.006173175259120814,-0.03376805179867147,0.01781759780332927,-0.09024825616866651
60.42,0.005290126264422019,-0.028434369443213085,0.0170198955355745,-0.0859038302684554
60.43,0.004404319210632705,-0.02311117294954461,0.016213649933068203,-0.08152935262818439
60.44,0.003516286026912506,-0.017802750480292083,0.015399298691585083,-0.07712820264800468
60.45,0.0026265570697867006,-0.012513289575222014,0.014577282142923228,-0.07270368718326178
60.46,0.001735660706130166,-0.007246874150008481,0.01374804292505281,-0.06825903785550726
60.47,0.0008441229066255901,-0.002007481766566784,0.012912025659799571,-0.06379740873914039
60.480000000000004,-4.7533150036960104e-05,0.003201018834289483,0.012069676638290788,-0.05932187441127697
60.49,-0.0009387874619750397,0.008374869947372528,0.011221443514355276,-0.05483542835118706
60.5,-0.0018291235777292822,0.013510426874151042,0.01036777500603435,-0.050340981674592486
60.51,-0.0027180289584854164,0.018604159659650628,0.009509120605327218,-0.04584136218719374
60.52,-0.0036049953287361765,0.023652654604269727,0.008645930296262762,-0.04133931374105526
60.53,-0.004489519015232337,0.028652615559557927,0.0077786542813591516,-0.03683749587689059
60.54,-0.005371101274103948,0.03360086501656867,0.0069077427165050425,-0.032338483734841085
60.550000000000004,-0.006249248606043216,0.03849434499542172,0.006033645454268856,-0.027844768216066504
60.56,-0.0071234730594672375,0.04333011774424452,0.005156811795617985,-0.02335875637728582
60.57,-0.007993292521593922,0.048105366255875456,0.004277690250006701,-0.018882772040412568
60.58,-0.008858230997386045,0.052817394610047905,0.0033967283037704137,-0.014419056599491222
60.59,-0.009717818876332222,0.05746362814927834,0.0025143721967438018,-0.009969770007394756
60.6,-0.010571593187052211,0.06204161349605743,0.0016310667070032663,-0.005536991924998441
60.61,-0.01141909783973126,0.0665490184192942,0.0007472549436176902,-0.001122723015991004
60.620000000000005,-0.01225988385639613,0.07098363155769226,-0.0001366218527230321,0.003271113629051193
60.63,-0.01309350958907345,0.0753433620077322,-0.0010201245013444695,0.007642670955162088
60.64,-0.013919540925867937,0.07962623878401172,-0.001902816065643572,0.011990176307281294
60.65,-0.014737551485021913,0.0838304101594134,-0.0027842620297281484,0.016311929710899092
60.660000000000004,-0.015547122797027852,0.0879541428925559,-0.0036640304678117277,0.02060630208295469
60.67,-0.01634784447487272,0.09199582134989542,-0.004541692206543107,0.024871733386111403
60.68,-0.017139314372507833,0.09595394652942413,-0.005416820980455015,0.02910673073887326
60.69,-0.01792113873164319,0.09982713499296954,-0.0062889935807208955,0.03330986649317059
60.7,-0.018692932316980736,0.10361411771350768,-0.007157789997411558,0.03747977629035398
60.71,-0.019454318540002215,0.10731373884377748,-0.008022793555446122,0.041615157105719135
60.72,-0.020204929571440496,0.11092495441221704,-0.008883591044432053,0.04571476529098092
60.730000000000004,-0.02094440644256482,0.11444683095156562,-0.00973977284258998,0.049777414623327215
60.74,-0.021672399135427234,0.11787854406566817,-0.010590933034957244,0.05380197436894902
60.75,-0.022388566662208984,0.12121937693910063,-0.011436669526063904,0.057787367368245746
60.76,-0.02309257713382439,0.12446871879446211,-0.012276584147271475,0.06173256814916093
60.77,-0.02378410781793842,0.12762606330156911,-0.013110282758962526,0.06563660107443206
60.78,-0.02446284518655811,0.1306910069426305,-0.013937375347765896,0.06949853852786965
60.79,-0.025128484953367135,0.13366324733734955,-0.014757476118997654,0.07331749914412253
60.800000000000004,-0.025780732100971586,0.13654258153153098,-0.015570203584494489,0.07709264608577174
60.81,-0.026419300900562208,0.13932882872146815,-0.016375180645997786,0.08082318579207508
60.82,-0.027043914992733155,0.14201972662160006,-0.017172034673773297,0.08450838142996324
60.83,-0.027654307582118513,0.1446126327726515,-0.017960397579932955,0.08814755027161734
60.84,-0.02825022162467294,0.14710707080858726,-0.018739905888502977,0.09173999339761879
60.85,-0.028831409908448197,0.14950279023725743,-0.019510200820999597,0.09528450086090183
60.86,-0.029397635078329605,0.151799610856708,-0.02027092840970789,0.09877979278844687
60.870000000000005,-0.02994866963697064,0.15399786572875082,-0.021021739615286528,0.10222488805246611
60.88,-0.030484295914714066,0.1560980266079746,-0.021762290430672654,0.10561881607570031
60.89,-0.031004306010946777,0.1581009416363201,-0.022492241968994253,0.10896091618171354
60.9,-0.031508501711301436,0.16000755238272069,-0.02321126053774526,0.11225046999106895
60.910000000000004,-0.0319966943858241,0.16181902860529657,-0.023919017703996688,0.11548694332831809
60.92,-0.03246870486772695,0.16353674646208866,-0.024615190347242303,0.11866994464319924
60.93,-0.032924363316559395,0.16516211359022814,-0.0252994607060021,0.1217989382770582
60.94,-0.03336350906867172,0.1666967695572194,-0.025971516420760666,0.1248736463424518
60.95,-0.033785990471147206,0.16814250105999773,-0.0266310505639495,0.12789389026722287
60.96,-0.03419166470293743,0.16950112888982904,-0.027277761664737415,0.13085933554939136
60.97,-0.03458039758719926,0.1707746135908129,-0.027911353735630036,0.13376977465284365
60.980000000000004,-0.03495206339186814,0.17196505477471957,-0.028531536291347536,0.13662514656066296
60.99,-0.03530654461799815,0.17307464010494567,-0.029138024357147373,0.1394254162579302
61.0,-0.035643731778686794,0.17410563606060145,-0.029730538472517772,0.14217056303663272
61.01,-0.0359635231710519,0.1750603557263471,-0.03030880469598365,0.14486049026132686
61.02,-0.0362658246416505,0.17594120392233026,-0.030872554609803367,0.14749521674379665
61.03,-0.03655054934412394,0.1767506647594158,-0.03142152531754967,0.15007485537529974
61.04,-0.036817617489718915,0.17749127151770372,-0.031955459434434424,0.15259952942752666
61.050000000000004,-0.03706695609244069,0.1781656059463872,-0.03247410507420064,0.1550693962514682
61.06,-0.03729849870982715,0.17877628697522513,-0.03297721583351338,0.15748463269097396
61.07,-0.037512185180224956,0.17932596054755373,-0.033464550774704595,0.15984541557339765
61.08,-0.037707961357728075,0.17981728583617046,-0.03393587440913901,0.16215188875063108
61.09,-0.03788577884886862,0.18025283154307037,-0.034390956679488535,0.16440428377604602
61.1,-0.038045594805010255,0.18063350183816088,-0.03482957293376777,0.16660297959341883
61.11,-0.03818737186990995,0.1809578972869859,-0.035251503886045595,0.16874849468865566
61.120000000000005,-0.03831107829972006,0.18122378437909759,-0.03565653556527276,0.1708414148211673
61.13,-0.03841668818367176,0.18142847927007508,-0.03604445925700561,0.1728823587193801
61.14,-0.03850418169713223,0.18156950723814796,-0.03641507144229338,0.17487194089830455
61.15,-0.038573545364544985,0.18164403152240932,-0.03676817373533493,0.17681080101755006
61.160000000000004,-0.03862477231457297,0.18164991789369417,-0.037103572821170806,0.17869953969649105
61.17,-0.038657862524461094,0.18158449387677178,-0.03742108039413775,0.18053877883609265
61.18,-0.038672823050427095,0.1814459561496089,-0.037720513098513236,0.18232905992027912
61.19,-0.03866966823067997,0.18123234730771487,-0.03800169247155055,0.18407096157763428
61.2,-0.03864841987670393,0.18094178488345783,-0.038264444886025886,0.18576506994123326
61.21,-0.03860910743685301,0.1805732663211434,-0.038508601493700216,0.18741190544434014
61.22,-0.038551768131330995,0.18012526443275284,-0.03873399817112233,0.18901201268359274
61.230000000000004,-0.03847644708058516,0.17959674595408723,-0.038940475491427845,0.1905650970456278
61.24,-0.038383197430715256,0.17898632345465076,-0.03912787879463993,0.19206899946467068
61.25,-0.03827208049608328,0.17829230594284368,-0.03929605839603491,0.19352060756311815
61.26,-0.03814316591300454,0.17751335871942475,-0.03944486990538601,0.19491593485318756
61.27,-0.03799653177907334,0.17664823985020095,-0.03957417461352739,0.19625082213288525
61.28,-0.037832264773939396,0.17569593482008503,-0.039683839927967215,0.19752035657567538
61.29,-0.03765046025682581,0.17465576226674395,-0.03977373985876873,0.1987193127945873
61.300000000000004,-0.03745122231966721,0.17352780258446163,-0.0398437555206239,0.19984292299785525
61.31,-0.03723466379010229,0.1723123310550469,-0.039893775661951236,0.20088501152839086
61.32,-0.03700090620466086,0.17100979093092816,-0.0399236972492829,0.20183957095250193
61.33,-0.03675007975553637,0.16962109022075234,-0.039933426031384264,0.20270188218308346
61.34,-0.03648232323401597,0.1681463965160881,-0.03992287711356842,0.20346472658964865
61.35,-0.03619778399111506,0.16658620904637084,-0.03989197560272279,0.2041217690735868
61.36,-0.03589661787695456,0.1649416602752005,-0.039840657201754726,0.2046684993544568
61.370000000000005,-0.03557898917400664,0.16321285762469118,-0.039768868798764345,0.20509709269116694
61.38,-0.0352450705485371,0.16140055518940621,-0.0396765691246055,0.20540164371552538
61.39,-0.034895042981547976,0.15950579400159118,-0.03956372935577789,0.20557706848917154
61.4,-0.034529095689608234,0.15752907077396716,-0.039430333692819855,0.20561653409122765
61.410000000000004,-0.03414742605501871,0.15547126810817424,-0.039276379972433904,0.2055143872514015
61.42,-0.03375023954142393,0.1533334718674781,-0.03910188023636634,0.20526560771391153
61.43,-0.03333774959726312,0.1511165901610253,-0.03890686126211283,0.20486464425444892
61.44,-0.03291017755535606,0.14882181110194978,-0.03869136507889976,0.2043068671046391
61.45,-0.03246775251683242,0.14645049582372244,-0.038455449429819454,0.203588256628796
61.46,-0.03201071121805706,0.1440041001016732,-0.03819918817363926,0.20270518185646103
61.47,-0.031539297879408526,0.14148440512910698,-0.03792267162051935,0.20165514087895495
61.480000000000004,-0.031053764023871,0.1388935880375048,-0.0376260067621118,0.20043699869176235
61.49,-0.030554368251537456,0.13623441152250543,-0.03730931735099582,0.19905159227769148
61.5,-0.030041375970354008,0.13350986397161346,-0.03697274382898789,0.19750062525947829
61.51,-0.02951505910389503,0.1307229403377192,-0.03661644316744044,0.19578600432011237
61.52,-0.02897569579306439,0.12787667596603328,-0.03624058867033732,0.19390996212790673
61.53,-0.028423570095267792,0.1249741177726173,-0.0358453697494588,0.1918749849161361
61.54,-0.027858971681728028,0.12201832677671086,-0.03543099167202236,0.1896838365369263
61.550000000000004,-0.027282195533792495,0.11901236492811373,-0.03499767528183626,0.187339532724959
61.56,-0.026693541638992627,0.11595928981408148,-0.03454565669483275,0.18484533880813983
61.57,-0.02609331468765201,0.11286214551168838,-0.034075186970077456,0.18220475433339944
61.58,-0.025481823770821373,0.10972395550472877,-0.0335865317573701,0.17942150298413023
61.59,-0.024859382080305716,0.1065477147621503,-0.03307997092266729,0.17649951871039998
61.6,-0.02422630661154074,0.10333638248048786,-0.032555798152612114,0.17344293273155015
61.61,-0.023582917870053316,0.10009287479167897,-0.03201432053952935,0.1702560592040216
61.620000000000005,-0.022929539582220215,0.09682005783412487,-0.03145585814829639,0.16694338078580692
61.63,-0.022266498411020783,0.09352074103582504,-0.03088074356654949,0.163509533611516
61.64,-0.021594123677442446,0.0901976707296565,-0.030289321439723182,0.15995929205256582
61.65,-0.02091274708817479,0.08685352408272717,-0.029681947992451062,0.15629755320679461
61.660000000000004,-0.02022270247019312,0.08349090338771506,-0.029058990537876944,0.15252932127610075
61.67,-0.019524325512795884,0.08011233072755503,-0.028420826976438697,0.14865969188156788
61.68,-0.018817953517624837,0.07672024303970548,-0.02776784528569047,0.14469383641710604
61.690000000000005,-0.018103925157152864,0.07331698759482244,-0.027100443002725835,0.14063698651290457
61.7,-0.017382580242088743,0.06990481790642983,-0.0264190267007514,0.13649441869002554
61.71,-0.016654259498100454,0.06648589008322417,-0.025724011461341262,0.132271439276815
61.72,-0.015919304352217025,0.0630622596338568,-0.02501582034387557,0.12797336965681375
61.730000000000004,-0.015178056729222511,0.05963587873095953,-0.02429488385363276,0.12360553191138135
61.74,-0.014430858858308868,0.05620859393833524,-0.02356163940996501,0.11917323491605068
61.75,-0.013678053090213404,0.05278214440279031,-0.022816530815940362,0.11468176094383459
61.76,-0.01291998172501356,0.049358160509271776,-0.022060007730784276,0.1101363528234374
61.77,-0.012156986850710172,0.0459381629956883,-0.021292525146396863,0.10554220169453449
61.78,-0.011389410192681672,0.04252356252130787,-0.020514542869163026,0.1009044353966593
61.79,-0.010617592974051153,0.039115659680548455,-0.019726525008207842,0.09622810752247955
61.800000000000004,-0.009841875786957669,0.03571564545187631,-0.018928939471184226,0.09151818716060185
61.81,-0.009062598474685329,0.0323246020697293,-0.01812225746860986,0.0867795493474876
61.82,-0.008280100024558276,0.02894350430558431,-0.01730695302769978,0.08201696624265965
61.83,-0.007494718471472131,0.025573221142842918,-0.016483502516568976,0.07723509903616706
61.84,-0.006706790811889243,0.022214517828570285,-0.015652384179605478,0.07243849059232658
61.85,-0.00591665292809124,0.01886805828427441,-0.014814077684741687,0.06763155882900858
61.86,-0.005124639522447491,0.015534407856169712,-0.013969063683277395,0.0628185908273805
61.870000000000005,-0.00433108406141856,0.012214036385024747,-0.013117823382836066,0.05800373766287222
61.88,-0.0035363187289907685,0.008907321574200665,-0.012260838133963161,0.05319100994440844
61.89,-0.0027406743891989615,0.005614552634239312,-0.011398589030805296,0.0483842740454929
61.9,-0.0019444805573777773,0.00233593418132229,-0.010531556526239723,0.043587249007700155
61.910000000000004,-0.0011480653797464025,-0.00092840963322517,-0.009660220061756984,0.038803504094386244
61.92,-0.00035175562091568224,-0.004178430785861894,-0.008785057712334786,0.03403645697007916
61.93,0.00044412334111526206,-0.007414152859559674,-0.007906545846478607,0.029289372478965174
61.940000000000005,0.0012392475129263372,-0.010635666362170379,-0.007025158801545627,0.024565361994242096
61.95,0.0020332942770728067,-0.013843123907591619,-0.006141368574411094,0.019867383308690124
61.96,0.002825942377393575,-0.017036735283253175,-0.005255644527483103,0.015198241035799188
61.97,0.0036168718987228195,-0.020216762426520755,-0.004368453110020738,0.010560587490002136
61.980000000000004,0.004405764241502141,-0.023383514332264915,-0.0034802575946628112,0.005956924014066471
61.99,0.005192302091807342,-0.026537341913192965,-0.002591517829030821,0.0013896027214882615
62.0,0.005976169387292689,-0.0296786328334254,-0.0017026900022273836,-0.0031391713783067076
62.01,0.0067570512795764376,-0.032807806335205546,-0.0008142264260149781,-0.00762733790390089
62.02,0.007534634093572667,-0.03592530807723973,7.342466957642883e-05,-0.012072978306512674
62.03,0.008308605284290544,-0.03903160500237529,0.00095981932649472,-0.016474312786273305
62.04,0.009078653391604536,-0.042127180250955326,0.001844518035075086,-0.02082969695034836
62.050000000000004,0.009844467993507022,-0.04521252813514952,0.0027270858969495825,-0.025137618242240003
62.06,0.010605739658335918,-0.048288149188440106,0.003607092774816173,-0.029396692170552716
62.07,0.011362159896475285,-0.05135454530318728,0.0044841134294454485,-0.033605658364445574
62.08,0.01211342111200412,-0.05441221496829569,0.005357727644321455,-0.037763376481739816
62.09,0.012859216554773387,-0.057461648617843294,0.006227520338326036,-0.041868821994431024
62.1,0.013599240273364427,-0.060503324100552744,0.007093081666889961,-0.04592108187499857
62.11,0.014333187069385968,-0.0635377022792286,0.007954007112041896,-0.049919350205564254
62.120000000000005,0.015060752453536205,-0.06656522276817534,0.008809897561795482,-0.05386292373056268
62.13,0.01578163260386137,-0.06958629981599741,0.009660359379318946,-0.05775119737219702
62.14,0.016495524326610403,-0.07260131834027783,0.010505004462336173,-0.061583659726552484
62.15,0.017202125020081952,-0.0756106301199646,0.011343450293209224,-0.06535988855687767
62.160000000000004,0.017901132641840487,-0.078614550150095,0.012175319980152886,-0.06907954629915553
62.17,0.018592245679658476,-0.081613353123908,0.01300024229003051,-0.07274237559137886
62.18,0.019275163126547423,-0.08460726973128568,0.013817851673179055,-0.076348194789622
62.190000000000005,0.019949584454285428,-0.08759667583075134,0.01462778828068535,-0.07989689433943412
62.2,0.020615209488276807,-0.0905849413968916,0.015429697974061928,-0.08338844698065254
62.21,0.02127173816786548,-0.09357427229324067,0.016223232328126176,-0.08682286691869787
62.22,0.02191887037121265,-0.09656473876621058,0.017008048622452785,-0.0902004185943422
62.230000000000004,0.022556305851495838,-0.09955696846872501,0.017783809801306057,-0.09352196077334075
62.24,0.023183744197047315,-0.10255128879937689,0.0185501843995859,-0.09678834242171273
62.25,0.023800884806167953,-0.10554767789882377,0.019306846463177534,-0.10000022899964502
62.26,0.024407426894196175,-0.10854582016653919,0.02005347548337322,-0.10315812997296477
62.27,0.025003069526375883,-0.11154525708606483,0.020789756341938553,-0.10626257706436107
62.28,0.02558751167054498,-0.11454530349404637,0.021515379262362962,-0.10931396599509773
62.29,0.026160452266968122,-0.1175451714790879,0.022230039764678126,-0.11231278039532726
62.300000000000004,0.02672159031284567,-0.12054390536096188,0.022933438621387692,-0.11525941445497197
62.31,0.027270624962536582,-0.12354037256591946,0.023625281818870678,-0.11815417205125317
62.32,0.027807255641096314,-0.12653339737292404,0.024305280519153184,-0.12099754705759447
62.33,0.028331182168563545,-0.12952163545821785,0.02497315101800322,-0.12378990654418387
62.34,0.028842104897567753,-0.13250360576431297,0.025628614707571305,-0.1265315518213206
62.35,0.029339724864090297,-0.13547772507532235,0.026271398044122384,-0.12922280582601478
62.36,0.029823743948436253,-0.13844232724382077,0.02690123251349028,-0.13186407304027845
62.370000000000005,0.03029386504547526,-0.14139564058041212,0.027517854592816474,-0.13445573432915706
62.38,0.03074979224524579,-0.14433577622072805,0.02812100571439844,-0.13699808812175138
62.39,0.031191231024134354,-0.14726075431784813,0.02871043223424042,-0.13949142777583862
62.4,0.031617888445436566,-0.1501685082918211,0.02928588540276335,-0.14193603783869438
62.410000000000004,0.03202947336838735,-0.15305689038280923,0.029847121336330624,-0.14433219409240572
62.42,0.03242569666508585,-0.15592367875902072,0.03039390098936103,-0.14668017327159855
62.43,0.03280627144444485,-0.1587665903907045,0.030925990125268234,-0.1489802945733006
62.440000000000005,0.03317091328270343,-0.16158327076136492,0.03144315928699181,-0.15123282226012888
62.45,0.0335193404605475,-0.16437130059587002,0.031945183770850656,-0.15343797402328907
62.46,0.03385127420631974,-0.16712820895343317,0.032431843603948025,-0.155595962456309
62.47,0.0341664389444166,-0.1698514768546362,0.03290292352333445,-0.15770698148664913
62.480000000000004,0.03446456256856818,-0.1725378849268379,0.03335821295537335,-0.15977125195351458
62.49,0.03474537682921499,-0.17518166474224844,0.03379750599003253,-0.16178912828810132
62.5,0.03500861791738114,-0.17777520565104815,0.03422060134522105,-0.16376105670301977
62.51,0.035254027203134995,-0.1803104649526191,0.03462730232377516,-0.16568748943136044
62.52,0.035481352030728816,-0.182779430215329,0.035017416768987314,-0.16756885785189102
62.53,0.035690346524313944,-0.18517397007640762,0.035390757020995776,-0.16940559533226643
62.54,0.035880772381414745,-0.18748651559757376,0.03574713987456126,-0.17119810090097365
62.550000000000004,0.036052399641766576,-0.18970946706157055,0.036086386539806906,-0.172946731694597
62.56,0.036205007428821614,-0.19183579474126328,0.03640832260756501,-0.17465178497987688
62.57,0.036338384651777994,-0.19385885094143201,0.03671277801953441,-0.17631352513249682
62.58,0.036452330675861636,-0.19577203584043107,0.03699958704183112,-0.17793219789565343
62.59,0.03654665595168205,-0.19756974960159476,0.037268588242302655,-0.17950797833396473
62.6,0.03662118259883291,-0.19924623974380867,0.03751962447180413,-0.18104103851150613
62.61,0.03667574495631453,-0.20079642827573319,0.03775254284857856,-0.18253150033940824
62.620000000000005,0.03671019009005691,-0.2022156414790463,0.03796719476346545,-0.18397889337316628
62.63,0.03672437828187974,-0.20349872447940764,0.03816343597094241,-0.18538094637514144
62.64,0.036718183520212964,-0.2046409730248812,0.03834112681281719,-0.18673435086416762
62.65,0.03669149397527294,-0.20563777021094176,0.038500132551989905,-0.18803504442246527
62.660000000000004,0.03664421244515664,-0.20648500998510022,0.038640323766785896,-0.1892788725230311
62.67,0.03657625676298979,-0.20717897153918374,0.03876157678005043,-0.19046118450314567
62.68,0.03648756015937948,-0.2077164358775781,0.03886377412608846,-0.19157695651169887
62.690000000000005,0.036378071561475864,-0.20809518562972706,0.038946805026197795,-0.19262180110554072
62.7,0.036247755830024764,-0.20831308615330069,0.039010565865540345,-0.19359050828223037
62.71,0.036096593969129925,-0.20836811079279854,0.03905496070768881,-0.19447755637704303
62.72,0.03592458330864123,-0.2082588912666169,0.03907990179983401,-0.19527875163080347
62.730000000000004,0.03573173765164649,-0.2079840652772996,0.03908531003869725,-0.1959892483928121
62.74,0.03551808741747776,-0.20754198246417144,0.03907111549132769,-0.19660261606416926
62.75,0.03528367976286395,-0.20693215551885974,0.03903725791555512,-0.19711538849068064
62.76,0.03502857865662256,-0.20615392379197653,0.03898368720234592,-0.1975229012495884
62.77,0.034752864947432474,-0.20520638183992954,0.03891036386221609,-0.19781908259847028
62.78,0.03445663641653617,-0.20408961330347541,0.03881725952910644,-0.1980003137366901
62.79,0.03414000778448559,-0.2028037635830716,0.03870435738391256,-0.19806255511661305
62.800000000000004,0.03380311069857876,-0.2013488704678691,0.03857165257914606,-0.19800083393449078
62.81,0.03344609370690515,-0.1997255370466596,0.03841915268154793,-0.19781135830447627
62.82,0.03306912219604936,-0.19793470743897654,0.03824687805930186,-0.19749083915615673
62.83,0.03267237830015645,-0.19597734565138958,0.03805486223585239,-0.1970355091502369
62.84,0.03225606079033504,-0.19385480219726747,0.03784315223626347,-0.19644228607318318
62.85,0.03182038493298805,-0.19156880300353996,0.03761180888839221,-0.1957087615855593
62.86,0.03136558231687773,-0.1891212390782658,0.037360907075994515,-0.19483256804087346
62.870000000000005,0.03089190065112071,-0.1865144392460063,0.03709053594824451,-0.193812253541988
62.88,0.030399603527560933,-0.1837510808958255,0.03680079906275562,-0.192647029429011
62.89,0.029888970141827932,-0.18083434308189866,0.0364918144416957,-0.1913372754270322
62.9,0.029360294965854516,-0.17776795314442087,0.03616371451563373,-0.1898847147402099
62.910000000000004,0.028813887377204413,-0.1745558410913245,0.03581664596900562,-0.18829136061793617
62.92,0.028250071263014417,-0.17120208591359737,0.03545076954017388,-0.18655937341553558
62.93,0.02766918460784312,-0.16771092146413807,0.03506625980259666,-0.18469110439870728
62.940000000000005,0.027071579066781117,-0.16408671764743396,0.034663304928809716,-0.18268906193803386
62.95,0.0264576195248449,-0.16033397385051512,0.03424210643788798,-0.18055591594590215
62.96,0.025827683643745998,-0.15645730620011497,0.033802878927305074,-0.1782944826503768
62.97,0.025182161397098484,-0.15246143790775996,0.033345849790035534,-0.17590771873611472
62.980000000000004,0.024521454595137687,-0.14835118812467712,0.03287125891782729,-0.17339871040463314
62.99,0.023845976400022954,-0.14413146164608376,0.03237935839156874,-0.17077066465166532
63.0,0.02315615083276698,-0.13980723834208553,0.031870412159709295,-0.1680268991836697
63.01,0.022452412272851194,-0.13538356292130166,0.03134469570569803,-0.16517083283456258
63.02,0.02173520495155098,-0.13086553476524393,0.030802495705420103,-0.16220597562250597
63.03,0.02100498243998402,-0.12625829800280353,0.03024410967561377,-0.1591359189462012
63.04,0.020262207132878563,-0.12156703177494513,0.02966984561425188,-0.15596432573827473
63.050000000000004,0.019507349729031932,-0.11679694074640114,0.02908002163386815,-0.15269492073206192
63.06,0.01874088870940737,-0.11195324586446645,0.02847496558880082,-0.149331480826013
63.07,0.017963309813792894,-0.10704117539032235,0.02785501469731354,-0.14587782561295573
63.08,0.017175105516914424,-0.10206595621248318,0.027220515159538487,-0.14233780809657345
63.09,0.016376774504874823,-0.09703280545716365,0.02657182177216596,-0.13871530563625076
63.1,0.01556882115274799,-0.09194692240458832,0.025909297540783277,-0.13501421114817766
63.11,0.014751755004141125,-0.0868134807208413,0.02523331329073824,-0.13123842459315538
63.120000000000005,0.01392609025349361,-0.08163762101147365,0.024544247277375,-0.12739184477607435
63.13,0.013092345231855233,-0.0764244437028479,0.023842484796457956,-0.12347836148043972
63.14,0.012251041896853151,-0.07117900225421772,0.02312841779556581,-0.11950184795778146
63.15,0.01140270532752223,-0.06590629670345136,0.022402444487202525,-0.11546615378912073
63.160000000000004,0.01054786322463877,-0.06061126754659856,0.021664968964334487,-0.11137509813266884
63.17,0.00968704541716653,-0.05529878995096432,0.020916400819024485,-0.10723246336911044
63.18,0.008820783375390188,-0.04997366829972922,0.0201571547647934,-0.10304198915300339
63.190000000000005,0.00794960973127696,-0.04464063106480552,0.019387650263299746,-0.09880736687616887
63.2,0.007074057806573103,-0.03930432600385005,0.01860831115588634,-0.09453223454629706
63.21,0.0061946611491131,-0.033969315675813586,0.017819565300501557,-0.09022017208156538
63.22,0.0053119530777834285,-0.028640073268948865,0.017021844214461353,-0.08587469701967808
63.230000000000004,0.0044264662365567035,-0.02332097873395844,0.016215582723476618,-0.0814992606375632
63.24,0.003538732157972128,-0.01801631521460788,0.015401218617330053,-0.07709724447588864
63.25,0.0026492808364215813,-0.012730265767248592,0.014579192312545517,-0.07267195726067278
63.26,0.0017586403115579727,-0.007466910360495506,0.01374994652235415,-0.06822663221252305
63.27,0.0008673362621261148,-0.0022302231458753447,0.012913925934222305,-0.06376442473247133
63.28,-2.4108389518113968e-05,0.002975930009945447,0.012071576895169186,-0.05928841045196156
63.29,-0.0009151738619598296,0.008147793740704234,0.01122334710506585,-0.05480158363331242
63.300000000000004,-0.0018053438881279458,0.013281725153351513,0.010369685318072109,-0.05030685590590519
63.31,-0.0026941060773598012,0.018374195567320832,0.009511041052334874,-0.04580705532242925
63.32,-0.003580952265955695,0.023421792029509284,0.008647864308039183,-0.041304925718783095
63.33,-0.004465378856079923,0.028421218613832053,0.007780605293873833,-0.03680312636062255
63.34,-0.005346887142880347,0.03336929751408403,0.006909714161943943,-0.03230423185912025
63.35,-0.006224983629722,0.03826296993873117,0.006035640751137063,-0.027810732338200046
63.36,-0.007099180331453275,0.04309929681569591,0.005158834338923967,-0.02332503383534732
63.370000000000005,-0.007968995065634449,0.047875459315618527,0.004279743401552263,-0.01884945891809687
63.38,-0.008833951731684407,0.05258875920120187,0.003398815382569559,-0.014386247498351656
63.39,-0.009693580577913724,0.05723661901086874,0.002516496469593444,-0.009937557826949748
63.4,-0.010547418456430258,0.061816582084242136,0.0016332313792274354,-0.005505467651148693
63.410000000000004,-0.011395009065920964,0.06632631243741169,0.0007494631500063258,-0.0010919755181487353
63.42,-0.012235903182323942,0.070763594495519,-0.00013436705676043943,0.0033009977917836477
63.43,-0.013069658877424497,0.07512633269042499,-0.0010178201483912975,0.00767160771845252
63.440000000000005,-0.013895841725419977,0.0794125509310196,-0.0019004592846361631,0.012018084276400515
63.45,-0.0147140249975061,0.08362039195357304,-0.002781850054046298,0.01633873032571884
63.46,-0.015523789844561873,0.08774811655981116,-0.0036615606430830984,0.020631919772910973
63.47,-0.016324725468005546,0.09179410274957456,-0.0045391619981463415,0.024896095715021525
63.480000000000004,-0.017116429278917752,0.09575684475550825,-0.005414227980707104,0.029129768539457007
63.49,-0.017898507045528072,0.09963495198620924,-0.006286335515735606,0.03333151399123226
63.5,-0.018670573029179627,0.1034271478847427,-0.007155064733616569,0.03749997121856233
63.51,-0.01943225010888315,0.10713226870839798,-0.008019999105747695,0.04163384080698703
63.52,-0.02018316989459328,0.11074926223587975,-0.008880725574017012,0.04573188281143291
63.53,-0.020922972829333628,0.11427718640726792,-0.00973683467435575,0.049792914794893714
63.54,-0.021651308280313194,0.11771520790214324,-0.010587920654562134,0.05381580988166044
63.550000000000004,-0.022367834619179044,0.1210626006607005,-0.011433581586590264,0.05779949483228835
63.56,-0.023072219291557585,0.12431874435245766,-0.012273419473495726,0.06174294814678678
63.57,-0.02376413887603765,0.12748312279687612,-0.013107040351227148,0.06564519820186092
63.58,-0.024443279132758816,0.13055532234006798,-0.013934054385449148,0.06950532142729554
63.59,-0.025109335041769938,0.13353503019127652,-0.014754075963578101,0.07332244052598594
63.6,-0.02576201083132571,0.13642203272291575,-0.015566723782208186,0.07709572274145998
63.61,-0.026401019997261983,0.13921618243214195,-0.016371620930094744,0.080824378342222
63.620000000000005,-0.027026085374439502,0.141915474807692,-0.0171683949664546,0.0845076720588593
63.63,-0.027636939323605333,0.14451708712913197,-0.017956677994008807,0.08814492509552523
63.64,-0.028233323926908645,0.14702040092575108,-0.018736106727960448,0.09173546645662797
63.65,-0.02881499107719365,0.14942523270729072,-0.019506322578576755,0.09527813599594959
63.660000000000004,-0.029381702503288493,0.15173136847835675,-0.02026697176096049,0.09877166990655346
63.67,-0.029933229772903826,0.15393908954121663,-0.021017705412100414,0.10221504739520547
63.68,-0.03046935426656915,0.1560488422566892,-0.02175817969632885,0.1056073007462257
63.690000000000005,-0.03098986712201908,0.15806145054595888,-0.022488055894041636,0.10894776391138335
63.7,-0.031494569153842564,0.1599778317248596,-0.023207000476029555,0.11223572020791188
63.71,-0.03198327075411847,0.1617991300572959,-0.023914685168971314,0.11547062704606335
63.72,-0.032455791773596226,0.1635266994651865,-0.02461078700852241,0.1186520973646803
63.730000000000004,-0.032911961387104276,0.16516192702669327,-0.025294988385792857,0.12177959778440856
63.74,-0.03335161794628276,0.16670642582262946,-0.02596697709033568,0.12485284228390806
63.75,-0.03377460881583508,0.16816196291003382,-0.02662644634034946,0.12787165671452566
63.76,-0.034180790196804464,0.1695303379589736,-0.02727309480734251,0.13083570880256462
63.77,-0.03457002694100309,0.1708134899119476,-0.027906626642552584,0.13374479046044815
63.78,-0.03494219235372597,0.17201349705435853,-0.028526751495819343,0.1365988403045031
63.79,-0.035297167984188804,0.1731325267207907,-0.029133184523898303,0.13939782456934338
63.800000000000004,-0.03563484340652152,0.17417282436825782,-0.029725646394167835,0.14214172036311482
63.81,-0.03595511599378864,0.17513668324967563,-0.03030386328950332,0.14483043155502337
63.82,-0.0362578906853714,0.17602648948054694,-0.030867566912899623,0.14746397998057417
63.83,-0.03654307974649942,0.17684470833367727,-0.03141649448487409,0.15004247916167174
63.84,-0.03681060252063197,0.17759385458242777,-0.031950388733704094,0.15256605228694903
63.85,-0.03706038517643759,0.17827649211167784,-0.032468997882306866,0.15503485685741547
63.86,-0.03729236045033657,0.17889522253134088,-0.032972075632628384,0.15744906963960412
63.870000000000005,-0.03750646738552473,0.1794526739445499,-0.033459381148601426,0.15980886060556232
63.88,-0.03770265106860508,0.1799514898888912,-0.03393067903977397,0.1621143761551567
63.89,-0.03788086236701143,0.1803942512592176,-0.03438573934349589,0.1643658510322978
63.9,-0.0380410577172355,0.18078198726517922,-0.03482433749902532,0.16656365519337504
63.910000000000004,-0.03818319906429205,0.1811133524866907,-0.03524625430874811,0.168708303046716
63.92,-0.03830725397771693,0.18138607631526552,-0.03565127588735445,0.1708003813514916
63.93,-0.03841319587406328,0.18159744040231618,-0.03603919360356285,0.17284050988743607
63.940000000000005,-0.038501004274042114,0.18174491618087374,-0.036409804018871575,0.1748293052883213
63.95,-0.03857066506997966,0.1818256281316899,-0.03676290882505205,0.17676740849871425
63.96,-0.038622170785705026,0.18183738419359172,-0.0370983147816626,0.1786554225485275
63.97,-0.03865552082545845,0.18177748133045024,-0.03741583365454699,0.18049396328719122
63.980000000000004,-0.03867072170824043,0.1816440733871641,-0.03771528215659203,0.1822835767049059
63.99,-0.03866778727478331,0.18143516230951856,-0.037996481890456915,0.18402484805433314
64.0,-0.03864673888207535,0.18114885242593154,-0.03825925929072414,0.18571836288292895
64.01,-0.038607605569518005,0.1807841045817557,-0.038503445567213364,0.1873646431772084
64.02,-0.03855042419647538,0.1803393746756563,-0.03872887665070762,0.18896423396788797
64.03,-0.03847523957127323,0.17981365968043395,-0.03893539316149107,0.19051694467104605
64.04,-0.03838210457533971,0.17920557511768245,-0.03912284047192618,0.1920206997838825
64.05,-0.03827108030476303,0.17851343932546226,-0.039291068908099504,0.19347240442755126
64.06,-0.038142236223340065,0.17773592101457653,-0.039439934066396655,0.19486807715047114
64.07000000000001,-0.03799565030160011,0.17687177596645876,-0.03956929719989787,0.196203545005386
64.08,-0.03783140913716346,0.1759200039699137,-0.03967902565438407,0.19747390125733788
64.09,-0.03764960805121457,0.17487993545446623,-0.03976899335556553,0.19867387595956784
64.1,-0.03745035113947258,0.17375169236187896,-0.039839081313856224,0.19979868126828002
64.11,-0.0372337512723242,0.17253556781821275,-0.03988917815520021,0.20084214618309798
64.12,-0.036999930066758016,0.17123199000563544,-0.03991918070732539,0.20179820821582167
64.13,-0.03674901783365892,0.1698418621266529,-0.039928994567403314,0.20266211871575288
64.14,-0.03648115352142251,0.16836536259095602,-0.03991853467829935,0.20342667891822652
64.15,-0.03619648467649283,0.16680297868907773,-0.03988772597501848,0.20408549495955486
64.16,-0.03589516738313886,0.16515584147431916,-0.03983650398245152,0.20463403097733976
64.17,-0.03557736619678894,0.16342406481218413,-0.039764815407113054,0.20506445771097628
64.18,-0.03524325409517297,0.16160840258914128,-0.03967261879625411,0.205370843163504
64.19,-0.034893012409091415,0.15970989706334143,-0.039559885142914974,0.20554807893068092
64.2,-0.03452683074313197,0.1577290462935912,-0.03942659846685034,0.20558930627838864
64.21000000000001,-0.03414490690538322,0.15566674407759867,-0.039272756428320094,0.20548887497456372
64.22,-0.03374744682232941,0.15352408022114183,-0.039098370897980635,0.20524174368601034
64.23,-0.03333466444168938,0.15130196874652507,-0.03890346848908896,0.20484234444754928
64.24,-0.03290678163111955,0.1490016139115668,-0.03868809107430722,0.20428606113350248
64.25,-0.03246402806100017,0.1466243838030485,-0.03845229624800542,0.20356885760372043
64.26,-0.03200664107009441,0.14417175340272692,-0.03819615772798938,0.20268712321909388
64.27,-0.0315348655126311,0.14164552319625312,-0.03791976568994659,0.2016383753518609
64.28,-0.03104895357466097,0.13904789932114403,-0.03762322699470124,0.20042152730268575
64.29,-0.0305491645458596,0.13638167275752328,-0.03730666526349798,0.19903746096871716
64.3,-0.030035764547874624,0.13364984538054295,-0.03697022080320703,0.19748787782638583
64.31,-0.029509026240446698,0.1308554258870863,-0.03661405044591189,0.19577468229332512
64.32000000000001,-0.028969228521723022,0.12800146354045935,-0.03623832735223862,0.19390010449379308
64.33,-0.028416656226031112,0.1250910193647947,-0.03584324078677429,0.19186662797950804
64.34,-0.02785159981977441,0.12212716863366212,-0.035428995865979696,0.1896770137290841
64.35,-0.02727435509630825,0.11911298768392264,-0.034995813279631395,0.18733427445661885
64.36,-0.02668522287055285,0.11605154859552846,-0.034543928986659256,0.18484167231888443
64.37,-0.026084508674150166,0.11294591002433169,-0.03407359388647391,0.18220270356307905
64.38,-0.025472522451933502,0.10979911009695495,-0.0335850734668992,0.17942108845450627
64.39,-0.024849578260491452,0.10661415846928181,-0.03307864742993737,0.17650075742377755
64.4,-0.024215993969569347,0.10339402904895754,-0.03255460929665175,0.17344583808370345
64.41,-0.023572090967059627,0.10014165268411696,-0.03201326599252299,0.17026064091327536
64.42,-0.022918193868288927,0.09685991021576493,-0.031454937414688015,0.16694964483768965
64.43,-0.022254630230299905,0.09355162574282655,-0.030879955982519698,0.16351748221943904
64.44,-0.02158173027179149,0.09021956021962557,-0.03028866617304338,0.15996892363430967
64.45,-0.02089982659935315,0.0868664053679886,-0.029681424042716766,0.15630886237674413
64.46000000000001,-0.02020925394059542,0.08349477795152616,-0.02905859673712096,0.15254229885294826
64.47,-0.019510348884745753,0.08010721442368779,-0.02842056199012284,0.1486743249111571
64.48,-0.018803449631233503,0.07670616597556837,-0.027767707614073888,0.1447101082099862
64.49,-0.018088895746760324,0.07329399399844816,-0.027100430982605405,0.14065487669607685
64.5,-0.017367027931297192,0.06987296597750858,-0.026419138507569273,0.13651390327230142
64.51,-0.016638187793419364,0.0664452518284318,-0.025724245111652524,0.13229249072712723
64.52,-0.015902717635332374,0.06301292068671258,-0.025016173698168342,0.12799595699476546
64.53,-0.015160960247913663,0.0595779381563984,-0.02429535461949128,0.12362962080927288
64.54,-0.01441325871603041,0.05614216402225043,-0.023562225145565444,0.11919878781157359
64.55,-0.013659956234364988,0.05270735042679314,-0.02281722893386793,0.11470873716259589
64.56,-0.01290139593391959,0.04927514051087829,-0.022060815502159308,0.11016470871044745
64.57000000000001,-0.012137920719334198,0.04584706751421831,-0.02129343970529669,0.10557189075378234
64.58,-0.011369873117104226,0.042424554329723654,-0.02051556121732527,0.10093540843788464
64.59,-0.010597595134734043,0.03900891350356217,-0.019727644020000795,0.0962603128142491
64.6,-0.009821428130825538,0.03560134767050743,-0.018930155898828693,0.09155157058881973
64.61,-0.009041712696055854,0.03220295041274402,-0.018123567947636476,0.08681405457845598
64.62,-0.00825878854495053,0.028814707527944076,-0.017308354082625675,0.08205253488985727
64.63,-0.007472994418325683,0.025437498691596904,-0.016484990566776866,0.07727167082991236
64.64,-0.006684667996228918,0.022072099496487686,-0.01565395554540839,0.07247600355153222
64.65,-0.0058941458211729325,0.018719183851467758,-0.014815728593615771,0.06766994943427547
64.66,-0.005101763231419062,0.015379326720216305,-0.013970790276245967,0.06285779419470025
64.67,-0.004307854304035655,0.012053007179821391,-0.013119621720987112,0.05804368771726051
64.68,-0.003512751807423897,0.008740611778065168,-0.012262704205083146,0.05323163959282453
64.69,-0.0027167871629745267,0.005442438167670274,-0.011400518756111892,0.0484255153484498
64.7,-0.0019202904154894695,0.0021586989948893173,-0.010533545767196421,0.04362903334901134
64.71000000000001,-0.00112359021198211,-0.0011104739803257258,-0.009662264626952478,0.03884576234853469
64.72,-0.00032701378843942965,-0.004365025556024919,-0.00878715336441062,0.03407911966675006
64.73,0.0004691130358807585,-0.00760497257523984,-0.007908688309088502,0.02933236996431621
64.74,0.0012644658570727836,-0.010830399251825707,-0.007027343766330382,0.0246086245885381
64.75,0.0020587216785929573,-0.014041452358666955,-0.006143591707973546,0.019910841459964544
64.76,0.0028515588971321807,-0.017238336301355985,-0.00525790147834761,0.015241825469253385
64.77,0.003642657282847482,-0.020421308100161597,-0.004370739515562353,0.01060422935288932
64.78,0.004431697954447835,-0.023590672302567717,-0.0034825690879916973,0.00600055501584665
64.79,0.005218363349648051,-0.026746775847725408,-0.0025938500458181205,0.0014331552690814509
64.8,0.006002337191490499,-0.029890002903650018,-0.0017050385874587558,-0.003095764050304096
64.81,0.006783304451061647,-0.033020769696782845,-0.0008165870406590843,-0.007584141608157323
64.82000000000001,0.007560951307108282,-0.03613951935260868,7.105634199699727e-05,-0.012030057783110988
64.83,0.008334965103069145,-0.03924671676500605,0.0009574475734421085,-0.0164317315881318
64.84,0.009105034302033523,-0.04234284351068093,0.0018421471086555853,-0.020787517333934524
64.85,0.00987084844012988,-0.04542839282406534,0.0027247200077049985,-0.025095901063547938
64.86,0.010632098078843723,-0.04850386464681483,0.0036047360856571197,-0.029355496786356846
64.87,0.01138847475675782,-0.051569760764950776,0.0044817700497367255,-0.03356504253874906
64.88,0.012139670941194404,-0.05462658004557049,0.005355401624128478,-0.0377233962973913
64.89,0.012885379980234708,-0.057674813784133,0.0062252156628314305,-0.041829531769825866
64.9,0.013625296055574117,-0.06071494117207314,0.007090802250988238,-0.04588253408578312
64.91,0.014359114136664831,-0.06374742489404525,0.007951756795120371,-0.04988159541126563
64.92,0.015086529936580462,-0.06677270686260765,0.008807680102708234,-0.053826010506056364
64.93,0.01580723987002419,-0.06979120409799622,0.00965817845156116,-0.057715172243904184
64.94,0.0165209410138904,-0.07280330475922163,0.010502863649424658,-0.06154856711329647
64.95,0.017227331070770124,-0.07580936433257217,0.011341353084275292,-0.06532577071528513
64.96000000000001,0.01792610833577677,-0.07880970197853114,0.012173269765753007,-0.06904644327332866
64.97,0.018616971667059248,-0.08180459698138451,0.012998242358179465,-0.07271032516485001
64.98,0.019299620460355636,-0.08479428497445027,0.013815905205611467,-0.07631723241890913
64.99,0.0199737546237781,-0.08777908994606776,0.014625898349360712,-0.07986705278478314
65.0,0.020639074460461284,-0.09076220870060517,0.015427867537910754,-0.08335975705242381
65.01,0.021295280433583055,-0.09374600372807027,0.016221464229949557,-0.08679535941243632
65.02,0.02194207298547165,-0.09673059149771213,0.0170063455871703,-0.09017408197086628
65.03,0.022579152469863518,-0.09971655249471942,0.017782174437142754,-0.09349675605701997
65.04,0.023206219111836034,-0.1027042662274838,0.018548619200985012,-0.09676424574332385
65.05,0.023822972980578914,-0.10569372291045856,0.019305353813338647,-0.09997722208633864
65.06,0.024429113994124837,-0.10868462972472084,0.02005205765620669,-0.10313619486327867
65.07000000000001,0.02502434195023067,-0.11167654774936159,0.02078841550361859,-0.10624170476378877
65.08,0.025608356577091172,-0.11466880954693419,0.021514117472456535,-0.10929414672898756
65.09,0.026180857601424096,-0.11766064243382833,0.02222885897721245,-0.1122940019293268
65.1,0.02674154483122918,-0.12065111142487561,0.022932340685849765,-0.11524167120900722
65.11,0.02729011825416976,-0.12363910040072508,0.02362426848102689,-0.11813745522927997
65.12,0.02782627814935338,-0.12662345061760116,0.024304353421978325,-0.12098184523776398
65.13,0.028349725209843073,-0.12960283741896023,0.024972311702697033,-0.12377521173522325
65.14,0.02886016067837314,-0.13257579836018804,0.02562786461446209,-0.12651785591209472
65.15,0.029357286496221425,-0.1355407688618421,0.026270738513534404,-0.12921009988776203
65.16,0.029840805462303496,-0.13849610167885096,0.026900664786678862,-0.13185234734963858
65.17,0.030310421401515252,-0.1414400442985269,0.02751737981297113,-0.13444497876597808
65.18,0.030765839343413814,-0.14437072723366623,0.028120624927687736,-0.1369882923664619
65.19,0.031206765711458292,-0.14728619006394247,0.02871014639088591,-0.13948258114697165
65.2,0.03163290852162368,-0.15018438573180903,0.02928569535814229,-0.1419281294336917
65.21000000000001,0.03204397758947842,-0.15306318600812063,0.029847027852104198,-0.1443252127713147
65.22,0.032439684745143756,-0.15592038899717411,0.03039390473454834,-0.14667411017074075
65.23,0.0328197440552704,-0.15875373117760094,0.030926091677212515,-0.14897514083285268
65.24,0.033183872051609255,-0.16156087695836654,0.031443359132366525,-0.15122856626239414
65.25,0.033531787966225024,-0.16433942621746284,0.03194548230681619,-0.15343460367314132
65.26,0.033863213972799164,-0.1670869270798524,0.03243224113938374,-0.15559346573587576
65.27,0.034177875433131645,-0.16980087936449517,0.03290342028008127,-0.15770534620548837
65.28,0.034475501166120893,-0.17247816085772527,0.033358809069628625,-0.15977046120240374
65.29,0.03475582382639999,-0.1751131189662275,0.0337982015141619,-0.16178915929670049
65.3,0.035018580479696464,-0.17769817142831848,0.034221396249970136,-0.16376188613467454
65.31,0.03526351333754339,-0.18022527765431162,0.03462819650059433,-0.1656890949292038
65.32000000000001,0.03549037055238024,-0.1826864051856676,0.03501841003224843,-0.16757121932697708
65.33,0.03569890702459772,-0.18507341047112885,0.03539184910984294,-0.1694087002842746
65.34,0.03588888519785242,-0.18737869754458913,0.035748330454372645,-0.1712019358150859
65.35,0.036060075829816254,-0.18959465614536997,0.03608767520361106,-0.172951281267958
65.36,0.03621225873515802,-0.19171424318861835,0.03640970887748366,-0.17465703653430395
65.37,0.03634522348926971,-0.1937307846787381,0.03671426134807177,-0.17631946785887748
65.38,0.03645877009989627,-0.19563768798133868,0.0370011668130006,-0.1779388215638306
65.39,0.036552709637144146,-0.19742933796865492,0.037270263772640276,-0.1795152742132437
65.4,0.036626864818053,-0.19909997086841102,0.03752139501125245,-0.18104899927965948
65.41,0.03668107055740084,-0.20064452471164834,0.0377544075812803,-0.18254011833100683
65.42,0.036715174474323556,-0.2020583370199721,0.03796915280627135,-0.18398823460417815
65.43,0.03672903737926142,-0.20333629035400533,0.03816548636541651,-0.18539116983432424
65.44,0.036722533762118315,-0.20447369690581607,0.03834326851067217,-0.18674563245179268
65.45,0.036695552265734156,-0.2054659451125912,0.03850236439772166,-0.18804756418975507
65.46000000000001,0.036647996130739977,-0.20630895052472703,0.038642644480255194,-0.18929279472467597
65.47,0.03657978360080421,-0.20699901656149966,0.03876398493952511,-0.1904766810454902
65.48,0.036490848282481426,-0.20753295653351683,0.03886626815207372,-0.19159417158709763
65.49,0.03638113944168613,-0.207908570327357,0.03894938316782351,-0.19264083545766436
65.5,0.036250622238927215,-0.20812373449436386,0.039013226189088784,-0.1936114805192604
65.51,0.03609927793845843,-0.20817641367431566,0.03905770108647593,-0.19450054044240592
65.52,0.03592710409127909,-0.20806522728777238,0.03908271990751317,-0.19530377054635148
65.53,0.03573411468320922,-0.20778881996404314,0.039088203345581,-0.19601633740024377
65.54,0.03552034027809982,-0.20734553227057956,0.03907408126221585,-0.19663177458105316
65.55,0.03528582813966052,-0.20673486559865104,0.039040293210334094,-0.19714657559840643
65.56,0.03503064230713191,-0.2059561520856764,0.03898678888007061,-0.19755605061193
65.57000000000001,0.034754863663785766,-0.2050084820583551,0.03891352858766953,-0.1978541140311993
65.58,0.03445858999022545,-0.20389193182432758,0.03882048378120226,-0.19803712572372603
65.59,0.034141935972021156,-0.20260663291157377,0.03870763746664031,-0.19810100670264255
65.6,0.033805033188292796,-0.20115261352174835,0.038574984635631526,-0.19804075994250409
65.61,0.03344803008658559,-0.1995304745583124,0.03842253271005448,-0.19785259462278673
65.62,0.03307109192124203,-0.1977411487774905,0.038250301930438456,-0.19753319632292002
65.63,0.032674400663549305,-0.19578558527540535,0.03805832571207237,-0.19707876331228694
65.64,0.0322581548920866,-0.19366513560310455,0.03784665099302629,-0.19648623070893492
65.65,0.03182256965163933,-0.19138151527379177,0.03761533853565338,-0.19575317377416276
65.66,0.03136787628094719,-0.18893660968127282,0.03736446318014698,-0.19487722533248977
65.67,0.030894322211318288,-0.18633274376396558,0.03709411405412069,-0.1938569412288231
65.68,0.03040217072921397,-0.1835725983540612,0.03680439471423386,-0.19269156528748624
65.69,0.029891700696728828,-0.180659368775603,0.03649542319824961,-0.19138155171136043
65.7,0.029363206223288082,-0.17759678115052757,0.03616733196389384,-0.18992864531632714
65.71000000000001,0.028816996295021137,-0.17438875610343324,0.03582026773185294,-0.18833485702959915
65.72,0.028253394379463618,-0.17103936416782298,0.03545439128545461,-0.18660234933320818
65.73,0.027672738014317674,-0.16755282968097168,0.03506987725176781,-0.1847334737792973
65.74,0.027075378381506223,-0.16393351300340947,0.034666913865478065,-0.1827307403428358
65.75,0.02646167986754785,-0.16018590346772799,0.03424570271622194,-0.18059682027407878
65.76,0.025832019611339657,-0.15631460690982815,0.03380645848029064,-0.17833453165808635
65.77,0.025186787040410868,-0.15232433590972871,0.03334940863755232,-0.1759468331542353
65.78,0.02452638339671751,-0.14821989873145003,0.032874793174518954,-0.17343681324713076
65.79,0.023851221253043304,-0.14400618901741175,0.03238286427448456,-0.17080768141693584
65.8,0.02316172402105654,-0.13968817525669186,0.03187388599569296,-0.16806275809624913
65.81,0.022458325452075985,-0.1352708905621749,0.031348133938501464,-0.16520546505209724
65.82000000000001,0.0217414691315601,-0.13075942253012204,0.030805894902521433,-0.16223931544423498
65.83,0.021011607968345974,-0.12615890333367036,0.030247466534718572,-0.15916790400363826
65.84,0.02026920367961918,-0.12147450000940964,0.029673156969458974,-0.1559948971766404
65.85,0.019514726272589124,-0.11671140498916407,0.029083284461482166,-0.15272402337721247
65.86,0.018748653523815387,-0.1118748268794256,0.02847817701277475,-0.1493590633386272
65.87,0.01797147045710362,-0.10696998151272803,0.02785817199430644,-0.14590384062833694
65.88,0.01718366882086833,-0.1020020832810551,0.02722361576357414,-0.14236221235025998
65.89,0.016385746565821275,-0.0969763367657781,0.026574863278880655,-0.13873806007482062
65.9,0.015578207323824082,-0.09189792867343263,0.025912277711251396,-0.135035281025151
65.91,0.014761559888708572,-0.08677202008647383,0.025236230054866558,-0.13125777954977108
65.92,0.013936317699834203,-0.08160373903585175,0.024547098736857776,-0.12740945890687236
65.93,0.013102998329123426,-0.07639817340051511,0.02384526922728645,-0.12349421338365138
65.94,0.012262122972282125,-0.07116036413784435,0.02313113365008742,-0.11951592077055971
65.95,0.011414215944877211,-0.06589529884685272,0.022405090395726267,-0.11547843520777255
65.96000000000001,0.010559804183912988,-0.06060790566524348,0.021667543736280888,-0.11138558041806167
65.97,0.009699416755507319,-0.055303047499350395,0.02091890344361979,-0.10724114333752297
65.98,0.008833584369249085,-0.04998551658537413,0.020159584411308846,-0.10304886815272807
65.99,0.00796283889976647,-0.044660029378359486,0.019390006280838888,-0.09881245075023866
66.0,0.007087712916021965,-0.03933122176494062,0.018610593072723836,-0.09453553358175304
66.01,0.006208739218800354,-0.03400364459426121,0.017821772822979122,-0.09022170094572021
66.02,0.005326450386837235,-0.028681759520866042,0.01702397722544711,-0.08587447468388887
66.03,0.004441378331997396,-0.02336993515233964,0.016217641280395843,-0.08149731028903819
66.04,0.003554053863882301,-0.018072443493962927,0.015403202949776082,-0.07709359341810418
66.05,0.002665006264220288,-0.012793456681828737,0.014581102819481056,-0.07266663680299697
66.06,0.0017747628713572381,-0.007537043995695367,0.013751783768914175,-0.06821967754965659
66.07000000000001,0.0008838486751459161,-0.002307169142232531,0.012915690648130676,-0.06375587481435896
66.08,-7.214077500932114e-06,0.0028923122004959317,0.012073269962782076,-0.05927830784481332
66.09,-0.000897906266155071,0.008057654587015833,0.01122496956705604,-0.05478997437240965
66.1,-0.0017877122692957872,0.013185224766038254,0.01037123836476902,-0.05029378934086547
66.11,-0.002676120325422386,0.018271503409276177,0.009512526018735758,-0.045792583955607
66.12,-0.0035626228826859518,0.023313086616372193,0.008649282668507877,-0.041289105037488213
66.13,-0.004446716936898934,0.028306687205113795,0.00778195865654381,-0.03678601466383854
66.14,-0.0053279043577928115,0.033249135795578075,0.006911004262843084,-0.032285890079390644
66.15,-0.0062056922034239735,0.03813738169671706,0.0060368694480519925,-0.02779122385935911
66.16,-0.007079593022642963,0.042968493603756736,0.00516000360502229,-0.023304424306746445
66.17,-0.00794912514556185,0.047739660114528855,0.00428085531878129,-0.018827816065962732
66.18,-0.008813812961971885,0.052448190072665046,0.003399872134850339,-0.014363640934923818
66.19,-0.009673187187684196,0.05709151274562041,0.0025175003358292977,-0.009914058857982747
66.2,-0.010526785118778359,0.06166717784521057,0.0016341847261463192,-0.0054811490823859724
66.21000000000001,-0.011374150873759994,0.06617285539847788,0.0007503684248561081,-0.0010669114613301835
66.22,-0.012214835623649773,0.07060633547642335,-0.000133507333644063,0.0033267321128339572
66.23,-0.0130483978100293,0.07496552778843221,-0.0010170033911250699,0.007697936161138259
66.24,-0.013874403351093663,0.07924846114971146,-0.0018996828494183904,0.012044929971568101
66.25,-0.014692425835764461,0.08345328282944645,-0.00278111124685549,0.01636601586829345
66.26,-0.01550204670593651,0.08757825778688672,-0.0036608567274271525,0.02065956741052395
66.27,-0.016302855426933435,0.09162176780266225,-0.0045384902028436785,0.024924027534182245
66.28,-0.017094449646269463,0.09558231051234957,-0.0054135855076807805,0.02915790664889875
66.29,-0.017876435340812864,0.0994584983490271,-0.006285719547802302,0.03335978070203543
66.3,-0.01864842695246179,0.10324905740136373,-0.007154472442252579,0.037528289220713065
66.31,-0.019410047512451813,0.10695282619346072,-0.008019427658814176,0.04166213334204302
66.32000000000001,-0.02016092875442143,0.11056875439230307,-0.008880172143427255,0.045760073840993065
66.33,-0.020900711216362056,0.11409590144835074,-0.00973629644366792,0.04982092916457967
66.34,-0.02162904433160239,0.11753343517452938,-0.010587394826480842,0.05384357348036204
66.35,-0.022345586508962366,0.12088063026849116,-0.01143306539036124,0.05782693474640089
66.36,-0.02305000520223306,0.12413686678265765,-0.01227291017217837,0.06176999280926214
66.37,-0.023741976969139045,0.12730162854650884,-0.013106535248829886,0.0656717775358234
66.38,-0.024421187519941108,0.1303745015449701,-0.01393355083391344,0.06953136698405854
66.39,-0.025087331755844686,0.13335517225693483,-0.014753571369597443,0.07334788561731202
66.4,-0.025740113797386492,0.1362434259573462,-0.015566215613868754,0.07712050256588918
66.41,-0.02637924700375939,0.13903911932861784,-0.016371106723326565,0.0808484300660787
66.42,-0.027004454042005355,0.1417403152170535,-0.01716787233131774,0.08453093379968055
66.43,-0.027615467070809595,0.14434418045578218,-0.017956144620858806,0.08816733604925302
66.44,-0.028212027936036183,0.14685007020934404,-0.018735560393351162,0.09175697193070935
66.45,-0.028793888261038604,0.14925781733130117,-0.019505761150287036,0.09529869918384905
66.46000000000001,-0.02936080947176958,0.15156720489621556,-0.020266393201691307,0.09879126450821471
66.47,-0.02991256279985305,0.1537785033595848,-0.02101710778239354,0.10223364402937965
66.48,-0.030448929257271124,0.15589215455614672,-0.021757561157215572,0.10562487694158412
66.49,-0.030969699581473453,0.15790897362998035,-0.022487414709384045,0.10896429803747747
66.5,-0.031474674155793546,0.1598298704653912,-0.02320633501452811,0.11225119563773714
66.51,-0.03196366291095432,0.16165597914046148,-0.023913993905907767,0.11548502714729944
66.52,-0.0324364852072147,0.16338864376856516,-0.02461006852729215,0.11866540909971295
66.53,-0.03289296970077269,0.1650292418459146,-0.02529424137914132,0.12179181192220258
66.54,-0.033332954197572824,0.16657937370826614,-0.02596620036136276,0.12486394868127343
66.55,-0.033756285490735685,0.16804079507752073,-0.026625638803392703,0.1278816481572971
66.56,-0.0341628191850249,0.16941529375319106,-0.02727225548862594,0.13084458153369022
66.57000000000001,-0.034552419512500994,0.17070479560830995,-0.027905754680563846,0.1337525420914781
66.58,-0.03492495913654593,0.17191136528746925,-0.028525846141515116,0.1366054695865748
66.59,-0.035280318943666907,0.1730371563498268,-0.029132245140767943,0.13940333212452943
66.6,-0.03561838782589786,0.17408439971198014,-0.029724672458159584,0.14214610751942208
66.61,-0.035939062456265124,0.17505537411711408,-0.030302854388814596,0.14483370169995646
66.62,-0.03624224705763516,0.17595245093844653,-0.030866522747577542,0.14746613888704901
66.63,-0.03652785316374112,0.1767780801585244,-0.03141541486621513,0.15004353395538664
66.64,-0.03679579937309407,0.1775347609697142,-0.03194927358350357,0.1525660112640963
66.65,-0.037046011097528864,0.17822504147569385,-0.03246784723198783,0.15503372946335478
66.66,-0.037278420306328004,0.1788515073204084,-0.03297088962225813,0.15744686637090663
66.67,-0.03749296526686432,0.1794167699598076,-0.03345816002590067,0.15980558976786866
66.68,-0.03768959028286382,0.17992345702222423,-0.03392942315912612,0.16211004887639868
66.69,-0.03786824543311209,0.18037414404151425,-0.03438444916478519,0.16436048086785396
66.7,-0.038028886358914535,0.18076990379508667,-0.0348230135863969,0.16655725254191964
66.71000000000001,-0.03817147420092781,0.1811094100210045,-0.03524489732951137,0.1687008771570861
66.72,-0.03829597571413432,0.18139036674407627,-0.03564988661097066,0.17079194260406624
66.73,-0.03840236349200392,0.18161002999219755,-0.03603777290056073,0.1728310699240018
66.74,-0.03849061622650019,0.18176583550320313,-0.036408352859625064,0.17481887748321853
66.75,-0.03856071897877953,0.1818548761140154,-0.03676142827840188,0.1767560077153208
66.76,-0.03861266344252732,0.18187492151504536,-0.037096806013374055,0.17864306547193518
66.77,-0.03864644819645351,0.18182323362300082,-0.037414297925741045,0.1804806636182054
66.78,-0.03866207894195199,0.18169793960001268,-0.037713720822159714,0.18226935229566424
66.79,-0.03865956871349913,0.18149699524914342,-0.03799489639717571,0.1840097216968358
66.8,-0.038638938076425336,0.18121849039271654,-0.03825765117506347,0.18570235690187697
66.81,-0.03860021529581903,0.18086134933405257,-0.038501816453004115,0.18734778191971477
66.82000000000001,-0.03854343647699906,0.18042400082790644,-0.03872722824669505,0.1889465426378637
66.83,-0.03846864569628975,0.1799054508612427,-0.03893372725692687,0.19049850935910145
66.84,-0.038375895125732674,0.17930429913900384,-0.039121158927247754,0.19200166781497927
66.85,-0.038265245175288516,0.1786188623776314,-0.03928937364090572,0.1934529386006924
66.86,-0.03813676464660747,0.17784779844445392,-0.03943822703526314,0.19484834633168865
66.87,-0.037990530872962676,0.1769898515510831,-0.03956758038767764,0.1961837151632538
66.88,-0.037826629840409944,0.17604402077040082,-0.03967730105138221,0.1974541432148734
66.89,-0.03764515628447692,0.1750096376568819,-0.03976726294331201,0.1986543352846866
66.9,-0.037446213740198415,0.17388685269346826,-0.03983734705051811,0.19977948774573995
66.91,-0.03722991454072669,0.17267596158683512,-0.03988744196225707,0.20082343011904463
66.92,-0.0369963797892135,0.17137737136411985,-0.03991744445754678,0.2017800670262792
66.93,-0.036745739307512876,0.16999197151038625,-0.03992726007515067,0.20264462682029005
66.94,-0.03647813158112363,0.1685199324009527,-0.03991680369167107,0.20340990890185087
66.95,-0.03619370372080267,0.16696172755027472,-0.03988600016935615,0.20406949300765237
66.96000000000001,-0.03589261140368799,0.16531847115965176,-0.039834784956281316,0.20461880782809846
66.97,-0.035575018808014364,0.16359026758088835,-0.039763104680840246,0.20505000855637165
66.98,-0.035241098565257804,0.161777863830304,-0.03967091781258935,0.20535715467615437
66.99,-0.034891031691882,0.15988228710523988,-0.03955819526914613,0.20553510161120883
67.0,-0.03452500751134967,0.15790402153079003,-0.039424921000126865,0.20557695638488033
67.01,-0.03414322358479532,0.155843961314109,-0.03927109260307516,0.2054770774747454
67.02,-0.03374588562651557,0.15370318477113964,-0.03909672189452636,0.2052303935587366
67.03,-0.03333320740762739,0.15148259701858313,-0.038901835444255434,0.20483131289534584
67.04,-0.032905410655304244,0.14918340617033832,-0.03868647509340684,0.20427523369603107
67.05,-0.0324627249358081,0.14680697139200682,-0.03845069841739997,0.2035580926069307
67.06,-0.03200538752025137,0.1443547756909873,-0.038194579127978814,0.20267630296708802
67.07000000000001,-0.031533643231193044,0.14182862771139498,-0.037918207406313735,0.20162740478955743
67.08,-0.031047744257750542,0.13923075522426676,-0.03762169012672697,0.20041037419636107
67.09,-0.03054794992550788,0.13656397030219392,-0.037305150926599105,0.1990261523449406
67.1,-0.030034526423292362,0.13383127765111075,-0.03696873012738404,0.1974764414874376
67.11,-0.02950774650860858,0.1310356896442751,-0.03661258457293111,0.19576314792169705
67.12,-0.02896788920758513,0.12818025945077569,-0.036236887432672935,0.19388850287296905
67.13,-0.028415239512327203,0.12526805252928402,-0.0358418279769135,0.19185499120051008
67.14,-0.02785008807635984,0.1223021489443805,-0.03542761132462404,0.18966537489315777
67.15,-0.027272730909003253,0.11928563024320092,-0.0349944581647811,0.187322667620295
67.16,-0.026683469069451973,0.11622157408105943,-0.034542604452113906,0.18483013230951767
67.17,-0.026082608361354592,0.11311304505846537,-0.03407230107835633,0.18219126585226836
67.18,-0.02547045902867819,0.10996308759138182,-0.03358381352011783,0.17940978899707097
67.19,-0.024847335453623418,0.10677471795968771,-0.03307742146460303,0.1764896325098894
67.2,-0.024213555857354824,0.10355091701272098,-0.03255341841446325,0.1734349241817916
