t_s,center_heave_m,center_heave_acc_mps2,buoy_heave_m,buoy_heave_acc_mps2
50.410000000000004,-0.03809197379101,0.17935925435210148,-0.04377220580891224,0.22426484262432436
50.42,-0.03785997122616487,0.17847383935513159,-0.043437099063362454,0.22268192496118716
50.43,-0.03761012547438787,0.1775122491112597,-0.043079746080104994,0.22096784859556023
50.44,-0.03734253299291529,0.1764741130158551,-0.04270031977676816,0.2191238134061357
50.45,-0.0370572979163893,0.17535903217118473,-0.04229900605054738,0.2171510837143984
50.46,-0.03675453209659015,0.1741666279806618,-0.04187600364934933,0.2150510378923891
50.47,-0.036434355141891174,0.17289651513783552,-0.041431524035235555,0.21282508021815844
50.480000000000004,-0.03609689445510967,0.17154835669961926,-0.04096579124169271,0.21047470070705837
50.49,-0.03574228526637413,0.1701219024914936,-0.04047904172613976,0.20800139033672851
50.5,-0.03537067065635087,0.16861704345083386,-0.03997152422238627,0.2054065853845861
50.51,-0.034982201567325524,0.16703378120853749,-0.039443499594559846,0.2026917614621711
50.52,-0.03457703680529628,0.1653721397009247,-0.03889524068738501,0.19985848448866342
50.53,-0.034155343036703305,0.16363220854128377,-0.03832703216733817,0.1969084465251174
50.54,-0.03371729477874817,0.16181416406409482,-0.037739170351258004,0.19384348653010006
50.550000000000004,-0.03326307437874446,0.1599183555594156,-0.03713196301813674,0.19066567291074032
50.56,-0.0327928719786047,0.15794527994560287,-0.03650572920024546,0.18737728259731593
50.57,-0.03230688546812596,0.15589544834531374,-0.035860798955451446,0.1839807216123896
50.58,-0.03180532043495003,0.15376936063476715,-0.035197513125327234,0.18047851653961489
50.59,-0.031288390114599364,0.15156752144829344,-0.03451622308133622,0.1768733049401307
50.6,-0.030756315340451142,0.14929043514509532,-0.033817290459856306,0.1731678316273568
50.61,-0.030209324493554103,0.14693860674545148,-0.033101086886464626,0.16936494715633416
50.620000000000005,-0.029647653452193595,0.14451254683370715,-0.032367993689917614,0.16546759830522548
50.63,-0.029071545541306452,0.14201276000229068,-0.03161840160608293,0.16147883576401956
50.64,-0.028481251482094398,0.1394397487617042,-0.030852710471887982,0.15740180594806918
50.65,-0.027877029341522336,0.13679402495476456,-0.030071328910005916,0.153239735841305
50.660000000000004,-0.02725914448074638,0.13407611978662579,-0.029274674005624876,0.14899591901564485
50.67,-0.026627869500461324,0.13128662564047705,-0.028463170977666374,0.14467367094887265
50.68,-0.025983484176976875,0.1284263233801047,-0.02763725285085203,0.14027620217723955
50.69,-0.02532627538145503,0.12549619691106637,-0.026797360136314324,0.13580660058518096
50.7,-0.024656536983307234,0.12249729603622506,-0.025943940520231506,0.13126795776255853
50.71,-0.023974569745161572,0.11943070643604241,-0.025077448553695193,0.12666339844133045
50.72,-0.0232806812132795,0.11629756001528205,-0.024198345340259688,0.1219960672911286
50.730000000000004,-0.022575185603720228,0.11309902803330463,-0.023307098221219704,0.11726912945686686
50.74,-0.02185840368432196,0.10983632326517898,-0.02240418045901784,0.11248576526622917
50.75,-0.02113066265257995,0.10651069827286047,-0.02149007091912113,0.10764916740696888
50.76,-0.020392296009459646,0.10312344561173,-0.02056525375074337,0.10276253675065904
50.77,-0.019643643429222923,0.0996758960345885,-0.019630218066782865,0.09782907874131007
50.78,-0.018885050625506484,0.09616941357622945,-0.018685457623491292,0.09285199534749974
50.79,-0.018116869213674124,0.09260540376509946,-0.017731470500588525,0.08783447712737831
50.800000000000004,-0.01733945656913926,0.08898531357972214,-0.016768758781879247,0.08277971915723546
50.81,-0.016553175681652564,0.08531062668897486,-0.015797828235913584,0.07769091505943272
50.82,-0.015758395005779142,0.08158286373707709,-0.01481918799700468,0.07257124634110182
50.83,-0.014955488307722958,0.07780357987262643,-0.013833350247298723,0.0674238809853295
50.84,-0.01414483450895099,0.07397435382056838,-0.012840829900438694,0.062251964937401684
50.85,-0.013326817526675699,0.07009680506257307,-0.011842144287092028,0.05705862812015032
50.86,-0.012501826110516845,0.06617259543676932,-0.01083781284228402,0.05184698190778734
50.870000000000005,-0.011670253675232788,0.06220341928113528,-0.009828356795356406,0.04662009241333072
50.88,-0.0108324981302425,0.058190994814813046,-0.008814298863335082,0.04138099975248645
50.89,-0.009988961706738268,0.054137058305360974,-0.007796162947033776,0.03613272626255668
50.9,-0.00914005078185504,0.05004339628401547,-0.0067744738292663835,0.030878271321198365
50.910000000000004,-0.008286175698821159,0.045911832675953564,-0.005749756875607647,0.025620599884183883
50.92,-0.0074277505844920575,0.04174418334483476,-0.004722537739866712,0.02036259394055107
50.93,-0.0065651931651884675,0.03754230734640228,-0.0036933420747184992,0.015107123513556772
50.94,-0.00569892457912076,0.033308109552889896,-0.0026626952450203756,0.00985704399623039
50.95,-0.00482936918652998,0.029043467242324983,-0.0016311220455048235,0.004615100011454416
50.96,-0.003956954378396453,0.024750318253717575,-0.0005991464244325922,-0.0006159701194282667
50.97,-0.003082110383356306,0.02043057860050102,0.00043270878749633346,-0.005833517392543857
50.980000000000004,-0.0022052700736849063,0.016086190061999232,0.0014639221418926596,-0.011034951190613181
50.99,-0.0013268687713054136,0.011719065728253514,0.002493973829875658,-0.01621777493104363
51.0,-0.0004473440525542974,0.007331187611724747,0.0035223459304098924,-0.021379591331098267
51.01,0.00043286445071719516,0.0029245638647024887,0.004548522647434502,-0.026518147178777863
51.02,0.0013133152458885754,-0.0014990184629631261,0.0055719905335222955,-0.03163133178812915
51.03,0.002193565153929107,-0.005938096713608994,0.006592238706019147,-0.036716957868501716
51.04,0.0030731694784068716,-0.010390722928632332,0.007608759069433596,-0.041772666566607844
51.050000000000004,0.003951682202093888,-0.014854625647287548,0.008621046548396509,-0.046796078885142645
51.06,0.004828656204083942,-0.019327697074417432,0.00962859932226479,-0.051784903466882685
51.07,0.0057036434733011175,-0.023807891730208523,0.010630919054368033,-0.05673689488713841
51.08,0.0065761953185777,-0.028293071498451797,0.01162751111644846,-0.06164983359963108
51.09,0.007445862585465015,-0.03278098905266002,0.012617884809947792,-0.06652153128245593
51.1,0.00831219588091184,-0.03726937618371112,0.013601553583917852,-0.07134984233113656
51.11,0.009174745805630076,-0.04175581867648186,0.01457803524901748,-0.07613265957119457
51.120000000000005,0.010033063194155806,-0.04623789943426302,0.015546852187319686,-0.0808679226084157
51.13,0.010886699359994612,-0.05071313376657854,0.016507531557743437,-0.08555361332482435
51.14,0.01173520634695423,-0.05517894577153208,0.017459605497106703,-0.09018775794195394
51.15,0.012578137185311384,-0.05963279080282603,0.018402611316605973,-0.09476843272037408
51.160000000000004,0.013415046150043321,-0.06407206453102626,0.019336091693661833,-0.09929375577235762
51.17,0.014245489023193851,-0.06849410285527245,0.02025959485930299,-0.1037618909021347
51.18,0.015069023360739151,-0.07289622833934642,0.02117267478096316,-0.10817105069545546
51.19,0.01588520876116314,-0.07727576600972252,0.022074891340508034,-0.11251949486747423
51.2,0.016693607134963727,-0.08163001376648323,0.022965810507611074,-0.11680552753238317
51.21,0.01749378297648432,-0.0859562342286206,0.02384500450859693,-0.12102749873501124
51.22,0.01828530363831906,-0.09025167879132348,0.024712051990704826,-0.12518380510721833
51.230000000000004,0.019067739607150417,-0.09451359108407273,0.025566538181714313,-0.12927288961385477
51.24,0.01984066478003454,-0.09873921790406168,0.0264080550449022,-0.13329324269876935
51.25,0.020603656740475398,-0.10292581061491714,0.02723620142934269,-0.1372434003814754
51.26,0.02135629703446293,-0.10707061028027254,0.028050583215656535,-0.14112194316785578
51.27,0.02209817144691258,-0.1111708565692069,0.028850813457272265,-0.1449274969736435
51.28,0.022828870278051715,-0.11522379760573527,0.02963651251717463,-0.14865873280919534
51.29,0.023547988619037473,-0.11922669161069717,0.030407308200152618,-0.15231436656919362
51.300000000000004,0.024255126626403802,-0.12317681094278646,0.031162835880573107,-0.15589315865198408
51.31,0.024949889795008347,-0.12707144521050515,0.03190273862571695,-0.1593939136388874
51.32,0.025631889229007748,-0.1309079089449437,0.03262666731469623,-0.16281548042782637
51.33,0.026300741910410815,-0.1346835417481835,0.033334280752985376,-0.16615675134886967
51.34,0.026956070965167774,-0.13839570455143868,0.03402524578264122,-0.1694166608814056
51.35,0.027597505926755937,-0.1420417869860988,0.034699237388290276,-0.1725941856321627
51.36,0.02822468299681252,-0.1456192125573744,0.035355938798912405,-0.17568834420519489
51.370000000000005,0.028837245302341174,-0.1491254409932577,0.03599504158545431,-0.17869819655993563
51.38,0.02943484314915851,-0.15255797182051478,0.03661624575431835,-0.18162284353218958
51.39,0.030017134272900002,-0.15591429445320235,0.037219259834553174,-0.18446149856692173
51.4,0.0305837840962776,-0.15919168426057004,0.03780380094649993,-0.18721376989120012
51.410000000000004,0.031134466001583164,-0.16238726947231383,0.03836959483932975,-0.1898795702537547
51.42,0.03166886161372351,-0.16549820746250613,0.03891637590367749,-0.19245887971679207
51.43,0.03218666108220047,-0.16852173507054968,0.03944388717483317,-0.19495168210434324
51.44,0.032687563355656875,-0.17145518182944133,0.039951880334935075,-0.19735794508661558
51.45,0.03317127644695185,-0.1742959826937472,0.040440115716784554,-0.19967760765773074
51.46,0.03363751768693183,-0.17704170883506998,0.040908362311393394,-0.2019105442330678
51.47,0.03408601396581951,-0.17969004511037318,0.04135639778026659,-0.20405659779210933
51.480000000000004,0.0345165019623704,-0.1822388014784729,0.04178400847185804,-0.20611556794713579
51.49,0.03492872836035143,-0.1846859237850498,0.0421909894425167,-0.20808719876213966
51.5,0.035322450051754384,-0.18702948828877847,0.04257714448244501,-0.20997118884097365
51.51,0.03569743432629159,-0.18926771841254753,0.04294228614704611,-0.211767170949069
51.52,0.03605345904596599,-0.19139900037916405,0.04328623579504331,-0.21347469309632341
51.53,0.03639031280599422,-0.19342180641266213,0.04360882363357258,-0.215093255437758
51.54,0.036707795089033504,-0.1953345823299726,0.043909888770120545,-0.2166222674122902
51.550000000000004,0.037005716420706124,-0.19713571777281524,0.044189279273879056,-0.21806100945130008
51.56,0.03728389852826928,-0.19882360579657762,0.04444685224731654,-0.21940869587631753
51.57,0.03754217449874967,-0.20039668612796568,0.04468247390444559,-0.2206645126618919
51.58,0.0377803889327023,-0.20185346217683767,0.044896019652171416,-0.22182763385288023
51.59,0.03799839809111942,-0.20319252634422744,0.045087374172494435,-0.22289724334198524
51.6,0.03819607003370654,-0.2044125665388572,0.04525643150395158,-0.22387254174537982
51.61,0.03837328474841547,-0.20551234340027585,0.04540309512809596,-0.22475253340920784
51.620000000000005,0.03852993427326101,-0.2064906891935541,0.04552727808453706,-0.2255356008648013
51.63,0.03866592281184721,-0.20734647816838767,0.045628903136731236,-0.22621960288357176
51.64,0.038781166841150794,-0.20807872178740028,0.04570790298003009,-0.2268022652955928
51.65,0.03887559520941425,-0.20868650497381752,0.04576422047139619,-0.22728115984724334
51.660000000000004,0.03894914922300454,-0.2091690644124297,0.045797808870300105,-0.22765382781706317
51.67,0.03900178272083325,-0.2095257494633496,0.04580863208328558,-0.22791783910706254
51.68,0.039033462135873075,-0.20975604998890995,0.04579666490818477,-0.22807074876762654
51.69,0.039044166542426414,-0.20985962020114618,0.04576189327214437,-0.2281103180552674
51.7,0.03903388768821906,-0.20983625309240153,0.045704314461492854,-0.22803425225265858
51.71,0.039002630009631264,-0.2096859609563906,0.04562393733950296,-0.2278406063285468
51.72,0.03895041062823439,-0.20940892241739711,0.04552078254455141,-0.2275275467473167
51.730000000000004,0.03887725933094577,-0.20900544063960358,0.045394882668892245,-0.22709346587558468
51.74,0.038783218537188725,-0.2084759346351116,0.04524628241490573,-0.226537053158334
51.75,0.038668343254512565,-0.20782093274075308,0.045075038723511,-0.2258572799797093
51.76,0.03853270102340602,-0.20704106500688024,0.044881220872892355,-0.22505343832653646
51.77,0.03837637185173169,-0.2061370657741885,0.04466491054300028,-0.22412523567898038
51.78,0.03819944813790781,-0.20510980273957058,0.04442620183249924,-0.22307305015890447
51.79,0.03800203458204178,-0.20396025467716247,0.04416520122164475,-0.2218976728423317
51.800000000000004,0.03778424808838988,-0.202689419174964,0.043882027498646774,-0.2205999879657104
51.81,0.03754621766271634,-0.2012983587499692,0.04357681167324769,-0.2191808806224581
51.82,0.03728808430621685,-0.1997881326243102,0.04324969688497082,-0.2176413474599399
51.83,0.03701000090498712,-0.19815990933714897,0.042900838305278306,-0.21598240318089432
51.84,0.03671213211392363,-0.1964148662940731,0.042530403033680234,-0.2142051580350765
51.85,0.03639465423522401,-0.1945542729590579,0.042138569987096815,-0.21231077640407958
51.86,0.036057755091079974,-0.19257943528973703,0.04172552978330681,-0.2103004663504945
51.870000000000005,0.03570163388998831,-0.1904917501158091,0.041291484618519024,-0.2081755216843063
51.88,0.03532650108664482,-0.18829265497242223,0.04083664813973746,-0.20593723949434378
51.89,0.034932578234642825,-0.18598369876496554,0.04036124531281329,-0.20358699624784343
51.9,0.034520097830197695,-0.18356651850675712,0.03986551228699265,-0.20112615263042077
51.910000000000004,0.034089303144413774,-0.18104291174004453,0.03934969625944437,-0.1985560443987975
51.92,0.03364044804038911,-0.1784148555759666,0.03881405534257961,-0.1958779666934773
51.93,0.03317379677585344,-0.17568440773235958,0.038258858432671794,-0.19309325328573962
51.94,0.032689623795524946,-0.1728537167718695,0.03768438507447836,-0.19020333147819216
51.95,0.03218821351444942,-0.1699250284154539,0.03709092531766996,-0.1872097193935169
51.96,0.0316698600898279,-0.1669007494268073,0.03647877956186175,-0.1841140991119173
51.97,0.031134867177153937,-0.16378347708497237,0.03584825838576728,-0.18091834649724878
51.980000000000004,0.030583547670945864,-0.16057590175472639,0.03519968236050618,-0.17762443562289063
51.99,0.030016223436284892,-0.15728074280382212,0.03453338185216642,-0.17423440739185572
52.0,0.029433225036665154,-0.15390073500873,0.033849696816154067,-0.17075039876879738
52.01,0.028834891460269924,-0.1504386227929411,0.03314897658283487,-0.16717463222001208
52.02,0.02822156984516706,-0.14689716224476276,0.03243157963446111,-0.16350941394891108
52.03,0.027593615203548943,-0.14327911752440306,0.03169787337384474,-0.1597571286155547
52.04,0.026951390145474215,-0.1395872504504092,0.030948233884899392,-0.15592024487481235
52.050000000000004,0.026295264602927353,-0.1358243128759466,0.03018304568484049,-0.15200131704469264
52.06,0.025625615554701598,-0.13199304916225005,0.029402701468078704,-0.14800297759632608
52.07,0.02494282675224523,-0.12809619263321073,0.028607601842213035,-0.14392793497189615
52.08,0.024247288446477087,-0.12413646936239066,0.02779815505665772,-0.13977896450694502
52.09,0.02353939711444586,-0.12011663094929419,0.026974776725567813,-0.13555887039714715
52.1,0.022819555180638506,-0.11603956792141279,0.026137889550784162,-0.13127036704715267
52.11,0.02208817072534979,-0.11190835314547602,0.025287923052937537,-0.12691602947638336
52.120000000000005,0.021345657179882658,-0.10772610739907666,0.024425313311550182,-0.1224984214046538
52.13,0.02059243301581736,-0.10349595206074935,0.02355050270745213,-0.11802013863729088
52.14,0.019828921433072993,-0.09922101772003818,0.022663939663288363,-0.11348379437373705
52.15,0.019055550047645697,-0.09490443202384391,0.021766078381879904,-0.10889202264669305
52.160000000000004,0.01827275057941309,-0.09054932077568559,0.020857378582724073,-0.104247473301374
52.17,0.017480958540312654,-0.0861588039437366,0.019938305236816768,-0.09955281178316346
52.18,0.016680612923149138,-0.08173599307219766,0.019009328299998563,-0.09481071620694938
52.19,0.015872155891339865,-0.07728398797238187,0.018070922445016444,-0.09002387582052764
52.2,0.015056032469897531,-0.07280587389612492,0.017123566792504312,-0.08519498881865117
52.21,0.014232690237849979,-0.06830472166197891,0.01616774464105624,-0.08032676113245354
52.22,0.013402579022228165,-0.06378358506137423,0.015203943196553544,-0.07542190451279383
52.230000000000004,0.012566150594083348,-0.059245489870181696,0.014232653300962747,-0.0704831332245446
52.24,0.011723858367114733,-0.05469343413365885,0.013254369160852113,-0.06551316289661409
52.25,0.010876157099106965,-0.05013038820187217,0.012269588075804918,-0.06051470872531373
52.26,0.010023502596273577,-0.045559291321932156,0.011278810166896537,-0.05549048354756359
52.27,0.00916635142041236,-0.04098306014376738,0.010282538105358742,-0.0504431979706016
52.28,0.008305160598925719,-0.03640457552919212,0.009281276841569595,-0.04537555687618897
52.29,0.007440387338555982,-0.031826670646315336,0.00827553333449602,-0.0402902607941572
52.300000000000004,0.0065724887434754084,-0.027252137449006963,0.007265816281587237,-0.035190006365558676
52.31,0.005701921537207491,-0.02268374105594245,0.006252635849428088,-0.03007747458398991
52.32,0.004829141787845532,-0.018124209613651007,0.0052365034056747264,-0.024955332194111182
52.33,0.003954604637652286,-0.013576206477303508,0.004217931252444555,-0.019826231404792952
52.34,0.0030787640376394956,-0.00904236140462932,0.003197432361148013,-0.014692810168483459
52.35,0.0022020724859416444,-0.004525277005563318,0.0021755201082632398,-0.009557707898408844
52.36,0.001324980770531959,-2.7480574069649325e-05,0.0011527080119418938,-0.004423543726709475
52.370000000000005,0.0004479377164942843,0.004448509793105581,0.00012950947052730818,0.0007070937430983594
52.38,-0.00042861006277689295,0.008900240081328524,-0.00089356249726302,0.005831607987261427
52.39,-0.0013042184104777664,0.013325273712910533,-0.0019159955113269048,0.010947422496261358
52.4,-0.0021784458685867123,0.0177211925945201,-0.002937278088524618,0.016051954668760512
52.410000000000004,-0.003050853916247307,0.022085660794698227,-0.003956899901814617,0.021142593209723386
52.42,-0.003921007200276143,0.02641645379808864,-0.004974352043764274,0.02621663483573014
52.43,-0.004788473758610303,0.030711344729979263,-0.005989127301579219,0.031271168444360446
52.44,-0.005652825251260823,0.034967795617917234,-0.007000720438679704,0.03630346194257472
52.45,-0.00651363721089107,0.039183130444123034,-0.008008628462342068,0.041311081264963946
52.46,-0.007370489286486585,0.04335531448936012,-0.009012350870771332,0.04629166820792847
52.47,-0.008222965451694396,0.047482519621641316,-0.010011389889477394,0.0512429003964666
52.480000000000004,-0.009070654194372328,0.05156278655941157,-0.011005250702741767,0.05616250937008684
52.49,-0.009913148705609177,0.055594250669147735,-0.011993441680066485,0.061048280376088095
52.5,-0.010750047062720484,0.05957517451503321,-0.012975474597823715,0.06589803380283316
52.51,-0.011580952400197476,0.06350394690101305,-0.013950864856951163,0.07070962769274614
52.52,-0.012405473069274966,0.06737904252020044,-0.01491913169690096,0.07548095874946632
52.53,-0.013223222785838628,0.07119909630500654,-0.015879798406278605,0.08020994502814137
52.54,-0.014033820766037776,0.07496283120168949,-0.01683239253033973,0.08489454757034409
52.550000000000004,-0.014836891852517353,0.07866903189259666,-0.01777644607464437,0.08953276945496774
52.56,-0.015632066631049883,0.08231664020821991,-0.018711495705112893,0.09412263550118138
52.57,-0.016418981535716477,0.08590467949840606,-0.019637082944888352,0.09866221241513277
52.58,-0.01719727894618591,0.08943219976026061,-0.020552754367089986,0.10314961900049992
52.59,-0.017966607278152073,0.09289837941679398,-0.02145806178333142,0.10758300089547847
52.6,-0.018726621063819546,0.09630249845677004,-0.02235256242886243,0.11196053681729798
52.61,-0.019476981022943995,0.09964390007642633,-0.023235819144231395,0.11628044815512042
52.620000000000005,-0.02021735412749892,0.10292196974371756,-0.02410740055268756,0.12054100469797095
52.63,-0.02094741366052241,0.10613617546906014,-0.024966881233259963,0.12474051120030273
52.64,-0.02166683926729183,0.10928607667730357,-0.025813841890164772,0.1288773042672744
52.65,-0.022375316998539656,0.11237129365110311,-0.026647869518715662,0.13294976054184565
52.660000000000004,-0.023072539346999044,0.11539150894721982,-0.027468557567450733,0.13695629460151854
52.67,-0.02375820527815089,0.1183464566572478,-0.028275506096328118,0.14089536187744497
52.68,-0.024432020255951804,0.12123591339467443,-0.02906832193082853,0.1447654603906397
52.69,-0.02509369626354189,0.12405971991612136,-0.029846618812119377,0.1485651209786467
52.7,-0.0257429518182402,0.12681777448306364,-0.030610017543704845,0.15229290857351385
52.71,-0.026379511981155006,0.1295100189352571,-0.031358146134577235,0.15594742585464164
52.72,-0.027003108362236638,0.13213643853765944,-0.03209063993872042,0.1595273111792248
52.730000000000004,-0.02761347912120257,0.1346970571503859,-0.03280714179098497,0.16303123895888744
52.74,-0.028210368964679083,0.13719193412187064,-0.033507302139373495,0.16645791908427168
52.75,-0.02879352914010883,0.1396211544410046,-0.034190779173664566,0.169806099844309
52.76,-0.02936271742676348,0.14198483572752604,-0.03485723895039092,0.17307456286856526
52.77,-0.02991769812377229,0.14428312600318255,-0.035506355514423674,0.17626212143560088
52.78,-0.030458242035395326,0.14651619543752945,-0.036137811017309146,0.17936762225707611
52.79,-0.030984126454047873,0.14868423426193364,-0.036751295832316726,0.1823899447590118
52.800000000000004,-0.03149513514150599,0.1507874476247639,-0.0373465086661445,0.18532800239532168
52.81,-0.03199105831177211,0.15282595226978374,-0.037923156663111586,0.1881808764528386
52.82,-0.03247169262634078,0.1547995972169631,-0.03848095548791502,0.19094805193586684
52.83,-0.0329368412090097,0.1567080850440777,-0.039019629377775956,0.19362925212372015
52.84,-0.03338631367357201,0.15855110857244561,-0.03953891117329946,0.19622425001257238
52.85,-0.03381992615417913,0.16032838558701434,-0.04003854234213313,0.19873281931014097
52.86,-0.03423750133363825,0.16203966932645408,-0.040518273002135674,0.20115471609930888
52.870000000000005,-0.03463886846843531,0.16368474837537042,-0.040977861946107946,0.2034896733193498
52.88,-0.03502386340925389,0.16526347977742661,-0.04141707667022546,0.20573735226226164
52.89,-0.03539232861627825,0.16677575923804544,-0.041835693407546067,0.20789737899139998
52.9,-0.035744113169899644,0.1682215276491127,-0.042233497166169295,0.20996933089805694
52.910000000000004,-0.036079072776776584,0.16960078115512414,-0.04261028177249507,0.21195272027728124
52.92,-0.03639706977089112,0.17091356218750167,-0.04296584992036765,0.21384700365611733
52.93,-0.03669797310936506,0.1721599749424973,-0.04330001322676773,0.21565155588838736
52.94,-0.03698165836359528,0.1733401482693424,-0.04361259229737321,0.21736559821842305
52.95,-0.03724800771134783,0.17445410220412785,-0.04390341680603065,0.2189881988491926
52.96,-0.03749690993884663,0.1755016925335948,-0.04417232558877302,0.2205182974955577
52.97,-0.03772826045644261,0.17648266847276411,-0.044419166749719394,0.22195475204626788
52.980000000000004,-0.0379419613243808,0.1773967287271145,-0.04464379777415198,0.2232964008573394
52.99,-0.038137921285265705,0.17824350493079302,-0.04484608564534271,0.22454204407996006
53.0,-0.038316055800716356,0.1790226333491998,-0.04502590696257378,0.22569051674906326
53.01,-0.038476287091229605,0.17973368247883229,-0.04518314805929027,0.2267406181726389
53.02,-0.038618544178509774,0.1803762470324968,-0.04531770512724588,0.22769098813836605
53.03,-0.038742762931992296,0.18094978793485492,-0.04542948437361769,0.22853947619293508
53.04,-0.03884888612144348,0.1814537668671379,-0.045518402236331024,0.22928341216209314
53.050000000000004,-0.03893686347360698,0.1818875993416625,-0.045584385648374345,0.22991987581764087
53.06,-0.03900665173097682,0.1822507055499365,-0.04562737232776663,0.23044584829458167
53.07,-0.03905821471072952,0.18254252302361246,-0.04564731108125008,0.23085818357414706
53.08,-0.03909152336244433,0.1827624980023206,-0.045644162112012256,0.23115387151147185
53.09,-0.03910655582388784,0.18291011425705378,-0.045617897327881726,0.23132975062813033
53.1,-0.039103297472902795,0.18298491601628952,-0.045568500642930346,0.23138302819833872
53.11,-0.03908174097296468,0.18298653172422458,-0.04549596826406861,0.23131090450901445
53.120000000000005,-0.03904188631066377,0.1829146776725754,-0.04540030896116682,0.23111088867917823
53.13,-0.03898374082699482,0.18276907583981408,-0.04528154431374816,0.23078075913901036
53.14,-0.03890731924641188,0.18254945488744917,-0.04513970892923913,0.23031858720651485
53.15,-0.03881264370485241,0.18225556175592647,-0.044974850628476275,0.22972286417399618
53.160000000000004,-0.03869974377672317,0.18188714291279465,-0.04478703059520344,0.2289923884752207
53.17,-0.03856865650144104,0.18144394758322027,-0.044576323484741,0.2281265211823811
53.18,-0.03841942640822344,0.18092577702380078,-0.044342817475670954,0.22712537260021542
53.19,-0.03825210553847388,0.18033242446030995,-0.04408661425412048,0.2259896781031506
53.2,-0.038066753468900774,0.17966363776553312,-0.04380782894971841,0.22472025943897764
53.21,-0.03786343734002514,0.17891906670234833,-0.043506590051962314,0.22331803496304412
53.22,-0.03764223189029903,0.17809836421441136,-0.04318303931814298,0.22178398673545302
53.230000000000004,-0.037403219494334665,0.1772011065708888,-0.04283733167259305,0.2201192142286413
53.24,-0.03714649020447543,0.17622688123486993,-0.04246963509644016,0.21832489598975066
53.25,-0.036872141794366264,0.17517524084118424,-0.04208013050865549,0.21640229105736594
53.26,-0.03658027980366999,0.17404574819949262,-0.041669011638523934,0.21435275704685353
53.27,-0.0362710175831778,0.1728379580006583,-0.04123648489047411,0.21217769002869422
53.28,-0.03594447633843244,0.17155147830076592,-0.040782769202079336,0.20987858284219088
53.29,-0.03560078516944749,0.17018596179904125,-0.04030809589712675,0.2074569090044868
53.300000000000004,-0.035240081102158954,0.16874122196401406,-0.039812708538383965,0.20491412107491294
53.31,-0.03486250910729364,0.16721719252337922,-0.039296862782158354,0.20225165953890797
53.32,-0.034468222109103316,0.16561383877456706,-0.03876082623130994,0.19947104774133115
53.33,-0.03405738098821496,0.16393118758767813,-0.038204878280577476,0.19657393332561918
53.34,-0.03363015457851482,0.16216933877572623,-0.03762930995017387,0.19356209229026602
53.35,-0.033186719654201016,0.16032855297428603,-0.037034423703923465,0.19043751670983394
53.36,-0.03272726090179931,0.15840927223428614,-0.03642053324702892,0.18720243098667425
53.370000000000005,-0.03225197087825952,0.1564119945740372,-0.03578796330394378,0.1838591942430184
53.38,-0.03176104996307474,0.1543372042824181,-0.03513704938143561,0.1804102813760042
53.39,-0.03125470630992502,0.15218538539695445,-0.03446813751947489,0.1768582904721813
53.4,-0.030733155798551424,0.14995702193842245,-0.03378158403045475,0.1732059267675567
53.410000000000004,-0.030196621986417444,0.14765260317432383,-0.03307775522747368,0.16945599992766
53.42,-0.029645336060118117,0.1452726163256659,-0.032357027142098656,0.1656114251754948
53.43,-0.029079536786921475,0.14281754264061813,-0.031619785231555675,0.16167522458541386
53.44,-0.028499470466575152,0.14028786411568223,-0.03086642407562158,0.15765051546272527
53.45,-0.02790539088303223,0.13768406631952712,-0.030097347063964577,0.15354050392342736
53.46,-0.02729755925555018,0.13500664730544243,-0.029312966074888886,0.14934847177021487
53.47,-0.026676244187380422,0.1322561593054989,-0.028513701147632048,0.14507773193424803
53.480000000000004,-0.026041721605782168,0.12943333929156026,-0.027699980154691783,0.14073149839917046
53.49,-0.025394274684802345,0.12653915062462837,-0.02687223848282061,0.13631284289791737
53.5,-0.024734193750699855,0.12357463669219315,-0.026030918723212306,0.1318248306198722
53.51,-0.024061776177822677,0.12054087552024857,-0.02517647036376857,0.12727056122964966
53.52,-0.02337732627960024,0.11743899502043738,-0.02430934947919282,0.12265315422621946
53.53,-0.022681155195055227,0.11427016477519689,-0.023430018418749456,0.11797575100555382
53.54,-0.021973580770877254,0.11103559822024506,-0.022538945492107314,0.11324150730804004
53.550000000000004,-0.021254927439162595,0.10773655079172959,-0.02163660465366492,0.10845359131708494
53.56,-0.020525526090867552,0.1043743201289697,-0.02072347518570321,0.10361518027553043
53.57,-0.019785713945038714,0.1009502448133982,-0.019800041380679555,0.09872945705045355
53.58,-0.01903583441404893,0.09746569891792982,-0.01886679222310111,0.09379960361566078
53.59,-0.018276236964939376,0.09392209820065112,-0.017924221071356862,0.08882880151011034
53.6,-0.017507276976591615,0.09032090275835597,-0.016972825339752147,0.08382022727438652
53.61,-0.016729315592630377,0.0866636122012142,-0.01601310618134252,0.07877703976632788
53.620000000000005,-0.015942719570270276,0.08295176475474568,-0.01504556817180403,0.0737023959144699
53.63,-0.015147861125313572,0.07918693508399816,-0.014070718993999613,0.0685994445572922
53.64,-0.014345117773770158,0.07537072313593117,-0.013089069123701082,0.0634713116085881
53.65,-0.013534872170145963,0.07150477183584113,-0.01210113151706679,0.05832110829526519
53.660000000000004,-0.012717511941711985,0.06759076829570079,-0.0111074212998542,0.05315192801532201
53.67,-0.01189342951865229,0.06363043402808466,-0.010108455458541155,0.047966840153783254
53.68,-0.011063021960999096,0.059625510375097196,-0.009104752534514272,0.04276886466917709
53.69,-0.010226690783023067,0.055577766414653666,-0.008096832322173017,0.037560989424255786
53.7,-0.009384841774218399,0.051489023579153366,-0.007085215569765016,0.032346197127893724
53.71,-0.00853788481626835,0.04736113119260144,-0.006070423682080199,0.02712743896509307
53.72,-0.007686233697659159,0.04319593599009049,-0.005052978426754244,0.021907602910500173
53.730000000000004,-0.006830305926047855,0.03899534289651633,-0.004033401645781077,0.016689529844934724
53.74,-0.005970522537335909,0.03476127152238464,-0.0030122149710323917,0.011476046720351785
53.75,-0.0051073079027382905,0.030495644958472984,-0.001989939543798719,0.006269902606212271
53.76,-0.004241089534190106,0.02620042463301215,-0.0009670957397674255,0.0010738040806797125
53.77,-0.003372297888086688,0.021877561724491203,5.579710002322233e-05,-0.004109617960496946
53.78,-0.0025013661690700796,0.01752899715946017,0.0010782209310992435,-0.00927781538971715
53.79,-0.0016287301329543345,0.013156722032602952,0.0020996592592353192,-0.014428325838443529
53.800000000000004,-0.0007548278853000616,0.00876279395754144,0.003119597384051059,-0.019558823660237017
53.81,0.00011990032231996632,0.004349206274954199,0.004137522628616637,-0.024667162993892155
53.82,0.0009950122802834219,-8.249907139118648e-05,0.005152924557656628,-0.029751192339607168
53.83,0.0018700639898793386,-0.0045306340297096475,0.006165295197336346,-0.03480860281023691
53.84,0.0027446098473670345,-0.008992968407581868,0.007174129265865991,-0.03983698941990376
53.85,0.003618202857727159,-0.013467271496828116,0.008178924410376627,-0.044833997169726005
53.86,0.004490394854404168,-0.017951466071957946,0.00917918144096403,-0.04979734371940948
53.870000000000005,0.0053607367140555565,-0.02244339199206526,0.010174404559441219,-0.05472476970437305
53.88,0.006228778574762825,-0.026940812054493436,0.011164101584445214,-0.059614050426385574
53.89,0.007094070061760078,-0.031441422027904044,0.01214778417335015,-0.06446299435771166
53.9,0.00795616052085245,-0.03594282488384616,0.013124968040517226,-0.06926945334162657
53.910000000000004,0.008814599260156646,-0.040442544843736605,0.014095173171497912,-0.07403131959159198
53.92,0.009668935797754859,-0.044938099098884944,0.015057924032942208,-0.07874653204351453
53.93,0.010518720114223432,-0.0494269077100544,0.016012749778118007,-0.08341307129583109
53.94,0.011363502911586117,-0.05390634134808376,0.01695918444806837,-0.0880289626643176
53.95,0.012202835875663414,-0.05837380062504603,0.017896767168195608,-0.09259228133673401
53.96,0.013036271940353259,-0.06282660592304427,0.018825042340222985,-0.0971011441184355
53.97,0.013863365556655766,-0.06726203178017491,0.01974355982971381,-0.10155371331150735
53.980000000000004,0.014683672965721112,-0.07167734551138137,0.02065187514904613,-0.10594819898478544
53.99,0.015496752472854406,-0.07606982265364647,0.021549549635645066,-0.11028285939835265
54.0,0.01630216472228459,-0.08043670365359194,0.022436150625540757,-0.1145559969061587
54.01,0.017099472974442947,-0.08477519680569154,0.02331125162240482,-0.11876595916540016
54.02,0.017888243385604304,-0.08908250595094201,0.0241744324620443,-0.12291114040746207
54.03,0.018668045288581254,-0.09335582657987297,0.02502527947228218,-0.1269899808375916
54.04,0.019438451473714737,-0.09759235882328157,0.025863385628212575,-0.13100096746845355
54.050000000000004,0.020199038469390355,-0.10178931387985053,0.026688350702798555,-0.1349426341201894
54.06,0.02094938682215479,-0.10594389302461128,0.02749978141288652,-0.1388135587165546
54.07,0.021689081377046882,-0.11005329721480969,0.028297291560741983,-0.14261236394807264
54.08,0.022417711557693017,-0.11411473991817239,0.029080502171111012,-0.1463377177453318
54.09,0.023134871645352474,-0.11812544651875584,0.02984904162379172,-0.14998833270665474
54.1,0.023840161056528055,-0.12208265956218839,0.03060254578174339,-0.1535629658986608
54.11,0.024533184618822992,-0.125983641092689,0.03134065811476643,-0.15706041842141943
54.120000000000005,0.025213552844606597,-0.12982567955080637,0.032063029818782444,-0.16047953537523688
54.13,0.025880882201996875,-0.1336060931929767,0.03276931993074012,-0.16381920544203532
54.14,0.026534795383010436,-0.13732222497969981,0.033459195439213676,-0.16707835957267653
54.15,0.027174921568882113,-0.1409714485394061,0.0341323313907566,-0.17025597077973964
54.160000000000004,0.02780089669217861,-0.14455117426832662,0.03478841099206339,-0.17335105370423742
54.17,0.028412363695216658,-0.14805885153006743,0.035427125707978506,-0.1763626643362609
54.18,0.02900897278446464,-0.15149197172325898,0.03604817535536565,-0.1792899004017484
54.19,0.02959038168338014,-0.15484798234348338,0.03665126818908888,-0.18213202228645273
54.2,0.030156255892926778,-0.15812412323678407,0.0372361209671263,-0.18488867990654712
54.21,0.03070626896600327,-0.16131754173414212,0.03780245898603531,-0.18755975666137398
54.22,0.031240102789049325,-0.16442543150021716,0.0383500160957496,-0.19014518309459238
54.230000000000004,0.03175744786055159,-0.16744506949818277,0.03887853470737068,-0.1926448922499235
54.24,0.03225800356160569,-0.17037382483950822,0.039387765800226175,-0.1950588073088157
54.25,0.03274147841708425,-0.17320916786101634,0.039877468929980966,-0.19738683202609195
54.26,0.03320759034571345,-0.17594870531423448,0.040347412239824354,-0.1996288082003376
54.27,0.033656066898046795,-0.17859015096372358,0.04079737247569073,-0.20178455872197704
54.28,0.034086645482518566,-0.18113134436607223,0.04122713500491632,-0.20385386533390087
54.29,0.03449907357903467,-0.18357025707153848,0.04163649383875502,-0.20583646299306507
54.300000000000004,0.03489310893965254,-0.18590498534519193,0.0420252516590894,-0.20773205215898352
54.31,0.03526851977599388,-0.1881337695388258,0.04239321984959149,-0.20954027465734582
54.32,0.03562508493213106,-0.19025500872870751,0.04274021853285286,-0.21126069514544957
54.33,0.035962594044000706,-0.1922671907477062,0.04306607661487866,-0.21289280099423588
54.34,0.03628084769169256,-0.1941687893199071,0.04337063183772992,-0.21443598889787202
54.35,0.036579657551874534,-0.19595823807361504,0.04365373084157289,-0.2158895456011187
54.36,0.03685884655196723,-0.1976339859837904,0.04391522923577303,-0.21725269910473682
54.370000000000005,0.03711824902267757,-0.19919453499757073,0.044154991675777196,-0.21852465462458445
54.38,0.03735771084554315,-0.20063845306904377,0.04437289194264679,-0.21970460569039685
54.39,0.037577089593442005,-0.20196439546711456,0.04456881302340207,-0.2207917530315367
54.4,0.03777625466219289,-0.20317112310287452,0.04474264719049372,-0.22178532194611747
54.410000000000004,0.037955087393386544,-0.20425745524045352,0.04489429608463287,-0.22268438509763103
54.42,0.03811348118895861,-0.20522231711579964,0.04502367082145662,-0.22348747143893638
54.43,0.03825134161921654,-0.20606463854641213,0.045130692145201136,-0.2241925545889077
54.44,0.03836858652337921,-0.2067835162265632,0.04521529062362097,-0.22479750844037313
54.45,0.03846514610020148,-0.20737809775397537,0.04527740686584957,-0.22529997860809264
54.46,0.03854096298809596,-0.2078476822931151,0.04531699175223585,-0.22569765196600364
54.47,0.038595992333030626,-0.20819168984552758,0.045334006669478004,-0.22598812383765757
54.480000000000004,0.03863020184361407,-0.20840966482553666,0.04532842374509656,-0.2261691312435653
54.49,0.03864357183284194,-0.20850130740589085,0.045300226078814156,-0.22623834342166066
54.5,0.03863609524522302,-0.20846646250273318,0.04524940796842414,-0.22619362607772164
54.51,0.03860777766761182,-0.20830517198944004,0.04517597512326949,-0.22603297539281572
54.52,0.03855863732205016,-0.20801765325302635,0.045079944861773,-0.22575456964159488
54.53,0.03848870504205824,-0.20760425351922,0.04496134629203434,-0.22535676093993273
54.54,0.03839802423579016,-0.20706542600004246,0.04482022047214199,-0.22483816396978779
54.550000000000004,0.038286650837572926,-0.20640174829409944,0.04465662054523477,-0.22419768012240415
54.56,0.038154653248173624,-0.20561389704130476,0.044470611847161196,-0.22343447182447732
54.57,0.03800211226444926,-0.2047026556159037,0.044262271984052706,-0.222548075124276
54.58,0.03782912099832774,-0.2036689197586722,0.04403169086938879,-0.2215385735700957
54.59,0.03763578478387558,-0.202513724019356,0.04377897070855781,-0.22040663672805966
54.6,0.037422221074134183,-0.20123814135455456,0.04350422593763796,-0.21915312936626838
54.61,0.03718855933180632,-0.1998432946229399,0.04320758314106261,-0.2177789131037872
54.620000000000005,0.03693494091630375,-0.19833032151523192,0.04288918096283282,-0.2162849385445866
54.63,0.03666151896668939,-0.19670043844601667,0.04254917001205199,-0.21467219963146297
54.64,0.03636845827972771,-0.19495488622529236,0.04218771276221645,-0.21294176618961072
54.65,0.03605593518288545,-0.19309498119149113,0.04180498344396241,-0.21109477079165148
54.660000000000004,0.03572413740170391,-0.19112208697009542,0.0414011679317718,-0.2091323926763638
54.67,0.035373263921423176,-0.18903763087945138,0.040976463624841405,-0.20705588515818205
54.68,0.0350035248428426,-0.1868430964414993,0.04053107932242079,-0.20486653219592335
54.69,0.03461514123140496,-0.18454005761804435,0.04006523509432913,-0.2025656771692264
54.7,0.03420834495866545,-0.18213015608096697,0.03957916214805892,-0.20015465925440887
54.71,0.03378337853400156,-0.17961518504633342,0.039073102694632995,-0.1976348265597467
54.72,0.033340494922262806,-0.1769971091842578,0.03854730981647626,-0.19500745026023025
54.730000000000004,0.032879957346559775,-0.17427800511792726,0.03800204733823118,-0.19227382328657067
54.74,0.032402039079896514,-0.17146002403918922,0.03743758969553747,-0.1894353187411779
54.75,0.031907023228353565,-0.16854540169389362,0.03685422179697155,-0.1864933889444332
54.76,0.03139520250443674,-0.16553651132326247,0.03625223887609631,-0.1834496283806927
54.77,0.03086687898606193,-0.162435919352747,0.035631946328793754,-0.18030582998825012
54.78,0.030322363859391046,-0.15924632031571256,0.03499365953379753,-0.17706392235518084
54.79,0.02976197715022326,-0.1559704528921467,0.03433770366075897,-0.17372589368548527
54.800000000000004,0.029186047450206313,-0.15261107298987397,0.0336644134699573,-0.17029382055416142
54.81,0.028594911641236592,-0.14917094122558483,0.03297413310364685,-0.16676987068013763
54.82,0.027988914619048007,-0.1456528279280162,0.032267215868586455,-0.1631562948702136
54.83,0.027368409016215168,-0.14205950579776722,0.031544024010074063,-0.15945542756128242
54.84,0.02673375492509893,-0.13839374136783128,0.03080492847753603,-0.15566968951863422
54.85,0.02608531962131728,-0.13465829427307519,0.03005030868168187,-0.1518015830248584
54.86,0.025423477288227973,-0.13085590815229764,0.029280552243288804,-0.14785369576490232
54.870000000000005,0.024748608743073042,-0.12698930454217827,0.02849605473350263,-0.14382870135921758
54.88,0.0240611011649895,-0.12306119191640183,0.027697219405986444,-0.13972934518141789
54.89,0.02336134782386869,-0.119074288041675,0.02688445692245891,-0.13555841679584657
54.9,0.022649747805796483,-0.11503141670106977,0.026058185076406278,-0.13131864811884542
54.910000000000004,0.02192670572684106,-0.11093560542726322,0.02521882852373916,-0.12701260978571824
54.92,0.021192631432472908,-0.10678995523376258,0.024366818523702843,-0.12264283495608862
54.93,0.020447939689481543,-0.10259756408045909,0.023502592683754882,-0.11821189114419234
54.94,0.019693049876359517,-0.09836153915914488,0.02262659470292449,-0.113722363813948
54.95,0.018928385673486623,-0.09408498300080158,0.021739274112902385,-0.10917686091501083
54.96,0.018154374753524546,-0.08977099441741666,0.020841086017145863,-0.10457800705797612
54.97,0.017371448472357342,-0.08542266483904558,0.019932490828196855,-0.09992844373030468
54.980000000000004,0.016580041560819245,-0.08104307584793737,0.01901395400340519,-0.09523082622346074
54.99,0.015780591817502892,-0.0766352958833767,0.018085945779252897,-0.09048782218537313
55.0,0.014973539802944991,-0.07220237746577718,0.0171489409044743,-0.08570210940537211
55.01,0.014159328535408076,-0.06774735653682705,0.016203418372157205,-0.0808763744292938
55.02,0.013338403188360761,-0.06327325210524651,0.01524986115097897,-0.07601331100839215
55.03,0.012511210790054954,-0.05878305412053826,0.014288755915788914,-0.07111561666874791
55.04,0.011678199925822856,-0.054279722928775205,0.013320592777792802,-0.06618599106305079
55.050000000000004,0.010839820443322642,-0.04976619019183893,0.012345865014525911,-0.06122713493265708
55.06,0.009996523160811175,-0.045245355426351185,0.011365068799749476,-0.05624174827380269
55.07,0.009148759578304948,-0.04072009523996536,0.010378702933386389,-0.0512325301602908
55.08,0.008296981591698052,-0.03619324867050344,0.009387268571657777,-0.046202174762366585
55.09,0.007441641210714946,-0.03166760611590464,0.008391268957706643,-0.04115336874753268
55.1,0.006583190281306156,-0.027145916580231248,0.007391209152923897,-0.03608879121378855
55.11,0.005722080211766565,-0.022630906564201757,0.006387595768875191,-0.031011118679505373
55.120000000000005,0.004858761702240113,-0.018125255890733716,0.005380936699712417,-0.02592302067605024
55.13,0.003993684478972182,-0.013631580412182813,0.0043717408556289954,-0.02082714555984772
55.14,0.0031272970331603007,-0.009152479625943396,0.003360517897925007,-0.0157261279532734
55.15,0.002260046363541449,-0.004690499539472004,0.0023477779756381646,-0.010622587178866548
55.160000000000004,0.0013923777235475272,-0.00024813468570968614,0.0013340314632596594,-0.005519140550120461
55.17,0.0005247343727879398,0.004172143589424329,0.00031978869934731486,-0.0004183892737828342
55.18,-0.0003424426680708452,0.008567903659397639,-0.0006944402733381957,0.004677087737601504
55.19,-0.0012087148589139667,0.012936748785765137,-0.001708145966433117,0.009764706620994794
55.2,-0.0020736463789952004,0.017276291054876526,-0.002720819704687124,0.014841873316877982
55.21,-0.002936804360096516,0.021584288854078593,-0.003731953886874149,0.019905942153748413
55.22,-0.0037977591106700035,0.02585855269317096,-0.004741042256029549,0.024954054216313727
55.230000000000004,-0.004656084337718546,0.030096789130001158,-0.005747580184576704,0.029983242201854977
55.24,-0.005511357385701743,0.03429628528238006,-0.006751064957151639,0.034990923108015715
55.25,-0.006363159487007023,0.03845468877368498,-0.007750996030524369,0.039974710690112485
55.26,-0.0072110759876661745,0.04257013911516289,-0.008746875275900639,0.04493223008743917
55.27,-0.008054696543269282,0.046640724415176915,-0.009738207214998233,0.04986116516081313
55.28,-0.00889361530813388,0.05066451933555912,-0.010724499251198456,0.05475925854551572
55.29,-0.00972743112054583,0.054639779719987604,-0.01170526189558611,0.05962428711903231
55.300000000000004,-0.01055574767702037,0.05856483579499695,-0.01268000898896353,0.06445406588188143
55.31,-0.011378173695386825,0.06243814534425041,-0.013648257920058197,0.06924645033798811
55.32,-0.01219432306653554,0.06625828231932096,-0.014609529840190986,0.07399932150722448
55.33,-0.013003814993870474,0.07002395249271225,-0.015563349874939498,0.07871059102668274
55.34,-0.013806274121712406,0.07373393550582436,-0.0165092473323892,0.08337821593058972
55.35,-0.014601330654689416,0.07738710175899617,-0.017446755907552902,0.08800018496104096
55.36,-0.01538862046666305,0.0809824694677924,-0.018375413883536168,0.09257451261104822
55.370000000000005,-0.016167785199233738,0.08451910163975015,-0.01929476432923276,0.09709926434816044
55.38,-0.01693847235325496,0.08799612308100985,-0.020204355292720754,0.10157254666970271
55.39,-0.0177003353726711,0.09141278146829789,-0.0211037399907732,0.10599249345969591
55.4,-0.018453033718362318,0.0947684139309892,-0.021992476995082704,0.1103572751724118
55.410000000000004,-0.019196232933347233,0.09806241782120087,-0.022870130414813908,0.1146651050701003
55.42,-0.019929604701919325,0.10129423536252703,-0.02373627007484915,0.11891424383489856
55.43,-0.020652826902845166,0.10446339297199186,-0.024590471689822417,0.12310298487185801
55.44,-0.021365583654940633,0.10756950270620698,-0.025432317034582708,0.1272296545595358
55.45,-0.022067565354988352,0.11061223600503992,-0.02626139411114526,0.13129261941779902
55.46,-0.022758468709238554,0.11359132453909851,-0.02707729731184302,0.13529028353659908
55.47,-0.023437996759321997,0.11650654889176142,-0.02787962757856032,0.1392210918966841
55.480000000000004,-0.024105858903305126,0.11935773259046734,-0.028667992557895528,0.14308353146405287
55.49,-0.024761770911876597,0.1221447593131478,-0.029442006752402994,0.14687612233934744
55.5,-0.0254054549391201,0.12486756692175911,-0.030201291668322767,0.1505974185403704
55.51,-0.02603663952817952,0.12752613582896125,-0.030945475959826337,0.15424601158098358
55.52,-0.02665505961256305,0.13012048726590522,-0.03167419556963192,0.15782052858990817
55.53,-0.027260456513543956,0.13265067873781705,-0.03238709386599844,0.16131963265820176
55.54,-0.02785257793401487,0.1351168009078985,-0.033083821776142996,0.16474202218014108
55.550000000000004,-0.028431177949317245,0.1375189685751284,-0.03376403791602979,0.16808643318995492
55.56,-0.02899601699543814,0.1398573245444802,-0.034427408716517754,0.1713516363526526
55.57,-0.029546861854545404,0.14213204011355712,-0.0350736085460624,0.1745364338722094
55.58,-0.030083485638021122,0.14434330640114434,-0.0357023198301472,0.17763966129046116
55.59,-0.030605667767509823,0.14649133123129038,-0.03631323316743666,0.1806601869458975
55.6,-0.031113193954752517,0.14857632462930448,-0.036906047442159244,0.18359692724363025
55.61,-0.03160585618620355,0.15059832958765718,-0.03748046992514307,0.18644906789903726
55.620000000000005,-0.032083452723174165,0.15255715384461668,-0.03803621634956463,0.18921615192340988
55.63,-0.03254578811943879,0.1544525246274134,-0.03857301095920036,0.19189786889386942
55.64,-0.03299267324766063,0.15628416475664766,-0.039090586541165345,0.19449394756133007
55.65,-0.03342392532682461,0.1580518251291138,-0.03958868445405063,0.1970041087729106
55.660000000000004,-0.033839367947236666,0.15975529562237548,-0.040067054656446596,0.199428047931505
55.67,-0.03423883109245283,0.1613943873364221,-0.04052545573709225,0.20176545305550506
55.68,-0.03462215115753272,0.16296897345325947,-0.04096365494794652,0.20401594543677792
55.69,-0.03498917096271696,0.16447896415602184,-0.04138142824182209,0.20617910990216984
55.7,-0.03533973976303115,0.1659243044564417,-0.04177856031426746,0.20825449441218252
55.71,-0.03567371325396156,0.16730498898927912,-0.04215484464985407,0.21024158632200657
55.72,-0.03599095357286771,0.1686210505694244,-0.042510083573674966,0.21213982448150057
55.730000000000004,-0.036291329296157665,0.1698725678147542,-0.042844088308839436,0.21394856955021804
55.74,-0.0365747154337749,0.17105960998250877,-0.04315667904423375,0.21566700524055263
55.75,-0.036840993426708706,0.17218213521386855,-0.04344768501753017,0.21729415414901931
55.76,-0.03709005115432612,0.1732399683784377,-0.04371694461264355,0.2188289413084244
55.77,-0.03732178295364282,0.1742328328604784,-0.04396430546744089,0.2202702184786359
55.78,-0.03753608964732266,0.17516041779081257,-0.0441896245870614,0.221616835147003
55.79,-0.037732878577582674,0.17602234166665992,-0.04439276845996594,0.22286760267113212
55.800000000000004,-0.0379120636438868,0.1768182361576389,-0.044573613174483634,0.22402137842305214
55.81,-0.038073565343894715,0.1775476521595773,-0.04473204453535408,0.22507697061198442
55.82,-0.03821731081728045,0.17821016894112296,-0.04486795818857237,0.2260329676268436
55.83,-0.03834323389395679,0.17880522977505559,-0.044981259781538246,0.2268871969706531
55.84,-0.03845127514846427,0.17933227805233506,-0.04507186517858711,0.2276370498217623
55.85,-0.03854138195821991,0.17979071928059734,-0.04513970071989587,0.22827969694269912
55.86,-0.03861350856388862,0.18017995095105271,-0.04518470350255475,0.22881222263286122
55.870000000000005,-0.03866761613020015,0.18049939346783783,-0.04520682167382816,0.22923159551329045
55.88,-0.038703672805853385,0.18074846545121995,-0.04520601472803273,0.22953490709621105
55.89,-0.03872165378199234,0.18092661995434112,-0.045182253804149475,0.22971910248583288
55.9,-0.03872154134733122,0.1810333642354214,-0.04513552197695778,0.22978149236498188
55.910000000000004,-0.03870332493774505,0.18106827586593077,-0.04506581453489871,0.2297193260661554
55.92,-0.0386670011785816,0.18103102068894572,-0.044973139242992954,0.22953020129132912
55.93,-0.03861257392131582,0.1809212610022099,-0.04485751658308604,0.22921193209000246
55.94,-0.038540054278555586,0.18073866120601925,-0.0447189799676791,0.2287626192024023
55.95,-0.03844946065815239,0.18048291279798354,-0.044557575923647355,0.22818074176425648
55.96,-0.03834081879568993,0.1801537144565029,-0.04437336424234885,0.2274650789730975
55.97,-0.038214161786163645,0.17975076136161217,-0.04416641809206883,0.22661490800253606
55.980000000000004,-0.03806953011432444,0.17927379230960866,-0.043936824080131366,0.22563014789882466
55.99,-0.03790697168272724,0.17872255203722975,-0.04368468225065537,0.22451145702740385
56.0,-0.03772654183984523,0.17809674462407296,-0.04341010602813637,0.22325965548866328
56.01,-0.037528303412683935,0.17739598816374566,-0.04311322213598632,0.22187564304518392
56.02,-0.037312326744730104,0.17661989035330647,-0.04279417050548943,0.22036039906625998
56.03,-0.03707868973807987,0.17576799391940276,-0.04245310417581489,0.21871501442787872
56.04,-0.03682747789880288,0.17483984613690037,-0.0420901891844994,0.2169406593969093
56.050000000000004,-0.036558784384256894,0.1738349640469993,-0.04170560444905834,0.2150385934710324
56.06,-0.03627271005184202,0.17275286220396355,-0.0412995416399458,0.2130101629106674
56.07,-0.0359693635082798,0.17159306006212274,-0.04087220504546023,0.21085677915342926
56.08,-0.035648861157700454,0.17035510794198422,-0.04042381142940579,0.20857992880894935
56.09,-0.03531132724693778,0.16903859249018374,-0.03995458988364376,0.2061811023273661
56.1,-0.03495689390379356,0.16764324868409175,-0.03946478167891626,0.2036617920486771
56.11,-0.03458570116331713,0.16616893774741795,-0.03895464011708454,0.20102343903240974
56.120000000000005,-0.034197896983197765,0.1646155750427795,-0.03842443038345891,0.19826756226938336
56.13,-0.03379363725251138,0.16298312213356295,-0.037874429392794444,0.1953957943173189
56.14,-0.03337308579511007,0.16127160389970777,-0.03730492562460066,0.1924098825396539
56.15,-0.03293641436470606,0.15948118177704254,-0.036716218944619315,0.18931176628831728
56.160000000000004,-0.03248380262592059,0.1576122111009575,-0.03610862040706037,0.1861036278633672
56.17,-0.03201543812019786,0.15566513810376692,-0.035482452036215736,0.18278780630635677
56.18,-0.031531516223597,0.15364040080061497,-0.03483804659203952,0.1793667540994024
56.19,-0.031032240103149145,0.15153843678232454,-0.03417574732324587,0.17584304651707028
56.2,-0.03051782067325639,0.1493596864624166,-0.03349590770885081,0.17221936448772665
56.21,-0.02998847655172289,0.1471045959777691,-0.03279889118884921,0.16849849371892692
56.22,-0.02944443401545557,0.14477360940145004,-0.032085070884347054,0.16468332660681526
56.230000000000004,-0.028885926956161555,0.14236716894932266,-0.0313548293071583,0.16077685915382975
56.24,-0.028313196836081637,0.13988571831082613,-0.030608558059226753,0.15678218304447783
56.25,-0.027726492643683077,0.13732969965925848,-0.029846657522353298,0.1527024848431719
56.26,-0.027126070849041232,0.13469956503113756,-0.02906953653890441,0.14854103052317844
56.27,-0.026512195357365726,0.1319958100977497,-0.028277612085417826,0.14430112857821628
56.28,-0.025885137455347457,0.12921908529650525,-0.027471308944671986,0.13998601866742344
56.29,-0.02524517574133654,0.12637028770131944,-0.026651059385284146,0.13559877968220438
56.300000000000004,-0.024592596036982918,0.12345041941180052,-0.025817302851535162,0.1311424607446286
56.31,-0.02392769128767886,0.12046051764440564,-0.024970485656733214,0.12662014730066615
56.32,-0.023250761457523257,0.11740167194786956,-0.024111060674800143,0.12203494364996981
56.33,-0.02256211341964517,0.11427501456612092,-0.02323948702953115,0.11738997608618738
56.34,-0.021862060841924803,0.11108172357565703,-0.022356229781961272,0.11268838506994786
56.35,-0.02115092406821502,0.1078230206494578,-0.02146175961621999,0.1079333234528036
56.36,-0.020429029995100906,0.10450017149962205,-0.020556552524228663,0.10312795297738468
56.370000000000005,-0.019696711944267125,0.1011144842514783,-0.019641089489550907,0.09827544083895355
56.38,-0.018954309530715766,0.09766730403426091,-0.018715856170836622,0.09337895328967906
56.39,-0.018202168526895747,0.09416002056914378,-0.01778134258521984,0.08844165655934887
56.4,-0.017440640722439737,0.09059406954628502,-0.016838042791838648,0.08346671375084719
56.410000000000004,-0.01667008377944446,0.08697092771374622,-0.01588645457608377,0.07845726938742242
56.42,-0.015890861083522934,0.08329211253568361,-0.014927079134996689,0.07341646253434568
56.43,-0.015103341590850002,0.07955917863076614,-0.013960420763527352,0.06834742527839233
56.44,-0.01430789967168792,0.07577370801397715,-0.01298698654191853,0.0632532680774562
56.45,-0.013504914950337964,0.07193732968945109,-0.01200728602475465,0.058137086944810186
56.46,-0.012694772140797202,0.06805171804014475,-0.01102183093171515,0.053001959769854515
56.47,-0.01187786087812552,0.0641185828181842,-0.01003113484025799,0.047850940039006064
56.480000000000004,-0.011054575546611033,0.06013965094090548,-0.009035712881205997,0.04268703799871125
56.49,-0.010225315105191483,0.0561166871549896,-0.008036081438215662,0.03751322326951779
56.5,-0.009390482908985897,0.052051509822227664,-0.007032757850274114,0.03233246028920568
56.51,-0.008550486526860262,0.04794595502181734,-0.006026260116197694,0.02714768286816101
56.52,-0.007705737556701431,0.04380186971093014,-0.005017106602467464,0.021961769109009405
56.53,-0.0068566514378660135,0.03962116290173343,-0.004005815756050795,0.0167775445576468
56.54,-0.006003647260555607,0.03540573616983206,-0.002992905821635532,0.011597811650756056
56.550000000000004,-0.005147147573156785,0.031157528676192744,-0.001978894563011344,0.0064253090960901494
56.56,-0.0042875781878174936,0.026878480635558533,-0.0009642989898785927,0.0012627166194458931
56.57,-0.003425367984706346,0.022570548595609998,5.036490900389403e-05,-0.0038873561984581278
56.58,-0.002560948716142333,0.018235665830323336,0.0010645824249530757,-0.009022399869151277
56.59,-0.001694754808794842,0.013875854172194068,0.0020778403792942606,-0.014139997977926021
56.6,-0.0008272231605938049,0.00949317930651675,0.0030896273610985384,-0.019237916315360086
56.61,4.120706147604476e-05,0.0050895510022647104,0.004099433950112362,-0.0243140495704832
56.620000000000005,0.0009100946011297093,0.0006663719937950404,0.005106752931968976,-0.02936621970793872
56.63,0.001778996279840801,-0.0037744573382545664,0.0061110795202600765,-0.034392059955100036
56.64,0.0026474671916496104,-0.008230611201456984,0.00711191159056653,-0.039389163266535285
56.65,0.0035150609231712425,-0.012699946376934218,0.00810874991753005,-0.04435520813175134
56.660000000000004,0.00438132977169654,-0.017180361554525958,0.00910109840721049,-0.04928791428893656
56.67,0.005245824961029666,-0.021669645710099904,0.010088464324997843,-0.05418502460017164
56.68,0.006108096864551497,-0.02616550285929058,0.011070358520500543,-0.05904431630116432
56.69,0.006967695236083254,-0.0306655903850619,0.012046295649027204,-0.06386360711263107
56.7,0.007824169448867033,-0.03516743138310364,0.01301579438918043,-0.06864075390436189
56.71,0.008677068742900694,-0.03966852225088361,0.013978377656404898,-0.07337365589777779
56.72,0.00952594247743078,-0.044166320039843485,0.014933572812219246,-0.07806025937175007
56.730000000000004,0.010370340389176377,-0.048658175221245485,0.015880911869049177,-0.08269855073214574
56.74,0.011209812856715089,-0.05314143304557681,0.016819931690711037,-0.08728656290853311
56.75,0.012043911167396025,-0.05761343214494845,0.01775017418831751,-0.09182237711335008
56.76,0.012872187787099679,-0.062071431437811006,0.01867118651158728,-0.09630411662174099
56.77,0.013694196635134914,-0.0665126537658269,0.019582521235725205,-0.10072995006376771
56.78,0.01450949336261475,-0.07093431618422531,0.020483736543770458,-0.10509809340399077
56.79,0.015317635631608085,-0.07533364135965025,0.02137439640423023,-0.10940681076080323
56.800000000000004,0.016118183395344148,-0.07970781061529753,0.022254070744047144,-0.11365441044726209
56.81,0.016910699181178945,-0.08405397650382976,0.0231223356170468,-0.11783924583257842
56.82,0.01769474837585614,-0.08836928789739432,0.0239787733678545,-0.12195971672805793
56.83,0.018469899511725982,-0.09265088484208493,0.024822972791219377,-0.12601426880647482
56.84,0.019235724553242455,-0.09689591280336572,0.02565452928673263,-0.13000139404668345
56.85,0.01999179918298346,-0.10110152746512818,0.026473045008918908,-0.13391963131856796
56.86,0.020737703087261496,-0.10526487558494454,0.027278129012734388,-0.13776756402524648
56.870000000000005,0.021473020241896318,-0.10938310417967403,0.028069397394573443,-0.14154382001307889
56.88,0.022197339197690714,-0.11345337303456257,0.028846473428811182,-0.14524707217831007
56.89,0.022910253364805105,-0.11747285474680318,0.029608987699877718,-0.1488760380826598
56.9,0.023611361295621105,-0.12143873982921734,0.030356578229872314,-0.1524294796610191
56.910000000000004,0.02430026696576259,-0.12534823929395122,0.03108889060175988,-0.1559062028409247
56.92,0.02497658005284456,-0.12919859103932135,0.03180557807817251,-0.15930505738805834
56.93,0.02563991621245147,-0.13298706415532957,0.03250630171584818,-0.1626249366265712
56.94,0.026289897351145602,-0.13671095428637833,0.03319073047577158,-0.16586477597133517
56.95,0.02692615189647855,-0.14036758922901255,0.033858541329077986,-0.16902355313831158
56.96,0.027548315063637235,-0.1439543350070784,0.03450941935875395,-0.17210028755000517
56.97,0.02815602911824934,-0.14746859792685202,0.03514305785717889,-0.17509403967148127
56.980000000000004,0.028748943635396065,-0.15090781595266672,0.03575915841903341,-0.1780039282465993
56.99,0.02932671576006444,-0.15426930162135935,0.03635743102199672,-0.18082934848989315
57.0,0.029889010478448736,-0.15755019419943997,0.036937594082026105,-0.18357003987881312
57.01,0.030435500900745798,-0.16074761587022182,0.03749937448208832,-0.1862258745545186
57.02,0.030965868546389684,-0.16385874589365265,0.038042507586471055,-0.18879675963626233
57.03,0.03147980362388908,-0.16688085565918362,0.03856673725096127,-0.19128259569022243
57.04,0.031977005301626386,-0.1698113231396906,0.039071815833485554,-0.19368325691066487
57.050000000000004,0.03245718196872891,-0.1726476161851199,0.03955750420620006,-0.19599861741334418
57.06,0.03292005148515044,-0.17538733794438088,0.04002357176988584,-0.19822849401544995
57.07,0.033365341419687625,-0.17802820631273222,0.040469796472015984,-0.20037267665124261
57.08,0.033792789275980575,-0.18056805645508403,0.04089596482811017,-0.20243092869931692
57.09,0.03420214270627349,-0.18300485704664132,0.04130187194635683,-0.20440296758232576
57.1,0.034593159712398396,-0.18533670027126806,0.04168732155596197,-0.2062884809119655
57.11,0.034965608833609496,-0.18756181932869917,0.04205212603945993,-0.20808710521124085
57.120000000000005,0.035319269320326356,-0.18967859760922243,0.04239610647056635,-0.20979839857809532
57.13,0.03565393129582843,-0.19168547684139556,0.042719092660226894,-0.21142181203926136
57.14,0.03596939591274153,-0.19358087656430611,0.04302092321264046,-0.21295669532500502
57.15,0.03626547550964724,-0.1953632093177628,0.04330144559082528,-0.21440231986289018
57.160000000000004,0.03654199376763994,-0.1970309134181762,0.043560516189653585,-0.21575790555368565
57.17,0.03679878586317239,-0.19858250939907254,0.04379800041287409,-0.2170226760126814
57.18,0.037035698614522744,-0.20001657530218114,0.044013772751676526,-0.21819583220863673
57.19,0.03725259062024438,-0.20133180328113667,0.04420771686332392,-0.21927660683096836
57.2,0.03744933238834021,-0.20252696566864045,0.04437972564884691,-0.22026422697077747
57.21,0.03762580645651707,-0.2036009214120375,0.04452970133799352,-0.22115767352962776
57.22,0.03778190750408679,-0.20455260947770296,0.044657555603462025,-0.22195537637223112
57.230000000000004,0.037917542457278006,-0.2053809983631606,0.04476320972093011,-0.2226553207511909
57.24,0.038032630586107556,-0.2060852311215786,0.04484659476375685,-0.22325543260337993
57.25,0.03812710359068075,-0.20666449475320336,0.044907651815065605,-0.22375345432534638
57.26,0.038200905676861706,-0.20711813825960226,0.04494633218950398,-0.22414714648590983
57.27,0.038253993619436946,-0.20744562826070295,0.044962597659301815,-0.22443421887117712
57.28,0.03828633681243881,-0.20764655545245833,0.04495642067885976,-0.22461249861899635
57.29,0.03829791730619912,-0.20772066653315294,0.04492778460637047,-0.22467975384771002
57.300000000000004,0.03828872982985699,-0.2076678504968888,0.044876683919882226,-0.22463395227639663
57.31,0.03825878179794838,-0.20748818474791006,0.04480312442189984,-0.2244731514818326
57.32,0.038208093299372525,-0.20718192561039703,0.044707123429116806,-0.2241956192084412
57.33,0.03813669707020862,-0.20674944641245244,0.0445887099455224,-0.2237997679993346
57.34,0.038044638454002196,-0.2061912252747285,0.04444792481626325,-0.22328426774835772
57.35,0.03793197535055943,-0.20550787085256578,0.044284820858202324,-0.22264803891959245
57.36,0.03779877815280627,-0.2047001032964043,0.044099462965217946,-0.22189025472917576
57.370000000000005,0.03764512967238693,-0.20376874658135824,0.04389192818540809,-0.22101043388310992
57.38,0.037471125054633236,-0.2027147324527846,0.043662305762697404,-0.22000853377802712
57.39,0.03727687168173953,-0.20153913695352407,0.04341069713064517,-0.21888513745534768
57.4,0.03706248906547387,-0.20024307636674032,0.04313721585866497,-0.2176410878922406
57.410000000000004,0.036828108733311195,-0.19882772440975774,0.04284198757309896,-0.21627722652894915
57.42,0.03657387411026208,-0.19729427773426236,0.04252514987052694,-0.21479448251819766
57.43,0.03629994039622141,-0.19564400616546698,0.04218685222513447,-0.21319383790931448
57.44,0.036006474438086064,-0.19387821877512815,0.041827255889752606,-0.21147633875456895
57.45,0.0356936545965551,-0.19199828875980932,0.041446533790385584,-0.20964310567131259
57.46,0.035361670607214755,-0.19000564819935348,0.04104487041452268,-0.20769530028150757
57.47,0.035010723435926365,-0.18790178011607703,0.0406224616936433,-0.2056341587702283
57.480000000000004,0.03464102512835403,-0.1856882398520067,0.040179514879900936,-0.2034609601664058
57.49,0.034252798652881944,-0.18336665028919674,0.039716248417915614,-0.20117702542247057
57.5,0.033846277736546825,-0.18093870785405514,0.03923289181285194,-0.19878370134322618
57.51,0.03342170669206521,-0.1784062382583129,0.03872968549616028,-0.19628234210482212
57.52,0.03297934023205759,-0.17577122989990926,0.03820688069246964,-0.19367423604852263
57.53,0.032519443268608686,-0.17303580521283937,0.037664739289620906,-0.19096067016871093
57.54,0.03204229070091691,-0.17020215579028455,0.03710353370813323,-0.1881429938583732
57.550000000000004,0.031548167194423764,-0.167272554910593,0.03652354676507507,-0.18522263859977098
57.56,0.03103736695113941,-0.16424938790719198,0.03592507152914682,-0.18220114915782895
57.57,0.03051019346740905,-0.16113521750608584,0.03530841116286664,-0.17908025411838507
57.58,0.029966959275912728,-0.1579327637017931,0.034673878748336814,-0.17586184721693926
57.59,0.029407985674725377,-0.15464480266816696,0.0340217970990527,-0.17254789238648763
57.6,0.028833602450045345,-0.1512741271798766,0.03335249856249877,-0.16914043376491938
57.61,0.02824414759683338,-0.1478235372270778,0.032666324814578665,-0.16564160661745697
57.620000000000005,0.027639967038535305,-0.14429584227804784,0.03196362664547632,-0.16205362638609955
57.63,0.027021414346191673,-0.14069385399405787,0.03124476373718664,-0.15837879151696618
57.64,0.026388850457443366,-0.13702037976234643,0.03051010443280458,-0.15461948309612383
57.65,0.025742643395923272,-0.13327822172703654,0.029760025497654337,-0.15077816111485678
57.660000000000004,0.025083167991642966,-0.1294701627932562,0.028994911872200296,-0.1468573726256998
57.67,0.024410805603177606,-0.12559896353587655,0.02821515641647326,-0.14285974955186725
57.68,0.02372594384189426,-0.1216673682475198,0.02742115964631155,-0.13878799734710873
57.69,0.023028976297576408,-0.1176781181077056,0.026613329462583515,-0.1346448766463016
57.7,0.02232030226255776,-0.11363401978508489,0.025792080876799232,-0.13043312956585465
57.71,0.021600326446614453,-0.10953807835220332,0.024957835741386512,-0.12615534118582858
57.72,0.020869458677463242,-0.10539340781741265,0.024111022490364287,-0.12181402258698691
57.730000000000004,0.020128113591963696,-0.1012031239058739,0.02325207588588029,-0.11741171348410116
57.74,0.019376710324993995,-0.09697034704812113,0.022381436764141435,-0.11295097452441458
57.75,0.018615672198262972,-0.09269819279450932,0.02149955177907469,-0.10843438771756142
57.76,0.017845426409497402,-0.08838977097217543,0.020606873143967135,-0.10386455284107801
57.77,0.017066403722313397,-0.08404818290166581,0.019703858371284272,-0.09924408657046256
57.78,0.01627903815702217,-0.07967651838496354,0.018790970010853846,-0.09457561997667524
57.79,0.015483766682666069,-0.07527785267370661,0.017868675386607594,-0.08986179684693264
57.800000000000004,0.014681028910583135,-0.07085524355846283,0.016937446332074207,-0.08510527163511897
57.81,0.013871266789717075,-0.06641173082599026,0.015997758924805962,-0.08030870801047688
57.82,0.013054924303768008,-0.061950335922168316,0.01505009321989252,-0.07547477733660342
57.83,0.012232447170590775,-0.05747404965090848,0.014094932982766891,-0.07060615538568238
57.84,0.011404282544464751,-0.05298583166179376,0.01313276542155429,-0.06570552069332816
57.85,0.010570878721468531,-0.04848861145972045,0.012164080919144884,-0.060775553491097756
57.86,0.009732684848028068,-0.04398528489361847,0.011189372765129688,-0.05581893395304572
57.870000000000005,0.008890150632500364,-0.03947872358997673,0.010209136887712762,-0.05083834171158329
57.88,0.00804372605983808,-0.034971760591371887,0.009223871585771941,-0.0458364522943232
57.89,0.007193861110223971,-0.03046717846950658,0.00823407726133089,-0.04081593458904149
57.9,0.006341005482307537,-0.02596771681624505,0.007240256152653252,-0.03577945058754955
57.910000000000004,0.005485608320290912,-0.021476092212390697,0.006242912067922801,-0.030729658638478985
57.92,0.004628117944513459,-0.016994972965626864,0.005242550119371702,-0.02566921248521988
57.93,0.0037689815869183046,-0.012526961733880003,0.004239676458306145,-0.020600746336815023
57.94,0.0029086451312034366,-0.008074645844533424,0.0032347980116239827,-0.015526880368385579
57.95,0.0020475528568142235,-0.0036405551785951623,0.0022284222198569745,-0.010450220153602417
57.96,0.0011861471875525879,0.0007728277969150974,0.001221056776384438,-0.005373365568143536
57.97,0.0003248684445600778,0.005163049310347673,0.00021320936747330348,-0.00029890817524046273
57.980000000000004,-0.0005358453973590032,0.009527687116836268,-0.0007946125863713266,0.004770586075906095
57.99,-0.0013955589501528942,0.013864355503093609,-0.00180190218781258,0.009832545160717654
58.0,-0.00225383964988011,0.018170688606661156,-0.002808153320344669,0.014884382120545984
58.01,-0.0031102579876413853,0.022444473217465285,-0.003812860908905808,0.01992344205723526
58.02,-0.003964387731622532,0.026683526750827486,-0.004815521192574611,0.024946796734143076
58.03,-0.00481580614930898,0.03088551424997351,-0.005815632013287204,0.0299514794424394
58.04,-0.00566409424871074,0.03504770792999863,-0.006812693098897003,0.03493494305888086
58.050000000000004,-0.006508837027503309,0.0391678469672249,-0.007806206321098288,0.03989480853665572
58.06,-0.0073496236934338195,0.0432441042695271,-0.008795675936451728,0.04482870824731702
58.07,-0.008186047857001503,0.047274559211921606,-0.009780608821652144,0.04973433631073853
58.08,-0.009017707719296338,0.051257320431693,-0.010760514703803301,0.054609442966354026
58.09,-0.009844206254557024,0.055190680181627504,-0.011734906385674225,0.0594518119500362
58.1,-0.010665151380715982,0.0590730074186649,-0.012703299967013417,0.06425926527402058
58.11,-0.011480156118377735,0.06290280614648236,-0.013665215062193257,0.06902966129323582
58.120000000000005,-0.01228883873780315,0.06667870441619872,-0.014620175014567902,0.07376088216506667
58.13,-0.013090822893479657,0.0703994486784742,-0.015567707107846706,0.07845084557741853
58.14,-0.013885737748020193,0.07406386348142409,-0.016507342773931878,0.08309751164044729
58.15,-0.014673218086610732,0.07767088018236427,-0.017438617797102193,0.08769886816478331
58.160000000000004,-0.015452904420490854,0.08121956607735557,-0.018361072515070607,0.09225293283054203
58.17,-0.016224443080447497,0.08470902784877136,-0.01927425201642357,0.09675777509208075
58.18,-0.01698748630337184,0.08813844860980626,-0.020177706333773585,0.10121150098619927
58.19,-0.017741692310563446,0.09150713309492792,-0.02107099063322599,0.10561224421366604
58.2,-0.018486725375917425,0.0948144722864516,-0.021953665400597986,0.10995817614664405
58.21,-0.019222255885736034,0.09805991471754479,-0.022825296623885435,0.11424751162926561
58.22,-0.019947960392482183,0.10124295993655141,-0.02368545597142485,0.11847851102089055
58.230000000000004,-0.020663521662306974,0.10436319291971986,-0.024533720965957552,0.12264946634304955
58.24,-0.02136862871485652,0.10742028174463213,-0.025369675155191593,0.12675870329650793
58.25,-0.022062976855478682,0.11041395526621053,-0.026192908278857185,0.13080458719310775
58.26,-0.02274626770100802,0.11334400225122958,-0.027003016431978243,0.13478552068482705
58.27,-0.023418209199989888,0.11621025916212704,-0.02779960222424333,0.1386999474487256
58.28,-0.024078515648039655,0.11901260787926626,-0.02858227493533819,0.14254635203831814
58.29,-0.02472690769825146,0.12175098999421383,-0.029350650666411248,0.1463232520296033
58.300000000000004,-0.02536311236623331,0.12442539911351427,-0.030104352488052124,0.1500291990200854
58.31,-0.025986863030138984,0.1270358719977027,-0.030843010584801614,0.15366278146599358
58.32,-0.026597899426363487,0.12958248584540097,-0.03156626239606911,0.15722262327894382
58.33,-0.027195967641365972,0.13206535347000745,-0.03227375275345686,0.16070738399291606
58.34,-0.027780820100011566,0.1344846200614565,-0.03296513401453252,0.16411575825957758
58.35,-0.028352215550948887,0.1368404547816868,-0.03364006619301227,0.16744647764864726
58.36,-0.028909919049426733,0.13913305319702032,-0.03429821708533734,0.17069830853599494
58.370000000000005,-0.02945370193757642,0.14136263807698357,-0.034939262393807125,0.17387004888629864
58.38,-0.029983341822297876,0.14352945175166737,-0.035562885846450724,0.17696052941413137
58.39,-0.030498622551252085,0.14563375154145283,-0.03616877931364005,0.1799686138119164
58.4,-0.030999334188855292,0.14767576063367926,-0.036756642919512084,0.18289326012792204
58.410000000000004,-0.0314852730007828,0.14965547377640703,-0.0373261851372667,0.1857337763987022
58.42,-0.03195624145608989,0.15157270421613167,-0.03787712285655629,0.1884897541151149
58.43,-0.032412048243777115,0.15342723581771045,-0.038409181427607623,0.1911608607829485
58.44,-0.0328525082944692,0.15521885200046673,-0.03892209469500633,0.1937467955029721
58.45,-0.03327744280214108,0.15694735644480556,-0.03941560502841392,0.19624725706838939
58.46,-0.033686679243216715,0.15861260796816423,-0.039889463354196256,0.19866189452798833
58.47,-0.034080051392040345,0.16021448394729107,-0.04034342918968248,0.20099035104928348
58.480000000000004,-0.03445739933306894,0.16175290506000017,-0.0407772706800494,0.20323222563358437
58.49,-0.03481856946913167,0.16322784002411428,-0.04119076463916501,0.20538706324394548
58.5,-0.03516341452574201,0.16463928254542834,-0.041583696594786924,0.20745438233042035
58.51,-0.03549179355190361,0.16598727098380422,-0.04195586083785813,0.2094336452530252
58.52,-0.03580357191712047,0.16727188086520017,-0.042307060476609405,0.21132426514084038
58.53,-0.03609862130524962,0.1684932036875762,-0.04263710749710645,0.21312556081070191
58.54,-0.036376819708121455,0.1696512904267831,-0.042945822835533984,0.21483665289086262
58.550000000000004,-0.03663805142460409,0.17074607139719752,-0.04323303646700588,0.21645650359840035
58.56,-0.03688220706984347,0.17177736725208068,-0.04349858750828211,0.21798400446724867
58.57,-0.037109183594786245,0.17274491932064986,-0.04374232432864482,0.21941799672833048
58.58,-0.03731888431290638,0.17364843356435028,-0.04396410466469412,0.22075732015371805
58.59,-0.037511218932015505,0.17448755936496205,-0.04416379573690398,0.22200079191153776
58.6,-0.03768610358931045,0.17526195543466816,-0.044341274365921106,0.22314727429621745
58.61,-0.0378434608897053,0.1759711962057618,-0.04449642708954031,0.2241955496379505
58.620000000000005,-0.03798321994751517,0.1766148769685998,-0.04462915029462404,0.22514401501818898
58.63,-0.03810531643335257,0.17719244504127007,-0.044739350392306906,0.22599033263579757
58.64,-0.038209692626880905,0.17770338173306102,-0.04482694404466336,0.22673191958214564
58.65,-0.038296297472790924,0.17814710450443297,-0.044891858425944016,0.2273659352445172
58.660000000000004,-0.03836508663888533,0.17852304324185495,-0.04493403150122982,0.22788954375689094
58.67,-0.038416022574400084,0.1788306412269103,-0.04495341231437746,0.22829976537458246
58.68,-0.038449074567562705,0.1790693373892605,-0.044949961277604936,0.228593794055849
58.69,-0.03846421880203022,0.17923860530823352,-0.04492365046065272,0.228768651508327
58.7,-0.03846143841030294,0.1793379635791564,-0.04487446387354758,0.22882173113147172
58.71,-0.03844072352206671,0.179367000552413,-0.0448023977354813,0.22875039182084747
58.72,-0.038402071306046504,0.17932537390503192,-0.044707460728225845,0.2285523107207613
58.730000000000004,-0.038345486007564614,0.17921272440969477,-0.04458967422711289,0.2282254046634289
58.74,-0.03827097898538277,0.17902869808865976,-0.044449072505839037,0.22776785132766778
58.75,-0.03817856874759683,0.1787729732800936,-0.04428570291265525,0.227178184762374
58.76,-0.03806828098558625,0.1784452356128199,-0.04409962601479351,0.22645523090920427
58.77,-0.03794014860705673,0.17804516675237406,-0.043890915706967036,0.22559828469751295
58.78,-0.03779421176787549,0.17757248836802142,-0.04365965927335044,0.22460721099982103
58.79,-0.03763051790227238,0.1770269128106686,-0.04340595738900033,0.2234826246656989
58.800000000000004,-0.037449121753554075,0.1764081240387538,-0.04312992406722093,0.22222532717335897
58.81,-0.03725008540915915,0.17571571540360656,-0.042831686580030795,0.22083621321712285
58.82,-0.037033478340524124,0.17494928609040103,-0.04251138536796869,0.21931625448016015
58.83,-0.036799377446612554,0.17410836408553743,-0.042169173940756574,0.21766653609417094
58.84,-0.03654786710055828,0.1731924853401308,-0.04180521876819216,0.21588822902623844
58.85,-0.036279039198169674,0.1722011570150352,-0.041419699161986914,0.213982587731896
58.86,-0.03599299320777406,0.1711338823536062,-0.04101280714884722,0.2119509620564043
58.870000000000005,-0.0356898362206165,0.16999016985241738,-0.04058474733520158,0.2097947666813303
58.88,-0.035369683000269776,0.1687695524767302,-0.040135736764457954,0.2075154938212086
58.89,-0.035032656029653705,0.1674715966450633,-0.03966600476872446,0.2051146496450068
58.9,-0.034678885551990356,0.16609599464238758,-0.03917579281775482,0.2025937582744842
58.910000000000004,-0.03430850960073573,0.1646425714171468,-0.03866535436854324,0.1999542852389251
58.92,-0.0339216740184236,0.1631112166476925,-0.03813495471537766,0.1971977636061933
58.93,-0.03351853246848927,0.16150185713711843,-0.03758487083439503,0.1943258343232924
58.94,-0.03309924644212081,0.15981447830163806,-0.03701539121810034,0.19134024777690806
58.95,-0.03266398525786633,0.15804918088363715,-0.03642681569705356,0.18824292623054611
58.96,-0.03221292604864357,0.15620625000995977,-0.03581945524369942,0.18503602561424187
58.97,-0.03174625373390074,0.1542860811269899,-0.03519363175561395,0.18172188511377224
58.980000000000004,-0.0312641609826934,0.1522890675714325,-0.03454967782147252,0.17830296117146283
58.99,-0.030766848174637432,0.15021560236296672,-0.033887936474019026,0.17478182675890874
59.0,-0.030254523360659306,0.14806608496232826,-0.03320876093176191,0.1711611589830663
59.01,-0.02972740222314459,0.14584092233928517,-0.03251251433010394,0.16744373648083363
59.02,-0.02918570803556479,0.14354052045532892,-0.031799569442146576,0.16363244343842412
59.03,-0.02862967162191377,0.14116528663491137,-0.031070308389203046,0.15973026359320974
59.04,-0.02805953131592729,0.13871563186282024,-0.030325122341437628,0.1557402740336127
59.050000000000004,-0.027475532920126545,0.13619196445493767,-0.029564411208981616,0.15166564744842578
59.06,-0.026877929664563323,0.13359470244665234,-0.028788583324043635,0.147509635876488
59.07,-0.026266982163968215,0.13092430013499554,-0.0279980551156922,0.14327554081856284
59.08,-0.02564295836914008,0.1281813323978238,-0.027193250781748113,0.13896662776462906
59.09,-0.025006133504040524,0.1253666193364367,-0.02637460196643532,0.13458600178466035
59.1,-0.024356789984272046,0.12248111280969182,-0.025542547448405097,0.13013671200341545
59.11,-0.023695217322921854,0.1195258042972917,-0.024697532833651302,0.12562184166883208
59.120000000000005,-0.023021712030230113,0.11650173595479694,-0.023840010247244997,0.12104449373926682
59.13,-0.02233657750859037,0.11340999323719629,-0.022970438022798755,0.11640779137573577
59.14,-0.02164012394294231,0.11025170760828741,-0.02208928039008219,0.11171487279279016
59.15,-0.02093266818662666,0.10702805464186563,-0.021197007161110677,0.10696888890289948
59.160000000000004,-0.020214533642733477,0.10374025440843766,-0.020294093415063094,0.10217299884891749
59.17,-0.019486050141033173,0.1003895691303742,-0.019381019182407946,0.09733036633903032
59.18,-0.018747553810733706,0.0969772988432497,-0.018458269128678213,0.09244415422683783
59.19,-0.017999386949041008,0.0935047905673491,-0.0175263322382784,0.08751752324669952
59.2,-0.01724189788518682,0.08997343738968488,-0.01658570149880638,0.08255362150123224
59.21,-0.016475440839945767,0.086384673580516,-0.015636873586060463,0.07755559651585202
59.22,-0.01570037578088149,0.08273997512051003,-0.014680348549473372,0.07252659105503409
59.230000000000004,-0.014917068273537275,0.07904085509218713,-0.013716629498308128,0.06746973138587972
59.24,-0.014125889329043967,0.0752888553893575,-0.01274622228937759,0.06238812414863999
59.25,-0.013327215248016996,0.07148556703355055,-0.011769635216543547,0.0572848607077046
59.26,-0.012521427460011168,0.06763262688989635,-0.010787378701925494,0.052163014140576815
59.27,-0.011708912358595435,0.0637317079344661,-0.009799964989155753,0.04702563019460983
59.28,-0.010890061133171473,0.05978450057257635,-0.008807907840030098,0.04187570019040826
59.29,-0.010065269597957949,0.055792735029608354,-0.007811722234893928,0.036716199418867654
59.300000000000004,-0.009234938016932847,0.05175819669980479,-0.006811924075205301,0.03155009330694691
59.31,-0.00839947092464398,0.04768269031363139,-0.005809029888135875,0.02638030724549026
59.32,-0.007559276944668852,0.04356802972568323,-0.004803556535371187,0.021209701021355377
59.33,-0.006714768605191679,0.03941609448378581,-0.003796020927039423,0.016041099170662952
59.34,-0.005866362151284138,0.0352287592266973,-0.0027869397393640136,0.010877304039334063
59.35,-0.005014477355071969,0.031007932254887443,-0.0017768291366548887,0.0057210354830604165
59.36,-0.0041595373240646645,0.026755530053784494,-0.0007662044991060477,0.0005749715911385631
59.370000000000005,-0.0033019683079856398,0.022473482331330768,0.0002444198433138831,-0.004558287340900017
59.38,-0.0024421995055603557,0.018163693136370753,0.0012545308691020854,-0.009676244678614635
59.39,-0.0015806628695489127,0.013828155216365703,0.0022636171139611768,-0.014776496015034078
59.4,-0.0007177929063602349,0.009468910592332833,0.0032711689071789267,-0.01985682355438524
59.410000000000004,0.00014597352343210276,0.0050878359829303966,0.004276678592510128,-0.024915154208129644
59.42,0.0010101973815222407,0.0006862932139254625,0.005279640740716331,-0.029949334281656716
59.43,0.0018744376154804555,-0.0037338439477407797,0.0062795523694869565,-0.03495700696313013
59.44,0.0027382513510527963,-0.008170263653524058,0.0072759131762136905,-0.03993577420842308
59.45,0.003601194110417181,-0.012620841613714054,0.00826822577413495,-0.04488332359033129
59.46,0.0044628200284589125,-0.01708349806282737,0.009255995923792238,-0.049797383517048786
59.47,0.0053226820666613835,-0.021556040067855407,0.010238732760085563,-0.054675704680991685
59.480000000000004,0.006180332234650208,-0.0260361797553821,0.011215949016397901,-0.059516070785225035
59.49,0.007035321820136975,-0.030521581479974948,0.01218716124537688,-0.06431630661429884
59.5,0.007887201627526557,-0.035009765703811396,0.013151890035841336,-0.06907427564302823
59.51,0.008735522225200255,-0.039498231924996796,0.014109660225634806,-0.07378788427337633
59.52,0.009579834198236978,-0.04398442819005057,0.015060001110167018,-0.0784550852080707
59.53,0.010419688407468404,-0.04846569205876007,0.01600244664657895,-0.08307387135338964
59.54,0.01125463625478674,-0.05293936695389884,0.016936535653543663,-0.08764228306075451
59.550000000000004,0.012084229950994322,-0.05740277391786555,0.017861812006482087,-0.09215840760278715
59.56,0.012908022787109862,-0.0618531526423726,0.018777824828219568,-0.09662037477683745
59.57,0.013725569411146794,-0.06628770847206979,0.019684128675207236,-0.1010263599741708
59.58,0.014536426108297496,-0.07070364171034711,0.020580283719195045,-0.10537458584554595
59.59,0.01534015108199305,-0.07509815257076358,0.021465855924201943,-0.10966332277864979
59.6,0.01613630473642782,-0.07946839523175035,0.022340417218841314,-0.11389088536762303
59.61,0.016924449962162635,-0.08381149598188098,0.023203545664128848,-0.11805563346483379
59.620000000000005,0.017704152424129066,-0.08812457542317399,0.02405482561674922,-0.12215597329552276
59.63,0.018474980850725006,-0.09240474372935574,0.02489384788773239,-0.1261903569354836
59.64,0.01923650732328623,-0.09664911699542245,0.025720209896527912,-0.13015728271162516
59.65,0.019988307565227015,-0.10085481705764962,0.026533515820460957,-0.13405529563843377
59.660000000000004,0.020729961231030786,-0.10501895513164865,0.027333376739604207,-0.13788298542668262
59.67,0.021461052195577916,-0.109138642635677,0.02811941077714669,-0.14163898627581317
59.68,0.02218116884325965,-0.11321100202397442,0.028891243235300443,-0.14532197743296482
59.69,0.02288990435610949,-0.11723316763109545,0.02964850672673112,-0.1489306828291183
59.7,0.02358685700053443,-0.12120229052021805,0.030390841301533605,-0.15246387078389653
59.71,0.02427163041230869,-0.1251155413430166,0.031117894569783658,-0.1559203536368005
59.72,0.024943833879367303,-0.12897011740643105,0.03182932181969462,-0.1592989876111364
59.730000000000004,0.025603082621917076,-0.1327632453012956,0.032524786131412395,-0.16259867235585657
59.74,0.026248998069685267,-0.13649217779401956,0.033203958486511864,-0.1658183497628892
59.75,0.026881208136233795,-0.1401541994914356,0.03386651787325538,-0.16895700402259517
59.76,0.02749934748994967,-0.14374663268361443,0.03451215138763722,-0.17201366120145803
59.77,0.02810305782122589,-0.14726683973299157,0.035140554330261406,-0.1749873884673908
59.78,0.0286919881068173,-0.15071218407718895,0.03575143029730414,-0.17787735253199113
59.79,0.029265794878812892,-0.15407984970637845,0.03634449125495197,-0.18068307031870973
59.800000000000004,0.02982414250637455,-0.1573668912216101,0.0369194575858377,-0.18340434230891742
59.81,0.03036670348649578,-0.16057039065630377,0.037476058112348457,-0.1860410408295385
59.82,0.030893158733909912,-0.16368749414562733,0.03801403010999975,-0.18859306401572956
59.83,0.03140319786456864,-0.16671543369253847,0.03853311931805242,-0.1910603124557643
59.84,0.031896519469742014,-0.16965156429833506,0.03903307995099799,-0.1934426386920818
59.85,0.03237283137932304,-0.17249333666050243,0.03951367471261442,-0.19573988776247592
59.86,0.032831850914294164,-0.17523831845390067,0.03997467481230522,-0.19795187383876028
59.870000000000005,0.03327330512742396,-0.17788420808667668,0.04041585998459399,-0.20007836350734112
59.88,0.03369693103169902,-0.18042881520043094,0.040837018512130605,-0.2021191057551492
59.89,0.03410247581655044,-0.18287008137672095,0.04123794725182589,-0.20407380706664474
59.9,0.034489697051343624,-0.1852060766155088,0.04161845166453305,-0.2059421386246593
59.910000000000004,0.03485836287562509,-0.18743500822080336,0.0419783458487034,-0.20772372680849724
59.92,0.035208252175903836,-0.1895552160687523,0.04231745258000783,-0.20941809929682742
59.93,0.035539154752342775,-0.1915650653229212,0.04263560336041128,-0.2110246642304958
59.94,0.03585087148247226,-0.19346289086792268,0.04293263847827917,-0.21254272720177242
59.95,0.03614321448521734,-0.19524704844199242,0.04320840707760989,-0.21397153899703292
59.96,0.03641600728315325,-0.19691593587451703,0.04346276723311391,-0.21531031460175779
59.97,0.03666908495935998,-0.1984680439204718,0.0436955860277733,-0.21655828145317965
59.980000000000004,0.036902294307028384,-0.19990192139287286,0.04390673963122829,-0.2177146433874409
59.99,0.0371154939700357,-0.20121625624250308,0.04409611337738773,-0.2187786593500625
60.0,0.03730855457421726,-0.20240977713072011,0.04426360184220688,-0.21974950994193662
60.01,0.03748135884960947,-0.20348135007091878,0.04440910893502813,-0.22062602661810005
60.02,0.037633801744609396,-0.20442985625129598,0.04453254802681843,-0.2214064544513217
60.03,0.03776579053331819,-0.20525428484712852,0.04463384212141548,-0.22208880683253757
60.04,0.03787724491291371,-0.2059537651468207,0.0447129240536432,-0.2226709725666132
60.050000000000004,0.037968097090212614,-0.2065274831164911,0.04476973670056898,-0.2231507623449806
60.06,0.03803829185709895,-0.2069748045812784,0.0448042332001575,-0.22352595201519926
60.07,0.03808778665291931,-0.20729519347101188,0.04481637717187327,-0.22379436017727192
60.08,0.03811655161412406,-0.20748825460483597,0.044806142935858634,-0.22395380549224922
60.09,0.03812456961008938,-0.20755375234411913,0.0447735157275419,-0.2240022274204825
60.1,0.03811183626416191,-0.20749158435678186,0.04471849190503896,-0.2239376056549852
60.11,0.038078359958832575,-0.20730184723109563,0.044641079146481646,-0.22375810482772393
60.120000000000005,0.03802416182329435,-0.20698480515023257,0.04454129663096623,-0.22346209853791765
60.13,0.03794927570575136,-0.2065408214616571,0.044419175202215874,-0.22304806771441435
60.14,0.037853748133869596,-0.2059703784378601,0.04427475751358477,-0.2225147922355783
60.15,0.03773763826345805,-0.20527408663378297,0.0441080981498399,-0.22186125736501688
60.160000000000004,0.037601017814724594,-0.20445267859293534,0.043919263724928735,-0.22108670647046616
60.17,0.0374439709969938,-0.20350698418979205,0.04370833295281728,-0.2201907109753701
60.18,0.03726659442253928,-0.2024379532519437,0.04347539668423961,-0.21917325659838727
60.19,0.03706899700855742,-0.20124666648879383,0.04322055789794199,-0.21803493057389361
60.2,0.03685129986929038,-0.19993423879802377,0.042943931646320314,-0.2167765700524129
60.21,0.036613636201452235,-0.19850186465876515,0.04264564497708861,-0.21539900396508588
60.22,0.03635615116484362,-0.19695074639919616,0.04232583684683436,-0.21390317733398773
60.230000000000004,0.036079001757802896,-0.19528219137410877,0.04198465802824282,-0.2122900598392867
60.24,0.03578235668668621,-0.19349752895080036,0.04162227101115116,-0.2105607069157532
60.25,0.035466396229743874,-0.1915981691829467,0.041238849896824185,-0.20871624043326903
60.26,0.03513131209487203,-0.18958557896297654,0.04083458028614493,-0.20675781798260442
60.27,0.03477730727123248,-0.18746128289560643,0.04040965916199753,-0.20468668541169735
60.28,0.03440459587481099,-0.18522687479996083,0.039964294765765795,-0.20250411503071067
60.29,0.03401340298712201,-0.18288402450730087,0.03949870646897429,-0.2002114376015779
60.300000000000004,0.03360396448667239,-0.18043447220533773,0.03901312464094282,-0.1978100024888597
60.31,0.033176526871696435,-0.17788008138313502,0.03850779051388952,-0.19530117434442815
60.32,0.032731347070493716,-0.1752228767906436,0.037982956048603536,-0.192686262840324
60.33,0.032268692237295664,-0.17246501704401584,0.03743888380284532,-0.18996656713910387
60.34,0.031788839536101225,-0.16960873516178748,0.03687584679947824,-0.18714344696985383
60.35,0.031292075915857726,-0.16665634179591118,0.036294128389381584,-0.1842183406273775
60.36,0.03077869787714968,-0.16361025293262402,0.03569402210607533,-0.18119279033529873
60.370000000000005,0.030249011227238776,-0.16047304567538148,0.035075831508522,-0.17806850455484732
60.38,0.02970333081995641,-0.15724746482371804,0.03443987000828139,-0.17484736600628478
60.39,0.029141980282288014,-0.15393631700233407,0.03378646068226408,-0.17153133860258124
60.4,0.02856529173427852,-0.15054242111345037,0.03311593607554444,-0.16812246666623917
60.410000000000004,0.027973605506779846,-0.14706860878714065,0.03242863799589148,-0.164622881930622
60.42,0.027367269858019492,-0.14351772381994965,0.0317249173000532,-0.1610347917326076
60.43,0.026746640689231622,-0.13989261471356082,0.031005133672095436,-0.1573604835223974
60.44,0.026112081259942375,-0.13619612789446234,0.030269655393823425,-0.15360232472375834
60.45,0.02546396190336811,-0.13243110822571247,0.029518859107355626,-0.14976275757478308
60.46,0.02480265974251387,-0.12860038373840454,0.028753129569828742,-0.14584430825742178
60.47,0.02412855840780644,-0.12470676256416971,0.027972859399946627,-0.1418495847350906
60.480000000000004,0.02344204775653279,-0.12075303879691779,0.027178448816650443,-0.1377812654979057
60.49,0.022743523593620918,-0.1167420001760702,0.026370305370906743,-0.13364208663608004
60.5,0.02203338739168857,-0.11267647906810059,0.025548843673205212,-0.1294347857035719
60.51,0.02131204600362037,-0.10855948446737156,0.024714485124038107,-0.1251619642497507
60.52,0.02057991136156977,-0.10439415593356498,0.02386765765402419,-0.12082612777697044
60.53,0.019837400165720512,-0.10018364477401916,0.023008795470869346,-0.1164298006971021
60.54,0.01908493356998683,-0.09593110103090939,0.022138338806540668,-0.11197553133322516
60.550000000000004,0.018322936867701787,-0.0916396713421559,0.021256733662293175,-0.1074658870245509
60.56,0.017551839177742622,-0.08731249598003565,0.02036443155170677,-0.10290345370419168
60.57,0.016772073131357645,-0.08295270644230593,0.019461889241934618,-0.0982908333436189
60.58,0.015984074559974477,-0.07856342199146953,0.018549568493339764,-0.09363064230749912
60.59,0.015188282184300768,-0.07414774678447389,0.01762793579771964,-0.08892550929630548
60.6,0.014385137305013033,-0.06970876685471057,0.01669746211530483,-0.08417807353567536
60.61,0.013575083495218325,-0.0652495509478644,0.015758622610704494,-0.07939098345132627
60.620000000000005,0.01275856629481678,-0.0607731467794759,0.014811896387957057,-0.07456689472763323
60.63,0.011936032907266246,-0.056282570319756954,0.01385776622489519,-0.06970846740918965
60.64,0.011107931899319676,-0.051780806592164504,0.012896718307058215,-0.0648183645961187
60.65,0.010274712903912029,-0.0472708094840611,0.011929241961325469,-0.05989925073545498
60.660000000000004,0.009436826326286821,-0.042755498562023056,0.010955829389430282,-0.054953789877633004
60.67,0.00859472305322511,-0.038237768750426324,0.009976975401481899,-0.04998464546970421
60.68,0.0077488541654410666,-0.033720474771949,0.008993177149633496,-0.04499447705856491
60.69,0.006899670654064862,-0.02920641995262544,0.008004933862134193,-0.039985938213965476
60.7,0.006047623141836113,-0.024698363639624205,0.00701274657774111,-0.03496168295479911
60.71,0.0051931616082996675,-0.02019903953877349,0.00601711788051589,-0.029924355898290046
60.72,0.00433673511854566,-0.015711136369587965,0.005018551635538161,-0.024876586496092475
60.730000000000004,0.0034787915568197285,-0.011237274134492627,0.004017552725938651,-0.0198209914717319
60.74,0.0026197773651405816,-0.0067800498125912215,0.0030146267912209953,-0.014760176011024572
60.75,0.0017601372858266553,-0.002342015054200533,0.0020102799667170517,-0.009696735026466036
60.76,0.0009003141087207804,0.0020743429204275105,0.0010050186237615093,-0.00463326379621174
60.77,4.074842296090268e-05,0.006466551719485721,-6.508890325811323e-07,0.0004276720475238706
60.78,-0.0008181216276343431,0.010832190708160359,-0.0010062225028147982,0.005483514316471737
60.79,-0.0016758605854525555,0.015168867273323955,-0.0020111906846067592,0.010531704107844575
60.800000000000004,-0.0025320359175399413,0.019474189289892252,-0.0030150506936169105,0.015569672260126576
60.81,-0.0033862182487447443,0.02374591735686282,-0.004017298839854622,0.020594791902132512
60.82,-0.0042379815852359864,0.02798187881297754,-0.005017432752388069,0.025604222503450506
60.83,-0.0050869035349352075,0.03217979636695649,-0.0060149516645428645,0.03059495320912369
60.84,-0.005932565546330873,0.03633692095708856,-0.007009356699372522,0.035564373409395986
60.85,-0.006774553161206731,0.04045087205696409,-0.008000151131377604,0.040510110849490744
60.86,-0.007612456241653027,0.04451981264820435,-0.008986840628214915,0.04542980538044543
60.870000000000005,-0.008445869164686651,0.04854185036456854,-0.009968933485294044,0.05032115662130805
60.88,-0.009274391009614804,0.05251506923963919,-0.010945940855361233,0.055181923733751116
60.89,-0.010097625741644783,0.05643774753350985,-0.011917376972899503,0.060009900513912806
60.9,-0.010915182383958352,0.06030824150698043,-0.012882759374495942,0.06480291803108049
60.910000000000004,-0.01172667517790653,0.06412504355016961,-0.013841609115464006,0.0695588469801177
60.92,-0.012531723731069633,0.06788677216183683,-0.014793450983073242,0.07427558071345185
60.93,-0.013329953152332725,0.07159217851817018,-0.015737813706897228,0.07895104443961506
60.94,-0.014120994175581332,0.07524009079335836,-0.016674230165780828,0.08358320747941465
60.95,-0.014904483273820237,0.0788294406154091,-0.01760223759111772,0.08817006762743934
60.96,-0.01568006276214197,0.08235930752782866,-0.01852137776702624,0.09270964941189387
60.97,-0.016447380890141385,0.08582881185144488,-0.01943119722703851,0.0972000294441575
60.980000000000004,-0.017206091927181245,0.0892371473060609,-0.020331247446519228,0.10163932190209173
60.99,-0.017955856239371362,0.0925836343480702,-0.021221085031374973,0.10602566758675576
61.0,-0.018696340356124684,0.09586768326360291,-0.022100271903572093,0.11035724419115762
61.01,-0.01942721702799524,0.09908876409039549,-0.022968375482973546,0.11463227251014228
61.02,-0.020148165278303112,0.10224639710760826,-0.023824968864889468,0.1188490193267981
61.03,-0.020858870448447444,0.10534019061079782,-0.02466963099352778,0.12300578263255774
61.04,-0.021559024235288833,0.10836983921503963,-0.025501946831978477,0.12710089341238529
61.050000000000004,-0.022248324720687676,0.11133509942029392,-0.026321507528733076,0.1311327221693735
61.06,-0.02292647639444651,0.11423578951929467,-0.02712791058045298,0.1350996763956432
61.07,-0.023593190171530345,0.11707177699605321,-0.027920759990862264,0.13900020435438465
61.08,-0.024248183404289924,0.11984297552656938,-0.028699666425622897,0.1428327951593019
61.09,-0.024891179889609535,0.12254936033499847,-0.02946424736336367,0.1465959705071066
61.1,-0.02552190987052343,0.12519096047092942,-0.030214127243253435,0.15028828571552477
61.11,-0.026140110032665625,0.1277678492689798,-0.030948937609143946,0.15390833277856192
61.120000000000005,-0.026745523496258083,0.13028014179240835,-0.03166831725014282,0.1574547388331723
61.13,-0.0273378998041037,0.13272798984139955,-0.03237191233762323,0.16092616637779053
61.14,-0.027916994905985787,0.13511157871925267,-0.03305937655870797,0.16432131272265124
61.15,-0.028482571139999073,0.13743111857814058,-0.03373037124619468,0.16763891182963445
61.160000000000004,-0.029034397211234107,0.13968684674351436,-0.03438456550489876,0.17087773224121697
61.17,-0.02957224816784126,0.14187902870012045,-0.035021636334579546,0.1740365737976188
61.18,-0.0300959053746135,0.14400795040293018,-0.03564126874963295,0.17711426872367947
61.19,-0.030605156484595598,0.14607391324568386,-0.03624315589555112,0.1801096822082767
61.2,-0.031099795411536155,0.14807715611422723,-0.03682699915901432,0.18302181212287172
61.21,-0.031579622312755,0.15001767280388706,-0.037392508259265086,0.18585002909528453
61.22,-0.03204444359023033,0.1518953009605753,-0.03793940131072729,0.18859395369381737
61.230000000000004,-0.03249407190466235,0.15370986656420116,-0.03846740486428845,0.19125325895052162
61.24,-0.032928326193025846,0.15546120330473992,-0.038976253940404604,0.19382763861164912
61.25,-0.03334703168552698,0.15714916166027793,-0.03946569206000956,0.19631679042405975
61.26,-0.0337500199198657,0.15877364977587805,-0.03993547127644593,0.198720358797961
61.27,-0.034137128751363245,0.16033460911611053,-0.04038535221073924,0.2010379622051603
61.28,-0.03450820235946494,0.16183201036896655,-0.04081510408998732,0.20326919345145364
61.29,-0.03486309125050371,0.1632658793000729,-0.04122450478950005,0.20541358126668727
61.300000000000004,-0.035201652256411926,0.16463626776650225,-0.04161334087948942,0.207470625701295
61.31,-0.03552374852985273,0.1659432684443978,-0.041981407676032444,0.2094397750061754
61.32,-0.03582924953566878,0.1671870130342552,-0.042328509296860536,0.21132042199103337
61.33,-0.03611803103982667,0.16836762748078352,-0.04265445872456353,0.2131118409118855
61.34,-0.036389975099719446,0.169485179498189,-0.04295907788311887,0.2148130992189767
61.35,-0.036644970061503086,0.17053960678979463,-0.0432421977315368,0.21642311614375223
61.36,-0.03688291056809417,0.17153074806221083,-0.043503658370703066,0.21794075240399285
61.370000000000005,-0.037103697576262376,0.17245839017529455,-0.043743309156755894,0.2193648450411341
61.38,-0.037307238380042136,0.1733222625059299,-0.04396100881747091,0.22069420873350415
61.39,-0.03749344663876834,0.17412207074271788,-0.04415662556990626,0.22192766815012271
61.4,-0.037662242408092614,0.17485749956437283,-0.044330037237496005,0.22306406402725662
61.410000000000004,-0.03781355217413063,0.17552818203060447,-0.04448113136907906,0.2241021417982005
61.42,-0.03794730889122148,0.176133730907196,-0.04460980537915912,0.22504010110745246
61.43,-0.03806345202557201,0.17667363424472085,-0.04471596673684914,0.22587549839925244
61.44,-0.038161927604100164,0.17714742443558965,-0.044799533202233933,0.22660573215009078
61.45,-0.038242688266049846,0.17755455333004574,-0.04486043309176773,0.22722792436281689
61.46,-0.03830569331654697,0.17789451068795228,-0.04489860555847909,0.22773926058763727
61.47,-0.0383509087801634,0.1781667770457608,-0.044914000879648586,0.22813675935930164
61.480000000000004,-0.03837830745381793,0.17837084517993212,-0.044906580744895556,0.22841765228400307
61.49,-0.03838786895829222,0.17850623912738944,-0.04487631854177025,0.2285790174436809
61.5,-0.03837957978677489,0.17857252121372963,-0.04482319963490331,0.22861825092840193
61.51,-0.038353433348409016,0.17856933396555194,-0.0447472216305602,0.22853281118221228
61.52,-0.03830943000595247,0.17849635729722851,-0.04464839462335167,0.22832043150142922
61.53,-0.03824757711052712,0.17835325390555495,-0.044526741420293114,0.2279790992875176
61.54,-0.03816788903613694,0.17813969686338751,-0.04438229773869525,0.2275070672690577
61.550000000000004,-0.03807038721288508,0.1778553951754606,-0.04421511237558631,0.2269029233968971
61.56,-0.0379551001583648,0.17750005210609135,-0.044025247346001474,0.22616555810939412
61.57,-0.037822063508400325,0.17707337728551076,-0.04381277798600253,0.22529430602155134
61.58,-0.0376713200466232,0.17657511075639556,-0.04357779300994131,0.22428908001022932
61.59,-0.03750291973313873,0.17600496833677268,-0.04332039450870978,0.22315049541567117
61.6,-0.037316919734253585,0.17536264990788378,-0.0430406978966347,0.2218793373420817
61.61,-0.03711338445668581,0.17464774985591988,-0.04273883183259353,0.2204765050717984
61.620000000000005,-0.036892385586354146,0.1738598917769943,-0.04241493813022437,0.21894296011182768
61.63,-0.03665400213030547,0.17299861700408167,-0.042069171659027536,0.2172797866197085
61.64,-0.036398320461602775,0.17206348272708127,-0.041701700235513756,0.21548815513690361
61.65,-0.03612543436605325,0.17105401232952452,-0.04131270450521282,0.21356931583007963
61.660000000000004,-0.035835445090062756,0.1699697352329873,-0.040902377815813754,0.2115246236335128
61.67,-0.03552846138899401,0.1688101749206075,-0.040470926082031164,0.20935548330312723
61.68,-0.03520459957454992,0.16757489049730706,-0.04001856764298182,0.20706339569077722
61.690000000000005,-0.034863983559664115,0.1662634673459162,-0.039545533113647904,0.2046498675355723
61.7,-0.034506744897598966,0.16487561208193854,-0.03905206523340609,0.2021164297797237
61.71,-0.03413302281043184,0.16341116267253245,-0.03853841871477921,0.1994645637898143
61.72,-0.033742964206821616,0.1618700149469914,-0.03800486009213902,0.19669581657051577
61.730000000000004,-0.03333672369308175,0.16025210298003237,-0.03745166756476405,0.19381184492896988
61.74,-0.03291446357952812,0.15855741414477373,-0.036879130829908464,0.19081441179671302
61.75,-0.03247635388008596,0.15678604256315212,-0.03628755090338901,0.18770544470786063
61.76,-0.03202257230018111,0.15493825524007454,-0.035677239922998163,0.184487096445649
61.77,-0.03155330421057325,0.1530144278202812,-0.03504852093147162,0.18116171674777773
61.78,-0.031068742612371133,0.15101493520604087,-0.034401727641582745,0.1777317753511755
61.79,-0.030569088099798854,0.14894015479504946,-0.033737204188033505,0.17419985204749205
61.800000000000004,-0.030054548822591686,0.146790470540569,-0.03305530486834238,0.17056863069258688
61.81,-0.029525340447668958,0.1445662758205826,-0.03235639387340919,0.16684089284497064
61.82,-0.028981686120162813,0.14226796394889651,-0.031640845008011356,0.16301952340089615
61.83,-0.02842381642419591,0.13989592868589146,-0.03090904140121271,0.15910750631913242
61.84,-0.02785196934335417,0.13745057119535242,-0.030161375207115378,0.15510791401414528
61.85,-0.02726639022077356,0.13493229118565972,-0.029398247296416602,0.15102391210342853
61.86,-0.026667331718808328,0.13234149778365706,-0.028620066939200463,0.14685874472054097
61.870000000000005,-0.026055053777146963,0.12967863448833875,-0.027827251480466858,0.14261570619760086
61.88,-0.025429823565831653,0.12694424709964372,-0.02702022601224193,0.13829807137010014
61.89,-0.024791915425346034,0.12413911298194327,-0.026199423050282753,0.13390896547226058
61.9,-0.024141610788701716,0.12126415471099537,-0.025365282220693487,0.129451444953056
61.910000000000004,-0.0234791980903857,0.11832033808969228,-0.024518249951978346,0.12492859631088478
61.92,-0.022804972668797982,0.11530867611731484,-0.023658779166304794,0.12034352768068667
61.93,-0.02211923666411728,0.1122302250597384,-0.022787328968489198,0.11569936720191243
61.940000000000005,-0.021422298911672508,0.10908608587262547,-0.021904364333108647,0.11099925798192148
61.95,-0.020714474830856183,0.1058774030424284,-0.021010355790113358,0.1062463552731794
61.96,-0.01999608630961308,0.10260536465245963,-0.020105779109292947,0.10144382264870148
61.97,-0.019267461584618648,0.09927119925176353,-0.019191114983985208,0.09659482738378021
61.980000000000004,-0.01852893511736583,0.09587617372375368,-0.01826684871475716,0.091702526799978
61.99,-0.017780847466055964,0.09242160213931913,-0.017333469893464314,0.08677007995753201
62.0,-0.0170235451529853,0.08890884302057749,-0.01639147208728352,0.08180065051960056
62.01,-0.01625738052751361,0.08533929552330889,-0.015441352522719444,0.07679739440961925
62.02,-0.015482711624831056,0.08171440015138849,-0.0144836117702304,0.07176345708795874
62.03,-0.01469990202071829,0.0780356337918951,-0.013518753429994614,0.06670196900517275
62.04,-0.013909320682770286,0.0743045019706512,-0.012547283819264994,0.0616160401001691
62.050000000000004,-0.013111341817934295,0.07052255923988995,-0.011569711661509522,0.05650876539801676
62.06,-0.012306344715624343,0.06669140558272149,-0.010586547777301433,0.05138322027471039
62.07,-0.011494713586481076,0.06281267700980825,-0.009598304777877608,0.04624243458278556
62.08,-0.010676837397809285,0.058888029388318996,-0.008605496762156911,0.04108941170687337
62.09,-0.009853109706222577,0.054919153250834074,-0.0076086390163903166,0.03592714157299725
62.1,-0.009023928486425047,0.05090779518697818,-0.006608247715745954,0.030758590147020454
62.11,-0.008189695955640064,0.046855730027303796,-0.005604839628554878,0.025586684076806625
62.120000000000005,-0.007350818395568447,0.042764730875171075,-0.004598931825472605,0.020414269063681326
62.13,-0.0065077059718272445,0.03863663626463301,-0.0035910413935970444,0.015244185268649735
62.14,-0.005660772549639832,0.03447330188229325,-0.0025816851533585644,0.010079243758495643
62.15,-0.004810435507346889,0.030276584008818237,-0.0015713793801295098,0.004922152811385331
62.160000000000004,-0.003957115548057143,0.026048386611064504,-0.0005606395319004973,-0.0002243925963766385
62.17,-0.0031012365093623646,0.021790598997110597,0.0004500200175149823,-0.005357789523527639
62.18,-0.0022432251730898755,0.017505101533989233,0.0014600862376725865,-0.010475525486248452
62.190000000000005,-0.0013835110742234152,0.013193824495871207,0.002469047691696852,-0.015575175765588025
62.2,-0.0005225263052703065,0.00885877072089903,0.00347639477564614,-0.020654468363201183
62.21,0.00033929468128783644,0.0045018565418271286,0.0044816199423911365,-0.0257113326934424
62.22,0.001201515252244045,0.0001244965013772935,0.005484217913327309,-0.030743672442526553
62.230000000000004,0.0020636967542469534,-0.004271643192287316,0.006483685893528374,-0.03574919194666431
62.24,0.0029253986941909413,-0.008684338333378156,0.007479523800053077,-0.0407255036551897
62.25,0.0037861789505618665,-0.013111416198755218,0.008471234496777072,-0.04567028189677158
62.26,0.004645593988647972,-0.017550853539772537,0.009458324025970221,-0.050581265624873264
62.27,0.00550319907094495,-0.02200051135528449,0.010440301834889833,-0.05545621204560772
62.28,0.006358548473151941,-0.0264581597972305,0.011416680999158095,-0.06029291179613436
62.29,0.007211195708633559,-0.03092151426923821,0.012386978443017192,-0.06508919137466762
62.300000000000004,0.008060693761768914,-0.03538814779061118,0.013350715155915323,-0.06984291732755157
62.31,0.008906595330834577,-0.03985558678507202,0.014307416405080136,-0.07455199902281441
62.32,0.00974845307707957,-0.0443213218451885,0.015256611943791968,-0.079214390999942
62.33,0.010585819880056253,-0.048782727090257626,0.01619783621530661,-0.08382808906000941
62.34,0.011418249099785912,-0.05323716333086054,0.017130628552391957,-0.08839113616342688
62.35,0.012245294842051955,-0.05768198449684782,0.01805453337228732,-0.09290162168133766
62.36,0.013066512226995654,-0.06211445566946936,0.018969100367131345,-0.09735767760453037
62.370000000000005,0.013881457663421404,-0.06653180204933015,0.01987388468994845,-0.10175748200313285
62.38,0.014689689126944537,-0.07093124326554917,0.020768447136050142,-0.1060992604235895
62.39,0.015490766439202327,-0.07530999723124043,0.021652354319736482,-0.11038128543486
62.4,0.016284251548692404,-0.07966523346305465,0.022525178846384396,-0.11460187376999824
62.410000000000004,0.017069708814924582,-0.08399409087117526,0.023386499480019293,-0.11875938792691082
62.42,0.017846705295207366,-0.08829370097162731,0.024235901306328717,-0.12285223663431927
62.43,0.018614811032730768,-0.09256118265442753,0.025072975891074614,-0.12687887456495442
62.440000000000005,0.01937359934518398,-0.09679366022361348,0.025897321433898623,-0.13083780283408514
62.45,0.020122647113206847,-0.10098826055520396,0.02670854291750493,-0.1347275690386083
62.46,0.020861535068965344,-0.10514209647411672,0.027506252252267174,-0.13854676524076862
62.47,0.021589848085326564,-0.10925227997074956,0.028290068416346736,-0.14229402825055246
62.480000000000004,0.02230717546499785,-0.11331593229646665,0.029059617591331743,-0.14596804006196074
62.49,0.02301311122884946,-0.11733018451715743,0.029814533293392044,-0.14956752734340398
62.5,0.02370725440303618,-0.12129218254287596,0.03055445649997077,-0.1530912612275817
62.51,0.024389209304570378,-0.1251990899537252,0.03127903577205044,-0.15653805691052686
62.52,0.025058585824865295,-0.12904809581000448,0.03198792737201605,-0.1599067735581855
62.53,0.025714999710761247,-0.13283641611468386,0.03268079537715289,-0.1631963137460418
62.54,0.02635807284290575,-0.13656129049655824,0.03335731178884307,-0.1664056223745124
62.550000000000004,0.02698743351140979,-0.14021998925367768,0.03401715663751032,-0.1695336868657777
62.56,0.027602716688341373,-0.1438098184909635,0.034660018083340856,-0.17257953642722562
62.57,0.028203564296582974,-0.14732812268769335,0.03528559251283637,-0.17554224148211003
62.58,0.028789625476478425,-0.15077223119143768,0.035893584628818156,-0.17842099246336457
62.59,0.029360556858492513,-0.1541392758038092,0.03648370752219773,-0.18121535248695814
62.6,0.029916022849598697,-0.1574262669794274,0.037055682714636794,-0.18392515515307217
62.61,0.030455695928370944,-0.16063025152438362,0.03760924017871845,-0.18655029167738826
62.620000000000005,0.030979256938439045,-0.16374834635703608,0.03814411834944853,-0.1890906693123889
62.63,0.03148639537506666,-0.16677775337223627,0.03866006413377622,-0.1915461973453481
62.64,0.03197680966239172,-0.1697157936744571,0.039156832921102606,-0.19391674007775486
62.65,0.03245020741954467,-0.172559901201524,0.03963418859696426,-0.196202130102981
62.660000000000004,0.032906305715544516,-0.1753076143238562,0.040091903559659754,-0.19840218455801817
62.67,0.03334483131255573,-0.1779566068845627,0.04052975873998315,-0.2005166653561755
62.68,0.033765520896796034,-0.18050466722759886,0.040947543624705394,-0.20254531153742775
62.690000000000005,0.034168121297106196,-0.18294971150898034,0.04134505628345595,-0.20448782414322655
62.7,0.034552389690769576,-0.1852897892377538,0.041722103399264895,-0.20634386144495157
62.71,0.034918093795861416,-0.18752308926384317,0.04207850030350336,-0.20811303226439967
62.72,0.03526501205048478,-0.1896479151202927,0.042414071017554386,-0.20979483404772817
62.730000000000004,0.03559293378349787,-0.1916625716938682,0.04272864830455244,-0.2113886482079613
62.74,0.035901659384000896,-0.19356532704050733,0.04302207373225716,-0.21289375266371496
62.75,0.03619100047161137,-0.19535448035420871,0.043294197744781035,-0.21430937872970265
62.76,0.036460780064091626,-0.1970283889874727,0.04354487973924795,-0.2156347389982402
62.77,0.03671083273898107,-0.19858549014987933,0.0437739881443275,-0.21686904555872158
62.78,0.03694100478768049,-0.20002429930973492,0.04398140049927811,-0.2180115070295542
62.79,0.03715115436004422,-0.20134346206004813,0.044167003531735555,-0.21906137868242576
62.800000000000004,0.03734115159977625,-0.2025416625698355,0.04433069323690502,-0.22001779810748634
62.81,0.03751087877065502,-0.20361773624714005,0.044472374974773216,-0.22087947760891605
62.82,0.037660230375088755,-0.20457049919464995,0.04459196360854904,-0.22164454983595255
62.83,0.0377891132653255,-0.20539893897641814,0.04468938368350268,-0.22231103827754142
62.84,0.037897446744062695,-0.2061021240685165,0.04476456962911059,-0.2228767569608032
62.85,0.03798516265439499,-0.20667922879738976,0.04481746597312534,-0.22333953864338457
62.86,0.038052205457742995,-0.20712959532028144,0.04484802756136215,-0.22369713502215732
62.870000000000005,0.03809853229858696,-0.20745265666410906,0.044856219777475774,-0.22394741596992482
62.88,0.03812411305647566,-0.20764800520842083,0.04484201876173848,-0.22408814660967535
62.89,0.03812893038354664,-0.20771538951691856,0.04480541162374014,-0.22411738102243978
62.9,0.03811297972697593,-0.20765469445591148,0.04474639664586137,-0.22403307711872814
62.910000000000004,0.038076269335217426,-0.2074660122009561,0.04466498347703385,-0.22383347665089753
62.92,0.038018820246722776,-0.20714958386364654,0.04456119330853382,-0.2235170108884964
62.93,0.037940666264439225,-0.20670574102672276,0.04443505903126382,-0.22308222588687873
62.940000000000005,0.037841853918761895,-0.2061349498131955,0.044286625373987316,-0.22252797983059686
62.95,0.037722442418193544,-0.2054378021128686,0.04411594901804539,-0.22185331998808136
62.96,0.03758250358748579,-0.20461500877046782,0.04392309868819283,-0.22105756507746638
62.97,0.03742212179448389,-0.20366737670049118,0.04370815521654525,-0.22014034959533635
62.980000000000004,0.037241393865728625,-0.20259584802519623,0.04347121157146569,-0.21910176498074363
62.99,0.037040428990294305,-0.20140146927593974,0.043212372840387155,-0.21794246187070804
63.0,0.03681934861447895,-0.20008533080060628,0.04293175617018379,-0.21666327909042707
63.01,0.03657828632973972,-0.19864860605267617,0.04262949068722664,-0.21526505457562584
63.02,0.03631738775559978,-0.1970924714413529,0.042305717409693556,-0.213748758355213
63.03,0.036036810416908586,-0.19541822963017508,0.04196058915337946,-0.21211536018772797
63.04,0.035736723614639164,-0.1936271902759467,0.04159427043157445,-0.210365937723627
63.050000000000004,0.03541730829072868,-0.19172076566404192,0.0412069373480117,-0.2085016202988822
63.06,0.0350787568865086,-0.18970040870221594,0.040798777483874206,-0.2065235777763061
63.07,0.034721273194570426,-0.18756765582942325,0.04036998977894785,-0.20443307152767173
63.08,0.03434507220421776,-0.18532409313885115,0.039920784407144735,-0.2022313729682909
63.09,0.03395037993975063,-0.18297140768948855,0.03945138264722167,-0.19991983443230216
63.1,0.033537433290863665,-0.1805113503114239,0.03896201674943254,-0.19749980395179662
63.11,0.03310647983389387,-0.1779458035068394,0.038452929800051584,-0.1949726534315373
63.120000000000005,0.032657777640211404,-0.17527681668173783,0.037924375586585415,-0.1923396968430105
63.13,0.03219159507013803,-0.17250655873143816,0.0373766184653179,-0.18960224971435383
63.14,0.03170821055532571,-0.16963727648923874,0.03680993322778924,-0.18676169644699808
63.15,0.031207912372634004,-0.1666712929465037,0.03622460496157931,-0.18381949459866348
63.160000000000004,0.030690998409403345,-0.16361104015017625,0.03562092890280437,-0.18077720884752838
63.17,0.030157775916985364,-0.1604591093194622,0.03499921027687243,-0.1776365658450634
63.18,0.02960856124926037,-0.15721825572987327,0.03435976412388607,-0.1743994617363583
63.190000000000005,0.02904367958833386,-0.1538912877993861,0.03370291510983066,-0.17106787819731395
63.2,0.02846346466401535,-0.15048102748733724,0.03302899732767672,-0.16764387804507072
63.21,0.027868258471151406,-0.14699031269480575,0.03233835409018984,-0.16412960794413792
63.22,0.02725841098553677,-0.14342199535986774,0.03163133771469767,-0.16052728867159052
63.230000000000004,0.026634279878562137,-0.13977893768312863,0.030908309300222658,-0.156839215960604
63.24,0.025996230231209876,-0.13606399945744152,0.030169638496954455,-0.15306776631386676
63.25,0.025344634247976804,-0.13228004215506053,0.029415703268028528,-0.14921538803968667
63.26,0.024679870971153976,-0.12842991642676255,0.028646889643745323,-0.14528460771180204
63.27,0.024002325996245365,-0.12451645422481299,0.027863591468004108,-0.14127803263664235
63.28,0.023312391188885312,-0.12054247773433391,0.02706621013714852,-0.1371983365544129
63.29,0.0226104644027352,-0.11651080683884273,0.02625515433227527,-0.13304824684976865
63.300000000000004,0.021896949196414942,-0.11242430451586505,0.025430839747479495,-0.12883049392659923
63.31,0.021172254543242973,-0.10828600111338497,0.024593688820798813,-0.1245476814701608
63.32,0.0204367945278996,-0.10409905729234789,0.02374413047428155,-0.12020231799465704
63.33,0.01969098803297132,-0.09986664779117126,0.022882599860742793,-0.11579692848919772
63.34,0.01893525842236164,-0.09559194499580717,0.022009538110841352,-0.11133406162758784
63.35,0.018170033224653288,-0.09127811925234841,0.021125392078098774,-0.106816284190236
63.36,0.017395743816842293,-0.08692833520925133,0.020230614081991265,-0.10224618120751501
63.370000000000005,0.016612825108700442,-0.08254574918506695,0.019325661649306505,-0.09762635302195952
63.38,0.01582171522807379,-0.078133505733591,0.018410997253948687,-0.09295941385596532
63.39,0.015022855207424747,-0.0736947347038246,0.017487088055388816,-0.08824798966829075
63.4,0.014216688671927474,-0.06923254826867223,0.016554405635940322,-0.0834947165559295
63.410000000000004,0.013403661529260702,-0.064750042630793,0.015613425737018892,-0.0787022396262331
63.42,0.012584221661278334,-0.06025029147215432,0.014664627994552544,-0.07387321026168844
63.43,0.011758818618115814,-0.05573633716556425,0.013708495673785235,-0.06901028341020099
63.440000000000005,0.01092790331524791,-0.05121119212125771,0.012745515403700928,-0.06411611660476317
63.45,0.010091927733642517,-0.0466778375181449,0.011776176911216405,-0.059193368412287964
63.46,0.009251344623134442,-0.042139220449712154,0.01080097275529048,-0.054244696683001116
63.47,0.00840660720889949,-0.03759826312539811,0.009820398061070983,-0.04927275833889395
63.480000000000004,0.007558168901086048,-0.03305784816107323,0.008834950254018405,-0.044280212634753464
63.49,0.006706483008509432,-0.028520806747376053,0.007845128794167818,-0.03926971104749934
63.5,0.005852002457053849,-0.02398992594562788,0.006851434911113043,-0.0342438926018928
63.51,0.004995179512221186,-0.01946796274784584,0.005854371339996765,-0.029205388699088976
63.52,0.004136465505215187,-0.014957636637260584,0.004854442058416878,-0.024156820904740754
63.53,0.0032763105636456572,-0.01046159742438448,0.003852152024384275,-0.019100797165764793
63.54,0.0024151633476034,-0.005982456934915551,0.002848006915454626,-0.014039915465520966
63.550000000000004,0.0015534707897695676,-0.0015228021627925943,0.0018425128684725653,-0.008976778599001553
63.56,0.0006916778400336976,0.002914861426060647,0.000836176220144641,-0.00391396095215842
63.57,-0.0001697727851003182,0.0073280366965129,-0.00017049675033109548,0.0011459873735394726
63.58,-0.0010304408490506875,0.01171429207817094,-0.0011770000773453089,0.006200501011716502
63.59,-0.0018898888377511887,0.01607121312409519,-0.0021828283644991365,0.011247038442364637
63.6,-0.00274768219973578,0.020396396805656292,-0.0031874770397417517,0.016283045419523627
63.61,-0.003603389582276275,0.024687538301117345,-0.004190442611909826,0.021305927341294578
63.620000000000005,-0.004456583058882743,0.02894244761405857,-0.005191222933419881,0.026312962897038685
63.63,-0.005306838349833831,0.03315891375182531,-0.006189317477842095,0.031301176934171566
63.64,-0.006153735054798587,0.03733429367473108,-0.0071842276248411125,0.036267842669657484
63.65,-0.0069968569063387585,0.041465970498412365,-0.008175456927917428,0.04121055559194174
63.660000000000004,-0.007835792009573551,0.045552007916338295,-0.009162511359425807,0.04612697385131712
63.67,-0.008670133044261398,0.0495905814390168,-0.010144899544945248,0.05101479558002909
63.68,-0.009499477451592802,0.0535797484254569,-0.011122132992540883,0.055871780964230976
63.690000000000005,-0.010323427619860838,0.057517719637538225,-0.01209372631686515,0.06069573282260532
63.7,-0.011141591061660615,0.06140281015808352,-0.013059197458801797,0.06548449055484858
63.71,-0.011953580578577908,0.0652334753853316,-0.014018067901236829,0.07023593338344192
63.72,-0.01275901441361401,0.0690082773681091,-0.014969862881249393,0.07494796938912059
63.730000000000004,-0.013557516390559054,0.07272594135767836,-0.01591411159938484,0.0796185295655023
63.74,-0.014348716040916502,0.07638526772638538,-0.016850347425800754,0.08424559126492445
63.75,-0.015132248721212696,0.07998514500819515,-0.017778108102639547,0.08882716509764534
63.76,-0.015907755719424977,0.08352462645161997,-0.018696935943186936,0.09336128296807447
63.77,-0.01667488434994749,0.08700281839992079,-0.019606378027791995,0.09784602643189146
63.78,-0.017433288040994352,0.09041888352894774,-0.020505986395586536,0.1022795198765809
63.79,-0.018182626414098565,0.09377211820087486,-0.021395318232322897,0.10665991291829469
63.800000000000004,-0.01892256535297988,0.09706191515203844,-0.022273936055042236,0.11098539018480745
63.81,-0.01965277706312903,0.100287730144556,-0.02314140789320152,0.11525417882992325
63.82,-0.020372940125019782,0.10344906497228838,-0.023997307465538128,0.11946455337756443
63.83,-0.02108273954107061,0.1065455120437014,-0.024841214352774612,0.12361481974189208
63.84,-0.02178186677448229,0.10957675482836049,-0.025672714166849,0.12770331575008464
63.85,-0.02247001977994128,0.11254253883611048,-0.02649139871672775,0.13172841890718204
63.86,-0.023146903027548234,0.11544267376097544,-0.027296866170486912,0.13568854348062237
63.870000000000005,-0.023812227520850264,0.11827702037064702,-0.028088721213532675,0.13958214434299088
63.88,-0.024465710809731533,0.1210454855740099,-0.02886657520280379,0.14340771762034504
63.89,-0.025107076998118632,0.12374804040431232,-0.029630046317130804,0.147163791445376
63.9,-0.0257360567459219,0.1263847130532929,-0.030378759704169887,0.1508489272341571
63.910000000000004,-0.026352387265569592,0.12895557683807157,-0.031112347623928307,0.15446172327834157
63.92,-0.026955812313919036,0.13146074843933664,-0.03183044958872181,0.15800081276530586
63.93,-0.027546082180023183,0.13390038309412125,-0.03253271249958077,0.1614648641655389
63.940000000000005,-0.028122953669126254,0.13627467126513798,-0.03321879077914734,0.16485258057686453
63.95,-0.02868619008343942,0.1385838293031585,-0.0338883465010134,0.16816270201759098
63.96,-0.029235561200109804,0.1408281031105459,-0.034541049515483,0.17139400257097206
63.97,-0.029770843246366804,0.14300776894727302,-0.035176577571954436,0.1745452870985543
63.980000000000004,-0.030291818871997913,0.14512312447423242,-0.0357946164381025,0.17761539303111037
63.99,-0.030798277119703177,0.14717448487202647,-0.036394860015847776,0.18060319013594986
64.0,-0.03129001339598102,0.14916210888017298,-0.03697701045116346,0.1835076750540401
64.01,-0.03176682945224544,0.15108600505315983,-0.03754077822520224,0.18632822555080603
64.02,-0.032228533384570573,0.15294601692083645,-0.03808588221594334,0.1890644831817448
64.03,-0.03267493964696146,0.15474197602630868,-0.038612049737584614,0.1917161442190014
64.04,-0.03310586906816004,0.15647372636700255,-0.0391190165715197,0.19428292091692143
64.05,-0.033521148867498934,0.15814113284578796,-0.03960652699541879,0.1967645259035804
64.06,-0.033920612667801935,0.15974411698768068,-0.04007433381350641,0.19916062162782577
64.07000000000001,-0.034304100503741566,0.16128264579264787,-0.04052219839056302,0.20147082952251966
64.08,-0.03467145882604155,0.1627567140302519,-0.040949890689619885,0.20369474876537721
64.09,-0.03502254050166611,0.16416637477378257,-0.041357189313627446,0.20583191149792104
64.1,-0.03535720480964277,0.16551171341260026,-0.041743881551970737,0.20788181405030084
64.11,-0.03567531743293599,0.16679285602036137,-0.04210976343162277,0.20984390244701295
64.12,-0.03597675044639339,0.1680099719922683,-0.042454639773385955,0.21171756096791725
64.13,-0.0362613823018643,0.1691632286981609,-0.04277832425627016,0.21350204108851922
64.14,-0.03652909781491235,0.1702527188015572,-0.04308063949610788,0.2151963846700708
64.15,-0.0367797881595099,0.17127839832776096,-0.043361417141385125,0.21679949569560927
64.16,-0.037013350874055724,0.17224012407488828,-0.043620497981886414,0.21831021741914275
64.17,-0.03722968987639436,0.1731377086276922,-0.043857732063571755,0.21972737602581394
64.18,-0.037428715484915276,0.17397090292073009,-0.04407297880634639,0.2210497700691596
64.19,-0.03761034444391024,0.174739447797538,-0.04426610712282694,0.22227622075124168
64.2,-0.03777449995190948,0.17544304426045312,-0.044436995536631496,0.2234055459199392
64.21000000000001,-0.037921111692761536,0.17608137560698756,-0.04458553230282967,0.2244364839575397
64.22,-0.03805011587034949,0.17665406193111802,-0.044711615551439876,0.2253671556296809
64.23,-0.03816145524932185,0.17716064128438166,-0.04481515348151264,0.22619508176926234
64.24,-0.03825507920046092,0.17760067362599352,-0.04489606460233579,0.22691761149997247
64.25,-0.038330943748823745,0.17797364697234191,-0.044954278003098584,0.22753183041867345
64.26,-0.0383890116234662,0.17827909945861903,-0.04498973363687797,0.22803489147054629
64.27,-0.03842925230696745,0.17851654180914792,-0.04500238261134323,0.22842379065322385
64.28,-0.038451642084219105,0.17868552061638723,-0.0449921874794408,0.2286957323583063
64.29,-0.0384561640892299,0.1787856070931868,-0.044959122526115516,0.228847816121431
64.3,-0.03844280834872838,0.1788164136545771,-0.044903174048289876,0.2288773942832175
64.31,-0.03841157182050198,0.17877764125547127,-0.04482434061966766,0.22878197356266206
64.32000000000001,-0.038362458425986075,0.1786690086828381,-0.04472263333535941,0.22855930557418394
64.33,-0.03829547908070988,0.1784902185032298,-0.04459807603345157,0.2282073982217928
64.34,-0.03821065172465708,0.17824099003122038,-0.044450705490190465,0.22772454745937923
64.35,-0.03810800135108295,0.1779210755374208,-0.044280571585812604,0.22710937530859268
64.36,-0.03798756003384466,0.17753021124237264,-0.04408773743899401,0.22636081446786863
64.37,-0.0378493669543366,0.17706815002781498,-0.0438722795058898,0.2254782390941165
64.38,-0.03769346842729126,0.17653466427843736,-0.04363428763162086,0.2244616589069264
64.39,-0.03751991792592839,0.1759295047776099,-0.04337386504217293,0.22331171476287118
64.4,-0.037328776108544084,0.17525239688302013,-0.043091128288134155,0.22202919122238327
64.41,-0.03712011084984824,0.17450296538036675,-0.04278620716529785,0.22061498874050692
64.42,-0.03689399727688767,0.1736808623175778,-0.042459244624780235,0.21907007023203579
64.43,-0.036650517807926934,0.17278566338607912,-0.04211039667411444,0.21739551703164942
64.44,-0.03638976219404984,0.17181695960913526,-0.04173983226848057,0.21559250065824548
64.45,-0.0361118275626417,0.17077430411682795,-0.04134773319285307,0.2136622669262738
64.46000000000001,-0.03581681846181228,0.16965726891606012,-0.040934293935313275,0.2116061714943177
64.47,-0.03550484690516569,0.16846540728212633,-0.04049972155230045,0.20942560825466758
64.48,-0.03517603241546649,0.16719832457388642,-0.040044235526549746,0.20712207671580415
64.49,-0.034830502065329574,0.1658556499824645,-0.03956806761915057,0.20469707336043
64.5,-0.03446839051156425,0.16443714521521283,-0.039071461719317975,0.20215210606764453
64.51,-0.03408984001870345,0.16294269356268842,-0.03855467369455711,0.19948865383642325
64.52,-0.033695000472558176,0.16137222022878092,-0.03801797123974934,0.1967082696948094
64.53,-0.033284029387912806,0.15972569375347592,-0.03746163371966591,0.19381261988188256
64.54,-0.032857091911633024,0.15800313330066393,-0.03688595200115535,0.19080347688704613
64.55,-0.03241436081897499,0.1562046679096877,-0.036291228272655775,0.18768278154941512
64.56,-0.03195601649819365,0.15433059564589338,-0.03567777584632509,0.18445270078676893
64.57000000000001,-0.031482246921688085,0.15238130812947476,-0.03504591893967376,0.18111559631601623
64.58,-0.030993247609250558,0.15035719300668413,-0.03439599243947107,0.1776739480574626
64.59,-0.03048922158941569,0.14825864394127883,-0.0337283416526884,0.17413034247891815
64.6,-0.029970379360411456,0.14608605845595526,-0.033043322046619875,0.17048747098555211
64.61,-0.02943693885045651,0.14383984343289105,-0.03234129897873653,0.1667481217220567
64.62,-0.0288891253774089,0.14152040761738932,-0.03162264741660194,0.16291518282320147
64.63,-0.028327171608179633,0.13912815665525993,-0.030887751647816528,0.15899164377729844
64.64,-0.027751317517939612,0.13666350485726853,-0.03013700498033798,0.15498057996818257
64.65,-0.027161810348843813,0.13412686851117656,-0.029370809433826413,0.1508851553954632
64.66,-0.026558904568161647,0.13151867260556244,-0.02858957542252115,0.14670861204329036
64.67,-0.025942861824790442,0.12883937764055742,-0.02779372143104036,0.14245423977885327
64.68,-0.025313950900594736,0.12608954753114937,-0.026983673686960596,0.13812530661984768
64.69,-0.024672447648933605,0.1232699713378559,-0.026159865838020043,0.13372493531931953
64.7,-0.024018634915681094,0.12038157688951098,-0.025322738638894948,0.12925618535920508
64.71000000000001,-0.023352802447611922,0.11742533331011758,-0.024472739643006027,0.12472214781554052
64.72,-0.022675246794543642,0.11440225550709628,-0.023610322893363025,0.12012593498231092
64.73,-0.02198627120706015,0.11131340027040372,-0.022735948611122925,0.11547067906966821
64.74,-0.021286185529873047,0.10815986775278191,-0.021850082882285383,0.11075952740755565
64.75,-0.020575306090862375,0.1049428003037239,-0.020953197342878732,0.10599563952486042
64.76,-0.019853955585823653,0.10166338255289235,-0.02004576886299275,0.10118218336172159
64.77,-0.01912246295904307,0.09832283805042462,-0.019128279230296724,0.09632232252945779
64.78,-0.018381163279907378,0.09492242787926346,-0.018201214833688948,0.0914192183437767
64.79,-0.01763039761542702,0.09146345903611773,-0.01726506634686672,0.08647604155120561
64.8,-0.01687051289838085,0.0879472814801322,-0.016320328411532206,0.08149596118248383
64.81,-0.016101861791175773,0.08437528462792446,-0.015367499320762553,0.07648213756887667
64.82000000000001,-0.01532480254563075,0.08074889802156204,-0.014407080703153722,0.07143772116068926
64.83,-0.01453969885885724,0.0770695868955461,-0.013439577208095485,0.06636584734806232
64.84,-0.01374691972570629,0.07333884364409951,-0.012465496192631228,0.061269630933968304
64.85,-0.012946839287667471,0.0695582080583697,-0.0114853474101087,0.05615217170296121
64.86,-0.012139836677480977,0.06572926443060431,-0.010499642700849297,0.05101654135873946
64.87,-0.011326295859495567,0.06185363232648286,-0.009508895685709447,0.04586577240940567
64.88,-0.010506605466666527,0.05793295416813389,-0.008513621462551078,0.040702883950364935
64.89,-0.00968115863486465,0.05396889941616235,-0.0075143363048803995,0.03553087168855701
64.9,-0.008850352833648883,0.0499631931348746,-0.006511557362722038,0.03035270521665412
64.91,-0.008014589692646925,0.04591759563532497,-0.0055058023665890184,0.025171310507619823
64.92,-0.007174274825287189,0.041833860140350565,-0.004497589336468684,0.0199895376339428
64.93,-0.006329817650396386,0.03771379706600896,-0.003487436295383901,0.01481023809389963
64.94,-0.005481631209909813,0.03355925497337366,-0.0024758609854309897,0.009636229583402581
64.95,-0.004630131984251739,0.029372059589460375,-0.001463380588780747,0.004470222095147759
64.96000000000001,-0.003775739705989564,0.025154104010090512,-0.000450511454672875,-0.000685074368022469
64.97,-0.0029188771715137484,0.02090725143517082,0.0005622311683602864,-0.005827050251029418
64.98,-0.00205997005208335,0.016633389702849586,0.0015743333931398068,-0.010953166248074056
64.99,-0.0011994467045757086,0.012334395195923201,0.0025852829462673014,-0.01606097265037214
65.0,-0.0003377379797330568,0.008012227205454074,0.003594569410691561,-0.021148150857091874
65.01,0.0005247229730232837,0.0036688301782608662,0.0046016844543473046,-0.02621256660826134
65.02,0.001387500890252017,-0.0006942224848018008,0.0056061220448387385,-0.03125215896443279
65.03,0.002250158557340073,-0.005075462171286846,0.006607378661593556,-0.036264713700007015
65.04,0.003112256977672047,-0.009472812572139593,0.007604953518992422,-0.041247858535971876
65.05,0.003973355574750198,-0.013884036413964185,0.008598348799526402,-0.04619924585709924
65.06,0.0048330124075671825,-0.018307113377386802,0.00958706988611748,-0.05111661606779855
65.07000000000001,0.005690784379712871,-0.02273998246791063,0.010570625588819958,-0.05599773467871426
65.08,0.006546227449423719,-0.02718047931267608,0.011548528367684956,-0.06084039478643677
65.09,0.0073988968483552214,-0.03162634861972958,0.012520294552767182,-0.06564242177257863
65.1,0.00824834730955458,-0.03607524866161525,0.01348544456070123,-0.07040168271416963
65.11,0.009094133304747207,-0.040524731949719756,0.014443503107293252,-0.07511608634772227
65.12,0.009935809288760844,-0.04497234353860464,0.01539399941585742,-0.07978358582149234
65.13,0.010772929949804708,-0.04941551753091801,0.016336467421239304,-0.08440217631634557
65.14,0.01160505046693926,-0.05385163627270422,0.017270445969450467,-0.08896989954721718
65.15,0.012431726771571344,-0.05827810421464187,0.018195479012731147,-0.09348484388600489
65.16,0.013252515811694154,-0.06269223326951526,0.019111115800092025,-0.09794513997686433
65.17,0.014066975821709864,-0.06709128702237364,0.020016911063419567,-0.10234896486555127
65.18,0.014874666596640851,-0.07147252180773375,0.020912425198975643,-0.10669454338335346
65.19,0.015675149767622857,-0.07583319315238922,0.021797224444192007,-0.11098014679744302
65.2,0.016467989078944967,-0.08017051060088931,0.022670881049877058,-0.1152040904802651
65.21000000000001,0.01725275066837357,-0.08448164958033376,0.023532973447909975,-0.11936473591938418
65.22,0.018029003350284165,-0.08876377671604314,0.024383086414365655,-0.123460490704193
65.23,0.018796318900252212,-0.09301404517990726,0.025220811228033938,-0.12748980844041563
65.24,0.01955427234027563,-0.09722961280114188,0.026045745824318907,-0.1314511895594618
65.25,0.02030244222393252,-0.10140763834765364,0.02685749494451084,-0.13534318039252013
65.26,0.02104041092180949,-0.10554526498554025,0.027655670280508707,-0.13916437162389458
65.27,0.02176776490767112,-0.10963963411860052,0.028439890615061227,-0.14291339902276204
65.28,0.022484095044711504,-0.11368789502736058,0.02920978195751697,-0.14658894346134263
65.29,0.023188996871119416,-0.11768720543789582,0.02996497767508417,-0.15018973053022006
65.3,0.023882070884583745,-0.12163473647615543,0.030705118619629587,-0.15371453027427634
65.31,0.02456292282539522,-0.12552767546019655,0.03142985325004682,-0.15716215682190657
65.32000000000001,0.0252311639576442,-0.12936323439244957,0.03213883775022189,-0.16053146834142246
65.33,0.02588641134803891,-0.13313865001238862,0.032831736142631886,-0.16382136632706
65.34,0.026528288142260513,-0.13685118083610257,0.033508220397636686,-0.1670307948422137
65.35,0.027156423838776377,-0.1404981144980917,0.03416797053850989,-0.1701587402699326
65.36,0.027770454559661636,-0.14407677268941796,0.03481067474225611,-0.17320423072247054
65.37,0.028370023317944734,-0.14758451409557038,0.03543602943626328,-0.1761663357700223
65.38,0.028954780282519906,-0.15101869282053737,0.03604373938891083,-0.17904422813536477
65.39,0.029524383048620748,-0.15437646405495115,0.03663351778278301,-0.18183745301796236
65.4,0.030078496922603087,-0.15765483820044038,0.03720508625818929,-0.1845458559368744
65.41,0.030616795216918218,-0.16085085230297605,0.03775817493239324,-0.1871693509109387
65.42,0.031138959544380205,-0.16396161391400305,0.038292522409123946,-0.1897078653734294
65.43,0.031644680105689306,-0.16698431681839443,0.038807875786154335,-0.1921613245241521
65.44,0.032133655967639244,-0.16991627104273846,0.03930399066408163,-0.19452961014794093
65.45,0.03260559533012301,-0.17275490590047543,0.039780631158623396,-0.1968125615056467
65.46000000000001,0.033060215781689065,-0.17549775411296825,0.04023756991640248,-0.19901000102359914
65.47,0.03349724454341576,-0.1781424828528032,0.040674588134133494,-0.20112169541345065
65.48,0.033916418700360544,-0.18068687850543766,0.04109147558186118,-0.20314738027911328
65.49,0.03431748542052037,-0.18312885325814748,0.04148803063000075,-0.20508675380070088
65.5,0.03470020216097394,-0.18546645495089403,0.04186406028032409,-0.2069394664334584
65.51,0.0350643368602394,-0.18769787852903339,0.042219380201940104,-0.20870510741549825
65.52,0.035409668117283355,-0.1898214274055564,0.04255381477435456,-0.21038316535086835
65.53,0.03573598536265207,-0.1918353909145024,0.04286719714016429,-0.2119730173227053
65.54,0.03604308902947119,-0.19373801427656878,0.04315936926864614,-0.21347393054573574
65.55,0.03633079072603164,-0.19552756948319572,0.04343018202850396,-0.21488512306264826
65.56,0.03659891340605902,-0.19720238749446753,0.043679495265739374,-0.21620579617801472
65.57000000000001,0.03684729153322406,-0.1987608729888715,0.04390717788348891,-0.2174351461783805
65.58,0.03707577123817155,-0.20020151603466083,0.04411310792229686,-0.2185723741933022
65.59,0.03728421046614809,-0.20152292635254515,0.04429717263908904,-0.21961671905888258
65.6,0.03747247911543409,-0.2027237644038548,0.044459268587376366,-0.22056731648744052
65.61,0.037640459166529,-0.2038028313354655,0.04459930171550616,-0.22142285868410203
65.62,0.03778804480391515,-0.20475891022201223,0.044717187507221444,-0.2221814428279065
65.63,0.037915142530281755,-0.20559096666165202,0.04481285116359616,-0.22284106153851982
65.64,0.038021671270382244,-0.2062980210995992,0.04488622780917439,-0.2233994713676405
65.65,0.03810756246424034,-0.2068792339719088,0.0449372627100795,-0.22385448576645878
65.66,0.03817276014790699,-0.207333909465117,0.04496591149747937,-0.2242038048277617
65.67,0.03821722102109175,-0.2076614571086498,0.04497214039059851,-0.22444528842954675
65.68,0.03824091450184563,-0.2078614451415169,0.04495592641847238,-0.22457665416518702
65.69,0.038243822766568646,-0.207933595751818,0.04491725763504096,-0.22459596093304715
65.7,0.03822594077455704,-0.20787778404679724,0.04485613332373598,-0.2245011532526795
65.71000000000001,0.03818727627570923,-0.2076940876372301,0.044772564191251134,-0.22429049078923533
65.72,0.038127849800993846,-0.20738272109545539,0.04466657254284459,-0.22396240053673666
65.73,0.03804769463933303,-0.20694399091564322,0.044538192438303266,-0.223515466473382
65.74,0.03794685680297092,-0.2063783424388564,0.044387469827683566,-0.222948569636071
65.75,0.03782539498041379,-0.2056863432604164,0.044214462662983865,-0.22226079501028412
65.76,0.037683380477215436,-0.20486867102967624,0.044019240985280914,-0.22145150614652181
65.77,0.03752089714585813,-0.20392610310781176,0.04380188698414119,-0.22052038861837409
65.78,0.03733804130410117,-0.2028595613177496,0.0435624950194857,-0.2194676509205057
65.79,0.037134921641625906,-0.20167005272892077,0.04330117159559527,-0.2182940093274583
65.8,0.036911659117892015,-0.20035864130275766,0.04301803529579256,-0.21700030703024936
65.81,0.036668386853634376,-0.19892645252435956,0.042713216700159845,-0.21558740877733987
65.82000000000001,0.036405250017344806,-0.1973746405647548,0.04238685829626312,-0.21405629022305916
65.83,0.03612240570588004,-0.19570446576734704,0.0420391143835794,-0.2124079398215346
65.84,0.03582002281869109,-0.19391720846687363,0.041670150971895685,-0.21064344954335892
65.85,0.03549828192577823,-0.19201425382398418,0.0412801456729259,-0.2087639570213169
65.86,0.03515737512918398,-0.18999701741373012,0.040869287586066234,-0.20677065020429766
65.87,0.03479750591773928,-0.18786701915359946,0.04043777717820095,-0.20466479991240868
65.88,0.03441888901503101,-0.18562581367230538,0.03998582615825594,-0.20244768225795798
65.89,0.03402175022000842,-0.18327507329323853,0.03951365734711601,-0.20012066199574222
65.9,0.03360632623906681,-0.1808165375901718,0.039021504543642276,-0.19768508486970293
65.91,0.033172864508110814,-0.17825208959588876,0.03850961238934285,-0.19514231378262742
65.92,0.03272162300099035,-0.17558378312306464,0.03797823623436173,-0.19249365339915914
65.93,0.03225287002360531,-0.17281377317668253,0.037427642005305635,-0.18974043081744554
65.94,0.0317668839973142,-0.1699442920002396,0.03685810607069593,-0.1868840512265843
65.95,0.031263953234138005,-0.16697765131062642,0.03626991509994234,-0.18392599018888872
65.96000000000001,0.030744375702964455,-0.16391627962075786,0.03566336591368689,-0.18086784008909795
65.97,0.030208458783283158,-0.16076277381185633,0.03503876532176017,-0.17771136246795163
65.98,0.029656519003712183,-0.15751988131024144,0.03439642994561987,-0.17445847606277184
65.99,0.02908888176855491,-0.15419039090384065,0.03373668602713329,-0.1711111820592706
66.0,0.028505881078943137,-0.1507771062674303,0.033059869227588745,-0.16767156543777428
66.01,0.027907859251921976,-0.1472828496154678,0.03236632441845402,-0.16414179143888608
66.02,0.027295166637965246,-0.1437104568765324,0.03165640546416352,-0.16052410115387616
66.03,0.026668161337105357,-0.1400627770172991,0.03093047499733383,-0.15682080815255894
66.04,0.026027208914242223,-0.136342657895541,0.03018890418641905,-0.15303430632092796
66.05,0.02537268211434134,-0.13255294625715164,0.029432072495647138,-0.14916706461105025
66.06,0.024704960577886344,-0.12869648511095794,0.028660367437434005,-0.1452216239167889
66.07000000000001,0.02402443055712031,-0.12477610044923852,0.027874184317300835,-0.14120060475220084
66.08,0.023331484633532344,-0.120794609501504,0.027073925971391594,-0.13710669364621186
66.09,0.022626521436010266,-0.11675483465584251,0.026260002497709226,-0.13294262391411243
66.1,0.021909945357284282,-0.11265965289002655,0.025432830983974714,-0.12871112094073453
66.11,0.021182166262226194,-0.10851211625643714,0.024592835239082088,-0.12441477617079491
66.12,0.020443599182966014,-0.10431539089016055,0.023740445533727714,-0.12005610287120852
66.13,0.01969466400471729,-0.1000726511949757,0.022876098346844908,-0.11563763672384134
66.14,0.018935785148983298,-0.09578707226731131,0.022000236111821038,-0.11116193422316255
66.15,0.01816739125667552,-0.09146182715859462,0.02111330696065948,-0.10663157070042738
66.16,0.01738991487150119,-0.0871000847425949,0.020215764466266772,-0.10204913869419238
66.17,0.01660379212388214,-0.0827050061653181,0.019308067383048112,-0.09741724585948819
66.18,0.015809462415719327,-0.0782797418483064,0.018390679385999677,-0.09273851310428274
66.19,0.01500736810631448,-0.0738274283080669,0.017464068808489067,-0.08801557284097496
66.2,0.01419795419975182,-0.0693511853831924,0.01652870837890035,-0.0832510670941586
66.21000000000001,0.0133816680338732,-0.06485411824687067,0.015585074956318124,-0.0784476461428136
66.22,0.012558958971057112,-0.06033930926334389,0.014633649265424225,-0.07360796602590443
66.23,0.011730278091387103,-0.055809810560016014,0.013674915630841658,-0.06873468592513149
66.24,0.010896077888687272,-0.05126864554749765,0.012709361711145598,-0.06383046713686795
66.25,0.010056811969551953,-0.04671880699528561,0.011737478232691102,-0.05889797148043496
66.26,0.009212934755515958,-0.04216325448613853,0.010759758723402487,-0.05393985962330162
66.27,0.008364901188250317,-0.03760492332176977,0.009776699246462496,-0.04895879687491694
66.28,0.0075131664378532415,-0.03304670967256888,0.008788798133918453,-0.04395744411644993
66.29,0.00665818561513962,-0.028491459286744722,0.0077965557208131385,-0.03893844920697037
66.3,0.0058004134885557895,-0.02394197457563352,0.006800474080302795,-0.033904451718531854
66.31,0.004940304205226784,-0.01940102641341052,0.005801056759681003,-0.02885808347015419
66.32000000000001,0.004078311015493622,-0.01487135148343943,0.004798808517256706,-0.02380196610695043
66.33,0.0032148860019099233,-0.010355617735334353,0.003794235060314612,-0.01873870715538277
66.34,0.00235047981367519,-0.005856449286063968,0.00278784278402195,-0.013670912614356852
66.35,0.0014855414051517166,-0.0013764526787472672,0.0017801385108741727,-0.008601182475308158
66.36,0.0006205177787309819,0.0030818497773822035,0.0007716292315241715,-0.0035320823129559803
66.37,-0.00024414626738119075,0.007515948703016789,-0.0002371781522298757,0.001533833443341995
66.38,-0.0011080083871543543,0.011923396550451866,-0.0012457770835468843,0.00659399986158677
66.39,-0.0019706289308711587,0.01630176299447488,-0.002253661606088873,0.011645879904453897
66.4,-0.0028315711861029765,0.020648652565041607,-0.003260326618738275,0.016686925397881844
66.41,-0.0036904016153134485,0.024961711776038797,-0.004265268131265889,0.021714557353527102
66.42,-0.004546690086510853,0.029238722358457096,-0.005267983524317745,0.026726113182440607
66.43,-0.005400010095629661,0.03347749039375815,-0.006267971821195353,0.03171870151951692
66.44,-0.006249938994361232,0.03767551966464778,-0.0072647339695876235,0.036689527889448854
66.45,-0.007096058240839072,0.04183004007623298,-0.008257773112355309,0.04163614375532995
66.46000000000001,-0.007937953647673555,0.04593899653589528,-0.009246594835607832,0.04655622158774826
66.47,-0.008775215591316462,0.05000061726597892,-0.010230707403251896,0.051447458654180295
66.48,-0.009607439198735563,0.054012955794472094,-0.011209621986231422,0.05630760795027083
66.49,-0.010434224534250058,0.057974158526360474,-0.012182852886814607,0.06113447816095151
66.5,-0.011255176780969102,0.06188250928134093,-0.013149917757940896,0.06592591346825405
66.51,-0.012069906409348862,0.06573642994519306,-0.014110337818630503,0.07067979325611864
66.52,-0.012878029333522209,0.06953443020478689,-0.01506363806576323,0.07539403559996855
66.53,-0.013679167055162127,0.07327519542764613,-0.016009347482701705,0.08006657634452943
66.54,-0.014472946794284338,0.07695749795891091,-0.016946999244933057,0.08469539493575359
66.55,-0.01525900161015427,0.08058018037217522,-0.017876130921987834,0.08927851021959982
66.56,-0.016036970511895645,0.08414225213373606,-0.018796284675946424,0.09381396060793061
66.57000000000001,-0.01680649855713776,0.08764279978819425,-0.019707007456867216,0.09829982785014592
66.58,-0.01756723694258072,0.09108094336940477,-0.020607851194147594,0.10273424346836776
66.59,-0.018318843087213786,0.09445593956751287,-0.021498372983802826,0.10711536364853627
66.6,-0.019060980704993652,0.09776714835698211,-0.022378135272533035,0.11144137733408892
66.61,-0.01979331986779177,0.10101399416749855,-0.023246706038379097,0.11571051577778073
66.62,-0.02051553706182932,0.10419594527327321,-0.024103658967156633,0.11992105819443935
66.63,-0.02122731523799258,0.10731255888268762,-0.024948573624664048,0.12407131647714688
66.64,-0.021928343854051038,0.11036348639040772,-0.025781035625366554,0.12815963358017407
66.65,-0.022618318908605006,0.11334844164459999,-0.026600636797681886,0.13218439202802687
66.66,-0.02329694296815165,0.11626720348463901,-0.02740697534555344,0.13614401122686812
66.67,-0.02396392518815554,0.1191196033487958,-0.02819965600616706,0.1400369509511804
66.68,-0.02461898132892166,0.12190551772262531,-0.02897829020364571,0.1438617127264166
66.69,-0.025261833766252646,0.12462488889802278,-0.029742496198884548,0.1476168298973842
66.7,-0.025892211496217718,0.12727771831365475,-0.030491899235967814,0.15130086899387674
66.71000000000001,-0.02650985013437283,0.12986405273789678,-0.031226131685173738,0.1549124335806301
66.72,-0.027114491910275106,0.13238398343107968,-0.0319448331824109,0.15845016208657078
66.73,-0.02770588565775588,0.13483764127460726,-0.03264765076510012,0.16191272825959518
66.74,-0.028283786801312726,0.13722519360345448,-0.03333423900454662,0.16529884043909535
66.75,-0.028847957339182814,0.13954683400727394,-0.034004260134739575,0.16860724442045316
66.76,-0.029398165823501212,0.1418027879754032,-0.03465738417756782,0.17183671938195405
66.77,-0.029934187337467447,0.1439933125371199,-0.035293289064684964,0.1749860752111496
66.78,-0.03045580346971921,0.14611868683076332,-0.03591166075618616,0.17805415458222762
66.79,-0.030962802286463326,0.14817920949287858,-0.036512193356073,0.18103983216606728
66.8,-0.03145497830331653,0.15017514558617082,-0.03709458922245314,0.18394208075159776
66.81,-0.0319321324660237,0.15210651606380537,-0.03765855906068905,0.18676024765788546
66.82000000000001,-0.03239407214989974,0.15397314929025807,-0.0382038219867647,0.1894939827289357
66.83,-0.03284061117437304,0.1557748509041768,-0.03873010556611688,0.19214300679387003
66.84,-0.033271569822139434,0.15751143884386773,-0.03923714584241822,0.19470705867734872
66.85,-0.03368677485746059,0.15918275602783133,-0.03972468736414089,0.19718587441306848
66.86,-0.034086059541229105,0.1607887046110432,-0.04019248321248097,0.1995791383285865
66.87,-0.03446926364116926,0.16232923585100092,-0.04064029503324599,0.2018864904434261
66.88,-0.03483623343749998,0.1638043335944518,-0.04106789307276921,0.20410754403330464
66.89,-0.035186821724199145,0.16521404242576618,-0.04147505621812818,0.20624184398568826
66.9,-0.03552088780550101,0.1665584452601004,-0.04186157204255317,0.20828889325855257
66.91,-0.035838297488028276,0.16783766813692352,-0.04222723685585021,0.21024814291804383
66.92,-0.03613892306855276,0.16905188700989401,-0.04257185576026214,0.21211897752802192
66.93,-0.036422643317996974,0.17020129382513507,-0.042895242714746366,0.21390064822550708
66.94,-0.03668934346614324,0.17128600133580227,-0.04319722061336551,0.21559220452062713
66.95,-0.03693891519471665,0.172305968787598,-0.04347762138070578,0.217192551908597
66.96000000000001,-0.03717125664276478,0.17326105451080462,-0.04373628608039536,0.21870053045691087
66.97,-0.037386272421587693,0.17415106835223476,-0.04397306503037912,0.22011495779609944
66.98,-0.03758387363594013,0.17497576017965136,-0.04418781792143768,0.22143462404212166
66.99,-0.03776397790946867,0.17573487066843527,-0.04438041393681879,0.2226583415019256
67.0,-0.037926509413118155,0.1764280985007062,-0.04455073187151845,0.2237849155595828
67.01,-0.03807139889595567,0.1770551380824742,-0.04469866025276083,0.22481310940337668
67.02,-0.038198583719394254,0.17761560792406852,-0.04482409748141645,0.2257410797266563
67.03,-0.03830800789713714,0.17810906598707013,-0.04492695202345195,0.22656635948575918
67.04,-0.03839962213965078,0.178535069380413,-0.04500714265111105,0.22728625631284446
67.05,-0.03847338390158264,0.1788931204250515,-0.0450645987153399,0.22789782516666202
67.06,-0.03852925743041724,0.17918276987538662,-0.045099260433340074,0.2283981790871036
67.07000000000001,-0.038567213814759756,0.17940353842889492,-0.045111079183238006,0.22878426919405986
67.08,-0.03858723103163514,0.17955499611680675,-0.045100017799033075,0.2290532591461873
67.09,-0.03858929399131994,0.17963673334110622,-0.04506605086098235,0.22920222382326236
67.1,-0.038573394578525606,0.17964839433755325,-0.045009164978977084,0.2292284712329139
67.11,-0.03853953168766015,0.17958971576166108,-0.04492935906002793,0.22912950802893578
67.12,-0.038487711252134266,0.17946044452376878,-0.044826644554587375,0.22890305944689457
67.13,-0.03841794627175131,0.17926031368774356,-0.04470104567946109,0.22854713227742543
67.14,-0.038330256839892336,0.1789890779662969,-0.04455259961353788,0.22806002353365923
67.15,-0.03822467016911271,0.1786465171751582,-0.04438135666325247,0.22744036628255382
67.16,-0.03810122061569472,0.17823239024695414,-0.0441873803959985,0.2266871085363341
67.17,-0.03795994970397402,0.17774648004907126,-0.04397074773702935,0.22579966229280174
67.18,-0.03780090614932731,0.17718858713849683,-0.04373154901578287,0.22477813423548654
67.19,-0.037624145880256574,0.17655849692899808,-0.04346988795122409,0.22362319828828756
67.2,-0.03742973206220325,0.17585595088156794,-0.04318588159162689,0.22233565234363356
