t_s,center_heave_m,center_heave_acc_mps2,buoy1_heave_m,buoy1_heave_acc_mps2
60.0,-0.06095923960976511,0.3873481404212558,-0.08572127279037632,0.5502891694674454
60.01,-0.059912052993580274,0.38072722925994434,-0.08514138958657515,0.5471288004819039
60.02,-0.058826874297067996,0.3738444461176641,-0.08450684166854851,0.5435580004525128
60.03,-0.05770439436322818,0.36670542428427544,-0.08381799060868543,0.5395798212751058
60.04,-0.05654532959305341,0.35931599677931214,-0.08307523866793805,0.5351977480251219
60.050000000000004,-0.05535042136063749,0.3516821895036937,-0.08227902844249747,0.5304156966847853
60.06,-0.05412043540913973,0.3438102119934044,-0.08142984246765712,0.5252380040989844
60.07,-0.052856161228452624,0.3357064490596481,-0.0805282027796341,0.5196694205289453
60.08,-0.051558411415444934,0.3273774517088642,-0.07957467043622382,0.5137150996672358
60.09,-0.05022802101767402,0.3188299281792636,-0.07856984499723257,0.5073805887368228
60.1,-0.04886584686146856,0.31007073471109803,-0.07751436396571675,0.500671817420319
60.11,-0.04747276686530263,0.3011068662768198,-0.07640890219112659,0.4935950863083517
60.120000000000005,-0.04604967933939058,0.2919454471935864,-0.07525417123552358,0.4861570545875467
60.13,-0.04459750227243576,0.2825937216921856,-0.07405091870410445,0.47836472717607137
60.14,-0.04311717260648169,0.27305904444044665,-0.07279992754132443,0.47022544127342725
60.15,-0.041609645500806695,0.2633488710571834,-0.07150201529396853,0.46174685241399954
60.160000000000004,-0.040075893585812476,0.2534707486328687,-0.07015803334256926,0.4529369200542266
60.17,-0.03851690620785219,0.2434323062830201,-0.06876886610261435,0.4438038927543672
60.18,-0.03693368866594189,0.23324124575442723,-0.0673354301970291,0.43435629300122547
60.19,-0.03532726144129035,0.222905332106349,-0.06585867360145262,0.42460290172603166
60.2,-0.03369865942057996,0.21243238448717744,-0.06433957476385674,0.41455274256782637
60.21,-0.03204893111391927,0.20183026702646323,-0.06277914170008175,0.4042150659344122
60.22,-0.03037913786837186,0.19110687986150177,-0.061178411066883265,0.39359933291139526
60.230000000000004,-0.028690353077959568,0.18027015031677962,-0.05953844721409778,0.38271519906963447
60.24,-0.026983661391020587,0.1693280242535202,-0.05786034121754515,0.37157249822019695
60.25,-0.025260157915780186,0.15828845760596194,-0.056145209894291115,0.3601812261648227
60.26,-0.023520947424983413,0.14715940811939984,-0.05439419480189171,0.34855152448858523
60.27,-0.021767143560408656,0.13594882730490465,-0.052608461223238326,0.3366936644397214
60.28,-0.01999986803806537,0.12466465262334597,-0.05078919713861206,0.3246180309401303
60.29,-0.018220249854855725,0.11331479991168096,-0.04893761218654224,0.3123351067679077
60.300000000000004,-0.01642942449745167,0.10190715606198383,-0.047054936615047886,0.2998554569515205
60.31,-0.01462853315411999,0.09044957196372674,-0.04514242022481737,0.28718971341295596
60.32,-0.012818721930194277,0.07894985571796148,-0.043201331305858376,0.27434855989505447
60.33,-0.01100114106787262,0.06741576613121908,-0.04123295556911975,0.26134271720594315
60.34,-0.009176944170986379,0.05585500649590389,-0.039238595074556314,0.2481829288111012
60.35,-0.007347287435359005,0.04427521866250573,-0.03721956715707185,0.234879946801288
60.36,-0.005513328885346368,0.03268397740835117,-0.03517720335173787,0.2214445182620493
60.370000000000005,-0.0036762276171166883,0.021088785105852787,-0.03311284831964599,0.20788737206820393
60.38,-0.0018371430492008193,0.009497066692900694,-0.03102785877570818,0.19421920612421614
60.39,2.765819186990762e-06,-0.0020838350538137825,-0.02892360241967545,0.18045067506901932
60.4,0.0018423411415876725,-0.013646663942127036,-0.02680145687159825,0.16659237846146344
60.410000000000004,0.0036804269490567833,-0.025184254485484635,-0.02466280861290402,0.1526548494602544
60.42,0.005515869865834446,-0.036689535723555225,-0.02250905193421825,0.1386485440099712
60.43,0.007347519815548047,-0.0481555347451801,-0.02034158789100395,0.12458383054254828
60.44,0.009174230717595527,-0.05957537991784435,-0.01816182326804377,0.11047098020151869
60.45,0.010994861173390604,-0.07094230382800791,-0.015971169553735964,0.09632015759440397
60.46,0.012808275142178093,-0.082249645940593,-0.013771041925123365,0.08214141208034627
60.47,0.0146133426061553,-0.09349085499007413,-0.011562858244519794,0.06794466961657944
60.480000000000004,0.016408940224659385,-0.10465949115708882,-0.00934803806854298,0.053739725162406375
60.49,0.018193951977202968,-0.11574922822388484,-0.007128001670297283,0.03953623600016947
60.5,0.019967269795164125,-0.12675385479772006,-0.0049041690753972396,0.025343714865125707
60.51,0.021727794181992704,-0.1376672756291104,-0.002677959112522224,0.011171522890181033
60.52,0.023474434821748952,-0.1484835144499468,-0.00045078847913928194,-0.0029711353673443383
60.53,0.025206111175815272,-0.15919671381749662,0.001775929177059477,-0.017075217135506363
60.54,0.026921753067623184,-0.16980113863911325,0.004000784160466351,-0.031131847342211718
60.550000000000004,0.02862030125511278,-0.18029117970722097,0.0062223716130443765,-0.04513232429041432
60.56,0.03030070799041736,-0.1906613622700994,0.008439292382322655,-0.05906812839703849
60.57,0.03196193756551353,-0.2009063706850906,0.010650153870789388,-0.07293094059357562
60.58,0.03360296684016675,-0.2110211227392244,0.012853570863993186,-0.08671269436693624
60.59,0.03522278575057373,-0.2210006865112935,0.015048166336302505,-0.10040551472863066
60.6,0.03682039780781948,-0.2308400712051265,0.017232572240571106,-0.11400158002527096
60.61,0.03839482059445569,-0.2405343454858845,0.019405430286835473,-0.12749321609250866
60.620000000000005,0.03994508625451767,-0.2500787335349317,0.021565392706652815,-0.1408729439510584
60.63,0.04147024196974564,-0.25946861950142874,0.023711122999048578,-0.15413347385997087
60.64,0.04296935042178859,-0.2686994865602522,0.02584129665666831,-0.16726772975555373
60.65,0.044441490244104424,-0.27776689107536,0.02795460187159412,-0.18026883146162156
60.660000000000004,0.04588575646528172,-0.28666648678352513,0.03004974022150045,-0.1931300856598222
60.67,0.04730126094305957,-0.29539402612913473,0.03212542733691881,-0.20584498676910856
60.68,0.048687132788486555,-0.3039453604346407,0.03418039354999466,-0.21840720891324658
60.69,0.050042518780058866,-0.312316444064963,0.036213384524974586,-0.23081061047539414
60.7,0.05136658376773778,-0.32050333075936754,0.03822316187066859,-0.2430492240105796
60.71,0.052658511066791584,-0.32850217857583663,0.040208503734907294,-0.2551172688233892
60.72,0.053917502841425755,-0.33630924542328106,0.042168205381043454,-0.26700913569341156
60.730000000000004,0.055142780478389865,-0.3439208869583822,0.044101079747101576,-0.27871938368994803
60.74,0.05633358495054769,-0.35133356315400655,0.04600595798746216,-0.2902427587154591
60.75,0.057489177170340904,-0.35854383138661206,0.0478816899969171,-0.3015741711621735
60.76,0.058608838333364166,-0.36554834609096665,0.04972714491790125,-0.31270869372763727
60.77,0.05969187025218107,-0.3723438597317715,0.05154121163131164,-0.3236415658285368
60.78,0.06073759568034161,-0.3789272225080879,0.05332279923074965,-0.33436819330096995
60.79,0.061745358626610854,-0.3852953818840931,0.0550708374801721,-0.344884146508514
60.800000000000004,0.06271452465952247,-0.39144537995658485,0.05678427725548226,-0.355185146332363
60.81,0.06364448120238604,-0.3973743535364055,0.0584620909707554,-0.365267065314591
60.82,0.06453463781880017,-0.40307953421724585,0.06010327298930827,-0.37512592798429434
60.83,0.06538442648869033,-0.4085582475410664,0.06170684001972247,-0.3847579060371986
60.84,0.0661933018749176,-0.413807912668098,0.06327183149713,-0.3941593158714939
60.85,0.0669607415804971,-0.418826042252146,0.06479730994998927,-0.40332661820452465
60.86,0.0676862463964559,-0.4236102418296561,0.06628236135260983,-0.41225641190361884
60.870000000000005,0.06836934054038615,-0.42815820897908247,0.06772609546397379,-0.42094542635420723
60.88,0.06900957188575149,-0.43246773339028416,0.0691276461533523,-0.42939052145100887
60.89,0.06960651218195785,-0.436536696764913,0.07048617171294358,-0.43758868516454064
60.9,0.07015975726519977,-0.4403630726238084,0.07180085515776376,-0.44553702995173816
60.910000000000004,0.07066892726009714,-0.4439449262239562,0.0730709045131201,-0.45323278938100997
60.92,0.07113366677212785,-0.4472804145073978,0.07429555309000795,-0.46067331477566575
60.93,0.07155364507086666,-0.4503677861505314,0.07547405974875632,-0.46785607220439346
60.94,0.07192855632169443,-0.4532035129017709,0.07660570914677182,-0.47477878393954515
60.95,0.07225812034303006,-0.4557698234886859,0.07768981193371127,-0.48144039215537027
60.96,0.07254208430601274,-0.4580423369874128,0.07872570486198391,-0.4878404666550688
60.97,0.07278022456643082,-0.46001207732180516,0.07971275087587573,-0.4939774853098662
60.980000000000004,0.07297234761327055,-0.4616782705553389,0.08065033925885635,-0.4998493864360031
60.99,0.07311829031791071,-0.46303981864111565,0.08153788582516604,-0.5054542355754954
61.0,0.0732179200206821,-0.4640961617819741,0.0823748331139718,-0.5107901565739028
61.01,0.07327113459426937,-0.4648468358869412,0.08316065057534211,-0.5158553635493166
61.02,0.07327786248197668,-0.46529169302223455,0.08389483474842341,-0.5206481414119978
61.03,0.07323806271215301,-0.46543078980511254,0.08457690943195063,-0.5251668523126668
61.04,0.07315172488827068,-0.4652644413267954,0.08520642584735318,-0.5294099293220642
61.050000000000004,0.0730188691551114,-0.4647931917781448,0.0857829627946315,-0.5333758767028856
61.06,0.07283954614107499,-0.4640178262235586,0.08630612680120443,-0.537063267090348
61.07,0.07261383687690615,-0.46293936129241064,0.08677555226389244,-0.5404707404295455
61.08,0.07234185269103566,-0.4615590459240535,0.08719090158419956,-0.5435970022446409
61.09,0.0720237350818407,-0.4598783566031809,0.08755186529703626,-0.5464408224554647
61.1,0.07165965556711511,-0.45789899488450336,0.08785816219301504,-0.5490010341334792
61.11,0.0712498155110957,-0.45562288331897827,0.08810953943443427,-0.5512765325024132
61.120000000000005,0.07079444592941136,-0.4530521617429492,0.08830577266505249,-0.5532662740305543
61.13,0.07029380727235186,-0.45018918296554483,0.08844666611374072,-0.5549692756913753
61.14,0.06974818918687879,-0.4470365083555796,0.08853205269208685,-0.5563846143534998
61.15,0.06915791025822643,-0.44359689039825034,0.08856179408724474,-0.5575113863291018
61.160000000000004,0.06852331782422397,-0.43987028581473775,0.08853578114199093,-0.5583393129007287
61.17,0.06784478823712257,-0.43584650337478026,0.08845393570177185,-0.5588255720801893
61.18,0.067122727767912,-0.43151256137011995,0.08831621454328631,-0.5589179684989437
61.19,0.06635757352241356,-0.4268660550087028,0.08812261339507763,-0.5585971502947255
61.2,0.06554979369909007,-0.4219107697342176,0.08787316893301332,-0.5578628292844788
61.21,0.06469988732423361,-0.4166507509195808,0.08756795917493672,-0.5567150632945169
61.22,0.06380838384210107,-0.4110903664561988,0.08720710346436171,-0.5551544712554538
61.230000000000004,0.06287584267606684,-0.4052342411294201,0.08679076240808278,-0.5531820462839478
61.24,0.06190285276209908,-0.39908727909299846,0.08631913776987765,-0.5507992465377042
61.25,0.060890032055437845,-0.3926546416539879,0.08579247232103113,-0.5480079458641531
61.26,0.05983802701113788,-0.38594174682943505,0.08521104964772361,-0.5448104532433131
61.27,0.05874751203930834,-0.37895425745067735,0.08457519391580011,-0.5412094965432632
61.28,0.05761918893585281,-0.37169807447645303,0.08388526959332782,-0.5372082228569325
61.29,0.05645378628957834,-0.36417932720825563,0.08314168113153007,-0.5328101893155214
61.300000000000004,0.05525205886655563,-0.3564043646032866,0.08234487260471762,-0.5280193574669878
61.31,0.054014786972657165,-0.34837974561955826,0.08149532730993986,-0.5228400847145923
61.32,0.05274277579521051,-0.34011222966597077,0.08059356732714353,-0.5172771161119472
61.33,0.051436854724742014,-0.3316087666572075,0.07964015304070453,-0.5113355749136468
61.34,0.050097876657801174,-0.32287648696322885,0.0786356826232647,-0.5050209527329553
61.35,0.04872671728187515,-0.31392269114673976,0.07758079148287376,-0.4983390989348501
61.36,0.04732427434341818,-0.30475483958160376,0.07647615167449756,-0.4912962095072266
61.370000000000005,0.04589146690004093,-0.29538054194463126,0.07532247127701258,-0.4838988153482938
61.38,0.044429234557907225,-0.28580754662402924,0.07412049373686141,-0.4761537700627568
61.39,0.04293853669540036,-0.27604373006164384,0.07287099717959364,-0.46806823728393054
61.4,0.041420351674124736,-0.266097086059144,0.07157479369056291,-0.45964967757814246
61.410000000000004,0.03987567603831159,-0.2559757150711764,0.07023272856609272,-0.4509058349693097
61.42,0.038305523703701355,-0.24568781351150476,0.0688456795364602,-0.4418447231316207
61.43,0.03671092513696825,-0.23524166309586259,0.06741455596208054,-0.43247461129368614
61.44,0.0350929265267554,-0.22464562024546947,0.06594029800430252,-0.42280400989997546
61.45,0.03345258894737616,-0.21390810557425338,0.06442387577224962,-0.41284165607389745
61.46,0.03179098751623342,-0.20303759348189807,0.06286628844716032,-0.4025964989271808
61.47,0.03010921054599385,-0.19204260187439387,0.06126856338569657,-0.39207768475920857
61.480000000000004,0.028408358692546386,-0.18093168203236554,0.05963175520369892,-0.38129454218947084
61.49,0.0266895440997499,-0.1697134086471414,0.057956944841874816,-0.3702565672651015
61.5,0.024953889541971495,-0.1583963700428408,0.05624523861490625,-0.3589734085845683
61.51,0.02320252756538279,-0.14698915860220005,0.054497767245463444,-0.3474548524771311
61.52,0.02143659962897593,-0.13550036141271654,0.052715684884603195,-0.3357108082763782
61.53,0.019657255246224574,-0.1239385511481052,0.05090016812002225,-0.3237512937245844
61.54,0.017865651128302056,-0.11231227719953649,0.049052414973622,-0.3115864205429562
61.550000000000004,0.01606295032974271,-0.10063005706948694,0.04717364388982327,-0.29922638020110753
61.56,0.014250321397395387,-0.08890036803984994,0.045265092716051836,-0.2866814299172654
61.57,0.012428937523506144,-0.07713163912509582,0.04332801767678934,-0.2739618789187927
61.58,0.010599975703727314,-0.06533224331940682,0.04136369234256001,-0.26107807499066366
61.59,0.00876461590082397,-0.05351049014631688,0.03937340659519383,-0.24804039133752653
61.6,0.006924040214820123,-0.04167461851726003,0.03735846559067511,-0.2348592137829746
61.61,0.005079432060293551,-0.029832789905237238,0.03532018872085206,-0.22154492832754938
61.620000000000005,0.0032319753514970487,-0.01799308183756513,0.03325990857524672,-0.20810790908508067
61.63,0.0013828536959544521,-0.006163481711790424,0.031178969904166215,-0.1945585066147558
61.64,-0.0004667504028553509,0.005648119063544586,0.029078728584277562,-0.18090703666449182
61.65,-0.0023156563331467447,0.017433930601424934,0.0269605505877664,-0.1671637693390102
61.660000000000004,-0.004162686152256718,0.029186269742266475,0.024825810956157747,-0.15333891870423103
61.67,-0.006006665353340148,0.04089756493365759,0.022675892779833014,-0.13944263283757294
61.68,-0.00784642362084546,0.0525603607854609,0.020512186184233203,-0.12548498433194133
61.690000000000005,-0.00968079557432381,0.06416732230292428,0.01833608732369297,-0.1114759612594
61.7,-0.011508621500147895,0.07571123880061666,0.01614899738380363,-0.0974254585987394
61.71,-0.013328748070755436,0.08718502750168937,0.013952321593157645,-0.08334327012953989
61.72,-0.01514002905106342,0.09858173682662956,0.011747468245280234,-0.06923908079364169
61.730000000000004,-0.01694132599172322,0.1098945493773982,0.00953584773150654,-0.05512245952352539
61.74,-0.018731508908926595,0.12111678462250944,0.007318871585517322,-0.04100285253552351
61.75,-0.02050945695049801,0.13224190129002444,0.005097951540198945,-0.02688957708451808
61.76,-0.02227405904803324,0.14326349947535244,0.0028744985974470745,-0.012791815675410547
61.77,-0.024024214554883547,0.1541753224716141,0.000649922111489386,0.001281389274563779
61.78,-0.025758833869799286,0.16497125833058573,-0.0015743711137443676,0.01532114032996406
61.79,-0.027476839046087758,0.17564534116110628,-0.003796977712718669,0.029318689497597618
61.800000000000004,-0.02917716438615264,0.18619175214380412,-0.0060164986314134574,0.04326544227118961
61.81,-0.03085875702133259,0.1966048199126958,-0.008231539985070974,0.05715296121973411
61.82,-0.03252057747700633,0.2068790203358416,-0.010440713900222814,0.07097296882148266
61.83,-0.034161600223021574,0.21700897481236314,-0.012642639340744293,0.08471734882394524
61.84,-0.03578081420977106,0.2269894426473027,-0.014835942917884818,0.09837814389305251
61.85,-0.037377223391472945,0.2368152839388718,-0.01701925968503874,0.1119475337261316
61.86,-0.03894984724365819,0.24648129688523568,-0.0191912339216269,0.12541772998589865
61.870000000000005,-0.04049772127676473,0.2559824396461328,-0.021350519906573565,0.13878114281687445
61.88,-0.04201989753098058,0.26531406070523145,-0.023495782670702323,0.15203052756216215
61.89,-0.04351544504362998,0.27447167094672814,-0.025625698722052417,0.16515883762677547
61.9,-0.044983450297830886,0.28345087866106444,-0.02773895674983665,0.17815918055490093
61.910000000000004,-0.04642301765779298,0.2922474652289646,-0.029834258311822882,0.1910248275806266
61.92,-0.047833269788555545,0.3008573767971803,-0.03191031850562225,0.2037492108016319
61.93,-0.04921334805902988,0.3092767261219688,-0.03396586662339348,0.2163259374472335
61.940000000000005,-0.05056241292894751,0.31750177576224003,-0.03599964678954734,0.22874878229310242
61.95,-0.05187964432034288,0.32552894325188586,-0.03801041858131661,0.24101169503240732
61.96,-0.053164241973962995,0.3333547911125944,-0.0399969576322134,0.25310879258744884
61.97,-0.054415425790860034,0.34097603115926606,-0.04195805621824873,0.2650343707514384
61.980000000000004,-0.05563243615953442,0.3483895122687476,-0.043892523827151635,0.27678288275575474
61.99,-0.05681453426902854,0.3555922240730193,-0.04579918771090682,0.28834895578514375
62.0,-0.057961002408048926,0.36258129658637084,-0.047676893421224276,0.2997273907630901
62.01,-0.059071144250522345,0.36935398523567786,-0.049524505328586606,0.31091313119449954
62.02,-0.060144285128057355,0.3759076798433349,-0.05134090712547065,0.3219012938171873
62.03,-0.061179772289321935,0.38223989948779746,-0.05312500231307498,0.33268716113214425
62.04,-0.062176975146640556,0.3883482851479708,-0.05487571467194442,0.34326616108195973
62.050000000000004,-0.0631352855103454,0.3942305975478946,-0.05659198871764744,0.3536338668620387
62.06,-0.06405411781111094,0.39988471782915636,-0.05827279014143455,0.36378601254390763
62.07,-0.06493290931041726,0.40530864329610017,-0.059917106235412076,0.37371848328895757
62.08,-0.06577112029946658,0.4105004829848632,-0.06152394630272106,0.38342730515286516
62.09,-0.0665682342869661,0.4154584544370956,-0.06309234205368333,0.39290863645548263
62.1,-0.06732375817608607,0.42018088148859833,-0.0646213479883689,0.4021587734072297
62.11,-0.06803722243083195,0.42466619242715614,-0.06611004176531492,0.4111741553319675
62.120000000000005,-0.06870818123207185,0.42891291617015426,-0.06755752455639108,0.41995135293188657
62.13,-0.06933621262353779,0.43291967939913,-0.06896292138840665,0.4284870644129051
62.14,-0.06992091864810217,0.43668520384076315,-0.07032538147197073,0.4367781126109629
62.15,-0.07046192547460613,0.44020830342061007,-0.07164407851810332,0.44482143595615653
62.160000000000004,-0.07095888351552085,0.4434878817328456,-0.07291821104298,0.4526140923275104
62.17,-0.07141146753568614,0.4465229296853747,-0.07414700266074481,0.4601532608319547
62.18,-0.07181937675237365,0.44931252295340474,-0.07532970236449459,0.4674362331333356
62.190000000000005,-0.07218233496210079,0.45185467963304016,-0.07646558479318324,0.47446049917123095
62.2,-0.07250009111356931,0.4541346018464999,-0.07755395045202437,0.48122466605724057
62.21,-0.07277242082747973,0.45612799540576565,-0.07859412584783482,0.48772818248511257
62.22,-0.07299912821505398,0.4578242855392325,-0.07958546359088255,0.493969520972025
62.230000000000004,-0.07318004689137149,0.45922311374929725,-0.0805273425497243,0.4999464602248496
62.24,-0.07331504021185174,0.4603241658448801,-0.08141916805662996,0.5056568744099273
62.25,-0.07340400129322551,0.4611275010127195,-0.08226037211992622,0.5110987045100996
62.26,-0.0734468530106767,0.4616333253487375,-0.08305041362859612,0.5162699741338254
62.27,-0.07344354797244619,0.4618421017907557,-0.08378877854926528,0.5211687783269507
62.28,-0.07339406847275268,0.46175449145251657,-0.08447498011573658,0.5257932861041352
62.29,-0.07329842642297589,0.46137137883265233,-0.08510855901129659,0.5301417363499376
62.300000000000004,-0.0731566632615455,0.4606938546873574,-0.0856890835439625,0.5342124372716023
62.31,-0.07296884984277105,0.4597232196742525,-0.08621614981484244,0.5380037643143438
62.32,-0.07273508630498675,0.45846097722986373,-0.08668938187975636,0.5415141590880644
62.33,-0.07245550191836102,0.4569088314602767,-0.08710843190425287,0.5447421280320401
62.34,-0.07213025491276139,0.4550686821708163,-0.08747298031213967,0.5476862414563042
62.35,-0.07175953228608631,0.4529426209868651,-0.08778273592762881,0.5503451326403291
62.36,-0.07134354959349679,0.4505329266070999,-0.08803743611118243,0.5527174971488169
62.370000000000005,-0.07088255071799997,0.4478420601864677,-0.08823684688912771,0.5548020922835326
62.38,-0.07037680762286024,0.4448726603695716,-0.08838076307709375,0.5565977367103128
62.39,-0.06982662008632942,0.44162753823451095,-0.088469008397307,0.5581033102394404
62.4,-0.06923231541924858,0.4381096705474986,-0.08850143558991154,0.5593177490561869
62.410000000000004,-0.06859424824042575,0.4343197869752774,-0.08847792675328874,0.5602324403116007
62.42,-0.0679128006944238,0.43024777214332255,-0.0883983951261313,0.5608041004083006
62.43,-0.06718838336872614,0.4258796407738382,-0.08826278911896326,0.5609768674274896
62.440000000000005,-0.06642143626333072,0.42121284242272755,-0.08807109654931347,0.5607305948367465
62.45,-0.0656124290731317,0.41625127451821087,-0.08782334674573224,0.5600650915210298
62.46,-0.06476186092415638,0.41099889452580435,-0.08751961096584297,0.5589800062176492
62.47,-0.06387025996822383,0.4054600240259373,-0.08716000240291509,0.5574758049943674
62.480000000000004,-0.06293818295265473,0.3996391718292392,-0.08674467614665098,0.5555532324593144
62.49,-0.061966214765335224,0.3935411127599585,-0.08627382909720877,0.5532135799197075
62.5,-0.06095496795625991,0.38717083811043745,-0.08574769983408517,0.5504585485728143
62.51,-0.05990508223601287,0.38053356975087166,-0.08516656843933545,0.5472903137156263
62.52,-0.05881722395202684,0.37363474195617397,-0.08453075627582918,0.5437114869798857
62.53,-0.05769208554331322,0.3664799989309812,-0.08384062572077446,0.5397251281225883
62.54,-0.05653038497447617,0.3590751840837312,-0.08309657985511955,0.5353347306280664
62.550000000000004,-0.055332865149801326,0.35142633304823145,-0.08229906210939285,0.5305442190321279
62.56,-0.054100293308261944,0.3435396644907571,-0.08144855586670248,0.525357939049523
62.57,-0.05283346040028783,0.33542157171348286,-0.08054558402366997,0.5197806500104883
62.58,-0.05153318044717477,0.32707861358488344,-0.07959070851017373,0.5138175149017606
62.59,-0.05020028988402565,0.3185175055647579,-0.07858452976885039,0.5074740904190359
62.6,-0.04883564688712551,0.30974511047595843,-0.07752768619538404,0.5007563158850135
62.61,-0.04744013068667295,0.3007684292311582,-0.07642085354068448,0.49367050166816406
62.620000000000005,-0.046014640865792905,0.291594591446492,-0.07526474427612528,0.4862233168497304
62.63,-0.04456009664677227,0.2822308460108828,-0.07406010692307709,0.47842177633363747
62.64,-0.04307743616545631,0.2726845516123112,-0.07280772534803179,0.4702732273727265
62.65,-0.04156761573475692,0.26296316725497637,-0.071508418024668,0.4617853355976938
62.660000000000004,-0.040031609098214266,0.25307424278493923,-0.07016303726425901,0.45296607058028254
62.67,-0.038470406674562724,0.24302540944928658,-0.06877246841586956,0.4438236909910503
62.68,-0.03688501479423999,0.2328243705094165,-0.06733762903782783,0.4343667293985612
62.690000000000005,-0.03527645492877988,0.2224788919304871,-0.06585946804199416,0.4246039767640899
62.7,-0.033645762914012424,0.21199679316722475,-0.0643389648123786,0.4145444666824265
62.71,-0.03199398816799666,0.20138593806635982,-0.06277712829968264,0.4041974594208356
62.72,-0.030322192904589058,0.19065422590456377,-0.06117499609336202,0.3935724258068455
62.730000000000004,-0.02863145134354295,0.17980958258023927,-0.05953363347282019,0.38267903101524525
62.74,-0.02692284891801843,0.16885995197643883,-0.05785413243935295,0.37152711830344237
62.75,-0.025197481480360065,0.15781328751141777,-0.056137610730469016,0.3601266927432916
62.76,-0.02345645450699045,0.14667754389184384,-0.05438521081821024,0.3484879049960857
62.77,-0.021700882303235133,0.13546066908357884,-0.05259809889309224,0.3366210351757792
62.78,-0.019931887208882546,0.12417059651254425,-0.05077746383527547,0.32453647684394693
62.79,-0.01815059880525621,0.11281523750872277,-0.04892451617456328,0.312244721177885
62.800000000000004,-0.016358153124549142,0.10140247400349471,-0.04704048704080695,0.2997563413514942
62.81,-0.014555691862150513,0.08994015149117135,-0.045126627106274804,0.2870819771662615
62.82,-0.012744361592663045,0.07843607226277423,-0.04318420552151787,0.27423231996759795
62.83,-0.010925312990285933,0.06689798892050258,-0.04121450884623565,0.26121809787939426
62.84,-0.009099700054207939,0.055333598178930674,-0.039218839976613386,0.24805006138739352
62.85,-0.007268679339628898,0.043750534958894735,-0.03719851707056704,0.23473896929950655
62.86,-0.005433409194994685,0.03215636677803929,-0.03515487247229482,0.22129557510887152
62.870000000000005,-0.0035950490060057804,0.020558588441731366,-0.03308925163749277,0.20773061378294533
62.88,-0.0017547584469263045,0.008964617036040609,-0.031003012060550235,0.19405478899959502
62.89,8.630326030857358e-05,-0.002618212775576303,-0.028897522204995384,0.1802787608486477
62.9,0.0019269780787196048,-0.014182653152233885,-0.02677416043841479,0.16641313401511015
62.910000000000004,0.0037661098802086496,-0.025721547172948864,-0.024634313973022855,0.1524684464578539
62.92,0.005602545160371255,-0.03722783263327806,-0.022479377813006813,0.13845515859532617
62.93,0.007435133743825745,-0.04869454554439547,-0.02031075370972332,0.12438364300765707
62.940000000000005,0.009262729479705452,-0.06011482333830186,-0.01812984912576962,0.11026417466245789
62.95,0.011084190927001242,-0.07148190778492827,-0.015938076208901576,0.09610692167069627
62.96,0.012898382029460002,-0.08278914763100394,-0.013736850776715694,0.081921936589392
62.97,0.014704172779781494,-0.09403000097462147,-0.011527591312959518,0.06771914827643828
62.980000000000004,0.01650043987287054,-0.1051980375256529,-0.009311717976275405,0.05350835439619057
62.99,0.018286067347926673,-0.11628694059689587,-0.007090651622114724,0.03929921475519883
63.0,0.02005994721919759,-0.1272905080202048,-0.004865812838533194,0.025101243742346305
63.01,0.02182098009524357,-0.13820265425769399,-0.0026386209965697373,0.010923803930260503
63.02,0.023568075786526827,-0.14901741261244336,-0.0004104933158210784,-0.003223898657276219
63.03,0.02530015390117058,-0.15972893511744518,0.0018171560542466882,-0.017332820425765942
63.04,0.027016144428742138,-0.17033149616920398,0.004042916936698011,-0.03139408561120874
63.050000000000004,0.028714988311769423,-0.1808194960532355,0.00626538401267673,-0.04539899210988264
63.06,0.03039563800450119,-0.19118746888093854,0.008483157689451728,-0.059339019787584595
63.07,0.03205705801775518,-0.20143010504421688,0.01069484494992206,-0.07320584706117289
63.08,0.033698225446481364,-0.21154231946609808,0.012899060181148655,-0.08699139784980535
63.09,0.0353181304777474,-0.22151920252839052,0.01509442598039275,-0.10068780502328555
63.1,0.036915776887475306,-0.23135578535962897,0.017279573944305307,-0.11428725591043606
63.11,0.038490182535286764,-0.2410471437525249,0.01945314544702558,-0.1277820763247334
63.120000000000005,0.04004037985357561,-0.2505885072362618,0.021613792404289317,-0.14116478900267385
63.13,0.04156541632305281,-0.2599752690815132,0.023760178019235138,-0.15442810602437462
63.14,0.0430643549340165,-0.2692029249673069,0.025890977508336695,-0.16756495441739802
63.15,0.044536274637190225,-0.2782670401179791,0.028004878806923192,-0.18056845745853337
63.160000000000004,0.04598027078614334,-0.2871632755884076,0.030100583255001628,-0.1934319251152791
63.17,0.04739545557059984,-0.29588738981866447,0.03217680626421257,-0.20614885432215946
63.18,0.048780958439979136,-0.30443524024858337,0.03423227796628421,-0.21871292286735078
63.190000000000005,0.050135926516984994,-0.3128027857028366,0.03626574384323695,-0.23111799079195594
63.2,0.05145952500115263,-0.3209860844677336,0.03827596533959852,-0.24335809364194622
63.21,0.052750937562261485,-0.32898129867886183,0.04026172045659141,-0.2554274535934848
63.22,0.05400936672360003,-0.336784689085757,0.04222180432839748,-0.2673204625607276
63.230000000000004,0.055234034235261735,-0.34439261448625647,0.04415502978108743,-0.2790316830826803
63.24,0.05642418143743802,-0.3518015373923597,0.04606022787400925,-0.2905558643356408
63.25,0.05757906961365837,-0.35900801664936005,0.047936248423576855,-0.3018879178805957
63.26,0.058697980334215916,-0.36600870792957463,0.04978196051031068,-0.3130229186059372
63.27,0.05978021578987591,-0.37280036458644844,0.05159625296943938,-0.3239561087029063
63.28,0.06082509911581198,-0.3793798374625875,0.05337803486482819,-0.3346828983184635
63.29,0.06183197470580973,-0.38574407371695685,0.0551262359463115,-0.345198859424222
63.300000000000004,0.06280020851685111,-0.3918901146614341,0.056839807091067264,-0.35549971458307134
63.31,0.0637291883642097,-0.3978150961019722,0.058517720729634876,-0.3655813393151725
63.32,0.06461832420708705,-0.4035162480796206,0.06015897125672697,-0.3754397606250321
63.33,0.06546704842481252,-0.4089908941942723,0.06176257542698756,-0.3850711529326067
63.34,0.06627481608366312,-0.4142364512265905,0.06332757273601024,-0.39447183531921626
63.35,0.06704110519432914,-0.41925042912589955,0.06485302578682269,-0.403638271892236
63.36,0.06776541696005989,-0.42403043017571784,0.06633802064213096,-0.41256706344817945
63.370000000000005,0.06844727601555059,-0.4285741483490656,0.06778166716290851,-0.42125494162329685
63.38,0.06908623065661795,-0.43287936943756095,0.06918309933377736,-0.42969876907692023
63.39,0.069681853060675,-0.43694397086990766,0.07054147557538785,-0.43789553626483213
63.4,0.07023373949801197,-0.44076592158872674,0.07185597904405175,-0.44584235823189755
63.410000000000004,0.0707415105339002,-0.4443432819609293,0.07312581791896151,-0.45353647102679684
63.42,0.07120481122152511,-0.4476742037615775,0.0743502256773357,-0.4609752284673674
63.43,0.0716233112857441,-0.45075693023780966,0.07552846135781678,-0.46815609907305117
63.440000000000005,0.0719967053691221,-0.453587481315374,0.07665980980690212,-0.47507684210651063
63.45,0.07232471384285369,-0.45614707258219456,0.0777435818697526,-0.4817364803780126
63.46,0.07260708455247175,-0.4584117423130324,0.07877911449692997,-0.4881345529767776
63.47,0.0728435946217819,-0.46037339910975084,0.07976577083552956,-0.49426947025659523
63.480000000000004,0.07303405134790748,-0.46203131889906635,0.08070294038050425,-0.5001391680466818
63.49,0.0731782924309865,-0.46338438951918376,0.08159003916762177,-0.5057417146545651
63.5,0.07327618606009173,-0.4644320625712516,0.08242650996751412,-0.5110752345505406
63.51,0.07332763097638653,-0.46517387286384276,0.08321182247151632,-0.5161379434603814
63.52,0.07333255651105278,-0.46560967786873625,0.08394547346971956,-0.5209281273250987
63.53,0.073290922599398,-0.46573953660738016,0.08462698702136033,-0.5254441495321864
63.54,0.07320271977058015,-0.4655637683248339,0.08525591461781215,-0.529684444206675
63.550000000000004,0.0730679691134329,-0.4650829207340475,0.08583183533835241,-0.5336475166806366
63.56,0.0728867222183922,-0.46429778297600255,0.0863543559989052,-0.5373319405782422
63.57,0.07265906109582387,-0.4632093757115998,0.08682311129392492,-0.5407363568043672
63.58,0.072385098070956,-0.4618189521606206,0.08723776393158274,-0.5438594717916547
63.59,0.07206497565570834,-0.46012799318315517,0.08759800476239864,-0.5467000563317853
63.6,0.07169886639771901,-0.4581382048744873,0.08790355290145016,-0.5492569443277066
63.61,0.07128697270691534,-0.4558515144487978,0.08815415584427316,-0.5515290317997846
63.620000000000005,0.07082952665999065,-0.45327006654222934,0.08834958957655643,-0.5535152759789613
63.63,0.07032678978318704,-0.4503962188855718,0.08848965867771834,-0.5552146945705588
63.64,0.069779052813811,-0.44723253789080497,0.0885741964184376,-0.5566263651462089
63.65,0.06918663544148454,-0.4437817759445475,0.08860306485394362,-0.5577493681396699
63.660000000000004,0.06854988612802407,-0.4400437065417898,0.08857615522316707,-0.558572831137573
63.67,0.0678691823824864,-0.43600800320958555,0.08849338983911595,-0.5590534883527553
63.68,0.06714493167084047,-0.4316618442350607,0.08835472603603067,-0.559139632685857
63.690000000000005,0.0663775723222961,-0.4270029714736444,0.08816016016083374,-0.5588123592988721
63.7,0.06556757377620423,-0.42203518668995177,0.08790972953582203,-0.5580714145928051
63.71,0.0647154363133619,-0.41676254077980474,0.08760351284278033,-0.5569168564160949
63.72,0.06382169064526036,-0.4111894109144566,0.0872416301056313,-0.5553493153928964
63.730000000000004,0.06288689747442734,-0.40532042952479397,0.08682424262727488,-0.5533697908865864
63.74,0.06191164702706678,-0.3991605094547278,0.08635155288246409,-0.5509797503842677
63.75,0.060896558558889896,-0.39271482038961913,0.08582380436749462,-0.5481810758489118
63.76,0.059842279834794745,-0.38598878907416384,0.08524128140673075,-0.5449760852776194
63.77,0.05874948658323317,-0.3789880870686724,0.08460430891649662,-0.5413675153653995
63.78,0.05761888192606337,-0.3717186242188276,0.08391325212673836,-0.5373585223529452
63.79,0.056451195784763146,-0.3641865387751969,0.08316851626104947,-0.5329526725489626
63.800000000000004,0.0552471842638857,-0.35639818873660317,0.0823705461756813,-0.5281539368180581
63.81,0.054007629012682384,-0.34836014216254807,0.08151982595826501,-0.5229666819280374
63.82,0.05273333656583881,-0.3400791676222479,0.08061687848703386,-0.5173956623538278
63.83,0.05142513766429192,-0.33156222423274095,0.07966226495141465,-0.511446010786879
63.84,0.05008388655712521,-0.3228164515997572,0.07865658433492222,-0.5051232282767918
63.85,0.048710460285549935,-0.3138491595425339,0.07760047286135978,-0.49843317359601247
63.86,0.04730575795000013,-0.30466781770197926,0.07649460340538877,-0.49138205208928076
63.870000000000005,0.045870699961386936,-0.29528004502125144,0.07533968486859016,-0.4839764039365781
63.88,0.04440622727755788,-0.285693599143804,0.07413646152219473,-0.47622309192696793
63.89,0.04291330062603164,-0.2759163657451679,0.07288571231770849,-0.4681292887582151
63.9,0.04139289971406461,-0.2659563478291323,0.071588250166707,-0.45970246391980735
63.910000000000004,0.03984602242713153,-0.25582165501108045,0.07024492119111216,-0.45095037019677175
63.92,0.038273684016880756,-0.2455204928146229,0.06885660394530398,-0.4418810298425744
63.93,0.036676916279640766,-0.2350611520052826,0.06742420861145122,-0.432502720464431
63.940000000000005,0.035056766726543065,-0.22445199798514728,0.06594867616947327,-0.42282396066693784
63.95,0.0334142977463178,-0.2137014602715994,0.06443097754306959,-0.4128534954984668
63.96,0.03175058576181429,-0.20281802208218774,0.06287211272327237,-0.40260028174500023
63.97,0.030066720381288502,-0.19181021004737484,0.06127310987099207,-0.39207347311516866
63.980000000000004,0.02836380354548013,-0.18068658407146876,0.05963502440003671,-0.381282405359615
63.99,0.02664294867149275,-0.16945572736157133,0.05795893804209183,-0.37023658136678855
64.0,0.02490527979447431,-0.15812623664309094,0.05624595789514906,-0.35894565627615704
64.01,0.023151930708067477,-0.1467067125792775,0.0544972154568707,-0.3474194226485614
64.02,0.021384044104590876,-0.13520575041144178,0.05271386564437018,-0.3356677957319784
64.03,0.01960277071587994,-0.12363193083506452,0.050897085801878975,-0.3237007988594436
64.04,0.01780926845570013,-0.11199381112588333,0.04904807469775708,-0.3115285490142156
64.05,0.016004701564610795,-0.10029991652918725,0.04716805151228715,-0.29916124259547233
64.06,0.014190239758143782,-0.08855873192366945,0.04525825481767159,-0.28660914141605365
64.07000000000001,0.012367057379121766,-0.07677869377073077,0.04331994155162904,-0.27388255896177793
64.08,0.01053633255491675,-0.0649681823582896,0.04135438598596042,-0.2609918469399598
64.09,0.008699246360426943,-0.05313551434731271,0.03936287869142406,-0.24794738214269035
64.1,0.006856981987504033,-0.04128893562775419,0.037346725500230694,-0.23475955364849987
64.11,0.005010723921547797,-0.029436614489941174,0.035307246467431774,-0.22143875038384997
64.12,0.0031616571259443895,-0.017586635115455617,0.03324577483244112,-0.20799534906400063
64.13,0.0013109662349940537,-0.005746991391310852,0.031163655981890418,-0.19443970253065426
64.14,-0.0005401652440557303,0.00607441895030985,0.02906224641497974,-0.18078212850177794
64.15,-0.0023905557192920443,0.017869799865787715,0.02694291271244324,-0.16703289874711647
64.16,-0.004239026292181641,0.029631462206539765,0.024807030510206832,-0.1532022287007834
64.17,-0.00608440152486668,0.0413518285991864,0.02265598347877217,-0.1393002675205609
64.18,-0.00792551019622354,0.05302343800102871,0.020491162309315115,-0.12533708860163228
64.19,-0.009761186046235415,0.06463894993293712,0.018313963707442406,-0.11132268055060976
64.2,-0.01159026850826072,0.07619114839336932,0.016125789395504395,-0.09726693862408047
64.21000000000001,-0.013411603428807786,0.08767294545710543,0.013928045124314321,-0.08317965663416321
64.22,-0.015224043774461033,0.09907738456366047,0.011722139695079004,-0.06907051932194903
64.23,-0.01702645032563508,0.11039764350075054,0.009509483992298551,-0.054949095198213393
64.24,-0.0188176923568602,0.12162703708878567,0.007291490028346182,-0.04082482984932965
64.25,-0.020596648303335956,0.13275901957300684,0.005069570000392835,-0.02670703970487476
64.26,-0.022362206413518475,0.14378718673058286,0.002845135360295317,-0.012604906262218609
64.27,-0.02411326538753149,0.15470527770001502,0.0006195958980207935,0.0014725292380630588
64.28,-0.025848735001224817,0.16550717654095187,-0.0016056411608639982,0.015516370693800558
64.29,-0.02756753671572657,0.17618691352424767,-0.003829172043154857,0.029517871593256077
64.3,-0.029268604272367858,0.18673866604007128,-0.006049597300982252,0.04346843904742778
64.31,-0.030950884272905918,0.19715675870065386,-0.008265522669399223,0.05735963725509864
64.32000000000001,-0.03261333674501696,0.20743566360448004,-0.01047555990824983,0.07118319021132749
64.33,-0.034254935693107856,0.2175699982486679,-0.012678327628073352,0.0849309830784457
64.34,-0.03587466963475517,0.2275545187933244,-0.014872452099976235,0.09859506043911744
64.35,-0.03747154212398708,0.23738409270025218,-0.017056568050003974,0.11216761096956755
64.36,-0.039044572266813994,0.2470535717392073,-0.019229319441289385,0.12564088691421615
64.37,-0.0405927952333828,0.25655787046374334,-0.021389360246194006,0.13900727098814367
64.38,-0.04211526275517268,0.26589229672934656,-0.023535355199944482,0.15225949625348928
64.39,-0.04361104359473053,0.27505237812554933,-0.025665980527361798,0.16539052358019093
64.4,-0.045079223994503335,0.2840337164286033,-0.027779924646816955,0.17839346293028951
64.41,-0.04651890811242919,0.2928320831602597,-0.029875888857215482,0.19126158978511054
64.42,-0.04792921844249231,0.3014434177893237,-0.031952588008983006,0.2039883377364702
64.43,-0.04930929621845082,0.3098638277285194,-0.034008751158542655,0.21656731629234463
64.44,-0.050658301801352876,0.3180895697285439,-0.03604312220589085,0.22899229983935146
64.45,-0.05197541505148879,0.32611705864069185,-0.038054460515072594,0.2412572403375915
64.46000000000001,-0.053259835685147014,0.333942853478878,-0.04004154151752472,0.2533562550818429
64.47,-0.054510783616513195,0.34156366333010085,-0.0420031572982095,0.26528364063171456
64.48,-0.05572749928505479,0.34897633545191664,-0.04393811716473401,0.2770338520479613
64.49,-0.056909243968800816,0.35617785763127285,-0.04584524819976326,0.28860151716947013
64.5,-0.05805530008361356,0.36316535873190875,-0.047723395796385897,0.2999814381114735
64.51,-0.05916497146885116,0.369936093437659,-0.04957142417705325,0.3111685596218711
64.52,-0.06023758365988818,0.3764874513294978,-0.05138821689666719,0.32215800005365525
64.53,-0.061272484147506905,0.38281695160186957,-0.053172677329158514,0.3329450434188888
64.54,-0.06226904262447946,0.3889222353780941,-0.054923729138013314,0.3435251174336475
64.55,-0.0632266512198702,0.3948010643852732,-0.05664031673186963,0.3538937973456472
64.56,-0.06414472472126548,0.4004513211897027,-0.05832140570501446,0.3640468193692955
64.57000000000001,-0.06502270078508471,0.4058710046992519,-0.0599659832623799,0.37398006972847353
64.58,-0.06586004013532122,0.41105822596151886,-0.06157305862960088,0.38368957537769544
64.59,-0.06665622675111388,0.41601120473749326,-0.06314166344911375,0.3931714941055288
64.6,-0.06741076804345707,0.42072826782993006,-0.06467085216264852,0.40242212486928197
64.61,-0.0681231950212704,0.42520784681058105,-0.06615970237976554,0.4114379088952752
64.62,-0.06879306244708668,0.4294484741212413,-0.0676073152325523,0.42021541759272485
64.63,-0.06941994898268312,0.4334487804092202,-0.0690128157171207,0.4287513504135065
64.64,-0.07000345732495007,0.4372074916832012,-0.07037535302238006,0.4370425306198685
64.65,-0.07054321433228061,0.44072342648681073,-0.0716941008466167,0.44508589621424566
64.66,-0.0710388711417519,0.44399549342974853,-0.07296825770217814,0.4528785074959173
64.67,-0.0714901032773531,0.4470226888048531,-0.07419704720812657,0.4604175451606034
64.68,-0.07189661074949756,0.44980409396003107,-0.07537971837108597,0.46770030127818724
64.69,-0.0722581181865635,0.45233756107107753,-0.07651554585164873,0.47472428027322827
64.7,-0.07257437543892017,0.4546075465099787,-0.07760383018222275,0.48148814866608
64.71000000000001,-0.07284515913977609,0.45658972583588164,-0.07864389789906472,0.4879913581157084
64.72,-0.07307027451637589,0.4582742869713786,-0.07963510164461443,0.49423232266029055
64.73,-0.0732495563613162,0.4596610318261757,-0.08057682032551054,0.5002088097226149
64.74,-0.07338286924711294,0.46074961108913104,-0.08146845931961526,0.5059186971331538
64.75,-0.07347010754452205,0.4615401231666074,-0.08230945068846239,0.5113599238736427
64.76,-0.07351119541834719,0.4620327769078234,-0.08309925338186115,0.5165305142889001
64.77,-0.07350608680045634,0.4622280568945974,-0.08383735343490878,0.5214285626970137
64.78,-0.07345476534117877,0.4621266370516647,-0.08452326415754995,0.526052238024075
64.79,-0.07335724433887214,0.4617294196685434,-0.08515652631691766,0.530399778656203
64.8,-0.07321356664818747,0.4610375113185148,-0.08573670831261862,0.5344694924195765
64.81,-0.07302380456722588,0.4600522299295001,-0.08626340634513885,0.5382597542350293
64.82000000000001,-0.07278805970399094,0.458775095899143,-0.0867362445775146,0.5417690051781433
64.83,-0.0725064628224747,0.45720783081634286,-0.08715487529040479,0.5449957510804581
64.84,-0.07217917366877875,0.4553523520256587,-0.08751897903068191,0.547938561605944
64.85,-0.07180638077768094,0.453210768930314,-0.08782826475364287,0.550596069335635
64.86,-0.07138830126008769,0.45078537810419134,-0.08808246995892456,0.5529669690940898
64.87,-0.07092518057182551,0.44807865869521224,-0.08828136082019306,0.5550500173996622
64.88,-0.0704172922642499,0.44509326739868155,-0.08842473230865892,0.5568440320961902
64.89,-0.06986493771716666,0.44183203338156807,-0.08851240831045497,0.5583478921350554
64.9,-0.06926844585463392,0.4382979512224976,-0.08854424173806887,0.5595605319391227
64.91,-0.0686281729203396,0.43449171040001744,-0.08852011487645992,0.5604731541899233
64.92,-0.06794450270018361,0.4304030930865085,-0.08843994118599803,0.5610420955193669
64.93,-0.06721784744410761,0.4260181524731572,-0.08830366935440921,0.5612115578800075
64.94,-0.06644864883172999,0.42133447037065874,-0.08811128752520928,0.5609617539346432
64.95,-0.06563737824632318,0.41635598031640786,-0.08786282538095283,0.5602925498241447
64.96000000000001,-0.06478453650629361,0.41108665144111356,-0.08755835455195117,0.5592035751863224
64.97,-0.06389065345788159,0.4055308270240485,-0.08719798862225187,0.5576953091990424
64.98,-0.0629562875430624,0.39969303234426123,-0.08678188309023507,0.5557684938691427
64.99,-0.061982025342786524,0.3935780610545382,-0.08631023528233087,0.5534244261479316
65.0,-0.06096848109673538,0.387190921800432,-0.08578328422161476,0.5506648091374261
65.01,-0.059916296200026184,0.38053685420850725,-0.08520131045069342,0.5474918222852878
65.02,-0.058826138677722184,0.37362130973635754,-0.08456463580961217,0.5439080806185171
65.03,-0.05769870263784241,0.3664499496496175,-0.08387362316900099,0.5399166480249693
65.04,-0.05653470770367803,0.3590286340351232,-0.08312867611907773,0.5355210220989421
65.05,-0.05533489842622072,0.3513634149195099,-0.08233023861506483,0.5307251318315692
65.06,-0.05410004367753643,0.3434605269957785,-0.08147879457974522,0.5255333275420587
65.07000000000001,-0.05283093602594086,0.3353263792365746,-0.0805748674639302,0.5199503733982869
65.08,-0.0515283910938498,0.32696754579073195,-0.07961901976571786,0.51398143740079
65.09,-0.0501932468992007,0.318390756997855,-0.07861185250948986,0.5076320814478961
65.1,-0.048826363181351445,0.3096028901394057,-0.07755400468567843,0.5009082502308227
65.11,-0.047428620712373214,0.30061096015158334,-0.07644615265240547,0.4938162596466141
65.12,-0.046000920594673506,0.2914221102230605,-0.07528900950016586,0.48636278445015924
65.13,-0.04454418354588419,0.28204360235117076,-0.0740833243807916,0.47855484535314946
65.14,-0.0430593491719592,0.27248280785509355,-0.07282988180199357,0.47039979553691874
65.15,-0.04154737522942855,0.26274719788135,-0.07152950088883296,0.46190530666886676
65.16,-0.04000923687776118,0.2528443339187597,-0.070183034613524,0.45307935445241626
65.17,-0.03844592592277613,0.2427818583477859,-0.06879136899501676,0.4439302037717456
65.18,-0.036858450052051704,0.23256748504518765,-0.06735542226984678,0.4344663934777558
65.19,-0.03524783206326795,0.22220899006553718,-0.06587614403577513,0.42469672086966964
65.2,-0.033615109086413054,0.21171420242046363,-0.06435451436977116,0.41463022592273613
65.21000000000001,-0.03196133180077125,0.20109099497501182,-0.06279154292191638,0.40427617531430676
65.22,-0.03028756364760291,0.1903472754809415,-0.06118826798682571,0.39364404629887617
65.23,-0.028594880039410665,0.17949097776429485,-0.059545755554198276,0.3827435104826345
65.24,-0.026884367566669662,0.16853005308563798,-0.0578650983401191,0.3715844175466284
65.25,-0.025157123202880303,0.15747246168804915,-0.05614741480073744,0.36017677896681005
65.26,-0.02341425350879372,0.14632616454957081,-0.05439384812994706,0.34853075177755755
65.27,-0.021656873836622976,0.13509911535317898,-0.052605565242690035,0.33665662242394623
65.28,-0.01988610753504495,0.12379925268848976,-0.050783755745495165,0.3245647907461279
65.29,-0.018103085155770658,0.11243449249681428,-0.048929630895848994,0.31226575413741386
65.3,-0.016308943662431005,0.10101272077075615,-0.04704442255198004,0.29977009191561405
65.31,-0.014504825642511735,0.08954178651857195,-0.04512938211461439,0.2870884499450024
65.32000000000001,-0.012691878523033266,0.0780294950015704,-0.04318577946223592,0.2742315255442168
65.33,-0.01087125379064997,0.06648360125304267,-0.04121490188135586,0.2612100527128795
65.34,-0.009044106216813818,0.05491180388441483,-0.03921805299326348,0.2480347877076378
65.35,-0.0072115930886195445,0.04332173918493058,-0.03719655167869512,0.23471649499568234
65.36,-0.005374873445915852,0.03172097551861709,-0.035151731001820924,0.22126593361157257
65.37,-0.0035351073252439316,0.020117008022105556,-0.03308493713490738,0.20769384394066623
65.38,-0.0016934550111239897,0.008517253605334549,-0.030997528284972382,0.19401093495007973
65.39,0.0001489237048046884,-0.00307095374370556,-0.028890873623702795,0.18022787188567171
65.4,0.0019908702563316413,-0.014640367350077378,-0.026766352221859867,0.16635526445121301
65.41,0.003831228026470438,-0.02618383194008039,-0.024625351989347774,0.15240365548356738
65.42,0.00566884306209546,-0.03769428742802305,-0.022469268622072307,0.13838351013538483
65.43,0.00750256477904537,-0.04916477240514676,-0.020299504556664905,0.12430520557475339
65.44,0.009331246657347744,-0.06058842733422112,-0.0181174679340966,0.11017902120925314
65.45,0.011153746926244915,-0.07195849745737959,-0.01592457157315274,0.09601512944469659
65.46000000000001,0.012968929238735173,-0.08326833542623618,-0.013722231954686326,0.08182358700331584
65.47,0.014775663335366247,-0.09451140369111967,-0.011511868217512983,0.06761432676657347
65.48,0.0165728256970391,-0.10568127687005069,-0.009294901166746127,0.05339715051901634
65.49,0.01835930018660652,-0.11677164331432592,-0.0070727522953123725,0.03918172179952121
65.5,0.020133978679109887,-0.12777630621081343,-0.0048468428193812205,0.024977558212617268
65.51,0.021895761680479152,-0.13868918635711774,-0.0026185927284081314,0.010794025660984497
65.52,0.023643558934507723,-0.14950432315695775,-0.000389419850379236,-0.0033596665581210614
65.53,0.02537629001797196,-0.1602158753880799,0.0018392610671921592,-0.017474472032980616
65.54,0.0270928849237466,-0.1708181242360435,0.004066039259959698,-0.03154151208944166
65.55,0.028792284631644415,-0.18130547656538312,0.0062895088325833,-0.0455520816943285
65.56,0.030473441666559953,-0.19167247140431726,0.008508269627097399,-0.059497656840794534
65.57000000000001,0.03213532064301121,-0.20191379688792144,0.010720928072920733,-0.07336990768302479
65.58,0.03377689879356257,-0.21202434035654893,0.01292609801663339,-0.08716073352513486
65.59,0.03539716647772425,-0.22199920793102149,0.015122401529191634,-0.10086227383591656
65.6,0.03699512767708889,-0.23183347473538068,0.017308469694585004,-0.11446673843700521
65.61,0.03856980048728153,-0.24152222961352007,0.019482943386697447,-0.12796645306247914
65.62,0.04012021760561249,-0.2510606988315843,0.02164447403304748,-0.14135393814032107
65.63,0.041645426806495606,-0.2604442766511764,0.0237917243608974,-0.154621899689214
65.64,0.043144491402121836,-0.2696684783055151,0.02592336912373557,-0.16776325813273535
65.65,0.044616490691742346,-0.27872888731667284,0.02803809580730117,-0.18077113488640917
65.66,0.046060520402369826,-0.2876211786578292,0.030134605315626523,-0.19363883999970719
65.67,0.0474756931206254,-0.2963411240209417,0.03221161263801433,-0.20635987080069085
65.68,0.04886113871499529,-0.30488459231152854,0.03426784749749553,-0.21892790428492542
65.69,0.05021600474821344,-0.31324755465985593,0.03630205498105108,-0.2313368009657
65.7,0.05153945687960832,-0.3214260811718894,0.03831299615180332,-0.24358059692408734
65.71000000000001,0.052830679257339724,-0.32941634540060255,0.04029944864318083,-0.2556535139144804
65.72,0.05408887490051562,-0.3372146193641731,0.04226020723520535,-0.26754994348675054
65.73,0.05531326607135216,-0.3448172735375278,0.04419408441340268,-0.27926444961935754
65.74,0.05650309463732278,-0.352220781582824,0.04609991091012538,-0.29079178157087204
65.75,0.05765762242329207,-0.3594217129930318,0.04797653622834336,-0.3021268497811919
65.76,0.05877613155386504,-0.366416734232849,0.04982282914873299,-0.31326472931508786
65.77,0.059857924786023364,-0.3732026093943397,0.051637678220261524,-0.32420066335769726
65.78,0.0609023258319905,-0.37977620016750907,0.05341999223397271,-0.3349300649697469
65.79,0.06190867967238815,-0.3861344634564809,0.055168700680215114,-0.3454485042067461
65.8,0.06287635285983299,-0.3922744502301572,0.05688275419007532,-0.355751702919825
65.81,0.06380473381306714,-0.3981933060102453,0.058561124961432176,-0.36583553780760214
65.82000000000001,0.06469323310164524,-0.4038882700807339,0.06020280716971484,-0.3756960361764348
65.83,0.0655412837212153,-0.40935667505404716,0.06180681736359734,-0.38532937324589456
65.84,0.06634834135944133,-0.4145959465414684,0.06337219484589968,-0.39473187042209834
65.85,0.06711388465260387,-0.41960360291473575,0.06489800203989682,-0.4038999932421081
65.86,0.06783741543292117,-0.42437725417290095,0.06638332484149505,-0.41283034092364435
65.87,0.06851845896666685,-0.4289146018042704,0.06782727295786234,-0.421519645343594
65.88,0.06915656418310562,-0.43321343882510155,0.0692289802327965,-0.42996477019008655
65.89,0.06975130389425992,-0.43727164945857266,0.07058760495902368,-0.4381627067302856
65.9,0.07030227500552547,-0.44108720904713805,0.07190233017774605,-0.4461105707868841
65.91,0.07080909871714779,-0.4446581839292565,0.0731723639657848,-0.4538055990936073
65.92,0.07127142071656897,-0.44798273144984435,0.0743969397106491,-0.4612451463272754
65.93,0.07168891136164526,-0.4510590999956937,0.07557531637385169,-0.4684266818228009
65.94,0.07206126593180498,-0.453883131935679,0.07670677873681937,-0.4753479798245398
65.95,0.0723882054682687,-0.4564353747818556,0.07779063758930312,-0.4820081163280153
65.96000000000001,0.07266947855384721,-0.4586919450731896,0.07882622983334268,-0.4884066255627621
65.97,0.07290486310659929,-0.4606453870207998,0.07981291857509216,-0.49454186914752857
65.98,0.07309416723941427,-0.4622950587679937,0.08075009327881859,-0.5004117773012844
65.99,0.07323722947388886,-0.46363982272264953,0.08163716996100571,-0.5060144213124975
66.0,0.07333391882511799,-0.4646791554508115,0.08247359138439866,-0.5113479245874768
66.01,0.07338413486414469,-0.46541259128802376,0.08325882724380669,-0.5164105037748239
66.02,0.07338780775505718,-0.46583999969352863,0.08399237434413369,-0.5212004447105596
66.03,0.07334489826835248,-0.4659614451676891,0.08467375677074165,-0.5257161111590963
66.04,0.07325539776990693,-0.4657772553933287,0.0853025260524208,-0.52995593735165
66.05,0.07311932818607557,-0.465287984727774,0.08587826131713641,-0.5339184288348744
66.06,0.07293674194491301,-0.46449442952267217,0.08640056944075301,-0.537602159369132
66.07000000000001,0.07270772189382167,-0.4633976170192311,0.08686908518890077,-0.5410057700136026
66.08,0.07243238119382027,-0.4619988069701164,0.08728347135214663,-0.5441279673282245
66.09,0.07211086319074114,-0.4602994864144156,0.08764341887461152,-0.5469675222308673
66.1,0.07174334126364858,-0.4583013674118933,0.08794864697616517,-0.5495232687399622
66.11,0.0713300186508233,-0.45600638284397293,0.08819890326831395,-0.5517941029888819
66.12,0.07087112825368631,-0.4534166827461736,0.08839396386388267,-0.5537789823184225
66.13,0.07036693241905274,-0.4505346299552343,0.08853363348057844,-0.5554769245443751
66.14,0.06981772270014813,-0.44736279569865256,0.08861774553850915,-0.5568870073509541
66.15,0.06922381959737166,-0.44390393741392864,0.08864616225340878,-0.5580083129743684
66.16,0.06858557237831402,-0.4401578132444944,0.0886187750376058,-0.558829907094366
66.17,0.06790335935774253,-0.43611395817660925,0.08853550640731017,-0.5593080738630611
66.18,0.06717758881600089,-0.43175949944588654,0.08839631395853469,-0.5593909338091042
66.19,0.06640869990588856,-0.427092331633782,0.08820119436135515,-0.5590600548022607
66.2,0.06559716289169494,-0.4221162998537674,0.08795018529871115,-0.5583153112740898
66.21000000000001,0.06474347887569842,-0.41683544383229554,0.08764336583619792,-0.5571567176726012
66.22,0.06384817938677245,-0.41125415187341446,0.08728085640346053,-0.5555849327657806
66.23,0.06291182594041386,-0.4053770560984588,0.086862818730717,-0.5536009488714286
66.24,0.061935009571023616,-0.3992090744712323,0.08638945574108167,-0.5512062445955644
66.25,0.06091835033743174,-0.39275537878968514,0.08586101139976414,-0.5484027044896348
66.26,0.05986249680227275,-0.38602139912287786,0.08527777052001834,-0.5451926539372828
66.27,0.0587681254860753,-0.3790128094585734,0.08464005852644761,-0.541578835132351
66.28,0.05763594029685349,-0.37173552222936956,0.08394824117603447,-0.5375644112466867
66.29,0.05646667193607785,-0.3641956779064548,0.08320272423750827,-0.5331529552676358
66.3,0.055261077281908814,-0.35639963660922686,0.08240395312966475,-0.5283484453021472
66.31,0.05401993875061452,-0.3483539682884623,0.08155241251937058,-0.5231552554882357
66.32000000000001,0.05274406363711931,-0.340065443244679,0.08064862588004079,-0.5175781479878484
66.33,0.05143428343565287,-0.331541022136797,0.07969315501146162,-0.5116222633716302
66.34,0.050091453141493006,-0.322787845943662,0.07868659952189379,-0.5052931107917056
66.35,0.04871645053481276,-0.31381322568504355,0.07762959627346151,-0.49859655729874885
66.36,0.047310175447657254,-0.30462463203879264,0.0765228187918928,-0.49153881668247007
66.37,0.045873549015094925,-0.29522968482459094,0.07536697664173561,-0.48412643770568625
66.38,0.04440751291159237,-0.28563614240859586,0.0741628147682289,-0.47636629185880436
66.39,0.04291302857367525,-0.27585189104061897,0.07291111280705782,-0.4682655606350347
66.4,0.04139107640993898,-0.2658849341568204,0.07161268436326862,-0.45983172239138326
66.41,0.03984265499948534,-0.2557433816693552,0.07026837626065897,-0.4510725388292517
66.42,0.0382687802798468,-0.24543543926991637,0.06887906776299911,-0.4419960411448547
66.43,0.03667048472547707,-0.23496939777033826,0.06744566976846902,-0.43261051589195704
66.44,0.035048816517865095,-0.22435362250453694,0.06596912397872733,-0.42292449060340426
66.45,0.033404838708337325,-0.2135965428145642,0.06445040204404964,-0.41294671921572434
66.46000000000001,0.03173962837459273,-0.2027066416431105,0.06289050468599433,-0.4026861673417025
66.47,0.030054275772014766,-0.19169244525383994,0.06129046079906787,-0.39215199743469575
66.48,0.028349883480781934,-0.18056251310018148,0.05965132653287221,-0.3813535538879289
66.49,0.02662756554978946,-0.1693254278620534,0.057974184356223306,-0.37030034811092855
66.5,0.024888446638378282,-0.157989785669298,0.056260142104730786,-0.35900204362415894
66.51,0.023133661156841276,-0.1465641865290829,0.054510332013327695,-0.34746844121164283
66.52,0.02136435240666363,-0.1350572249741245,0.05272590973523226,-0.33570946416987263
66.53,0.01958167172143188,-0.1234774809465795,0.05090805334881359,-0.32373514368984657
66.54,0.017786777609314623,-0.11183351093214312,0.04905796235382039,-0.31155560440729646
66.55,0.015980834898001284,-0.10013383935704563,0.04717685665841384,-0.2991810501544911
66.56,0.014165013882956776,-0.08838695025980098,0.045265975558425486,-0.2866217499450958
66.57000000000001,0.012340489479815038,-0.07660127924814553,0.04332657671023838,-0.2738880242216853
66.58,0.010508440381720167,-0.06478520575062913,0.041359935098661205,-0.26099023139350225
66.59,0.008670048222379014,-0.052947045570540946,0.03936734200113846,-0.24793875469008184
66.6,0.00682649674556883,-0.04109504374961738,0.037350103949605695,-0.23474398935429408
66.61,0.004978970981809225,-0.02923736774652395,0.03530954169126642,-0.22141633019633308
66.62,0.0031286564328765103,-0.01738210093532986,0.033246989149529844,-0.20796615952810255
66.63,0.0012767382648036852,-0.005537236426774089,0.031163792386311447,-0.19440383549545076
66.64,-0.000575599490016558,0.006289328785016979,0.02906130856685788,-0.18073968082364453
66.65,-0.002427174721046771,0.018089799349105252,0.026940904928216436,-0.16698397198949963
66.66,-0.004276808017590478,0.029856486757594055,0.02480395775242696,-0.15314692883165384
66.67,-0.00612332343602976,0.041581814219068425,0.02265185134546963,-0.1392387046084906
66.68,-0.007965549255836514,0.05325832120764101,0.0204859770229583,-0.12526937651146494
66.69,-0.009802318723900626,0.06487866768960682,0.018307732103521893,-0.11124893663967067
66.7,-0.011632470786762761,0.07643563803132325,0.016118518910772348,-0.09718728343979824
66.71000000000001,-0.013454850810359992,0.08792214459220915,0.013919743784709207,-0.08309421361400708
66.72,-0.01526831128693381,0.09933123100749354,0.011712816103365728,-0.06897941449649075
66.73,-0.01707171252877156,0.11065607516633064,0.00949914731545321,-0.05485245689813661
66.74,-0.018863923348491622,0.12188999189123145,0.0072801499847150964,-0.04072278841712762
66.75,-0.02064382172560545,0.1330264353253188,0.005057236846654216,-0.026599727211961532
66.76,-0.022410295459122594,0.14405900103486086,0.0028318198782517575,-0.012492456232094174
66.77,-0.024162242805993023,0.15498142783441315,0.0006053093812504604,0.0015899821000486922
66.78,-0.025898573105205866,0.16578759934205128,-0.0016208869204709909,0.01563869076417769
66.79,-0.027618207387394216,0.17647154525726919,-0.003845364768948315,0.029644922589855943
66.8,-0.029320078969828946,0.18702744216811817,-0.0060667242451667176,0.043600084269262866
66.81,-0.03100313403673081,0.19744961368285585,-0.008283570626689229,0.05749573976093755
66.82000000000001,-0.03266633220487105,0.2077325307287325,-0.010494515229549093,0.07132361291915175
66.83,-0.0343086470745099,0.2178708094322117,-0.01269817623416515,0.08507558890612826
66.84,-0.035929066765970456,0.22785920475138716,-0.014893179495207801,0.09874371257265137
66.85,-0.03752659444292963,0.2376925868146408,-0.017078159335876017,0.1123201752294907
66.86,-0.039100248826995,0.24736583511821902,-0.019251759329363113,0.12579724681842297
66.87,-0.04064906470856138,0.2568738603993213,-0.021412633070261734,0.13916730389386547
66.88,-0.04217209344425752,0.2662119511185155,-0.02355944492851529,0.1524230678038453
66.89,-0.04366840342764768,0.27537563730482956,-0.025690870776783427,0.1655575014750203
66.9,-0.04513708053831964,0.2843605211929114,-0.027805598694409597,0.1785637186785607
66.91,-0.04657722857756043,0.2931623695140573,-0.02990232965404726,0.19143499907579084
66.92,-0.04798796968927495,0.3017771175079135,-0.03197977819226406,0.20416477948627426
66.93,-0.049368444764180106,0.31020086762349597,-0.034036673063705704,0.2167466717157623
66.94,-0.05071781382780108,0.31842987178492965,-0.03607175787843517,0.22917445207617085
66.95,-0.052035256412905156,0.32646054036798294,-0.038083791722199334,0.24144207472741658
66.96000000000001,-0.05331997191673421,0.3342894273969602,-0.04007154975956539,0.2535436589059367
66.97,-0.05457117994340089,0.3419132367543092,-0.042033823819867915,0.2654735027088747
66.98,-0.05578812063179747,0.349328810468594,-0.04396942296614993,0.27722606326062355
66.99,-0.05697005496940083,0.356533131069225,-0.04587717404737392,0.28879597066677604
67.0,-0.05811626509209454,0.3635233214708783,-0.04775592223360852,0.3001780279003729
67.01,-0.05922605457040859,0.3702966306635426,-0.049604531534814374,0.3113671818452737
67.02,-0.06029874868261262,0.37685044262267586,-0.05142188530372325,0.32235855366866556
67.03,-0.06133369467468658,0.38318227050286213,-0.05320688672218054,0.33314742914939094
67.04,-0.06233026200751885,0.38928974875393724,-0.054958459271555744,0.34372923514615106
67.05,-0.06328784259183805,0.39517063330840657,-0.056675547188228335,0.35409955074247573
67.06,-0.06420585101104598,0.4008228007322693,-0.058357115903818826,0.3642541151924419
67.07000000000001,-0.06508372473214012,0.4062442434950515,-0.06000215246992681,0.3741888157754533
67.08,-0.0659209243050871,0.41143306621694303,-0.0616096659680617,0.3838996799419218
67.09,-0.06671693355104062,0.4163874821796326,-0.0631786879056823,0.3933828659350341
67.1,-0.06747125973968375,0.4211058121464126,-0.06470827259853144,0.40263467678546816
67.11,-0.06818343375591412,0.42558648149240474,-0.06619749753889534,0.41165155591362285
67.12,-0.06885301025614916,0.42982801640954194,-0.06764546375007609,0.42043007589891235
67.13,-0.06947956781457412,0.433829041429281,-0.0690512961277384,0.42896693781228595
67.14,-0.0700627090596224,0.4375882764567922,-0.07041414376860082,0.43725896425026767
67.15,-0.07060206080096948,0.44110453407766265,-0.0717331802869785,0.44530309444394567
67.16,-0.0710972741473052,0.44437671714161586,-0.07300760411930525,0.45309639242323235
67.17,-0.0715480246151324,0.44740381629752196,-0.07423663881652809,0.4606360405488527
67.18,-0.0719540122288383,0.45018490739325934,-0.0754195333247725,0.4679193317482556
67.19,-0.07231496165520479,0.4527177586012695,-0.07655556225144029,0.4749437780445888
67.2,-0.07263062282710964,0.45498632672436984,-0.07764402608143944,0.4817080856632914
67.21000000000001,-0.0729007725348897,0.4569661513805424,-0.07868425130677366,0.4882117170942907
67.22,-0.0731252162379258,0.4586479452097746,-0.07967559052880231,0.49445304606022145
67.23,-0.07330378900886761,0.46003163506259154,-0.08061742261831414,0.5004298309083537
67.24,-0.0734363557331197,0.46111682431198575,-0.08150915292366988,0.5061399536031592
67.25,-0.07352281112625358,0.46190363641045096,-0.08235021348326978,0.5115813517006386
67.26,-0.0735630797298266,0.462392269783203,-0.08314006323010868,0.5167520507993173
67.27,-0.07355711588416657,0.46258321702831784,-0.08387818818876115,0.5216501450319899
67.28,-0.07350490367958723,0.4624771515649343,-0.08456410166491254,0.5262738037629373
67.29,-0.07340645688567819,0.46207498012595993,-0.08519734442768165,0.53062126541183
67.3,-0.07326181885927141,0.4613778119312383,-0.08577748488489206,0.5346908379511817
67.31,-0.07307106243124348,0.4603869691181244,-0.08630411925147033,0.5384808963056201
67.32000000000001,-0.07283428977257368,0.4591039761629388,-0.08677687171111481,0.5419898815431161
67.33,-0.07255163223999228,0.45753055943343085,-0.08719539457137149,0.5452162994141361
67.34,-0.0722232502016187,0.4556686413209553,-0.08755936841223358,0.5481587194626784
67.35,-0.0718493328430114,0.4535203367412503,-0.0878685022283655,0.5508157740971733
67.36,-0.07143009795405582,0.4510879481282589,-0.08812253356503676,0.5531861579273422
67.37,-0.07096579169715873,0.4483739608760392,-0.08832122864783373,0.5552686272127833
67.38,-0.07045668835722182,0.44538103827142983,-0.08846438250620157,0.5570619994989714
67.39,-0.06990309007389295,0.4421120164162361,-0.08855181909085263,0.5585651534005809
67.4,-0.06930532655664921,0.43856989757660814,-0.08858339138519158,0.559777024331797
67.41,-0.06866375485828799,0.4347554153472435,-0.08855898174783823,0.5606889300643737
67.42,-0.06797875959813911,0.4306582558153856,-0.08847850371999305,0.561256879031102
67.43,-0.06725075389093693,0.42626436918281996,-0.08834190610213385,0.5614247227175239
67.44,-0.06648018031548311,0.4215714652689268,-0.0881491771946075,0.5611730506485584
67.45,-0.06566751118277563,0.416583527874396,-0.08790034686515678,0.5605018596903724
67.46000000000001,-0.06481324826270798,0.4113045184449544,-0.08759548694535922,0.5594107269919073
67.47,-0.06391792237557699,0.40573879874215724,-0.08723471123571455,0.5579001609581589
67.48,-0.06298209295903744,0.39989089983902537,-0.08681817546618441,0.5559708922661781
67.49,-0.06200634761029748,0.39376562789269265,-0.0863460772096069,0.5536242271102559
67.5,-0.06099130160484209,0.3873680010349473,-0.08581865575008307,0.5508618678327762
67.51,-0.05993759739206743,0.380703270195179,-0.08523619190557838,0.5476859983968466
67.52,-0.058845904068709126,0.37377689750406257,-0.08459900780555639,0.5440992359694014
67.53,-0.05771691683074582,0.366594555464554,-0.08390746662381997,0.5401046480161904
67.54,-0.05655135640460203,0.3591621153394625,-0.0831619722671998,0.5357057352277337
67.55,-0.055349968458441465,0.3514856405543625,-0.08236296902063837,0.5309064301562892
67.56,-0.054113522994399074,0.3435713772540988,-0.08151094114939943,0.525711086659862
67.57000000000001,-0.0528428137226013,0.33542574597356295,-0.08060641245917595,0.5201244726521025
67.58,-0.05153865741785668,0.32705533247853785,-0.07964994581497557,0.514151759956873
67.59,-0.05020189325990964,0.3184668787817593,-0.07864214261973315,0.5077985144230267
67.6,-0.04883338215816367,0.30966727386744514,-0.07758364225368308,0.5010706847793388
67.61,-0.04743400606180306,0.30066354439240345,-0.07647512147559361,0.4939745910520033
67.62,-0.04600466725623609,0.2914628452651504,-0.07531729378703736,0.48651691219873006
67.63,-0.04454628764680885,0.2820724501877979,-0.07411090876093496,0.4787046732009653
67.64,-0.04305980803072666,0.27249974215319683,-0.07285675133566999,0.4705452315644514
67.65,-0.04154618735814097,0.26275220393644116,-0.07155564107612776,0.46204626332617865
67.66,-0.040006401983341607,0.2528374085951334,-0.07020843140306203,0.4532157485936717
67.67,-0.03844144490701184,0.24276301000544598,-0.0688160087922373,0.4440619566798351
67.68,-0.036852325010486006,0.23253673345339437,-0.06737929194483619,0.4345934308789293
67.69,-0.035240066282947055,0.22216636630393494,-0.06589923093065599,0.4248189729385587
67.7,-0.03360570704250205,0.2116597487678663,-0.0643768063056473,0.4147476272779998
67.71000000000001,-0.03195029915204912,0.2010247647868354,-0.06281302820537421,0.404388665005194
67.72,-0.030274907230849468,0.19026933305528132,-0.061208935415993614,0.3937515677831046
67.73,-0.028580607862698542,0.17940139819765044,-0.059565594424366194,0.3828460115959017
67.74,-0.026868488801576065,0.1684289221182293,-0.05788409844892148,0.3716818504642361
67.75,-0.025139648175637762,0.15735987553980624,-0.05616556645290315,0.3602691001577653
67.76,-0.02339519369039,0.14620222974663033,-0.054411142141621585,0.3486179219516702
67.77,-0.021636241831874833,0.13496394854587582,-0.0526219929453346,0.33673860647236414
67.78,-0.019863917070659425,0.12365298046095476,-0.05079930898936919,0.3246415576758099
67.79,-0.018079351067415855,0.1122772511686174,-0.048944302053082374,0.3123372770000734
67.8,-0.016283681880835447,0.10084465619128552,-0.047058204519242294,0.2998363477315791
67.81,-0.014478053178614133,0.08936305385400323,-0.04514226831538833,0.2871494196226021
67.82000000000001,-0.01266361345220279,0.07784025851545562,-0.0431977638487041,0.2742871937950947
67.83,-0.01084151523600088,0.06628403408014986,-0.04122597893590799,0.26126040796385847
67.84,-0.00901291433163681,0.054702087798801854,-0.03922821772963371,0.2480798220095319
67.85,-0.007178969037953183,0.043102064362054195,-0.03720579964273846,0.2347562039296285
67.86,-0.005340839387282532,0.03149154029204515,-0.0351600582719378,0.2213003161933128
67.87,-0.0034996863885739917,0.019878018635011024,-0.0330923403221263,0.20772290252326037
67.88,-0.0016566712778963279,0.008268923956993017,-0.031004004532699848,0.19403467512549308
67.89,0.0001870452231853685,-0.0033284023560996266,-0.028896420607150888,0.18024630238566922
67.9,0.002030303640889008,-0.014906706494240897,-0.02677096814716073,0.1663683970479852
67.91,0.0038719464737199797,-0.026458826315594295,-0.024629035592365543,0.15241150489044564
67.92,0.005710818907786127,-0.03797769513763353,-0.02247201916692153,0.1383860939080773
67.93,0.007545769522557592,-0.049456345229731094,-0.02030132183394617,0.12430254401336127
67.94,0.009375650986713314,-0.060887911011509914,-0.018118352258858324,0.11017113726122782
67.95,0.01119932074376572,-0.0722656319625441,-0.015924523782589246,0.0960020486054056
67.96000000000001,0.013015641687170999,-0.08358285525376516,-0.01372125340558246,0.0818053372065564
67.97,0.014823482824663389,-0.09483303811670557,-0.011509960783445291,0.06759093828766587
67.98,0.01662171993157473,-0.10600975013075911,-0.009292067235056012,0.05336865569898816
67.99,0.018409236192921383,-0.11710667511503559,-0.00706899476386231,0.03914815519635529
68.0,0.020184922834088185,-0.12811761203233507,-0.004842165093087467,0.024938956740292582
68.01,0.02194767973995809,-0.1390364772915812,-0.0026129987155496972,0.010750428275226162
68.02,0.023696416062292332,-0.1498573066687918,-0.00038291395869960904,-0.003408218979548292
68.03,0.025430050815226504,-0.16057425523428717,0.0018466739345832225,-0.017527936530960592
68.04,0.027147513458735527,-0.17118160087415626,0.004074353708882879,-0.03159984386335255
68.05,0.028847744469801363,-0.18167374726703198,0.006298718982276206,-0.04561523409200539
68.06,0.030529695900870017,-0.19204523037784782,0.008518369114882463,-0.05956558149499207
68.07000000000001,0.032192331924672385,-0.20229073593152866,0.010731910059027891,-0.07344255517860981
68.08,0.0338346293628414,-0.21240515067426777,0.012937955189069605,-0.08723805571747867
68.09,0.035455578195065444,-0.22238357473877426,0.015135126108608262,-0.1009442213230009
68.1,0.03705418205476962,-0.2322210753906031,0.017322053439326322,-0.11455325717205217
68.11,0.038629458721612255,-0.24191273993550277,0.019497377598158915,-0.1280574872303919
68.12,0.040180440609374236,-0.2514537942669253,0.02165974956124948,-0.14144943078057465
68.13,0.04170617524149199,-0.2608396301673578,0.023807831610255317,-0.15472179049048856
68.14,0.04320572571192274,-0.27006576068769667,0.025940298059141213,-0.16786748281958194
68.15,0.04467817113458582,-0.27912776899851666,0.02805583596056983,-0.18087962586899017
68.16,0.046122607084086824,-0.28802133102036803,0.03015314579226128,-0.19375152728786116
68.17,0.047538146027467386,-0.29674221999662487,0.032230942124210266,-0.20647668263981378
68.18,0.04892391774630789,-0.3052863064981379,0.03428795426734635,-0.21904876675723745
68.19,0.05027906974890089,-0.31364956447322,0.03632292690391905,-0.23146163949766813
68.2,0.05160276767233167,-0.32182806681394044,0.03833462069980905,-0.24370933553318344
68.21000000000001,0.05289419567441329,-0.3298179902911036,0.040321812898811045,-0.25578607551644933
68.22,0.054152556815458525,-0.3376156109113224,0.04228329789900518,-0.2676862509589214
68.23,0.055377073430052236,-0.34521730299894077,0.04421788781173825,-0.2794044243773961
68.24,0.05656698748878671,-0.3526195446543856,0.04612441300304179,-0.2909353443354537
68.25,0.05772156094993909,-0.3598189103194738,0.04800172261748713,-0.3022739212805021
68.26,0.058840076101321935,-0.3668120716005175,0.04984868508530392,-0.31341522979381786
68.27,0.059921835892394096,-0.373595798015924,0.05166418861301,-0.3243545123944131
68.28,0.06096616425657059,-0.38016695698403313,0.05344714165726338,-0.33508718140992455
68.29,0.06197240642379173,-0.38652251154844286,0.055196473382142834,-0.3456088068429487
68.3,0.06293992922350208,-0.39265951906793783,0.056911134100605276,-0.35591511033923245
68.31,0.06386812137813053,-0.3985751316833358,0.05859009570056478,-0.3660019682052918
68.32000000000001,0.06475639378710667,-0.4042665955720185,0.06023235205568264,-0.3758654074949005
68.33,0.06560417980144238,-0.40973125046708747,0.06183691942109209,-0.3855016031465728
68.34,0.06641093548893716,-0.41496652934913625,0.06340283681432031,-0.39490687651917
68.35000000000001,0.06717613989003057,-0.41996995813924143,0.06492916638161603,-0.404077692850526
68.36,0.06789929526436617,-0.42473915456355316,0.06641499375015217,-0.4130106510227637
68.37,0.06857992732812547,-0.429271828021071,0.06785942836668607,-0.4217024827207798
68.38,0.06921758548216941,-0.43356577959142795,0.06926160382294999,-0.430150051440002
68.39,0.06981184303099242,-0.43761890169968987,0.07062067816796891,-0.43835034828205915
68.4,0.07036229739251272,-0.44142917800559844,0.0719358342076274,-0.44630048885938817
68.41,0.07086857029871281,-0.4449946832672229,0.07320627979183274,-0.45399770971465503
68.42,0.07133030798714125,-0.4483135833350571,0.07443124808960334,-0.4614393653472992
68.43,0.07174718138327577,-0.45138413516792025,0.07560999785240322,-0.46862292490639895
68.44,0.07211888635393726,-0.45420208883169805,0.07674181365982934,-0.4755461702867498
68.45,0.07244514456183447,-0.4567476698161593,0.07782600610685798,-0.4822082030860365
68.46000000000001,0.07272570526120113,-0.4589970557442346,0.07886191190652436,-0.48860855331843156
68.47,0.07296034708565957,-0.4609430868830323,0.07984889398215307,-0.4947455598554365
68.48,0.07314887889082282,-0.4625851587022635,0.08078634162264299,-0.5006171503432194
68.49,0.07329113996050603,-0.4639221327508947,0.08167367067713233,-0.5062213965611462
68.5,0.07338700009027314,-0.4649535034559702,0.0825103237491012,-0.5115564208938989
68.51,0.0734363596487514,-0.4656788138769343,0.08329577038222497,-0.5166204396792385
68.52,0.07343914961352911,-0.46609794695377443,0.08402950723846216,-0.5214117380418273
68.53,0.07339533158333687,-0.46621097844189263,0.08471105826847608,-0.5259286791907651
68.54,0.07330489776580902,-0.46601824850970275,0.08533997487466728,-0.5301696966808379
68.55,0.0731678709413795,-0.4655203234666523,0.08591583606698457,-0.534133295401257
68.56,0.07298430440328942,-0.464718011929604,0.0864382486117165,-0.5378180484056254
68.57000000000001,0.0727542818740204,-0.4636123532589141,0.08690684717342766,-0.5412225960332802
68.58,0.07247791739835062,-0.4622046193744145,0.08732129445020173,-0.5443456440954131
68.59,0.07215535521334279,-0.4604963093977722,0.08768128130233295,-0.5471859627427299
68.60000000000001,0.07178676959555681,-0.45848914741785984,0.0879865268745974,-0.5497423852056068
68.61,0.07137236468583816,-0.45618507824123716,0.08823677871221902,-0.5520138068127004
68.62,0.07091237429205374,-0.45358626371537786,0.08843181287063122,-0.5539991840844783
68.63,0.07040706167017365,-0.4506950783463912,0.0885714340191218,-0.5556975340035933
68.64,0.06985671928412393,-0.44751410486990745,0.08865547553843435,-0.557107933410364
68.65,0.0692616685453443,-0.444046114191186,0.08868379961386796,-0.5582294704446987
68.66,0.06862225963006126,-0.4402909245333983,0.08865629763122634,-0.5590513644858528
68.67,0.06793887175750316,-0.4362380237692567,0.08857289208205592,-0.5595297163296972
68.68,0.06721191411212689,-0.4318744521552299,0.08843354055513925,-0.5596123369390441
68.69,0.06644182675368163,-0.4271981706502311,0.0882382397442489,-0.5592809695870758
68.7,0.0656290808536109,-0.4222130593492781,0.08798702738199578,-0.5585355665932376
68.71000000000001,0.06477417841852261,-0.41692315787420586,0.08767998260329923,-0.5573761103100826
68.72,0.06387765187766352,-0.41133286920834883,0.08731722592634247,-0.5558032751780453
68.73,0.06294006364201638,-0.4054468324087708,0.08689891918919361,-0.5538180457686636
68.74,0.06196200563563492,-0.3992699758732853,0.08642526544206358,-0.5514219051204383
68.75,0.060944098800266785,-0.3928074796897423,0.0858965087964745,-0.5486167365981662
68.76,0.0598869925738458,-0.3860647828743702,0.08531293423111365,-0.5454048676786976
68.77,0.05879136434372944,-0.37904756759959285,0.08467486735502895,-0.5417890414775306
68.78,0.05765791887546783,-0.3717617544124545,0.08398267412850943,-0.5377724231392458
68.79,0.056487387717981986,-0.36421349146573756,0.083236760542277,-0.5333585875589356
68.8,0.05528052858603765,-0.3564091462937193,0.08243757225559759,-0.5285515152382942
68.81,0.05403812472093317,-0.3483552958984092,0.0815855941940482,-0.5233555829135498
68.82000000000001,0.05276098423035638,-0.3400587173037266,0.08068135010772688,-0.517775555681272
68.83,0.05144993940837153,-0.331526377535109,0.07972540209077945,-0.5118165773064695
68.84,0.05010584603653873,-0.322765423585524,0.07871835006317829,-0.5054841604223103
68.85000000000001,0.048729582667169806,-0.31378317212575274,0.07766083121575992,-0.4987841758210758
68.86,0.04732204988975358,-0.3045870991196324,0.07655351941958688,-0.49172284129396315
68.87,0.04588416958158976,-0.2951848293029206,0.07539712460076035,-0.4843067098506568
68.88,0.04441688414368379,-0.28558412558582824,0.07419239208186289,-0.47654265746523516
68.89,0.04292115572296454,-0.27579287838812944,0.07294010189126236,-0.4684378703389004
68.9,0.04139796542189159,-0.26581909494097183,0.07164106804155247,-0.4599998317495962
68.91,0.03984831249652068,-0.2556708885764831,0.07029613777844869,-0.45123630851988117
68.92,0.03827321354410051,-0.2453564680320453,0.0689061908014942,-0.4421553371546127
68.93,0.03667370168126775,-0.23488412679259824,0.06747213845796418,-0.4327652096903147
68.94,0.035050825713905005,-0.22426223249493343,0.06599492291138398,-0.4230744593031344
68.95,0.03340564929972356,-0.2134992164171068,0.0644755162861013,-0.41309184571950597
68.96000000000001,0.03173925010461562,-0.2026035630748343,0.0629149197893712,-0.40282634047461996
68.97,0.03005271895381842,-0.19158379994673702,0.06131416281242763,-0.3922871120624188
68.98,0.028347158978914187,-0.180448487348417,0.05967430201202549,-0.3814835110205132
68.99,0.02662368476167346,-0.16920620847554502,0.05799642037394373,-0.3704250549921411
69.0,0.0248834214757435,-0.15786555963388593,0.05628162625994063,-0.35912141380637863
69.01,0.02312750402714387,-0.14643514067431382,0.0545310524396523,-0.3475823946163607
69.02,0.021357076194533666,-0.13492354564888145,0.05274585510891668,-0.33581792713393854
69.03,0.019573289770173558,-0.12333935370327923,0.05092721289599796,-0.32383804899760305
69.04,0.017777303702496413,-0.11169112021999966,0.04907632585717028,-0.31165289130882373
69.05,0.015970283241163098,-0.09998736822480866,0.047194414463104115,-0.29927266437021144
69.06,0.014153399085462664,-0.08823658006838493,0.04528271857747786,-0.2867076436570357
69.07000000000001,0.012327826536884284,-0.076447189393672,0.04334249642921289,-0.2739681560517111
69.08,0.010494744656658003,-0.06462757339802822,0.04137502357970482,-0.2610645663689003
69.09,0.008655335429037986,-0.052786045398285075,0.03938159188639382,-0.2480072641968665
69.10000000000001,0.006810782931063606,-0.040930847705626834,0.037363508463985125,-0.23480665107864798
69.11,0.00496227250950937,-0.02907014481574871,0.03532209464459707,-0.22147312805462666
69.12,0.003110989965700177,-0.017212016919024475,0.033258684938077106,-0.2080170835859235
69.13,0.0012581207488325933,-0.005364453733719084,0.031174625993689194,-0.19444888187614975
69.14,-0.0005951508415769109,0.0064646513349717605,0.029071275564334146,-0.18077885160682183
69.15,-0.002447642443547644,0.01826750670948674,0.026950001474425517,-0.1670172751000067
69.16,-0.004298174410238261,0.03003642782710598,0.02481218059249865,-0.15317437791954686
69.17,-0.006145570576789039,0.04176384200116527,0.022659197809587982,-0.13926031892051477
69.18,-0.007988659015919686,0.05344229295735406,0.020492445024362673,-0.12528518075455444
69.19,-0.009826272781831399,0.06506444504798223,0.01831332013596407,-0.11125896083702856
69.2,-0.01165725064200043,0.07662308714730347,0.016123226045444368,-0.09719156278010359
69.21000000000001,-0.01348043779647218,0.0881111362318206,0.013923569666656779,-0.08309278829426171
69.22,-0.01529468658430732,0.09952164065078412,0.011715760947403179,-0.06897232955910838
69.23,-0.01709885717685167,0.11084778309166214,0.009501211901596309,-0.054839762062776305
69.24,-0.018891818257543044,0.12208288324730335,0.007281335653148477,-0.040704537907846075
69.25,-0.0206724476879865,0.1332204001910228,0.00505754549225089,-0.026575979580245632
69.26,-0.022439633160069188,0.14425393446680787,0.0028312539446625116,-0.012463274176305427
69.27,-0.024192272833905546,0.15517722990266303,0.0006038718545808269,0.0016245319180978543
69.28,-0.025929275961436484,0.1659841751545572,-0.0016231925183775012,0.015678537904121027
69.29,-0.027649563495534553,0.176668804984838,-0.0038485343876023767,0.029689993014424227
69.3,-0.029352068684488936,0.18722530119806013,-0.006070753312882167,0.04365030054186763
69.31,-0.031035737651796996,0.1976479927650358,-0.008288454058366814,0.057551021326749496
69.32000000000001,-0.03269952996123737,0.20793135592443884,-0.010500247434766467,0.07138387645137026
69.33,-0.034342419167277975,0.21807001217674454,-0.012704751125543907,0.08514074851733112
69.34,-0.03596339335113134,0.22805872131970373,-0.014900590497047214,0.09881367959900372
69.35000000000001,-0.03756145564374076,0.23789235244339157,-0.017086399393183935,0.11239485419205889
69.36,-0.03913562474130268,0.24756575289127408,-0.019260820918181494,0.12587651298951924
69.37,-0.040684935416885976,0.25707386091887285,-0.021422508209163974,0.1392510457332985
69.38,-0.04220843901605571,0.2664120004788132,-0.023570125189466752,0.15251119204875038
69.39,-0.043705203925420565,0.27557569712425817,-0.025702347294933262,0.16564991178427282
69.4,-0.045174316021102334,0.28456055770558886,-0.027817862177722315,0.17866031711764813
69.41,-0.04661487910395443,0.29336235945101213,-0.029915370393133082,0.19153568576741267
69.42,-0.04802601531962518,0.3019770456446389,-0.031993586070359056,0.20426945382480033
69.43,-0.049406865561924064,0.31040072617778325,-0.03405123756673276,0.21685523286267747
69.44,-0.050756589860084834,0.31862965987200853,-0.03608706810505635,0.22928680029400292
69.45,-0.052074367750574,0.32666026181487134,-0.03809983639383234,0.2415581098078663
69.46000000000001,-0.05335939863379616,0.33448909132868354,-0.0400883172303715,0.25366328159739193
69.47,-0.05461090211600765,0.3421128567496283,-0.04205130208668364,0.26559661432672493
69.48,-0.05582811833678953,0.3495284038729296,-0.04398759967836645,0.27735256528102636
69.49,-0.0570103082824746,0.35673271890569813,-0.045896036516771516,0.2889257653776613
69.5,-0.05815675408562243,0.36372292791911176,-0.0477754574441298,0.3003110181550968
69.51,-0.059266759310954514,0.37049628266010315,-0.04962472615227312,0.31150327113250204
69.52,-0.06033964922818508,0.3770501694004065,-0.05144272568545974,0.32249764581615953
69.53,-0.06137477107177229,0.38338210324237654,-0.05322835892667224,0.33328942845999315
69.54,-0.062371494287925246,0.3894897204915735,-0.054980549067939026,0.3438740478066615
69.55,-0.06332921076938118,0.3953707781581552,-0.05669824006571839,0.3542470828980196
69.56,-0.06424733507813149,0.40102315353988327,-0.05838039708108886,0.36440427315574536
69.57000000000001,-0.06512530465628258,0.40644483962025857,-0.0600260069044484,0.3743415068394448
69.58,-0.06596258002539025,0.41163394116545293,-0.06163407836535049,0.38405481278492015
69.59,-0.06675864497467492,0.41658867125254767,-0.06320364272841437,0.39354035055459097
69.60000000000001,-0.06751300673840187,0.42130734990092944,-0.0647337540755695,0.40279442308555413
69.61,-0.06822519616264656,0.42578840145272134,-0.06622348967427337,0.4118134744321067
69.62,-0.06889476786171582,0.4300303507482728,-0.06767195033192347,0.42059407814990263
69.63,-0.06952130036454175,0.43403182060000123,-0.06907826073711774,0.42913293613310094
69.64,-0.07010439625134537,0.43779152888980727,-0.07044156978822852,0.4374268728015537
69.65,-0.0706436822808425,0.4413082858399303,-0.07176105090981448,0.4454728281751337
69.66,-0.07113880950826333,0.44458099158155073,-0.07303590235706278,0.453267866424927
69.67,-0.07158945339443314,0.4476086337455406,-0.07426534750813356,0.4608091707763081
69.68,-0.07199531390615457,0.4503902848631558,-0.07544863514474995,0.4680940351086894
69.69,-0.07235611565439326,0.4529236014832171,-0.07658503971794431,0.47511998074169637
69.7,-0.07267160853297608,0.4551922353754655,-0.07767386156305936,0.48188573821605535
69.71000000000001,-0.07294156932461886,0.4571718107447661,-0.07871442702814745,0.4883907637196547
69.72,-0.07316580350714057,0.45885327430628986,-0.07970608857661172,0.49463341312923925
69.73,-0.073344146184143,0.4602365632347755,-0.08064822494829701,0.5006114444186024
69.74,-0.07347646227953102,0.4613212757550084,-0.08154024136797997,0.5063227402729841
69.75,-0.07356264655498634,0.4621075349869116,-0.082381569757798,0.511765238596112
69.76,-0.07360262360599495,0.46259553664712644,-0.08317166894175756,0.5169369654565065
69.77,-0.07359634783482023,0.4627857718543471,-0.08391002484267847,0.5218360153316985
69.78,-0.0735438034019124,0.4626789119845208,-0.08459615067168762,0.5264605579298755
69.79,-0.07344500415538584,0.4622758620681242,-0.08522958711050879,0.530808831952805
69.8,-0.07329999353916689,0.46157772951931614,-0.08580990248670525,0.5348791456252525
69.81,-0.07310884447997558,0.4605858347955989,-0.0863366929420531,0.5386698740801693
69.82000000000001,-0.07287165925355685,0.4593017007116415,-0.08680958259418907,0.5421794585591089
69.83,-0.07258856933049107,0.4577270520515837,-0.08722822369166962,0.5454064049492371
69.84,-0.07225973520199892,0.45586380967697715,-0.08759229676255618,0.5483492828981056
69.85000000000001,-0.07188534618613893,0.45371408704465555,-0.08790151075662951,0.5510067248855628
69.86,-0.07146562021484644,0.4512801851965691,-0.08815560318131603,0.5533774255631444
69.87,-0.07100080360226509,0.44856458820767914,-0.08835434023139561,0.5554601412045806
69.88,-0.07049117079485263,0.4455699581191836,-0.08849751691254207,0.5572536893441292
69.89,-0.06993702410375638,0.44229912986351605,-0.08858495715873273,0.5587569485620792
69.9,-0.06933869342001395,0.43875510460862105,-0.08861651394367745,0.5599688541970294
69.91,-0.06869653598834333,0.43493860871403667,-0.08859206962396583,0.5608807039323702
69.92,-0.06801093663180112,0.4308392936861127,-0.08851153775073561,0.5614483989666808
69.93,-0.06728230868313362,0.42644308940719555,-0.08837486715393836,0.5616157299687535
69.94,-0.06651109495435722,0.4217477304948587,-0.08818204618553968,0.5613633678808089
69.95,-0.06569776800384224,0.41675720794493465,-0.08793310478346157,0.5606913343505656
69.96000000000001,-0.06484282986226896,0.41147547987653893,-0.0876281148654537,0.559599197948599
69.97,-0.06394681162410468,0.40590690965506193,-0.08726719033390974,0.5580874737372505
69.98,-0.0630102730145621,0.400056027745219,-0.08685048703626462,0.5561568918333408
69.99,-0.06203380193176796,0.39392764105199773,-0.08637820267819912,0.5538087618714075
70.0,-0.06101801396544878,0.3875267680234593,-0.08585057669181126,0.5510447880149928
70.01,-0.05996355189250814,0.38085866036348504,-0.08526789005796731,0.5478671572274066
70.02,-0.058871085150383334,0.37392878098610327,-0.08463046508366591,0.5442784894426482
70.03,-0.05774130928886041,0.366742803406219,-0.08393866513458383,0.5402818553522755
70.04,-0.056574945401173,0.35930660001212916,-0.08319289432344816,0.5358807589699952
70.05,-0.0553727395351767,0.35162623552044875,-0.08239359715478192,0.5310791364328868
70.06,-0.0541354620854466,0.3437079575008661,-0.08154125812675549,0.5258813453458734
70.07000000000001,-0.052863907167149754,0.33555818805690046,-0.08063640129091716,0.5202921575631363
70.08,-0.05155889197257306,0.3271835146556843,-0.07967958977068387,0.5143167490079004
70.09,-0.0502212561112001,0.3185906811434768,-0.07867142523954253,0.5079606897849236
70.10000000000001,-0.04885186093424615,0.3097865784643391,-0.07761254735999572,0.5012299330163349
70.11,-0.04745158884457645,0.3007782353580205,-0.07650363318435617,0.4941308032479889
70.12,-0.046021342592936,0.29157280893474846,-0.07534539651856469,0.48666998406808476
70.13,-0.044562044561435,0.28217757521323344,-0.07413858725027046,0.47885450518583855
70.14,-0.04307463603523463,0.2725999196141406,-0.0728839906424732,0.4706917289173591
70.15,-0.041560076463381716,0.2628473274476895,-0.07158242659408096,0.46218933617845837
70.16,-0.04001934270974275,0.2529273744106293,-0.0702347488687893,0.4533553120095361
70.17,-0.0384534282949874,0.24284771711871844,-0.06884184429373075,0.44419793069631497
70.18,-0.0368633426305651,0.23261608369496448,-0.06740463192938573,0.4347257405317729
70.19,-0.035250110245612996,0.2222402644355502,-0.0659240622122799,0.42494754827437825
70.2,-0.03361477000772961,0.2117281025740855,-0.06440111607202308,0.4148724033529038
70.21000000000001,-0.03195837433853479,0.20108748516375297,-0.06283680402426935,0.4045095818702934
70.22,-0.03028198842492073,0.19032633409699012,-0.06123216524119862,0.3938685704572266
70.23,-0.028586689426898567,0.17945259728029883,-0.05958826660113218,0.38295905002600833
70.24,-0.02687356568291239,0.16847423998205968,-0.05790620171890657,0.37179087947397366
70.25,-0.025143715913486527,0.1573992363692307,-0.05618708995863333,0.36037407938471494
70.26,-0.023398248424050267,0.14623556124856898,-0.05443207543047184,0.3487188157738358
70.27,-0.021638280307761302,0.13499118202655874,-0.05264232597303831,0.33683538392448753
70.28,-0.01986493664913129,0.12367405090114873,-0.05081903212306384,0.3247341923561638
70.29,-0.01807934972922732,0.11229209729772927,-0.04896340607390139,0.3124257469683308
70.3,-0.01628265823320772,0.1008532205601374,-0.04707668062446295,0.2999206353984747
70.31,-0.014476006460915408,0.08936528290668788,-0.04516010812014711,0.2872295116320009
70.32000000000001,-0.012660543541234344,0.07783610266016776,-0.04321495938729114,0.2743630808992086
70.33,-0.010837422650878012,0.06627344775920893,-0.041242522662653346,0.2613320848922532
70.34,-0.009007800238260909,0.05468502955797405,-0.03924410251939849,0.24814728733262312
70.35000000000001,-0.00717283525306528,0.043078496919079536,-0.03722101879102442,0.23481945991735767
70.36,-0.005333688382094594,0.03146143060464855,-0.0351746054946297,0.22135936866964778
70.37,-0.0034915212919675847,0.019841337968257836,-0.03310620975488161,0.2077777607172035
70.38,-0.0016474958791858215,0.008225647950105053,-0.0310171907300005,0.19408535151922757
70.39,0.00019722647193431232,-0.0033782936235177002,-0.028908918541032436,0.1802928125604855
70.4,0.002041485622990921,-0.014963228436533981,-0.026782773205634283,0.16641075952858228
70.41,0.003884123406458118,-0.026521989776064424,-0.024640143577547922,0.15244974098823091
70.42,0.0057239843414640295,-0.03804750632421183,-0.022482426292889376,0.1384202275640001
70.43,0.0075599163400201985,-0.04953280565144768,-0.020311024724329794,0.12433260164087478
70.44,0.009390771403342702,-0.060971017415678445,-0.018127347944190502,0.11019714758977033
70.45,0.011215406307960368,-0.07235537627223852,-0.01593280969742532,0.09602404252356485
70.46000000000001,0.013032683281311335,-0.08367922450286826,-0.013728827385407026,0.08182334759303915
70.47,0.014841470666572315,-0.09493601437754942,-0.011516821061382472,0.06760499984641917
70.48,0.016640643576483777,-0.1061193103281514,-0.009298212438403907,0.053378804660243376
70.49,0.018429084535948697,-0.11722279106115538,-0.0070744239104749826,0.03915442913126635
70.5,0.02020568411322934,-0.12824025060060013,-0.0048468775876085975,0.024941394928521418
70.51,0.021969341539593422,-0.1391655998468332,-0.002616994345491444,0.01074907143496468
70.52,0.02371896531723422,-0.14999286925919175,-0.0003861928903845442,-0.0034133290702940983
70.53,0.0254534738153048,-0.1607162085421402,0.0018441111601992673,-0.01753675684212693
70.54,0.027171795853922705,-0.17132989024165493,0.004072506180499082,-0.0316123304252095
70.55,0.02887287127586386,-0.1818283130310983,0.006297585422626461,-0.045631342274055076
70.56,0.030555651505478187,-0.1922060095477156,0.00851794788515155,-0.059585267125961655
70.57000000000001,0.03221910009368662,-0.2024576684215078,0.010732199163112861,-0.07346577878278383
70.58,0.033862193245756095,-0.21257820126267213,0.0129389522769865,-0.0872647976904182
70.59,0.03548392032960925,-0.2225626940577766,0.015136828479081783,-0.10097445371098387
70.60000000000001,0.0370832843728288,-0.23240617814707737,0.017324458043059023,-0.11458693061471725
70.61,0.038659302557482955,-0.24210373212692174,0.019500481042369438,-0.1280945508288581
70.62,0.040211006709041354,-0.2516505856393302,0.021663548114716217,-0.14148983341742646
70.63,0.041737443771873044,-0.2610421311932344,0.023812321208324754,-0.1547654835283618
70.64,0.043237676270432644,-0.2702738680042855,0.02594547430850118,-0.16791442140323945
70.65,0.044710782759780604,-0.2793413660064921,0.028061694143783466,-0.18092976525333582
70.66,0.04615585826751777,-0.28824029195635636,0.030159680872259852,-0.1938048214731129
70.67,0.047572014726502625,-0.29696641091479825,0.03223814874887581,-0.20653308465431328
70.68,0.04895838139775547,-0.3055155863723752,0.0342958267741805,-0.2191082292084731
70.69,0.05031410528336459,-0.3138837850520368,0.03633145932477423,-0.23152411428146402
70.7,0.05163835152927323,-0.3220670729914348,0.038343806765688625,-0.2437747737299746
70.71000000000001,0.05293030381789525,-0.3300616204618103,0.040331646044726534,-0.2558544281292154
70.72,0.05418916475052746,-0.3378636973600939,0.04229377126884108,-0.2677574694152697
70.73,0.05541415621974895,-0.3454696715648279,0.04422899426313266,-0.27947845897367085
70.74,0.056604519771778515,-0.35287601515982725,0.046136145112322405,-0.2910121451320885
70.75,0.057759516958737316,-0.360079297190099,0.04801407268460023,-0.3023534396930265
70.76,0.05887842968105168,-0.36707618379029416,0.04986164513867179,-0.31349741755474086
70.77,0.05996056052010053,-0.37386343907236963,0.05167775041435868,-0.32443932085576754
70.78,0.06100523306106843,-0.380437924963467,0.05346129670653054,-0.33517455974711036
70.79,0.062011792206023424,-0.38679660003800925,0.05521121292243118,-0.34569870651367335
70.8,0.06297960447735379,-0.3929365173012975,0.056926449123024914,-0.35600748417183126
70.81,0.06390805831168432,-0.39885482448077436,0.05860597694897367,-0.366096768689493
70.82000000000001,0.06479656434431082,-0.4045487637750137,0.06024879003140152,-0.3759625876609909
70.83,0.06564455568417783,-0.4100156711359367,0.06185390438759609,-0.385601116149258
70.84,0.06645148817945372,-0.41525297589710874,0.06342035880195648,-0.3950086741637681
70.85000000000001,0.06721684067373324,-0.42025820075191445,0.06494721519238152,-0.4041817270836778
70.86,0.06794011525290886,-0.4250289607408969,0.06643355896242613,-0.4131168759548998
70.87,0.06862083748277181,-0.4295629627153528,0.0678784993398359,-0.421810853015977
70.88,0.06925855663739647,-0.43385800546980186,0.06928116970186346,-0.4302605219337145
70.89,0.0698528459183096,-0.43791197947020777,0.0706407278875602,-0.438462874053997
70.9,0.0704033026644672,-0.4417228667368319,0.07195635649731706,-0.44641502536866556
70.91,0.07090954855304665,-0.44528874071302876,0.07322726317999335,-0.45411421279968167
70.92,0.07137122979106991,-0.4486077662423088,0.07445268090797225,-0.4615577911022277
70.93,0.07178801729785524,-0.45167819960379857,0.07563186824046696,-0.46874322972019333
70.94,0.072159606962976,-0.45449564507175133,0.07676410956883366,-0.4756683220815102
70.95,0.07248572051068074,-0.4570402417022653,0.07784871530302861,-0.48233217674212153
70.96000000000001,0.07276610729735075,-0.45928833947362946,0.07888502197412431,-0.48873431053209937
70.97,0.07300054609172037,-0.4612328055484868,0.07987239232711218,-0.4948730604628905
70.98,0.07318884591353274,-0.46287300968253997,0.080810215476471,-0.5007463564377826
70.99,0.0733308462399662,-0.46420783012497935,0.0816979071007909,-0.5063522691817903
71.0,0.07342641708896969,-0.465236757626337,0.08253490963686777,-0.5116889216134562
71.01,0.07347545908019926,-0.46595934243229653,0.08332069246556219,-0.5167545297533982
71.02,0.07347790347055146,-0.46637546989952855,0.08405475208989158,-0.5215473787761374
71.03,0.07343371216590742,-0.46648522123309577,0.0847366123054628,-0.5260658316969143
71.04,0.07334287770842868,-0.4662889411676986,0.08536582436351813,-0.530308321936962
71.05,0.0732054232399402,-0.4657872016376007,0.0859419671267646,-0.5342733541589744
71.06,0.07302140244138547,-0.46498081695452387,0.08646464721818778,-0.5379595011727418
71.07000000000001,0.07279089944866743,-0.46387083271927876,0.08693349916301475,-0.5413654030178358
71.08,0.07251402874507819,-0.4624585273800861,0.08734818552398767,-0.5444897651684987
71.09,0.0721909350306176,-0.46074540698279887,0.08770839703009073,-0.5473313573915191
71.10000000000001,0.0718217930685059,-0.4587332028602987,0.08801385269886093,-0.5498890124911371
71.11,0.07140680750923874,-0.45642386739788526,0.08826429995239769,-0.5521616253253293
71.12,0.07094621269255456,-0.4538195703250084,0.08845951472717276,-0.5541481519007777
71.13,0.07044027242771844,-0.4509226943237671,0.08859930157772786,-0.5558476086430139
71.14,0.06988927975255137,-0.4477358305785702,0.08868349377433227,-0.5572590717927247
71.15,0.06929355667215852,-0.444261757875242,0.08871195339622406,-0.5583816262521569
71.16,0.06865345397570971,-0.440500292240108,0.08868457172882414,-0.5592044559876581
71.17,0.06796935151272089,-0.4364409825008132,0.08860127116574155,-0.559683825285127
71.18,0.06724165911118067,-0.4320709054837396,0.08846200919027239,-0.5597676300216535
71.19,0.06647081748654364,-0.4273879592206077,0.0882667823828366,-0.559437383257625
71.2,0.06565729848081338,-0.42239601400220145,0.08801562836644738,-0.5586929747914525
71.21000000000001,0.06480160478720876,-0.4170991265807144,0.08770862617713132,-0.557534409166687
71.22,0.06390426953679866,-0.41150170588828183,0.08734589624544196,-0.5559623472449555
71.23,0.06296585585659924,-0.4056084027592505,0.08692760033317432,-0.5539777781059979
71.24,0.061986956399928655,-0.3994241546624916,0.08645394142580166,-0.5515821804591533
71.25,0.060968192850018844,-0.39295415228850494,0.08592516358175945,-0.5487774379697961
71.26,0.05991021539749408,-0.38620384463896973,0.08534155173842559,-0.5455658763153873
71.27,0.05881370219258388,-0.37917892429920164,0.08470343147541491,-0.5419502380805704
71.28,0.057679358772860394,-0.37188532210447706,0.08401116873555042,-0.5379336874661764
71.29,0.05650791746738251,-0.36432919661750685,0.08326516950412788,-0.5335197988537864
71.3,0.0553001367781283,-0.3565169257516405,0.0824658794470863,-0.528712552241983
71.31,0.05405680073964638,-0.34845509690413884,0.08161378350881829,-0.5235163240854318
71.32000000000001,0.05277871825787265,-0.3401504974580897,0.08070940547040877,-0.5179358793157206
71.33,0.051466722429083345,-0.331610104759649,0.07975330746917486,-0.5119763617020413
71.34,0.050121669839983035,-0.3228410760574656,0.07874608948044312,-0.5056432840241177
71.35000000000001,0.04874443984993801,-0.3138507381987594,0.0776883887625699,-0.49894251737558215
71.36,0.04733593385638701,-0.3046465772250519,0.07658087926627122,-0.4918802799960138
71.37,0.04589707454446897,-0.2952362278346207,0.07542427100938856,-0.48446312549238724
71.38,0.04442880512192694,-0.285627462768015,0.07421930941826996,-0.4766979305815086
71.39,0.042932088540346816,-0.275828182127029,0.07296677463699731,-0.4685918823515106
71.4,0.041407906703799735,-0.26584640266098214,0.07166748080573661,-0.46015246510863594
71.41,0.039857259665963096,-0.2556902470412061,0.07032227530952884,-0.4513874468426731
71.42,0.03828116481678635,-0.24536793315105682,0.0689320379988774,-0.4423048653615645
71.43,0.03668065605977974,-0.23488776341440565,0.06749768038351997,-0.4329130141376478
71.44,0.03505678298098433,-0.2242581141870852,0.06602014480080134,-0.42322042791211767
71.45,0.03341061001068851,-0.2134874252337733,0.06450040356008722,-0.4132358681020651
71.46000000000001,0.03174321557893977,-0.2025841893130665,0.06293945806467842,-0.4029683080550416
71.47,0.030055691265892012,-0.1915569418916869,0.06133833791269922,-0.39242691819501657
71.48,0.02834914094801276,-0.1804142510087267,0.059698099978444955,-0.38162105110304384
71.49,0.026624679941167035,-0.1691647073092713,0.058019827475678604,-0.37056022657486115
71.5,0.024883434141562116,-0.15781691426607625,0.05630462900436992,-0.3592541166965783
71.51,0.023126539165541433,-0.14637947860682982,0.05455363758236597,-0.34771253097829213
71.52,0.02135513948916959,-0.13486100096325537,0.05276800966347827,-0.3359454015840364
71.53,0.019570387588547216,-0.12327006675755446,0.0509489241434604,-0.323962768694927
71.54,0.01777344308176157,-0.11161523734004737,0.049097581355336,-0.3117747660406801
71.55,0.01596547187335666,-0.09990504139114309,0.04721520205552109,-0.29939160663290443
71.56,0.01414764530217681,-0.08814796659903631,0.04530302640216327,-0.28682356873173737
71.57000000000001,0.012321139293414001,-0.07635245162393448,0.04336231292709722,-0.27408098207543274
71.58,0.010487133515658442,-0.06452687835770148,0.041394337502788967,-0.26117421440058053
71.59,0.008646810543720329,-0.0526795644871952,0.039400392305613034,-0.24811365827856585
71.60000000000001,0.006801355027966058,-0.04081875636796256,0.03738178477677344,-0.23490971829190066
71.61,0.004951952870871218,-0.02895262221394533,0.035339836582146886,-0.22157279857194376
71.62,0.0030997904114759608,-0.017089245607666562,0.033275882572288584,-0.20811329071752274
71.63,0.0012460536183768864,-0.005236619334282953,0.031191269743804956,-0.1945415621118916
71.64,-0.0006080727081213971,0.006597360458327803,0.02908735620325512,-0.18086794465347722
71.65,-0.002461405724127361,0.01840489977221423,0.026965510134704437,-0.16710272391381922
71.66,-0.004312765319996481,0.030178311944310515,0.024827108772007684,-0.153256128734206
71.67,-0.006160974887375057,0.04191002250488623,0.022673537376858007,-0.13933832127056567
71.68,-0.008004862074964923,0.053592573710660674,0.02050618822359161,-0.12535938749432735
71.69,-0.009843259532564591,0.06521862875525834,0.01832645959169302,-0.111329328155124
71.7,-0.011675005642967624,0.07678097566053854,0.01613575476689935,-0.09725805020954234
71.71000000000001,-0.013498945241332624,0.08827253085234296,0.013935481051755754,-0.08315535871833711
71.72,-0.015313930321675256,0.09968634242608634,0.011727048786427493,-0.06903094921304695
71.73,-0.01711882073015523,0.11101559310702055,0.009511870380526673,-0.05489440053126255
71.74,-0.018912484844868533,0.12225360291180393,0.007291359356665437,-0.040755168118525226
71.75,-0.02069380024188291,0.13339383151756992,0.005066929406400845,-0.02662257779325164
71.76,-0.022461654347282742,0.14442988034616655,0.0028399934591901146,-0.012505819969968694
71.77,-0.0242149450750179,0.15535549437074833,0.0006119627649293279,0.0015860556652853154
71.78,-0.025952581450381547,0.16616456365338045,-0.0016157540093959942,0.015644145034795835
71.79,-0.027673484218964817,0.17685112461970726,-0.003841751668464881,0.02965969411463215
71.8,-0.02937658644096693,0.18740936104149847,-0.006064629362338643,0.043624102964565405
71.81,-0.03106083407077548,0.19783360433302621,-0.008282991444745407,0.05752892928513385
71.82000000000001,-0.03272518652179474,0.20811833337770744,-0.010495448315589215,0.07136589120215682
71.83,-0.034368617216573805,0.21825817275129616,-0.012700617247435817,0.0851268685746514
71.84,-0.03599011412256093,0.22824788530638906,-0.014897123195924778,0.09880390070993873
71.85000000000001,-0.03758868027494652,0.2380823376739853,-0.017083599594827647,0.11238916586829725
71.86,-0.039163334293194144,0.24775634640039584,-0.01925868913992027,0.1258748804795075
71.87,-0.04071311089368819,0.2572648669797019,-0.02142104456255514,0.13925344488214994
71.88,-0.042237061384432374,0.2666032451651483,-0.023569329382635246,0.15251760835249267
71.89,-0.043734254132373966,0.27576700009139377,-0.0257022186343917,0.16566032534881361
71.9,-0.045203775011603525,0.28475174350004795,-0.027818399570387477,0.17867470414828063
71.91,-0.04664472783821484,0.2935532602792164,-0.029916572348792993,0.19155401759065996
71.92,-0.04805623478969088,0.3021675002331262,-0.03199545070455271,0.20429169870253444
71.93,-0.04943743680758512,0.31059057985992444,-0.03405376260397542,0.21688135591696722
71.94,-0.05078749398410453,0.31881876524349645,-0.0360902508823302,0.22931676503661663
71.95,-0.05210558593323262,0.326848477653158,-0.03810367386430025,0.24159187713079416
71.96000000000001,-0.05339091214677495,0.33467628327512644,-0.040092805967304454,0.25370081069010975
71.97,-0.054642692335589355,0.3422988974355332,-0.042056438287568075,0.265637862977353
71.98,-0.055860166756375035,0.34971317258160006,-0.04399337916917871,0.2773974891910884
71.99,-0.05704259652441353,0.3569161018969286,-0.0459024547564306,0.28897431872168045
72.0,-0.058189263912345655,0.3639048186644418,-0.04778250952909404,0.30036315422692456
72.01,-0.05929947263539404,0.37067658164441447,-0.04963240682126012,0.3115589416292097
72.02,-0.060372548123492215,0.37722878403529525,-0.051451029324321274,0.3225568005347978
72.03,-0.06140783778033416,0.3835589480770192,-0.05323727957343195,0.3333520159857934
72.04,-0.062404711229660056,0.3896647176184982,-0.05499008041790122,0.34394001758179304
72.05,-0.06336256054930754,0.39554385650266144,-0.056708375476634744,0.3543163818980476
72.06,-0.06428080049324501,0.4011942488980249,-0.05839112957849062,0.3644768463781383
72.07000000000001,-0.06515886870173364,0.4066138949005643,-0.060037329187139055,0.3744172988468396
72.08,-0.06599622589996627,0.4118009062819442,-0.061645982810960336,0.38413376806815575
72.09,-0.06679235608557788,0.41675350313418746,-0.06321612139894822,0.3936224142339941
72.10000000000001,-0.06754676670534251,0.4214700119999426,-0.06474679872300773,0.40287953758316847
72.11,-0.06825898882128033,0.4259488637490864,-0.0662370917463334,0.4119015808766328
72.12,-0.06892857726642755,0.4301885897232866,-0.06768610097794432,0.42068511747996407
72.13,-0.06955511079059346,0.43418781901145265,-0.06909295081399912,0.4292268486261506
72.14,-0.07013819219639586,0.4379452756586798,-0.07045678986637728,0.4375235996772413
72.15,-0.07067744846585913,0.4414597758478248,-0.07177679127904865,0.4455723109351757
72.16,-0.07117253087784597,0.444730225410916,-0.0730521530325561,0.45337004418832094
72.17,-0.07162311511657168,0.44775561746671844,-0.0742820982364986,0.46091398179968585
72.18,-0.07202890137144667,0.4505350298335956,-0.07546587541020595,0.46820141778143803
72.19,-0.0723896144775854,0.45306603198023787,-0.07660275874828693,0.47522988019610113
72.2,-0.07270500456158396,0.4553321823290253,-0.077692048335065,0.48199810701918294
72.21000000000001,-0.07297484864854926,0.45730927796051923,-0.0787330702728893,0.48850554107040867
72.22,-0.07319895246141608,0.45898827227168987,-0.07972517678530171,0.49475053780446954
72.23,-0.07337715134922111,0.46036905931141525,-0.0806677463783049,0.5007308586603018
72.24,-0.07350931048283016,0.4614512630865797,-0.08156018404874764,0.5064443844309405
72.25,-0.07359532487218853,0.4622350005249979,-0.08240192149676004,0.5118890535939291
72.26,-0.07363511936185246,0.4627204769596973,-0.08319241733029127,0.5170628915500218
72.27,-0.07362864860357021,0.46290818503292036,-0.0839311572620764,0.5219639927186194
72.28,-0.07357589700726677,0.4627988014929115,-0.08461765429915705,0.5265905264308461
72.29,-0.07347687867012934,0.46239323461158044,-0.08525144892519791,0.5309407311544725
72.3,-0.0733316372843739,0.46169259589515094,-0.08583210927575696,0.5350129147902177
72.31,-0.07314024602385565,0.46069820924519267,-0.08635923130668854,0.5388054521718557
72.32000000000001,-0.07290280740994974,0.4594116010142416,-0.08683243895582152,0.542316784207806
72.33,-0.07261945315702499,0.45783449924020964,-0.08725138429805032,0.5455454164465705
72.34,-0.07229034399792585,0.45596882793660903,-0.08761574769395412,0.5484899181766113
72.35000000000001,-0.07191566948986733,0.4538167035131264,-0.08792523793204586,0.5511489215053561
72.36,-0.07149564780118435,0.4513804298083423,-0.08817959236473562,0.5535211206949779
72.37,-0.07103052547939423,0.44866249351089704,-0.08837857703807639,0.5556052716149372
72.38,-0.0705205772010489,0.4456655591012415,-0.08852198681534432,0.5574001913797807
72.39,-0.06996610550387461,0.44239246376799257,-0.08860964549448967,0.5589047581356645
72.4,-0.06936744050176613,0.43884621041596045,-0.08864140591964134,0.5601179057088919
72.41,-0.06872493965941806,0.43502749416232805,-0.08861715032758352,0.561030826567875
72.42,-0.06803898801662614,0.4309260271296024,-0.08853679215893778,0.561599606964881
72.43,-0.06730999911522197,0.42652780544908175,-0.08840028012908707,0.5617682410600584
72.44,-0.06653841596698107,0.4218304734148786,-0.08820760246660007,0.5615171104817438
72.45,-0.06572471132474694,0.4168379933792886,-0.08795878899034902,0.5608461426394581
72.46000000000001,-0.06486938741118944,0.4115543365365122,-0.087653911512583,0.5597549438538488
72.47,-0.06397297551038453,0.40598386050583946,-0.08729308384438571,0.5582440082911141
72.48,-0.06303603553469686,0.400131099250875,-0.08687646175608586,0.5563140748853601
72.49,-0.062059155566934684,0.39400085838915655,-0.08640424289061241,0.5539664476254722
72.5,-0.06104295137900552,0.3875981573125008,-0.0858766666317087,0.5512028326585784
72.51,-0.059988065927486546,0.38092824739307174,-0.08529401392634048,0.5480254155162619
72.52,-0.058895168826983035,0.3739965916928944,-0.08465660706206951,0.5444368168084714
72.53,-0.057764955801952754,0.3668088634791745,-0.08396480939959321,0.5404401072476492
72.54,-0.05659814811782481,0.3593709349364279,-0.08321902506107874,0.5360387915922887
72.55,-0.055395491992207585,0.3516888704037262,-0.0824196985748465,0.5312368067546294
72.56,-0.05415775798702399,0.3437689170103465,-0.08156731447713295,0.5260385114865594
72.57000000000001,-0.05288574038243675,0.335617496303205,-0.08066239687170698,0.5204486789835615
72.58,-0.051580256533435585,0.32724119510547134,-0.07970550894822126,0.5144724867852033
72.59,-0.05024214620998232,0.31864675651989544,-0.07869725246025017,0.5081155068379769
72.60000000000001,-0.04887227092162721,0.30984107065585564,-0.07763826716404762,0.5013836943455073
72.61,-0.04747151322751273,0.3008311653255136,-0.07652923021913097,0.49428337615611995
72.62,-0.046040776032701694,0.2916241966219425,-0.07537085555186601,0.4868212383782295
72.63,-0.04458098187176663,0.2822274394581433,-0.07416389318329304,0.47900431344703037
72.64,-0.043093072180590795,0.27264827806284,-0.0729091285224937,0.4708399666018635
72.65,-0.041578006557325214,0.26289419646993845,-0.07160738162685477,0.4623358818679766
72.66,-0.04003676201345357,0.2529727690177324,-0.07025950643063418,0.4535000475709006
72.67,-0.038470332215913484,0.24289165088372944,-0.06886638994328036,0.4443407414457476
72.68,-0.03687972672121909,0.23265856867537688,-0.06742895141899673,0.43486651538760956
72.69,-0.03526597020252459,0.22228131109863114,-0.06594814149907727,0.42508617989783615
72.7,-0.03363010167055707,0.21176771972507763,-0.06442494132857002,0.415008788276696
72.71000000000001,-0.03197317368934414,0.20112567987709284,-0.06286036164884917,0.40464362061489784
72.72,-0.030296251587641855,0.19036311165074643,-0.06125544186769668,0.39400016763467843
72.73,-0.028600412666958314,0.17948796109404802,-0.05961124910850839,0.3830881144311438
72.74,-0.02688674540705674,0.1685081915582969,-0.05792887724024894,0.3719173241631448
72.75,-0.025156348669794455,0.15743177523876717,-0.0562094458897851,0.3604978217419561
72.76,-0.0234103309021444,0.14626668491975425,-0.054454099438225725,0.34883977756465884
72.77,-0.021649809339221403,0.13502088593895634,-0.05266400600289266,0.336953491337374
72.78,-0.01987590920811321,0.12370232838347814,-0.050840356406536676,0.32484937603202674
72.79,-0.0180897629332934,0.11231893953065678,-0.04898436313539956,0.3125379420181125
72.8,-0.01629250934436987,0.10087861654380453,-0.04709725928770487,0.3000297814092355
72.81,-0.014485292886896137,0.08938921943347422,-0.045180297514138476,0.28733555266175836
72.82000000000001,-0.012669262836945559,0.07785856429266796,-0.04323474895185442,0.27446596546092433
72.83,-0.010845572520122953,0.06629441681390928,-0.04126190215351253,0.26143176592730427
72.84,-0.009015378535655082,0.05470448609446196,-0.039263062012822425,0.24824372217422608
72.85000000000001,-0.007179839986184303,0.04309641873551359,-0.03723954868803177,0.23491261024429916
72.86,-0.0053401177138430594,0.03147779323914649,-0.03519269652476091,0.22144920045083705
72.87,-0.003497373543171822,0.01985611470683159,-0.033123852979543074,0.2078642441474615
72.88,-0.0016527695314080637,0.008238809841132889,-0.0310343775453878,0.19416846094680015
72.89,0.00019253277336083997,-0.0033667777481054748,-0.028925640680639707,0.18037252640677687
72.9,0.002037373065711333,-0.014953391933053516,-0.026799022742358194,0.1664870602005706
72.91,0.0038805930076266926,-0.026513868153914613,-0.02465591292539438,0.15252261478410198
72.92,0.005721036944068822,-0.03804113720336282,-0.022497708208293617,0.13848966457246023
72.93,0.007557552608997514,-0.049528228712723436,-0.020325812307098658,0.1243985956346832
72.94,0.009388991821492195,-0.060968274343671205,-0.018141634638078732,0.11025969591402283
72.95,0.011214211171664955,-0.0723545106909695,-0.01594658929035637,0.09608314597968937
72.96000000000001,0.01303207269606804,-0.08368028190572371,-0.01374209400935025,0.08187901032388077
72.97,0.01484144454234276,-0.09493904205274939,-0.01152956919189817,0.0676572292185243
72.98,0.016641201622868217,-0.10612435732470803,-0.00931043689386659,0.05342761118634661
72.99,0.01843022625719329,-0.11722990807888659,-0.007086119850984068,0.03919982638087973
73.0,0.02020740880307612,-0.12824948976362843,-0.0048580405136037655,0.024983399148487625
73.01,0.02197164827598787,-0.13917701482780798,-0.0026276200960963446,0.010787701466795783
73.02,0.02372185295688831,-0.15000651510764562,-0.0003962776414898339,-0.0033780517943321413
73.03,0.0254569409881282,-0.16073214161280586,0.00183457089810144,-0.01750480861195281
73.04,0.027175840957326395,-0.17134816815635978,0.0040635135647118185,-0.031583685335553766
73.05,0.028877492468939985,-0.18184899485020298,0.00628914328085673,-0.04560597248446986
73.06,0.030560846703031903,-0.19222915611320868,0.00851005871830735,-0.05956314318134056
73.07000000000001,0.03222486696006886,-0.20248334348996389,0.010724865148248828,-0.07344687021278413
73.08,0.033868529188331276,-0.21260647477839312,0.012932175270321651,-0.08724907432624077
73.09,0.03549082249180218,-0.2225936380337144,0.01513061001911581,-0.10096188233412794
73.10000000000001,0.037090749627006564,-0.23243986292544583,0.017318799353935693,-0.11457747466129513
73.11,0.03866732749789843,-0.2421402276097422,0.01949538303750957,-0.12808817228056157
73.12,0.04021958764477898,-0.25168996361416807,0.021659011400625462,-0.1414864930449953
73.13,0.041746576719645795,-0.26108446583610323,0.023808346088456115,-0.1547651431599606
73.14,0.04324735694726408,-0.27031923236097977,0.025942060787049314,-0.16791704414458303
73.15,0.044721006575750316,-0.27938983161200137,0.028058841929378308,-0.18093531472598318
73.16,0.04616662031867137,-0.2882919284046505,0.03015738938161471,-0.1938132611020005
73.17,0.047583309787966516,-0.29702128544383977,0.03223641711045327,-0.20654437725403452
73.18,0.048970203917073324,-0.30557376427764293,0.034294653831884896,-0.21912233781179127
73.19,0.05032644937407549,-0.3139453286510111,0.03633084364167417,-0.2315410009650276
73.2,0.05165121096477128,-0.32213204171989196,0.03834374662779353,-0.24379440018849396
73.21000000000001,0.05294367202558967,-0.330130070700815,0.040332139464804594,-0.2558767559235743
73.22,0.05420303480633023,-0.3379356818943861,0.042294815990276194,-0.2677824592740756
73.23,0.05542852084291705,-0.34554523955227323,0.04423058776383084,-0.2795060714231466
73.24,0.05661937132013082,-0.35295521189273815,0.04613828460864691,-0.29104234061370476
73.25,0.05777484742427212,-0.3601621637720824,0.04801675513532597,-0.3023861782580354
73.26,0.05889423068598524,-0.36716275694648737,0.049864867248967534,-0.31353265902334104
73.27,0.05997682331335403,-0.37395375095544486,0.05168150863979084,-0.3244770249482611
73.28,0.061021948515218354,-0.38053200288906663,0.05346558725708708,-0.33521468583118474
73.29,0.06202895081474186,-0.3868944663818319,0.05521603176655771,-0.34574121416407194
73.3,0.06299719635334922,-0.3930381893068239,0.05693179199165256,-0.35605233312180373
73.31,0.06392607318516426,-0.3989603140539301,0.058611839339534295,-0.36614391867561574
73.32000000000001,0.06481499156198053,-0.4046580773432722,0.060255167211835194,-0.3760119985576119
73.33,0.06566338420879482,-0.4101288094944423,0.06186079140034725,-0.38565274796125054
73.34,0.06647070658994893,-0.4153699340554353,0.06342775046796148,-0.3950624868714053
73.35000000000001,0.06723643716591891,-0.42037896776666084,0.06495510611506441,-0.40423768033733676
73.36,0.06796007764077698,-0.4251535197345105,0.06644194353168417,-0.4131749302925474
73.37,0.06864115320039697,-0.429691290758955,0.0678873717359692,-0.42187096954542164
73.38,0.06927921274144425,-0.4339900734516607,0.06929052389945362,-0.4303226619511052
73.39,0.06987382909116718,-0.4380477520515822,0.07065055765931616,-0.43852699923270866
73.4,0.07042459921799644,-0.44186230228858536,0.07196665541788806,-0.4464810977313145
73.41,0.07093114443296902,-0.4454317912861079,0.07323802462974292,-0.4541821948221909
73.42,0.07139311058198437,-0.44875437753631925,0.0744638980767103,-0.4616276456714371
73.43,0.07181016822889186,-0.45182831095645687,0.07564353413113897,-0.46881492016151605
73.44,0.07218201291664525,-0.4546491065489314,0.07677621700096804,-0.4757418185928751
73.45,0.07250836603755624,-0.45719686125552167,0.07786125691573723,-0.4824074527254833
73.46000000000001,0.0727889766318605,-0.45944801365994603,0.0788979902290242,-0.488811332422996
73.47,0.07302362316474013,-0.46139541974142295,0.07988577951150208,-0.4949517955360709
73.48,0.07321211436452088,-0.46303842519383676,0.08082401370654682,-0.5008267738315486
73.49,0.07335428943038418,-0.4643759123011898,0.08171210832476278,-0.5064343377044596
73.5,0.0734500181162701,-0.4654073622450994,0.08254950563803444,-0.5117726108150893
73.51,0.07349920079228092,-0.4661323228149574,0.08333567486534911,-0.5168398093757162
73.52,0.07350176848069952,-0.4665506736796132,0.08407011235085168,-0.5216342190107982
73.53,0.07345768286817439,-0.46666249231022217,0.08475234173424197,-0.5261542030369117
73.54,0.0733669362934448,-0.46646811908122865,0.0853819141137866,-0.5303981952289583
73.55,0.07322955171112216,-0.4659681222421782,0.08595840820211584,-0.5343647005526424
73.56,0.07304558263152375,-0.4651633124555279,0.08648143047500657,-0.5380522921191828
73.57000000000001,0.0728151130368644,-0.46405473203839165,0.0869506153133163,-0.5414596102410728
73.58,0.07253825727400996,-0.46264365636501475,0.08736562513822999,-0.544585360648126
73.59,0.07221515992409551,-0.46093158870326584,0.08772615053996227,-0.5474283133375275
73.60000000000001,0.0718459956493087,-0.45892025786841034,0.0880319104000459,-0.5499873013204799
73.61,0.0714309690171881,-0.4566116140129035,0.08828265200732141,-0.552261219635512
73.62,0.07097031430280534,-0.45400782491166847,0.0884781511677302,-0.5542490244429239
73.63,0.070464295269238,-0.45111127157865855,0.08861821230799713,-0.5559497322932575
73.64,0.06991320492675474,-0.4479245438164116,0.08870266857327698,-0.557362419522592
73.65,0.06931736527171638,-0.4444504179392134,0.08873138192052107,-0.5584861667530946
73.66,0.0686771271042463,-0.4406886858436916,0.08870424351817352,-0.559310084325233
73.67,0.06799287030370856,-0.436628962302297,0.08862117564543368,-0.5597906459607159
73.68,0.06726500474235846,-0.4322583789793202,0.08848213565948744,-0.5598759218494896
73.69,0.06649397119312073,-0.42757474310873866,0.08828711999904648,-0.5595471384140682
73.7,0.06568024157293363,-0.42258189690976833,0.08803616614330838,-0.5588040954348064
73.71000000000001,0.06482431867023772,-0.4172839084694193,0.08772935299144516,-0.5576468311290576
73.72,0.06392673573174547,-0.41168518195125814,0.08736680084479445,-0.556075988166639
73.73,0.06298805602042865,-0.40579037196005585,0.08694867134356397,-0.5540925635164514
73.74,0.062008872345773965,-0.3996044159476847,0.08647516735939342,-0.5516980308827737
73.75,0.06098980656724063,-0.39313250695806307,0.08594653284468155,-0.5488942755189996
73.76,0.0599315090715691,-0.38638009563075126,0.0853630526386354,-0.5456836215385414
73.77,0.058834658224781004,-0.37935287700892717,0.08472505223060692,-0.5420688116810035
73.78,0.05769995979968041,-0.3720567844291671,0.08403289748110535,-0.5380530095833993
73.79,0.056528146379727556,-0.364497979377808,0.08328699430108949,-0.5336397895611031
73.8,0.05531997674017527,-0.3566828429141989,0.08248778829015871,-0.5288331314328903
73.81,0.054076235207393686,-0.3486179658928553,0.08163576433437388,-0.5236374116622807
73.82000000000001,0.05279773099733127,-0.34031013940882215,0.08073144616449891,-0.5180573952235263
73.83,0.05148529753408902,-0.331766344790564,0.07977539587553405,-0.5120982260356862
73.84,0.05013979174960049,-0.32299374351802856,0.07876821340847912,-0.5057654170945477
73.85000000000001,0.048762093365432885,-0.3139996669154155,0.07771053599533169,-0.4990648397919203
73.86,0.047353104157742035,-0.3047916057337466,0.07660303756838739,-0.492002712734955
73.87,0.04591374720642038,-0.29537719960476094,0.07544642813496881,-0.4845855899689619
73.88,0.04444496612949993,-0.28576422641486987,0.07424145311876273,-0.47682034871406503
73.89,0.04294772430386818,-0.27596059161370334,0.07298889266899727,-0.46871417662435166
73.9,0.04142300407336871,-0.2659743174889706,0.07168956093873557,-0.4602745586305211
73.91,0.03987180594536019,-0.25581353242967175,0.0703443053336043,-0.4515092634020189
73.92,0.0382951477768057,-0.24548646020439385,0.0689540057323133,-0.4424263294779185
73.93,0.036694063950963474,-0.23500140927819518,0.06751957368035459,-0.4330340511096328
73.94,0.03506960454574821,-0.22436676219198104,0.06604195155829727,-0.42334096386180825
73.95,0.03342283449482364,-0.2135909650275889,0.06452211172611938,-0.41335583001585297
73.96000000000001,0.03175483274247625,-0.20268251698070167,0.06296105564503572,-0.403087623821057
73.97,0.03006669139331294,-0.1916499600631203,0.06135981297829649,-0.3925455166371874
73.98,0.028359514857812188,-0.18050186895483347,0.05971944067244114,-0.38173886201189067
73.99,0.026634418994734177,-0.16924684102579401,0.05804102202049913,-0.3706771807351315
74.0,0.024892530251394405,-0.15789348654556895,0.05632566570862928,-0.35937014591186806
74.01,0.023134984802770764,-0.14645041909883605,0.05457450484768904,-0.3478275680927775
74.02,0.02136292769040064,-0.13492624622284266,0.05278869599121785,-0.336059380501487
74.03,0.019577511962002303,-0.12332956028222852,0.0509694181413088,-0.32407562439517545
74.04,0.017779897812728866,-0.11166892959550997,0.049117871743829464,-0.3118864345936958
74.05,0.015971251728939,-0.09995288982574418,0.04723527767443536,-0.2995020252107094
74.06,0.014152745635340771,-0.08818993564751917,0.04532287621679919,-0.28693267561830305
74.07000000000001,0.012325556046338832,-0.07638851270039779,0.04338192603445529,-0.2741887166748061
74.08,0.010490863222386416,-0.06455700983833673,0.041413703137632076,-0.2612805172433942
74.09,0.00864985033210925,-0.05270375168281231,0.03941949984641687,-0.248218471027168
74.10000000000001,0.006803702620948152,-0.04083699148685459,0.037400623751563625,-0.23501298374427304
74.11,0.0049536065870245585,-0.028964904315147946,0.03535839667422264,-0.22167446066462346
74.12,0.00310074916490707,-0.017095580545178797,0.033294153625833,-0.20821329452768697
74.13,0.001246316917928722,-0.005237019692332638,0.03120924176938072,-0.19463985385881719
74.14,-0.0006085047603373832,0.006602875438481828,0.029105019383186624,-0.18096447169951
74.15,-0.002462532434858862,0.018416304273625735,0.026982854828344945,-0.1671974347650459
74.16,-0.0043145854076387736,0.030195573663701295,0.02484412552089266,-0.15334897304096837
74.17,-0.006163486485401646,0.04193310274934777,0.02269021690974353,-0.13942924982796134
74.18,-0.008008062735998203,0.05362142750163403,0.020522521461378448,-0.1254483522428269
74.19,-0.009847146233070855,0.06525320493939281,0.018342437652235893,-0.111416282181451
74.2,-0.01167957478856597,0.07682121702703865,0.016151368969701367,-0.09734294774790288
74.21000000000001,-0.013504192672708368,0.08831837425658083,0.013950722922547999,-0.08323815515213101
74.22,-0.015319851321081822,0.09973771891899527,0.011741910061633304,-0.06911160107713182
74.23,-0.017125410028492626,0.1110724280702044,0.009526343011610464,-0.05497286551488764
74.24,-0.018919736629326233,0.12231581619775769,0.007305435514365928,-0.040831405068966736
74.25,-0.020701708164129907,0.1334613375949814,0.005080601484847894,-0.026696546720247134
74.26,-0.022470211532192138,0.1445025884497512,0.002853254079904978,-0.012577482050954882
74.27,-0.02422414412991015,0.15543330865557498,0.0006248047807077145,0.0015167380791239456
74.28,-0.02596241447477155,0.16624738335303088,-0.0016033375107186113,0.015577208411969676
74.29,-0.027683942814794547,0.17693884420505318,-0.003829767360366681,0.02959517373823481
74.3,-0.029387661723311434,0.18750187033596452,-0.006053083676083663,0.043562032928187756
74.31,-0.03107251667901437,0.19793078847377255,-0.008271890565976927,0.05746934243287118
74.32000000000001,-0.032737466631239234,0.20822007305019447,-0.010484798181051021,0.07130881901497237
74.33,-0.03438148455053852,0.21836434422812706,-0.012690423541830746,0.08507234108066211
74.34,-0.03600355796485938,0.22835836095522422,-0.014887391348908685,0.09875194676124127
74.35000000000001,-0.03760268948261567,0.2381969913351209,-0.017074334778010958,0.11233981690514103
74.36,-0.039177897308503656,0.24787507520267882,-0.01924989626319065,0.12582818654984776
74.37,-0.040728215755825206,0.2573875402362842,-0.021412728269969303,0.13920943857792853
74.38,-0.04225269574281408,0.2667297091503507,-0.023561494049233824,0.1524763083666108
74.39,-0.04375040526141836,0.2758971082365335,-0.025694868364006643,0.16562175166497844
74.4,-0.0452204298257836,0.2848853432952674,-0.027811538193720668,0.17863887480596807
74.41,-0.04666187290747561,0.29369019215950537,-0.029910203421592504,0.19152094977964707
74.42,-0.04807385635548368,0.3023075995858835,-0.03198957750593948,0.20426140736244675
74.43,-0.049455520799408376,0.3107336781126093,-0.034048388134945075,0.216853854478526
74.44,-0.05080602603646158,0.31896468965168207,-0.036085377864468256,0.22929206390368342
74.45,-0.052124551402934684,0.3269970532825945,-0.03809930473871927,0.2415699853477346
74.46000000000001,-0.05341029613050825,0.33482733263827225,-0.040088942893786145,0.253681734804857
74.47,-0.054662479687702416,0.3424522411572314,-0.042053083143918125,0.2656216075334278
74.48,-0.05588034210683815,0.34986863015181513,-0.043990533550777,0.2773840572386918
74.49,-0.05706314429690314,0.35707349158843693,-0.04590011997596472,0.28896371106803587
74.5,-0.05821016834241957,0.36406395825581017,-0.047780686616476706,0.3003553702961163
74.51,-0.05932071778871621,0.3708372886545138,-0.049631096523712705,0.31155397914120103
74.52,-0.060394117914071406,0.37739087605910604,-0.05145023210662022,0.3225546555664111
74.53,-0.06142971598874225,0.38372224319864534,-0.053236995618312175,0.333352683282311
74.54,-0.06242688152119444,0.38982903467019536,-0.05499030962660846,0.34394349026890547
74.55,-0.06338500649206819,0.39570901542641485,-0.056709117469627514,0.35432265171983796
74.56,-0.0643035055760868,0.4013600710933447,-0.05839238369628028,0.36448590389131197
74.57000000000001,-0.06518181635206916,0.40678020351636457,-0.06003909449125391,0.37442913338207373
74.58,-0.06601939950137982,0.411967526510797,-0.061648258085033734,0.38414836770352645
74.59,-0.06681573899522972,0.41692026246511715,-0.06321890514993926,0.3936397655533194
74.60000000000001,-0.06757034227113204,0.4216367405558077,-0.06475008918255096,0.40289962621083136
74.61,-0.06828274039873625,0.42611539456173164,-0.0662408868721958,0.4119243914806017
74.62,-0.06895248823530198,0.4303547589752435,-0.06769039845558239,0.42071063364460115
74.63,-0.06957916457113016,0.434353466296462,-0.069097748058219,0.42925505297385697
74.64,-0.07016237226525161,0.43811024421334754,-0.07046208402309606,0.43755447380252493
74.65,-0.07070173837165233,0.441623912769061,-0.07178257922716046,0.4456058353152183
74.66,-0.07119691425631244,0.4448933818784042,-0.07305843138589962,0.45340619848562735
74.67,-0.07164757570530582,0.44791764895360775,-0.07428886334591181,0.4609527448812223
74.68,-0.07205342302420664,0.450695796291161,-0.07547312336566345,0.46824276765517436
74.69,-0.0724141811775143,0.4532254184081404,-0.07661048538116944,0.4752737924875615
74.7,-0.0727296004319534,0.455490110982843,-0.0777002492206654,0.48204455406137503
74.71000000000001,-0.0729994579622961,0.45746563439052723,-0.07874174073304949,0.4885544977691697
74.72,-0.07322355965288965,0.45914290518737016,-0.07973431189090852,0.49480198163778366
74.73,-0.07340174102831934,0.46052182238461026,-0.08067734095162911,0.5007847664319921
74.74,-0.07353386744946946,0.46160201463925576,-0.08157023266578506,0.5065007323313778
74.75,-0.07361983413027502,0.4623836043695968,-0.08241241848963686,0.5119478171554254
74.76,-0.07365956613272463,0.46286680223575044,-0.08320335678973305,0.5171240456853413
74.77,-0.07365301833889092,0.46305210652655976,-0.08394253303994065,0.522027511714774
74.78,-0.07360017540135508,0.46294019969575634,-0.08462946001102782,0.5266563839621196
74.79,-0.07350105167171522,0.4625319958907266,-0.08526367795304196,0.5310089002826945
74.8,-0.07335569110776341,0.4618286125882226,-0.08584475477064157,0.5350833679683497
74.81,-0.073164167159498,0.46083137977348876,-0.08637228619155993,0.5388781612429165
74.82000000000001,-0.07292658263439342,0.45954182996741283,-0.08684589592834463,0.5423917204032018
74.83,-0.07264306954225594,0.4579616974557519,-0.0872652358335098,0.5456225503819044
74.84,-0.07231378892008017,0.4560929125625818,-0.08762998604821677,0.5485692198460302
74.85000000000001,-0.07193893063731191,0.453937598059956,-0.08793985514458538,0.5512303602740377
74.86,-0.07151871318196192,0.45149806418685623,-0.08819458026172025,0.553604665290099
74.87,-0.07105338342802803,0.44877680405816023,-0.08839392723552021,0.5556908901150923
74.88,-0.0705432163847054,0.44577648859354335,-0.08853769072232355,0.5574878512030363
74.89,-0.06998851492788394,0.442499961421512,-0.08862569431642472,0.5589944260263229
74.9,-0.06938960951449544,0.43895023201076,-0.08865779066163293,0.5602095481524016
74.91,-0.06874685795550198,0.43512803410396994,-0.08863386179464643,0.5611245114057372
74.92,-0.0680606456354531,0.431023167635355,-0.08855382094330383,0.5616956589731832
74.93,-0.06733138643449053,0.42662162326388164,-0.08841761658401737,0.5618669461520672
74.94,-0.06655952369770772,0.42192095086064907,-0.08822523668688699,0.561618435554715
74.95,-0.06574553051146784,0.4169250991765412,-0.08797671081128704,0.560949991463859
74.96000000000001,-0.06488990943430642,0.4116380521824595,-0.08767211051773699,0.5598612403232732
74.97,-0.06399319208810908,0.4060641688926105,-0.08731154937408649,0.5583526609090302
74.98,-0.06305593872445951,0.40020799027260395,-0.08689518291620917,0.5564249947085754
74.99,-0.062078737766297284,0.3940743260440131,-0.08642320856172682,0.5540795394926082
75.0,-0.06106220532606653,0.3876682010468655,-0.08589586547852984,0.5513179997901665
