t_s,center_heave_m,center_heave_acc_mps2,buoy1_heave_m,buoy1_heave_acc_mps2
46.800000000000004,-0.004233017155993154,0.013206530042322626,-0.018648123350587256,0.10348103015236003
46.81,-0.003050497829560883,0.006234745946078009,-0.017440087160042066,0.09572142061794559
46.82,-0.0018674297880554931,-0.0006940602844109547,-0.016222565736063024,0.08794618508662924
46.83,-0.0006845051208683718,-0.007575965784243922,-0.014996336583725373,0.08016220091599091
46.84,0.0004975888064030324,-0.014407246337439845,-0.013762178012753408,0.07237612916266581
46.85,0.00167816972178626,-0.021184374919809117,-0.012520868473961815,0.06459440860684051
46.86,0.0028565607970844563,-0.02790401972105114,-0.01127318591795823,0.05682325084464106
46.87,0.004032090978558457,-0.03456304167866844,-0.010019907176588343,0.049068636411309756
46.88,0.005204095298384142,-0.04115849155665206,-0.008761807367499895,0.041336311894418096
46.89,0.006371915167188112,-0.047687606601993636,-0.007499659322105787,0.033631787993234755
46.9,0.007534898647995269,-0.054147806811976,-0.006234233037130446,0.02596033847782162
46.910000000000004,0.008692400711972,-0.060536690845071725,-0.004966295149836029,0.01832699999937407
46.92,0.009843783476370844,-0.06685203160749147,-0.003696608436938838,0.010736572701744933
46.93,0.010988416425125519,-0.07309177154756583,-0.0024259313371479915,0.0031936215830936122
46.94,0.012125676612569773,-0.07925401768833742,-0.001155017497183642,-0.004297521444176676
46.95,0.013254948850776854,-0.08533703642934976,0.00011538465893776025,-0.011732754847060772
46.96,0.014375625881043642,-0.09133924814611424,0.0013845323376269097,-0.019108204171107313
46.97,0.015487108530061541,-0.09725922161617233,0.002651688760788802,-0.026420218196321506
46.980000000000004,0.016588805851331732,-0.10309566829845104,0.003916123528622724,-0.03366536460039112
46.99,0.017680135252399996,-0.10884743649215957,0.005177112960592248,-0.040840425178634045
47.0,0.01876052260849317,-0.11451350539988964,0.006433940415046938,-0.047942390668776744
47.01,0.019829402363155627,-0.12009297911839191,0.007685896588015931,-0.054968455227131736
47.02,0.02088621761648385,-0.1255850805793548,0.008932279791728243,-0.061916010600987
47.03,0.02193042020156748,-0.13098914546091958,0.010172396213444686,-0.0687826400402059
47.04,0.022961470749741565,-0.13630461608958927,0.011405560155211842,-0.0755661119889851
47.050000000000004,0.02397883874526776,-0.14153103535072065,0.012631094255169594,-0.08226437359668823
47.06,0.024982002570042773,-0.14666804062444344,0.01384832969106294,-0.08887554408445784
47.07,0.02597044953894686,-0.1517153577626264,0.015056606366620887,-0.09539790800218531
47.08,0.02694367592643205,-0.15667279512117321,0.016255273081477818,-0.10182990840809715
47.09,0.02790118698494435,-0.16154023766058584,0.017443687685318503,-0.10817014000108183
47.1,0.02884249695577103,-0.16631764112669623,0.018621217216933866,-0.11441734223357222
47.11,0.029767129072890346,-0.17100502632206763,0.019787238028875272,-0.12057039243067272
47.12,0.030674615560400333,-0.1756024734775648,0.020941135898394466,-0.12662829893902575
47.13,0.0315644976240816,-0.1801101167325284,0.022082306125353827,-0.1325901943268057
47.14,0.032436325437648836,-0.18452813873076496,0.023210153617785396,-0.13845532865422064
47.15,0.033289658124231215,-0.1888567653389021,0.02432409296577004,-0.14422306283189065
47.160000000000004,0.03412406373359904,-0.19309626049245127,0.025423548504300612,-0.14989286208258096
47.17,0.03493911921566373,-0.19724692117421228,0.026507954365779813,-0.15546428951999705
47.18,0.03573441039073832,-0.20130907252895794,0.027576754522794702,-0.16093699985653684
47.19,0.036509531917054666,-0.2052830631173928,0.02862940282179433,-0.16631073325035312
47.2,0.03726408725600254,-0.20916926031183858,0.029665363008284783,-0.17158530930046534
47.21,0.03799768863555568,-0.21296804583560747,0.030684108744139574,-0.17676062119722855
47.22,0.03870995701232327,-0.21667981144716253,0.03168512361760921,-0.1818366300341376
47.230000000000004,0.039400522032659646,-0.22030495477001596,0.03266790114659621,-0.1868133592856352
47.24,0.040069021993243796,-0.22384387526855404,0.03363194477574664,-0.19169088945446078
47.25,0.04071510380153357,-0.22729697036981347,0.034576767867890726,-0.19646935289099085
47.26,0.04133842293647637,-0.23066463173064478,0.03550189369034935,-0.20114892878601562
47.27,0.04193864340984724,-0.23394724164955266,0.0364068553966051,-0.2057298383375294
47.28,0.04251543772857362,-0.2371451696221223,0.03729119600381925,-0.21021234009126363
47.29,0.043068486858388856,-0.24025876903870053,0.038154468366658714,-0.21459672545397362
47.300000000000004,0.043597480189135576,-0.2432883740242457,0.03899623514788067,-0.21888331437660438
47.31,0.04410211550204629,-0.2462342964212091,0.03981606878610364,-0.2230724511959174
47.32,0.04458209893928399,-0.24909682292127844,0.04061355146118017,-0.22716450065502167
47.33,0.04503714497603272,-0.25187621260214194,0.0413882750575729,-0.2311598438818638
47.34,0.04546697639539518,-0.2545726941299167,0.042139841126125156,-0.2350588747104159
47.35,0.0458713242663739,-0.25718646283973046,0.04286786084457818,-0.23886199674279474
47.36,0.046249927925154005,-0.2597176801826552,0.043571954977177446,-0.2425696193054367
47.37,0.04660253495985827,-0.2621664707946534,0.044251753833724324,-0.2461821542618431
47.38,0.04692890119890798,-0.264532923335127,0.04490689722841251,-0.24970001270562323
47.39,0.0472287907028929,-0.2668170939303071,0.04553703443879263,-0.2531236011759418
47.4,0.047501975759246466,-0.26901902314647247,0.046141824165271086,-0.25645331665750565
47.410000000000004,0.04774823687616519,-0.2711388217972448,0.04672093449182006,-0.2596895350770789
47.42,0.04796736277067484,-0.27317668828332364,0.04727404284881464,-0.26283260318713314
47.43,0.04815915035887584,-0.27513256608410913,0.04780083597782491,-0.26588286441609343
47.44,0.048323404761723275,-0.27700624794162965,0.04830100989671412,-0.268840676187364
47.45,0.04845994010275097,-0.27877227200285093,0.04877426980123565,-0.27170843312364323
47.46,0.04856858283220413,-0.28036382478691035,0.04922032976693838,-0.274491731422212
47.47,0.04864917607028691,-0.2817633992966988,0.04963891237396215,-0.27719223940597604
47.480000000000004,0.0487015816403632,-0.2829759087100134,0.05002974851824865,-0.2798098212629069
47.49,0.04872568029752007,-0.28399730788498834,0.05039257736967405,-0.2823449814076419
47.5,0.04872137180673505,-0.28482840868025044,0.050727146346571876,-0.2847978235340929
47.51,0.04868857502141074,-0.28546797279292013,0.051033211094156275,-0.28716855641750233
47.52,0.04862722792366244,-0.2859161726738094,0.051310535469928906,-0.28945725092220115
47.53,0.04853728764513262,-0.28617286600795555,0.05155889153416496,-0.2916639668205886
47.54,0.0484187304588093,-0.2862384503832993,0.05177805954670908,-0.29378866548299165
47.550000000000004,0.048271551746698414,-0.28611344272966893,0.051967827969710056,-0.29583128045302726
47.56,0.04809576594086352,-0.28579868583477264,0.052127993475729925,-0.29779167869601725
47.57,0.04789140643947882,-0.2852952337588758,0.05225836096183094,-0.29966965786577354
47.58,0.04765852549783567,-0.2846044047887925,0.05235874357027247,-0.30146495501320264
47.59,0.04739719409489799,-0.2837277508864629,0.052428962715101314,-0.3031772575921868
47.6,0.04710750177569932,-0.28266706298188854,0.05246884811417273,-0.3048061953022801
47.61,0.04678955648756022,-0.28142379958599506,0.05247823788130439,-0.3063495737250894
47.62,0.04644348470622575,-0.2799904041529102,0.05245697961258558,-0.3077759433563914
47.63,0.04606943237629336,-0.27834757371448754,0.05240493411887549,-0.3090160935641997
47.64,0.04566756655495941,-0.2764777811297212,0.05232198144541925,-0.3100058519189843
47.65,0.04523807681372363,-0.2743760160166386,0.052208026189047865,-0.3107199103184436
47.660000000000004,0.044781175761345285,-0.2720445743689688,0.05206300010492957,-0.31115537210656524
47.67,0.04429709893922093,-0.26948638439218076,0.05188686279495764,-0.3113107642884913
47.68,0.04378610453351736,-0.2667046232544218,0.05167960187529818,-0.3111848680195088
47.69,0.043248473051440146,-0.26370282653778676,0.05144123308358018,-0.31077710233731437
47.7,0.04268450696600693,-0.26048481653944455,0.05117180033564844,-0.3100873372793654
47.71,0.04209453033016518,-0.25705471984211137,0.05087137573058278,-0.309115989324536
47.72,0.041478888361673835,-0.25341693903608065,0.050540059504468465,-0.3078639725741126
47.730000000000004,0.04083794699999552,-0.24957614633977115,0.05017797993279726,-0.3063327197122391
47.74,0.040172092436628476,-0.24553726563577133,0.04978529318186577,-0.3045241678137068
47.75,0.03948173062032246,-0.24130545839457546,0.04936218310972861,-0.3024407496095165
47.76,0.0387672867387461,-0.23688610700843793,0.04890886101778348,-0.30008538162854176
47.77,0.038029204678177504,-0.23228479957089077,0.04842556535395213,-0.2974614575289054
47.78,0.037267946462818766,-0.2275073130871306,0.04791256136847868,-0.29457283325302586
47.79,0.03648399167537079,-0.22255959699146677,0.04737014072364116,-0.2914238130854054
47.800000000000004,0.035677836860536966,-0.2174477561974419,0.046798621058885964,-0.2880191325348768
47.81,0.034849994913143625,-0.21217803417835251,0.04619834551306169,-0.2843639403379972
47.82,0.034000994452571126,-0.2067567959916889,0.04556968220557859,-0.280463779018382
47.83,0.03313137918518692,-0.20119051138373445,0.04491302367844834,-0.276324564210595
47.84,0.03224170725647661,-0.1954857380034607,0.04422878630128458,-0.2719525627242231
47.85,0.03133255059453738,-0.18964910482466668,0.04351740964146394,-0.26735436965799153
47.86,0.03040449424660061,-0.18368729582871296,0.042779355801743024,-0.26253688462150104
47.870000000000005,0.029458135710200388,-0.177607034017178,0.04201510872771449,-0.2575072872532825
47.88,0.028494084260587194,-0.17141506581081112,0.04122517348755351,-0.25227301216105236
47.89,0.027512960275944482,-0.1651181458904572,0.04041007552656172,-0.24684172344261623
47.9,0.026515394561909926,-0.15872302253036608,0.0395703598990576,-0.2412212889284394
47.910000000000004,0.025502027676872437,-0.1522364234694868,0.03870659048018593,-0.2354197542929056
47.92,0.02447350925944266,-0.14566504236214853,0.03781934916023376,-0.22944531717355585
47.93,0.023430497359450995,-0.13901552584424223,0.036909235024034835,-0.2233063014352364
47.94,0.02237365777375806,-0.13229446124644317,0.03597686351803131,-0.21701113170938158
47.95,0.021303663388097985,-0.12550836498097961,0.03502286560753113,-0.2105683083327842
47.96,0.02022119352611102,-0.11866367162366766,0.03404788692665899,-0.2039863828026583
47.97,0.019126933306649867,-0.11176672370815816,0.033052586923445836,-0.19727393385698566
47.980000000000004,0.01802157301037029,-0.10482376224470646,0.032037638002439084,-0.19043954428054402
47.99,0.016905807456551764,-0.0978409179711685,0.031003724667140995,-0.18349177852809156
48.0,0.015780335391011584,-0.0908242033397641,0.02995154266450173,-0.176439161246783
48.01,0.014645858885910107,-0.08377950523876185,0.028881798133601887,-0.16929015677040685
48.02,0.013503082752166051,-0.0767125784445891,0.027795206760562297,-0.1620531496482636
48.03,0.012352713965130959,-0.06962903979588994,0.026692492941614767,-0.15473642626186845
48.04,0.011195461104098922,-0.06253436307796265,0.025574388956158423,-0.14734815757297284
48.050000000000004,0.010032033806156767,-0.05543387460246104,0.024441634151512955,-0.1398963830369837
48.06,0.008863142234810327,-0.04833274946471321,0.023294974140963612,-0.13238899570660834
48.07,0.007689496563757566,-0.0412360084580946,0.022135160016573372,-0.12483372854172585
48.08,0.0065118064761071496,-0.034148515622870856,0.02096294757811794,-0.11723814193293146
48.09,0.005330780679288553,-0.02707497640445114,0.019779096579377056,-0.109609612438265
48.1,0.004147126435828185,-0.020019936394839448,0.0185843699928953,-0.10195532272497998
48.11,0.002961549110113685,-0.012987780628860314,0.017379533294205336,-0.09428225270134932
48.120000000000005,0.0017747517312171896,-0.005982733406208286,0.016165353766387076,-0.08659717181695392
48.13,0.0005874345717832675,0.0009911413910755722,0.014942599825721188,-0.07890663250414189
48.14,-0.000599705257045109,0.007929939516482397,0.013712040369080561,-0.07121696472806514
48.15,-0.001785974194749996,0.014829915143728611,0.012474444143593548,-0.06353427160808417
48.160000000000004,-0.002970682604732566,0.021687479249648575,0.011230579139006125,-0.05586442606925898
48.17,-0.0041531451319449745,0.028499197626995088,0.009981212003067858,-0.04821306847925465
48.18,-0.005332681045055424,0.03526178855836512,0.00872710748016786,-0.04058560522306463
48.19,-0.0065086145633882556,0.04197212018218786,0.007469027873355123,-0.03298720816568676
48.2,-0.0076802751688999455,0.04862720758117209,0.006207732529788067,-0.025422814951090174
48.21,-0.008846997903481585,0.05522420962273144,0.0049439773495757585,-0.01789713008454702
48.22,-0.01000812365191075,0.06176042558016348,0.003678514317895685,-0.010414626744600914
48.230000000000004,-0.011162999410787544,0.06823329156233116,0.0024120910602004764,-0.00297954927061898
48.24,-0.012310978543811397,0.07464037677841814,0.0011454504202585078,0.004404083728108294
48.25,-0.013451421023777346,0.08097937966321529,-0.00012066993928729171,0.011732475695285887
48.26,-0.014583693661675466,0.08724812388717139,-0.0013855379142149074,0.01900204793536116
48.27,-0.01570717032329353,0.09344455427394566,-0.0026484273142967237,0.026209434957836734
48.28,-0.016821232133732905,0.09956673264712027,-0.003908618197619592,0.033351479408546186
48.29,-0.01792526767025053,0.10561283362607649,-0.005165397184161752,0.040425226636697634
48.300000000000004,-0.019018673143847892,0.11158114038990315,-0.006418057749172713,0.04742791894474279
48.31,-0.020100852570030785,0.11747004042656176,-0.00766590049693253,0.054356989566178654
48.32,-0.021171217929164383,0.1232780212834877,-0.008908233415494952,0.06121005641428755
48.33,-0.022229189316846164,0.1290036663340938,-0.010144372113040765,0.06798491564269304
48.34,-0.02327419508472295,0.1346456505736043,-0.011373640036485576,0.07467953505629062
48.35,-0.0243056719721678,0.14020273645630874,-0.01259536867300222,0.08129204740881804
48.36,-0.025323065229234266,0.14567376978494845,-0.013808897735127808,0.08782074362099515
48.370000000000005,-0.026325828731299766,0.15105767566196238,-0.015013575330133115,0.09426406595078002
48.38,-0.027313425085798655,0.15635345451104815,-0.01620875811433769,0.10062060114493311
48.39,-0.028285325731444197,0.16156017817644153,-0.01739381143305409,0.10688907359880687
48.4,-0.029241011030329948,0.16667698610635012,-0.018568109446844592,0.11306833854891106
48.410000000000004,-0.030179970353287452,0.17170308162587256,-0.01973103524477029,0.11915737532066087
48.42,-0.03110170215887519,0.1766377283039679,-0.020881980945306126,0.12515528065148293
48.43,-0.032005714066362045,0.18148024641798205,-0.022020347785588108,0.13106126210741542
48.44,-0.03289152292305367,0.18623000951870594,-0.023145546199649758,0.13687463160927765
48.45,-0.03375865486631055,0.19088644109771558,-0.024256995886293018,0.14259479908263412
48.46,-0.03460664538058408,0.19544901135866075,-0.025354125867227233,0.1482212662438708
48.47,-0.035435039349796936,0.1999172340927497,-0.026436374536095427,0.1537536205330652
48.480000000000004,-0.03624339110538001,0.20429066365877832,-0.02750318969899235,0.15919152920261995
48.49,-0.0370312644702635,0.20856889206695037,-0.028554028607064002,0.16453473356914203
48.5,-0.03779823279911535,0.21275154616538,-0.029588357981761057,0.16978304343465245
48.51,-0.03854387901510917,0.21683828492787605,-0.030605654033301732,0.17493633168179662
48.52,-0.039267795643491,0.22082879684072765,-0.0316054024728828,0.17999452904660015
48.53,-0.0399695848422058,0.22472279738625558,-0.03258709851915909,0.1849576190710935
48.54,-0.04064885842983376,0.22852002662032145,-0.03355024689949455,0.18982563323715154
48.550000000000004,-0.041305237911081615,0.2322202468405576,-0.03449436184646863,0.1945986462819192
48.56,-0.041938354500059095,0.2358232403422374,-0.035418967090105134,0.19927677169430494
48.57,-0.04254784914156602,0.23932880725790828,-0.036323595846271164,0.20386015739131308
48.58,-0.043133372530604897,0.24273676347725445,-0.0372077908016771,0.20834898157220513
48.59,-0.043694585130329124,0.24604693864317906,-0.03807110409588967,0.21274344874790033
48.6,-0.04423115718862403,0.24925917422010746,-0.038913097300753756,0.2170437859424519
48.61,-0.04474276875351663,0.25237332163046083,-0.03973334139760042,0.2212502390629592
48.620000000000005,-0.04522910968760001,0.2553892404552126,-0.040531416752602675,0.22536306943382522
48.63,-0.04568987968165055,0.2583067966943105,-0.04130691309062365,0.2293825504910352
48.64,-0.04612478826761653,0.2611258610778391,-0.04205942946788595,0.2333089646296478
48.65,-0.046533554831142715,0.2638463073752412,-0.04278857424377665,0.23714260018474917
48.660000000000004,-0.04691590862382576,0.26646801007948334,-0.043493965052094824,0.24088374832229498
48.67,-0.04727158877538092,0.268990843276609,-0.04417522877203529,0.2445327004251493
48.68,-0.04760034430592112,0.271414677442131,-0.04483200149918011,0.24808974547969687
48.69,-0.04790193413865571,0.2737393753889321,-0.045463928516759566,0.2515551674365741
48.7,-0.04817612711364592,0.2759647802565136,-0.046070664267441476,0.2549292427080664
48.71,-0.04842270200466559,0.2780906708587446,-0.046651872325865894,0.25821223884852357
48.72,-0.04864144754680956,0.28011659316729975,-0.04720722537182803,0.2614044214294243
48.730000000000004,-0.0488321624761062,0.2820421173394567,-0.04773640516367389,0.2645060580784214
48.74,-0.048994655564865146,0.28386706113531934,-0.04823910251213051,0.2675174004542
48.75,-0.04912874616862571,0.2855742542810245,-0.04871501721465454,0.2704400036778835
48.76,-0.04923426715015197,0.28709653274896785,-0.04916385780879349,0.27327921151934875
48.77,-0.04931106923661218,0.2884111596363069,-0.04958534122235107,0.27603681536519753
48.78,-0.049359023310938575,0.28952324288212467,-0.04997919259132039,0.2787124301270962
48.79,-0.04937802072909447,0.2904288660082521,-0.05034514523347176,0.28130638335722064
48.800000000000004,-0.049367973379615626,0.29112908126465653,-0.050682940642157545,0.2838186002432276
48.81,-0.04932881373861787,0.291622913826048,-0.05099232848105477,0.28624916322430677
48.82,-0.049260494881522156,0.2919108548304116,-0.05127306658320706,0.2885980212858738
48.83,-0.049162990471126565,0.29199311397413263,-0.051524920953106915,0.2908651377170503
48.84,-0.04903629471261992,0.2918704845704657,-0.05174766577320464,0.2930503948279666
48.85,-0.04888042228069669,0.2915439106753144,-0.051941083414714546,0.29515365601232474
48.86,-0.04869540821651576,0.2910146991536082,-0.052104964452527304,0.2971747336286117
48.870000000000005,-0.04848130779634835,0.29028439786147975,-0.052239107685058093,0.2991133737558487
48.88,-0.04823819637188589,0.2893548555305765,-0.05234332015929483,0.30096929259992244
48.89,-0.047966169182871485,0.28822818267640427,-0.05241741720005675,0.3027421600300825
48.9,-0.04766534114274065,0.28690675351076683,-0.052461222444240826,0.3044315774541018
48.910000000000004,-0.04733584660596918,0.2853929461056043,-0.05247456790498169,0.3060363161314606
48.92,-0.04697783935259278,0.2836819279693731,-0.05245729480415591,0.30753162485880453
48.93,-0.04659149332073612,0.2817561655320246,-0.05240925684398877,0.30885189258226203
48.94,-0.04617700411645308,0.2795978770759472,-0.05233032601162264,0.3099298701076172
48.95,-0.045734590411910976,0.27720142564693906,-0.05222039811059681,0.3107359272112309
48.96,-0.04526449449475651,0.27456940507066485,-0.05207939568375313,0.3112658093057261
48.97,-0.044766982138872126,0.27170545484195624,-0.0519072688568081,0.3115179550996487
48.980000000000004,-0.04424234225691985,0.26861334425698946,-0.05170399555292662,0.3114906331996154
48.99,-0.04369088651250495,0.2652972746789125,-0.05146958163698529,0.3111829386377491
49.0,-0.043112948900360784,0.2617617100438604,-0.051204061012008945,0.31059430252221293
49.01,-0.04250888529494283,0.25801144195648573,-0.0509074956645806,0.30972474248658205
49.02,-0.041879072969219416,0.254051536197503,-0.050579975660376836,0.30857473847966227
49.03,-0.041223910084873125,0.24988733728628026,-0.050221619089238195,0.30714529034164845
49.04,-0.04054381515552233,0.2455244433132154,-0.049832571960152755,0.30543789292981866
49.050000000000004,-0.039839226484461185,0.2409686946973768,-0.049413008045972616,0.3034545449204782
49.06,-0.03911060157856382,0.23622615484728504,-0.04896312867849326,0.30119773026144453
49.07,-0.03835841654002145,0.2313030943074682,-0.04848316249475465,0.29867041438209746
49.08,-0.037583165437638975,0.22620597258011924,-0.047973365135529154,0.295876030852846
49.09,-0.036785359659439604,0.22094142062708552,-0.04743401889706693,0.29281847049247395
49.1,-0.03596552724836237,0.2155162226866073,-0.04686543233736218,0.2895020663898149
49.11,-0.03512421222285628,0.2099372981891935,-0.046267939838376355,0.2859315783161215
49.120000000000005,-0.03426197388418149,0.20421168349747476,-0.04564190112582231,0.2821121753024849
49.13,-0.03337938611224194,0.19834651371979908,-0.044987700748252514,0.2780494169958045
49.14,-0.03247703665176367,0.1923490045861312,-0.044305747517334494,0.2737492336537831
49.15,-0.0315555263906291,0.18622643449914605,-0.04359647391132065,0.2692179050334448
49.160000000000004,-0.030615468632154492,0.179986126809227,-0.042860335443834593,0.2644620382395282
49.17,-0.029657488363082782,0.17363543238916973,-0.042097810000194975,0.2594885447007962
49.18,-0.028682221519022846,0.16718171256689732,-0.04130939714358564,0.2543046163968217
49.19,-0.02769031424903787,0.16063232247773993,-0.04049561739345314,0.24891770148420828
49.2,-0.026682422181042793,0.15399459489102088,-0.03965701147857099,0.24333547945964387
49.21,-0.025659209689614788,0.14727582456315882,-0.038794139567255755,0.2375658360028375
49.22,-0.024621349167777407,0.14048325316465743,-0.03790758047724981,0.23161683763757301
49.230000000000004,-0.023569520304257286,0.1336240548244033,-0.03699793086780197,0.22549670634783983
49.24,-0.022504409367647867,0.12670532232998177,-0.03606580441648141,0.21921379428132384
49.25,-0.02142670849884978,0.11973405401843903,-0.03511183098324969,0.212776558668081
49.26,-0.020337115013094466,0.11271714138701308,-0.03413665576429204,0.20619353707624186
49.27,-0.01923633071277326,0.10566135744905109,-0.03314093843807611,0.1994733231201377
49.28,-0.018125061212233177,0.09857334585546054,-0.03212535230605796,0.19262454272897728
49.29,-0.01700401527560926,0.09145961079756063,-0.03109058343040027,0.18565583107635264
49.300000000000004,-0.01587390416870391,0.08432650770283617,-0.03003732977099817,0.17857581026254932
49.31,-0.014735441025821083,0.07718023473038232,-0.028966300324035212,0.17139306783294161
49.32,-0.013589340232405529,0.07002682506903561,-0.02787821426420454,0.1641161362067856
49.33,-0.012436316824242842,0.06287214003663422,-0.026773800092641412,0.15675347308160303
49.34,-0.011277085903900272,0.05572186297542571,-0.025653794792513375,0.14931344286911907
49.35,-0.01011236207501205,0.04858149393452248,-0.024518942994111958,0.14180429920958135
49.36,-0.008942858894926934,0.04145634512729459,-0.02336999615118138,0.1342341686021784
49.370000000000005,-0.007769288346169803,0.034351537148034864,-0.02220771173010753,0.12661103518044148
49.38,-0.006592360327076377,0.027271995929610923,-0.02103285241347732,0.11894272665285952
49.39,-0.005412782161909239,0.020222450420883487,-0.019846185319399866,0.1112369014207328
49.4,-0.004231258130667432,0.013207430960553882,-0.018648481237865652,0.10350103687731772
49.410000000000004,-0.003048489018753063,0.006231268321808968,-0.017440513885300088,0.09574241888495014
49.42,-0.0018651716865764026,-0.0007019065996243211,-0.016223059178351505,0.08796813241982067
49.43,-0.0006819986591281103,-0.007588162482942903,-0.014996894527836504,0.08018505336764628
49.44,0.0005003422645223973,-0.014423766695417676,-0.013762798153651133,0.07239984144755118
49.45,0.0016811683818928262,-0.02120518385264784,-0.012521548421343816,0.06461893423614133
49.46,0.0028598024380759265,-0.027929073857751757,-0.011273923200937052,0.05684854225892303
49.47,0.004035572957240902,-0.034592289452193246,-0.010020699248477124,0.04909464511202483
49.480000000000004,0.005207814554907647,-0.04119187331123094,-0.008762651610690557,0.04136298857351158
49.49,0.006375868231285588,-0.047725054716668575,-0.007500553053026139,0.033659082660427546
49.5,0.007539081646012259,-0.05418924584039292,-0.006235173511267865,0.025988200585240546
49.51,0.008696809374671,-0.06058203767077741,-0.004967279566814738,0.018355378563166845
49.52,0.009848413147496127,-0.06690119561471987,-0.0036976339456391513,0.01076541642044293
49.53,0.010993262070712696,-0.07314465480667091,-0.0024269950408556114,0.00322287895243822
49.54,0.012130732830975327,-0.07931051515584558,-0.0011561164587570736,-0.00426790202009228
49.550000000000004,0.013260209883413423,-0.08539703616164963,0.00011425341189211348,-0.011702824948565964
49.56,0.014381085623795871,-0.09140263152671554,0.001383371807583124,-0.019078015259708835
49.57,0.01549276054536013,-0.0973258635955617,0.002650501975143406,-0.026389821515598506
49.58,0.016594643380861616,-0.10316543764628383,0.003914913534560248,-0.033634811081053775
49.59,0.017686151230415864,-0.1089201960609068,0.005175882819983804,-0.04080976534782917
49.6,0.018766709675718946,-0.11458911239951658,0.006432693199390702,-0.04791167456362566
49.61,0.01983575288123453,-0.12017128540125999,0.007684635373428509,-0.05493773231252058
49.620000000000005,0.02089272368295732,-0.1256659329347961,0.008931007653994648,-0.06188532969157102
49.63,0.021937073665346012,-0.13107238591869128,0.010171116223135204,-0.06875204922659287
49.64,0.02296826322704302,-0.13639008223169255,0.011404275372872696,-0.07553565856803073
49.65,0.02398576163598773,-0.14161856063065745,0.012629807726594666,-0.08223410400584236
49.660000000000004,0.02498904707452582,-0.1467574546934933,0.013847044442652917,-0.08884550384006606
49.67,0.025977606675128113,-0.15180648680223768,0.015055325400836012,-0.09536814164165572
49.68,0.02695093654731189,-0.15676546218091364,0.01625399937238999,-0.10180045943583012
49.69,0.027908541796365306,-0.16163426300094166,0.017442424174268247,-0.10814105083805375
49.7,0.028849936534461322,-0.16641284256605904,0.018619966808296872,-0.11438865417045742
49.71,0.029774643884738706,-0.17110121958722302,0.019786003585943585,-0.12054214558439508
49.72,0.030682195978928895,-0.17569947255713889,0.02093992023937616,-0.12660053221260797
49.730000000000004,0.031572133949078894,-0.180207734232604,0.022081112019495593,-0.13256294537242042
49.74,0.032444007913930734,-0.18462618623220495,0.023208983781621315,-0.13842863383930767
49.75,0.03329737696048831,-0.18895505375563315,0.024322950059500453,-0.14419695720823947
49.76,0.03413180912130243,-0.19319460043019349,0.02542243512830336,-0.149867379358275
49.77,0.034946881347986715,-0.19734512328901593,0.026506873057257345,-0.15543946203409614
49.78,0.035742179481460634,-0.20140694788494012,0.02757570775255923,-0.16091285855642407
49.79,0.03651729821941534,-0.20538042354311153,0.02862839299119316,-0.1662873076716406
49.800000000000004,0.03727184108146302,-0.20926591875470776,0.02966439244626802,-0.17156262754937662
49.81,0.03800542037243876,-0.21306381671376678,0.03068317970447186,-0.17673870993538385
49.82,0.03871765714429349,-0.21677451099821785,0.03168423827622691,-0.18181551446566854
49.83,0.03940818115700953,-0.2203984013960622,0.032667061599111445,-0.18679306314657187
49.84,0.04007663083895213,-0.22393588987690927,0.03363115303509904,-0.19167143500432993
49.85,0.04072265324706263,-0.2273873767089059,0.034576025862147634,-0.19645076090657673
49.86,0.04134590402727147,-0.2307532567203973,0.03550120326065548,-0.20113121855725444
49.870000000000005,0.04194604737551099,-0.23403391570589294,0.036406218295281415,-0.20571302766548463
49.88,0.0425227559996773,-0.23722972697484387,0.03729061389261178,-0.21019644528817352
49.89,0.04307571108289295,-0.24034104804311276,0.03815394281513696,-0.21458176134484944
49.9,0.0436046022483884,-0.24336821746848153,0.038995767631985534,-0.21886929429509738
49.910000000000004,0.044109127526325904,-0.24631155182156467,0.03981566068684536,-0.22305938699110783
49.92,0.04458899332285878,-0.24917134292558793,0.04061320406348669,-0.22715240264262165
49.93,0.045043914391696034,-0.25194785533719743,0.041387989549296476,-0.23114872068525324
49.94,0.04547361380845967,-0.25464132303877457,0.042139618597202735,-0.23504873368278842
49.95,0.0458778229481046,-0.2572519473467816,0.042867702286330245,-0.23885284388211375
49.96,0.046256281465589154,-0.25977989631729326,0.04357186128175177,-0.24256145892771597
49.97,0.04660873727999054,-0.26222530083882456,0.04425172579368971,-0.2461749893888795
49.980000000000004,0.04693494656221027,-0.26458825627392735,0.0449069355364938,-0.24969384496442518
49.99,0.04723467372620047,-0.2668688248538035,0.04553713968773965,-0.25311843091463093
50.0,0.04750769142318429,-0.2690670475506239,0.04614199684783608,-0.25644914367845106
50.01,0.047753780536503844,-0.27118300042574717,0.04672117500070525,-0.2596863618584579
50.02,0.047972730171464244,-0.27321687937594796,0.04727435147646782,-0.2628304332332518
50.03,0.04816433764468005,-0.2751686828353793,0.047801212916277924,-0.2658816965428932
50.04,0.04832840848691797,-0.2770382121675796,0.04830145523810672,-0.2688404938697759
50.050000000000004,0.04846475723758902,-0.27880006100234844,0.04877478353994295,-0.2717091954576138
50.06,0.048573210767096,-0.2803873793383346,0.04922091180291352,-0.27449340695305063
50.07,0.048653612620926226,-0.2817826554364594,0.049639562515744154,-0.2771948080440073
50.08,0.048705825052909275,-0.28299083148318915,0.0500304664852909,-0.27981326070631046
50.09,0.04872972925235891,-0.28400786498492386,0.05039336279434571,-0.28234927621871053
50.1,0.04872522542109521,-0.2848345820143129,0.05072799877586576,-0.2848029582241509
50.11,0.04869223285100434,-0.28546975141116726,0.05103412999121972,-0.2871745169217652
50.120000000000005,0.0486306899633649,-0.2859135561815058,0.05131152021551663,-0.28946402346545225
50.13,0.04854055432874646,-0.2861658623484771,0.051559941428050905,-0.291671537565341
50.14,0.048421802657904245,-0.28622707722277396,0.051779173809062023,-0.29379702169021743
50.15,0.04827443076853525,-0.2860977266392051,0.05196900574240002,-0.2958404098972886
50.160000000000004,0.04809845352541822,-0.2857786621388204,0.052129233823612356,-0.29780156833427174
50.17,0.04789390475559366,-0.285270946377017,0.052259662874078,-0.29968029410728564
50.18,0.04766083713850255,-0.2845759065535559,0.052360105961725016,-0.3014763249772322
50.19,0.04739932207164849,-0.2836951038618847,0.05243038442750729,-0.3031893512855465
50.2,0.04710944951212076,-0.282630337221378,0.052470327917336454,-0.304819000526773
50.21,0.04679132780982471,-0.28138314335906167,0.05247977446747104,-0.3063632991246619
50.22,0.04644508382273627,-0.27994618820383355,0.05245857155905011,-0.3077914751534916
50.230000000000004,0.04607086385292696,-0.27829990555639983,0.05240657983922868,-0.3090334606586665
50.24,0.045668835307377934,-0.27642649425849897,0.05232367919717735,-0.31002419442157225
50.25,0.045239188111802525,-0.27432115830627035,0.05220977412196053,-0.31073902109670243
50.26,0.044782135226027565,-0.2719862717761141,0.05206479628778372,-0.31117526513339255
50.27,0.04429791253174865,-0.26942474786824055,0.05188870522073352,-0.3113313833753798
50.28,0.04378677854335214,-0.26663978054403115,0.051681488464450843,-0.311206188427982
50.29,0.04324901408364217,-0.2636349059208671,0.05144316168774721,-0.3107990800662789
50.300000000000004,0.04268492192800547,-0.2604139545943329,0.051173768741495027,-0.3101099345487904
50.31,0.04209482641799346,-0.25698105718409614,0.05087338166391567,-0.3091391619758799
50.32,0.04147907304566942,-0.2533406220592278,0.05054210063453772,-0.307887676561538
50.33,0.04083802800999514,-0.2494973262894647,0.050180053876719095,-0.30635691092860673
50.34,0.04017207774667296,-0.24545609837145133,0.049787397509130436,-0.30454879940068025
50.35,0.039481628432925,-0.24122210372386854,0.04936431534696444,-0.3024657708127677
50.36,0.03876710546875934,-0.23680072879535946,0.04891101865379911,-0.3001107406375596
50.370000000000005,0.03802895293628001,-0.23219756530449887,0.048427745844954524,-0.2974871009718171
50.38,0.037267633038648065,-0.22741839364272645,0.047914762143418416,-0.2945987067757986
50.39,0.03648362552033163,-0.22246916628338664,0.04737235918966736,-0.29144986131575157
50.4,0.035677427070319456,-0.2173559908570038,0.046800854606897764,-0.28804529919098204
50.410000000000004,0.03484955070998408,-0.21208511322519547,0.04620059152334431,-0.28439016845937287
50.42,0.03400052516728512,-0.20666290051046787,0.04557193805350317,-0.28049001121757794
50.43,0.03313089423901247,-0.201095824183325,0.044915286740213,-0.2763507428315091
50.44,0.03224121614275597,-0.19539044327854105,0.04423105395967827,-0.27197863004996153
50.45,0.031332062860277926,-0.18955338781065992,0.043519679291633015,-0.2673802680954332
50.46,0.030404019473940884,-0.18359134245496683,0.04278162485694247,-0.26256255689755054
50.47,0.029457683497824714,-0.17751103055716258,0.04201737462502352,-0.25753267660374923
50.480000000000004,0.02849366420511783,-0.17131919853046462,0.04122743369353714,-0.25229806252026393
50.49,0.027512581953348006,-0.16502260069534383,0.040412327542859526,-0.24686637962819896
50.5,0.026515067508955548,-0.15862798461204086,0.03957260126788065,-0.24124549682269894
50.51,0.025501761372672536,-0.15214207695209556,0.03870881878970482,-0.23544346101869673
50.52,0.024473313107115573,-0.14557156994973167,0.03782156204983922,-0.22946847126443617
50.53,0.023430380667938754,-0.1389231084697014,0.03691143018945479,-0.22332885299877106
50.54,0.02237362973983366,-0.1322032777228223,0.035979038716287805,-0.21703303258304282
50.550000000000004,0.02130373307859881,-0.12541859165600844,0.035025018661721724,-0.21058951223167366
50.56,0.020221369860430067,-0.11857548203826201,0.03405001573054808,-0.20400684545848247
50.57,0.019127225039520655,-0.1116802882598414,0.03305468944585207,-0.19729361314772279
50.58,0.018021988714978752,-0.10473924785673203,0.03203971229140599,-0.19045840035033162
50.59,0.016906355508005764,-0.09775848776818821,0.031005768853879262,-0.18350977389692966
50.6,0.01578102395020338,-0.09074401633085308,0.02995355496709192,-0.17645626090973193
50.61,0.014646695883799863,-0.08370171600869103,0.02888377686044824,-0.1693063282860049
50.620000000000005,0.013504075874518894,-0.07663733685398297,0.027797150313588623,-0.16206836321601062
50.63,0.012353870637736445,-0.06955649069121392,0.02669439981919504,-0.15475065478863193
50.64,0.011196788478502126,-0.06246464601187346,0.025576257755775482,-0.14736137672830754
50.65,0.010033538745926582,-0.05536712356534404,0.02444346357214006,-0.13990857129736595
50.660000000000004,0.008864831302374107,-0.04826909262800326,0.023296762985164483,-0.1324001343886934
50.67,0.007691376007823646,-0.041175567929968925,0.02213690719231773,-0.12484380182476654
50.68,0.006513882219704882,-0.034091407216899114,0.020964652100310087,-0.11724713687058011
50.69,0.0053330583084403105,-0.027021309421752147,0.019780757571097013,-0.10961751895999815
50.7,0.004149611188882948,-0.019969813420122755,0.01858598668635199,-0.10196213362747822
50.71,0.0029642458677559347,-0.012941297340899535,0.017381105031403214,-0.0942879636301512
50.72,0.0017776650071725047,-0.00593997840307851,0.01616687999950784,-0.08660178123879149
50.730000000000004,0.0005905685042370947,0.0010300867516911325,0.014944080117223882,-0.07891014167036771
50.74,-0.0005963469133014142,0.007965001261527148,0.01371347439152347,-0.07121937762961483
50.75,-0.0017823880754299797,0.014861026813358802,0.012475831679182686,-0.06353559492244022
50.76,-0.002966865742412196,0.021714582009939722,0.011231920078875827,-0.0558646690999086
50.77,-0.00414909496165397,0.02852224036657613,0.009982506346299462,-0.048212243088132795
50.78,-0.005328395409095991,0.03528072796890892,0.00872835533255349,-0.040583725756500336
50.79,-0.006504091715371482,0.0419869208225947,0.007470229445914017,-0.032984291374356635
50.800000000000004,-0.007675513776993434,0.048637841925508296,0.006208888137043417,-0.02541887990451036
50.81,-0.008841997052869015,0.05523065809183996,0.004945087407601111,-0.017892198080609937
50.82,-0.010002882846453754,0.06176267655707172,0.0036795793421395212,-0.01040872121467834
50.83,-0.011157518573894415,0.06823134139152331,0.0024131116630988895,-0.0029726956807355825
50.84,-0.012305258018510588,0.07463422974911252,0.001146427308645773,0.004411857979532049
50.85,-0.013445461571998817,0.08096904797688115,-0.00011973596695987837,0.011741141382627237
50.86,-0.014577496462743448,0.08723362760944134,-0.0013846459708414763,0.019011574113456164
50.870000000000005,-0.01570073697163684,0.09342592127129415,-0.002647576427249422,0.02621978907164199
50.88,-0.01681456463581755,0.09954399850854684,-0.003907807312040833,0.033362627404349816
50.89,-0.017918368440745628,0.10558604157017748,-0.005164625166404533,0.040437133074464636
50.9,-0.01901154500103218,0.11155034115769384,-0.006417323390377799,0.047440547111170524
50.910000000000004,-0.020093498730453904,0.11743529216052286,-0.007665202516731299,0.054370301588067944
50.92,-0.021163642001571392,0.12323938939316514,-0.00890757046582653,0.06122401337187379
50.93,-0.022221395295383205,0.12896122334882018,-0.010143742782071852,0.06799947768256419
50.94,-0.023266187341437067,0.13459947598278874,-0.011373042852622053,0.0746946615035718
50.95,-0.02429745524881665,0.14015291653772716,-0.012594802108981003,0.08130769687831531
50.96,-0.02531464462842519,0.14562039742164634,-0.01380836021217793,0.08783687412699809
50.97,-0.02631720970697671,0.15100085014817968,-0.015013065222194965,0.09428063501525957
50.980000000000004,-0.027304613433094132,0.156293281347741,-0.016208273752329787,0.10063756590389543
50.99,-0.028276327575920288,0.1614967688569205,-0.017393351109176596,0.10690639090655336
51.0,-0.029231832816627938,0.1666104578924794,-0.018567671418909186,0.11308596508002568
51.01,-0.030170618833209973,0.17163355731544672,-0.01973061774054623,0.11917526766950834
51.02,-0.031092184378923724,0.1765653359896722,-0.02088158216687251,0.125173395429071
51.03,-0.031996037354754606,0.18140511923853817,-0.0220199659136827,0.13107955603544602
51.04,-0.03288169487624728,0.18615228540258394,-0.023145179398005103,0.136893061611274
51.050000000000004,-0.033748683335054486,0.19080626250006957,-0.024256642305950548,0.14261332237200305
51.06,-0.03459653845553075,0.19536652499176604,-0.02535378365082073,0.1482398404088128
51.07,-0.035424805346697494,0.19983259065068218,-0.026436041822095274,0.15377220361822191
51.08,-0.03623303854989188,0.20420401753656803,-0.027502864625902533,0.1592100797873968
51.09,-0.037020802082397754,0.2084804010749072,-0.028553709317564083,0.1645532108426305
51.1,-0.03778766947735476,0.21266137123893314,-0.029588042626785424,0.1698014072670967
51.11,-0.03853322382022324,0.21674658983349282,-0.030605340776049327,0.17495454269255775
51.120000000000005,-0.03925705778207977,0.2207357478783451,-0.03160508949275026,0.1800125486685882
51.13,-0.03995877364999919,0.2246285630887831,-0.032586784015591404,0.18497540961162665
51.14,-0.04063798335478136,0.22842477745059364,-0.03354992909574632,0.189843157935242
51.15,-0.04129430849625884,0.23212415488638383,-0.03449403899327113,0.19461586936194492
51.160000000000004,-0.04192738036642236,0.23572647900985377,-0.0354186374692333,0.19929365841609692
51.17,-0.042536839970586895,0.23923155096447396,-0.036323257774005774,0.20387667409662968
51.18,-0.04312233804681474,0.24263918734280326,-0.03720744263215745,0.20836509572761713
51.19,-0.04368353508380374,0.2459492181825034,-0.03807074422435258,0.21275912898410249
51.2,-0.04422010133744011,0.24916148503508975,-0.03891272416665489,0.21705900209001924
51.21,-0.044731716846211,0.2522758391032875,-0.039732953487614485,0.2212649621845695
51.22,-0.045218071445661,0.25529213944294243,-0.04053101260349933,0.22537727185301398
51.230000000000004,-0.04567886478207261,0.2582102512251017,-0.04130649129201626,0.22939620581753378
51.24,-0.04611380632554915,0.2610300440428676,-0.042058988664850784,0.23332204777793583
51.25,-0.04652261538266532,0.2637513901595038,-0.04278811313934122,0.2371550873729759
51.26,-0.0469050211088873,0.2663741620950598,-0.04349348240959719,0.24089561699986337
51.27,-0.04726076252093452,0.2688982319593161,-0.04417472341735316,0.24454392943284997
51.28,-0.04758958850928366,0.27132346760799103,-0.044831472322825514,0.24810031497320767
51.29,-0.04789125785113184,0.2736497289642845,-0.04546337447583897,0.2515650589083902
51.300000000000004,-0.048165539224415486,0.27587685714187876,-0.046070084387479,0.2549384390854902
51.31,-0.0484122112246374,0.2780046373622101,-0.04665126570248738,0.25822072438825183
51.32,-0.04863106239107881,0.2800326521204244,-0.04720659117235893,0.26141218010774364
51.33,-0.04882189124522322,0.281960447880004,-0.047735742628717985,0.2645130740467832
51.34,-0.04898450632729322,0.2837878187860525,-0.0482384109570846,0.2675236597886355
51.35,-0.04911872674478269,0.2854975964468447,-0.04871429603099307,0.27044549669661483
51.36,-0.04922438509769627,0.2870225888781967,-0.049163106464506806,0.2732839479161331
51.370000000000005,-0.049301331836890026,0.2883400653124349,-0.049584559261291974,0.27604080645665635
51.38,-0.04934943755565245,0.28945513495267006,-0.04997837963216118,0.2787156848202245
51.39,-0.04936859330717495,0.29036386892722316,-0.0503443009687851,0.28130890934687547
51.4,-0.04935871066485298,0.29106731419580034,-0.0506820648376716,0.28382040302937783
51.410000000000004,-0.0493197217780113,0.2915644891891984,-0.050991420974948506,0.2862502512822198
51.42,-0.04925157938429378,0.29185587792843926,-0.05127212728535965,0.2885984011959124
51.43,-0.049154256798445956,0.29194168294512424,-0.051523949844367214,0.2908648165246815
51.44,-0.04902774786803466,0.2918226908050031,-0.05174666290464728,0.2930493804655422
51.45,-0.048872066901275955,0.2914998380407807,-0.0519400489068563,0.29515195596776234
51.46,-0.04868724856473173,0.29097442410528934,-0.05210389849454849,0.2971723553532451
51.47,-0.04847334775270133,0.29024798946068725,-0.05223801053401171,0.2991103254430714
51.480000000000004,-0.048230439428280154,0.2893223752830449,-0.05234219213926425,0.3009655829225787
51.49,-0.047958618436753,0.28819968425075326,-0.05241625870128353,0.3027377973921388
51.5,-0.047657999292024994,0.2868822824481283,-0.052460033922303084,0.3044265687291082
51.51,-0.047328715943845835,0.28537257003928435,-0.05247334987711639,0.30603076335282203
51.52,-0.0469709217564657,0.283665874391647,-0.0524560478246095,0.30752615825820895
51.53,-0.04658479023792374,0.28174449709630367,-0.052407981466689756,0.30884664714159876
51.54,-0.046170516562651344,0.2795904043717431,-0.05232902279063568,0.30992421103458356
51.550000000000004,-0.04572831898135682,0.2771980889830103,-0.05221906763496319,0.31072965419499277
51.56,-0.04525843936697534,0.2745702091923443,-0.05207803859894026,0.31125895338274207
51.57,-0.04476114308042079,0.2717103804900423,-0.05190588586767909,0.31151049784572143
51.58,-0.04423671862301516,0.2686223729740487,-0.05170258742372828,0.3114825838741912
51.59,-0.04368547724944171,0.2653103764816853,-0.051468149191283216,0.3111742955878657
51.6,-0.043107752548642214,0.2617788496879393,-0.05120260513235415,0.310585072541625
51.61,-0.04250389999315337,0.2580325759209037,-0.05090601729201155,0.3097149311807593
51.620000000000005,-0.04187429645861239,0.254076614238038,-0.05057847579377845,0.3085643525998972
51.63,-0.041219339714680094,0.2499163018571738,-0.05022009878458906,0.3071343391891577
51.64,-0.04053944788895843,0.24555723012465014,-0.04983103232949536,0.3054263899830352
51.65,-0.03983505890541667,0.241005232564577,-0.04941145025607925,0.3034425052236702
51.660000000000004,-0.03910662989896987,0.23626636594789358,-0.0489615539493038,0.3011851710892838
51.67,-0.038354636607877954,0.23134689426740224,-0.04848157209762037,0.29865735473648086
51.68,-0.03757957274568671,0.22625327065159762,-0.04797176039126344,0.29586249183396635
51.69,-0.03678194935446544,0.2209921198438298,-0.0474324011737998,0.2928044751011911
51.7,-0.03596229414111871,0.21557022004440596,-0.0468638030482053,0.2894876394063675
51.71,-0.03512115079857433,0.2099944848279164,-0.04626630043891053,0.2859167462408421
51.72,-0.03425907831366303,0.20427194489599773,-0.04564025311141522,0.2820969662578349
51.730000000000004,-0.03337665026350822,0.19840972989900085,-0.04498604565121611,0.27803386063506813
51.74,-0.03247445410224062,0.19241505032195239,-0.044304086903931394,0.27373336105474033
51.75,-0.031553090439848386,0.186295179544562,-0.043594809378630306,0.2692017485888783
51.76,-0.030613172314946802,0.18005743612542147,-0.04285866861649008,0.26444563153974165
51.77,-0.02965532446323927,0.1737091663855692,-0.04209614252700252,0.25947192241170286
51.78,-0.028680182583402644,0.16725772734978434,-0.041307730694038904,0.2542878141330212
51.79,-0.02768839260209541,0.1607104701073261,-0.04049395365415485,0.24890075567857137
51.800000000000004,-0.026680609939747853,0.1540747236465203,-0.03965535214957549,0.24331842722990304
51.81,-0.02565749877874009,0.14735777921568083,-0.038792486358345375,0.23754871501618094
51.82,-0.024619731335526286,0.14056687525739994,-0.037905935104158676,0.23159968597400424
51.83,-0.023567987138202507,0.13370918295985454,-0.036996295048401136,0.22547956236314953
51.84,-0.02250295231095167,0.12679179246354985,-0.036064179866938946,0.21919669647047596
51.85,-0.021425318866739023,0.11982169975814175,-0.03511021941417906,0.21275954552976714
51.86,-0.02033578400955712,0.11280579429855499,-0.034135058876902685,0.20617664697936502
51.870000000000005,-0.01923504944744787,0.1057508473658487,-0.03313935792033933,0.19945659417291398
51.88,-0.018123820717458623,0.098663501192899,-0.032123789828901315,0.19260801265131058
51.89,-0.017002806523607118,0.09155025887094687,-0.031089040643942707,0.1856395370760973
51.9,-0.015872718088854564,0.08441747504832184,-0.030035808300839077,0.17855978891620577
51.910000000000004,-0.01473426852200953,0.07727134742823177,-0.028964801767608253,0.17137735497130036
51.92,-0.013588172200398345,0.0701179090685408,-0.027876740187208527,0.16410076680594554
51.93,-0.012435144169066808,0.06296302148198685,-0.026772352025558388,0.15673848115976022
51.94,-0.011275899557191762,0.05581236853178126,-0.025652374227224342,0.14929886138945814
51.95,-0.01011115301229897,0.0486714511137072,-0.024517551380620152,0.141790159989516
51.96,-0.008941618152817894,0.041545582612222284,-0.023368634894451592,0.13422050222918575
51.97,-0.007768007039411243,0.034439885115395405,-0.022206382187030357,0.12659787093460595
51.980000000000004,-0.006591029665452559,0.027359286369857266,-0.021031555889965258,0.11893009243627539
51.99,-0.005411393466946833,0.020308517455093884,-0.019844923067623036,0.11122482369376673
52.0,-0.004229802852118386,0.013292111153293505,-0.01864725445363283,0.10348954060177908
52.01,-0.003046958750820553,0.006314400989422439,-0.0174393237055909,0.0957315274741034
52.02,-0.0018635581838564786,-0.0006204790859601159,-0.016221906679004642,0.08795786769516899
52.03,-0.0006802938522347914,-0.00750859440005793,-0.014995780721398138,0.08017543552236604
52.04,0.0005021462536757568,-0.014346208677484222,-0.013761723987387104,0.07239088901642843
52.050000000000004,0.0016830792251882412,-0.021129782607662535,-0.01252051477541871,0.06461066407183529
52.06,0.0028618275866840234,-0.027855971891650903,-0.011272930886761864,0.056840969514340596
52.07,0.004037719627547261,-0.03452162480136966,-0.01001974900722814,0.04908778322860357
52.08,0.00521008971489171,-0.041123779283660795,-0.008761744111999557,0.041356849275130086
52.09,0.006378278587381431,-0.04765965964263546,-0.007499688893843048,0.03365367595273892
52.1,0.0075416336304754104,-0.0541266728328111,-0.006234353214895614,0.02598353476010216
52.11,0.0086995091334739,-0.06052240439601085,-0.004966503582115959,0.018351460207939155
52.120000000000005,0.009851266528776352,-0.06684461407401954,-0.0036969026464135197,0.010762250431842308
52.13,0.010996274613792103,-0.07309123112888782,-0.0024263087253864188,0.003220468554682916
52.14,0.012133909755975392,-0.07926034940160244,-0.0011554753495253338,-0.004269555253150712
52.15,0.013263556081481321,-0.08535022213950721,0.00011484916832858439,-0.011703721067576812
52.160000000000004,0.014384605647961258,-0.09135925662146066,0.0013839221405481526,-0.019078155910538058
52.17,0.015496458602040505,-0.09728600860910294,0.0026510068896414005,-0.026389209906859928
52.18,0.01659852332202843,-0.10312917665118743,0.003915373110919086,-0.03363345194875548
52.19,0.01769021654644049,-0.1088875962670516,0.0051762972133449535,-0.040807664917358155
52.2,0.01877096348890413,-0.11456023403374324,0.00643306263905102,-0.04790884050935142
52.21,0.019840197940052484,-0.12014618160049444,0.00768496016203705,-0.05493417371522071
52.22,0.020897362356994728,-0.12564464965248248,0.008931288166609472,-0.06188105699392857
52.230000000000004,0.021941907940972005,-0.1310549618448629,0.010171352906144281,-0.06874707418696092
52.24,0.022973294703805235,-0.13637654872653504,0.011404468742783705,-0.07552999421267746
52.25,0.02399099152374197,-0.14160894167182358,0.01262995836869844,-0.08222776457984611
52.26,0.02499447619130412,-0.1467517668369523,0.013847153009565754,-0.08883850475705707
52.27,0.025983235445750274,-0.15180473915688403,0.0150553926109256,-0.09536049943254672
52.28,0.026956765002741426,-0.15676765639668788,0.016254026008090176,-0.10179219169669855
52.29,0.027914569573810437,-0.1616403932705927,0.01744241108028804,-0.10813217617730236
52.300000000000004,0.028856162878219363,-0.16642289564034107,0.01861991488972909,-0.1143791921553941
52.31,0.02978106764778632,-0.17111517480357036,0.019785913806277963,-0.12053211668732737
52.32,0.03068881562524797,-0.17571730188156182,0.02093979361842322,-0.1265899577565792
52.33,0.031578947556719424,-0.1802294023148452,0.02208094963122599,-0.13255184747666265
52.34,0.03245101317880145,-0.1846516504739183,0.02320878675192648,-0.13841703536451605
52.35,0.033304571200868764,-0.18898426439145855,0.0243227195638801,-0.14418488170173138
52.36,0.0341391892830693,-0.1932275006215665,0.025422172389485034,-0.1498548509991193
52.370000000000005,0.034954444010540715,-0.19738164923056323,0.02650657934275407,-0.15542650557826918
52.38,0.03574992086434862,-0.2014470289231853,0.02757538437217016,-0.16089949928205963
52.39,0.0365252141896293,-0.20542398230734404,0.028628041294453253,-0.16627357132442597
52.4,0.037279927161406476,-0.2093128712997754,0.029664013819851936,-0.17154854028814692
52.410000000000004,0.038013671748545856,-0.21311407267447702,0.03068277556955761,-0.1767242982779775
52.42,0.03872606867628212,-0.21682797375516852,0.031683810085824736,-0.18180080523506845
52.43,0.039416747387754116,-0.22045496825253763,0.03266661083536331,-0.1867780834174015
52.44,0.04008534600495776,-0.22399545224656636,0.03363068120655403,-0.19165621204974392
52.45,0.040731511289519226,-0.22744982031388306,0.034575534501018905,-0.19643532214558704
52.46,0.04135489860367128,-0.23081846179959536,0.03550069392006354,-0.20111559150253785
52.47,0.04195517187180529,-0.23410175723282972,0.036405692546489406,-0.205697239871732
52.480000000000004,0.042532003542951946,-0.23730007488495347,0.03729007332225777,-0.21018052430100978
52.49,0.04308507455453826,-0.24041376746929705,0.03815338902246842,-0.2145657346507884
52.5,0.04361407429774176,-0.24344316898351037,0.038995202226100714,-0.218853189277105
52.51,0.04411870058476048,-0.2463885916912109,0.03981508528394662,-0.22304323087488426
52.52,0.04459865961829571,-0.24925032329442215,0.040612620284149394,-0.2271362224920061
52.53,0.045053665963517446,-0.25202862452159003,0.04138739901575516,-0.23113254338867245
52.54,0.04548344252278878,-0.2547237259703474,0.04213902293066273,-0.23503258571554045
52.550000000000004,0.04588772051342616,-0.2573358256137803,0.04286710310431509,-0.23883675135918675
52.56,0.046266239448691786,-0.25986508839048894,0.04357126019548643,-0.24254544766538846
52.57,0.046618747122202465,-0.26231164249555905,0.044251124405521806,-0.24615908472121945
52.58,0.0469449995959054,-0.26467558071168445,0.04490633543735892,-0.24967807177139273
52.59,0.047244761191552756,-0.2669569627506173,0.045536542454674256,-0.25310281361107956
52.6,0.04751780448516743,-0.26915582717134234,0.04614140404153874,-0.2564337061657895
52.61,0.04776391030212201,-0.2712722477129187,0.04672058816314897,-0.2596711275367203
52.620000000000005,0.0479828677073176,-0.2733064144692686,0.04727377212855385,-0.26281542531470253
52.63,0.04817447399504469,-0.27525831976509196,0.04780064255551357,-0.2658669381114773
52.64,0.048338534692268946,-0.2771277637368626,0.04830089533631964,-0.26882600719357314
52.65,0.04847486435105199,-0.27888941290533464,0.048774235541319,-0.2716949937210106
52.660000000000004,0.048583289867735455,-0.2804764034362526,0.049220377122588616,-0.2744795005047545
52.67,0.048663654827609294,-0.2818711802754105,0.049639042538687235,-0.2771812081689949
52.68,0.048715821540438985,-0.28307868991257035,0.05002996256527975,-0.27979997603214307
52.69,0.04873967126826954,-0.28409488891598783,0.05039287625307618,-0.2823363147441593
52.7,0.04873510430233026,-0.2849206056269133,0.050727530902192515,-0.28479032642299795
52.71,0.048702040040452574,-0.2855546102163242,0.05103368204050387,-0.28716222067895136
52.72,0.048640417026205016,-0.2859970879536701,0.05131109340907161,-0.289452067439327
52.730000000000004,0.04855019296857294,-0.2862479072246076,0.051559536952678835,-0.2916599258510264
52.74,0.048431344732592176,-0.286307478330768,0.05177879281665208,-0.29378575809011065
52.75,0.04828386830581114,-0.2861763300107765,0.051968649349588746,-0.29582949707250294
52.76,0.04810777873811434,-0.2858553172872462,0.05212890311151966,-0.29779100853095125
52.77,0.04790311005654925,-0.285345506531292,0.0522593588881018,-0.29967008910193
52.78,0.04766991515508223,-0.28464822896256037,0.05235982971138153,-0.30146647610742916
52.79,0.04740826565984733,-0.28376505009727115,0.0524301368863125,-0.303179859588488
52.800000000000004,0.04711825177023004,-0.2826977733413025,0.052470110022735786,-0.3048098662698673
52.81,0.046799982091073826,-0.28144795849400006,0.05247958711904214,-0.30635457996729826
52.82,0.04645358374433546,-0.28000834804677505,0.05245841560688798,-0.3077834555461855
52.83,0.04607920330246925,-0.27835932389306905,0.05240645606556304,-0.30902624475129015
52.84,0.045677008452709195,-0.27648300637098255,0.052323588310644986,-0.3100176197052203
52.85,0.04524718941417527,-0.27437465172490005,0.05220971676413371,-0.3107330700278402
52.86,0.04478995945146514,-0.27203665849270053,0.052064773036036856,-0.31116997754845904
52.870000000000005,0.04430555476016686,-0.26947193979336936,0.051888716586035305,-0.3113267789587513
52.88,0.04379423417692186,-0.26668369853286694,0.051681534888779676,-0.3112022945977445
52.89,0.04325627885456388,-0.26367547546754316,0.05144324354172078,-0.3107959178468316
52.9,0.04269199190565989,-0.26045110817804795,0.05117388632214776,-0.3101075254620159
52.910000000000004,0.042101698015465885,-0.2570147332733571,0.05087353519267435,-0.30913752443129117
52.92,0.041485743025631884,-0.25337076581517226,0.0505422902553751,-0.30788682787438204
52.93,0.04084449348993252,-0.24952388946294224,0.05018027965446972,-0.3063568669084968
52.94,0.04017833620344667,-0.24547903929707793,0.049787659428001764,-0.3045495726490482
52.95,0.03948767770667498,-0.24124138736134992,0.0493646133093251,-0.3024673710516529
52.96,0.03877294376613616,-0.23681632692103757,0.04891135247923794,-0.3001131754795367
52.97,0.038034578833000716,-0.2322094564926482,0.04842811526958006,-0.29749037545187024
52.980000000000004,0.03727304548136748,-0.22742656334443012,0.04791516681939962,-0.29460282359219503
52.99,0.03648882382782715,-0.22247360682374517,0.04737279868502153,-0.29145482054332855
53.0,0.03568241093399003,-0.21735670145476776,0.04680132840553333,-0.2880510983304679
53.01,0.03485432019365763,-0.21208209999744218,0.04620109902536145,-0.28439680246014115
53.02,0.03400508070634033,-0.2066561764603575,0.04557247857574995,-0.28049747246384765
53.03,0.033135236638812286,-0.20108540917806267,0.0449158595170971,-0.27635902115878586
53.04,0.03224534657639795,-0.19537636401365643,0.044231658144233,-0.27198771276324635
53.050000000000004,0.031335982865663664,-0.18953567776259272,0.043520313956835456,-0.2673901400032623
53.06,0.030407730950172747,-0.18357004182079004,0.04278228899728001,-0.2625732003545699
53.07,0.029461188700931347,-0.17748618618192433,0.042018067158304744,-0.2575440715651037
53.08,0.028496965743123288,-0.17129086382189085,0.04122815346294107,-0.2523101866056763
53.09,0.027515682780686588,-0.16499083552596824,0.04041307331921695,-0.24687920819622736
53.1,0.026517970920246516,-0.15859285520878363,0.03957337175217995,-0.24125900305424794
53.11,0.025504470995865332,-0.15210365577333554,0.03870961261581375,-0.23545761600949697
53.120000000000005,0.024475832896019085,-0.14552993554999322,0.037822377787433095,-0.2294832441257983
53.13,0.023432714894146865,-0.13887834535206142,0.036912266347141336,-0.2233442109660477
53.14,0.022375782984062537,-0.1321554761792204,0.035979893744917474,-0.21704894113112963
53.15,0.02130571022145569,-0.12536784759569186,0.03502589095787154,-0.21060593519685744
53.160000000000004,0.020223176072625366,-0.11852189680459345,0.0340509036401675,-0.20402374516592656
53.17,0.01912886577154717,-0.1116239684358285,0.03305559126805731,-0.19731095054385006
53.18,0.018023469686274496,-0.104680305059521,0.0320406262824099,-0.19047613513936432
53.19,0.016907682695624125,-0.09769703843304917,0.03100669323104295,-0.18352786468081905
53.2,0.015782203577008873,-0.09068018148496636,0.029954487913084228,-0.17647466533073863
53.21,0.014647734406216561,-0.08363562103526018,0.0288847165274985,-0.1693250031711568
53.22,0.01350497996985236,-0.07656911124718635,0.02779809482781854,-0.16208726472271803
53.230000000000004,0.012354647191094803,-0.06948626780249743,0.026695347285015016,-0.15476973855072523
53.24,0.011197444569341282,-0.06239256278819459,0.025577206260330804,-0.147380598001792
53.25,0.010034081634249292,-0.05529332027994102,0.024444411189792153,-0.13992788510522186
53.26,0.008865268414604445,-0.048193712604297397,0.023297707781993214,-0.1324194956640705
53.27,0.007691714922389235,-0.041098757259326296,0.02213784723063017,-0.1248631655519513
53.28,0.006514130652352793,-0.03401331447078278,0.020965585443141727,-0.11726645822316471
53.29,0.005333224097316393,-0.026942085359058572,0.019781682286691717,-0.10963675343570341
53.300000000000004,0.0041497022794042705,-0.01988961069034606,0.018586900852607172,-0.10198123717912962
53.31,0.002964270297305929,-0.012860270183778583,0.017382006740267214,-0.09430689279235371
53.32,0.0017776308896460208,-0.005858282345538328,0.016167767361317226,-0.08662049324987496
53.33,0.0005904840144720267,0.001112295200723007,0.01494495126496777,-0.07892859458924492
53.34,-0.000596473555181464,0.008047564917620868,0.013714327485024103,-0.0712375304472025
53.35,-0.0017825486197297754,0.014943788123757656,0.012476664909180809,-0.06355340766737368
53.36,-0.0029670519256032343,0.021797383360664904,0.011232731671010293,-0.05588210293828967
53.370000000000005,-0.004149298522107215,0.028604924388817204,0.00998329456497126,-0.04822926041711635
53.38,-0.005328608102780958,0.03536313784391533,0.008729118484665137,-0.0406002902915431
53.39,-0.0065043053314870584,0.042068900584582014,0.007470965884475296,-0.033000368230022
53.4,-0.00767572015350539,0.048719236761619156,0.0062095962646359195,-0.02543443566871119
53.410000000000004,-0.008842188091918193,0.055311314638867105,0.00494576567969365,-0.017907200882264888
53.42,-0.010003050529611974,0.061842443194001735,0.003680226270248472,-0.010423140784737848
53.43,-0.011157654977233776,0.06831006852747898,0.0024137258177868055,-0.0029865034065977743
53.44,-0.012305355327461001,0.07471177010605576,0.0011470073223532496,0.004398689006173306
53.45,-0.013445512095964748,0.08104525686644626,-0.00011919139725360586,0.011728636324452842
53.46,-0.014577492649451325,0.08730836320350181,-0.0013841380811337681,0.01899975635258691
53.47,-0.01570067142118731,0.09349904486554741,-0.002647106384208391,0.026208680181031167
53.480000000000004,-0.01681443011441786,0.09961537477885526,-0.0039073762108809045,0.03335224712531782
53.49,-0.017918157894093685,0.10565553882098941,-0.005164234028946194,0.04042749930026493
53.5,-0.019011251567332157,0.11161783156229234,-0.0064169731632925065,0.04743167587638496
53.51,-0.020093115753032995,0.117500651992578,-0.007664894069973073,0.05436220706367022
53.52,-0.021163163041083757,0.12330249924928068,-0.008907304591249991,0.061216707865751036
53.53,-0.022220814141571114,0.12902196836170576,-0.010143520192237198,0.06799297164529226
53.54,-0.023265498024433087,0.13465774602476951,-0.011372864179785874,0.0746889635392275
53.550000000000004,-0.024296652049965548,0.1402086064142834,-0.012594667904272,0.08130281376010472
53.56,-0.02531372209060607,0.145673407054756,-0.013808270944955832,0.08783281081746389
53.57,-0.02631616264440817,0.1510510847491709,-0.01501302127959052,0.09427739469085125
53.58,-0.027303436940604713,0.15634065157960442,-0.016208275438963405,0.10063514998363769
53.59,-0.0282750170376709,0.16154119098568656,-0.01739339864705242,0.10690479908461414
53.6,-0.02923038391426662,0.16665185392774096,-0.018567764947481774,0.11308519536190596
53.61,-0.030169027553450918,0.17167185513973615,-0.01973075731695557,0.11917531641165263
53.620000000000005,-0.031090447020534036,0.17660046947668506,-0.0208817677663439,0.12517425738164034
53.63,-0.031994150534939286,0.18143702836006748,-0.022020197430086687,0.13108122438803604
53.64,-0.03287965553642116,0.18618091632415495,-0.023145456644573188,0.13689552804134003
53.65,-0.0337464887459931,0.19083156766519332,-0.024256965016141562,0.1426165770957736
53.660000000000004,-0.0345941862218913,0.19538846319482447,-0.025354151479332808,0.14824387223446997
53.67,-0.03542229341090312,0.19985112709838826,-0.026436454346018014,0.1537770000011381
53.68,-0.0362303651953731,0.20421912389812036,-0.027503321346003962,0.15921562688719676
53.69,-0.037017965936187294,0.2084920555206698,-0.02855420965970644,0.16455949358191618
53.7,-0.03778466951203263,0.21266955846798422,-0.029588585943463794,0.16980840939158112
53.71,-0.03853005935520805,0.216751301089726,-0.030605926348047412,0.17496224683246728
53.72,-0.03925372848426617,0.2207369809555615,-0.031605716530906804,0.1800209364011008
53.730000000000004,-0.03995527953374178,0.22462632232458707,-0.03258745166267103,0.18498446152420198
53.74,-0.04063432478122517,0.22841907370933773,-0.033550636428408595,0.18985285368963367
53.75,-0.041290486172018,0.2321150055312177,-0.03449478502413132,0.19462618775875076
53.76,-0.0419233953416117,0.23571390786404117,-0.03541942114900815,0.19930457745966823
53.77,-0.04253269363621016,0.23921558826208428,-0.03632407799373811,0.2038881710601838
53.78,-0.0431180321315138,0.24261986966891677,-0.03720829822551278,0.20837714721840064
53.79,-0.0436790716499755,0.24592658840320125,-0.03807163396998146,0.21277171100845038
53.800000000000004,-0.044215482776729806,0.24913559221723613,-0.03891364679061418,0.217072090118177
53.81,-0.04472694587438806,0.2522467384244735,-0.03973390766584132,0.22127853121512317
53.82,-0.04521315109688846,0.2552598920916404,-0.04053199696433111,0.22539129647678327
53.83,-0.04567379840258037,0.2581749242915209,-0.0413075044187503,0.22941066028072066
53.84,-0.04610859756671988,0.2609917104102708,-0.042060029098337344,0.2333369060493102
53.85,-0.04651726819354481,0.2637101284726504,-0.04278917938060237,0.2371703232313243
53.86,-0.04689953972811515,0.2663300569652671,-0.0434945729224594,0.2409112042435221
53.870000000000005,-0.04725515146810752,0.26885137326661446,-0.04417583663108799,0.24455984167837072
53.88,-0.047583852575766646,0.2712739509950809,-0.04483260663479825,0.24811652583716923
53.89,-0.047885402090309226,0.2735976557777065,-0.04546452825415972,0.2515815420284257
53.9,-0.048159568941406605,0.2758223333728642,-0.04607125597365531,0.25495516800099066
53.910000000000004,-0.04840613196577787,0.2779477656958327,-0.04665245341408302,0.25823767256310276
53.92,-0.048624879934340115,0.27997350719850855,-0.04720779330562603,0.2614293220451482
53.93,-0.04881561159091329,0.2818991423729543,-0.04773695746116402,0.264530384738127
53.94,-0.04897813568660495,0.28372449209451955,-0.048239636750016246,0.2675411135397225
53.95,-0.04911227152913457,0.28543229541170284,-0.04871553103194481,0.27046307230147165
53.96,-0.04921785191159869,0.2869553772794112,-0.04916434890985904,0.2733016112589921
53.97,-0.049294727469998606,0.2882710655524212,-0.04958580737941944,0.276058524008065
53.980000000000004,-0.0493427689714685,0.2893844736077766,-0.04997963164656968,0.2787334307279065
53.99,-0.04936186763012607,0.29029168104032227,-0.05034555510069806,0.28132666289891894
54.0,-0.04935193516674958,0.290993739074606,-0.050683319308055114,0.28383814854145206
54.01,-0.04931290386402737,0.2914896695305844,-0.050992674006173085,0.28626797347454436
54.02,-0.04924472657859441,0.29177995999108197,-0.05127337710263314,0.28861608830996843
54.03,-0.04914737672949497,0.2918648157134294,-0.05152519467694103,0.2908824582251034
54.04,-0.04902084825363976,0.2917450254328029,-0.05174790098684476,0.29306696761319295
54.050000000000004,-0.0488651555334177,0.29142152767762297,-0.05194127847897202,0.29516948075666344
54.06,-0.04868033329421062,0.29089562351517984,-0.052105117803615535,0.2971898113218673
54.07,-0.04846643647363614,0.2901688546232106,-0.05223921783445133,0.299127706905405
54.08,-0.04822354006249728,0.28924306297673447,-0.052343385693457964,0.30098288457728445
54.09,-0.04795173891810328,0.2881203518682838,-0.05241743678008284,0.30275501481021955
54.1,-0.04765114755064626,0.2868030878384078,-0.05246119480543543,0.3044436991811448
54.11,-0.047321899890798665,0.2852936581751111,-0.05247449185472872,0.30604776393130667
54.120000000000005,-0.046964149271293804,0.28358731596869957,-0.05245716920797205,0.30754275244851403
54.13,-0.04657806915852023,0.28166641552079097,-0.052409080606070316,0.3088627255455219
54.14,-0.046163854671461384,0.2795130051717386,-0.05233009808140973,0.30993992751595123
54.15,-0.04572172398792052,0.2771215314028016,-0.052220117511739356,0.3107450227158271
54.160000000000004,-0.045251918891816706,0.2744946305711259,-0.05207906153338293,0.3112739234496402
54.17,-0.044754704640856804,0.271635920929461,-0.05190688037182092,0.3115250337258484
54.18,-0.04423036961940585,0.26854916811592,-0.05170355205403309,0.3114966431313166
54.19,-0.04367922495164908,0.2652385607695886,-0.05146908255261553,0.3111878400619308
54.2,-0.04310160408274421,0.2617085543932187,-0.051203505881899064,0.3105980630998351
54.21,-0.042497862328419116,0.2579639297926888,-0.050906884143099386,0.3097273305818291
54.22,-0.041868376394772394,0.25400974287414513,-0.050579307519591825,0.30857612497109144
54.230000000000004,-0.04121354386950213,0.24985132768282,-0.05022089422172996,0.30714544978365316
54.24,-0.04053378268615991,0.24549427205716579,-0.04983179038143698,0.30543680508054233
54.25,-0.03982953056292963,0.24094440588316007,-0.04941216989648921,0.30345219289111447
54.26,-0.039101244417581345,0.2362077820553964,-0.04896223422520698,0.3011941010463466
54.27,-0.0383493997602624,0.23129066051456504,-0.04848221213238512,0.29866549862826874
54.28,-0.037574490065853644,0.22619949013845858,-0.04797235938739881,0.29586982326146266
54.29,-0.036777026127636614,0.2209408912397628,-0.04743295841555277,0.29281096977528415
54.300000000000004,-0.0359575353940557,0.215521637408405,-0.046864317903946635,0.2894932752403724
54.31,-0.03511656129037292,0.20994863743813363,-0.04626677236329868,0.2859215034483824
54.32,-0.03425466252703221,0.20422891708472832,-0.04564068164732933,0.2821008274322113
54.33,-0.033372412396547195,0.1983696008951585,-0.04498643043145005,0.2780368108214398
54.34,-0.03247039806073283,0.19237789410076753,-0.04430442765264185,0.2737353878088639
54.35,-0.031549219830083464,0.1862610646849635,-0.04359510591253312,0.26920284202511907
54.36,-0.030609490437088084,0.1800264256756122,-0.04285892084580043,0.26444578436670724
54.370000000000005,-0.029651834305246445,0.17368131773692638,-0.04209635045611534,0.2594711299561963
54.38,-0.028676886815523807,0.16723309211975013,-0.04130789442194738,0.2542860743519348
54.39,-0.027685293571939204,0.16068909403141762,-0.040494073374606074,0.24889806915904708
54.4,-0.0266777096679463,0.15405664648009265,-0.0396554281509632,0.24331479717783894
54.410000000000004,-0.02565479895521005,0.14734303464558185,-0.0387925190233414,0.23754414723342837
54.42,-0.02461723331634125,0.14055549082417307,-0.03790592490908511,0.2315941888245502
54.43,-0.023565691943077543,0.1337011799905669,-0.03699624256234722,0.22547314672875696
54.44,-0.02250086062135203,0.12678718601590805,-0.03606408575062688,0.21918937569621866
54.45,-0.02142343102461491,0.11982049857589341,-0.035110084418584424,0.21275133536003912
54.46,-0.020334100016708836,0.11280800077883395,-0.034134883841636286,0.20616756548491516
54.47,-0.019233568965526655,0.1057564575384182,-0.033139143771797185,0.19944666166957786
54.480000000000004,-0.018122543068600713,0.09867250471177037,-0.032123537578191766,0.19259725161107932
54.49,-0.017001730691704055,0.09156263901847476,-0.031088751384599374,0.18562797203123782
54.5,-0.015871842721459285,0.08443320875191712,-0.030035483206329087,0.1785474463571453
54.51,-0.014733591932874393,0.07729040528991082,-0.028964442088646375,0.17136426323900497
54.52,-0.013587692372643206,0.07014025540728407,-0.027876347248887847,0.164086955979544
54.53,-0.012434858758971903,0.06298861438897851,-0.026771927224308868,0.15672398294014153
54.54,-0.011275805898607301,0.05584115993859656,-0.02565191902761122,0.14928370897957374
54.550000000000004,-0.010111248121669966,0.04870338687316303,-0.024517067311993566,0.14177438797213643
54.56,-0.008941898734808312,0.041580602592112784,-0.02336812354746043,0.13420414644276177
54.57,-0.007768469493124172,0.03447792330460197,-0.022205845210012193,0.12658096834797714
54.58,-0.0065916700912316845,0.02740027099697735,-0.021030994985225284,0.11891268102282172
54.59,-0.005412207673747555,0.020352371119106632,-0.019844339987614427,0.11120694230566452
54.6,-0.004230786365435948,0.013338750966164332,-0.018646650997051126,0.10347122884491769
54.61,-0.0030481068211606383,0.006363738730227107,-0.01743870171339501,0.09571282558423078
54.620000000000005,-0.001864865795731412,-0.0005685368056290944,-0.01622126803037676,0.08793881641575856
54.63,-0.0006817557336701441,-0.0074541459597959325,-0.0149951273296547,0.08015607598467522
54.64,0.000500535621144867,-0.014289357261367274,-0.013761057795853043,0.07237126262217873
54.65,0.0016813255960453789,-0.021070636007332628,-0.012519837753276308,0.06459081237887285
54.660000000000004,0.00285993694051032,-0.02779464229993008,-0.011272245024886161,0.056820934125646386
54.67,0.004035698157665603,-0.03445822859651546,-0.010019056314019224,0.04906760568490869
54.68,0.005207943816603572,-0.041058436805137474,-0.00876104660922325,0.04133657095143234
54.69,0.006376014845814343,-0.04759249495850222,-0.007498988612489674,0.03363333795889343
54.7,0.0075392588080680206,-0.0540578134996151,-0.006233652191067127,0.02596317784569701
54.71,0.008697030157120388,-0.060451981211390865,-0.004965803852950627,0.018331124671563573
54.72,0.009848690476657105,-0.06677276082289381,-0.003696206246057546,0.010741976034884712
54.730000000000004,0.010993608701914206,-0.07301808432348932,-0.002425617681020618,0.00320029443970209
54.74,0.012131161324450569,-0.07918604801617787,-0.001154791677455406,-0.004289590639414704
54.75,0.013260732580567489,-0.08527490734010842,0.00011552346651073492,-0.011723580046550355
54.76,0.014381714623894738,-0.09128307149151735,0.0013845850817248658,-0.019097801639519463
54.77,0.015493507682686043,-0.09720909787132148,0.002651656512844688,-0.026408606442116858
54.78,0.01659552020237607,-0.10305168638642966,0.003916007480914801,-0.033652564304065526
54.79,0.017687168973974828,-0.10880967363074556,0.005176914424120054,-0.04082645911805884
54.800000000000004,0.018767879248878617,-0.11448202697049314,0.006433660817198201,-0.04792728364198445
54.81,0.019837084840693485,-0.12006783855747227,0.0076855374700320195,-0.054952233972865173
54.82,0.020894228214664304,-0.12556631929214013,0.008931842805976805,-0.06189870371733577
54.83,0.0219387605653221,-0.13097679275772325,0.010171883120506845,-0.06876427790160293
54.84,0.022970141882945928,-0.13629868914443427,0.01140497282079289,-0.07554672666183859
54.85,0.023987841009455963,-0.1415315391823641,0.012630434646841698,-0.08224399875388572
54.86,0.02499133568433839,-0.14667496809964442,0.01384759987484793,-0.08885421491897785
54.870000000000005,0.025980112581205878,-0.15172868962149533,0.015055808503422613,-0.09537566114000971
54.88,0.026953667335596752,-0.1566925000244485,0.016254409423372074,-0.10180678182061766
54.89,0.027911504564600724,-0.16156627225863854,0.01744276057171009,-0.10814617291716472
54.9,0.028853137878904214,-0.1663499501500342,0.018620229070588898,-0.11439257505143391
54.910000000000004,0.029778089887828194,-0.17104354269304406,0.01978619135183798,-0.12054486662970147
54.92,0.0306858921979293,-0.17564711844307934,0.02094003326779768,-0.12660205699166088
54.93,0.03157608540572658,-0.1801608000173559,0.02208115018913131,-0.13256327961059902
54.94,0.03244821908509875,-0.18458475871125551,0.02320894709029518,-0.1384277853641602
54.95,0.033301851769888965,-0.18891920923662842,0.024322838623338026,-0.14419493589307264
54.96,0.034136550932242146,-0.1931644045874891,0.02542224918069231,-0.14986419706332707
54.97,0.03495189295718803,-0.19732063103767739,0.026506612947609788,-0.15543513254545374
54.980000000000004,0.0357474631139638,-0.2013882032743166,0.02757537394488196,-0.16090739752285485
54.99,0.03652285552456713,-0.20536745967014736,0.028627986062472334,-0.1662807325394863
55.0,0.037277673130003415,-0.20925875769714414,0.029663913084674715,-0.17155495749564764
55.01,0.03801152765469068,-0.21306246948323604,0.030682628707395316,-0.17672996579920566
55.02,0.03872403956945766,-0.21677897751340097,0.03168361654814248,-0.18180571867817463
55.03,0.03941483805356947,-0.22040867047581897,0.03266637014929025,-0.1867822396593889
55.04,0.04008356095618832,-0.22395193925345308,0.03363039297516633,-0.19165960921675668
55.050000000000004,0.04072985475767125,-0.22740917306093,0.0345751984034978,-0.19643795959156532
55.06,0.04135337453108805,-0.23078075572611617,0.035500309711730425,-0.20111746978629014
55.07,0.04195378390432905,-0.23406706211578526,0.03640526005872052,-0.20569836073247524
55.08,0.04253075502315825,-0.23726845470402352,0.03728959246228061,-0.21018089063243084
55.09,0.04308396851555155,-0.24038528028220074,0.03815285977304297,-0.21456535047376207
55.1,0.04361311345764783,-0.24341786680932848,0.03899462464508784,-0.21885205971482977
55.11,0.044117887341627186,-0.24636652040478133,0.03981445950376604,-0.22304136213237222
55.120000000000005,0.04459799604581026,-0.24923152248083275,0.04061194651112971,-0.22713362183333338
55.13,0.04505315380726176,-0.2520131271936612,0.04138667752937131,-0.23112921933229374
55.14,0.04548308319715514,-0.25471155894737696,0.04213825408266354,-0.23502854765041745
55.15,0.04588751509916941,-0.2573270092720616,0.04286628731775901,-0.23883200945073874
55.160000000000004,0.04626618869114284,-0.2598596359596722,0.043570397963685545,-0.24254001324714775
55.17,0.04661885143016194,-0.26230956078426537,0.04425021629088928,-0.24615296989075683
55.18,0.046945259041205493,-0.2646768697288967,0.044905382070169815,-0.24967128945923403
55.19,0.04724517550927473,-0.26696161625631487,0.04553554453174726,-0.25309537749001326
55.2,0.047518373074347815,-0.26916383741904665,0.04614036232486161,-0.2564256300147744
55.21,0.047764632225828364,-0.2712836338342801,0.04671950347856006,-0.25966242266876405
55.22,0.04798374169146716,-0.2733211943349246,0.04727264536457288,-0.2628061020723402
55.230000000000004,0.04817549842823671,-0.27527646339654266,0.047799474662154603,-0.26585701051807004
55.24,0.048339707628269404,-0.27714923273626924,0.04829968732340614,-0.2688155001227416
55.25,0.048476183512449,-0.2789141748957177,0.048772988475770884,-0.2716839456611637
55.26,0.04858475264893444,-0.28050444333823904,0.04921909212508079,-0.2744679415648998
55.27,0.048665258297680036,-0.28190245615505166,0.04963772078069786,-0.27716916053956225
55.28,0.04871756244756061,-0.28311313998918225,0.05002860526668452,-0.2797874622459144
55.29,0.0487415460457839,-0.28413244804728743,0.05039148468007016,-0.28232335126730784
55.300000000000004,0.04873710907565863,-0.2849611987713776,0.05072610636552577,-0.2847769290453538
55.31,0.04870417063471939,-0.28559815716983916,0.05103222589391168,-0.2871484038772398
55.32,0.04864266897453896,-0.28604350112467153,0.0513096070478233,-0.28943784438829223
55.33,0.04855256152103466,-0.28629709361357214,0.051558021812215644,-0.29164530979569975
55.34,0.04843382486570136,-0.2863593387303246,0.05177725037127704,-0.29377076132391067
55.35,0.048286454732664,-0.2862307593911031,0.051967081111251215,-0.2958141303182192
55.36,0.04811046591905879,-0.2859122055107221,0.052127310628673276,-0.2977752832905968
55.370000000000005,0.04790589221037779,-0.2854047385291717,0.052257743744545636,-0.29965401718758017
55.38,0.04767278627071754,-0.28470968454164913,0.05235819352510565,-0.3014500682333771
55.39,0.04741121950853393,-0.28382860388376274,0.05242848130847366,-0.30316312382911603
55.4,0.04712128191819963,-0.28276329594841015,0.05246843673673804,-0.3047928122487955
55.410000000000004,0.04680308191402311,-0.28151527131401344,0.05247789784399423,-0.3063370747498053
55.42,0.04645674644871287,-0.2800771329161315,0.052456712121298286,-0.30776493762404933
55.43,0.04608242194853609,-0.2784294598511342,0.052404740235419016,-0.3090067875332531
55.44,0.045680275964966904,-0.2765545551929903,0.052321862076534185,-0.30999788211589474
55.45,0.04525049858379026,-0.2744475157660393,0.05220798210216247,-0.3107132167977664
55.46,0.04479330294455878,-0.2721106878864443,0.05206303193637454,-0.3111500183559369
55.47,0.044308925131415176,-0.269546997930041,0.051886971047354735,-0.3113067728485764
55.480000000000004,0.043797623883817624,-0.26675963933448077,0.05167978691404769,-0.3111822771492531
55.49,0.043259680271803866,-0.2637521551515429,0.05144149513377945,-0.3107759374074062
55.5,0.04269539733969599,-0.2605283797753777,0.051172139479300924,-0.31008762482800106
55.51,0.042105099719162965,-0.2570924497727736,0.05087179190419201,-0.3091177497992598
55.52,0.04148913321301913,-0.2534487789487974,0.05054055249699291,-0.30786722375158376
55.53,0.04084786435102556,-0.24960205053184154,0.05017854938393187,-0.30633747694349783
55.54,0.04018167991911086,-0.24555719946099286,0.04978593858064185,-0.30453044175042593
55.550000000000004,0.03949098646348774,-0.24131939803970964,0.04936290379357807,-0.3024485449269744
55.56,0.03877620977122456,-0.23689403980626753,0.04890965617211637,-0.30009469893362634
55.57,0.0380377943288286,-0.23228672395556516,0.048426434012189726,-0.2974722929950205
55.58,0.03727620276044945,-0.22750323863142213,0.04791350241251653,-0.2945851788151755
55.59,0.03649191524734279,-0.2225495443733772,0.0473711528847434,-0.29143765631368923
55.6,0.03568542893026766,-0.21743175715368723,0.046799702919016535,-0.28803445652629
55.61,0.03485725729650425,-0.2121561314479925,0.04619949550665746,-0.2843807238033678
55.620000000000005,0.034007929553187426,-0.20672904324622832,0.045570898621759684,-0.28048199637894905
55.63,0.03313798998865579,-0.20115697312697706,0.04491430466365706,-0.27634418563236696
55.64,0.032247997323502024,-0.19544648945728282,0.0442301298623475,-0.2719735542109509
55.65,0.0313385240530055,-0.1896042317924599,0.043518813649068074,-0.2673766931419224
55.660000000000004,0.030410155782601034,-0.18363689454034504,0.04278081799431681,-0.26256049808158044
55.67,0.029463490558016142,-0.1775512109537981,0.04201662671570126,-0.2575321448449558
55.68,0.02849913819166829,-0.17135393751014866,0.041226744758064454,-0.25229906436452193
55.69,0.02751771958688488,-0.16505183873262458,0.04041169744839338,-0.2468689172248144
55.7,0.026519866061454136,-0.15865167250419554,0.03957202972805704,-0.24124956791970967
55.71,0.02550621867196958,-0.1521601759197784,0.03870830536494659,-0.23544905897634558
55.72,0.024477427540380518,-0.1455840517179794,0.03782110614810174,-0.22947558508643517
55.730000000000004,0.023434151184091905,-0.1389299553287428,0.03691103106740657,-0.2233374673810414
55.74,0.022377055850910814,-0.13220448256841638,0.03597869548092038,-0.21704312797941244
55.75,0.02130681486005588,-0.12541415800883468,0.03502473027238216,-0.21060106493598602
55.76,0.02022410795038658,-0.11856542404223613,0.03404978100138597,-0.20401982770243737
55.77,0.019129620636945555,-0.11166463065900437,0.03305450704867059,-0.1973079932136961
55.78,0.01802404357681862,-0.10471802595055235,0.03203958075890581,-0.19047414269837787
55.79,0.016908071945262775,-0.09773174734532016,0.031005686583282236,-0.18352683930504055
55.800000000000004,0.015782404822970473,-0.09071181358114491,0.029953520224130503,-0.17647460662644637
55.81,0.014647744595260427,-0.08366411741362609,0.028883787783705126,-0.16932590819434828
55.82,0.013504796363925807,-0.07659441905567654,0.0277972049191701,-0.16208912800773914
55.83,0.012354267372382287,-0.06950834034005793,0.026694496005720374,-0.1547725521477392
55.84,0.011196866444695806,-0.06241135959330601,0.025576393309664165,-0.14738435152267224
55.85,0.010033303438998296,-0.055308807205902075,0.02444363617317717,-0.1399325657774886
55.86,0.00886428871572327,-0.04820586188121727,0.02329697021232472,-0.1324250883923961
55.870000000000005,0.007690532621037146,-0.04110754754254196,0.022137146529827074,-0.1248696529867851
55.88,0.006512744985763736,-0.03401873087572007,0.02096492094392467,-0.11727382083595202
55.89,0.005331634640048482,-0.02694411948236754,0.019781053234576993,-0.10964496960021175
55.9,0.0041479089439377,-0.01988826061736095,0.01858630640810962,-0.10199028325832833
55.910000000000004,0.002962273333995462,-0.01285554048231251,0.017381445981302663,-0.09431674323033216
55.92,0.0017754308860281304,-0.005850184045986782,0.01616723928579535,-0.08663112066824603
55.93,0.0005880818939248075,0.0011237446386810866,0.014944454793566079,-0.07893996988748964
55.94,-0.0005990765354147839,0.00806234165183703,0.01371386146413223,-0.07124962290643874
55.95,-0.00178535087115549,0.014961861989536999,0.01247622811400537,-0.0635661850569899
55.96,-0.002970051531717321,0.021818717943772967,0.011232322808829038,-0.05589553162495038
55.97,-0.004152493242259842,0.028629477111224072,0.009982912278526102,-0.048243305475614076
55.980000000000004,-0.005331995376649658,0.03539086006208147,0.008728761355682471,-0.040614915617017855
55.99,-0.006507882284153688,0.042099737699889915,0.0074706324373026425,-0.03301553665106105
56.0,-0.007679483601122021,0.04875312834279122,0.006209284969983435,-0.02545010906088886
56.01,-0.008846134547950735,0.05534819455577912,0.004945474958469165,-0.01792334028167391
56.02,-0.010007176211649546,0.061882239762740786,0.003679954497474836,-0.010439706501107808
56.03,-0.011161955814343129,0.06835270466605202,0.002413471326589798,-0.003003455135609858
56.04,-0.012309826968078526,0.07475716350040632,0.0011467684080094561,0.00438139207175222
56.050000000000004,-0.013450149916300893,0.08109332014629683,-0.00011941647322075426,0.011711035385141205
56.06,-0.01458229176239602,0.08735900412750727,-0.00138435108682016,0.018981892894410178
56.07,-0.01570562668569354,0.09355216651529838,-0.0026473091131686863,0.026190595869861045
56.08,-0.016819536145345326,0.09967087576116741,-0.003907570477951842,0.03333398370362888
56.09,-0.017923409072492298,0.10571331347796686,-0.005164421666063824,0.040409098486533804
56.1,-0.019016642051142257,0.11167777018862285,-0.006417156015313793,0.04741317926736962
56.11,-0.020098639488185317,0.11756264105942482,-0.007665073990510854,0.054343656039773924
56.120000000000005,-0.021168813772968267,0.12336642163436928,-0.00890748343853192,0.0611981434996271
56.13,-0.0222265854268613,0.1290877035848356,-0.010143699824996424,0.06797443461388716
56.14,-0.023271383243232205,0.13472517048836688,-0.011373046453193439,0.07467049403935004
56.15,-0.02430264441825949,0.1402775936483057,-0.012594854665918469,0.08128445142768205
56.160000000000004,-0.025319814672993615,0.1457438279654536,-0.013808464030890453,0.08781459465055068
56.17,-0.026322348367081222,0.15112280787120702,-0.015013222510426126,0.09425936297647194
56.18,-0.027309708604561483,0.156413543330845,-0.016208486616053307,0.1006173402285466
56.19,-0.028281367332126675,0.16161511592434916,-0.017393621548747094,0.10688724794997756
56.2,-0.029236805430244237,0.166726675011226,-0.01856800132547132,0.11306793860196934
56.21,-0.030175512797520593,0.17174743398473627,-0.01973100889270417,0.1191583888163806
56.22,-0.03109698842867756,0.17667666662007603,-0.020882036227621994,0.1251576927233424
56.230000000000004,-0.032000740486513954,0.1815137035201605,-0.022020484427606155,0.13106505537196048
56.24,-0.032886286368195954,0.18625792866177496,-0.02314576378873026,0.1368797862602105
56.25,-0.03375315276623014,0.19090877604427092,-0.024257293873872335,0.14260129298823687
56.26,-0.03460087572444894,0.19546572644198223,-0.025354503571085065,0.14822907504741273
56.27,-0.035429000689333835,0.19992830426121788,-0.02643683114284325,0.15376271775580905
56.28,-0.0362370825569883,0.20429607450164364,-0.027503724266773128,0.15920188634910376
56.29,-0.03702468571606849,0.20856863982173005,-0.028554640068451837,0.16454632023439306
56.300000000000004,-0.03779138408695724,0.21274563770703406,-0.02958904514685048,0.16979582741299637
56.31,-0.038536761157471254,0.21682673773983763,-0.030606415592975507,0.1749502790769673
56.32,-0.039260410015367876,0.2208116389681122,-0.03160623700224741,0.1800096043828281
56.33,-0.03996193337791997,0.22470006737139753,-0.032588004481136544,0.18497378540490006
56.34,-0.04064094361880705,0.22849177342085858,-0.033551222648559115,0.18984285226955244
56.35,-0.04129706279256846,0.23218652973042253,-0.03449540563251775,0.19461687847076725
56.36,-0.041929922656854066,0.2357841287957243,-0.03542007706245264,0.19929597636652915
56.370000000000005,-0.04253916469269645,0.23928438081722656,-0.036324770057752157,0.20388029285478704
56.38,-0.04312444012302386,0.2426871116038336,-0.037209027212852595,0.20837000522700552
56.39,-0.04368540992962203,0.2459921605530711,-0.03807240057934053,0.2127653171967396
56.4,-0.044221744868747866,0.2491993787039074,-0.0389144516454524,0.21706645510005648
56.410000000000004,-0.044733125485590074,0.25230862685807254,-0.03973475131334935,0.22127366426416462
56.42,-0.04521924212776185,0.25531977376585624,-0.040532879874529415,0.22538720554019218
56.43,-0.04567979495801343,0.2582326943722627,-0.0413084269837208,0.22940735199569315
56.44,-0.04611449396633119,0.2610472681193158,-0.04206099163158644,0.2333343857622567
56.45,-0.046523058981602784,0.26376337728894395,-0.04279018211655275,0.2371685950285807
56.46,-0.046905219683014185,0.26638090516139246,-0.04349561601606421,0.2409102711072556
56.47,-0.047260715611378123,0.2688997337043598,-0.04417692015756161,0.2445597053974793
56.480000000000004,-0.04758929618059889,0.2713197418124851,-0.0448337305894635,0.24811718705303096
56.49,-0.04789072068955645,0.2736408004364933,-0.04546569255241178,0.2515830002149444
56.5,-0.048164758335093566,0.27586275941211214,-0.04607246045104489,0.2549574213801381
56.51,-0.04841118822867299,0.27798538849332577,-0.04665369782652046,0.2582407182045436
56.52,-0.048629799425341624,0.28000820015968064,-0.04720907732963844,0.2614331579543213
56.53,-0.04882039096324707,0.2819308271446105,-0.047738280694136326,0.2645350087369683
56.54,-0.04898277189555702,0.2837531196962265,-0.04824099871048552,0.2675465214419977
56.550000000000004,-0.049116761839065215,0.2854577621202621,-0.04871693116012898,0.2704692556617446
56.56,-0.049222193903348546,0.28697763535978116,-0.04916578656906906,0.2733085411221511
56.57,-0.04929891904620362,0.2882900803599968,-0.04958728185851223,0.27606617324968646
56.58,-0.049346808360371926,0.2894002022361265,-0.049981142162530016,0.2787417782585912
56.59,-0.049365753388976884,0.29030409881215324,-0.05034710080082615,0.28133568957764316
56.6,-0.0493556661843272,0.2910028256411455,-0.050684899271795814,0.2838478398624464
56.61,-0.049316479362329926,0.2914954130708135,-0.05099428724673808,0.28627831297472195
56.620000000000005,-0.04924814611381018,0.29178235544466263,-0.05127502256854525,0.28862706221594925
56.63,-0.04915064019223574,0.2918638656956737,-0.051526871253460886,0.2908940535169953
56.64,-0.0490239558684664,0.2917407388940204,-0.05174960749731995,0.2930791708541784
56.65,-0.04886810785768199,0.2914139206881267,-0.05194301368616889,0.2951822792514161
56.660000000000004,-0.04868313121620849,0.2908847190563259,-0.05210688041098445,0.2972031936043908
56.67,-0.04846908121007763,0.2901546822434744,-0.052241006487330044,0.2991416610671091
56.68,-0.04822603315532082,0.2892256586274675,-0.052345198980289734,0.300997398140213
56.69,-0.047954082230641897,0.28809975812235067,-0.05241927323365357,0.30277007586404664
56.7,-0.04765334326312861,0.286779354193488,-0.05246305290400115,0.3044592988161368
56.71,-0.04732395049623175,0.28526680652241887,-0.05247637002630241,0.3060637856989935
56.72,-0.046966057577970136,0.28355719346935404,-0.05245906585745918,0.3075585097248727
56.730000000000004,-0.046579838296460896,0.28163303911812454,-0.05241099415674964,0.3088780480135549
56.74,-0.04616548808597814,0.27947664937120653,-0.05233202697766377,0.30995543918274304
56.75,-0.04572322542130414,0.2770823348963354,-0.052222060186100636,0.3107609023810924
56.76,-0.045253292368743606,0.2744526641099705,-0.052081016387107146,0.31129011559731873
56.77,-0.0447559544591847,0.2715912764826234,-0.051908845774317376,0.31154153167906856
56.78,-0.0442315003413733,0.2685019342851689,-0.05170552634534079,0.31151341332513593
56.79,-0.04368024139455953,0.26518883486340783,-0.051471064045889296,0.3112048603513627
56.800000000000004,-0.04310251130921499,0.2616564361240796,-0.051205492866098316,0.31061530369402157
56.81,-0.04249866563618636,0.25790952415387414,-0.05090887488576654,0.30974476367848186
56.82,-0.04186908130607872,0.2539531584958857,-0.05058130026969614,0.3085937223461388
56.83,-0.04121415612007849,0.24979267733641253,-0.05022288721252305,0.3071631822161035
56.84,-0.04053430821382902,0.2454336719977497,-0.049833781833464486,0.30545464013410434
56.85,-0.039829975495854306,0.24088197589785082,-0.04941415802079832,0.3034700975360755
56.86,-0.039101615062176596,0.23614364514387506,-0.04896421722667265,0.30121204139080276
56.870000000000005,-0.03834970258879262,0.23122494271855842,-0.04848418821310335,0.2986834403375222
56.88,-0.037574731703735945,0.22613232029935976,-0.04797432675013855,0.2958877313396473
56.89,-0.03677721334047377,0.22087240077657955,-0.047434915267262436,0.29282880876812817
56.9,-0.03595767507441993,0.21545196007858275,-0.04686626245930389,0.2895110094284406
56.910000000000004,-0.03511666044436747,0.2098779091014496,-0.04626870284828662,0.2859390969420926
56.92,-0.03425472826064999,0.20415727546000234,-0.04564259630282663,0.28211824430989096
56.93,-0.03337245190185602,0.19829718531462198,-0.04498832751682248,0.2780540152472804
56.94,-0.032470418601907435,0.19230484525997918,-0.04430630544932278,0.27375234416121247
56.95,-0.03154922872931185,0.1861875243899066,-0.04359696272758064,0.26921951501876834
56.96,-0.030609495060376978,0.17995253658643726,-0.0428607550154185,0.2644621391762435
56.97,-0.029651842048151373,0.17360722310926133,-0.042098160349126904,0.25948713233579734
56.980000000000004,-0.02867690508882948,0.16715893554357203,-0.041309678443207494,0.2543016907529057
56.99,-0.02768532978731639,0.16061501916809368,-0.04049582996834334,0.24891326684343884
57.0,-0.026677771223611892,0.15398279679794546,-0.03965715580403805,0.24332954432806223
57.01,-0.025654893221616196,0.14726955315446658,-0.038794216268410696,0.23755841305703268
57.02,-0.024617367621920426,0.14048251980955756,-0.03790759032766221,0.23160794365378962
57.03,-0.023565873560069343,0.1336288607476264,-0.036997874787748096,0.2254863621143959
57.04,-0.022501096751738614,0.12671565858423076,-0.03606568347079261,0.21920202449521536
57.050000000000004,-0.02142372878619171,0.11974990147531106,-0.035111646378771684,0.21276339181672646
57.06,-0.02033446642931781,0.11273847074701653,-0.0341364088469674,0.20617900530538213
57.07,-0.019234010937473362,0.10568812927080755,-0.03314063068966317,0.1994574620890158
57.08,-0.01812306738328908,0.09860551060448566,-0.03212498534050074,0.19260739145391162
57.09,-0.017002343994506616,0.09149710891478777,-0.03109015898986521,0.18563743176389338
57.1,-0.015872551506852836,0.08436926969291658,-0.030036849721594774,0.17855620813343775
57.11,-0.014734402531863052,0.07722818127000308,-0.028965766651237748,0.17137231093806252
57.120000000000005,-0.013588610940495016,0.07007986713501277,-0.027877629067993986,0.16409427523637535
57.13,-0.012435891263291286,0.06293017905393676,-0.026773165582386165,0.15673056116888764
57.14,-0.011276958107767514,0.05578479098475904,-0.025653113281608946,0.1492895353896126
57.15,-0.010112525593626104,0.04864919377940975,-0.02451821689439948,0.14177945357719457
57.160000000000004,-0.008943306806315164,0.04152869066027269,-0.023369227967165444,0.1342084440632751
57.17,-0.0077700132693768065,0.034428393455670454,-0.022206904052994157,0.12658449260692517
57.18,-0.0065933544359509585,0.027353219575859438,-0.02103200791505226,0.11891542833534383
57.19,-0.005414037199729366,0.020307889708396424,-0.019845306745768565,0.11120891086274913
57.2,-0.00423276542558167,0.013296926209326739,-0.018647571403074985,0.10347241859150315
57.21,-0.0030502395000066894,0.006324652164684403,-0.017439575664862504,0.09571323819204652
57.22,-0.0018671559014941661,-0.0006048089053333518,-0.0162220955026915,0.08793845525129186
57.230000000000004,-0.000684206790820713,-0.007487532728224113,-0.014995908375679181,0.08015494607259842
57.24,0.0004979203787587031,-0.014319793377602176,-0.01376179254537201,0.07236937060462816
57.25,0.0016785432315229202,-0.021098061819305815,-0.012520526412299036,0.06458816647094269
57.26,0.002856984819648258,-0.027819003937326066,-0.011272887874791507,0.056817544067462145
57.27,0.004032573954129502,-0.03447947807213506,-0.01001965371054889,0.04906348269064988
57.28,0.005204645516507782,-0.04107653210441698,-0.008761598981327943,0.041331727655655466
57.29,0.0063725407517037464,-0.047607400117121,-0.007499496461033937,0.033627788360499074
57.300000000000004,0.00753560754229183,-0.05406949866896563,-0.006234116087398177,0.0259569372498806
57.31,0.00869320066459484,-0.0604604227118937,-0.004966224437337376,0.018324209630058628
57.32,0.009844682027009072,-0.06677794118498094,-0.0036965842260054615,0.010734404284814356
57.33,0.010989420891004943,-0.07301999231631649,-0.002425953829468974,0.0031920848413148355
57.34,0.012126794075275298,-0.07918467866401296,-0.0011550868308629054,-0.004298418165831543
57.35,0.013256186143529587,-0.08527026192637095,0.00011526841018565554,-0.011733004584356664
57.36,0.014376989576455666,-0.09127515755062066,0.0013843691651423398,-0.019107801339735275
57.370000000000005,0.015488604928391062,-0.09719792916833853,0.0026514787214943487,-0.026419158587569623
57.38,0.01659044096925861,-0.10303728288468995,0.003915866745412439,-0.03366364537345558
57.39,0.017681914812344282,-0.10879206144755937,0.005176809622583844,-0.04083804484975936
57.4,0.018762452028494123,-0.1144612383211378,0.006433590777698084,-0.04793934909741667
57.410000000000004,0.019831486747330613,-0.12004391168760675,0.007685500973105918,-0.05496475359928698
57.42,0.02088846174608381,-0.12553929839901123,0.008931838587207015,-0.06191165140991733
57.43,0.021932828526644865,-0.13094672790012463,0.01017190987315099,-0.06877762706467017
57.44,0.02296404738144776,-0.13626563614205994,0.011405029198462752,-0.07556045026917214
57.45,0.023981587448789487,-0.14149555950445042,0.01263051926622413,-0.08225806940800165
57.46,0.024984926758194474,-0.14663612874346704,0.013847711318462049,-0.08886860490929721
57.47,0.025973552266429202,-0.15168706298088203,0.015055945322406963,-0.09539034249986382
57.480000000000004,0.026946959884764178,-0.1566481637486793,0.016254570140296725,-0.10182172638303522
57.49,0.02790465449808272,-0.1615193091020259,0.017442943683407316,-0.10816135236939318
57.5,0.02884614997641896,-0.16630044781250003,0.018620433050997823,-0.11440796098817102
57.51,0.02977096917950929,-0.17099159365209343,0.019786414654857105,-0.1205604306050059
57.52,0.03067864395492168,-0.1755928197774075,0.020940274330140455,-0.12661777056953308
57.53,0.03156871513032883,-0.18010425322253262,0.022081407433179767,-0.13257911441420642
57.54,0.0324407325004711,-0.18452606950773237,0.023209218926946433,-0.13844371312372264
57.550000000000004,0.033294254809345405,-0.18885848737051833,0.024323123454839064,-0.14421092849239192
57.56,0.03412884972814785,-0.19310176362439985,0.02542254540345845,-0.14988022658496175
57.57,0.03494409382948273,-0.1972561881499906,0.026506918955021906,-0.15545117131455746
57.58,0.03573957255833262,-0.20132207902228558,0.027575688130058586,-0.1609234181496636
57.59,0.036514880200279244,-0.20529977777716424,0.028628306821012153,-0.16629670796048016
57.6,0.037269619847444056,-0.20918964481958716,0.029664238817365275,-0.1715708610133795
57.61,0.03800340336260798,-0.21299205497527177,0.030682957822884088,-0.17674577112080264
57.620000000000005,0.03871585134194742,-0.21670739318713328,0.03168394746556653,-0.18182139995253127
57.63,0.03940659307682451,-0.22033605035724,0.032666701300860246,-0.1867977715130265
57.64,0.040075266515032765,-0.2238784193345485,0.03363072280870231,-0.19167496678837526
57.65,0.04072151822191006,-0.2273348910484363,0.03457552538491212,-0.19645311856526956
57.660000000000004,0.04134500334169117,-0.23070585078732592,0.03550063232745555,-0.201132406423491
57.67,0.04194538555948113,-0.23399167462187562,0.03640557681807773,-0.20571305190245293
57.68,0.04252233706419476,-0.23719272597129215,0.03728990189978707,-0.21019531384155923
57.69,0.04307553851281125,-0.24030935231178613,0.038153160450654026,-0.21457948389336956
57.7,0.04360467899626559,-0.2433418820255253,0.038994915154371756,-0.21886588220782194
57.71,0.04410945600729323,-0.2462906213916844,0.0398147384680086,-0.22305485328081068
57.72,0.04458957541052244,-0.24915585171779547,0.04061221258736603,-0.2271467619619772
57.730000000000004,0.04504475141510022,-0.2519378267369439,0.041386929410340965,-0.23114198957372079
57.74,0.0454747065501056,-0.2546367702279584,0.04213849049868517,-0.23504092995319276
57.75,0.04587917164301561,-0.2572528728766449,0.042866507038525,-0.238843986517263
57.76,0.04625788580146292,-0.2597862911344493,0.04357059979997516,-0.24255156866230018
57.77,0.04661059639845599,-0.26223714540270726,0.04425039909619673,-0.24616408807592818
57.78,0.04693705906117423,-0.264605519982519,0.04490554474224676,-0.2496819556880287
57.79,0.04723703766326112,-0.2668914668693215,0.045535686014060744,-0.25310557784968135
57.800000000000004,0.04751030431984519,-0.2690950245124061,0.046140481607979886,-0.2564353510661159
57.81,0.04775663938134794,-0.2712163132727141,0.0467195996015346,-0.2596716497840987
57.82,0.04797583142148398,-0.273255519552132,0.047272717416364546,-0.26281482076529217
57.83,0.048167677228477826,-0.27521256827940205,0.04779952178300957,-0.26586520842747285
57.84,0.048331981811998354,-0.2770872520085998,0.048299708705851076,-0.26882317370331804
57.85,0.048468559198632195,-0.2788541936788076,0.0487729833647231,-0.2716911045542362
57.86,0.04857723575203918,-0.2804465729433306,0.04921905981725209,-0.27447459152909787
57.870000000000005,0.048657854516887006,-0.28184681697548863,0.049637660624047765,-0.2771753034783343
57.88,0.04871027725555403,-0.2830598349521024,0.05002851666006442,-0.2797931025159274
57.89,0.048734384678217654,-0.2840815806122756,0.05039136707289645,-0.2823284907932565
57.9,0.048730076521194404,-0.2849128641950581,0.05072595925750164,-0.2847815704973117
57.910000000000004,0.048697271625584224,-0.2855524469748282,0.0510320488347745,-0.2871525494239857
57.92,0.048635907977616015,-0.2860005008590377,0.0513093996370747,-0.2894414970794974
57.93,0.04854594272948411,-0.2862568837608837,0.051557783698817326,-0.291648472677148
57.94,0.048427352191140596,-0.28632199372907585,0.05177698125334236,-0.2937734370125978
57.95,0.04828013179791538,-0.28619634827687435,0.05196678073573209,-0.29581632225592386
57.96,0.048104296051472054,-0.28588079140167166,0.05212697879100807,-0.29777699511975714
57.97,0.0478998784357332,-0.2853763786638972,0.05225738028826984,-0.299655252908409
57.980000000000004,0.04766693130772941,-0.28468443006885125,0.052357798341435176,-0.30145083200918743
57.99,0.047405525763969884,-0.2838064995431519,0.052428054335902544,-0.30316341886521947
58.0,0.047115751482625826,-0.28274438043742633,0.052467977960645985,-0.30479264285374263
58.01,0.046797716559400765,-0.28149953717025655,0.052477407300101274,-0.3063363194197586
58.02,0.046451547632429716,-0.28006444198025976,0.05245618991745534,-0.30776308136507974
58.03,0.046077390820514055,-0.2784198129262605,0.05240418658114264,-0.3090037745412574
58.04,0.04567541336569046,-0.2765481087169074,0.05232127728182998,-0.309994168749029
58.050000000000004,0.04524580503558973,-0.274444306672934,0.05220736655297659,-0.3107089033362623
58.06,0.044788778647187256,-0.2721107056445963,0.052062386081464025,-0.3111450770454851
58.07,0.044304569962136255,-0.2695502382446918,0.05188629539726424,-0.3113012164392212
58.08,0.04379343739849513,-0.2667660858520394,0.05167908204115734,-0.3111761008250447
58.09,0.04325566170654762,-0.2637617886638559,0.05144076167206465,-0.31076914788233606
58.1,0.042691545613118484,-0.2605411736848804,0.05117137812396145,-0.3100802258375965
58.11,0.04210141343520531,-0.2571083724420763,0.050871003411068476,-0.30910974938393115
58.120000000000005,0.041485610664364465,-0.25346779262239105,0.05053973768180803,-0.3078586306311435
58.13,0.04084450352308308,-0.24962411177315091,0.05017770912139074,-0.3063283005960164
58.14,0.04017847849457339,-0.24558225922689214,0.04978507380340461,-0.30452069413860944
58.15,0.03948794182744039,-0.24134740199740634,0.049362015490996294,-0.3024382412174028
58.160000000000004,0.03877331901678699,-0.23692492819899394,0.04890874538871406,-0.30008385587696035
58.17,0.03803505426332827,-0.23232043179366385,0.048425501845942964,-0.2974609292927753
58.18,0.037273609912115695,-0.22753969577203512,0.04791255001295535,-0.2945733148132816
58.19,0.036489465872508585,-0.22258867567402074,0.04737018145088036,-0.2914253141079062
58.2,0.03568311902106576,-0.21747348261334545,0.04679871369710417,-0.2880216599275833
58.21,0.03485508258904264,-0.2122003663565979,0.04619848978777728,-0.28436749823355845
58.22,0.03400588553618917,-0.20677569833898862,0.045569877739251925,-0.28046836876530584
58.230000000000004,0.033136071912546465,-0.20120595475298503,0.044913269990400684,-0.27633018433912554
58.24,0.0322462002099295,-0.19549769975348646,0.04422908280789868,-0.27195920894227527
58.25,0.031336842704771516,-0.18965756886684032,0.043517755656666504,-0.2673620348496913
58.26,0.03040858479398991,-0.18369225266245137,0.04277975053776908,-0.26254555886200726
58.27,0.029462024325496022,-0.17760848075296026,0.04201555129615214,-0.25751695783291456
58.28,0.02849777092495082,-0.17141300618095215,0.04122566290066612,-0.2522836636219632
58.29,0.027516445320317523,-0.1651125902473919,0.04041061069888422,-0.24685333762600833
58.300000000000004,0.026518678665726582,-0.15871398783215815,0.03957093964926137,-0.24123384503287623
58.31,0.02550511186611153,-0.15222393325255146,0.03870721353320707,-0.23543322894285518
58.32,0.02447639490402611,-0.14564912670098815,0.037820014149657036,-0.2294596844979569
58.33,0.023433186169991894,-0.13899622129818465,0.036909940494725756,-0.22332153315544043
58.34,0.02237615179766407,-0.13227181079325906,0.035977607929007206,-0.2170271972359752
58.35,0.02130596500503747,-0.12548241793746254,0.035023647335061525,-0.21058517487065168
58.36,0.02022330544285046,-0.11863448355313347,0.03404870426758458,-0.2040040154636613
58.370000000000005,0.019128858551271492,-0.1117343563150071,0.03305343809870487,-0.19729229577957114
58.38,0.01802331492588197,-0.10478828325613915,0.032038521160788806,-0.19045859675557997
58.39,0.016907369693901084,-0.09780240100623963,0.03100463788906181,-0.18351148113021584
58.4,0.01578172190151658,-0.09078272776599164,0.029952483966270704,-0.17645947197052092
58.410000000000004,0.014647073913123572,-0.08373515601655344,0.02888276547152186,-0.16931103217032054
58.42,0.013504130823187065,-0.07666544595978877,0.027796198035332755,-0.1620745449823849
58.43,0.012353599881382717,-0.06957921968080369,0.026693506002829857,-0.15475829563767982
58.44,0.011196189931588343,-0.06248195602125271,0.025575421606917788,-0.1473704540951993
58.45,0.010032610865239688,-0.05537898614833636,0.02444268415313013,-0.1399190589564809
58.46,0.008863573089477866,-0.04827548980187028,0.02329603921775755,-0.1324120025696503
58.47,0.0076897870104684326,-0.041176492198951045,0.022136237860727888,-0.12485701733901422
58.480000000000004,0.006511962532186555,-0.03408686157354084,0.020964035854594346,-0.1172616632476867
58.49,0.005330808570917054,-0.02701130732611006,0.019780192930865064,-0.10963331659277009
58.5,0.00414703258564541,-0.019954378756991787,0.018585472044787592,-0.10197915992500578
58.51,0.0029613401244622892,-0.012920464355124454,0.017380638659581383,-0.09430617317790285
58.52,0.0017744343870489485,-0.005913791613258709,0.016166460050992235,-0.08662112596484624
58.53,0.0005870158032597173,0.0010615726607855515,0.014943704632926937,-0.07893057101689524
58.54,-0.000600218372237009,0.008001721567621222,0.013713141304812803,-0.07124083872874083
58.550000000000004,-0.0017865744493348996,0.014902906905846598,0.012475538821215585,-0.06355803277562054
58.56,-0.0029713626760122405,0.021761537559251854,0.011231665184144132,-0.05588802675998424
58.57,-0.004153897596159785,0.028574177513207403,0.009982287058366244,-0.04823646184325651
58.58,-0.005333498391918566,0.03533754353145944,0.008728169209963579,-0.04060874531513683
58.59,-0.006509489210760056,0.042048502524468775,0.007470073968259518,-0.03301005005064021
58.6,-0.007681199477572067,0.04870406863933667,0.006208760711165504,-0.025445314803208746
58.61,-0.008847964192048365,0.055301400101213496,0.004944985373910139,-0.017919245281042762
58.620000000000005,-0.010009124211689818,0.061837795834711065,0.003679499981034463,-0.010436315952950788
58.63,-0.011164026520766332,0.06831069189317691,0.002413052201468246,-0.003000772529670838
58.64,-0.012312024485589457,0.0747176577224192,0.0011463849264318786,0.004383364933295945
58.65,-0.013452478096474502,0.08105639228433197,-0.00011976413015069923,0.011712298364910497
58.660000000000004,-0.014584754196774309,0.08732472006460765,-0.00138466280910078,0.018982447492652547
58.67,-0.015708226699394243,0.09352058698745347,-0.0026475848617167775,0.026190445193109216
58.68,-0.016822276791184695,0.09964205625877912,-0.003907810284259236,0.03333313242947739
58.69,-0.017926293125637715,0.10568730415805921,-0.005164625631696868,0.040407552824769793
58.7,-0.019019672004298473,0.1116546157976007,-0.006417324311260193,0.04741094691774237
58.71,-0.020101817547323302,0.11754238086667312,-0.007665206856378152,0.054340746146644095
58.72,-0.021172141853606018,0.1233490893763925,-0.008907581181601426,0.06119456660378573
58.730000000000004,-0.022230065150894276,0.1290733274201985,-0.010143762819138966,0.06797020260176377
58.74,-0.023275015936327227,0.1347137729631392,-0.011373075137650374,0.07466562008991583
58.75,-0.024306431107806566,0.14026919167213203,-0.01259484954395459,0.08127894995723622
58.76,-0.02532375608662248,0.1457384327979821,-0.013808425668323765,0.08780848125569451
58.77,-0.02632644493174308,0.15112042511892831,-0.015013151534040287,0.09425265437545954
58.78,-0.027313960446173832,0.15641417295406265,-0.016208383711898765,0.10061005420127159
58.79,-0.02828577427578211,0.1616187522542706,-0.01739348746033695,0.10687940327679785
58.800000000000004,-0.029241367000981906,0.1667333067769221,-0.01856783685187785,0.11305955500160196
58.81,-0.030180228221653206,0.17175704434986383,-0.01973081488656264,0.1191494868830504
58.82,-0.031101856635676172,0.17668923322914626,-0.0208818135930476,0.12514829386340312
58.83,-0.0320057601114391,0.18152919855421734,-0.022020234118030887,0.13105518174014988
58.84,-0.03289145575467361,0.18627631890323304,-0.023145486804665844,0.13686946069574796
58.85,-0.033758469969964795,0.19093002295074896,-0.024256991260605754,0.14259053895090204
58.86,-0.03460633851726471,0.1954897862289366,-0.02535417641631291,0.14821791655379166
58.870000000000005,-0.035434606563736135,0.19995512799308873,-0.02643648057425168,0.15375117931584584
58.88,-0.03624282873123806,0.20432560819137435,-0.02750335144956916,0.15918999290310917
58.89,-0.037030569139755054,0.2086008245384019,-0.028554246202853,0.1645340970906435
58.9,-0.03779740144706214,0.21278040969131656,-0.02958863146553861,0.16978330018605606
58.910000000000004,-0.03854290888490976,0.2168640285271239,-0.030605983358520973,0.17493747362685183
58.92,-0.039266684291996916,0.22085137551896517,-0.03160578750450979,0.17999654675512847
58.93,-0.03996833014399671,0.2247421722091391,-0.03258753903464799,0.18496050177196918
58.94,-0.04064745858088617,0.22853616477596742,-0.033550742589896085,0.18982936887286878
58.95,-0.04130369143182402,0.23223312169153712,-0.03449491231766672,0.19460322156455523
58.96,-0.041936660237807837,0.2358328314668683,-0.035419571864175915,0.19928217216273555
58.97,-0.04254600627233965,0.23933510048106071,-0.03632425436295873,0.20386636746949582
58.980000000000004,-0.04313138056031467,0.24273975089060768,-0.03720850241997987,0.20835598462837232
58.99,-0.04369244389534135,0.24604661861495314,-0.03807186809575179,0.21275122715450667
59.0,-0.04422886685569637,0.24925555139441158,-0.038913912884855135,0.2170523211367296
59.01,-0.04474032981910821,0.252366406916302,-0.03973420769323953,0.2212595116079092
59.02,-0.04522652297655563,0.255379051005195,-0.040532332813665965,0.22537305907950192
59.03,-0.04568714634526275,0.2582933558732665,-0.04130787789963537,0.22939323623589833
59.04,-0.04612190978106742,0.2611091984262348,-0.042060441938132305,0.23332032478390768
59.050000000000004,-0.04653053299033039,0.26382645860408904,-0.0427896332214973,0.23715461244531735
59.06,-0.04691274554156371,0.26644501745499666,-0.04349506931873,0.24089638999833607
59.07,-0.04726828687696955,0.26896475498533656,-0.04417637704652067,0.24454594829070075
59.08,-0.04759690632410009,0.27138554821635225,-0.044833192440287516,0.24810357590723278
59.09,-0.047898363107918396,0.27370726637142656,-0.045465160725480236,0.2515695564019411
59.1,-0.048172426363958354,0.27592975759599164,-0.04607193628941168,0.2549441656881144
59.11,-0.04841887515511557,0.27805279086245527,-0.046653182653837506,0.2582276709142036
59.120000000000005,-0.04863749850076112,0.2800758759838932,-0.04720857244812729,0.261420338995056
59.13,-0.048828095416694035,0.2819986362296169,-0.04773778738259787,0.26452243770160183
59.14,-0.048990474947651436,0.28382091930626746,-0.04824051822235015,0.26753421740644234
59.15,-0.049124456714289146,0.2855254721424936,-0.048716464721695295,0.270457232656525
59.160000000000004,-0.049229873839306396,0.287045175147659,-0.04916533537805794,0.27329681138540635
59.17,-0.0493065773030182,0.28835732544955306,-0.04958684708281658,0.2760547488046449
59.18,-0.04935443823231004,0.2894670261604837,-0.04998072493909502,0.27873066841398997
59.19,-0.04937334821701066,0.2903703758012098,-0.050346702234731124,0.28132490161717894
59.2,-0.04936321936868929,0.29106843011195616,-0.05068452043554298,0.2838373793653964
59.21,-0.049323984375003654,0.29156022056356523,-0.050993929179707916,0.2862681841734384
59.22,-0.04925559651091632,0.29184624271949416,-0.05127468627658706,0.2886172682303484
59.230000000000004,-0.049158029626278334,0.2919267111958711,-0.05152655770859192,0.2908845966151115
59.24,-0.04903127810040968,0.29180242287227065,-0.0517493176375198,0.2930700523156745
59.25,-0.04887535676883122,0.29147432556540315,-0.0519427484152603,0.2951734997029775
59.26,-0.04869030081986689,0.29094372970382154,-0.052106640598579106,0.29719475326687633
59.27,-0.04847616566295381,0.29021218608337396,-0.05224079296883337,0.2991335593380703
59.28,-0.048233026768669564,0.28928154592277133,-0.052345012556971215,0.3009896338920812
59.29,-0.0479609794811119,0.2881539222357797,-0.052419114672769176,0.30276264766783956
59.300000000000004,-0.04766013880329383,0.28683169184186175,-0.05246292293893926,0.3044522053119201
59.31,-0.04733063916499925,0.28531721085144723,-0.05247626935743197,0.3060570028838933
59.32,-0.0469726344120442,0.2836055268583191,-0.05245899515742511,0.3075519056986802
59.33,-0.0465862985419182,0.28167921163906595,-0.052410954077248,0.30887163008419394
59.34,-0.0461718272059582,0.2795206402800341,-0.052332018145148027,0.30994941961641553
59.35,-0.04572943910042739,0.27712408804719707,-0.05222208318850485,0.310755367491482
59.36,-0.04525937651848053,0.2744921047985247,-0.05208107176499863,0.3112850785497153
59.370000000000005,-0.044761905224555094,0.2716283391493419,-0.051908934017715055,0.31153701972347425
59.38,-0.04423731410749761,0.2685365552746664,-0.051705647891559285,0.3115094447740301
59.39,-0.043685914792758386,0.2652209562177723,-0.051471219277465084,0.31120145614494715
59.4,-0.04310804122266381,0.2616860038255457,-0.051205682108865405,0.31061248146295384
59.410000000000004,-0.04250404920510811,0.2579364891328859,-0.05090909840705877,0.30974254056593387
59.42,-0.04187431593247048,0.2539774762615406,-0.05058155827668802,0.308592113914809
59.43,-0.041219239471962606,0.24981430827596612,-0.05022317985069239,0.3071622029262631
59.44,-0.04053923822902145,0.24545258129373868,-0.0498341091852218,0.30545430183357086
59.45,-0.03983475038524758,0.24089813365155013,-0.049414520104326703,0.30347041013400367
59.46,-0.039106233312531435,0.2361570264101503,-0.048964613994969736,0.3012130130276553
59.47,-0.038354162965032516,0.2312355275528931,-0.0484846195532073,0.29868507726264015
59.480000000000004,-0.03757903325074067,0.22614009379123728,-0.04797479248254186,0.29589003787362644
59.49,-0.03678135538437015,0.22087735307813497,-0.047435415145520694,0.29283178721433584
59.5,-0.035961657223364994,0.2154540864228146,-0.04686679616984354,0.28951466010385873
59.51,-0.03512048258882481,0.20987720981453983,-0.04626927001041222,0.28594341815973506
59.52,-0.0342583905731573,0.2041537559652489,-0.04564319646892835,0.2821232323786827
59.53,-0.03337595483628415,0.19829085612887348,-0.04498896017278342,0.27805966447761643
59.54,-0.032473762892211086,0.192295721981728,-0.044306970015125804,0.2737586468820065
59.550000000000004,-0.03155241538777549,0.18617562767930762,-0.0435976585581124,0.26922646160281594
59.56,-0.030612525375353864,0.17993789213692096,-0.04286148140146867,0.26446971807514913
59.57,-0.029654717581304925,0.17358986161066906,-0.042098916518578264,0.2594953301233854
59.58,-0.02867962767187625,0.1671388926367379,-0.041310463562412886,0.2543104921771051
59.59,-0.027687901518277706,0.16059233539069728,-0.04049664314368412,0.24892265488603663
59.6,-0.026680194462578122,0.15395751752159992,-0.03965799608365797,0.2433395002719074
59.61,-0.025657170586034266,0.14724172851297226,-0.03879508264411807,0.2375689165601394
59.620000000000005,-0.02461950198140676,0.14045220461824318,-0.03790848173699349,0.23161897282978935
59.63,-0.02356786803076071,0.13359611441383595,-0.0369987901161841,0.22549789361872524
59.64,-0.022502954690187642,0.12668054500883838,-0.03606662155411936,0.21921403361643968
59.65,-0.02142545378282029,0.1197124889454658,-0.035112606005575815,0.21277585257234607
59.660000000000004,-0.020336062301433488,0.11269883182002731,-0.034137388761257596,0.20619189054148573
59.67,-0.01923548172186905,0.10564634064940973,-0.03314162959360645,0.19947074358311623
59.68,-0.018124417328430956,0.09856165300350946,-0.03212600189726431,0.19262104002032326
59.69,-0.017003577552328772,0.09145126691947261,-0.03109119182655254,0.18565141736100407
59.7,-0.015873673324170706,0.08432153160907238,-0.03003789743226562,0.17857049997222949
59.71,-0.014735417441421173,0.07717863896616169,-0.02896682780000121,0.17138687759129903
59.72,-0.013589523951667574,0.07002861587700739,-0.027878702192163242,0.16410908474782057
59.730000000000004,-0.012436707552446634,0.06287731733197087,-0.026774249195684767,0.156745581162034
59.74,-0.011277683008321514,0.055730420333539865,-0.025654205877416857,0.14930473317534534
59.75,-0.010113164585795417,0.04859341859146071,-0.024519316949028966,0.14179479625991487
59.76,-0.008943865506594092,0.041471617992997714,-0.023370333943155724,0.1342238986450031
59.77,-0.007770497419755534,0.03437013283239487,-0.02220801440241444,0.1266000260889592
59.78,-0.006593769892893896,0.027293882781386947,-0.021033121082803422,0.118931007817074
59.79,-0.0054143899229375445,0.020247590579438018,-0.01984642117287307,0.11122450363728952
59.800000000000004,-0.004233061466555606,0.013235780420285722,-0.018648685529946054,0.10348799223782
59.81,-0.0030504849904357976,0.00626277700922899,-0.01744068793454297,0.0957287606633184
59.82,-0.001867357041492147,-0.0006672947363810539,-0.016223204364053702,0.08795389495925972
59.83,-0.0006843698370288095,-0.007550509372299468,-0.014997012286577599,0.08017027196773224
59.84,0.0004977891251767725,-0.014383140028511633,-0.013762889975740612,0.07238455225193177
59.85,0.0016784374369714647,-0.021161656957608327,-0.012521615847185674,0.06460317412129342
59.86,0.0028568981302541574,-0.027882725562480885,-0.011273967817322554,0.056832348724393814
59.870000000000005,0.004032500007934889,-0.03454320393588655,-0.010020722684817168,0.0490780561725257
59.88,0.005204577955681148,-0.04114013994490814,-0.008762655535198194,0.04134604265320306
59.89,0.006372473234741537,-0.047670767893291305,-0.0075005391688596195,0.033641818489724126
59.9,0.007535533756192007,-0.05413250479458464,-0.006235143552644862,0.025970657100361512
59.910000000000004,0.008693114336975104,-0.06052294628895298,-0.004967235295107619,0.018337594808713244
59.92,0.00984457693814994,-0.06683986223569717,-0.0036975771454611085,0.010747431455166321
59.93,0.010989290885790962,-0.07308119201346605,-0.0024269275161467054,0.0032047317583885917
59.94,0.012126633075014015,-0.07924503955897434,-0.0011560400288798183,-0.004286172624911622
59.95,0.013255988157625274,-0.08532966817447489,0.00011433691603941572,-0.011721180393923104
59.96,0.014376748713915316,-0.09133349513334729,0.0013834605474266025,-0.019096417303167117
59.97,0.015488315409138743,-0.09725508611180134,0.0026505941082597766,-0.02640823231878619
59.980000000000004,0.016590097135239994,-0.1030931494742224,0.0039150072184609575,-0.03365319328213488
59.99,0.017681511138396677,-0.10884653043760753,0.005175976215850103,-0.040828082130177676
60.0,0.018761983132964254,-0.11451420514044286,0.0064327844757529,-0.047929889720697845
60.01,0.019830947402416796,-0.12009527463897102,0.007684722709782708,-0.05495581030895116
60.02,0.020887846887885055,-0.1255889588534806,0.008931089244351303,-0.061903235720532544
60.03,0.021932133264896247,-0.13099459048512083,0.010171190279493321,-0.06876974926347439
60.04,0.022963267008925498,-0.13631160892311225,0.011404340128614509,-0.0755531194204929
60.050000000000004,0.023980717450365407,-0.14153955416031092,0.012629861439796112,-0.08225129336032035
60.06,0.02498396281952395,-0.1466780607341811,0.013847085399304798,-0.08886239030481348
60.07,0.025972490282254682,-0.15172685170859304,0.01505535191797211,-0.09538469478640786
60.08,0.026945795966821968,-0.15668573271087693,0.016254009801117634,-0.10181664982818736
60.09,0.027903384982593545,-0.161554586037003,0.01744241690269813,-0.10815685007667247
60.1,0.02884477143115095,-0.16633336483674394,0.018619940264368907,-0.11440403491516658
60.11,0.029769478410398214,-0.17102208738945132,0.01978595624014519,-0.12055708158331858
60.120000000000005,0.030677038012237583,-0.17562083147978225,0.02093985060735132,-0.12661499832641954
60.13,0.031566991314376444,-0.18012972888190495,0.022081018664541256,-0.13257691759580673
60.14,0.0324388883668115,-0.18454895995942044,0.023208865317069786,-0.13844208931976398
60.15,0.03329228817353255,-0.18887874838743363,0.02432280515098548,-0.1442098742622774
60.160000000000004,0.034126758669968234,-0.19311935600221336,0.025422262495908513,-0.14987973748514516
60.17,0.03494187669668907,-0.19727107778306127,0.026506671477545526,-0.155451241927112
60.18,0.03573722796986678,-0.20133423697026653,0.02757547606048176,-0.16092404211197997
60.19,0.03651240704897907,-0.20530918032214324,0.028628130081877933,-0.16629787799599785
60.2,0.03726701730222303,-0.20919627351376263,0.029664097276686115,-0.17157256896329035
60.21,0.03800067087010866,-0.21299589667900226,0.030682851294981987,-0.17674800797666348
60.22,0.03871298862766521,-0.21670844009740017,0.031683875711997454,-0.18182415588970743
60.230000000000004,0.039403600145693975,-0.22033430002640847,0.03266666403142037,-0.1868010359249316
60.24,0.04007214365148226,-0.22387387467949452,0.0336307196825114,-0.19167872832142077
60.25,0.04071826598937631,-0.22732756034990836,0.034575556011571716,-0.19645736515449944
60.26,0.04134162258160308,-0.23069574767975615,0.03550069626827727,-0.20113712532883
60.27,0.04194187738970363,-0.23397881807339554,0.03640567358737905,-0.2057182297455389
60.28,0.042518702876946125,-0.2371771402543451,0.03729003096624995,-0.2102009366430891
60.29,0.04307177997204841,-0.24029106696418073,0.03815332123874328,-0.21458553711091777
60.300000000000004,0.04360079803454566,-0.24332093180347408,0.038995107045809184,-0.21887235077283934
60.31,0.044105454822115656,-0.2462670462155508,0.03981496080329916,-0.22306172162856605
60.32,0.044585456460157456,-0.24912969662103251,0.04061246466737279,-0.22715401407486524
60.33,0.045040517413903206,-0.25190914196610525,0.041387210497909284,-0.23114960886967206
60.34,0.04547036046332555,-0.2546056108866207,0.042138799820314786,-0.2350488994851855
60.35,0.045874716681117145,-0.25721929882262556,0.0428668437860763,-0.23885228916156923
60.36,0.04625332541395707,-0.25975036750115915,0.043570963132405494,-0.24256018682848057
60.370000000000005,0.04660593426723684,-0.2621989418987912,0.04425078814132934,-0.2461730039701734
60.38,0.0469322990933805,-0.2645651111299966,0.04490595859856537,-0.2496911512934661
60.39,0.04723218398367483,-0.2668489316911299,0.045536123752524256,-0.25311503497011956
60.4,0.04750536126293138,-0.26905044345447215,0.04614094227384267,-0.2564450517441626
60.410000000000004,0.04775161148366617,-0.27116974966658547,0.0467200822161004,-0.2596815779345316
60.42,0.04797072341456021,-0.2732070483593661,0.0472732209786436,-0.2628249602852725
60.43,0.048162494030635966,-0.2751622905595426,0.0478000452713967,-0.26587554136298497
60.44,0.048326728518664146,-0.27703526909834686,0.04830025108010938,-0.2688336751702369
60.45,0.04846324107270601,-0.2788005877812477,0.048773543568423165,-0.27170174714892004
60.46,0.04857185821576728,-0.28039140820530895,0.049219636780226735,-0.27448535580592603
60.47,0.048652423144040544,-0.28179018884214324,0.04963825326440176,-0.277186173271814
60.480000000000004,0.0487047977619947,-0.28300185281418255,0.050029123885840555,-0.2798040624299465
60.49,0.04872886291118479,-0.28402235307462453,0.05039198778353866,-0.2823395286593748
60.5,0.048724518448191353,-0.2848525054539221,0.05072659234510883,-0.2847926752372035
60.51,0.04869168332296307,-0.28549107268079,0.051032693185201906,-0.2871637110796575
60.52,0.048630295618891047,-0.2859382297753842,0.05131005413092621,-0.28945270670126927
60.53,0.04854031257341739,-0.2861938363199966,0.05155844721235098,-0.29165972177754607
60.54,0.048421710569629385,-0.28625829237234235,0.05177765265931109,-0.2937847177895441
60.550000000000004,0.04827448510370132,-0.2861321170793749,0.05196745890414536,-0.2958276280561002
60.56,0.04809865072570196,-0.28581615563625073,0.052127662589821454,-0.2977883193191039
60.57,0.04789424095540505,-0.2853114645266395,0.052258068584045,-0.2996665890344481
60.58,0.0476613081730508,-0.284619364596162,0.05235848999997206,-0.30146217420272836
60.59,0.04739992348563954,-0.2837414105426333,0.052428748222789666,-0.3031747628164577
60.6,0.047110176569063064,-0.2826793958449806,0.05246867294172931,-0.3048039839904089
60.61,0.046792175503450884,-0.28143480140060484,0.052478102240321484,-0.3063477054427228
60.620000000000005,0.04644604689603605,-0.2800001391302751,0.05245688367322873,-0.3077746856618408
60.63,0.04607193681944815,-0.2783560513935368,0.05240487799284939,-0.3090155324387983
60.64,0.0456700124591177,-0.27648493609397373,0.052321965181382726,-0.3100058274123661
60.65,0.04524046351845363,-0.2743818252650253,0.05220804977991471,-0.310720387077188
60.660000000000004,0.04478350274060826,-0.2720490335884944,0.05206306349235538,-0.3111563639904594
60.67,0.04429936580215852,-0.26948948715059706,0.0518869658694322,-0.3113122690603254
60.68,0.043788311024824056,-0.26670636803373327,0.051679744475867775,-0.31118688968448116
60.69,0.043250619051492155,-0.2637032132198903,0.051441414997732846,-0.31077963993150887
60.7,0.04268659249072594,-0.26048384816144127,0.051172021299302824,-0.31009039044474984
60.71,0.04209655553063039,-0.25705240171071575,0.05087163542821301,-0.3091195554977168
60.72,0.04148085352347692,-0.2534132791564848,0.05054035756935113,-0.30786804837633175
60.730000000000004,0.04083985254233949,-0.24957115525816054,0.05017831594736921,-0.30633730088164335
60.74,0.04017393891116893,-0.24553095646674555,0.049785666678179075,-0.3045292488777283
60.75,0.03948351870975825,-0.24129784666067333,0.0493625935700441,-0.30244632310341346
60.76,0.03876901725516515,-0.23687721070262152,0.048909307875326734,-0.3000914387821067
60.77,0.03803087856116118,-0.23227463912463953,0.048426047993810804,-0.29746798833818566
60.78,0.03726956477730221,-0.2274959113359745,0.04791307912862448,-0.294579826490259
60.79,0.03648555560926504,-0.22254697913915106,0.047370692896071986,-0.29143125636712347
60.800000000000004,0.035679347722119045,-0.21743394976544403,0.04679920689088606,-0.2880270122715889
60.81,0.034851454128214505,-0.2121630689584111,0.04619896420857935,-0.2843722418005527
60.82,0.0340024035613907,-0.20674070399744915,0.045570332926716604,-0.28047248640998085
60.83,0.03313273983918985,-0.2011733267926789,0.044913705547061034,-0.27633366070279614
60.84,0.0322430212147736,-0.19546749709760775,0.044229498400676866,-0.27196203051735846
60.85,0.031333819720210807,-0.1896298459256121,0.043518151018186464,-0.26736419003546874
60.86,0.030405720502798068,-0.1836670592292557,0.042780125467477885,-0.2625470380127628
60.870000000000005,0.02945932115603523,-0.17758586190857217,0.04201590566124537,-0.25751775329752624
60.88,0.028495231046853402,-0.17139300220609724,0.04122599663681352,-0.2522837697751365
60.89,0.027514070640651634,-0.16509523654383665,0.04041092381075242,-0.24685275089085623
60.9,0.02651647082564971,-0.15869931485272268,0.03957123221083196,-0.24123256389488018
60.910000000000004,0.025503072238021767,-0.15221196644017165,0.03870748568788829,-0.23543125395517508
60.92,0.0244745245892152,-0.14563988643718742,0.0378202661101889,-0.2294570182781481
60.93,0.023431485996804967,-0.13898972286105005,0.03691017254287921,-0.2233181803737041
60.94,0.02237462232016981,-0.13226806432531846,0.03597782041507838,-0.21702316459508744
60.95,0.021304606502211918,-0.12548142842342172,0.03502384067716325,-0.210580471077806
60.96,0.020222117918276494,-0.11863625080787285,0.03404887895073819,-0.2039986511944515
60.97,0.019127841733353107,-0.11173887498181195,0.033053594673735996,-0.19728628363444917
60.980000000000004,0.018022468268576255,-0.1047955428153228,0.032038660243031494,-0.19045195120911818
60.99,0.016906692377962686,-0.09781238579429208,0.031004760156876327,-0.18350421847354015
61.0,0.015781212836256216,-0.09079541700518967,0.029952590159380687,-0.17645161024735664
61.01,0.014646731738674248,-0.08375052385512924,0.02888285638917745,-0.16930259110705162
61.02,0.013503953913275905,-0.07668346152257938,0.02779627453430663,-0.16206554591262373
61.03,0.012353586346599698,-0.06959984713036005,0.02669356899525411,-0.1547487614218035
61.04,0.011196337623151005,-0.06250515462921712,0.02557547205796916,-0.14736040903536973
61.050000000000004,0.010032917379239673,-0.05540471037706585,0.02444272307857288,-0.1399085287076402
61.06,0.008864035771606903,-0.04830368939604858,0.02329606768135232,-0.13240101404701551
61.07,0.007690402961208262,-0.04120711228700454,0.022136256971516288,-0.12484559862258111
61.08,0.006512728612458691,-0.03411984277864688,0.02096404676406849,-0.11724984348426166
61.09,0.0053317214081760956,-0.0270465858865038,0.01978019683003208,-0.10962112589603243
61.1,0.004148088580405272,-0.019991886655256856,0.01858547016113931,-0.10196662927410612
61.11,0.0029625354572425508,-0.012960129456241306,0.01738063225397889,-0.09429333431507765
61.120000000000005,0.0017757650257263693,-0.0059555378109293605,0.01616645041447602,-0.08660801129252867
61.13,0.0005884775108116932,0.001017825289779336,0.014943693083462514,-0.07891721349477103
61.14,-0.0005986300296153096,0.007956056601465065,0.013713129183982488,-0.07122727177118171
61.15,-0.0017848640937540385,0.01485541140856495,0.012475527490866443,-0.06354429014992048
61.160000000000004,-0.002969535109070182,0.021712301904745608,0.011231656023002303,-0.05587414248577115
61.17,-0.004151957789800456,0.028523295202998768,0.009982281458627727,-0.0482224700934648
61.18,-0.005331451478984545,0.035285111006483946,0.008728168573871355,-0.040594680318867246
61.19,-0.006507340475258293,0.041994618971429,0.007470079704676533,-0.03299594599823004
61.2,-0.007678954344675029,0.04864883579208428,0.006208774232153652,-0.025431205753802116
61.21,-0.008845628217844013,0.05524492203760216,0.004945008091323098,-0.017905165072928136
61.22,-0.010006703072709594,0.061780178769440725,0.0036795333031350254,-0.010422298116889802
61.230000000000004,-0.011161526003304795,0.06825204396707937,0.002413097529577333,-0.0029868502054569306
61.24,-0.012309450474839664,0.07465808878872537,0.0011464436516184096,0.004397159076888102
61.25,-0.013449836565499333,0.08099601369233606,-0.00011969063033168263,0.011725932206604306
61.26,-0.014582051195339254,0.08726364444136127,-0.001384573173813454,0.01899588953144003
61.27,-0.015705468342676925,0.09345892801780364,-0.00264747774998692,0.026203664617203328
61.28,-0.016819469248389465,0.09957992846440865,-0.003907684378046103,0.03334609918134455
61.29,-0.017923442608532594,0.10562482267591358,-0.005164479638888587,0.04042023766216887
61.300000000000004,-0.01901678475569976,0.11159189615823935,-0.006417156968586371,0.0474233214707221
61.31,-0.020098899829548957,0.11747953877293651,-0.007665016932234016,0.05435278297046174
61.32,-0.02116919993691835,0.12328624048299983,-0.008907367478778691,0.06120623922772285
61.33,-0.022227105301957498,0.12901058711452063,-0.010143524177457805,0.06798148557385769
61.34,-0.02327204440669658,0.13465125614777845,-0.011372810436488977,0.07467648901759745
61.35,-0.024303454122476954,0.1402070125495654,-0.012594557704671494,0.08128938154393268
61.36,-0.025320779832651102,0.14567670465782684,-0.013808105656570091,0.08781845333340957
61.370000000000005,-0.02632347554697406,0.15105926012804277,-0.015012802361957869,0.09426214593342253
61.38,-0.027311004008079398,0.1563536819500227,-0.01620800444020227,0.10061904541068088
61.39,-0.028282836790446787,0.16155904454242392,-0.017393077200276684,0.10688787551178132
61.4,-0.029238454392243884,0.16667448993145303,-0.018567394767081864,0.1130674908564328
61.410000000000004,-0.03017734632042716,0.17169922401913812,-0.01973034019475623,0.11915687018575435
61.42,-0.031099011169475867,0.17663251294559204,-0.0208813055676487,0.12515510968582466
61.43,-0.032002956694115736,0.18147367954908952,-0.02201969208962085,0.13106141640460345
61.44,-0.032888699876393174,0.18622209992646926,-0.023144910162334494,0.13687510177835485
61.45,-0.0337557669874371,0.19087720009617892,-0.024256379453170763,0.14259557528173264
61.46,-0.03460369364424536,0.19543845276503702,-0.025353528953413588,0.14822233821392516
61.47,-0.035432024861816354,0.19990537419954885,-0.02643579702731702,0.15375497763147933
61.480000000000004,-0.03624031510093763,0.204277521201648,-0.02750263145266153,0.15919316043681836
61.49,-0.037028128311936,0.20855448818837272,-0.028553489453387714,0.16453662762994725
61.5,-0.037795037974677224,0.2127359043744167,-0.029587837724880953,0.16978518872937404
61.51,-0.03854062713509807,0.21682143105583668,-0.03060515245246212,0.17493871636701594
61.52,-0.0392644884385443,0.22081075899311667,-0.03160491932362302,0.1799971410605427
61.53,-0.03996622416016988,0.22470360589091432,-0.03258663353452747,0.18496044616555446
61.54,-0.04064544623265456,0.22849971397192784,-0.03354979979128018,0.1898286630089181
61.550000000000004,-0.04130177627148121,0.23219884764169907,-0.03449393230644834,0.19460186620361525
61.56,-0.041934845598003485,0.23580079124097364,-0.035418554791302057,0.19928016914463995
61.57,-0.04254429526052966,0.23930534688216767,-0.03632320044422257,0.20386371968466094
61.58,-0.043129776053642856,0.24271233236603607,-0.03720741193570771,0.20835269598748854
61.59,-0.04369094853595753,0.24602157917475437,-0.03807074139038835,0.21274730255673271
61.6,-0.04422748304652173,0.2492329305373638,-0.038912750366450144,0.21704776643650042
61.61,-0.04473905972005311,0.2523462395635021,-0.03973300983283916,0.221254333580493
61.620000000000005,-0.0452253685011966,0.25536136744135696,-0.040531100144612406,0.22536726538542093
61.63,-0.04568610915798505,0.25827818169566685,-0.04130661101677833,0.22938683538438098
61.64,-0.046120991294677456,0.2610965544980778,-0.04205914149695587,0.23331332609416314
61.65,-0.04652973436414307,0.26381636098513883,-0.04278829993716678,0.23714702599762405
61.660000000000004,-0.04691206767998163,0.2664374769979453,-0.043493703965066896,0.2408882264577338
61.67,-0.04726773042856303,0.26895977777008007,-0.04417498045491189,0.24453721902833656
61.68,-0.0475964716811886,0.2713831349555546,-0.044831765498529665,0.24809429290655396
61.690000000000005,-0.0478980504066779,0.2737074124771788,-0.04546370437656022,0.25155973226535155
61.7,-0.04817223548501937,0.27593245442612047,-0.046070451530223204,0.25493381372551693
61.71,-0.04841880572416234,0.27805803962825576,-0.0466516705338315,0.2582168050436887
61.72,-0.0486375498876578,0.2800837125250264,-0.047207034067951965,0.2614089720396554
61.730000000000004,-0.04882826673413003,0.2820090502977046,-0.04773622389278018,0.2645105824862779
61.74,-0.048990765052207334,0.2838338740499352,-0.048238930821954344,0.2675218881715869
61.75,-0.04912486420742112,0.2855410053483639,-0.048714854656878144,0.2704444447385674
61.76,-0.04923039706656437,0.2870632793770681,-0.04916370394005201,0.2732835960024016
61.77,-0.0493072143550019,0.2883779616075366,-0.04958519560517202,0.2760411350790012
61.78,-0.04935518694791916,0.28949016035184405,-0.04997905479492064,0.2787166786923141
61.79,-0.049374206187510025,0.2903959596926403,-0.05034501483439546,0.2813105555271094
61.800000000000004,-0.04936418394248866,0.29109641181455226,-0.050682817224791364,0.28382269176514546
61.81,-0.04932505266309606,0.2915905417411744,-0.05099221163804868,0.2862531705762661
61.82,-0.04925676539285197,0.29187884017691745,-0.05127295591582219,0.2886019414909745
61.83,-0.04915929575666901,0.29196151629584666,-0.051524816071504956,0.29086896834603815
61.84,-0.04903263791592535,0.29183936273814437,-0.051747566296684026,0.29305413393434754
61.85,-0.04887680649565258,0.2915133226961407,-0.051940988971905494,0.295157301851498
61.86,-0.04869183648158232,0.29098470214533456,-0.05210487468155005,0.29717828500007293
61.870000000000005,-0.04847778308888695,0.2902550478882717,-0.052239022233641776,0.29911682973732834
61.88,-0.04823472160260146,0.28932620745477555,-0.05234323868486726,0.3009726523905705
61.89,-0.04796274719037444,0.2882002900862586,-0.05241733936981542,0.3027454230698282
61.9,-0.047661974688240114,0.2868796686438567,-0.05246114793519772,0.3044347435516709
61.910000000000004,-0.04733253836804839,0.28536672163406,-0.05247449640379455,0.3060393912620607
61.92,-0.04697459192165277,0.2836566275291057,-0.05245722600543795,0.30753465418723946
61.93,-0.046588309193172084,0.2817318437064932,-0.05240919044729172,0.3088548975953869
61.940000000000005,-0.04617388568973148,0.2795745667842917,-0.05233026172074205,0.30993280984910554
61.95,-0.045731539980802476,0.2771791629238196,-0.052220335635926686,0.310738776980184
61.96,-0.045261514247755014,0.2745482288480761,-0.052079334744592275,0.31126855991096697
61.97,-0.04476407415450516,0.2716854009940949,-0.05190720918267712,0.311520594186005
61.980000000000004,-0.044239508500201905,0.26859444716018444,-0.05170393688467327,0.3114931503907552
61.99,-0.04368812883159955,0.2652795663505848,-0.05146952372787065,0.3111853230343422
62.0,-0.043110269023451,0.2617452204981391,-0.051204003628755476,0.31059654402895
62.01,-0.042506284827319364,0.25799619895667747,-0.050907438588383876,0.30972683122283995
62.02,-0.04187655339058909,0.25403756531014116,-0.050579918687877624,0.30857666498575953
62.03,-0.04122147274688995,0.24987466179807646,-0.050221562033453966,0.3071470456651766
62.04,-0.040541461279548816,0.24551308422594553,-0.04983251465135187,0.305439468880869
62.050000000000004,-0.039836957159558414,0.24095867067830787,-0.04941295033248226,0.30345593391401493
62.06,-0.03910841775971674,0.23621748220734085,-0.04896307042744239,0.3011989253582145
62.07,-0.038356319046600945,0.23129578697433462,-0.04848310359275248,0.2986714093050664
62.08,-0.037581154952101674,0.22620004207819366,-0.04797330548927618,0.2958768200450864
62.09,-0.0367834367262696,0.22093687605994153,-0.04743395843389402,0.2928190491439196
62.1,-0.035963692273256104,0.2155130707237095,-0.04686537100569509,0.28950243044812046
62.11,-0.03512246547214937,0.20993554305597278,-0.046267877608124175,0.2859317245094764
62.120000000000005,-0.03426031548452144,0.20421132696913818,-0.04564183798868772,0.2821121011535204
62.13,-0.033377816050504945,0.1983475551188332,-0.04498763671796263,0.27804912083395505
62.14,-0.0324755547752164,0.192351440783663,-0.044305682629791024,0.2737487146223554
62.15,-0.031554132407335324,0.18623025992005324,-0.04359640822466881,0.26921716309324856
62.160000000000004,-0.030614162111626556,0.1799913334411531,-0.04286026903845028,0.26446107416816916
62.17,-0.029656268737174255,0.17364200979547256,-0.04209774297859068,0.2594873600881533
62.18,-0.028681088083063824,0.16718964790351543,-0.041309329630235314,0.25430321363656677
62.190000000000005,-0.027689266163209672,0.16064160051406326,-0.040495549534536913,0.24891608376160174
62.2,-0.026681458471989328,0.15400519803479765,-0.03965694344164124,0.2433336507356809
62.21,-0.025658329252289582,0.14728773288940192,-0.038794071540825974,0.23756380099495836
62.22,-0.02462055076752201,0.14049644444867598,-0.037907512670308174,0.2316146017970858
62.230000000000004,-0.02356880257910756,0.1336385045788262,-0.036997863509252195,0.2254942758342877
62.24,-0.022503770830864054,0.12672100384593019,-0.03606573775451336,0.21921117593400122
62.25,-0.021426147541668102,0.11975093841066889,-0.03511176528464236,0.21277375997494774
62.26,-0.02033662990769245,0.11273519764314006,-0.03413659131365256,0.20619056614046963
62.27,-0.01923591961544743,0.10568055248275238,-0.0331408755370176,0.19947018862455074
62.28,-0.018124722166778403,0.09859364456355706,-0.03212529127232045,0.19262125389864604
62.29,-0.017003746216901816,0.09148097612108295,-0.031090524596917597,0.18565239763959987
62.300000000000004,-0.01587370292647244,0.08434890069173223,-0.03003727348491581,0.17857224241063613
62.31,-0.014735305328607064,0.07720361461204511,-0.028966246945682058,0.1713893761786963
62.32,-0.013589267711701549,0.07005114932036313,-0.027878164166023664,0.16411233174242348
62.33,-0.012436305018803264,0.06289736445957447,-0.026773753658083318,0.15674956713599947
62.34,-0.011277132264216174,0.05574794177585227,-0.025653752414896546,0.1493094470647721
62.35,-0.010112463967942456,0.048608379804333926,-0.024518905075454678,0.14180022541949502
62.36,-0.008943013608478252,0.04148398932955131,-0.023369963101009323,0.1342300289068917
62.370000000000005,-0.007769493094413536,0.03437988960498413,-0.0222076839642414,0.1266068418254092
62.38,-0.006592612255199405,0.027301005313424442,-0.021032830352804614,0.11893849200638218
62.39,-0.005413078351383088,0.020252064246957052,-0.019846169388635232,0.11123263793260772
62.4,-0.004231595604532192,0.013237595683135182,-0.018648471864303663,0.10349675703838869
