t_s,center_heave_m,center_heave_acc_mps2,buoy1_heave_m,buoy1_heave_acc_mps2
43.2,-0.007190184299890934,0.03975936599053717,-0.007381147643531478,0.05108101827027896
43.21,-0.007173179087148871,0.039811665209184846,-0.00743393411259843,0.05145158300711135
43.22,-0.007152187178835691,0.03985375766979052,-0.007481572964321207,0.051787230517388746
43.230000000000004,-0.007127203897701251,0.03988502017057906,-0.007524031075267172,0.05208768366544844
43.24,-0.007098225673510362,0.03990481847899634,-0.007561278841737801,0.05235269853087341
43.25,-0.007065250108486489,0.03991249474729934,-0.007593290203872722,0.052582058259586735
43.26,-0.007028276045136891,0.03990735704827944,-0.007620042666402095,0.05277559019843915
43.27,-0.006987303638481971,0.039888638556470665,-0.007641517320203363,0.05293300776477973
43.28,-0.006942334434370521,0.03985551492692787,-0.007657698870995537,0.053053947311120585
43.29,-0.006893371451679675,0.03980717385535093,-0.007668575669990236,0.05313817819639547
43.300000000000004,-0.006840419263509436,0.039742850989439596,-0.007674139734499979,0.05318563187818212
43.31,-0.00678348407510069,0.039661801438956576,-0.007674386756689964,0.053196279686231356
43.32,-0.0067225738022841895,0.03956319899945886,-0.007669316111180437,0.05316996285885382
43.33,-0.00665769815578914,0.039446142830078995,-0.007658930873875134,0.0531063417496086
43.34,-0.006588868729540806,0.03930977188037396,-0.007643237847256796,0.05300524006785321
43.35,-0.006516099087128434,0.03915326592970903,-0.007622247576263776,0.05286664131154354
43.36,-0.0064394048443436975,0.038975838777720775,-0.007595974354097414,0.05269049522682767
43.37,-0.006358803751488053,0.03877662845449732,-0.0075644362288013346,0.05247667851691283
43.38,-0.006274315778286539,0.038554785397210745,-0.007527655016215989,0.052225000014011445
43.39,-0.006185963198420497,0.03830949834335717,-0.007485656315172561,0.051935351563613265
43.4,-0.0060937706701580325,0.038040010578070785,-0.007438469517699536,0.051607697431739166
43.410000000000004,-0.0059977653130468475,0.03774557832207422,-0.007386127816073436,0.051241935371469274
43.42,-0.005897976783487283,0.03742543592001411,-0.007328668213405735,0.05083790883791854
43.43,-0.00579443734963026,0.037078863384864595,-0.0072661315352019204,0.05039555947331311
43.44,-0.005687181964252057,0.0367051446655282,-0.007198562437531736,0.04991481657092815
43.45,-0.005576248335734444,0.0363035867784571,-0.00712600941301727,0.04939563726704153
43.46,-0.005461676996007613,0.03587355306745089,-0.007048524791667324,0.04883810924338769
43.47,-0.005343511361649252,0.035414521006531904,-0.006966164725497706,0.048242619037073574
43.480000000000004,-0.00522179778433764,0.03492609175309636,-0.006878989145854546,0.04760987609334518
43.49,-0.005096585591473419,0.034407911315139476,-0.006787061696648662,0.046940662630661406
43.5,-0.004967927121116577,0.03385965644040771,-0.00669044965688711,0.04623578473452756
43.51,-0.0048358777532803154,0.03328104156604944,-0.006589223859377933,0.04549608790044082
43.52,-0.004700495937572719,0.0326718169228877,-0.006483458606153048,0.044722445823789425
43.53,-0.004561843217078802,0.032031770960055106,-0.0063732315807892475,0.04391576251549691
43.54,-0.004419984248387216,0.031360730507629296,-0.006258623757886785,0.04307696771470189
43.550000000000004,-0.0042749868176799955,0.030658561971683245,-0.006139719309928178,0.04220701562946948
43.56,-0.0041269218528002805,0.02992517191773616,-0.006016605511760675,0.04130688200504821
43.57,-0.003975863431229112,0.029160507868239087,-0.00588937264293607,0.04037756203515915
43.58,-0.0038218887839004427,0.028364558905118513,-0.005758113888145654,0.039420067872959506
43.59,-0.003665078294793239,0.027537356285777956,-0.00562292523598386,0.03843542637735717
43.6,-0.00350551549624733,0.026678973972292658,-0.005483905376272105,0.037424676790115574
43.61,-0.0033432870599468846,0.02578952912764381,-0.005341155596171258,0.036388868508680845
43.62,-0.0031784827835318985,0.024869182555612303,-0.005194779675305522,0.03532905888418593
43.63,-0.003011195572791082,0.023918139099090366,-0.005044883780116665,0.034246311091086244
43.64,-0.0028415214194055256,0.02293664799214918,-0.004891576357660377,0.033141692055607005
43.65,-0.002669559374205244,0.021925003170286797,-0.0047349680290510055,0.03201627045902157
43.660000000000004,-0.0024954115159156356,0.02088354353835737,-0.004575171482753009,0.030871114816545166
43.67,-0.002319182915365768,0.019812653330040238,-0.004412301367909401,0.02970729164766232
43.68,-0.002140981595106642,0.01871276300577781,-0.004246474187887427,0.02852586380638841
43.69,-0.0019609184843301744,0.017584351353773935,-0.004077808194197214,0.027327889248225365
43.7,-0.0017791073691542695,0.016427939194986706,-0.003906423280944805,0.0261144188622672
43.71,-0.0015956648388068323,0.015244081437606385,-0.0037324408799756497,0.02488649562878135
43.72,-0.0014107102286886703,0.01403335221121937,-0.0035559838568258377,0.023645153555657366
43.730000000000004,-0.0012243655625435168,0.012796301565415138,-0.003377176407568115,0.02239141709620407
43.74,-0.0010367555002312018,0.011533323901333168,-0.003196143956567044,0.021126302308082455
43.75,-0.0008480073131831946,0.010244180472695484,-0.0030130130549301365,0.01985082236448071
43.76,-0.0006582509137054095,0.008927997703660363,-0.0028279112794750653,0.01856598412144945
43.77,-0.00046761889005263256,0.007585129758510943,-0.0026409671331673857,0.017272759481471254
43.78,-0.00027624647197509866,0.006216619770686613,-0.002452309948229248,0.01597209415330775
43.79,-8.427144343133686e-05,0.004823334133663698,-0.002262069795385492,0.014664799036103921
43.800000000000004,0.0001081659448579888,0.0034059864907559105,-0.002070377410822173,0.013351343486245372
43.81,0.00030092305490383525,0.0019653889848195247,-0.0018773641425477681,0.012032201035450696
43.82,0.0004938549508725653,0.0005026141462591027,-0.0016831618994320643,0.010707970414640644
43.83,0.0006868145078105838,-0.0009811200623181908,-0.0014879030922277158,0.009379307030193183
43.84,0.0008796525378204171,-0.002484428766054324,-0.00129172056649113,0.008046957764904392
43.85,0.0010722179298886779,-0.004005843502196009,-0.0010947475307424381,0.00671164092328829
43.86,0.0012643578014417442,-0.005543754654684601,-0.0008971174811672987,0.00537417381024551
43.87,0.0014559176607896662,-0.007096477165188258,-0.0006989641230342143,0.004035339809717865
43.88,0.0016467415787597406,-0.008662236748253374,-0.0005004212909133432,0.0026959517795478137
43.89,0.001836672369284426,-0.010239157505439382,-0.0003016228660544771,0.0013568889044643533
43.9,0.0020255517779234106,-0.0118253234447811,-0.0001027026928712362,1.8934083524798035e-05
43.910000000000004,0.002213220676864228,-0.013418734450336589,9.620550350858955e-05,-0.0013170530653362532
43.92,0.0023995192669086724,-0.015017321339363506,0.0002949682027726837,-0.002650174545341778
43.93,0.0025842872854547447,-0.01661898184165311,0.000493452175507021,-0.003979625216966728
43.94,0.0027673642189340293,-0.018221562591029576,0.0006915245664279511,-0.005304568674171103
43.95,0.0029485895197595108,-0.01982286322600598,0.0008890529786756015,-0.006624125078056985
43.96,0.003127802827490102,-0.02142065134961464,0.001085905560567711,-0.007937424646973362
43.97,0.003304844193110447,-0.02301267140880446,0.0012819510913426404,-0.009243642357005075
43.980000000000004,0.003479554305508988,-0.024596649756911247,0.00147705906393292,-0.010541971749899195
43.99,0.003651774719681477,-0.026170296419472546,0.0016710997671087438,-0.011831568823071962
44.0,0.003821348086218111,-0.027731313777075037,0.0018639443690726606,-0.013111591045624453
44.01,0.0039881183813877015,-0.029277404083048637,0.0020554650012449983,-0.014381211648771205
44.02,0.004151931137094446,-0.030806274933300494,0.0022455348407804925,-0.015639619133302845
44.03,0.004312633670092967,-0.03231564534959275,0.0024340281905978257,-0.016886048412620515
44.04,0.0044700753097907265,-0.033803253719526374,0.0026208205572304964,-0.018119721379978918
44.050000000000004,0.004624107625961704,-0.03526679911794102,0.00280578872853625,-0.01933985595690107
44.06,0.004774584659880178,-0.03670391704749633,0.002988810851029109,-0.020545697214952235
44.07,0.004921363158469609,-0.03811226878177442,0.003169766505553056,-0.02173650331146784
44.08,0.005064302807675551,-0.03948953650417605,0.0033485367812708766,-0.02291154897496973
44.09,0.005203266462787885,-0.04083344778821203,0.003525004348083339,-0.02407012516491591
44.1,0.005338120373079635,-0.042141824895484535,0.0036990535274571607,-0.02521153808767614
44.11,0.005468734398727763,-0.0434125562019199,0.003870570361651569,-0.026335111306102412
44.12,0.005594982221257974,-0.044643570181069424,0.004039442681176766,-0.02744018839142804
44.13,0.005716741547980346,-0.045832880477923055,0.0042055601708955925,-0.02852611397860963
44.14,0.005833894308393959,-0.04697859580546328,0.004368814435913676,-0.029592225279696745
44.15,0.005946326840933323,-0.04807892843304009,0.004529099066202265,-0.03063791196050073
44.160000000000004,0.00605393006937425,-0.04913219619072755,0.004686309698551013,-0.03166257122816631
44.17,0.006156599671149533,-0.050136741300061835,0.004840344077678938,-0.03266558210250247
44.18,0.006254236238974682,-0.051091013610164854,0.004991102116233624,-0.03364638406951172
44.19,0.006346745432836387,-0.05199358515539612,0.005138485950799178,-0.034604460975131875
44.2,0.006434038120602412,-0.05284312991219271,0.0052823999948622595,-0.03553928569667122
44.21,0.00651603050762671,-0.05363843521813301,0.0054227509910088805,-0.036450345314179046
44.22,0.006592644255355905,-0.0543783961613621,0.00555944806187234,-0.0373371517826835
44.230000000000004,0.006663806588706784,-0.05506202505673674,0.0056924027587195,-0.038199244780685065
44.24,0.006729450393473365,-0.05568839913749343,0.00582152910733728,-0.03903619126676047
44.25,0.006789514306681596,-0.05625664387366561,0.005946743651384003,-0.03984757901743279
44.26,0.006843942799242607,-0.056766014346065145,0.0060679654938822075,-0.04063300531036026
44.27,0.006892686246371402,-0.05721592270055911,0.00618511633636821,-0.04139211486122067
44.28,0.00693570098360681,-0.05760591249548584,0.006298120515040348,-0.042124567675148966
44.29,0.006972949349697485,-0.05793564129391532,0.0064069050351261425,-0.04283002665406331
44.300000000000004,0.007004399718731582,-0.05820484814586047,0.0065113996040665634,-0.04350817860448549
44.31,0.007030026523475598,-0.0584133531371788,0.0066115366623847,-0.04415874524630319
44.32,0.007049810271031604,-0.058561043292065365,0.006707251412615797,-0.04478143992019823
44.33,0.007063737551133133,-0.05864788503529786,0.006798481847071793,-0.04537600475454045
44.34,0.007071801034655857,-0.05867399216147468,0.006885168773687184,-0.045942203289176926
44.35,0.007073999459145976,-0.058639612583518255,0.006967255839731059,-0.04647981546148254
44.36,0.007070337602110038,-0.05854508250749087,0.007044689553695472,-0.04698864026292163
44.37,0.00706082624466958,-0.058390823527460334,0.007117419305850693,-0.047468478828750583
44.38,0.00704548212629986,-0.058177353929902906,0.007185397387096106,-0.04791917177225039
44.39,0.0070243278904378445,-0.057905279230281895,0.0072485790053880995,-0.04834057357679262
44.4,0.006997392022025191,-0.05757526589215253,0.007306922301232705,-0.04873252144042776
44.410000000000004,0.006964708777121533,-0.05718808507915699,0.007360388362241222,-0.04909490157237531
44.42,0.006926318103920471,-0.05674458128738202,0.007408941235341376,-0.04942760864703119
44.43,0.006882265556835096,-0.05624564066505876,0.007452547938774393,-0.04973049920628765
44.44,0.006832602203544087,-0.05569226542033295,0.00749117847509397,-0.0500034527726987
44.45,0.006777384522865134,-0.05508554426864511,0.00752480584304956,-0.050246372477914567
44.46,0.0067166742946419555,-0.054426613819441846,0.007553406047757712,-0.05045916426578677
44.47,0.006650538483152337,-0.05371669049178268,0.007576958110342679,-0.050641731482435025
44.480000000000004,0.006579049114127066,-0.052957041399476074,0.007595444076596517,-0.050794011406816234
44.49,0.00650228314593594,-0.05214899258088314,0.00760884902394954,-0.05091594323517765
44.5,0.006420322335200525,-0.05129392603717901,0.0076171610674668514,-0.051007472740156254
44.51,0.006333253097566804,-0.05039325574356958,0.007620371365028772,-0.05106856016860842
44.52,0.006241166363566398,-0.04944847009884053,0.007618474121468883,-0.05109917196890494
44.53,0.006144157429864103,-0.04846106994309933,0.007611466594692039,-0.051099191033155154
44.54,0.0060423258072045205,-0.047432598014977484,0.007599349106950854,-0.05106846262219922
44.550000000000004,0.005935775064984777,-0.04636463395649312,0.007582125057752549,-0.051006892633981275
44.56,0.00582461267175142,-0.045258806206037075,0.007559800932618597,-0.05091444817838445
44.57,0.005708949831249707,-0.04411678824897322,0.007532386306296425,-0.0507911391460056
44.58,0.005588901315594603,-0.042940246256543815,0.007499893844539893,-0.05063691394774196
44.59,0.005464585297486513,-0.04173086291590547,0.007462339312257497,-0.050451585436968774
44.6,0.005336123182407174,-0.04049030257488627,0.00741974159112273,-0.050234915911356065
44.61,0.005203639439723896,-0.03922028649941792,0.007372122698075571,-0.04998680620654554
44.62,0.005067261430409569,-0.0379225690346308,0.007319507797732242,-0.04970716500443816
44.63,0.00492711923223375,-0.036598899859851236,0.007261925214524948,-0.04939580829557438
44.64,0.00478334546445534,-0.03525103393543848,0.007199406452111729,-0.04905245957154347
44.65,0.004636075112686523,-0.03388071792579872,0.007131986220519705,-0.04867679887128804
44.660000000000004,0.004485445353723698,-0.032489712180278976,0.007059702465688808,-0.04826855696599005
44.67,0.004331595380991574,-0.03107974336744506,0.006982596400278154,-0.047827370135736014
44.68,0.0041746662328296155,-0.029652493788233092,0.006900712541654525,-0.047352760479773076
44.69,0.0040148006238973745,-0.028209639865421146,0.0068140987569252675,-0.046844264815773425
44.7,0.0038521427789580736,-0.026752821416977594,0.00672280631168959,-0.04630134880958357
44.71,0.0036868382687229874,-0.025283676195392485,0.006626889920565517,-0.04572352484358891
44.72,0.0035190338438971284,-0.02380392963135977,0.006526407786316406,-0.04511064525623507
44.730000000000004,0.0033488772621787714,-0.022315398791807096,0.006421421610066988,-0.044462925090714416
44.74,0.0031765171090052035,-0.020819903116792923,0.006311996574099934,-0.043780669698688074
44.75,0.0030021026171915596,-0.0193192377564409,0.006198201312568175,-0.043064199165552
44.76,0.002825783488337953,-0.01781518007864097,0.006080107878343733,-0.04231387723002137
44.77,0.0026477097164216775,-0.016309482812089188,0.005957791706488297,-0.04153009765524448
44.78,0.00246803141378149,-0.01480387399213053,0.005831331574214603,-0.040713291783696884
44.79,0.0022868986397327744,-0.013300053622430929,0.005700809557332013,-0.039863925394903535
44.800000000000004,0.002104461232025569,-0.011799692094893753,0.005566310983117733,-0.03898250080043275
44.81,0.001920868641359694,-0.010304427844659687,0.005427924379592301,-0.03806955620178905
44.82,0.0017362697691579274,-0.008815865500254932,0.0052857414211714545,-0.037125666292585194
44.83,0.0015508128087917774,-0.0073355738971146375,0.005139856870682256,-0.0361514421086151
44.84,0.0013646450904482102,-0.005865084268983236,0.004990368517736317,-0.03514753111912915
44.85,0.0011779129298196515,-0.004405888458705515,0.004837377113464062,-0.03411461705824869
44.86,0.000990761480786532,-0.002959437226743647,0.004680986301622537,-0.03305341974333502
44.87,0.0008033345922635356,-0.0015271386169764417,0.00452130254609903,-0.031964694753784495
44.88,0.0006157746693714026,-0.00011035611749256324,0.004358435054842556,-0.030849233043273507
44.89,0.00042822253914356537,0.0012895940120079856,0.004192495700262242,-0.02970786049324269
44.9,0.00024081732098471268,0.0026714444713455345,0.004023598936140019,-0.028541437356138278
44.910000000000004,5.369630172665958e-05,0.004033967448484253,0.003851861711129494,-0.027350857102833415
44.92,-0.00013300518537362897,0.005375967886687949,0.003677403378941261,-0.026137045406049372
44.93,-0.0003191538792208497,0.006696250995712142,0.0035003456053474963,-0.02490095819996598
44.94,-0.0005046187120186995,0.007993517632349434,0.003320812272253838,-0.02364357739023056
44.95,-0.0006892709503585996,0.009265988561066103,0.0031389293794805042,-0.022365898104710163
44.96,-0.0008729843911800621,0.010510939534983508,0.0029548249454104366,-0.02106891407576277
44.97,-0.0010556355815379303,0.011726688333482914,0.0027686289054851196,-0.019753681788489956
44.980000000000004,-0.0012371039760137382,0.01291250435110819,0.0025804730058490034,-0.018421314896010867
44.99,-0.0014172720285036589,0.01406759256288281,0.002390490690347931,-0.01707301093251174
45.0,-0.0015960252740313766,0.015190975899256632,0.0021988169712284945,-0.015710324927547457
45.01,-0.0017732524191176448,0.016281731492782222,0.002005588278389772,-0.014334881084550756
45.02,-0.0019488454245460954,0.01733921096110129,0.00181094230178557,-0.012948185981626987
45.03,-0.0021226995676051057,0.018362956697012628,0.0016150178411690327,-0.01155165232003669
45.04,-0.0022947134849675716,0.01935265823038061,0.001417954663695415,-0.01014666384343961
45.050000000000004,-0.0024647892002471186,0.02030814541491816,0.0012198933660055192,-0.008734565739185964
45.06,-0.0026328321375307866,0.02122938560010703,0.0010209752404733874,-0.007316648721519306
45.07,-0.0027987511217681697,0.022116464162316773,0.000821342145871793,-0.005894172434718874
45.08,-0.002962458367789813,0.022969560584015038,0.0006211363801793683,-0.004468411973217512
45.09,-0.0031238694585391073,0.02378898033448384,0.0004205005562694769,-0.003040544505995606
45.1,-0.003282903312815203,0.02457510974883753,0.0002195774807964701,-0.0016117906744327639
45.11,-0.00343948214402666,0.025328419559299993,1.8510033529378158e-05,-0.00018335004935218956
45.12,-0.0035935314100121805,0.026049486491054367,-0.0001825589501354796,0.0012436745706280998
45.13,-0.003744979754023917,0.026738953182911723,-0.0003834867925151618,0.00266814614684963
45.14,-0.003893758938465667,0.027397527276634664,-0.0005841310873097114,0.00408890949999676
45.15,-0.00403980377190626,0.02802599223591399,-0.0007843498123206112,0.005504890807563598
45.160000000000004,-0.004183052029192344,0.028625195772914093,-0.0009840014372741004,0.006915055976342815
45.17,-0.0043234443654170856,0.029196036744200918,-0.0011829450282472675,0.008318365075265849
45.18,-0.004460924224809188,0.029739459679407318,-0.0013810403523299903,0.009713754085305653
45.19,-0.004595437745139352,0.030256453190980585,-0.0015781479817517604,0.011100218165206795
45.2,-0.004726933657956926,0.030748045150217458,-0.0017741293939876044,0.012476803145275066
45.21,-0.004855363185203811,0.03121529331653057,-0.0019688470678578215,0.013842565439867702
45.22,-0.004980679932907306,0.03165928085407113,-0.002162164577335783,0.015196586058237187
45.230000000000004,-0.005102839782542742,0.03208111068993997,-0.002353946684237124,0.01653793579060929
45.24,-0.005221800780675335,0.03248189824721136,-0.0025440594302201577,0.01786570794554634
45.25,-0.005337523027540579,0.03286276501303533,-0.0027323702262447543,0.019179048309033067
45.26,-0.005449968565123737,0.03322483447053268,-0.002918747938236365,0.02047712699328001
45.27,-0.005559101265226705,0.03356922671253314,-0.0031030629699725825,0.021759131355598205
45.28,-0.005664886718121043,0.03389705065526513,-0.003285187343880414,0.02302427300060284
45.29,-0.005767292124636027,0.03420932755883448,-0.00346499477950707,0.02427178879827917
45.300000000000004,-0.005866286195995593,0.03450697838566247,-0.0036423607694867294,0.025500940555902768
45.31,-0.005961839061473717,0.034790890725969414,-0.003817162653133279,0.026711010672954866
45.32,-0.006053922181486438,0.03506189676190065,-0.0039892796878612,0.02790130277628767
45.33,-0.006142508265658793,0.03532078066491269,-0.0041585931185191,0.029071140744741753
45.34,-0.006227571194816914,0.03556831475431775,-0.004324986244756846,0.030219865962592025
45.35,-0.006309085945426559,0.03580524458058068,-0.004488344486766595,0.03134683132796087
45.36,-0.006387028518237769,0.036032232660235336,-0.004648555450815649,0.03245136666006147
45.37,-0.006461375873022233,0.03624989666609198,-0.0048055089943413,0.03353284535122381
45.38,-0.006532105867854576,0.03645883432830627,-0.004959097288695029,0.03459066184923067
45.39,-0.006599197201464077,0.03665960692590979,-0.005109214881506995,0.035624161167631764
45.4,-0.0066626293586127825,0.03685275083243975,-0.005255758759392421,0.03663274273423651
45.410000000000004,-0.006722382560319658,0.03703871064530175,-0.005398628407352057,0.03761585753301276
45.42,-0.006778437721611477,0.037217851646663136,-0.005537725865494198,0.03857292591535705
45.43,-0.006830776416228664,0.037390501172412466,-0.00567295578612454,0.03950337222685338
45.44,-0.006879380845492495,0.03755696462740352,-0.005804225490668439,0.04040663938707975
45.45,-0.006924233810010599,0.03771751621804491,-0.005931445024920024,0.04128219217984007
45.46,-0.006965318684801406,0.03787238453475959,-0.006054527212934615,0.04212949242483842
45.47,-0.007002619399300011,0.03802173393434292,-0.006173387709821153,0.04294802829329053
45.480000000000004,-0.007036120426792686,0.038165556149273264,-0.006287945051897796,0.043737333100825476
45.49,-0.007065806785035401,0.038303798521309045,-0.006398120704613776,0.044496923427733245
45.5,-0.007091664041028969,0.038436455716513954,-0.006503839109808772,0.04522633521034087
45.51,-0.00711367831453858,0.03856351616782848,-0.006605027732900805,0.04592508645431263
45.52,-0.007131836283080886,0.03868490060452411,-0.006701617110129464,0.04659270970626725
45.53,-0.007146125194194941,0.03880040613447448,-0.006793540894558286,0.04722876596657565
45.54,-0.007156532888988554,0.038909705538600334,-0.00688073589961997,0.04783284106886208
45.550000000000004,-0.007163047835498274,0.03901243138147875,-0.006963142140483703,0.048404533536985005
45.56,-0.007165659164446561,0.03910828207389313,-0.007040702873157713,0.04894347914713323
45.57,-0.0071643567040502705,0.03919690649988285,-0.007113364632115172,0.04944929389069267
45.58,-0.007159131017668575,0.03927789795450873,-0.007181077266158421,0.049921658751373804
45.59,-0.0071499734471285594,0.039350785547061784,-0.007243793973076629,0.05036020258443141
45.6,-0.007136876162886725,0.03941501405917431,-0.007301471336026158,0.05076454037374419
45.61,-0.007119832220200102,0.03947000851662938,-0.007354069359461441,0.051134357346840215
45.62,-0.007098835620103138,0.039515122429800806,-0.007401551502214996,0.05146932773124484
45.63,-0.007073881373779157,0.03954972507740444,-0.007443884707995059,0.051769182214330044
45.64,-0.007044965567804301,0.03957317632876035,-0.007481039432427985,0.052033680302191146
45.65,-0.007012085430294228,0.03958481019763806,-0.0075129896667587275,0.05226260769859126
45.660000000000004,-0.00697523939948976,0.039583927256430305,-0.00753971295831201,0.05245579487286518
45.67,-0.006934427196797271,0.03956975184242152,-0.007561190431962268,0.052612951410073314
45.68,-0.006889649905892778,0.03954145331814945,-0.007577406818712479,0.05273372150845181
45.69,-0.006840910055699704,0.039498210131193284,-0.007588350485723554,0.05281788455503127
45.7,-0.006788211702469692,0.03943924828328617,-0.007594013456165237,0.05286537546198802
45.71,-0.006731560508713137,0.039363811654844094,-0.007594391417469286,0.052876169754304356
45.72,-0.006670963822562501,0.03927106875492466,-0.007589483728381226,0.05285011757364523
45.730000000000004,-0.00660643076282468,0.03916011048700313,-0.007579293436911133,0.052786890765277344
45.74,-0.00653797230813721,0.03903006466274444,-0.0075638273049349935,0.0526863114413617
45.75,-0.006465601384577015,0.038880097470932934,-0.007543095823747355,0.052548368775980486
45.76,-0.006389332949411396,0.038709412283780664,-0.007517113219280518,0.05237302352048898
45.77,-0.006309184074331793,0.038517142695473176,-0.007485897457645195,0.0521601647714577
45.78,-0.006225174031167093,0.03830242703895104,-0.007449470256725281,0.0519096185499122
45.79,-0.0061373243776226055,0.03806443727278962,-0.007407857100377744,0.05162127346399715
45.800000000000004,-0.006045659039442714,0.03780240164423624,-0.007361087248211668,0.051295101816698996
45.81,-0.005950204388391282,0.037515569526759496,-0.007309193741535352,0.050931026324927985
45.82,-0.005850989318781825,0.037203164789530195,-0.007252213412374488,0.05052889619473649
45.83,-0.005748045323441352,0.036864454080576384,-0.007190186894233489,0.05008865373504532
45.84,-0.005641406567640624,0.03649871519472421,-0.007123158629476079,0.04961024908278046
45.85,-0.0055311099611083095,0.036105239980353976,-0.007051176874464484,0.04909363311137387
45.86,-0.005417195227370402,0.03568337471575543,-0.006974293700688543,0.048538880636027563
45.87,-0.005299704966825918,0.035232569725845174,-0.006892564981502723,0.04794633422156472
45.88,-0.00517868470952888,0.03475240501168038,-0.006806050352676585,0.04731667734842462
45.89,-0.005054182957757855,0.0342425145814552,-0.0067148131477224845,0.046650694110708164
45.9,-0.004926251222381131,0.03370256150395944,-0.006618920320966361,0.04594918674988861
45.910000000000004,-0.004794944055448679,0.03313224760380409,-0.006518442366440092,0.045212999651191715
45.92,-0.004660319079120099,0.03253131021852848,-0.006413453233515795,0.044443003903765224
45.93,-0.004522437010810429,0.03189952532296123,-0.006304030239439496,0.04364010153446481
45.94,-0.004381361684465829,0.031236707367236924,-0.006190253979034178,0.04280521986454012
45.95,-0.004237160067877466,0.030542710658322737,-0.006072208231789274,0.04193931078162094
45.96,-0.004089902275951468,0.029817429873541246,-0.005949979866582957,0.04104334754557867
45.97,-0.003939661579863445,0.029060800915359043,-0.005823658744268725,0.040118322834338555
45.980000000000004,-0.0037865144120257242,0.028272801506786186,-0.005693337618364866,0.03916524619090739
45.99,-0.003630540366804451,0.02745345183157914,-0.005559112034079682,0.03818514180501557
46.0,-0.0034718221969299488,0.026602815071168052,-0.005421080225904253,0.03717904617591598
46.01,-0.003310445805547513,0.02572099791606353,-0.0052793430140001445,0.03614800589573064
46.02,-0.0031465002338631623,0.024808151016417153,-0.005134003699605441,0.035093075445550424
46.03,-0.002980077644340499,0.02386446939251287,-0.004985167959677199,0.03401531506936849
46.04,-0.00281127329941088,0.022890192797469826,-0.0048329437409824205,0.032915788703703375
46.050000000000004,-0.0026401855356664476,0.021885606038172894,-0.004677441153843098,0.031795561983593616
46.06,-0.0024669157335052722,0.020851039253155464,-0.004518772365733542,0.030655700323411927
46.07,-0.0022915682822001074,0.019786868337739648,-0.004357051494920311,0.02949726709294773
46.08,-0.002114250540333802,0.01869351591539798,-0.004192394504323427,0.02832132197080668
46.09,-0.0019350727914895726,0.017571453248219574,-0.0040249190957550775,0.027128919673366298
46.1,-0.0017541481952986833,0.016421193264085907,-0.0038547446046977517,0.025921107790723142
46.11,-0.0015715927343773006,0.015243283489533997,-0.003681991895778449,0.02469892597737687
46.12,-0.0013875251581358342,0.014038290465734328,-0.003506783259052764,0.02346340490995875
46.13,-0.0012020669256972195,0.012806756518837956,-0.003329242307184712,0.02221556571468079
46.14,-0.0010153421544196206,0.011549068616049056,-0.003149493873532567,0.02095642122267943
46.15,-0.0008274775959235674,0.010264985978440727,-0.002967663910914042,0.01968698175065047
46.160000000000004,-0.0006386026664009677,0.00895361018349202,-0.0027838793908416797,0.01840825211974325
46.17,-0.00044884948367919806,0.007615271631114501,-0.0025982682042093854,0.017121201285270313
46.18,-0.00025835283455169283,0.006251009264773502,-0.002410959064703008,0.015826771219396865
46.19,-6.725008821261364e-05,0.004861687433183805,-0.002222081418371454,0.014525770208986268
46.2,0.00012431889078056847,0.003448012055616902,-0.002031765371080449,0.013218658168332334
46.21,0.0003162118213306746,0.0020107867204438774,-0.001840141635755171,0.01190589689432969
46.22,0.0005082840945332017,0.000551079643805524,-0.0016473414824495004,0.01058807659767539
46.230000000000004,0.0007003888819579355,-0.0009298936760689202,-0.0014534966802556752,0.009265845093349805
46.24,0.0008923772616331555,-0.0024307484559476502,-0.0012587394309396026,0.007939943761482935
46.25,0.0010840983578597333,-0.003950015516046403,-0.0010632022977034835,0.006611085088795417
46.26,0.0012753994928930061,-0.00548608277447054,-0.0008670181304106274,0.0052800823071735324
46.27,0.0014661263496322527,-0.007037262135878167,-0.0006703199874729455,0.003947713845333985
46.28,0.0016561231436064618,-0.0086017749164909,-0.00047324105650120574,0.0026147891644602273
46.29,0.0018452328040194509,-0.01017773988970946,-0.000275914572052904,0.0012821841098788408
46.300000000000004,0.0020332971628141535,-0.011763235276094956,-7.84737324780786e-05,-4.932258762112959e-05
46.31,0.00222015715030061,-0.013356253908194544,0.00011894838217967266,-0.0013788738165015312
46.32,0.002405652997855187,-0.01495471889526156,0.0003162188954238829,-0.0027055742339847297
46.33,0.002589624446693213,-0.01655651965841405,0.0005132052201058272,-0.004028621959309811
46.34,0.0027719109611627595,-0.018159493778191774,0.000709775141356507,-0.005347183360957306
46.35,0.0029523519466173637,-0.01976143113244836,0.0009057969006073633,-0.006660380880435272
46.36,0.0031307869715739437,-0.021360088968495568,0.0011011392821072767,-0.007967346953864505
46.37,0.0033070559930460735,-0.0229532007459047,0.0012956716984691208,-0.009267257891400659
46.38,0.00348099958413428,-0.024538481434901803,0.0014892642732362515,-0.010559310354737403
46.39,0.0036524591633836936,-0.02611362918091837,0.0016817879227698975,-0.011842662774765278
46.4,0.0038212772254753824,-0.027676333981104917,0.0018731144396133919,-0.013116474173790443
46.410000000000004,0.003987297572558233,-0.02922428534822817,0.0020631165760956137,-0.014379919617542671
46.42,0.0041503655454918605,-0.03075517779519784,0.002251668126706926,-0.015632188216594647
46.43,0.004310328254380779,-0.032266716909903376,0.002438644008018715,-0.01687251628365862
46.44,0.004467034807844773,-0.033756623677506245,0.0026239203363529213,-0.018100128934924024
46.45,0.00462033654285641,-0.03522256494916816,0.0028073745052172956,-0.01931424691671918
46.46,0.004770087258748406,-0.03666214595726994,0.0029888852623723857,-0.020514117297296148
46.47,0.00491614345391449,-0.03807301451527738,0.0031683327853039528,-0.021698999744177747
46.480000000000004,0.005058364560981061,-0.03945283554779318,0.0033455987550524728,-0.022868170445107475
46.49,0.005196613178782632,-0.04079931938563903,0.003520566428489387,-0.024020921690540868
46.5,0.005330755298371831,-0.04211028252084642,0.003693120709030816,-0.025156560321555468
46.51,0.005460660521143121,-0.043383594675469365,0.0038631482157649192,-0.02627441124928296
46.52,0.005586202270846953,-0.04461716703710747,0.004030537350855121,-0.027373817273012403
46.53,0.005707257999769855,-0.04580899628205341,0.004195178366340562,-0.028454100764635285
46.54,0.005823709386294027,-0.04695719191368593,0.004356963430618591,-0.029514615863884843
46.550000000000004,0.005935442522255869,-0.04805995584203596,0.004515786692490261,-0.0305547581185745
46.56,0.006042348090692664,-0.04911557848884547,0.004671544343386422,-0.03157389564134946
46.57,0.006144321536075308,-0.05012239030175207,0.004824134679340434,-0.03257142233358863
46.58,0.006241263227051513,-0.05107884122446239,0.004973458160179739,-0.03354679866827771
46.59,0.006333078609107643,-0.0519834886155298,0.005119417464645402,-0.03449949419283178
46.6,0.006419678346134068,-0.052834998799536945,0.005261917543845945,-0.03542897544031832
46.61,0.006500978450866725,-0.053632153454402885,0.005400865673930694,-0.03633473336910032
46.62,0.006576900404216391,-0.05437383794772939,0.005536171506929017,-0.03721628133691614
46.63,0.006647371263448962,-0.05505905756667584,0.00566774711912928,-0.038073161026089514
46.64,0.006712323760942656,-0.05568686296992832,0.005795507056580779,-0.0389049477831294
46.65,0.0067716963963631235,-0.05625636743344835,0.005919368378453577,-0.03971121442382665
46.660000000000004,0.006825433520107248,-0.05676683663834166,0.006039250698488404,-0.040491578212054735
46.67,0.006873485403489364,-0.05721768078414667,0.006155076223415089,-0.041245685179009964
46.68,0.006915808294714233,-0.05760844101833186,0.006266769788815389,-0.04197318970275133
46.69,0.006952364462249676,-0.05793876383953384,0.0063742588938723085,-0.04267375049915858
46.7,0.0069831222277733284,-0.058208380781417074,0.0064774737344033065,-0.043347069594106315
46.71,0.0070080559905608825,-0.05841709664143081,0.0065763472334819965,-0.04399285507004155
46.72,0.00702714624435986,-0.0585647879847675,0.006670815070751197,-0.04461081996484047
46.730000000000004,0.00704037958642206,-0.05865142344994598,0.006760815710016726,-0.04520072118874705
46.74,0.007047748715913933,-0.0586771228649775,0.006846290424603961,-0.045762314707068916
46.75,0.007049252419125874,-0.058642133079734565,0.0069271833208355066,-0.04629539074021418
46.76,0.00704489554290555,-0.058546782980009884,0.007003441359812472,-0.04679974018516487
46.77,0.007034688958672669,-0.058391494546131406,0.007075014377833929,-0.047275174974011396
46.78,0.00701864951720771,-0.05817678809127255,0.0071418551046164465,-0.04772154411875434
46.79,0.006996799994452347,-0.05790325897341822,0.007203919179665972,-0.048138683603343294
46.800000000000004,0.006969169029395567,-0.057571577068447205,0.007261165168015662,-0.048526446940355135
46.81,0.006935791053560886,-0.0571825182420828,0.007313554574016046,-0.04888473091228012
46.82,0.006896706211995771,-0.05673691771933673,0.0073610518535214935,-0.04921340366755282
46.83,0.006851960277618148,-0.05623566459929453,0.007403624426725876,-0.04951233028891149
46.84,0.00680160455804719,-0.05567976882065466,0.007441242691146413,-0.049781394133163126
46.85,0.006745695793019216,-0.05507031927947589,0.0074738800330209675,-0.05002050251248695
46.86,0.006684296044004641,-0.05440845564127034,0.007501512837208523,-0.050229561037045276
46.87,0.006617472577295556,-0.053695399314679586,0.007524120496594705,-0.05040847856086156
46.88,0.006545297740586901,-0.05293242120993065,0.007541685420368406,-0.05055719622420709
46.89,0.006467848833722466,-0.05212085193339005,0.007554193040651673,-0.05067565458732802
46.9,0.0063852079738242595,-0.0512620790564107,0.007561631818205306,-0.050763804222192004
46.910000000000004,0.0062974619554812695,-0.05035752317206349,0.0075639932472415196,-0.05082160877746042
46.92,0.006204702106098308,-0.04940867476136286,0.007561271859608399,-0.050849024711424065
46.93,0.006107024136901401,-0.04841703456373277,0.00755346523190416,-0.05084591647451818
46.94,0.006004527990529331,-0.047384155263507824,0.007540573997477146,-0.05081214181595526
46.95,0.005897317684709858,-0.0463116293185339,0.007522601858513538,-0.05074762502394629
46.96,0.005785501151573883,-0.04520109625796272,0.007499555593229264,-0.05065234661440881
46.97,0.005669190072673718,-0.044054236714056075,0.007471445058092188,-0.050526315343819114
46.980000000000004,0.005548499711458075,-0.042872720497047725,0.00743828318981158,-0.05036946611123799
46.99,0.0054235487451273125,-0.04165823123706433,0.007400086014559444,-0.050181599377655296
47.0,0.005294459096133309,-0.04041245171949967,0.0073568726658264,-0.04996249797594027
47.01,0.005161355762042723,-0.03913711297400116,0.0073086654016734556,-0.04971207833566498
47.02,0.005024366642139792,-0.03783397782419211,0.007255489616020688,-0.04943024739302267
47.03,0.0048836223618161,-0.036504801877835794,0.007197373850480289,-0.04911682389893055
47.04,0.00473925609658022,-0.03515134694514271,0.007134349813508566,-0.04877153643367429
47.050000000000004,0.004591403396042366,-0.03377537324851779,0.007066452406843773,-0.04839407799169931
47.06,0.004440202007592244,-0.03237865215926352,0.006993719753979337,-0.047984190063121504
47.07,0.004285791700634296,-0.03096292293661974,0.0069161932298148375,-0.047541520939965644
47.08,0.004128314093625719,-0.02952988095343099,0.006833917497387917,-0.04706560736705967
47.09,0.003967912484144034,-0.028081216824750746,0.0067469405514223495,-0.04655600316354136
47.1,0.0038047316812670202,-0.026618584511344932,0.0066553137654291675,-0.04601219090338303
47.11,0.0036389178401104675,-0.02514363232608919,0.006559091940904528,-0.04543368809952259
47.12,0.0034706182950248687,-0.023658086972538746,0.006458333346622348,-0.04482032269937481
47.13,0.003299981386180792,-0.022163770125837104,0.006353099730391809,-0.044172295546309706
47.14,0.0031271562797716835,-0.020662510390992195,0.006243456303036797,-0.04348991200906154
47.15,0.0029522927868490105,-0.019156111290461915,0.0061294717094697295,-0.042773489528172774
47.160000000000004,0.0027755411838623965,-0.017646358897902788,0.006011217995722921,-0.04202339015157967
47.17,0.0025970520353932602,-0.016135014399949462,0.005888770572633549,-0.04124000510287543
47.18,0.0024169760192842655,-0.014623814316196446,0.005762208176040349,-0.040423763246705345
47.19,0.002235463754409389,-0.013114467008074388,0.005631612823490231,-0.039575127501326836
47.2,0.0020526656312952613,-0.011608651160326338,0.005497069767392431,-0.03869459716739049
47.21,0.0018687316458071471,-0.010108013391116898,0.00535866744460027,-0.03778270718116327
47.22,0.001683811236103568,-0.008614166411361162,0.005216497422390255,-0.03684002878228143
47.230000000000004,0.0014980531230565977,-0.0071286870210596435,0.005070654340826119,-0.035867169345246586
47.24,0.00131160515432359,-0.005653114297467538,0.004921235851499707,-0.03486477249512763
47.25,0.0011246141522546244,-0.004188947796281102,0.004768342552651439,-0.03383351794278518
47.26,0.000937225765807785,-0.0027376458544130624,0.004612077920681741,-0.03277412131818152
47.27,0.0007495843266390899,-0.0013006239414712693,0.004452548238074908,-0.0316873338595231
47.28,0.0005618327095425463,0.00012074731914569342,0.0042898625177653195,-0.030573942045249432
47.29,0.0003741121974546568,0.0015251450777273188,0.0041241324239838,-0.029434767180158587
47.300000000000004,0.0001865623512239925,0.0029112946512380574,0.003955472189630641,-0.02827066477217862
47.31,-6.79116081106108e-07,0.004277959907232848,0.003783998530249573,-0.027082523412488763
47.32,-0.00018747646097330727,0.005623937894343701,0.0036098305547008387,-0.025871263803199165
47.33,-0.000373696028903465,0.0069480266796264085,0.0034330896726632717,-0.024637836823622604
47.34,-0.0005592063758761756,0.008248928059207782,0.0032538994992060504,-0.02338321944552953
47.35,-0.0007438784080394933,0.009524914285241942,0.0030723857570254037,-0.022108403155172474
47.36,-0.0009275855742525288,0.010773288240593315,0.002888676177528961,-0.020814376563689802
47.37,-0.0011102040867567503,0.01199226254518869,0.0027029003999366422,-0.019502187132793187
47.38,-0.0012916130843597246,0.01318107069760453,0.0025151898656654266,-0.018172942253794063
47.39,-0.0014716947274308852,0.014338938384423551,0.002325677706446455,-0.016827818984404216
47.4,-0.001650334279450097,0.015464886590516185,0.002134498616748584,-0.015468353227538012
47.410000000000004,-0.0018274201976441087,0.016557973642680683,0.0019417887041084062,-0.01409617795457389
47.42,-0.0020028442173489385,0.01761753060905981,0.0017476853312710877,-0.012712806406209295
47.43,-0.0021765014160066037,0.01864308768618541,0.0015523269653640078,-0.011319653483500738
47.44,-0.002348290257471143,0.01963432054168997,0.0013558530350934862,-0.009918108270116278
47.45,-0.0025181126206739544,0.02059105270008761,0.001158403792653216,-0.00850951163712045
47.46,-0.0026858738139978805,0.021513242791118607,0.0009601201800468315,-0.007095155322615965
47.47,-0.0028514825764066128,0.022400969840248065,0.0007611436998386544,-0.005676297298914202
47.480000000000004,-0.0030148510670801876,0.023254408564893414,0.0005616162881285444,-0.004254209203033472
47.49,-0.0031758948441407563,0.02407385970068888,0.0003616801905006729,-0.0028300663509901835
47.5,-0.0033345328328229485,0.024859705825447442,0.00016147784112861455,-0.0014050874248885197
47.51,-0.0034906872845687355,0.02561241519735965,-3.8848257626749515e-05,1.9532279673820678e-05
47.52,-0.0036442837270811604,0.026332562827131003,-0.00023915565232725968,0.0014426941419387596
47.53,-0.0037952509054900592,0.027020789282421118,-0.0004393020515436294,0.002863259987872801
47.54,-0.0039435207162154436,0.027677802028733767,-0.0006391454393403923,0.004280079807110173
47.550000000000004,-0.004089028133998176,0.02830438506949158,-0.0008385441876074037,0.005692084812012267
47.56,-0.004231711131947026,0.02890138694218501,-0.0010373571634563995,0.00709824341705117
47.57,-0.004371510595395614,0.029469707959534856,-0.0012354438334176174,0.008497515933259557
47.58,-0.004508370230618132,0.030010294888779387,-0.0014326643679617558,0.00988884092616686
47.59,-0.004642236468981942,0.03052413954474397,-0.0016288797453237521,0.011271219119558935
47.6,-0.004773058366852544,0.03101227349375914,-0.0018239518511934335,0.012643699283617343
47.61,-0.004900787501810498,0.03147575881998053,-0.0020177435744851155,0.014005340310687333
47.62,-0.005025377865887928,0.03191568367494471,-0.002210118900899294,0.015355225378590551
47.63,-0.005146785756410485,0.032333156671185505,-0.002400943005499045,0.016692423910406325
47.64,-0.0052649696650624205,0.032729299206814895,-0.002590082344570987,0.018016034560668606
47.65,-0.005379890165835506,0.033105239510303454,-0.002777404744727491,0.019325207035555136
47.660000000000004,-0.005491509802416354,0.03346210839756591,-0.0029627794882422743,0.02061911243531036
47.67,-0.005599792975501501,0.03380103377722998,-0.0031460773957332953,0.021896940665571893
47.68,-0.005704705830645049,0.0341231330753376,-0.0033271709067589353,0.02315790516518151
47.69,-0.005806216149477215,0.03442943659275518,-0.0035059341580917914,0.024401244662708998
47.7,-0.00590429324867966,0.034720873010444284,-0.0036822430595041637,0.025626222711606205
47.71,-0.0059989078868389655,0.03499833726289438,-0.0038559753671851063,0.026832123458987712
47.72,-0.006090032176788641,0.03526266884213404,-0.004027010754990576,0.02801825217205147
47.730000000000004,-0.0061776395029140545,0.03551465982943384,-0.004195230883614902,0.029183934266135615
47.74,-0.006261704442305716,0.03575509206305372,-0.004360519467808742,0.03032851247467095
47.75,-0.006342202688350335,0.03598471791035884,-0.004522762342154474,0.031451335465683385
47.76,-0.0064191109786204325,0.03620420710930777,-0.004681847526794343,0.032551732653648954
47.77,-0.006492407028717031,0.03641419000853661,-0.004837665292424064,0.03362908409484052
47.78,-0.006562069470540463,0.036615272084770764,-0.004990108223050008,0.034682773417839916
47.79,-0.0066280777937105665,0.03680802387271008,-0.005139071278804758,0.03571214409752859
47.800000000000004,-0.0066904122898214175,0.03699299829170878,-0.005284451858542863,0.036716608538042046
47.81,-0.006749054001511,0.03717064465550565,-0.0054261498588314425,0.03769561124531933
47.82,-0.006803984679325637,0.03734133872995715,-0.005564067730921393,0.038648566562434615
47.83,-0.00685518674542551,0.03750542021051434,-0.005698110538282108,0.03957489819863859
47.84,-0.006902643261204122,0.03766320842975137,-0.005828186013615769,0.040474050953118304
47.85,-0.006946337897592159,0.03781499258030291,-0.005954204613990072,0.04134549079796594
47.86,-0.00698625490884539,0.037961011636158726,-0.006076079574953168,0.042188669235142987
47.870000000000005,-0.007022379111503433,0.0381014375837963,-0.006193726963445989,0.04300308630669588
47.88,-0.0070546958730132335,0.03823626952356133,-0.006307065727601198,0.04378827449404293
47.89,-0.007083191111337778,0.03836547079571592,-0.006416017744838823,0.04454373848325717
47.9,-0.007107851298150237,0.038489056978152,-0.006520507869583482,0.045269018942883134
47.910000000000004,-0.007128663460624838,0.03860702883366622,-0.0066204639807398895,0.045963624590673574
47.92,-0.007145615185166264,0.03871931469500112,-0.006715817029307878,0.046627087763261826
47.93,-0.007158694628814046,0.038825719837722955,-0.006806501084331564,0.04725897744788862
47.94,-0.0071678905421304435,0.03892592037265662,-0.006892453376392534,0.047858868524007614
47.95,-0.007173192301438009,0.039019574875395896,-0.006973614339053607,0.04842636943264771
47.96,-0.007174589942790608,0.03910639592588451,-0.007049927647912646,0.04896110866846552
47.97,-0.007172074195232077,0.03918604341881934,-0.00712134025827351,0.04946270605501901
47.980000000000004,-0.007165636517278695,0.03925812190361,-0.007187802441118988,0.04993083756173809
47.99,-0.007155269139376518,0.039322163641108576,-0.0072492678184288215,0.05036511621317831
48.0,-0.007140965113263101,0.039377627343378324,-0.0073056934002713285,0.05076516246397849
48.01,-0.007122718367067754,0.039423948525997454,-0.00735703962079318,0.05113066099766581
48.02,-0.00710052376522566,0.039460489722740424,-0.0074032703711829125,0.051461287162325224
48.03,-0.007074377171583398,0.03948664018560544,-0.007444353029973624,0.05175677650484173
48.04,-0.00704427551320709,0.03950176890758943,-0.0074802584897645085,0.05201689040741753
48.050000000000004,-0.007010216845348979,0.03950522092566756,-0.007510961180681127,0.05224141622617562
48.06,-0.006972200419080619,0.03949630445724388,-0.007536439090944604,0.05243017706520419
48.07,-0.006930226753878975,0.03947423959469128,-0.007556673789813942,0.05258284550246356
48.08,-0.006884297716397565,0.03943820859686349,-0.007571650457816903,0.05269907611687409
48.09,-0.006834416602257143,0.03938741077101969,-0.007581357916043049,0.05277867920155451
48.1,-0.006780588216415758,0.03932108623484083,-0.00758578864377372,0.05282160550564244
48.11,-0.006722818950860073,0.03923848333657125,-0.00758493878581002,0.052827815390590886
48.120000000000005,-0.006661116863632648,0.039138765672106064,-0.007578808161051054,0.05279712363189785
48.13,-0.006595491763882005,0.0390210294676613,-0.0075674002827224056,0.052729194549120555
48.14,-0.006525955300233463,0.0388844230401989,-0.007550722382776785,0.052623891395447715
48.15,-0.006452521047017263,0.03872812129906951,-0.007528785425419526,0.05248120800021996
48.160000000000004,-0.006375204587093867,0.038551331002058,-0.0075016041116595196,0.05230109294545621
48.17,-0.006294023594653113,0.03835318906706736,-0.007469196885459882,0.05208343204027936
48.18,-0.006208997920601381,0.038132837337127634,-0.0074315859460039185,0.051828042565730946
48.19,-0.006120149677694349,0.03788945997775366,-0.00738879726168679,0.05153483594437622
48.2,-0.006027503321850203,0.037622291321362966,-0.007340860578736855,0.05120379104847748
48.21,-0.005931085729589903,0.03733058110958644,-0.007287809426674573,0.05083482126740199
48.22,-0.0058309262742492225,0.037013559314350804,-0.007229681127309535,0.050427787189032965
48.230000000000004,-0.005727056901435399,0.03667049945048502,-0.007166516804676099,0.0499826455987426
48.24,-0.0056195122024267794,0.0363006819185318,-0.007098361391378023,0.04949934972733143
48.25,-0.005508329485740125,0.03590340485006198,-0.0070252636328030395,0.048977866160771426
48.26,-0.005393548845935975,0.035478020468787466,-0.006947276086914973,0.04841828588306728
48.27,-0.005275213226101464,0.03502398513335961,-0.00686445510933206,0.04782096924691241
48.28,-0.005153368470134402,0.034540881820586275,-0.006776860812376656,0.04718660952421954
48.29,-0.005028063365069695,0.03402834419518564,-0.006684556999538166,0.04651599174550421
48.300000000000004,-0.004899349677420443,0.0334860350905256,-0.006587611088221826,0.045809920794710586
48.31,-0.004767282185826544,0.03291365535851967,-0.00648609402843843,0.045069242770662
48.32,-0.004631918710088209,0.03231094106132331,-0.006380080218235879,0.04429483086756153
48.33,-0.00449332013645761,0.031677666390693374,-0.006269647416037659,0.04348758894959527
48.34,-0.004351550439104591,0.031013643621473568,-0.006154876650154105,0.04264844623826965
48.35,-0.004206676697663825,0.030318724449068093,-0.006035852125685533,0.041778356420071217
48.36,-0.004058769110780209,0.02959280053922523,-0.005912661129062377,0.04087829453549036
48.370000000000005,-0.003907901005577681,0.028835804379468626,-0.005785393930454462,0.03994925498420294
48.38,-0.0037541488429809556,0.028047709891398688,-0.005654143684287647,0.038992248993329835
48.39,-0.0035975922188256917,0.027228533078091005,-0.005519006328100665,0.03800830238931817
48.4,-0.0034383138607004095,0.026378332573409387,-0.0053800804799738105,0.03699845326642048
48.410000000000004,-0.0032763996204637357,0.025497210163547,-0.005237467334757095,0.035963749767926864
48.42,-0.0031119384623913664,0.0245853112491369,-0.005091270559321093,0.03490524788397195
48.43,-0.0029450224469107977,0.023642825266849386,-0.00494159618704814,0.03382400932517478
48.44,-0.0027757467098797482,0.02266998606370705,-0.004788552511776805,0.03272109945287399
48.45,-0.002604209437381164,0.021667072229616686,-0.004632249981404082,0.03159758528518269
48.46,-0.0024305118360003573,0.02063440738757201,-0.004472801091344517,0.030454533578026025
48.47,-0.0022547580985491497,0.019572360734055674,-0.004310320278035858,0.029293009008042235
48.480000000000004,-0.002077055365179727,0.01848134813314026,-0.004144923812667882,0.02811407256838703
48.49,-0.001897513679768751,0.017361833551994506,-0.003976729695292475,0.026918780198316495
48.5,-0.0017162459417288723,0.016214321292305666,-0.0038058575494785106,0.02570818067298913
48.51,-0.0015333678537830693,0.015039350549329306,-0.0036324285176675976,0.024483314782736066
48.52,-0.001348997866622389,0.013837479288988482,-0.0034565651573449595,0.02324521429403112
48.53,-0.0011632571226153302,0.01260924348785794,-0.0032783913381120287,0.021994901320821655
48.54,-0.0009762694045556025,0.011355038625382854,-0.003098032139680533,0.020733389374539578
48.550000000000004,-0.000788161108889795,0.010074705317743777,-0.0029156137505951933,0.019461688407972393
48.56,-0.0005990612722009466,0.008767333901008216,-0.0027312633674285965,0.018180804639435267
48.57,-0.0004091016103227033,0.007433155148586599,-0.0025451090953243984,0.016891709580124092
48.58,-0.0002184164915666862,0.006073184098943899,-0.0023572798512167276,0.015595346380778197
48.59,-2.7142852757737764e-05,0.004688303036683007,-0.002167905272453328,0.014292550521915559
48.6,0.00016457988807330577,0.003279213337877218,-0.0019771156424194265,0.012983796934339169
48.61,0.0003566099097593998,0.0018466903686957439,-0.001785041836926289,0.011669533627266112
48.620000000000005,0.0005488030744760692,0.0003917775853828709,-0.0015918152749907239,0.010350340240877078
48.63,0.000741013033739706,-0.001084325653835234,-0.0013975678615571962,0.00902686399804311
48.64,0.0009330913524404248,-0.0025802560779338585,-0.0012024319216789455,0.0076998363133418315
48.65,0.001124887646780037,-0.004094560539868342,-0.0010065401298507608,0.00636996752646773
48.660000000000004,0.0013162497342488124,-0.0056256428440224935,-0.0008100254356196827,0.005038068189662869
48.67,0.0015070237947210265,-0.007171830920301768,-0.0006130209857362415,0.0037049138576224295
48.68,0.0016970545408938591,-0.008731360511236512,-0.0004156600450177908,0.0023713134127826404
48.69,0.0018861853978253205,-0.010302366026882965,-0.00021807591431462212,0.0010381384094056165
48.7,0.0020742586905145907,-0.011882939703862323,-2.0401847596236748e-05,-0.0002938329581394909
48.71,0.002261115838113922,-0.013471087946241522,0.00017722903004377524,-0.0016237433259648846
48.72,0.002446597555261186,-0.015064747759757902,0.00037468380753045185,-0.00295070055984419
48.730000000000004,0.0026305440594773365,-0.016661822387751702,0.0005718298733127854,-0.004273907355124947
48.74,0.0028127952831397776,-0.018260161450286992,0.0007685349980912554,-0.005592527307942783
48.75,0.002993191090125975,-0.019857566831980242,0.0009646674188865954,-0.006905682782870321
48.76,0.003171571496781185,-0.02145180773852521,0.0011600959255356608,-0.008212508769043492
48.77,0.0033477768960701784,-0.023040629422541956,0.0013546899458420447,-0.009512190338440923
48.78,0.003521648284036299,-0.02462175728160721,0.0015483196277906212,-0.010803919886258829
48.79,0.003693027488118167,-0.02619289925511962,0.001740855921539459,-0.012086853645504516
48.800000000000004,0.0038617573968674998,-0.027751755049515436,0.001932170662873654,-0.013360153936489464
48.81,0.004027682190345864,-0.029296023003569267,0.0021221366566718,-0.014622996363819
48.82,0.004190647570500536,-0.03082340585855608,0.002310627759002094,-0.015874576091132523
48.83,0.0043505009908874955,-0.032331616936716163,0.0024975189566689444,-0.017114131467251433
48.84,0.004507091885097778,-0.0338183873143493,0.002682686444776897,-0.018340883867587508
48.85,0.004660271895413053,-0.035281401480635514,0.0028660077043151577,-0.019554053846490928
48.86,0.00480989510536372,-0.03671827754667498,0.003047361579249905,-0.02075289029752689
48.870000000000005,0.004955818275428877,-0.03812666421387342,0.003226628351884167,-0.021936653706774507
48.88,0.005097901077874741,-0.039504228042739856,0.0034036898165690213,-0.023104621577821
48.89,0.005236006328609465,-0.04084868050428701,0.003578429351853468,-0.02425608762789065
48.9,0.005370000213237579,-0.04215783432737232,0.0037507319910520067,-0.025390360266477202
48.910000000000004,0.005499752505321938,-0.04342956042231458,0.003920484491227169,-0.026506765642376823
48.92,0.005625136778444082,-0.0446617694778558,0.0040875754004147495,-0.027604649296724966
48.93,0.005746030612458294,-0.04585245630202488,0.0042518951240876094,-0.028683339290976113
48.94,0.005862315791342029,-0.046999724688339135,0.004413335991427229,-0.029742185709676162
48.95,0.005973878490985251,-0.04810177343237808,0.004571792319421069,-0.030780585223525406
48.96,0.006080609457227058,-0.04915689260330709,0.004727160474947628,-0.03179791128244813
48.97,0.006182404176349722,-0.05016340725939919,0.004879338936586721,-0.032793553750977034
48.980000000000004,0.006279163038278571,-0.05111976172274166,0.005028228353957052,-0.033766971387982375
48.99,0.006370791489766777,-0.05202450941644827,0.005173731602896287,-0.03471763706148118
49.0,0.00645720017643312,-0.05287631161656881,0.005315753838782236,-0.03564501735830018
49.01,0.006538305073709302,-0.05367394465032478,0.005454202549156975,-0.036548602585463726
49.02,0.006614027606710742,-0.054416288532132,0.005588987604598326,-0.03742790603135162
49.03,0.006684294758995321,-0.055102342197737054,0.0057200213071152,-0.038282469346515406
49.04,0.0067490391720766065,-0.055731145830847505,0.005847218435643771,-0.03911186812324417
49.050000000000004,0.00680819923847467,-0.05630180551024036,0.005970496289403449,-0.03991567490368739
49.06,0.0068617191858643635,-0.05681358265791592,0.006089774729328812,-0.04069350778778812
49.07,0.00690954914780242,-0.057265881811765604,0.006204976216455431,-0.041445012665827854
49.08,0.006951645220244079,-0.05765823850963091,0.006316025847793795,-0.042169843230868476
49.09,0.006987969505600812,-0.05799029010920951,0.006422851391098024,-0.04286765872290182
49.1,0.0070184901465732185,-0.05826175788971481,0.006525383317838542,-0.043538162708252406
49.11,0.007043181351640377,-0.05847243356413893,0.006623554833833342,-0.044181060137648887
49.120000000000005,0.00706202341316748,-0.05862218146745808,0.00671730190862223,-0.04479606606916935
49.13,0.007075002717498938,-0.058710964136932775,0.006806563303030683,-0.04538293713486586
49.14,0.007082111743986557,-0.0587388991961065,0.006891280594457008,-0.04594143068232843
49.15,0.007083349050748205,-0.058706223395780306,0.006971398200301201,-0.04647133646177688
49.160000000000004,0.007078719249006473,-0.05861325402666985,0.00704686339980127,-0.04697244344069187
49.17,0.007068232968155716,-0.05846040427657746,0.007117626354385252,-0.04744456910678376
49.18,0.007051906811462616,-0.058248186509118574,0.007183640125647751,-0.047887562682227755
49.19,0.007029763302926167,-0.05797718033769828,0.0072448606918000666,-0.04830125370755803
49.2,0.007001830826308513,-0.05764804892662992,0.007301246963433889,-0.04868550502824038
49.21,0.006968143555604241,-0.05726155730720824,0.007352760796973426,-0.04904021355709576
49.22,0.006928741377194568,-0.05681852471654905,0.007399367007069703,-0.04936523451993696
49.230000000000004,0.006883669805431516,-0.05631983273841084,0.007441033379909854,-0.04966043824536118
49.24,0.006832979890184141,-0.0557664904916411,0.007477730686053095,-0.04992571275010052
49.25,0.00677672811500078,-0.055159568888225693,0.007509432691602491,-0.05016096183794084
49.26,0.0067149762878364536,-0.054500200918704084,0.007536116168245503,-0.05036608921417236
49.27,0.006647791425102306,-0.05378959908881002,0.007557760902541458,-0.050541012846089646
49.28,0.006575245629148032,-0.05302902361089137,0.007574349703860323,-0.05068567146230514
49.29,0.006497415960035079,-0.052219794625693566,0.0075858684109411665,-0.050800005966523454
49.300000000000004,0.00641438430175091,-0.05136328813971,0.00759230589751912,-0.05088397047518928
49.31,0.006326237223265871,-0.0504609217206152,0.007593654076820242,-0.05093753305230179
49.32,0.006233065834832863,-0.049514167296056566,0.007589907906165522,-0.05096062723097407
49.33,0.006134965640286269,-0.04852451522635895,0.00758106539553476,-0.05095310435989316
49.34,0.006032036385593719,-0.04749351545060669,0.007567127620229722,-0.05091483634511398
49.35,0.0059243819031093515,-0.046422752697407074,0.007548098732079543,-0.05084576180744867
49.36,0.005812109951374626,-0.045313864703216425,0.0075239859651600296,-0.050745876994319164
49.370000000000005,0.005695332050743356,-0.04416852015330417,0.007494799637268946,-0.0506151805280729
49.38,0.005574163316988772,-0.04298837225715605,0.007460553152984734,-0.050453578830999934
49.39,0.005448722294489936,-0.04177509558476714,0.0074212630154127015,-0.05026084261678485
49.4,0.005319130788613403,-0.040530369318652906,0.007376948844865264,-0.05003679384596432
49.410000000000004,0.00518551369577854,-0.039255929259464195,0.007327633394384973,-0.04978136141592021
49.42,0.005047998830249454,-0.03795352665363162,0.00727334256014148,-0.04949443617230911
49.43,0.004906716749222844,-0.03662490970597068,0.007214105394347522,-0.04917581957152921
49.44,0.004761800577641172,-0.035271833219128634,0.007149954126160841,-0.04882522148151964
49.45,0.004613385832681117,-0.03389605683994922,0.007080924188672973,-0.04844235807408273
49.46,0.004461610247761183,-0.03249934641423407,0.007007054246749246,-0.04802696626881315
49.47,0.004306613597452396,-0.031083428281079455,0.006928386227159871,-0.04757867130268875
49.480000000000004,0.004148537525329562,-0.029649995407388604,0.006844965356352689,-0.04709701603354562
49.49,0.003987525374524199,-0.02820073452249277,0.006756840204096996,-0.04658155617519677
49.5,0.0038237220204113353,-0.026737297141532838,0.006664062730224749,-0.04603177904335022
49.51,0.003657273705101411,-0.025261339178800135,0.006566688332452702,-0.045447237946272895
49.52,0.003488327869683097,-0.0237746073998559,0.006464775881528212,-0.04482783490584612
49.53,0.003317032979442526,-0.022278930414629094,0.0063583877276401956,-0.04417380259201768
49.54,0.0031435383433897034,-0.02077613462067618,0.006247589681305305,-0.04348544828450466
49.550000000000004,0.002967993933057748,-0.019268023407772467,0.006132450983488654,-0.04276309690644311
49.56,0.0027905502031095033,-0.017756382107513628,0.006013044272088425,-0.042007115046514734
49.57,0.0026113579140981534,-0.01624297189239724,0.0058894455450694445,-0.041217899770584425
49.58,0.002430567957604264,-0.014729529320274309,0.005761734120127893,-0.0403958849471214
49.59,0.002248331183980334,-0.013217763173915032,0.005629992590875088,-0.0395415387121052
49.6,0.0020647982329210306,-0.0117093527696989,0.0054943067794852975,-0.03865536525441441
49.61,0.001880119367071532,-0.01020594564657467,0.00535476568578507,-0.03773790432416765
49.620000000000005,0.0016944443088795238,-0.008709155678211346,0.005211461432757019,-0.0367897317569625
49.63,0.001507922080885552,-0.00722056108516054,0.0050644892084457695,-0.03581145936189835
49.64,0.0013207008496404758,-0.005741702607236691,0.004913947204259282,-0.03480373499455248
49.65,0.0011329277734347006,-0.00427408170475751,0.004759936549669063,-0.03376724239993748
49.660000000000004,0.0009447488540098669,-0.0028191588534279112,0.004602561243321682,-0.03270270102920106
49.67,0.0007563087924244733,-0.0013783518878646333,0.004441928080583701,-0.031610865725418234
49.68,0.0005677508492442733,4.6966003894403745e-05,0.004278146577550906,-0.030492526347560465
49.69,0.0003792167092826097,0.0014554692825386748,0.0041113288915597054,-0.02934850735794474
49.7,0.0001908463510792231,0.002845880111741923,0.003941589738248586,-0.02817966717147158
49.71,2.777920881831893e-06,0.004216958860123016,0.0037690463052445127,-0.026986897045186597
49.72,-0.00018485238950764418,0.005567499051561701,0.0035938181625727638,-0.025771120110399514
49.730000000000004,-0.00037191046242680945,0.00689629604764168,0.003416027169918552,-0.024533289467631236
49.74,-0.0005582643761142822,0.008202053722988236,0.0032357973809752035,-0.023274384243502155
49.75,-0.0007437845433776959,0.009483073050479178,0.0030532549454443557,-0.021995398752292922
49.76,-0.0009283439015826088,0.010736693460809651,0.002868528009849755,-0.02069732449992519
49.77,-0.0011118181323412502,0.011961083239036621,0.0026817466164477583,-0.019381208737220032
49.78,-0.0012940858268736242,0.013155453529907747,0.0024930425975633686,-0.018048158974303296
49.79,-0.0014750285826943435,0.014319039634862602,0.002302549463951161,-0.016699344322894508
49.800000000000004,-0.00165453108505722,0.015450865323373027,0.002110402278074336,-0.015336285646800455
49.81,-0.0018324811975161262,0.016549981151302035,0.001916737505324438,-0.013960616269888114
49.82,-0.0020087700470242725,0.017615705450558697,0.001721692856389714,-0.012573851156923117
49.83,-0.002183292089039267,0.018647558300161654,0.0015254071363068602,-0.01117740620865325
49.84,-0.002355945152980841,0.019645202670075045,0.0013280201014550573,-0.009772674388669054
49.85,-0.002526630471986852,0.020608453925848574,0.00112967232136913,-0.008360992837236216
49.86,-0.0026952526983277224,0.021537258466321596,0.0009305050450778982,-0.006943656286996787
49.870000000000005,-0.0028617199056382926,0.022431684641443156,0.0007306600718039025,-0.005521921977207405
49.88,-0.0030259435796607666,0.023291896470448596,0.0005302796239503017,-0.004097060432817212
49.89,-0.0031878385980823485,0.024118182801712976,0.0003295062230876028,-0.0026702479971799638
49.9,-0.0033473231998590557,0.024910914996738094,0.00012848256907353964,-0.0012427019664682205
49.910000000000004,-0.003504318945459389,0.025670549739774423,-7.26485802635501e-05,0.00018438356994604046
49.92,-0.0036587506680801573,0.026397650315933986,-0.00027374452611513,0.0016099110352416743
49.93,-0.003810546416004754,0.02709284489975698,-0.00047466274175244564,0.003032740655692601
49.94,-0.003959637387674894,0.02775682930583275,-0.0006752609859739578,0.004451725516148921
49.95,-0.0041059578599076845,0.028390375750883816,-0.0008753974152391525,0.0058657993015935345
49.96,-0.004249445109130645,0.028994320645228142,-0.0010749306908618228,0.007273931076837158
49.97,-0.004390039326446892,0.029569552120096203,-0.0012737200831705495,0.008675079700018809
49.980000000000004,-0.004527683527564387,0.030117004980912652,-0.001471625576023378,0.010068185874532062
49.99,-0.004662323458138527,0.030637659379832937,-0.001668507970427676,0.011452254444055305
50.0,-0.004793907494850804,0.031132535147106264,-0.0018642289839411155,0.012826335611799312
50.01,-0.004922386542790239,0.03160268279332819,-0.0020586513462425766,0.014189489786249372
50.02,-0.005047713929841934,0.03204917911057011,-0.002251638892575145,0.015540800660107648
50.03,-0.005169845298659546,0.03247312160739175,-0.002443056656325208,0.016879335775278434
50.04,-0.005288738496846872,0.03287562048081912,-0.00263277096078898,0.018204199532629736
50.050000000000004,-0.00540435346600732,0.03325779325234425,-0.00282064950791762,0.019514545227431106
50.06,-0.005516652130191321,0.03362076037814071,-0.0030065614633504323,0.02080954436770383
50.07,-0.005625598284243697,0.03396563963606811,-0.003190377538927796,0.022088389428971473
50.08,-0.005731157482593158,0.034293540543413076,-0.003371970073100051,0.023350295565461567
50.09,-0.005833296930907754,0.03460549822619263,-0.003551213109034719,0.02459450253081251
50.1,-0.005931985384855718,0.03490244535192988,-0.0037279824702852776,0.025820274947199563
50.11,-0.006027193057183869,0.035185259965069826,-0.003902155834062741,0.02702689932341179
50.120000000000005,-0.006118891530861349,0.03545477972568863,-0.004073612802302829,0.028213682418507264
50.13,-0.0062070536770166326,0.03571178978042969,-0.004242234970661424,0.02937995147442764
50.14,-0.006291653576984713,0.03595705492178834,-0.004407905995538144,0.03052505167134048
50.15,-0.006372666446930238,0.03619132556076751,-0.00457051165939981,0.031648341258480435
50.160000000000004,-0.0064500685662400485,0.03641526881617891,-0.004729939935849966,0.0327491541241733
50.17,-0.006523837211985242,0.03662950017393283,-0.004886081054446305,0.03382686276276603
50.18,-0.006593950598150083,0.036834619095967455,-0.005038827563269681,0.03488086617269538
50.19,-0.006660387817804299,0.037031190651939175,-0.005188074390992984,0.03591051229033491
50.2,-0.006723128788194629,0.03721975281553834,-0.005333718909413848,0.03691519861958913
50.21,-0.006782154200555536,0.03740075801924267,-0.0054756609928357,0.037894378029277115
50.22,-0.00683744547727878,0.03757457628059466,-0.005613803074689216,0.03884747238193129
50.230000000000004,-0.006888984736065837,0.037741539750116106,-0.005748050204514735,0.03977390592475245
50.24,-0.006936754758233597,0.03790196081285621,-0.005878310104846756,0.04067312202415834
50.25,-0.006980738959728418,0.03805612132114848,-0.006004493226427099,0.04154458601775533
50.26,-0.007020921365457878,0.03820425834457046,-0.006126512802145281,0.04238775703665148
50.27,-0.007057286588499539,0.03834654321179598,-0.006244284899851611,0.043202126560337784
50.28,-0.007089819818799108,0.0384829744766145,-0.006357728472398891,0.043987228053259844
50.29,-0.007118506822961048,0.03861351048884114,-0.006466765405640066,0.04474257332122876
50.300000000000004,-0.0071433339478581825,0.038738161328172475,-0.006571320565866562,0.04546770007025716
50.31,-0.007164288122797299,0.03885692722762933,-0.006671321847175472,0.04616212074752642
50.32,-0.007181356863354997,0.038969737109529584,-0.00676670021897892,0.04682536706681444
50.33,-0.00719452828277651,0.039076395338020056,-0.006857389772049381,0.047457003546983845
50.34,-0.007203791114868061,0.03917657874418052,-0.0069433277621408565,0.048056608488077315
50.35,-0.007209134746243149,0.03926994457367565,-0.007024454651493596,0.04862378577905581
50.36,-0.007210549250282251,0.03935620710543663,-0.0071007141479916104,0.04915816567664057
50.370000000000005,-0.007208025420297326,0.03943502710430004,-0.0071720532429126954,0.04965936556016228
50.38,-0.00720155480584862,0.039506011606870686,-0.007238422246968511,0.05012706203833789
50.39,-0.007191129754995808,0.039568694730308135,-0.007299774825584432,0.050560869937414585
50.4,-0.007176743463450544,0.0396225370283012,-0.007356068036011769,0.05096040577876872
50.410000000000004,-0.007158390029473053,0.039666976185032496,-0.007407262363515632,0.05132535299455776
50.42,-0.0071360645135781125,0.03970137646821046,-0.007453321754549922,0.05165538462627588
50.43,-0.007109763001270036,0.03972513477125307,-0.007494213647271188,0.05195023388630216
50.44,-0.007079482666333755,0.03973762306825793,-0.007529908998470798,0.05220966057635837
50.45,-0.007045221835362445,0.0397381908164329,-0.007560382307205267,0.052433450577078475
50.46,-0.007006980054968868,0.039726150533704055,-0.007585611635571239,0.052621423727262494
50.47,-0.0069647581640129965,0.03970072401611532,-0.007605578632067041,0.05277324520270523
50.480000000000004,-0.006918558372073989,0.03966109748785407,-0.007620268562312407,0.05288856769726124
50.49,-0.006868384340687864,0.039606480465815594,-0.0076296703385138965,0.05296720369295732
50.5,-0.0068142412628794564,0.039536121138140465,-0.0076337765369771165,0.053009105473791944
50.51,-0.006756135940076084,0.03944927345784248,-0.007632583405578376,0.05301422489793129
50.52,-0.0066940768607109775,0.03934510029292626,-0.0076260908732681725,0.05298235941180579
50.53,-0.006628074285000153,0.03922270421292357,-0.0076143025714981065,0.05291316767947576
50.54,-0.006558140332692978,0.03908124374991136,-0.007597225858892876,0.05280652431526764
50.550000000000004,-0.0064842890683123,0.03891990524487591,-0.007574871834432462,0.052662419725731116
50.56,-0.006406536583059156,0.038737900334647316,-0.007547255342389328,0.05248078819145767
50.57,-0.006324901077064052,0.0385343683920922,-0.007514394979522609,0.05226150679479108
50.58,-0.006239402944274207,0.03830846035172515,-0.007476313108502568,0.052004378403745076
50.59,-0.006150064856652537,0.03805937435551132,-0.007433035872577392,0.05170932121893896
50.6,-0.0060569118442524526,0.037786356603723883,-0.00738459320433886,0.05137630782229496
50.61,-0.005959971371659094,0.03748866120403363,-0.007331018831992444,0.05100523105203839
50.620000000000005,-0.005859273413496314,0.03716552633261523,-0.007272350289555567,0.050595949482933875
50.63,-0.005754850529070932,0.0368162358118371,-0.007208628927267665,0.05014842091147517
50.64,-0.005646737934986518,0.03644007376491337,-0.007139899918471651,0.04966258084263483
50.65,-0.005534973575912885,0.03603635162342905,-0.007066212264343249,0.049138406894541624
50.660000000000004,-0.00541959819220543,0.03560443627241862,-0.006987618793005552,0.04857600570658123
50.67,-0.005300655380663761,0.035143808063507406,-0.006904176142251454,0.04797578184076341
50.68,-0.005178191644794104,0.034654067625518516,-0.006815944715334738,0.0473384533998315
50.69,-0.005052256435522876,0.03413485738760932,-0.0067229886134091135,0.04666480295370193
50.7,-0.004922902186423402,0.03358585092202429,-0.006625375557788745,0.04595563925429159
50.71,-0.004790184345367719,0.03300675870976607,-0.006523176808473801,0.045211809092663924
50.72,-0.004654161402562888,0.0323973268547284,-0.006416467079401267,0.04443418793543423
50.730000000000004,-0.004514894914860624,0.03175733922157211,-0.006305324450611669,0.04362368111981823
50.74,-0.004372449526251713,0.03108661776042808,-0.006189830277585051,0.042781219729723555
50.75,-0.004226892984454389,0.030385023640101188,-0.006070069097971608,0.04190775910811438
50.76,-0.004078296153515341,0.029652457882011533,-0.005946128535958946,0.041004276043116995
50.77,-0.003926733022349639,0.028888862152381692,-0.005818099204509874,0.04007176662429948
50.78,-0.003772280709150309,0.028094219387646585,-0.0056860746057080455,0.03911124378529138
50.79,-0.0036150194616041075,0.02726855441950793,-0.005550151029444644,0.03812373503861297
50.800000000000004,-0.0034550326528556157,0.026411934520258945,-0.005410427450677898,0.037110280163036705
50.81,-0.0032924067731699325,0.02552446991181012,-0.005267005425492398,0.03607192897594289
50.82,-0.0031272314172429132,0.02460631422014294,-0.005119988986182179,0.03500973913632142
50.83,-0.0029595992671195984,0.023657664887429132,-0.004969484535574808,0.03392477401675777
50.84,-0.0027896060706835346,0.022678763538333743,-0.004815600740808855,0.03281810063560303
50.85,-0.002617350615679216,0.021669896304384664,-0.004658448426770306,0.03169078766331765
50.86,-0.00244293469924606,0.020631394106261094,-0.004498140469385696,0.030543903504755065
50.870000000000005,-0.002266463092922998,0.019563633121235255,-0.004334791688962586,0.0293785144787625
50.88,-0.0020880435030769325,0.018467035806148262,-0.004168518743754415,0.028195683189479025
50.89,-0.0019077865266289545,0.017342072642612373,-0.003999440023907169,0.026996467224139998
50.9,-0.0017258056022088851,0.016189254833997885,-0.0038276755459498643,0.025781916995772813
50.910000000000004,-0.0015422169572690077,0.015009127945364267,-0.0036533468479857533,0.024553074934178843
50.92,-0.001357139552096847,0.013802256441706195,-0.0034765768856991177,0.023310974431645988
50.93,-0.0011706950228953183,0.012569182449099641,-0.003297489929264829,0.022056639214642168
50.94,-0.000983007629999331,0.011310304883743634,-0.0031162114611807345,0.020791084395753084
50.95,-0.0007942042311912141,0.010025452311145884,-0.0029328680748294247,0.019515321525591125
50.96,-0.0006044143081749762,0.008713732543566602,-0.002747587373538113,0.018230357616095923
50.97,-0.00041377000397628706,0.007375411773462645,-0.0025604978710208693,0.016937165148718382
50.980000000000004,-0.00022240609383823083,0.006011512858781997,-0.0023717288944815327,0.015636688972563963
50.99,-3.0459900236948556e-05,0.004622916289046633,-0.0021814104932178996,0.014329761809958543
51.0,0.00016192879466792872,0.0032103295251561127,-0.0019896733642451236,0.013016861904260692
51.01,0.00035461782767532254,0.0017745381316392902,-0.0017966487982721544,0.011698447058660327
51.02,0.0005474627418479334,0.0003165925577596411,-0.0016024686297106507,0.01037510405479969
51.03,0.000740316893176186,-0.0011623036970047343,-0.0014072651786938722,0.009047485180345751
51.04,0.0009330315750320363,-0.0026607843648995223,-0.0012111711847270325,0.007716326333188328
51.050000000000004,0.0011254561563768487,-0.004177394623448902,-0.00101431973558078,0.006382341642622173
51.06,0.0013174382318754724,-0.005710537992876397,-0.0008168441925522636,0.005046344019987484
51.07,0.0015088237830288777,-0.007258542377948,-0.0006188781123176601,0.003709112470022308
51.08,0.00169945734856067,-0.008819644958044881,-0.00042055516753840906,0.0023714571387439274
51.09,0.0018891822038190635,-0.010391981900246039,-0.00022200906461882338,0.0010342520757671218
51.1,0.0020778405481569713,-0.011973647779731231,-2.337346057190726e-05,-0.00030172221556669707
51.11,0.002265273698873766,-0.013562652544281654,0.0001752181191513049,-0.0016356080021903278
51.120000000000005,0.0024513222921967617,-0.015156936940905355,0.00037363236592840085,-0.002966511238825184
51.13,0.0026358264902849975,-0.0167544084187419,0.0005717362736521662,-0.004293632066122715
51.14,0.002818626192747305,-0.018352921771943184,0.0007693972216297918,-0.005616133863113035
51.15,0.002999561252764689,-0.019950284530528307,0.0009664830587328828,-0.006933138363983945
51.160000000000004,0.003178471697479056,-0.02154427193191312,0.0011628621899709565,-0.008243779221991031
51.17,0.003355197951524401,-0.023132635727394442,0.0013584036617873688,-0.009547239368448835
51.18,0.0035295810628178876,-0.024713108384293705,0.001552977244415562,-0.01084271090853902
51.19,0.0037014629301581146,-0.026283405379229803,0.0017464535139376223,-0.012129349771341762
51.2,0.0038706865321769318,-0.02784123429213782,0.0019387039357911602,-0.013406317258278533
51.21,0.004037096156936891,-0.029384301757161793,0.002129600948310113,-0.014672788404113547
51.22,0.004200537631463848,-0.03091031914900936,0.0023190180448980314,-0.015927957462300895
51.230000000000004,0.004360858550599193,-0.032417008753506976,0.0025068298536549045,-0.017171062012881613
51.24,0.004517908504481374,-0.03390211206250425,0.0026929122150154325,-0.018401322859814852
51.25,0.004671539305847215,-0.03536333493909753,0.002877142259413882,-0.019617959367683784
51.26,0.0048216052206961615,-0.0367983156645158,0.0030593984844820687,-0.020820219298560327
51.27,0.004967963202298238,-0.03820471175088436,0.003239560830500778,-0.022007362749392877
51.28,0.005110473124774424,-0.03958020327275183,0.003417510754172317,-0.02317866659834525
51.29,0.005248998013720951,-0.04092251420465936,0.0035931313008249447,-0.024333424051360436
51.300000000000004,0.005383404271233523,-0.04222946186570878,0.003766307175018748,-0.025470943504226646
51.31,0.005513561893286167,-0.043498930357537276,0.003936924809554386,-0.026590550607963923
51.32,0.005639344680654299,-0.044728843070900345,0.0041048724327212415,-0.02769159097476731
51.33,0.005760630443900789,-0.045917207050603336,0.004270040134336631,-0.028773406631245033
51.34,0.005877301200331093,-0.0470621273899014,0.004432319931626317,-0.029835337936973075
51.35,0.005989243361217363,-0.048161811211711036,0.004591605833621835,-0.030876778474445594
51.36,0.006096347908814015,-0.04921456756283777,0.00474779390307059,-0.03189711851786274
51.370000000000005,0.0061985105654636646,-0.05021873069468731,0.004900782317747195,-0.03289573916032425
51.38,0.0062956319558957795,-0.051172747419577266,0.0050504714302350324,-0.03387208802952801
51.39,0.006387617759765027,-0.05207518216790609,0.005196763823546009,-0.034825647173831395
51.4,0.006474378852897349,-0.05292470279876588,0.005339564364106284,-0.0357558864719054
51.410000000000004,0.006555831437521136,-0.05372009127705122,0.005478780254095967,-0.03666229429949799
51.42,0.0066318971615021444,-0.054460235156680734,0.005614321082407159,-0.037544382107602664
51.43,0.00670250322636707,-0.05514414155647313,0.005746098873150225,-0.03840169212705786
51.44,0.006767582485664683,-0.0557708702241298,0.0058740281312799755,-0.03923379596587303
51.45,0.006827073536648128,-0.05633953514293073,0.005998025885931237,-0.04004027282488095
51.46,0.006880920803800766,-0.05684939295839314,0.006118011731945244,-0.040820729616341006
51.47,0.006929074609517944,-0.05729985231011053,0.00623390786863643,-0.041574813523001894
51.480000000000004,0.006971491230397349,-0.05769045287648031,0.00634563913569193,-0.04230218247241047
51.49,0.007008132940740737,-0.05802084082412838,0.006453133047741664,-0.043002494532611346
51.5,0.0070389680456385195,-0.058290745232897775,0.006556319827495894,-0.04367544706841751
51.51,0.0070639709055212935,-0.05849997027761725,0.006655132436427016,-0.04432075404698698
51.52,0.0070831219532629655,-0.058648388100465174,0.006749506603922518,-0.04493812722284696
51.53,0.00709640770366007,-0.05873596091294773,0.00683938085496145,-0.0455273190725275
51.54,0.007103820752392702,-0.05876280430485164,0.00692469653569982,-0.04608808602219373
51.550000000000004,0.007105359761750546,-0.05872915971550595,0.007005397837059468,-0.04662021675438644
51.56,0.007101029434592544,-0.05863535090394605,0.007081431816526076,-0.04712350374576899
51.57,0.007090840478970759,-0.05848179220849817,0.007152748418627826,-0.04759775543625791
51.58,0.007074809563596741,-0.05826899797357679,0.007219300493319184,-0.04804282005233142
51.59,0.007052959264344642,-0.05799755567201845,0.0072810438123668084,-0.048458536582792214
51.6,0.007025318002923584,-0.057668126566877,0.007337937085052326,-0.048844755338406536
51.61,0.006991919977231874,-0.05728147772453056,0.0073899419720745195,-0.049201372636003826
51.620000000000005,0.006952805083244817,-0.05683843524028506,0.007437023097783658,-0.04952825783638905
51.63,0.006908018830295903,-0.05633987858728699,0.007479148063025571,-0.04982527407933971
51.64,0.0068576122486876355,-0.05578681400479374,0.007516287458233224,-0.050092303536930255
51.65,0.006801641787957538,-0.05518031535248048,0.0075484148749476445,-0.050329252623635835
51.660000000000004,0.006740169207541596,-0.054521515135496426,0.007575506915843433,-0.05053602506945701
51.67,0.006673261460877434,-0.05381162326164579,0.007597543204204793,-0.050712531001510304
51.68,0.006600990573037956,-0.05305189989594146,0.007614506392220118,-0.050858710119239786
51.69,0.006523433512614311,-0.05224366357056723,0.007626382167677925,-0.050974502316823676
51.7,0.0064406720580889,-0.05138828811431825,0.007633159259713208,-0.051059858809087394
51.71,0.006352792659133105,-0.05048718811423547,0.0076348294435579145,-0.05111474464228311
51.72,0.006259886293068967,-0.04954183668755903,0.007631387545025987,-0.051139103867078886
51.730000000000004,0.00616204831722791,-0.048553722536048005,0.007622831448558955,-0.05113278970448647
51.74,0.006059378317756705,-0.047524389600156904,0.007609162109896664,-0.05109566406526851
51.75,0.0059519799543769885,-0.04645541710674643,0.007590383567944369,-0.051027658900838005
51.76,0.005839960800747297,-0.04534843756196966,0.007566502951202112,-0.05092876450068676
51.77,0.005723432180575037,-0.04420511603141694,0.00753753047959174,-0.05079898186901819
51.78,0.00560250900157468,-0.04302710376245193,0.007503479467397571,-0.05063822123352681
51.79,0.005477309588906412,-0.04181607288912727,0.007464366334787091,-0.050446252979015255
51.800000000000004,0.005347955518075939,-0.04057369118399174,0.007420210626754744,-0.05022288860214249
51.81,0.005214571445704148,-0.03930169175700827,0.007371035029322999,-0.049968051957762855
51.82,0.005077284936844078,-0.03800182064113305,0.007316865380459659,-0.04968163178457654
51.83,0.004936226290515883,-0.03667582184500674,0.007257730683381307,-0.049363423565538425
51.84,0.004791528364988397,-0.03532544539317821,0.007193663128017369,-0.04901312983482797
51.85,0.004643326402820131,-0.03395244346016943,0.007124698118664243,-0.048630460757487406
51.86,0.004491757855558591,-0.03255857475892103,0.007050874302542386,-0.04821514430159501
51.870000000000005,0.004336962209454238,-0.031145556023268968,0.00697223360091638,-0.047766791814798974
51.88,0.004179080814169877,-0.02971507253282062,0.0068888212479929975,-0.04728493762962342
51.89,0.004018256714211172,-0.028268801189955697,0.006800685835699125,-0.046769123236013545
51.9,0.0038546344825166894,-0.026808385127940683,0.006707879361587636,-0.0462188264081484
51.910000000000004,0.003688360055688,-0.025335476147987108,0.006610457277273704,-0.045633604919990606
51.92,0.0035195805664886832,-0.02385182489518741,0.0065084785226198726,-0.04501339086299726
51.93,0.003348444169007496,-0.02235925830954323,0.006402005530172366,-0.044358429913080644
51.94,0.0031750998583893225,-0.020859596555662427,0.006291104204843987,-0.04366902826471764
51.95,0.0029996972901304457,-0.019354638071884214,0.006175843893730463,-0.04294551411125872
51.96,0.0028223866012317207,-0.017846162549127565,0.006056297352412756,-0.042188255401107086
51.97,0.002643318233504311,-0.016335925827993446,0.00593254070787892,-0.04139765177785628
51.980000000000004,0.0024626427592534424,-0.014825658955744305,0.005804653417965998,-0.040574139334223394
51.99,0.0022805107095714276,-0.013317065280667527,0.005672718227301046,-0.03971818885480951
52.0,0.0020970724054558674,-0.011811818643873684,0.005536821119691547,-0.0388303072037943
52.01,0.001912477791968745,-0.010311561136708954,0.005397051266940747,-0.03791103702263195
52.02,0.0017268762756328072,-0.00881790118819496,0.005253500974063218,-0.036960957149354996
52.03,0.0015404165652686869,-0.007332411598587333,0.005106265620887901,-0.03598068254810886
52.04,0.0013532465164549801,-0.00585662770964674,0.004955443600043174,-0.03497086434972832
52.050000000000004,0.0011655129797987537,-0.004392045615133847,0.004801136251327955,-0.03393218969861235
52.06,0.000977361653183043,-0.0029401204588457366,0.004643447792482527,-0.03286538155457864
52.07,0.00078893693816597,-0.0015022647941317878,0.004482485246381401,-0.0317711983723025
52.08,0.0006003818006954626,-7.984667716160864e-05,0.004318358364680903,-0.030650433709695796
52.09,0.00041183763635414914,0.0013258131107741385,0.004151179547960496,-0.029503915788343434
52.1,0.0002234441403427234,0.002713442276440576,0.0039810637624060705,-0.02833250690311198
52.11,3.5339182021685764e-05,0.004081807394868676,0.0038081284531081734,-0.0271371022720919
52.120000000000005,-0.00015234131664220428,0.005429707996154785,0.0036324934540758642,-0.025918629040787906
52.13,-0.00033946350018566624,0.006755944806664409,0.003454280895096948,-0.024678044361860222
52.14,-0.0005258957010551133,0.008059220816958182,0.003273615105686101,-0.023416331274922368
52.15,-0.0007115085794059356,0.009337798276952428,0.0030906225167239357,-0.02213448693554516
52.160000000000004,-0.000896175316034878,0.010588983735861215,0.0029054315609488932,-0.02083350621710821
52.17,-0.0010797718318302583,0.011811030027206258,0.0027181725714259127,-0.01951444341848619
52.18,-0.0012621769486061238,0.013003180484268281,0.002528977675310371,-0.01817841113852415
52.19,-0.00144327248305338,0.014164653459778711,0.002337980681342596,-0.016826593925082328
52.2,-0.0016229433283863677,0.015294472841029584,0.0021453169517022825,-0.015460530862546177
52.21,-0.0018010775447994591,0.016391703185034967,0.0019511232521879827,-0.014081849941780569
52.22,-0.001977566443335384,0.017455680302477145,0.0017555375946398026,-0.01269206125363833
52.230000000000004,-0.0021523046495186215,0.01848593502027121,0.0015586990863990617,-0.011292578694511444
52.24,-0.002325190147570806,0.019482142505156112,0.0013607477876290996,-0.009884791003641782
52.25,-0.002496124309177901,0.02044412390608573,0.0011618245732486912,-0.008470039477679166
52.26,-0.0026650119081204487,0.02137183420216593,0.0009620709991933684,-0.00704961742126437
52.27,-0.002831761121781549,0.022265348125842587,0.0007616291730608691,-0.005624783489161711
52.28,-0.0029962835212477223,0.023124835021846472,0.0005606416269743996,-0.004196810877398059
52.29,-0.0031584940505981875,0.023950589229489255,0.00035925119337710805,-0.002766877012550273
52.300000000000004,-0.0033183109957164603,0.024742986813800542,0.00015760088399919438,-0.0013362007184930115
52.31,-0.003475655944086012,0.02550248829566803,-4.416623065175483e-05,9.402076744715256e-05
52.32,-0.0036304537356305695,0.026229660294873645,-0.00024590713855740206,0.001522686902908295
52.33,-0.0037826324047285967,0.0269251347248185,-0.0004474789994107013,0.0029486593941740508
52.34,-0.003932123114975838,0.027589609605471334,-0.0006487392581757458,0.0043707871886008
52.35,-0.0040788600871779785,0.028223858902701078,-0.000849545757509961,0.0057880002666073375
52.36,-0.004222780520417353,0.028828720650612427,-0.0010497568452661498,0.007199266231938149
52.370000000000005,-0.004363824506979044,0.029405084167035078,-0.0012492314787749775,0.008603544668286365
52.38,-0.004501934942180513,0.02995388481627545,-0.0014478293294183549,0.009999774126052038
52.39,-0.004637057429683813,0.03047610258462463,-0.0016454108864701756,0.01138695523874267
52.4,-0.004769140182595154,0.030972756817663975,-0.0018418375567988232,0.012764136524975378
52.410000000000004,-0.004898133920919248,0.03144489704238017,-0.0020369717606518014,0.014130376819962959
52.42,-0.005023991766061082,0.03189359855585044,-0.002230677025229529,0.015484759148808699
52.43,-0.0051466691329668185,0.032319956861246675,-0.002422818077286974,0.01682635236674783
52.44,-0.005266123620512064,0.03272507991897161,-0.0026132609349762254,0.018154256714995463
52.45,-0.005382314900800292,0.033110082390866186,-0.002801872996849986,0.019467622904739208
52.46,-0.005495204607913906,0.033476081385855824,-0.002988523127109327,0.020765622247745464
52.47,-0.005604756226608182,0.03382419095646287,-0.00317308173822636,0.02204744560616867
52.480000000000004,-0.00571093498149327,0.034155516359894805,-0.003355420871465981,0.023312307158286392
52.49,-0.00581370772917596,0.03447108655040303,-0.00353541427509825,0.024559445811296956
52.5,-0.005913042857572903,0.03477182920121298,-0.0037129374801530804,0.025788125362033603
52.51,-0.006008910193464412,0.03505861920835954,-0.0038878678737761995,0.026997631422272024
52.52,-0.006101280916039241,0.03533228982173299,-0.004060084770379479,0.028187269993087967
52.53,-0.006190127475254867,0.035593621812235236,-0.00422946948071281,0.029356367607597984
52.54,-0.006275423514351766,0.0358433749859212,-0.004395905378955835,0.030504268831150608
52.550000000000004,-0.006357143794956344,0.03608229524981883,-0.004559277968052318,0.03163033297834837
52.56,-0.0064352641259245655,0.0363110457892393,-0.00471947494466932,0.03273389617922929
52.57,-0.006509761298322037,0.03653023471794543,-0.004876386263989363,0.03381432746224341
52.58,-0.006580613025277447,0.03674045584032798,-0.005029904202318467,0.03487102865074369
52.59,-0.006647797884746623,0.036942269060365455,-0.005179923418932739,0.03590335256483978
52.6,-0.006711295265292808,0.0371362021006251,-0.005326341018531584,0.0369106896498486
52.61,-0.006771085316632435,0.037322703531637205,-0.005469056610832563,0.03789249399700656
52.620000000000005,-0.006827148907413768,0.03750213654905471,-0.005607972367122759,0.038848192290680594
52.63,-0.0068794675900414465,0.03767482509738572,-0.005742993076963091,0.03977720927499961
52.64,-0.006928023569810081,0.037841072357076344,-0.005874026204969842,0.040678987767751106
52.65,-0.006972799676855125,0.03800114999410345,-0.006000981946064898,0.04155299244940976
52.660000000000004,-0.00701377934140078,0.03815528771175054,-0.006123773279260277,0.04239868889453399
52.67,-0.0070509465737087175,0.03830365126413552,-0.006242316020368959,0.04321556200311736
52.68,-0.007084285953355044,0.038446234186990294,-0.006356528872238814,0.04400314540796362
52.69,-0.007113782629732484,0.03858298346295409,-0.006466333472634642,0.04476095859563792
52.7,-0.0071394223267918925,0.03871389402615505,-0.006571654441397959,0.04548853589444675
52.71,-0.007161191346457125,0.0388389570569474,-0.006672419427639214,0.04618539591690776
52.72,-0.007179076573391086,0.03895809570135379,-0.006768559157008009,0.04685107040792822
52.730000000000004,-0.007193065487032067,0.039071108686227846,-0.00686000747774533,0.047485119673835036
52.74,-0.007203146184977491,0.039177669595139894,-0.006946701404311242,0.048087128525937446
52.75,-0.0072093074160816135,0.039277416971621626,-0.007028581158815971,0.0486566955141533
52.76,-0.007211538615736666,0.039370054171823904,-0.007105590210186979,0.049193454971835644
52.77,-0.007209829940196364,0.03945523396172003,-0.0071776753118740514,0.04969702262151767
52.78,-0.0072041723037740675,0.039532554420097704,-0.007244786537797227,0.05016707811598066
52.79,-0.007194557421804642,0.039601546126470516,-0.007306877317242221,0.05060324492789844
52.800000000000004,-0.007180977860472858,0.03966165901012504,-0.007363904471577726,0.051005136601162154
52.81,-0.0071634270925501455,0.03971232275614535,-0.007415828250393897,0.05137243740345796
52.82,-0.0071418995579432066,0.039752893823770986,-0.007462612364729966,0.05170481925196949
52.83,-0.007116390727415411,0.03978275458994719,-0.00750422401768872,0.05200201337639564
52.84,-0.0070868971669816126,0.039801269470208914,-0.007540633931514059,0.05226377876441555
52.85,-0.007053416603350196,0.039807779467478654,-0.007571816371340422,0.052489900028357496
52.86,-0.007015947991898402,0.0398015906351431,-0.007597749165860322,0.05268020304463639
52.870000000000005,-0.006974491589401714,0.03978192406010291,-0.007618413729823674,0.052834372096768424
52.88,-0.006929049032964543,0.039747956225137146,-0.007633795093930834,0.052952052239598445
52.89,-0.006879623422204451,0.039698881885341056,-0.0076438819348126005,0.053033039287805304
52.9,-0.006826219400012169,0.03963393908175511,-0.007648666593727502,0.053077278704812464
52.910000000000004,-0.006768843230382803,0.039552377502798025,-0.007648145084396623,0.053084732181639595
52.92,-0.006707502877428285,0.03945335997344378,-0.007642317101575798,0.05305521597961192
52.93,-0.006642208090451874,0.03933598192192424,-0.007631186041397755,0.05298838753924513
52.94,-0.00657297049242974,0.03919938947708348,-0.007614759026339394,0.052884101836613025
52.95,-0.006499803666244627,0.03904276102861655,-0.007593046919456812,0.05274234738737112
52.96,-0.006422723237324499,0.038865304749930406,-0.007566064329578178,0.052563065811092206
52.97,-0.006341746956367423,0.038666155228020985,-0.0075338296181738105,0.052346134163462815
52.980000000000004,-0.0062568947846859,0.038444458087754166,-0.0074963649125826546,0.05209135710565055
52.99,-0.006168188979007066,0.03819940340259764,-0.007453696120902959,0.05179864274410903
53.0,-0.006075654172214315,0.03793023179369068,-0.007405852941331709,0.05146796009769078
53.01,-0.0059793174503108976,0.03763619430528397,-0.007352868868764997,0.05109920348249696
53.02,-0.0058792084283405275,0.0373165238939292,-0.007294781205201046,0.050692224781252036
53.03,-0.005775359325502029,0.0369704992656245,-0.007231631070674043,0.050246974594513924
53.04,-0.005667805038221966,0.03659740090700857,-0.00716346341074004,0.04976338466484054
53.050000000000004,-0.00555658321135393,0.03619653516019816,-0.007090327001819894,0.0492414233762866
53.06,-0.005441734306250135,0.035767264492317645,-0.007012274451098362,0.04868118915026893
53.07,-0.005323301661935595,0.03530906585231053,-0.00692936218002405,0.04808308043704604
53.08,-0.005201331545674655,0.03482153802531415,-0.006841650380638244,0.047447812976232386
53.09,-0.005075873193855469,0.03430432278373807,-0.006749202948243642,0.04677616960755512
53.1,-0.00494697884729515,0.03375709311233093,-0.006652087403715544,0.04606895854515948
53.11,-0.0048147037829300455,0.033179559376901153,-0.006550374812051941,0.04532702648972587
53.120000000000005,-0.004679106341856274,0.03257146782967595,-0.006444139697648622,0.04455124863224918
53.13,-0.0045402479536111005,0.03193260284381046,-0.006333459956486521,0.04374253016075045
53.14,-0.004398193156606595,0.03126278718149596,-0.0062184167654866975,0.04290180197597075
53.15,-0.004253009614625122,0.030561883146691345,-0.006099094489257993,0.042030019279539206
53.160000000000004,-0.004104768129295641,0.02982979320014582,-0.00597558058447984,0.041128158717939095
53.17,-0.003953542648480409,0.02906646075150683,-0.0058479655021542705,0.04019721625580821
53.18,-0.003799410270498621,0.028271870774949102,-0.005716342587964749,0.03923820470619696
53.19,-0.0036424512441277554,0.02744605042901899,-0.005580807980975532,0.03825215146794719
53.2,-0.003482748964326671,0.026589069594256477,-0.005441460510902905,0.03724009620837525
53.21,-0.003320389963625504,0.025701041375561798,-0.005298401594186455,0.036203088634804884
53.22,-0.0031554638991398492,0.02478212254929291,-0.005151735129083518,0.03514218629507442
53.230000000000004,-0.0029880635351635337,0.02383251396822775,-0.005001567390005071,0.03405845244812205
53.24,-0.0028182847213080735,0.022852460920451678,-0.004848006921305113,0.032952953994487506
53.25,-0.0026462263661510303,0.0218422534462894,-0.004691164430729356,0.03182675948139424
53.26,-0.0024719904063678993,0.020802226612883647,-0.004531152682721385,0.030680937183857233
53.27,-0.0022956817713192025,0.019732760912564228,-0.004368086391776587,0.029516553279304122
53.28,-0.0021174083430377812,0.01863428320662755,-0.0042020821160228174,0.028334670192721845
53.29,-0.0019372809115062424,0.01750726872324387,-0.0040332581511838455,0.027136345344762985
53.300000000000004,-0.0017554131253062263,0.01635223434791578,-0.00386173442508734,0.025922628982265685
53.31,-0.0015719214381804828,0.015169731224270686,-0.003687632392873363,0.02469456336059366
53.32,-0.0013869250524763833,0.013960329563833385,-0.0035110749330189406,0.023453181692000752
53.33,-0.0012005458616965526,0.012724575695031212,-0.0033321862442644923,0.022199507565926486
53.34,-0.001012908398579245,0.011462862405324669,-0.0031510917434553775,0.02093455614749946
53.35,-0.0008241398103889567,0.010174961120684634,-0.0029679179640797787,0.019659339786735383
53.36,-0.0006343698881214858,0.008859986204061907,-0.002782792455299875,0.01837486515070542
53.370000000000005,-0.00044373110263718076,0.007518270249391723,-0.0025958436824361753,0.017082103468290668
53.38,-0.00025235857164136825,0.006150852118582158,-0.0024072009301538723,0.015781999131275495
53.39,-6.038997298196641e-05,0.004758599723802441,-0.0022169942117046602,0.014475365739282082
53.4,0.00013203454267964593,0.003342223016215975,-0.002025354195841822,0.013162670591128169
53.410000000000004,0.00032477243099121106,0.0019025269732008822,-0.001832412153434169,0.011844380603329865
53.42,0.0005176788427637117,0.0004405792692821881,-0.0016382999070216734,0.010521089683310727
53.43,0.0007106067322220665,-0.0010424053015231573,-0.001443149772306867,0.009193449981659541
53.44,0.0009034069828435208,-0.002545044806113176,-0.0012470944914465033,0.00786220467934111
53.45,0.0010959285469248565,-0.004065872751485067,-0.0010502671615478197,0.006528069212956171
53.46,0.00128801859694979,-0.005603280809103951,-0.0008528011596569711,0.005191858575434577
53.47,0.0014795226879012933,-0.007155585005934649,-0.0006548300644295171,0.003854353495708284
53.480000000000004,0.001670284928813267,-0.008721011447382587,-0.00045648757658446425,0.0025163649595292244
53.49,0.0018601481633185697,-0.010297684417102805,-0.0002579074364981466,0.001178769869841765
53.5,0.002048954158164285,-0.01188368772753847,-5.922334090498911e-05,-0.0001576510348182792
53.51,0.0022365437982514572,-0.013477020552100405,0.0001394311393530673,-0.00149203963936794
53.52,0.002422757288692745,-0.015075612768165412,0.00033792264467956184,-0.0028234998750135657
53.53,0.002607434362897137,-0.01667736094213526,0.0005361181126069184,-0.004151229002363777
53.54,0.0027904144951428735,-0.018280110038496795,0.0007338848608305384,-0.005474391932387802
53.550000000000004,0.002971537117696314,-0.019881657749282796,0.0009310906713443784,-0.0067921102872608346
53.56,0.0031506418421784984,-0.021479769495898277,0.0011276038770420443,-0.008103516035645353
53.57,0.003327568684070832,-0.023072187284880065,0.0013232934472747024,-0.009407786406164525
53.58,0.00350215828945172,-0.024656634706191043,0.0015180290704377868,-0.010704116245965735
53.59,0.0036742521634799638,-0.026230818747549872,0.001711681235965943,-0.011991662831338843
53.6,0.003843692900192527,-0.027792438547647152,0.0019041213177873148,-0.013269585285262866
53.61,0.004010324412923966,-0.02933919286756182,0.0020952216579576623,-0.014537058257798198
53.620000000000005,0.004173992164615883,-0.030868785603064462,0.002284855649025078,-0.015793271837090964
53.63,0.004334543397409481,-0.03237893187008164,0.0024728978139054174,-0.017037462473235843
53.64,0.004491827360857908,-0.03386736555841669,0.002659223883583375,-0.018268853420325887
53.65,0.0046456955401922365,-0.035331777639257676,0.0028437108746761225,-0.019486664162186206
53.660000000000004,0.004796001888209421,-0.03676979515439009,0.003026237166611434,-0.020690141371405128
53.67,0.0049426030601573325,-0.03817907437291552,0.0032066825771501573,-0.021878544538578286
53.68,0.005085358647735582,-0.0395572906645865,0.003384928436233635,-0.023051149805391326
53.69,0.005224131410056589,-0.04090216506963539,0.003560857658264979,-0.024207249484056635
53.7,0.005358787498854354,-0.0422115163143449,0.003734354812806624,-0.025346150927621325
53.71,0.0054891966759140895,-0.04348322618326293,0.003905306193683397,-0.026467178996862496
53.72,0.005615232524127952,-0.04471521624453875,0.004073599886314237,-0.027569678554149747
53.730000000000004,0.005736772652621456,-0.04590549304834124,0.004239125833938762,-0.028652987289536573
53.74,0.005853698893701865,-0.0470521635533875,0.0044017759036750065,-0.029716447266713384
53.75,0.0059658974899802035,-0.04815343520711553,0.0045614439508906025,-0.030759452985841845
53.76,0.006073259271339504,-0.049207616489008316,0.004718025881153293,-0.031781390887589134
53.77,0.0061756798240123305,-0.05021304303431555,0.004871419711676797,-0.03278164326982085
53.78,0.006273059652742986,-0.05116816379874978,0.005021525631068575,-0.03375965941640617
53.79,0.00636530433313322,-0.05207154488225525,0.005168246054881598,-0.03471492017711752
53.800000000000004,0.006452324652705154,-0.052921855709998245,0.005311485678642806,-0.035646894930488476
53.81,0.0065340367409433735,-0.05371788042609984,0.005451151530234526,-0.036555072297169804
53.82,0.006610362188310019,-0.05445850894893425,0.0055871530208491645,-0.0374389637881289
53.83,0.006681228154017691,-0.05514275100078088,0.005719401993483507,-0.0382981117916129
53.84,0.006746567463994872,-0.055769673218264613,0.005847812768567154,-0.0391320875778624
53.85,0.0068063187020398295,-0.05633839366057484,0.005972302187293751,-0.039940470951231426
53.86,0.00686042629295845,-0.056848170316683336,0.006092789653147664,-0.04072286809181461
53.870000000000005,0.006908840573014746,-0.057298414346603405,0.006209197170692166,-0.04147892628830557
53.88,0.006951517845990973,-0.05768866760219864,0.006321449381473244,-0.042208303661038726
53.89,0.0069884204263564575,-0.05801858181731686,0.006429473598552556,-0.04291065911136353
53.9,0.0070195166718238465,-0.058287892495339555,0.006533199839661214,-0.04358568805440597
53.910000000000004,0.0070447810072101534,-0.05849641215023495,0.006632560857894369,-0.04423310664244264
53.92,0.0070641939407273474,-0.05864402156107411,0.006727492170800134,-0.04485262647508943
53.93,0.007077742072742984,-0.05873068683750368,0.0068179320880681115,-0.04544399850349682
53.94,0.007085418094378518,-0.05875652326867692,0.00690382173715723,-0.04600698034009666
53.95,0.007087220772982017,-0.05872177833412497,0.006985105086890736,-0.04654135956025798
53.96,0.0070831549255530365,-0.0586267834269409,0.007061728969233365,-0.04704693034264917
53.97,0.007073231382672849,-0.05847195908973096,0.007133643099787766,-0.047523498550855
53.980000000000004,0.007057466943370234,-0.058257824118457036,0.007200800096321963,-0.047970910803718736
53.99,0.007035884320926176,-0.05798497736351568,0.0072631554951105,-0.04838901177252925
54.0,0.007008512080730416,-0.057654085299280955,0.007320667766562857,-0.04877764612563575
54.01,0.006975384569963188,-0.05726592105287799,0.007373298329361591,-0.04913670793293413
54.02,0.0069365418387264,-0.05682132201858847,0.007421011562625228,-0.04946607609057203
54.03,0.006892029554457228,-0.05632117370884376,0.0074637748184217725,-0.04976561063535268
54.04,0.00684189890902962,-0.05576648191705052,0.007501558434874652,-0.050035192140178236
54.050000000000004,0.00678620651651605,-0.0551583335154269,0.007534335747799628,-0.05027472781764124
54.06,0.006725014303084647,-0.054497865288406125,0.007562083100691402,-0.05048412240469747
54.07,0.006658389390411305,-0.05378629425200357,0.007584779854267566,-0.05066328171263332
54.08,0.0065864039726425344,-0.053024888098136165,0.0076024083949363325,-0.050812146095810216
54.09,0.006509135187528953,-0.05221497312341501,0.007614954141545886,-0.050930655428128614
54.1,0.006426664981986369,-0.05135793205749733,0.007622405551195722,-0.051018758440736826
54.11,0.006339079972742239,-0.05045518142545783,0.007624754124186262,-0.05107641770877052
54.120000000000005,0.006246471302129576,-0.04950820720238944,0.007621994408267362,-0.051103590489211655
54.13,0.00614893448952784,-0.04851850592901767,0.007614124005759219,-0.05110014041770198
54.14,0.006046569279434671,-0.04748762465151092,0.0076011435857085505,-0.05106592095081429
54.15,0.005939479485732375,-0.0464171485805924,0.007583056896286251,-0.051000853713293784
54.160000000000004,0.005827772831633507,-0.04530871225315916,0.007559870772215668,-0.0509049185494935
54.17,0.005711560785280461,-0.04416399017114779,0.007531595137130123,-0.05077812260620046
54.18,0.0055909583928701505,-0.0429846444237505,0.00749824300582016,-0.050620395411155095
54.19,0.0054660841111612585,-0.04177235386269336,0.007459830494071331,-0.05043152707028109
54.2,0.005337059639674546,-0.040528791401559724,0.007416376837072493,-0.050211302506992544
54.21,0.005204009751193894,-0.03925568640712537,0.007367904406779117,-0.04995963781120194
54.22,0.0050670621189170765,-0.037954793054870296,0.007314438723413114,-0.049676432269523126
54.230000000000004,0.0049263471414909485,-0.03662786110382813,0.007256008468027301,-0.0493614933843939
54.24,0.004781997767692487,-0.03527664565183532,0.007192645502806801,-0.04901453537654691
54.25,0.004634149321059992,-0.03390290056383977,0.007124384898396205,-0.048635252593103806
54.26,0.004482939324248312,-0.03250838983189645,0.007051264962862454,-0.04822337767781906
54.27,0.004328507324151672,-0.031094839983448863,0.006973327272431471,-0.04777853702777891
54.28,0.004170994719964744,-0.029663938393606294,0.006890616709745666,-0.04730025864577204
54.29,0.004010544594180353,-0.028217366566544565,0.006803181508624006,-0.046788085079893134
54.300000000000004,0.003847301545856545,-0.026756769529639245,0.006711073302235167,-0.04624148779018277
54.31,0.0036814115258149696,-0.025283794330021404,0.006614347172655924,-0.04565999760348331
54.32,0.0035130216697307807,-0.02380017900542086,0.0065130616880872075,-0.04504349555269528
54.33,0.0033422801241077883,-0.022307747620551516,0.0064072789109554,-0.04439220748785044
54.34,0.00316933586630826,-0.020808323500748144,0.006297064379584948,-0.04370643952095637
54.35,0.0029943385237167354,-0.01930370633293604,0.006182487078579143,-0.04298651436313407
54.36,0.0028174381947144557,-0.017795677736548103,0.006063619405476428,-0.042232797300273676
54.370000000000005,0.002638785271832694,-0.016285994865296353,0.005940537134033114,-0.04144568403385933
54.38,0.0024585302672969736,-0.014776390113679285,0.005813319374009631,-0.04062560749744223
54.39,0.00227682364120279,-0.013268567888611369,0.0056820485274495175,-0.03977303508048082
54.4,0.0020938156325327013,-0.011764202964903318,0.005546810241395382,-0.038888470537567256
54.410000000000004,0.0019096560932306827,-0.010264938163272126,0.00540769335701923,-0.03797245343694676
54.42,0.0017244943255361458,-0.008772382480061267,0.005264789855140099,-0.03702555971555287
54.43,0.0015384789227711108,-0.0072881091023301444,0.005118194798116566,-0.03604840155128184
54.44,0.001351757613772404,-0.005813653590105843,0.004968006268107324,-0.03504162744225168
54.45,0.001164477111146881,-0.004350512083643706,0.004814325301703743,-0.03400592204377903
54.46,0.0009767829635253034,-0.002900139605925364,0.004657255820946812,-0.03294200598398292
54.47,0.0007888194119805582,-0.0014639484227042102,0.004496904560750999,-0.031850635544464004
54.480000000000004,0.0006007292507812834,-4.3306138477041366e-05,0.004333380992766477,-0.030732602275409467
54.49,0.00041265369268952365,0.0013604670764958671,0.004166797245718878,-0.029588732558435596
54.5,0.00022473223901537767,0.0027460997053525833,0.003997268022273797,-0.028419887020899526
54.51,3.710255424292052e-05,0.004112359243606012,0.0038249105124995315,-0.02722695938734987
54.52,-0.00015009965542548136,0.005458046159217063,0.0036498443040276344,-0.0260108754815088
54.53,-0.000336740761095773,0.00678196155537415,0.003472191289043609,-0.024772591285282083
54.54,-0.0005226893326188541,0.00808280606872779,0.0032920755683523207,-0.023513088740276446
54.550000000000004,-0.000707816279021647,0.009358824706386135,0.003109623353138435,-0.02223336355530234
54.56,-0.000891995042913947,0.010607305048536518,0.0029249628655931884,-0.02093440921920823
54.57,-0.0010751018206433807,0.01182651817726792,0.002738224237474819,-0.019617280173652666
54.58,-0.001257015722293251,0.013015716951090085,0.0025495394038870913,-0.01828308915733585
54.59,-0.001437618864942594,0.014174115029702072,0.002359041990618289,-0.01693302543669533
54.6,-0.0016167964544077666,0.015300734267617832,0.0021668671855055413,-0.015568636302174536
54.61,-0.0017944368757850649,0.016394642364800205,0.0019731515880733195,-0.014191551099898404
54.620000000000005,-0.001970431777019507,0.017455180763359786,0.001778033051707331,-0.012803280532698346
54.63,-0.0021446761320382595,0.01848188521515598,0.0015816505330309902,-0.01140523932917647
54.64,-0.0023170682843986954,0.01947443741015645,0.0013841439491990772,-0.00999881535586473
54.65,-0.002487509975484059,0.020432663190069714,0.0011856540397765436,-0.008585352525643256
54.660000000000004,-0.0026559063585592665,0.021356524244064277,0.0009863222329008713,-0.0071661437055624095
54.67,-0.002822165999649633,0.02224610162954233,0.0007862905158656276,-0.005742448557107378
54.68,-0.0029862008669937433,0.023101571060268476,0.0005857013078956052,-0.004315541787209192
54.69,-0.003147926309667035,0.023923234063316163,0.00038469733583960746,-0.0028866010417706416
54.7,-0.0033072610256837565,0.024711473779525272,0.0001834215130581038,-0.0014568463789211444
54.71,-0.003464127021076192,0.025466757962869426,-1.798318120328347e-05,-2.7476701901073544e-05
54.72,-0.00361844955999849,0.02618966076000834,-0.00021937381922690008,0.0014004061729588858
54.730000000000004,-0.0037701571059709916,0.026880822167314584,-0.0004206076381246313,0.0028256644947501
54.74,-0.00391918125585637,0.0275409478902497,-0.0006215421534763174,0.004247144611569273
54.75,-0.004065456667063404,0.028170819765744544,-0.0008220352719383972,0.005663774294159527
54.76,-0.004208920977818696,0.02877128402974484,-0.0010219453989356263,0.00707452019837573
54.77,-0.004349514721270541,0.02934323833023956,-0.0012211315430237517,0.008478342249885208
54.78,-0.004487181234489443,0.02988762633077161,-0.0014194534205171315,0.009874177301648128
54.79,-0.004621866562947038,0.030405436200244454,-0.0016167715595070311,0.011261022745863922
54.800000000000004,-0.004753519360793415,0.030897695596704654,-0.0018129473998032587,0.012637925616946995
54.81,-0.004882090787480506,0.031365462351457374,-0.002007843388898875,0.014003943368138748
54.82,-0.005007534401437643,0.0318098200077795,-0.002201323075672099,0.015358158025363968
54.83,-0.005129806051386971,0.03223187220411493,-0.002393251203026378,0.016699639690779887
54.84,-0.005248863765910354,0.03263273520771385,-0.002583493799823486,0.018027484316845033
54.85,-0.005364667641931041,0.03301353172166301,-0.002771918270163466,0.019340839714537542
54.86,-0.005477179732662345,0.03337538673572997,-0.0029583934788770835,0.020638876642479643
54.870000000000005,-0.005586363935516323,0.03371942209188809,-0.003142789834295619,0.021920783925952834
54.88,-0.005692185880540589,0.034046749750999354,-0.003324979368928766,0.023185774290729863
54.89,-0.005794612822097093,0.034358398041203636,-0.0035048358178218788,0.024433085568718947
54.9,-0.005893613538082751,0.034655294501061695,-0.003682234694424221,0.02566198051229969
54.910000000000004,-0.005989158237137144,0.03493832592287737,-0.0038570533640728323,0.026871742940964758
54.92,-0.006081218471507564,0.03520832878847587,-0.004029171115290671,0.028061677590378257
54.93,-0.006169767054834057,0.03546608989424187,-0.004198469229000213,0.029231109555334776
54.94,-0.006254777983938241,0.03571238094030489,-0.0043648310457659,0.030379381621256276
54.95,-0.006336226363111918,0.0359479515515133,-0.004528142031371474,0.031505848978746934
54.96,-0.006414088332441188,0.03617346831897248,-0.004688289842166892,0.03260984292067489
54.97,-0.006488341002234054,0.03638954968757838,-0.00484516439006626,0.033690736164815736
54.980000000000004,-0.006558962392105892,0.036596795741518195,-0.004998657905228421,0.034747925366801255
54.99,-0.006625931373094378,0.03679577103928161,-0.005148664998289584,0.03578075672156102
55.0,-0.006689227612775488,0.03698701355200275,-0.005295082723010403,0.03678862828469258
55.01,-0.006748831525173669,0.037170973240408384,-0.005437810635692495,0.03777099197384526
55.02,-0.006804724228126683,0.03734801825540125,-0.005576750851854082,0.03872726902470104
55.03,-0.006856887507653227,0.03751847867154183,-0.005711808103260657,0.039656883707698556
55.04,-0.006905303786525145,0.03768266317658422,-0.005842889794831183,0.04055927901618468
55.050000000000004,-0.006949956095655469,0.037840849140536356,-0.005969906059880844,0.0414339198832384
55.06,-0.006990828048883467,0.03799326890322351,-0.006092769814022732,0.042280267542953
55.07,-0.007027903822572907,0.03814009193017766,-0.00621139680796737,0.04309781078743258
55.08,-0.007061168144581303,0.038281314376925224,-0.006325705677658216,0.04388608296657051
55.09,-0.007090606294472309,0.038416886326009196,-0.0064356179922177605,0.044644599428835835
55.1,-0.0071162041079414,0.03854680647334257,-0.00654105830124875,0.04537289670942697
55.11,-0.007137947979963022,0.038671067120759295,-0.006641954182074541,0.046070490941618934
55.120000000000005,-0.007155824869363798,0.03878959352053689,-0.006738236287075012,0.04673691429009973
55.13,-0.007169822310653033,0.03890218739168011,-0.006829838389718536,0.04737172860147279
55.14,-0.007179928437151177,0.03900852463857833,-0.006916697428156028,0.04797451702659219
55.15,-0.007186132013942803,0.039108243169540494,-0.006998753546648184,0.048544879889174775
55.160000000000004,-0.00718842247317036,0.03920104573793786,-0.007075950134676101,0.04908245155066704
55.17,-0.007186789948388862,0.039286585661866866,-0.007148233864609641,0.049586847730733415
55.18,-0.007181225311769603,0.03936446068633424,-0.007215554727631408,0.05005774881859018
55.19,-0.007171720217041174,0.0394342024412143,-0.007277866068591524,0.05049477840677661
55.2,-0.007158267149304274,0.03949526012150106,-0.007335124622671355,0.05089755109437629
55.21,-0.0071408594807984135,0.039547063164224655,-0.007387290551433022,0.05126575224683771
55.22,-0.007119491531468544,0.03958896855677689,-0.007434327475946591,0.05159905458441105
55.230000000000004,-0.007094158632886425,0.039620351776479185,-0.007476202507316518,0.05189719018050829
55.24,-0.007064857192998053,0.039640576727518084,-0.007512886273682918,0.052159918616615
55.25,-0.0070315847618153135,0.03964898177183779,-0.007544352943905931,0.05238702510268684
55.26,-0.0069943400995996375,0.03964487102581123,-0.007570580248115758,0.05257833796878378
55.27,-0.006953123249686851,0.03962746746905178,-0.007591549499790507,0.05273355083069648
55.28,-0.006907935617449469,0.039595944957206114,-0.007607245625131012,0.05285230901700438
55.29,-0.0068587800528361244,0.03954948998167943,-0.00761765719301501,0.05293440274867447
55.300000000000004,-0.006805660931773399,0.03948733482373397,-0.007622776434078214,0.052979773820885645
55.31,-0.00674858423456418,0.039408725527705926,-0.007622599248621002,0.052988391027392626
55.32,-0.0066875576250976405,0.039312828207775326,-0.007617125214401673,0.05296008683845509
55.33,-0.006622590535936344,0.03919873512938901,-0.007606357605828563,0.05289452546119546
55.34,-0.006553694257166437,0.03906558355942144,-0.007590303418724691,0.05279154722912891
55.35,-0.0064808820233871614,0.03891254375631967,-0.007568973385102103,0.052651142269728946
55.36,-0.006404169097037596,0.03873882050458888,-0.007542381978211164,0.05247326362869294
55.370000000000005,-0.0063235728514545245,0.03854354827618427,-0.007510547418602676,0.05225779522791893
55.38,-0.00623911285648515,0.03832586649289239,-0.007473491686388558,0.052004554706864145
55.39,-0.0061508109639554715,0.03808495372135193,-0.007431240535631382,0.05171344124159744
55.4,-0.006058691389383516,0.03782004158895309,-0.007383823503742402,0.051384427928299586
55.410000000000004,-0.00596278078968862,0.03753037880265149,-0.007331273917514689,0.0510174266484078
55.42,-0.005863108339590465,0.03721519245708264,-0.007273628902569907,0.05061228954302894
55.43,-0.005759705807301688,0.036873753449135974,-0.007210929394002158,0.050168964950494464
55.44,-0.005652607628166454,0.03650534022436239,-0.007143220143535049,0.04968739872009947
55.45,-0.0055418509764292145,0.036109249056264864,-0.007070549724513341,0.0491675494864151
55.46,-0.005427475834192702,0.03568483113030246,-0.0069929705324296865,0.04860950190469008
55.47,-0.005309525053932156,0.03523154447893871,-0.006910538770437401,0.04801361747806144
55.480000000000004,-0.005188044410640329,0.03474897436610629,-0.006823314408402626,0.04738059162468565
55.49,-0.005063082643942165,0.03423675635411874,-0.006731361117236213,0.046711209468222575
55.5,-0.0049346914942217344,0.03369455553184708,-0.006634746191584677,0.04600627625829348
55.51,-0.004802925735038083,0.03312207525732813,-0.0065335404684904305,0.045266638422882144
55.52,-0.004667843201898104,0.0325190543906681,-0.0064278182427866,0.04449316959782266
55.53,-0.00452950481726037,0.031885270179846034,-0.00631765717939306,0.04368677412072977
55.54,-0.004387974611687161,0.03122053821772878,-0.006203138222779323,0.04284838175253847
55.550000000000004,-0.004243319741050726,0.030524713764281737,-0.006084345503814272,0.041978946761983375
55.56,-0.004095610499714677,0.029797692290296107,-0.005961366244247729,0.04107944482022926
55.57,-0.003944920329615464,0.029039410318006983,-0.005834290659056781,0.04015087099737697
55.58,-0.0037913258251721905,0.02824984602484781,-0.005703211856895444,0.03919423722932835
55.59,-0.0036349067339656368,0.027429019881101205,-0.005568225738880557,0.038210570084798966
55.6,-0.0034757459531243283,0.02657699519001254,-0.005429430895946548,0.03720090843084901
55.61,-0.00331392952137058,0.025693878599847328,-0.0052869285049962226,0.03616630121041288
55.620000000000005,-0.0031495466066750006,0.02477982055663404,-0.0051408222240717436,0.035107805237004935
55.63,-0.00298268948947849,0.023835015716380095,-0.004991218086763887,0.03402648306520052
55.64,-0.0028134535414465482,0.022859703309986903,-0.004838224396071888,0.03292340091800266
55.65,-0.0026419371997180065,0.02185416746644294,-0.004681951617919935,0.03179962669014848
55.660000000000004,-0.002468241936623688,0.02081873749325748,-0.0045225122745286735,0.030656228026624825
55.67,-0.0022924722248415914,0.01975378833215253,-0.0043600208378321795,0.029494270498296636
55.68,-0.0021147354979333902,0.018659741564412545,-0.004194593623118708,0.028314815964643903
55.69,-0.0019351421061440124,0.01753706720535566,-0.004026348683052262,0.027118921277486708
55.7,-0.001753805267587826,0.016386276479867075,-0.0038554057022373005,0.02590763612038369
55.71,-0.0015708410153507885,0.015207915225837951,-0.003681885892483691,0.024682002200231486
55.72,-0.0013863681414712818,0.014002548249756924,-0.003505911888886111,0.02344305219971016
55.730000000000004,-0.0012005081400078056,0.012770717013976833,-0.0033276076468043993,0.022191809177790858
55.74,-0.001013385155491179,0.011512813396048316,-0.0031470983397592503,0.02092928773609148
55.75,-0.0008251259577408309,0.01022862860682223,-0.002964510258031582,0.01965649949012219
55.76,-0.0006358599706171634,0.008917260593346514,-0.0027799707077398018,0.018374451143586944
55.77,-0.00044571930968252,0.0075790060925093146,-0.0025936079113338577,0.017084114012748074
55.78,-0.00025483875148983023,0.00621489703204494,-0.0024055509107926885,0.015786431977866364
55.79,-6.33556478116558e-05,0.004825804909525377,-0.0022159294766976242,0.014482224882877832
55.800000000000004,0.00012859016158603002,0.003412434900437331,-0.0020248740348643574,0.013171959551487554
55.81,0.0003208564275813946,0.001975581352779327,-0.0018325156131114005,0.0118560946761072
55.82,0.0005132985797092971,0.0005163045989377089,-0.0016389857914042732,0.010535218576265177
55.83,0.0007057698337068282,-0.0009641851554577675,-0.001444416643880071,0.009209980354446081
55.84,0.0008981213168544593,-0.0024645103377942085,-0.001248940672517667,0.007881119406694071
55.85,0.001090202207156706,-0.003983207284067487,-0.0010526907359549172,0.006549348795197261
55.86,0.0012818598844383177,-0.005518669488974113,-0.0008557999747154167,0.0052154820430787225
55.870000000000005,0.0014729400924695633,-0.007069214612550611,-0.0006584017330660333,0.00388029771387269
55.88,0.001663287110395668,-0.008633069218624778,-0.0004606294796234872,0.0025446062781871687
55.89,0.0018527439332287588,-0.01020835792850007,-0.00026261672506817376,0.001209282989980181
55.9,0.0020411524603550827,-0.011793164297332724,-6.449693897341808e-05,-0.00012489258543159384
55.910000000000004,0.0022283536906242698,-0.013385486383624091,0.00013359653235931975,-0.0014570621539535926
55.92,0.0024141879245158718,-0.01498325278594787,0.0003315305512058729,-0.0027863307012701865
55.93,0.0025984949723678813,-0.016584358488213612,0.000529172274196706,-0.004111897323535996
55.94,0.002781114367136273,-0.01818664599931372,0.0007263892352569039,-0.00543292635577601
55.95,0.0029618855817624633,-0.019787910207468472,0.0009230494297350342,-0.006748539354515397
55.96,0.0031406482508317766,-0.02138591344525003,0.0011190214009982923,-0.00805786893359481
55.97,0.0033172423954011617,-0.022978394289013958,0.0013141743258973627,-0.009360094323442654
55.980000000000004,0.0034915086500944405,-0.024563072350963378,0.0015083780972616255,-0.010654409708174823
55.99,0.0036632884919964082,-0.026137650236262543,0.0017015034059016233,-0.01193997187242328
56.0,0.0038324244708949702,-0.027699822454342257,0.00189342182408114,-0.013215940554819977
56.01,0.003998760440177836,-0.029247282741928178,0.002084005889129935,-0.014481490411641009
56.02,0.004162141787654658,-0.03077772966850447,0.0022731291857718537,-0.01573581229221653
56.03,0.004322415665689913,-0.03228887272961844,0.002460666425950057,-0.01697814303773862
56.04,0.004479431220018182,-0.033778438938153646,0.002646493526503944,-0.018207705557427237
56.050000000000004,0.0046330398188436815,-0.03524410700038472,0.002830487686731812,-0.019423719653707792
56.06,0.004783095285851532,-0.036683491868784196,0.003012527465542971,-0.02062543253258263
56.07,0.004929454136146601,-0.038094242973146855,0.003192492856947487,-0.0218121036807514
56.08,0.005071975811090461,-0.03947402746616288,0.0033702653638891683,-0.02298300935554833
56.09,0.0052105229100715845,-0.04082055786157023,0.0035457280705177095,-0.02413744197422871
56.1,0.005344961416431801,-0.04213164865227257,0.0037187657128837956,-0.02527470871570728
56.11,0.005475160915554706,-0.04340517263030161,0.0038892647480457377,-0.026394134531376463
56.120000000000005,0.005600994806720445,-0.04463904269542669,0.00405711342140212,-0.027495064208056252
56.13,0.005722340509095682,-0.04583125714224715,0.0042222018331459325,-0.028576828123689935
56.14,0.005839079659338907,-0.0469799205079304,0.0043844220045383036,-0.02963877307976031
56.15,0.005951098299205586,-0.048083233748990144,0.004543667942144738,-0.03068029505187324
56.160000000000004,0.0060582870532656,-0.049139493177535756,0.004699835699885148,-0.03170077185163234
56.17,0.006160541298938568,-0.05014702693072072,0.0048528234407558156,-0.03269958970014835
56.18,0.006257761329372959,-0.05110428072502712,0.005002531496387588,-0.03367620325591509
56.19,0.006349852506337495,-0.05200981280132389,0.0051488624223894,-0.03463008901902669
56.2,0.006436725401907822,-0.052862287161849854,0.005291721051549509,-0.03556071428021419
56.21,0.006518295929086759,-0.05366048287805268,0.005431014546382943,-0.036467568410990026
56.22,0.006594485461377307,-0.05440328336895475,0.005566652450077232,-0.03735016334959441
56.230000000000004,0.006665220941157333,-0.05508969248557609,0.005698546734959853,-0.03820804119353545
56.24,0.006730434978488808,-0.05571876299940326,0.005826611848050673,-0.039040775874158176
56.25,0.006790065943289119,-0.056289605973144904,0.005950764754416161,-0.03984794237951721
56.26,0.006844058049055803,-0.056801480329286176,0.006070924978700987,-0.04062915274448768
56.27,0.006892361423528025,-0.057253793330496024,0.0061870146437307885,-0.04138405398592562
56.28,0.00693493216503204,-0.0576460831291834,0.006298958506372227,-0.04211230233598846
56.29,0.006971732386133112,-0.05797799411514114,0.006406683992196551,-0.04281355567185047
56.300000000000004,0.007002730246827428,-0.058249255232647325,0.006510121228590065,-0.04348751366639593
56.31,0.007027899979141251,-0.058459670193096835,0.006609203075397283,-0.04413388798970353
56.32,0.007047221904199773,-0.058609112639745754,0.006703865154139019,-0.04475239051885896
56.33,0.007060682441578958,-0.05869754651652695,0.006794045875656002,-0.04534277609290262
56.34,0.007068274108151307,-0.05872508695292586,0.006879686465587805,-0.0459048007658669
56.35,0.007069995503734704,-0.05869197726313419,0.006960730987906654,-0.04643825410729395
56.36,0.007065851284887622,-0.058598543348076786,0.0070371263666908915,-0.04694292824890087
56.370000000000005,0.007055852129286098,-0.058445202701201134,0.00710882240657261,-0.04741863263374019
56.38,0.007040014690915454,-0.058232471675211964,0.007175771811068312,-0.04786521586490693
56.39,0.007018361546250153,-0.05796094271921782,0.007237930198931491,-0.04828251678650066
56.4,0.006990921132514773,-0.05763128080522675,0.007295256119847283,-0.04867038599194668
56.410000000000004,0.006957727677608373,-0.05724425745884437,0.007347711068323869,-0.049028719815840956
56.42,0.006918821121506655,-0.056800704725961715,0.007395259495862682,-0.04935738950751286
56.43,0.006874247031000558,-0.05630150688882306,0.007437868823701138,-0.0496562584891397
56.44,0.006824056506954425,-0.055747669910616804,0.007475509455845922,-0.04992520917542811
56.45,0.0067683060821592395,-0.0551402779679207,0.007508154790546039,-0.05016414899537637
56.46,0.006707057611388836,-0.054480466718624734,0.007535781230219578,-0.05037298311487148
56.47,0.0066403781549211685,-0.053769452923092,0.007558368190894,-0.05055161989880063
56.480000000000004,0.006568339855564256,-0.053008503218200775,0.007575898110521559,-0.050700000289232584
56.49,0.006491019809843343,-0.052198943680823506,0.007588356455631332,-0.05081806476391833
56.5,0.006408499933583805,-0.051342157241441894,0.007595731727047142,-0.050905763749234986
56.51,0.006320866822533094,-0.05043956081106696,0.007598015464702526,-0.05096306110261191
56.52,0.006228211608137436,-0.049492639879174745,0.007595202251868837,-0.050989911629358044
56.53,0.006130629809005759,-0.048502890662031395,0.0075872897224257465,-0.050986177229221226
56.54,0.006028221178944146,-0.04747186195716831,0.007574278573028761,-0.05095171536106103
56.550000000000004,0.005921089551052,-0.04640114172101871,0.007556172575227073,-0.05088645143653595
56.56,0.005809342677428845,-0.04529236639033785,0.00753297858254444,-0.050790367961568605
56.57,0.005693092064571234,-0.04414721223042033,0.007504706532619467,-0.05066347243893609
56.58,0.005572452806298441,-0.04296734328716491,0.007471369449380008,-0.05050569452132271
56.59,0.005447543416117251,-0.0417544387835011,0.007432983452791049,-0.05031682679600267
56.6,0.0053184856591717245,-0.04051017752740104,0.007389567777045668,-0.05009665721147584
56.61,0.0051854043824255125,-0.03923628941315209,0.007341144787646949,-0.049845104552728114
56.620000000000005,0.0050484273415536875,-0.037934532205864555,0.007287739992621186,-0.04956207116215837
56.63,0.004907685025723083,-0.03660665761578519,0.0072293820547082825,-0.049247370065061316
56.64,0.004763310482022819,-0.03525442323347827,0.007166102811113435,-0.048900722514098556
56.65,0.004615439139809282,-0.03387958678469451,0.007097937300314069,-0.0485218249430537
56.660000000000004,0.00446420863469328,-0.032483916265353976,0.007024923790585328,-0.04811041633775878
56.67,0.00430975863317862,-0.03106914477441533,0.006947103810020984,-0.04766613482003762
56.68,0.004152230660164526,-0.02963696457861393,0.006864522183868949,-0.047188515458979376
56.69,0.00399176792939083,-0.02818906290906082,0.006777227078442619,-0.0466771094989223
56.7,0.0038285151761378888,-0.026727090626868975,0.0066852700484518355,-0.04613139727230876
56.71,0.0036626184919689967,-0.025252696494688223,0.006588706086095494,-0.045550904939496
56.72,0.0034942251577786995,-0.023767613197350525,0.006487593659178241,-0.044935486155976846
56.730000000000004,0.00332348347000951,-0.022273664349609184,0.006381994721038646,-0.04428535437927636
56.74,0.0031505425606894646,-0.020772676967000643,0.0062719746933652875,-0.04360081603910791
56.75,0.002975552216328268,-0.019266453718320593,0.006157602436877145,-0.042882191563601284
56.76,0.0027986626985603115,-0.017756779663602937,0.006038950218122789,-0.042129845074188446
56.77,0.002620024566964373,-0.016245415263096145,0.005916093672924605,-0.04134417036873748
56.78,0.002439788504265348,-0.014734096371968538,0.00578911176633514,-0.04052559867169956
56.79,0.0022581051441645356,-0.013224530859849,0.00565808674909921,-0.03967459539644384
56.800000000000004,0.002075124902005181,-0.011718397034739939,0.005523104110563399,-0.03879166229118263
56.81,0.00189099780849088,-0.010217341279446533,0.005384252528011015,-0.03787733677562785
56.82,0.0017058733466601434,-0.008722976195068522,0.005241623812394362,-0.03693219255898826
56.83,0.001519900292310734,-0.007236878602409229,0.005095312850451826,-0.0359568394883106
56.84,0.001333226558066269,-0.0057605877246050645,0.004945417543202164,-0.034951923647749746
56.85,0.0011459990412623206,-0.004295603387938152,0.004792038740819616,-0.03391812719405365
56.86,0.0009583634758312505,-0.0028433843215359433,0.0046352801739013155,-0.032856168181867186
56.870000000000005,0.000770464288346555,-0.0014053465074630438,0.004475248381149472,-0.03176680024909491
56.88,0.0005824444584075052,1.7138798531107866e-05,0.004312052633498291,-0.03065081224298716
56.89,0.00039444538357493673,0.001422747992167192,0.004145804854724259,-0.029509027801399322
56.9,0.0002066067490618849,0.0028102055438182774,0.003976619538586674,-0.028342304726257546
56.910000000000004,1.9066401950384462e-05,0.004178274388586537,0.0038046136625730855,-0.027151533861092893
56.92,-0.0001680397707035646,0.005525750598911942,0.003629906598347804,-0.025937638116899874
56.93,-0.00035457796132286486,0.006851431483879148,0.0034526200190337013,-0.024701570549849367
56.94,-0.0005404165634731189,0.008154019156310423,0.003272877803565369,-0.023444310320019673
56.95,-0.0007254263112701895,0.009431791985678534,0.0030908059387008166,-0.02216685132866842
56.96,-0.0009094804713615514,0.010682061884373711,0.0029065324198621805,-0.020870184821258596
56.97,-0.0010924550632487613,0.011903034646001998,0.002720187150002842,-0.019555360092165252
56.980000000000004,-0.0012742290227867558,0.01309393891696756,0.0025319018338002897,-0.018223486154114957
56.99,-0.0014546842975229931,0.01425400148096399,0.002341809865666526,-0.01687573975590164
57.0,-0.0016337059282762131,0.015382243897722053,0.0021500462022366017,-0.015513654172679393
57.01,-0.0018111821397830369,0.016477722682789925,0.0019567472128247322,-0.01413886270254129
57.02,-0.0019870044252453065,0.017539765696802344,0.0017620505215722353,-0.01275287953266015
57.03,-0.0021610676106182405,0.018567900064726514,0.0015660948565360247,-0.011357120608796916
57.04,-0.0023332698992599215,0.019561797527622077,0.0013690199067545375,-0.00995297699152105
57.050000000000004,-0.0025035129009472754,0.020521278610283543,0.0011709661840343063,-0.00854178967638998
57.06,-0.0026717016466108376,0.02144629774116595,0.0009720748891658613,-0.007124852407681532
57.07,-0.0028377445898552832,0.02233693004071104,0.0007724877825432292,-0.005703424127884954
57.08,-0.003001553597000217,0.023193346182725255,0.0005723470570216303,-0.0042787774475265185
57.09,-0.0031630439262253104,0.02401584241105886,0.0003717952137489149,-0.002852089313434974
57.1,-0.0033221341961787738,0.02480479696803161,0.0001709749411478765,-0.001424579160358255
57.11,-0.0034787463455221075,0.025560673532114594,-2.9971005585829774e-05,2.5567111508538427e-06
57.120000000000005,-0.0036328055834434214,0.02628404240989279,-0.00023089992169084052,0.0014282186154072401
57.13,-0.0037842403312976685,0.026975539250957678,-0.00043166926604645405,0.002851266834271164
57.14,-0.003932982156962498,0.02763586670392526,-0.0006321367747661792,0.00427055096696187
57.15,-0.004078965702354944,0.02826580384923832,-0.0008321605735966926,0.0056850016585081676
57.160000000000004,-0.004222128603976696,0.028866194154187425,-0.0010315992853807384,0.007093586324311201
57.17,-0.004362411407278692,0.029437932788792316,-0.001230312134361266,0.008495263749409955
57.18,-0.0044997574758919535,0.029981961386152882,-0.0014281590508140377,0.00988897198943649
57.19,-0.00463411289629505,0.03049926666210893,-0.0016250007749240162,0.011273711851002594
57.2,-0.004765426378230596,0.030990875022341068,-0.0018206989565018388,0.012648531464432773
57.21,-0.00489364915143919,0.0314578433958499,-0.0020151162508017816,0.014012489122487603
57.22,-0.005018734859411617,0.031901254806189605,-0.0022081164121501235,0.01536466720962389
57.230000000000004,-0.005140639450742294,0.03232221278849609,-0.0023995643866229536,0.01670413351681075
57.24,-0.0052593210687059,0.032721833596410496,-0.0025893264039769204,0.01802998755487242
57.25,-0.005374739939716937,0.033101240442569596,-0.002777270066733911,0.0193413792705965
57.26,-0.005486858261215914,0.033461559212615045,-0.002963264435511238,0.02063747901432811
57.27,-0.005595640089477269,0.033803912939363315,-0.003147180111737724,0.021917476664377034
57.28,-0.005701051227906298,0.034129415408699446,-0.0033288893182749674,0.02318058537452487
57.29,-0.005803059118485278,0.03443909852903267,-0.0035082659777220175,0.024426043344324234
57.300000000000004,-0.005901632740680904,0.03473389276366405,-0.003685185788248818,0.025653113617973945
57.31,-0.005996742518410351,0.03501468559960588,-0.003859526297045567,0.026861080443294987
57.32,-0.006088360232735136,0.03528231578615024,-0.004031166971585996,0.02804924883743691
57.33,-0.0061764589394451876,0.0355375722533134,-0.00419998926881108,0.02921694416102952
57.34,-0.006261012890629898,0.03578122876854839,-0.004365876702346009,0.03036350943166273
57.35,-0.0063419974587315105,0.03601403758281675,-0.004528714908071934,0.031488299501799294
57.36,-0.0064193890646153575,0.036236667784054294,-0.004688391709496166,0.03259064532096196
57.370000000000005,-0.006493165111700844,0.03644974151729752,-0.0048447971827522114,0.03366992032012195
57.38,-0.006563303924703207,0.0366538623296688,-0.004997823719292624,0.03472551984871968
57.39,-0.006629784691386649,0.03684959830224818,-0.005147366088206823,0.03575678899789499
57.4,-0.006692587407267319,0.037037492803219135,-0.005293321498892077,0.036763127660035436
57.410000000000004,-0.00675169282510144,0.037217998399675906,-0.005435589660428822,0.03774398686799481
57.42,-0.006807082411860381,0.03739148800094508,-0.005574072838314413,0.03869878623507864
57.43,-0.006858738312647537,0.037558296905396485,-0.005708675911606172,0.039626949556518964
57.44,-0.006906643318730891,0.03771873968641374,-0.005839306429885406,0.0405279197694883
57.45,-0.006950780838330962,0.03787310026442205,-0.005965874668513819,0.041401161763854166
57.46,-0.006991134870793165,0.03802161644462909,-0.006088293682623551,0.04224613402896026
57.47,-0.007027689985687287,0.038164460767881075,-0.0062064793599809,0.04306232770560571
57.480000000000004,-0.007060431311404359,0.03830163294991663,-0.00632035047107015,0.04384927582132119
57.49,-0.007089344534866796,0.0384330915391248,-0.006429828717112803,0.044606490380635834
57.5,-0.007114415905156555,0.03855884521415831,-0.0065348387775124896,0.04533350881740725
57.51,-0.007135632235783075,0.03867889317048923,-0.006635308357201582,0.04602984454206106
57.52,-0.007152980908594148,0.03879316477890116,-0.0067311682341013165,0.046695029467992484
57.53,-0.007166449885145085,0.03890146547811438,-0.00682235230517357,0.04732862695995201
57.54,-0.007176027729472517,0.039003474176098965,-0.006908797630035247,0.04793021723460715
57.550000000000004,-0.007181703640430194,0.039098841415837936,-0.006990444472444955,0.04849940242382497
57.56,-0.007183467486042516,0.039187278353276706,-0.007067236339442686,0.049035814925721205
57.57,-0.007181309837013687,0.03926844405093766,-0.00713912001907179,0.0495390707147743
57.58,-0.007175222003271664,0.03934194313273717,-0.007206045616367727,0.050008848922809
57.59,-0.0071651960763399825,0.03940731091540766,-0.007267966588396467,0.050444769046325375
57.6,-0.007151224978608408,0.0394640039947905,-0.007324839781121362,0.05084644645491117
