t_s,center_heave_m,center_heave_acc_mps2,buoy1_heave_m,buoy1_heave_acc_mps2
45.0,-0.020714289177150867,0.11090515236483353,-0.04070029651261447,0.2652071405292142
45.01,-0.019236043636997012,0.1008929177045828,-0.03933593248252504,0.25478762240754316
45.02,-0.017747813467572402,0.09089379714762601,-0.03794621149077166,0.24420447030714648
45.03,-0.016250597517868247,0.08091686850778779,-0.036532193236536656,0.2334738131773278
45.04,-0.01474539234668566,0.07097081412533589,-0.03509495199369345,0.22261158236846565
45.050000000000004,-0.01323319136051468,0.061063912452944485,-0.03363557502117211,0.21163346606724434
45.06,-0.011714983991784745,0.051204031531541974,-0.0321551609980542,0.20055486694707844
45.07,-0.010191754918118889,0.04139862430963083,-0.030654818487592283,0.18939086314257716
45.08,-0.008664483323036633,0.03165472575065019,-0.029135664434017324,0.1781561726231374
45.09,-0.007134142198372894,0.021978951665033292,-0.02759882269565774,0.16686512100834844
45.1,-0.0056016976885145025,0.012377499196252402,-0.026045422617549534,0.1555316128372653
45.11,-0.004068108476383578,0.002856148884209004,-0.024476597646372784,0.14416910627482768
45.12,-0.002534325210946305,-0.006579731776629875,-0.022893483990207093,0.13279059121225
45.13,-0.0010012899758761538,-0.01592518337073649,-0.02129721932526024,0.12140857069393104
45.14,0.0005300642011427052,-0.025175648277471117,-0.019688941551393228,0.11003504558176633
45.15,0.0020588137991090893,-0.03432696316246592,-0.018069787597942654,0.09868150234846776
45.160000000000004,0.0035840452151620497,-0.04337535033969261,-0.016440892281030395,0.08735890387483305
45.17,0.005104855137674344,-0.05231740810061354,-0.0148033872132517,0.07607768311176893
45.18,0.006620350881960467,-0.06115010010707435,-0.01315839976634876,0.06484773945614838
45.19,0.008129650689665223,-0.06987074394449153,-0.011507052087206576,0.05367843768035464
45.2,0.009631883992988779,-0.07847699893047266,-0.009850460167255798,0.04257860924827968
45.21,0.01112619164496853,-0.08696685327299213,-0.008189732965128982,0.0315565558458093
45.22,0.012611726117111156,-0.09533861066914162,-0.006525971582199007,0.02062005495084231
45.230000000000004,0.014087651665715,-0.10359087643367745,-0.00486026849042489,0.009776367267077736
45.24,0.015553144468276287,-0.1117225432422754,-0.0031937068117469996,-0.0009677541536831488
45.25,0.017007392731400697,-0.11973277657185522,-0.0015273596481053748,-0.011606053273592506
45.26,0.01844959677168469,-0.12762099991518858,0.00013771053899317828,-0.022132759084649938
45.27,0.019878969071038293,-0.13538687984384845,0.001800452500568264,-0.03254257244303841
45.28,0.02129473430794372,-0.14303031098786753,0.003459826725243712,-0.042830651880959296
45.29,0.02269612936615306,-0.15055140099699066,0.005114805918735299,-0.05299259854829579
45.300000000000004,0.024082403322322882,-0.15795045554258164,0.006764375439259553,-0.06302444042931328
45.31,0.025452817414082275,-0.16522796341523954,0.008407533690446023,-0.07292261597172982
45.32,0.026806644990024203,-0.17238458176804067,0.010043292473391868,-0.08268395725734087
45.33,0.028143171443087915,-0.17942112155053147,0.011670677299544017,-0.09230567283485853
45.34,0.029461694128786096,-0.18633853317456883,0.013288727666125325,-0.10178533032697877
45.35,0.030761522269704283,-0.193137892447961,0.014896497295843558,-0.11112083891495363
45.36,0.032041976847674354,-0.1998203868082417,0.016493054342633335,-0.1203104317952642
45.37,0.033302390484991465,-0.2063873018846762,0.018077481565183184,-0.129352648694333
45.38,0.03454210731601281,-0.21284000841274636,0.019648876469993002,-0.13824631851884117
45.39,0.03576048285044139,-0.2191799495220168,0.021206351425693656,-0.14699054221098343
45.4,0.036956883829556385,-0.22540862841495202,0.02274903375033927,-0.1555846758701156
45.410000000000004,0.03813068807661862,-0.23152759645104087,0.024276065773354987,-0.16402831419467376
45.42,0.03928128434263345,-0.23753844164818894,0.02578660487379211,-0.17232127429100638
45.43,0.04040807214861589,-0.24344277761033958,0.0272798234965036,-0.18046357988904138
45.44,0.041510461625452584,-0.249242232888361,0.02875490914781427,-0.18845544599821526
45.45,0.04258787335242753,-0.2549384407795867,0.030211064372213003,-0.19629726403115452
45.46,0.0436397381954117,-0.26053302958310265,0.03164750671155098,-0.20398958740514792
45.47,0.044665497145690194,-0.26602761337914005,0.03306346864818226,-0.2115331175335407
45.480000000000004,0.04566460116031266,-0.27142378414265866,0.034458197533446325,-0.2189286901313535
45.49,0.046636511004687554,-0.27672310684489365,0.035830955502914645,-0.22617726002400257
45.5,0.0475806970982918,-0.28192710417328803,0.037181019379671866,-0.23327989304781385
45.51,0.048496639364213945,-0.28703726049002504,0.03850768056672877,-0.24023775321239307
45.52,0.04938382708280516,-0.2920550161087955,0.03981024492978309,-0.24705208905229586
45.53,0.050241758749366185,-0.29698177656094876,0.041088032671524194,-0.2537242249006949
45.54,0.051069941934791474,-0.30181893586728414,0.042340378198509124,-0.260255550344329
45.550000000000004,0.05186789314525353,-0.30656796050927315,0.04356662998155093,-0.26664751215496507
45.56,0.0526351376671369,-0.3112306868764192,0.044766150410172026,-0.27290161602153057
45.57,0.05337120935952983,-0.3158100137571517,0.04593831564064686,-0.279019444136809
45.58,0.05407565040783615,-0.32030816738048806,0.04708251544041398,-0.28500253538114734
45.59,0.054748011131692136,-0.32472601703653514,0.04819815303468583,-0.2908523768795325
45.6,0.055387849872923965,-0.32906444350750563,0.04928464494855459,-0.2965707120562423
45.61,0.0559947329021036,-0.3333245753653675,0.050341420823380924,-0.302159740747174
45.62,0.05656823432183239,-0.3375072450430858,0.05136792320766042,-0.30762159525846733
45.63,0.05710793599060365,-0.34161293516043256,0.05236360734880457,-0.3129581940923641
45.64,0.05761342747626451,-0.34564191887331763,0.05332794099848158,-0.3181714017984052
45.65,0.058084306034824416,-0.3495942067071208,0.054260404230178326,-0.32326291028184606
45.660000000000004,0.05852017661154204,-0.3534696405757245,0.05516048926738225,-0.3282343783199724
45.67,0.05892065186204495,-0.3572678498150023,0.05602770032096119,-0.3330873304069942
45.68,0.059285352191825874,-0.3609883147194097,0.05686155343370602,-0.33782329526799076
45.69,0.05961390581335599,-0.36463031738201346,0.05766157633215435,-0.3424436451825487
45.7,0.059905948820948685,-0.36819297508203913,0.05842730828759947,-0.34694970273280523
45.71,0.06016112557601967,-0.37166573654437574,0.05915829995913091,-0.35134355262176176
45.72,0.060379091781182274,-0.3749665057957113,0.05985411303433317,-0.3556326481067934
45.730000000000004,0.06055952165256023,-0.37800106388836907,0.06051431956464354,-0.35982525819130584
45.74,0.06070211487526022,-0.38074739808447267,0.06113850132848546,-0.3639240118576742
45.75,0.06080659958787078,-0.3832043773027397,0.06172624951102101,-0.36792978288546413
45.76,0.060872733006917756,-0.38536771074649356,0.062277164578651595,-0.3718435536493753
45.77,0.06090030172171645,-0.3872354758159252,0.06279085619038363,-0.3756660619863515
45.78,0.06088912194610863,-0.38880537685076244,0.0632669431201986,-0.37939801132490275
45.79,0.06083903971028839,-0.3900761368955966,0.0637050531886136,-0.3830400193260978
45.800000000000004,0.06074993099951908,-0.3910468045009016,0.06410482320215102,-0.3865926071640879
45.81,0.06062170183603972,-0.3917170921365315,0.06446589890435196,-0.39005613171796283
45.82,0.06045428830627899,-0.39208721012457814,0.064787934939979,-0.3934308475162504
45.83,0.06024765653234682,-0.3921579491438641,0.06507059483072239,-0.3967169056164595
45.84,0.06000180258856274,-0.3919306297056228,0.06531355096115922,-0.39991435628129646
45.85,0.05971675236350997,-0.3914071140987379,0.0655164845748217,-0.403023150098447
45.86,0.05939256136865995,-0.39058978601688754,0.06567908577928785,-0.406043169620616
45.87,0.05902931449467477,-0.38948153893294524,0.06580105355956516,-0.4089742017589481
45.88,0.05862712572019559,-0.38808565229979486,0.06588209581127803,-0.4118155886708731
45.89,0.05818613792849817,-0.38640096346715597,0.06592192988077378,-0.41455102133112787
45.9,0.057706523284558386,-0.38441501046063936,0.06592028503568138,-0.4171269704181623
45.910000000000004,0.05718848444236808,-0.38210935167865334,0.0658769077064866,-0.4194696943752459
45.92,0.05663225627353079,-0.37946545167188434,0.06579156850770262,-0.4215039529730278
45.93,0.05603810764764336,-0.3764670681357434,0.06566406954456716,-0.42316058885744623
45.94,0.0554063429169641,-0.3731039238955567,0.06549425090264983,-0.42438814548812154
45.95,0.05473730274545051,-0.36937596669418093,0.06528199518170583,-0.42516631900774926
45.96,0.05403136413497334,-0.3652889756491877,0.0650272296042797,-0.4254922112553331
45.97,0.0532889399429479,-0.3608493327122728,0.06472992661736636,-0.42536396248103836
45.980000000000004,0.05251047823621631,-0.35606402688143546,0.06439010406369927,-0.42478085617916783
45.99,0.05169646158653955,-0.35094057906213744,0.06400782524522619,-0.42374317554528484
46.0,0.05084740631155075,-0.34548703497407995,0.06358319888161165,-0.4222522740522949
46.01,0.04996386166433705,-0.3397119220008189,0.0631163789644903,-0.4203105309726745
46.02,0.04904640897475787,-0.3336242223309479,0.06260756450811614,-0.4179213564423101
46.03,0.04809566074580481,-0.3272333364876089,0.06205699919788824,-0.41508916389816325
46.04,0.047112259708356266,-0.3205490504969064,0.06146497093859591,-0.411819351192236
46.050000000000004,0.046096877837767634,-0.31358150035128723,0.060831811304804896,-0.40811827000652723
46.06,0.04505021533578168,-0.3063411372276552,0.06015789489624758,-0.4039931941034098
46.07,0.04397299958127572,-0.2988386920070495,0.059443638601554875,-0.3994522815471999
46.08,0.04286598405337854,-0.29108514009564673,0.05868950077408509,-0.39450453378881667
46.09,0.04172994723048164,-0.28309166630950866,0.05789598032400471,-0.3891597506747297
46.1,0.04056569146865158,-0.27486963019499544,0.05706361573113311,-0.3834284823995843
46.11,0.039374041862910006,-0.2664305318397254,0.05619298398338707,-0.37732197847737947
46.12,0.0381558450947905,-0.2577859783744117,0.055284699445942824,-0.37085213430632924
46.13,0.036911968269521526,-0.24894765127916912,0.05433941266647375,-0.3640314356723679
46.14,0.0356432977460933,-0.23992727463566027,0.053357809122021274,-0.3568729016640463
46.15,0.03435073796337464,-0.23073658443676487,0.05234060791321106,-0.34939002641257944
46.160000000000004,0.033035210265342,-0.22138729906328508,0.051288560411638914,-0.341596720097995
46.17,0.03169765172835829,-0.21189109102114057,0.050202448866320075,-0.33350724963927947
46.18,0.03033901399332045,-0.2022595600226827,0.049083084975122176,-0.3251361794818859
46.19,0.028960262105351908,-0.19250420748297614,0.047931308427089175,-0.3164983128759438
46.2,0.027562373363581437,-0.18263641249018192,0.04674798542150977,-0.30760863402062677
46.21,0.02614633618339565,-0.17266740929717295,0.045534007169494614,-0.2984822514262465
46.22,0.024713148973404066,-0.16260826637016307,0.04429028838370119,-0.2891343428203484
46.230000000000004,0.023263819029198916,-0.15246986701811815,0.043017765761688344,-0.279580101895994
46.24,0.02179936144583188,-0.14226289161640432,0.04171739646819588,-0.26983468717073605
46.25,0.02032079805077627,-0.13199780142687298,0.04039015662143104,-0.2599131731938511
46.26,0.018829156358972123,-0.1216848240070501,0.03903703978820882,-0.24983050430751327
46.27,0.017325468551407673,-0.11133394019105974,0.037659055492534094,-0.23960145113558143
46.28,0.015810770478521585,-0.10095487261651112,0.03625722774194214,-0.22924056994146036
46.29,0.014286100689564242,-0.09055707576298894,0.03483259357562506,-0.21876216496506012
46.300000000000004,0.012752499488900775,-0.08014972746055514,0.0333862016380746,-0.20818025381799687
46.31,0.01121100802009005,-0.06974172181988975,0.03191911078166573,-0.19750853598671117
46.32,0.009662667378444135,-0.05934166352957258,0.030432388701294458,-0.18676036446500086
46.33,0.008108517752618997,-0.048957863461262005,0.028927110603872125,-0.17594872051101318
46.34,0.006549597595671075,-0.03859833551871199,0.027404357915165947,-0.16508619149926315
46.35,0.004986942825885905,-0.028270794663363633,0.02586521702616745,-0.15418495181565334
46.36,0.0034215860575631586,-0.01798265604642429,0.024310778080867835,-0.14325674672317637
46.37,0.0018545558618418144,-0.007741035175244909,0.022742133807022908,-0.13231287910781162
46.38,0.0002868760575377902,0.0024472509593129674,0.021160378391204347,-0.12136419899826359
46.39,-0.001280434968122914,0.012575681868304388,0.019566606399158058,-0.11042109573951998
46.4,-0.0028463649090878676,0.02263803073686856,0.017961911742227145,-0.09949349268886427
46.410000000000004,-0.004409908160661126,0.03262836085589756,0.016347386690345737,-0.08859084429361196
46.42,-0.005970066410652924,0.0425410213852022,0.014724120931874645,-0.07772213540276099
46.43,-0.007525849201922531,0.05237064251802457,0.013093200680327405,-0.06689588265943688
46.44,-0.009076274466800625,0.06211213011462609,0.011455707827829347,-0.05612013781765224
46.45,-0.01062036903393607,0.07176065987053712,0.00981271914496213,-0.04540249282527538
46.46,-0.012157169108148647,0.0813116710815009,0.008165305526470502,-0.03475008651490874
46.47,-0.013685720723919213,0.09076086006492612,0.006514531282149709,-0.02416961274577728
46.480000000000004,-0.01520508017317389,0.10010417329391616,0.004861453472088456,-0.013667329842257193
46.49,-0.01671431440805482,0.10933780029677864,0.0032071212853138093,-0.0032490711783973777
46.5,-0.018212501419387163,0.11845816637184531,0.0015525754607720486,0.007079743237551755
46.51,-0.019698730591574995,0.1274619251635113,-0.00010115225051947628,0.01731409431909088
46.52,-0.021172103034668162,0.13634595114288195,-0.0017530395833990095,0.02744935073219951
46.53,-0.022631731894356803,0.1451073320321185,-0.003402074217885905,0.037481255128444885
46.54,-0.024076742640647547,0.15374336120945875,-0.005047254201284704,0.047405909900848565
46.550000000000004,-0.02550627333598722,0.16225153012778504,-0.006687588334493035,0.057219762575495665
46.56,-0.02691947488359181,0.17062952077729676,-0.008322096523974606,0.06691959094409904
46.57,-0.028315511256731752,0.1788751982194128,-0.009949810100884152,0.07650248803505467
46.58,-0.029693559709727396,0.18698660321656446,-0.011569772108844802,0.0859658470126062
46.59,-0.031052810971386815,0.19496194497938907,-0.013181037561886525,0.09530734608608019
46.6,-0.03239246942161477,0.2027995940506231,-0.014782673674051788,0.10452493350346731
46.61,-0.03371175325190619,0.21049807534185944,-0.016373760062165135,0.11361681269626855
46.62,-0.035009894610416085,0.2180560613375786,-0.01795338892324915,0.12258142763521049
46.63,-0.03628613973229256,0.2254723654776027,-0.01952066518804598,0.1314174484496746
46.64,-0.03753974905592994,0.23274593572766616,-0.021074706652078265,0.14012375735691257
46.65,-0.03876999732578846,0.23987584834507975,-0.022614644085651333,0.1486994349409985
46.660000000000004,-0.03997617368240299,0.246861301844547,-0.024139621324163363,0.15714374681545668
46.67,-0.04115758174018504,0.2537016111674515,-0.02564879534005184,0.16545613069798476
46.68,-0.04231353965360233,0.2603962020557219,-0.027141336297663122,0.17363618392056435
46.69,-0.04344338017229805,0.2669446056303332,-0.028616427592288354,0.18168365139335838
46.7,-0.04454645068569277,0.27334645317233786,-0.030073265874563528,0.18959841403645195
46.71,-0.045622113257592134,0.2796014711035685,-0.031511061061384626,0.19738047768937272
46.72,-0.046669744651302726,0.28570947616262765,-0.032929036334441025,0.20502996250463004
46.730000000000004,-0.04768873634573809,0.29167037077096103,-0.034326428127422225,0.21254709282813242
46.74,-0.0486784945429811,0.2974841385827104,-0.03570248610290379,0.21993218756630253
46.75,-0.049638440167746156,0.303150840211698,-0.03705647311987062,0.2271856510370557
46.76,-0.05056800885917244,0.30867060912774336,-0.038387665192786295,0.2343079642996885
46.77,-0.05146665095535673,0.3140436477043671,-0.03969535144307073,0.24129967696048726
46.78,-0.05233383147104703,0.319270222610078,-0.040978834043800864,0.24816139941063878
46.79,-0.05316903006917572,0.32435065293472787,-0.04223742815844008,0.25489379437323423
46.800000000000004,-0.05397174102737003,0.3292852950125885,-0.043470461874424715,0.26149756857603995
46.81,-0.054741473202286665,0.33407448252629734,-0.04467727613253911,0.2679734612639446
46.82,-0.055477750003644466,0.3387182472844754,-0.04585722465367876,0.27432221611643093
46.83,-0.056180109433164385,0.34321501497483187,-0.0470096738674761,0.2805444887411891
46.84,-0.056848104207337234,0.3475632534786397,-0.048134002842237004,0.2866410313196588
46.85,-0.05748130184856984,0.35176340761643676,-0.04922960320565348,0.29261279798988316
46.86,-0.058079284665149424,0.3558163315019822,-0.05029587905275193,0.2984607715823739
46.87,-0.05864164968379172,0.35972249714394416,-0.05133224685980033,0.3041855661498612
46.88,-0.0591680085951429,0.3634823062029666,-0.05233813542527831,0.30978749051027477
46.89,-0.05965798770364545,0.36709637412901597,-0.05331298582915678,0.31526698481229576
46.9,-0.0601112278614744,0.3705655345759198,-0.054256251388395176,0.32062459695521134
46.910000000000004,-0.06052738438293978,0.37389076851213626,-0.05516739760235195,0.3258609449962766
46.92,-0.06090612694182004,0.3770732358367418,-0.056045902087660325,0.3309768068295327
46.93,-0.061247139455160846,0.380114156105161,-0.05689125450548165,0.33597290636630245
46.94,-0.061550119956569574,0.3830148810828346,-0.05770295648412898,0.3408501012834777
46.95,-0.06181478045952339,0.3857768387109398,-0.058480521535788976,0.34560926063646524
46.96,-0.06204084681941809,0.3884012935206126,-0.05922347497089772,0.3502512253315532
46.97,-0.06222805947049441,0.39086137927115794,-0.05993135374043424,0.3547792091207682
46.980000000000004,-0.06237617756000469,0.3930652733332181,-0.06060370600895777,0.35920137108022127
46.99,-0.06248498600870263,0.3949482757200343,-0.06124009050290472,0.3635237207036451
47.0,-0.0625543007036539,0.396504381701858,-0.06184007600621618,0.36774776784464264
47.01,-0.0625839700750899,0.39773347814844107,-0.06240324113616647,0.3718745186296646
47.02,-0.06257387522568623,0.39863536363121177,-0.06292917423643021,0.37590486623689245
47.03,-0.06252392991794145,0.3992108082977813,-0.06341747328556935,0.37983970687777496
47.04,-0.06243408050125122,0.3994610417746197,-0.06386774580692059,0.3836799583654878
47.050000000000004,-0.062304305775760446,0.3993879880991036,-0.06427960878003627,0.38742645133971654
47.06,-0.06213461679559614,0.398994133868648,-0.06465268855879598,0.3910799254988984
47.07,-0.061925056611772764,0.3982825796681938,-0.06498662079943109,0.39464100011133085
47.08,-0.06167569995566067,0.3972570137028001,-0.0652810503960573,0.39811030143830345
47.09,-0.06138665286337254,0.395921708776476,-0.06553563141962855,0.4014884102781685
47.1,-0.06105805224262239,0.3942814931704256,-0.06575002706166502,0.4047758205881733
47.11,-0.060690065383949374,0.3923417384419722,-0.06592390958536158,0.4079729546978334
47.12,-0.060282889418246256,0.3901083345911189,-0.06605696028488704,0.411080139165121
47.13,-0.059836750722788816,0.387587666826582,-0.06614886945447207,0.41409758182765244
47.14,-0.05935190432312848,0.38478513434041217,-0.06619933650795527,0.41702086618930484
47.15,-0.058828633629424594,0.381696563823569,-0.06620807130386783,0.41981399065103014
47.160000000000004,-0.05826725096269079,0.3783081360911402,-0.06617479810440714,0.42240911087800087
47.17,-0.05766809882071045,0.3746036272461778,-0.0660992620078874,0.42472940395418624
47.18,-0.057031551427564005,0.37056764937255704,-0.06598123641088559,0.426699428698154
47.19,-0.05635801616480934,0.3661888567740279,-0.06582053021911007,0.4282554195065351
47.2,-0.05564793450330113,0.36146508682779527,-0.06561699358689539,0.42936171696227676
47.21,-0.05490178212993824,0.35640298510824864,-0.06537052120296061,0.4300097200040605
47.22,-0.05412006839646015,0.35101119392771113,-0.06508105351191362,0.4301964281817994
47.230000000000004,-0.053303335489913575,0.34529854261047777,-0.06474857712537331,0.42991881916692376
47.24,-0.05245215753387801,0.33927452900138255,-0.06437312507375183,0.42917548363418107
47.25,-0.051567139641300684,0.33294903195123454,-0.06395477695364006,0.42796582766135904
47.26,-0.05064891692068661,0.3263324063037951,-0.06349365896519957,0.42629048396509117
47.27,-0.04969815343966989,0.3194353846607316,-0.06298994384123528,0.4241511101480311
47.28,-0.0487155411490297,0.3122690740515337,-0.0624438506668227,0.42155048489685043
47.29,-0.047701798770871204,0.304844903700081,-0.061855644590619485,0.4184924465941052
47.300000000000004,-0.04665767065450174,0.2971745960543193,-0.06122563642871945,0.4149819022321652
47.31,-0.04558392560374566,0.2892701252690245,-0.06055418216289004,0.41102479282094817
47.32,-0.04448135567942046,0.2811436813159869,-0.05984168233537328,0.4066280724439983
47.33,-0.043350774980768586,0.2728076309119841,-0.059088581343066916,0.40179967268910605
47.34,-0.042193018409641556,0.2642744799415139,-0.058295366634357235,0.39654846697644597
47.35,-0.04100894042123334,0.25555683530983886,-0.0574625678123839,0.39088422796712197
47.36,-0.03979941376514133,0.246667367526201,-0.056590755648952384,0.3848175819683447
47.37,-0.03856532822049356,0.23761877363095377,-0.05568054101373099,0.3783599589351859
47.38,-0.03730758932883277,0.22842374091466905,-0.054732573723740734,0.3715235393735828
47.39,-0.036027117128364546,0.21909491145166093,-0.05374754131848417,0.36432119813367175
47.4,-0.034724844893099745,0.2096448476714436,-0.0527261677663469,0.35676644577012584
47.410000000000004,-0.03340171788031456,0.2000859990787101,-0.051669212108152285,0.3488733678230833
47.42,-0.03205869208963466,0.1904306702742306,-0.05057746704394829,0.3406565625475431
47.43,-0.030696733036913993,0.18069099039285977,-0.049451757469257465,0.33213107753612003
47.44,-0.029316814545949314,0.17087888407536939,-0.048292938967124256,0.32331234571774137
47.45,-0.027919917560902386,0.1610060440732871,-0.04710189626235346,0.3142161211843143
47.46,-0.026507028982145162,0.15108390557508852,-0.04587954164434493,0.3048584152937863
47.47,-0.025079140528072103,0.14112362232866626,-0.04462681336489762,0.2952554334740537
47.480000000000004,-0.023637247625240866,0.13113604462136702,-0.04334467401728228,0.28542351313232955
47.49,-0.022182348329014598,0.12113169916600376,-0.0420341089027677,0.27537906304719467
47.5,-0.020715442276696007,0.11112077092729683,-0.04069612439063376,0.2651385045923422
47.51,-0.019237529674939795,0.1011130869107305,-0.03933174627751848,0.25471821510926634
47.52,-0.01774961032304305,0.09111810192250629,-0.03794201815172898,0.24413447371312244
47.53,-0.01625268267350889,0.08114488629708945,-0.03652799976790073,0.23340340978137383
47.54,-0.014747742931088728,0.07120211557718617,-0.035090765437119587,0.22254095433947912
47.550000000000004,-0.013235784191310336,0.061298062119575725,-0.033631402437329996,0.2115627945222633
47.56,-0.011717795619307626,0.05144058858993433,-0.032151009448544744,0.20048433125414325
47.57,-0.010194761669579963,0.04163714329999331,-0.030650695017048635,0.18932064025659814
47.58,-0.008667661347126876,0.03189475733140558,-0.02913157605245621,0.1780864364574746
47.59,-0.007137467510225072,0.0222200433832058,-0.027594776361143138,0.16679604184431931
47.6,-0.005605146214943725,0.012619196271396425,-0.026041425219227424,0.15546335677336542
47.61,-0.0040716561013291455,0.0030979950046079695,-0.024472655987931705,0.14410183471695853
47.62,-0.0025379478210368093,-0.006338193647439424,-0.02288960477381452,0.13272446040584301
47.63,-0.0010049635060337407,-0.015684410178743953,-0.02129340913602156,0.12134373129844103
47.64,0.0005263637221346513,-0.024936096056346287,-0.019685206842374903,0.10997164228764329
47.65,0.0020551102031626154,-0.03408908620675803,-0.018066134675797783,0.09861967353634096
47.660000000000004,0.0035803621496435407,-0.04313960037535586,-0.016437327292259832,0.08729878131637431
47.67,0.005101216020451565,-0.05208423345460222,-0.014799916131130693,0.07601939171136184
47.68,0.006616778856816458,-0.06091994487827673,-0.01315502837854382,0.06479139703230485
47.69,0.008126168582164956,-0.06964404717779027,-0.011503785984104583,0.05362415478553265
47.7,0.009628514266879737,-0.0782541937962067,-0.009847304731022547,0.042526489025658164
47.71,0.011122956359195054,-0.08674836625357309,-0.008186693359511272,0.03150669392133296
47.72,0.012608646883525407,-0.09512486075496449,-0.006523052743080631,0.020572539358809868
47.730000000000004,0.01408474960756282,-0.10338227433004155,-0.004857475117143504,0.009731278407386322
47.74,0.015550440179536561,-0.11151949058939467,-0.003191043359175803,-0.001010343528535966
47.75,0.017004906237057752,-0.11953566517939598,-0.0015248303195008763,-0.011646078043745497
47.76,0.018447347489005252,-0.1274302110134528,0.00014010179837968,-0.02217016172228957
47.77,0.019876975771930844,-0.13520278335272962,0.001802702009119299,-0.032577302948033654
47.78,0.021293015082471483,-0.1428532648055753,0.003461931069851237,-0.04286266769460605
47.79,0.02269470158726992,-0.15038175030962408,0.005116761958932344,-0.053021864447154475
47.800000000000004,0.024081283611900237,-0.15778853215616007,0.006766180310618551,-0.06305092840095919
47.81,0.02545202161029495,-0.1650740851112817,0.008409184807256446,-0.0729463050742527
47.82,0.026806188116156725,-0.17223905168397607,0.010044787530631599,-0.08270483346428767
47.83,0.028143067677822015,-0.1792842275860716,0.011672014274160094,-0.09232372886727079
47.84,0.029461956778029826,-0.18621054742490029,0.013289904817640797,-0.1018005654740592
47.85,0.030762163740015995,-0.19301907066490367,0.014897513166308994,-0.11113325884481266
47.86,0.032043008621336605,-0.1997109678901111,0.016493907755941593,-0.12032004835707708
47.870000000000005,0.03330382309678278,-0.2062875073956869,0.018078171625767653,-0.12935947971315875
47.88,0.034543950331726025,-0.21275004213270135,0.01964940256092991,-0.13825038758421795
47.89,0.03576274484719133,-0.2190999970270034,0.021206713206229667,-0.1469918784603535
47.9,0.036959572377917894,-0.22533885668952935,0.022749231152866048,-0.15558331376799941
47.910000000000004,0.03813380972463358,-0.23146815353271177,0.024276098999853248,-0.16402429330842144
47.92,0.03928484460171976,-0.23748945630446172,0.02578647439176721,-0.17231463906388989
47.93,0.04041207548140975,-0.24340435904894592,0.02727953003443594,-0.18045437941132056
47.94,0.04151491143561478,-0.24921447050102785,0.02875445369014698,-0.18844373377674584
47.95,0.042592771976433214,-0.25492140391903356,0.030210448153900588,-0.19628309775810493
47.96,0.04364508689634945,-0.2605267673611264,0.031646731212191345,-0.20397302873756845
47.97,0.04467129610908849,-0.2660321544496206,0.0330625355857523,-0.2115142319512933
47.980000000000004,0.04567084949203648,-0.27143913575672507,0.03445710885765097,-0.21890754698693357
47.99,0.04664320673098827,-0.27674925381800464,0.035829713388128834,-0.22615393322199073
48.0,0.04758783716795935,-0.2819640126478591,0.03717962621752627,-0.23325445828346686
48.01,0.04850421965286844,-0.2870848715260802,0.03850613895842543,-0.24021028916379866
48.02,0.049391842399436975,-0.2921132500208249,0.03980855767814691,-0.24702267704027453
48.03,0.050250202845108276,-0.2970505303727295,0.04108620277280345,-0.2536929482656785
48.04,0.05107880751391592,-0.3018980851017753,0.042338408833959666,-0.2602224945158057
48.050000000000004,0.05187717187776425,-0.3066573780766207,0.043564524508813714,-0.26661276465301664
48.06,0.052644820199039384,-0.3113303387909916,0.04476391235428612,-0.2728652715006145
48.07,0.053381285314626645,-0.3159199935356145,0.04593594868441422,-0.2789816054476245
48.08,0.054086108389705734,-0.3204282998597018,0.047080023414654414,-0.28496329110222074
48.09,0.05475883874004701,-0.3248560103164695,0.04819553990906018,-0.29081181467858563
48.1,0.05539903372809771,-0.3292041007988289,0.0492819148199758,-0.2965290084166454
48.11,0.05600625866893819,-0.33347364170299476,0.05033857790010895,-0.30211707050010655
48.120000000000005,0.0565800867365205,-0.33766540187048444,0.05136497179329388,-0.3075780824007441
48.13,0.057120098893320016,-0.3417798150925947,0.052360551829674265,-0.31291393483840624
48.14,0.05762588384854521,-0.34581711903521584,0.05332478583410379,-0.3181264702896657
48.15,0.05809703804045717,-0.34977729794598855,0.05425715394548115,-0.32321737638353637
48.160000000000004,0.05853316564031955,-0.3536601650086417,0.05515714844604486,-0.3281882969012451
48.17,0.05893387857617823,-0.357465325471393,0.05602427359984688,-0.3330407477145741
48.18,0.05929879657472542,-0.3611922391104546,0.05685804549812205,-0.3377762542477133
48.19,0.059627547220458585,-0.36484016911660905,0.05765799191152385,-0.34239618632896346
48.2,0.05991976603251142,-0.3684082116102826,0.05842365215177534,-0.346901851876185
48.21,0.060175096864733074,-0.3718853802625014,0.05915457691437508,-0.35129537157026847
48.22,0.06039319498115579,-0.3751902434339931,0.059850327919359694,-0.3555841485188846
48.230000000000004,0.060573734184713374,-0.3782292092981573,0.06051047725023226,-0.3597763933555742
48.24,0.060716413750094185,-0.380979568561162,0.06113460671976468,-0.36387477417263314
48.25,0.0608209614354953,-0.38344001918750037,0.06172230754833458,-0.3678801855050817
48.26,0.060887134126908014,-0.38560634608388034,0.06227318023673167,-0.3717936065176082
48.27,0.06091471813407603,-0.3874765781346735,0.06278683447735689,-0.3756157724142871
48.28,0.06090352944263497,-0.38904843477775697,0.06326288907690054,-0.37934738302907917
48.29,0.06085341390666485,-0.3903206214032561,0.06370097188872047,-0.3829890370907105
48.300000000000004,0.06076424738784484,-0.3912921900830959,0.06410071975302173,-0.38654126544615075
48.31,0.06063593583761862,-0.39196284953717897,0.06446177844760966,-0.3900044301794938
48.32,0.06046841532451014,-0.3923328094187052,0.06478380265183559,-0.3933787797647693
48.33,0.060261652005711784,-0.39240285979017814,0.06506645592251709,-0.3966644647969746
48.34,0.060015642043592894,-0.39217432212118775,0.06530941068013957,-0.3998615324271447
48.35,0.05973041146763726,-0.39164906045508024,0.06551234820514311,-0.4029699315435004
48.36,0.059406015982877605,-0.3908294602123922,0.06567495864361124,-0.40598953014703293
48.370000000000005,0.0590425407259154,-0.38971841934615564,0.06579694102120992,-0.4089201216099776
48.38,0.058640099973547584,-0.38831921335328534,0.06587800327714781,-0.4117610221391675
48.39,0.05819883696194796,-0.38663060011087924,0.06591786281385134,-0.4144956501925346
48.4,0.057718924266777,-0.3846401477974215,0.06591624897916122,-0.417070552135745
48.410000000000004,0.057200565005671895,-0.38232957294479475,0.06587290829489072,-0.41941246156283485
48.42,0.05664399455410831,-0.3796804795025883,0.06578761144038499,-0.4214465482902928
48.43,0.05604948231307147,-0.3766767119368465,0.06566016052225002,-0.42310389266035986
48.44,0.055417333187988374,-0.3733079500614124,0.06549039554952839,-0.42433286308908885
48.45,0.05474788842218445,-0.3695740109254335,0.0652781989854589,-0.42511270360208736
48.46,0.054041525630966855,-0.36548065456587053,0.06502349788502305,-0.42544041380846637
48.47,0.05329865832202502,-0.3610342866414877,0.0647262645096691,-0.42531416371898
48.480000000000004,0.052519735248231225,-0.3562419047461177,0.06438651649978573,-0.4247332163184201
48.49,0.05170523970169554,-0.3511110468182811,0.06400431693849967,-0.42369785821257017
48.5,0.05085568875326587,-0.3456497722338844,0.06357977431071882,-0.42220943311016557
48.51,0.04997163244058481,-0.33986662452793515,0.06311304235793662,-0.4202703159204256
48.52,0.04905365290783907,-0.33377060156217886,0.06260431982954548,-0.41788390856337454
48.53,0.0481023635004972,-0.32737112050453865,0.06205385013208425,-0.4150546170790511
48.54,0.04711840781839852,-0.3206779842338856,0.061461920878286086,-0.4117878304578216
48.550000000000004,0.04610245873063226,-0.31370134614608025,0.06082886333833136,-0.40808989125788336
48.56,0.04505521735569586,-0.30645167516005856,0.060155051796170665,-0.4039680633221918
48.57,0.04397741201045252,-0.29893972030177096,0.05944090281424813,-0.39943049434158245
48.58,0.04286979713142078,-0.2911764754496233,0.05868687441037627,-0.3944861748495406
48.59,0.04173315217192884,-0.2831731442122437,0.05789346515091102,-0.3891448933624038
48.6,0.04056828047863882,-0.2749411052059144,0.057061213164733816,-0.3834171883572316
48.61,0.03937600815091084,-0.2664918778389225,0.05619069508287006,-0.377314297324993
48.620000000000005,0.03815718288642372,-0.25783708877700273,0.05528252490885506,-0.370848103391898
48.63,0.036912672816399955,-0.24898843921639635,0.05433735282519949,-0.36403107989412503
48.64,0.035643365333698815,-0.23995767309966448,0.053355863941505016,-0.35687623335763585
48.65,0.034350165916946715,-0.23075654638902654,0.052338776989935554,-0.3493970453064703
48.660000000000004,0.03303399695377066,-0.22139679750526073,0.051286842973861706,-0.3416074133347987
48.67,0.03169579656607631,-0.21189011902658508,0.050200843775565725,-0.33352159186262187
48.68,0.030336517440192872,-0.20224813073080533,0.049081590728920536,-0.3251541329866862
48.69,0.02895712566456605,-0.19248235405187575,0.04792992316294396,-0.31651982782010496
48.7,0.02755859957754222,-0.1826041880100473,0.04674670692207557,-0.307633648695386
48.71,0.02614192862763877,-0.17262488666308734,0.04553283286893442,-0.29851069258217455
48.72,0.024708112248539634,-0.1625555381141604,0.04428921537519145,-0.28916612604557934
48.730000000000004,0.02325815875090453,-0.1524070451006857,0.043016790806032976,-0.2796151320429825
48.74,0.021793084232918224,-0.1421901071774972,0.041716516003505934,-0.2698728588275775
48.75,0.020313911511349123,-0.13191520449679053,0.04038936677382283,-0.25995437119600745
48.76,0.018821669074725118,-0.12159258317773804,0.039036336383468304,-0.24987460428563832
48.77,0.01731739006007616,-0.11123224224841052,0.037658434068692966,-0.23964832009502526
48.78,0.01580211125453922,-0.10084392213454163,0.036256683562706844,-0.22929006686902154
48.79,0.01427687212296174,-0.09043709466084102,0.03483212164459822,-0.21881414145847955
48.800000000000004,0.01274271386249149,-0.08002095452344465,0.03338579671370563,-0.20823455473381697
48.81,0.01120067848499534,-0.06960441218512428,0.031918767392865505,-0.1975650001021158
48.82,0.009651807928007083,-0.059196088139306206,0.030432101163647945,-0.18681882514940484
48.83,0.008097143194764607,-0.04880430848298068,0.02892687303638174,-0.1760090064033437
48.84,0.006537723523770007,-0.03843710173559959,0.027404164257457935,-0.165148127186964
48.85,0.004974585588185491,-0.028102196835730793,0.025865061056093427,-0.15424835851175647
48.86,0.0034087627252480986,-0.017807022246374968,0.024310653432433913,-0.1433214429378884
48.870000000000005,0.0018412841957951731,-0.0075587060960996405,0.02274203398857911,-0.13237868131140257
48.88,0.0002731744738669065,0.002635922716513542,0.021160296803828794,-0.12143092227218708
48.89,-0.0012945474337190217,0.012770332529666358,0.019566536355170337,-0.110488554413078
48.9,-0.002860868638037605,0.022838286109298903,0.01796184648376786,-0.09956150095883365
48.910000000000004,-0.004424782989250671,0.03283383709792177,0.016347319407960328,-0.08865921682468185
48.92,-0.005985291668690058,0.04275132579241359,0.01472404478304179,-0.07779068790674736
48.93,-0.007541403752253496,0.052585374321087286,0.013093108807874261,-0.06696443245157518
48.94,-0.009092136745603756,0.06233088128777807,0.011455593378178567,-0.056188504348526506
48.95,-0.010636517091707666,0.0719830159480139,0.00981257528615748,-0.045470498187112456
48.96,-0.012173580651302087,0.08153721198007369,0.008165125465930944,-0.034817555921292646
48.97,-0.01370237315691224,0.09098916091005377,0.006514308284104296,-0.024236374983971215
48.980000000000004,-0.015221950641085693,0.10033480524752396,0.004861180874647174,-0.013733217697588498
48.99,-0.016731379839525953,0.10957033138458137,0.0032067925171321986,-0.0033139218303187136
49.0,-0.018229738569843442,0.11869216230809093,0.0015521840572705026,0.007016087847916793
49.01,-0.019716116086651202,0.1276969501714652,-0.00010161263141835779,0.01725178714995137
49.02,-0.02118961341375095,0.13658156876892866,-0.0017535751460482254,0.027388539330544404
49.03,-0.022649343654163667,0.14534310595213623,-0.003402691014238243,0.037422081347664365
49.04,-0.024094432278766384,0.15397885602568884,-0.005047958116790458,0.047348509646177456
49.050000000000004,-0.02552401739429246,0.16248631215484863,-0.00668838507459704,0.05716426557678499
49.06,-0.0269372499914607,0.17086315881609607,-0.008322991601234814,0.06686612055536283
49.07,-0.02833329417398637,0.1791072643178333,-0.009950808822731026,0.07645116106010438
49.08,-0.029711327369222794,0.18721667341576087,-0.01157087956599928,0.0859167735561045
49.09,-0.031070540521174913,0.19518960004507618,-0.013182258617450758,0.09526062942917862
49.1,-0.03241013826661103,0.2030244201883418,-0.01478401295328459,0.1044806700032565
49.11,-0.03372933909498454,0.2107196648956638,-0.01637522194295262,0.11357509170814804
49.120000000000005,-0.0350273754928692,0.2182740134715762,-0.017954977527277156,0.12254233145732071
49.13,-0.03630349407358467,0.22568628683973618,-0.01952238437268018,0.13138105228847452
49.14,-0.03755695569267988,0.23295544109547703,-0.02107656000295485,0.1400901293130203
49.15,-0.03878703554991778,0.24008056125277927,-0.022616634909979446,0.14866863601438338
49.160000000000004,-0.03999302327838671,0.24706085519131266,-0.024141752644738678,0.15711583092908557
49.17,-0.041174223021347066,0.2538956478064224,-0.025651069889978367,0.16543114473904522
49.18,-0.042329953497395045,0.260584375363487,-0.02714375651577925,0.17361416779840086
49.19,-0.04345954805451218,0.26712658005661105,-0.0286189956192907,0.18166463811327546
49.2,-0.044562354713541356,0.27352190476955,-0.03007598354982143,0.1895824297885722
49.21,-0.04563773620161751,0.27977008803618947,-0.03151392992043582,0.19736754195174241
49.22,-0.04668506997605717,0.2858709591959694,-0.03293205760715814,0.2050200881598232
49.230000000000004,-0.04770374823918911,0.2918244337393505,-0.034329602736838195,0.21254028629258032
49.24,-0.04869317794459452,0.29763050883685965,-0.03570581466468329,0.21992844893164926
49.25,-0.049652780795205506,0.30328925904519655,-0.037059955942412695,0.22718497422278555
49.26,-0.0505819932336908,0.3088008321826869,-0.03839130227794333,0.23431033721611014
49.27,-0.05148026642554064,0.31416544536475355,-0.03969914248746705,0.2413050816787023
49.28,-0.052347066235259754,0.31938338101497965,-0.04098277844073236,0.24816981237982938
49.29,-0.0531818731962277,0.32445497738129025,-0.04224152500031871,0.2549051871596668
49.300000000000004,-0.05398418247531247,0.3293806115349662,-0.04347470995571767,0.2615119081279788
49.31,-0.05475350383521039,0.334160636075562,-0.044681673953181546,0.26799070972612943
49.32,-0.055489361609050436,0.33879502058935906,-0.04586177042317625,0.2743423239442964
49.33,-0.05619129475238132,0.343281854927915,-0.047014365510577374,0.28056737737256876
49.34,-0.056858856974769195,0.34761989640592617,-0.0481388380054757,0.28666664821982707
49.35,-0.057491616817098266,0.35180978862610834,-0.04923457926295669,0.29264109798759713
49.36,-0.05808915761771533,0.3558523299399967,-0.050300993110959945,0.29849168391463915
49.370000000000005,-0.05865107744422516,0.3597479786649037,-0.05133749576804882,0.3042189311343821
49.38,-0.05917698904030331,0.36349715114162595,-0.052343515789729254,0.3098231338637427
49.39,-0.059666519772523914,0.36710054587870605,-0.053318494028801504,0.31530477784889516
49.4,-0.06011931155861588,0.3705590381006588,-0.054261883588190625,0.32066443377462917
49.410000000000004,-0.060535020777149305,0.37387364189884015,-0.055173149764437796,0.32590271622530753
49.42,-0.06091331816117874,0.377045557189409,-0.056051769981693596,0.3310204226396167
49.43,-0.06125388867839398,0.3800760366013656,-0.05689723371794545,0.3360182810920965
49.44,-0.061556431401017735,0.38296646371173815,-0.05770904242680676,0.34089715708728513
49.45,-0.06182065936591014,0.3857182983798274,-0.058486709453581635,0.3456579257492535
49.46,-0.062046299435944446,0.38833275590220573,-0.05922975994897189,0.35030143488517473
49.47,-0.06223309306842863,0.39078200824418285,-0.05993773070828081,0.35483098338006464
49.480000000000004,-0.06238080045790133,0.392975523853735,-0.06061016974289992,0.3592546398827744
49.49,-0.06248920753963837,0.39484899905448867,-0.061246635632364904,0.36357838225787315
49.5,-0.06255813115787237,0.3963957661011033,-0.06184669702168571,0.36780377359624383
49.51,-0.06258742066407429,0.3976158253471175,-0.06240993239493732,0.3719318275083649
49.52,-0.06257695805451802,0.39850895036178513,-0.06293592996658859,0.3759634473623466
49.53,-0.06252665795544525,0.3990759509156035,-0.06342428758960945,0.3798995205167872
49.54,-0.06243646754850422,0.3993180629083398,-0.06387461266553447,0.3837409666328511
49.550000000000004,-0.06230636643281344,0.39923723374362874,-0.0642865220558317,0.38748862128221623
49.56,-0.062136366426453864,0.3988359656026723,-0.06465964199912584,0.39114324380555754
49.57,-0.061926511307650305,0.398117375744367,-0.0649936080381885,0.39470545231962095
49.58,-0.061676876496746025,0.3970851647903176,-0.06528806495541925,0.398175863941971
49.59,-0.06138756867923241,0.39574361984010326,-0.06554266671213871,0.40155506373847044
49.6,-0.06105872537129353,0.3940975818549117,-0.06575707639218283,0.4048435489046449
49.61,-0.06069051442977283,0.3921524344699566,-0.06593096615265377,0.40804174534240584
49.620000000000005,-0.06028313350852525,0.3899140791602297,-0.06606401718256477,0.4111499929346625
49.63,-0.059836809463339774,0.3873889116183301,-0.06615591967098712,0.41416850631953067
49.64,-0.05935179775722041,0.3845821977772541,-0.0662063729400973,0.41709241209424514
49.65,-0.058828382210034925,0.38148954034874905,-0.06621508681527818,0.41988497669454394
49.660000000000004,-0.058266875535795036,0.3780972071849077,-0.06618178562145714,0.4224786086197873
49.67,-0.05766762060115736,0.37438921957151317,-0.06610621459426522,0.4247972386100636
49.68,-0.057030991955212815,0.3703503819324335,-0.06598814728165713,0.4267660187747347
49.69,-0.056357397243663516,0.36596943578686303,-0.06582739270239843,0.42832144896023694
49.7,-0.05564727813767405,0.36124405275952753,-0.06562380107714831,0.42942733779519743
49.71,-0.05490111047022314,0.35618077769944245,-0.06537726714524161,0.43007476016632334
49.72,-0.0541194036928883,0.3507882621240134,-0.06508773141186926,0.4302607425567945
49.730000000000004,-0.053302700048045916,0.3450753298267152,-0.06475518056478086,0.4299822460202869
49.74,-0.05245157367019013,0.33905147942918357,-0.06437964772615874,0.4292378675224461
49.75,-0.051566629638967125,0.3327265863473894,-0.06396121260014435,0.4280270090556451
49.76,-0.05064850298562125,0.32611100305536095,-0.06350000151023623,0.4263503055503206
49.77,-0.049697857656891394,0.31921545822901753,-0.06299618732832579,0.4242094148051236
49.78,-0.048715385439423046,0.3120510547413804,-0.062449989294195735,0.42160711785671495
49.79,-0.04770180484840883,0.3046292167808582,-0.06186167272663445,0.41854725550813043
49.800000000000004,-0.04665785998398969,0.29696166121758355,-0.06123154862701284,0.41503473827791293
49.81,-0.04558431935916132,0.2890603559299648,-0.060559973177170934,0.4110755112736254
49.82,-0.0444819747029012,0.28093748400398794,-0.05984734713379325,0.40667653348924704
49.83,-0.04335163974232069,0.2726054046274129,-0.059094115122092,0.40184574208006674
49.84,-0.04219414896762495,0.2640766155397695,-0.05830076483207313,0.39659201672500155
49.85,-0.041010356383687614,0.2553637148824906,-0.05746782612116753,0.39092513696613523
49.86,-0.03980113425201244,0.2464793637944958,-0.05659587002744733,0.3848557365889627
49.870000000000005,-0.03856737182682283,0.23743624934486668,-0.05568550769806821,0.3783952535702908
49.88,-0.037309974088963,0.2282470482618733,-0.05473738923795107,0.37155587693577136
49.89,-0.03602986048122552,0.21892439147549517,-0.05375220248405318,0.3643504904983353
49.9,-0.03472796364863072,0.20948082969978818,-0.05273067171086854,0.35679261416397284
49.910000000000004,-0.03340522818707526,0.19992880016457237,-0.05167355627304388,0.3488963431544775
49.92,-0.03206260940366336,0.19028059464953798,-0.050581649191194004,0.3406762856779576
49.93,-0.03070107209188689,0.1805483289365743,-0.049455775687154084,0.33214749949148276
49.94,-0.029321589324689677,0.1707439137978092,-0.048296791675009,0.3233254278395948
49.95,-0.027925141268293013,0.16087902761753026,-0.04710558221429943,0.31422583522111164
49.96,-0.02651271401949129,0.15096509073765735,-0.0458830599318158,0.30486474343323544
49.97,-0.025085298468962465,0.14101324160035142,-0.044630163418359,0.29525836831801533
49.980000000000004,-0.023643889192950678,0.13103431475030275,-0.04334785560677301,0.28542305761616793
49.99,-0.022189483375493528,0.12103882074394962,-0.04203712213743986,0.2753752303060416
50.0,-0.02072307976318123,0.11103692800105762,-0.04069896971727511,0.2651313177770202
50.01,-0.019245677654231526,0.10103844661981026,-0.03933442447807663,0.2547077071550446
50.02,-0.017758275923477524,0.09105281416453974,-0.037944530339860755,0.24412068706471493
50.03,-0.01626187208466087,0.08108908342228244,-0.03653034738457474,0.23338639607784284
50.04,-0.01475746139123423,0.07115591211320135,-0.03509295024530377,0.22252077406284476
50.050000000000004,-0.013246035976673709,0.06126155452778656,-0.03363342651580004,0.21153951661379783
50.06,-0.011728584035116283,0.05141385505442671,-0.03215287518485172,0.2004580327023254
50.07,-0.010206089042948755,0.0416202435501608,-0.03065240509968754,0.1892914056607592
50.08,-0.00867952902178665,0.031887732499292235,-0.02913313346227916,0.17805435757111215
50.09,-0.007149875843108758,0.02222291589608536,-0.027596184362063198,0.16676121710201072
50.1,-0.005618094574640095,0.012631969780759252,-0.026042687348260388,0.15542589080504943
50.11,-0.004085142868409361,0.0031206543517011687,-0.024473776044624657,0.14406183785326396
50.120000000000005,-0.0025519703902555217,-0.006305682428661969,-0.0228905868091108,0.1326820481779254
50.13,-0.0010195182904065127,-0.015642099821269646,-0.021294257440611742,0.12129902393562596
50.14,0.0005112812853887037,-0.024884057981909957,-0.019685925934584677,0.10992476421592752
50.15,0.002039505644815567,-0.03402741041001729,-0.0180667292890623,0.0985707528806125
50.160000000000004,0.003564241958808566,-0.04306839527038547,-0.016437802362234726,0.08724794940892651
50.17,0.005084587633100702,-0.05200362568413762,-0.01480027678248829,0.07596678260907992
50.18,0.006599650642489134,-0.06083007908611881,-0.013155279911503432,0.06473714704461578
50.19,0.008108549828890668,-0.06954508574492366,-0.011503933860743443,0.05356840201498535
50.2,0.009610415164338993,-0.07814631654149644,-0.009847354561413274,0.04246937292274843
50.21,0.011104387980155022,-0.08663177009974207,-0.008186650887730572,0.03144835485493151
50.22,0.012589621163579553,-0.09499975936104786,-0.006522923833131589,0.020513118203364995
50.230000000000004,0.01406527932321577,-0.10324889769122607,-0.0048572657388330906,0.009670916147782234
50.24,0.015530538924672519,-0.11137808460549053,-0.0031907595739864326,-0.0010715061737355904
50.25,0.016984588397838684,-0.11938649119334224,-0.0015244782664940182,-0.011707900980163397
50.26,0.01842662821724331,-0.12727354532078863,0.0001405159165926183,-0.022232505818429556
50.27,0.019855870956987796,-0.13503891668389098,0.001803171940304792,-0.032640030354601626
50.28,0.021271541321734037,-0.14268250178185699,0.0034624505259487843,-0.04292564214454083
50.29,0.022672876155258898,-0.150204408874599,0.005117324629686618,-0.0530849515364721
50.300000000000004,0.024059124428070757,-0.15760494298371186,0.00676677987702099,-0.06311399585072673
50.31,0.025429547205585424,-0.16488459099165398,0.008409814954770126,-0.07300922297408322
50.32,0.02678341759835072,-0.17204400688924104,0.01004544196217522,-0.08276747449783806
50.33,0.028120020695786445,-0.17908399721623047,0.011672686722828509,-0.0923859685203349
50.34,0.029438653484894068,-0.1860055067361026,0.01329058905914179,-0.10186228222586145
50.35,0.030738624755360957,-0.19280960438078684,0.014898203031096893,-0.11119433434321875
50.36,0.03201925499246286,-0.19949746949780028,0.016494597141030614,-0.12038036757840835
50.370000000000005,0.03327987625912772,-0.20607037842742115,0.018078854506208972,-0.1294189311073762
50.38,0.03451983206850317,-0.21252969143451134,0.0196500730009381,-0.1383088632062134
50.39,0.03573847724832369,-0.21887684001547508,0.021207365369945576,-0.14704927408810048
50.4,0.03693517779834247,-0.22511331459797393,0.022749859314744228,-0.1556395290083106
50.410000000000004,0.0381093107420501,-0.23124065264784022,0.024276697554663513,-0.16407923169102437
50.42,0.0392602639738617,-0.23726042719482143,0.02578703786420115,-0.17236820812452835
50.43,0.0403874361029136,-0.24317423578635372,0.027280053088310136,-0.18050649076453898
50.44,0.04149023629456709,-0.24898368987608988,0.02875493113719549,-0.18849430317900218
50.45,0.04256808411067351,-0.25469040465214604,0.0302108749621507,-0.19633204516178493
50.46,0.043620409349606135,-0.26029598930926257,0.03164710251391737,-0.20402027833678602
50.47,0.04464665188703035,-0.2658020377994988,0.03306284668500211,-0.21155971223553138
50.480000000000004,0.04564626151832015,-0.2712101201691448,0.034457355237340476,-0.21895119078913225
50.49,0.04661869780339939,-0.27652177709546966,0.0358298907166893,-0.22619567809433377
50.5,0.04756342991472677,-0.2817385109266337,0.03717973035510084,-0.23329424598824558
50.51,0.04847993648922196,-0.2868617774334864,0.038506165962629756,-0.24024806576010838
50.52,0.04936770548450691,-0.29189299244584943,0.03980850380939533,-0.24705839302252444
50.53,0.05022623403922904,-0.2968335339310971,0.04108606449919825,-0.25372655836764707
50.54,0.051055028336273234,-0.3016847730140293,0.042338182835752323,-0.2602539576609551
50.550000000000004,0.051853603463785154,-0.3064481875329571,0.04356420768243678,-0.2666420441758229
50.56,0.05262148325395941,-0.311125809947699,0.044763501815838456,-0.27289233864340023
50.57,0.053358200059354835,-0.31572074328960453,0.04593544177257181,-0.27900643445271156
50.58,0.05406329450532237,-0.32023480210880273,0.047079417693466734,-0.2849858498720862
50.59,0.054736315319364286,-0.3246686910116211,0.048194833170665564,-0.2908320818254312
50.6,0.05537681923031945,-0.3290234544464134,0.04928110508451295,-0.2965470402595347
50.61,0.055984370872783226,-0.33330013447431694,0.050337663411184216,-0.3021329360580547
50.620000000000005,0.05655854269443629,-0.3374994670197655,0.051363951011593086,-0.3075918406532492
50.63,0.057098914888879256,-0.34162185441236104,0.05235942342706253,-0.31292563680083
50.64,0.057605075357019725,-0.345667503451932,0.05332354868874165,-0.3181361531492812
50.65,0.05807661969206861,-0.34963638176619616,0.054255807137322025,-0.323225092132918
50.660000000000004,0.058513151185888804,-0.3535282717925543,0.05515569125229776,-0.32819408375365505
50.67,0.058914280855369365,-0.3573427550351532,0.05602270549075612,-0.3330446461336197
50.68,0.059279627486826914,-0.36107926721670613,0.05685636613283751,-0.3377783069259734
50.69,0.05960881769769035,-0.36473704375526933,0.057656201134000114,-0.34239642998042946
50.7,0.059901486015961375,-0.3683151558359333,0.05842174998682675,-0.34690032625235484
50.71,0.060157275300563806,-0.37180201840212856,0.05915256356231926,-0.3512921610869752
50.72,0.06037583984320315,-0.3751163189618332,0.059848203748758586,-0.35557932579318785
50.730000000000004,0.060556852478102524,-0.3781652736698048,0.06050824279238151,-0.3597699646083332
50.74,0.060700011482796086,-0.3809258431761227,0.06113226266615593,-0.36386676307213345
50.75,0.06080504359630983,-0.38339652826802356,0.061719854747999264,-0.3678706341209308
50.76,0.06087170467766979,-0.3855731798528849,0.06227061969248226,-0.37178255203227634
50.77,0.06089978000455834,-0.38745375999502785,0.06278416734187822,-0.3756032529085433
50.78,0.0608890845274613,-0.38903598776710424,0.06326011664896031,-0.37933343442087647
50.79,0.060839463064647444,-0.3903185332805936,0.0636980956098333,-0.382973683481137
50.800000000000004,0.0607507904435615,-0.3913004327775762,0.0640977412045823,-0.38652453603285286
50.81,0.06062297158520116,-0.3919813711451008,0.06445869934784491,-0.3899863594301793
50.82,0.060455941533558655,-0.39236153719767863,0.06478062485249825,-0.3933593988812756
50.83,0.06024966542938794,-0.39244169877959684,0.065063181405655,-0.3966438043940112
50.84,0.060004138428867766,-0.3922231562362707,0.06530604155502165,-0.3998396211106773
50.85,0.05971938556766683,-0.39170775239546074,0.06550888670533918,-0.40294679655400295
50.86,0.05939546157150358,-0.3908978510252475,0.06567140712454038,-0.405965187048606
50.870000000000005,0.059032450614274305,-0.389796329728635,0.06579330195825536,-0.40889458719321914
50.88,0.05863046602941358,-0.388406421616008,0.06587427926600434,-0.4117342463875371
50.89,0.05818965013920556,-0.38672663662905626,0.06591405659653053,-0.4144668579691359
50.9,0.0577101746509691,-0.38474444551185427,0.06591236351482249,-0.41703871893565275
50.910000000000004,0.05719224186429615,-0.3824417250517771,0.06586894683989762,-0.4193771271117145
50.92,0.056636086374910875,-0.3798002736096271,0.06578357758473782,-0.42140792259317117
50.93,0.056041976824750254,-0.37680409136409937,0.0656560581649462,-0.4230627309999007
50.94,0.05541021737003974,-0.3734428357487849,0.06548622883432703,-0.4242899023066485
50.95,0.05474114851862678,-0.36971613378485935,0.06527397224372196,-0.42506813186605885
50.96,0.05403514717576037,-0.36562968417777364,0.06501921561053783,-0.4253942728649058
50.97,0.053292626171144816,-0.36118989611999563,0.06472193134982535,-0.4252665509330548
50.980000000000004,0.05251403361333601,-0.35640374838004907,0.06438213724742946,-0.4246842119397003
50.99,0.051699852184838836,-0.3512787723047175,0.06399989652295099,-0.42364756145474236
51.0,0.05085059838264288,-0.34582301562800216,0.06357531778817738,-0.4221579437269737
51.01,0.0499668217072088,-0.3400450138532375,0.06310855490120168,-0.420217742968882
51.02,0.04904910380309101,-0.33395375610636896,0.06259980671713289,-0.41783036550626573
51.03,0.048098057554467014,-0.3275586522887756,0.06204931673675119,-0.41500022365667244
51.04,0.04711432613894621,-0.32086949840953327,0.06145737265501658,-0.41173271111591464
51.050000000000004,0.04609858204308938,-0.3138964419414864,0.06082430581182044,-0.4080341752434195
51.06,0.04505152604313461,-0.30664994656445377,0.060150490547857545,-0.40391188389534755
51.07,0.04397388615444001,-0.2991407568917539,0.05943634346894773,-0.3993739883852023
51.08,0.04286641655318443,-0.29137986315401626,0.058682322622563184,-0.39442948224079954
51.09,0.04172989647385183,-0.2833784661159223,0.05788892659071145,-0.3890881564303084
51.1,0.04056512908600618,-0.2751479423407342,0.05705669350368355,-0.3833605512702285
51.11,0.03937294035382677,-0.2666998099859024,0.05618619997949799,-0.3772579054929202
51.120000000000005,0.03815417788182195,-0.2580456952657439,0.05527805999415273,-0.3707921028465905
51.13,0.0369097097500643,-0.2491972997267981,0.054332923688038284,-0.36397561667303063
51.14,0.035640423342216114,-0.24016636846119488,0.05335147611406264,-0.35682145288472167
51.15,0.034347224169513246,-0.2309646593775945,0.05233443593319325,-0.34934309177965905
51.160000000000004,0.0330310346937694,-0.22160391363542287,0.05128255406323359,-0.3415544291214968
51.17,0.03169279315235035,-0.21209582733755478,0.050196612286720045,-0.333469716908553
51.18,0.030333452387934213,-0.2024520245646535,0.04907742182385187,-0.3251035042411022
51.19,0.028953978685743145,-0.19268403182190474,0.04792582187635342,-0.31647057868119943
51.2,0.027555350620791275,-0.18280325395795205,0.04674267814811393,-0.3075859084789554
51.21,0.026138557917542896,-0.17282095160271027,0.04552888134836094,-0.29846458601657716
51.22,0.02470460032422104,-0.16274822016039342,0.04428534568299864,-0.2891217727955672
51.230000000000004,0.023254486503861218,-0.15259597038161338,0.0430130073395839,-0.2795726462647442
51.24,0.021789232944031307,-0.14237491052805756,0.04171282297122865,-0.26983234875698026
51.25,0.020309862886994975,-0.13209553013248304,0.04038576818450219,-0.25991593877167213
51.26,0.018817405281923962,-0.12176808534647005,0.03903283603617242,-0.24983834480819322
51.27,0.017312893760616573,-0.11140258585922672,0.03765503554336777,-0.23961432192349413
51.28,0.01579736563801109,-0.10100878336163362,0.03625339021146889,-0.22925841115501988
51.29,0.014271860938644028,-0.09059616152147668,0.03482893658375127,-0.21878490191857902
51.300000000000004,0.01273742145003527,-0.08017392742852524,0.03338272281650364,-0.20820779746009677
51.31,0.011195089803850432,-0.06975100446123458,0.031915807283040096,-0.1975407834106975
51.32,0.009645908585537807,-0.059336026521005114,0.03042925720971544,-0.18679719946645026
51.33,0.008090919473010494,-0.04893733357449974,0.028924147346740106,-0.175990014187796
51.34,0.006531162404805308,-0.038562968440872133,0.02740155867628136,-0.16513180288905285
51.35,0.004967674778034513,-0.028220674756125698,0.02586257716002779,-0.15423472856612527
51.36,0.0034014906763213124,-0.0179178960452247,0.024308292528093623,-0.14331052579001685
51.370000000000005,0.001833640127805113,-0.007661775829756922,0.022739797110842386,-0.13237048747582592
51.38,0.00026514839320063263,0.002540841301961066,0.02115818471492451,-0.12142545442095283
51.39,-0.001302964716208271,0.012683407735870011,0.019564549544548077,-0.11048580749268029
51.4,-0.002869685490837243,0.022759670058033678,0.01795998516873836,-0.09956146233391172
51.410000000000004,-0.0044340069456200075,0.032763665537970464,0.016345583535092034,-0.08866186644658103
51.42,-0.005994929413731038,0.04268971794124262,0.014722434030296109,-0.0777959985051039
51.43,-0.007551461111638205,0.05253243274097354,0.013091622587460291,-0.06697236974702482
51.44,-0.009102618675967683,0.0622866917960075,0.011454230840105613,-0.05619902728461661
51.45,-0.010647427672716165,0.07194764756082864,0.00981133532246172,-0.045483559179560894
51.46,-0.012184923079396347,0.08151071688964234,0.008164006715551493,-0.03483310112270012
51.47,-0.01371414974073505,0.09097157449385461,0.0065133091383818105,-0.024254344562192613
51.480000000000004,-0.015234162798583169,0.10032614610927054,0.0048602994834167565,-0.013753546125962567
51.49,-0.01674402809672364,0.10957060142582305,0.0032060267953818097,-0.0033365381880574416
51.5,-0.01824282256128414,0.11870134682948169,0.001551531692334361,0.006991259566850139
51.51,-0.01972963455748737,0.12771501800264912,-0.00010215417216209171,0.017224827721049697
51.52,-0.021203564223475118,0.13660847242599267,-0.0017540086070075434,0.02735953397755524
51.53,-0.022663723781961537,0.14537878182142605,-0.003403019342996929,0.03739111941741536
51.54,-0.024109237830471086,0.1540232245729254,-0.00504818445509035,0.047315684280761335
51.550000000000004,-0.025539243610922278,0.1625392781583599,-0.006688512748945236,0.05712967338437247
51.56,-0.026952891259312238,0.17092461162309613,-0.008323024113169144,0.06682986128079306
51.57,-0.028349344036257672,0.17917707812247363,-0.009950749838776824,0.07641333725637499
51.58,-0.029727778539140333,0.18729470755818114,-0.01157073290734979,0.0858774902577099
51.59,-0.03108738489658975,0.19527569933007044,-0.013182028249404476,0.09521999382825573
51.6,-0.03242736694603508,0.2031184152228107,-0.014783702974471607,0.10443879112934305
51.61,-0.033746942395030656,0.21082137244396018,-0.01637483657438194,0.11353208011230738
51.620000000000005,-0.035045342967059676,0.21838323682750088,-0.017954521101236725,0.12249829890133873
51.63,-0.03632181453249088,0.22580281621464277,-0.019521861321520388,0.13133611143969784
51.64,-0.0375756172253523,0.23307905402121198,-0.021075974847786352,0.14004439344541833
51.65,-0.038806025546566356,0.240211022998976,-0.022615992249314928,0.14862221871629647
51.660000000000004,-0.04001232845427048,0.24719791919584538,-0.02414105714310768,0.1570688458181021
51.67,-0.041193829441828034,0.2540390561184299,-0.025650326266543746,0.16538370518438378
51.68,-0.042349846604111605,0.2607338590980177,-0.027142969532982963,0.17356638665113508
51.69,-0.043479712692628444,0.2672818598601524,-0.02861817007155572,0.18161662744471455
51.7,-0.044582775160022084,0.27368269129563727,-0.030075124252335998,0.1895343006370412
51.71,-0.04565839619448439,0.27993608243034085,-0.0315130416980452,0.19731940407801332
51.72,-0.04670595274457422,0.2860418535892213,-0.03293114528338832,0.20497204981139772
51.730000000000004,-0.04772483653493125,0.2919999117496708,-0.03432867112307487,0.2124924539770099
51.74,-0.04871445407334528,0.29781024607780027,-0.035704868549528854,0.21988092719905225
51.75,-0.049674226649636645,0.3034729236411272,-0.037059000081242834,0.22713786545770284
51.76,-0.05060359032676729,0.30898808529000976,-0.03839034138268406,0.23426374143888837
51.77,-0.05150199592460622,0.31435594169784664,-0.03969818121661143,0.2412590963568806
51.78,-0.052368908996741646,0.31957676930094914,-0.04098182138961676,0.24812453224769934
51.79,-0.05320380980094832,0.32465090012334413,-0.04224057669167832,0.25486070394317356
51.800000000000004,-0.05400619326439214,0.32957870520752447,-0.043473774830544314,0.2614683103995443
51.81,-0.0547755689465888,0.33436053034255536,-0.044680756361897014,0.26794808285269395
51.82,-0.05551146101458526,0.3389963406690488,-0.04586087461709612,0.2743007510863733
51.83,-0.0562134082956407,0.3434842145925385,-0.047013495633522744,0.2805269425339672
51.84,-0.05688096441126958,0.3478228509637976,-0.048137998085521244,0.2866274310883257
51.85,-0.05751369785818667,0.35201287567616146,-0.04923377320450491,0.2926031741141454
51.86,-0.058111191976258005,0.35605509365163407,-0.05030022468716991,0.29845512683162684
51.870000000000005,-0.058673044880522406,0.3599499560468108,-0.051336768613715784,0.3041838057221444
51.88,-0.05919886940846467,0.3636978707891739,-0.05234283339519462,0.3097894868483571
51.89,-0.059688293067605626,0.3672995291454346,-0.05331785973543337,0.3152726397216447
51.9,-0.06014095796427948,0.3707558056409499,-0.054261300585391574,0.32063382323731326
51.910000000000004,-0.06055652071344717,0.3740677152844456,-0.05517262108789058,0.3258736412069132
51.92,-0.06093465233213641,0.37723646283125234,-0.05605129851258413,0.3309928842717516
51.93,-0.06127503811914313,0.38026330641056394,-0.05689682218298476,0.3359922724784009
51.94,-0.061577377524283106,0.3831496379459771,-0.05770869339892574,0.3408726668011836
51.95,-0.06184138400766932,0.3858969264860298,-0.05848642535318896,0.3456349365929039
51.96,-0.062066784900036504,0.3885064007448442,-0.05922954304573705,0.3502799248437613
51.97,-0.062253322164863026,0.39095040869929937,-0.05993758312372225,0.35481091584243635
51.980000000000004,-0.06240075652165782,0.3931387601506626,-0.06061009345470902,0.35923594849029916
51.99,-0.06250887443533061,0.39500694987884843,-0.061246632480065025,0.36356101442030925
52.0,-0.06257749329393224,0.39654810512450184,-0.06184676871171581,0.36778769243239134
52.01,-0.06260646301985957,0.39776226397482073,-0.06241008050476079,0.37191699383769306
52.02,-0.06259566620954946,0.39864920126456305,-0.06293615594863163,0.3759498212104732
52.03,-0.062545018117208,0.3992097466697198,-0.06342459277537578,0.3798870589866236
52.04,-0.06245446657887096,0.39944514759700966,-0.06387499826989002,0.38372962654989196
52.050000000000004,-0.06232399187298018,0.3993573680116862,-0.06428698918136244,0.387478359469841
52.06,-0.062153606520362226,0.39894892496092726,-0.06466019164042476,0.39113401958972116
52.07,-0.06194335502384189,0.3982229516416437,-0.06499424108603932,0.3946972244186922
52.08,-0.06169331354865082,0.39718316408294485,-0.06528878220102863,0.3981685889078654
52.09,-0.0614035895438709,0.39583386565704926,-0.0655434688514658,0.40154869884017425
52.1,-0.061074321306357926,0.3941799136868901,-0.06575796403024145,0.4048380525634811
52.11,-0.06070567748905914,0.3922267083981401,-0.06593193980770667,0.40803707719400956
52.120000000000005,-0.060297856555699865,0.3899801680484694,-0.0660650772901418,0.41114611564673315
52.13,-0.05985108618402014,0.387446705302683,-0.0661570665876014,0.4141653867347832
52.14,-0.05936562267050953,0.38463156566726675,-0.06620760695038282,0.41708989760701554
52.15,-0.05884175068159691,0.38153032367250084,-0.06621640814925188,0.41988277510093486
52.160000000000004,-0.05827978379046694,0.37812932037270197,-0.06618319447541465,0.42247660978251556
52.17,-0.057680065728559216,0.37441270473191657,-0.06610771113458903,0.4247956840657774
52.18,-0.05704297190419595,0.37036539167381566,-0.06598973161851317,0.4267654464741036
52.19,-0.056368910807135415,0.3659761760558212,-0.06582906483831322,0.42832251138156496
52.2,-0.0556583249357835,0.36124262664043594,-0.06562556085577884,0.4294303082115771
52.21,-0.05491169093938601,0.3561712295307361,-0.06537911422395251,0.430079673913718
52.22,-0.054129519079136504,0.3507706562644359,-0.0650896652531688,0.4302676472950856
52.230000000000004,-0.05331235240022209,0.34504974134628197,-0.06475720043236285,0.42999117271589926
52.24,-0.05246076583176286,0.33901799835062274,-0.06438175268160679,0.42924884447207734
52.25,-0.05157536523852101,0.332685315091114,-0.0639634015004105,0.4280400543909873
52.26,-0.05065678642603672,0.326062057273851,-0.063502273005884,0.42636543057796034
52.27,-0.04970569410325749,0.3191589659399443,-0.06299853986258198,0.4242266220066005
52.28,-0.04872278080570261,0.3119871563044822,-0.062452421102821065,0.42162640164078
52.29,-0.04770876578289508,0.30455806444703776,-0.061864181838631564,0.41856860167075827
52.300000000000004,-0.04666439385358337,0.2968834188857165,-0.06123413286617755,0.4150581241942622
52.31,-0.04559043423249941,0.2889751987936174,-0.06056263016449076,0.4111009058101562
52.32,-0.04448767933237281,0.28084559824639677,-0.05985007429068903,0.4067038971417361
52.33,-0.04335694354499858,0.2725069870849717,-0.059096909674494644,0.40187502708335726
52.34,-0.042199062005150695,0.2639718733730915,-0.058303623815320324,0.3966231672595687
52.35,-0.0410148893411411,0.2552528652345781,-0.057470746385701085,0.39095808939600396
52.36,-0.03980529841580147,0.24636263344524556,-0.056598848245285965,0.3848904197600661
52.370000000000005,-0.03857117906162808,0.23731387435633083,-0.05568854037002553,0.3784315891503471
52.38,-0.03731343681377454,0.22811927361595877,-0.05474047270156451,0.37159377980012215
52.39,-0.036032991644506324,0.2187914707022353,-0.053755332922184866,0.36438986915394417
52.4,-0.03473077670264539,0.209343024496279,-0.05273384516093531,0.356833371209393
52.410000000000004,-0.03340773706142469,0.19978638000343374,-0.05167676863682992,0.3489383757704487
52.42,-0.03206482847806067,0.19013383637686565,-0.05058489624519744,0.3407194861445151
52.43,-0.03070301616821828,0.18039751635864298,-0.04945905309341495,0.3321917557266627
52.44,-0.029323273598402026,0.17058933725624847,-0.048300094992365074,0.32337062395511906
52.45,-0.02792658129914774,0.16072098355288475,-0.04710890691001428,0.31427185209022146
52.46,-0.026513925701732652,0.15080388124079455,-0.04588640139352193,0.3049114592660835
52.47,-0.025086298000943343,0.1408491739521831,-0.04463351696625893,0.2953056592399502
52.480000000000004,-0.023644693046259605,0.13086770094926004,-0.043351216506040666,0.28547079824462757
52.49,-0.02219010826363596,0.12086997702189076,-0.0420404856107642,0.2754232943217776
52.5,-0.020723542609858377,0.11086617432749045,-0.04070233095748973,0.26517957848577384
52.51,-0.019245995561268558,0.10086610619494937,-0.039337778660818994,0.2547560380359886
52.52,-0.01775846613845245,0.09087921290162926,-0.03794787263620645,0.2441689623023313
52.53,-0.016261951968285414,0.08091454941975088,-0.03653367297359402,0.23343449107419956
52.54,-0.01475744838453786,0.0709807751173303,-0.03509625432648967,0.22256856592759838
52.550000000000004,-0.013245947568046392,0.06108614538664581,-0.03363670432131893,0.21158688462959888
52.56,-0.01172843772726531,0.05123850516402334,-0.03215612199157036,0.2005048587636238
52.57,-0.010205902319820477,0.041445284293686116,-0.030655616240933402,0.18933757468440787
52.58,-0.008679319315514715,0.03171349468056854,-0.02913630433929273,0.17809975787745919
52.59,-0.0071496605010416495,0.02204972916834914,-0.0275993104551051,0.16680574076553592
52.6,-0.005617890826503905,0.01246016207202324,-0.026045764227338567,0.15546943397389595
52.61,-0.004084967793668604,0.0029505512877986938,-0.02447679937980952,0.14410430103734936
52.620000000000005,-0.002551840885721867,-0.0064737581017701405,-0.02289355238041072,0.1327233365055412
52.63,-0.001019451038158377,-0.01580782881496194,-0.02129716114738301,0.12133904737877492
52.64,0.0005112698497202776,-0.02504712504031117,-0.019688763804454053,0.10996343778479256
52.65,0.0020393993633387383,-0.03418750488244487,-0.018069497486343053,0.0986079967878574
52.660000000000004,0.003564024982180757,-0.04322521167906441,-0.016440497195819876,0.08728368920464724
52.67,0.005084244450802538,-0.05215686428605579,-0.014802894713208161,0.07600094928742872
52.68,0.006599166112507661,-0.060979446427536235,-0.013157817558937114,0.06476967712325672
52.69,0.008107909206753009,-0.06969029520725051,-0.01150638800947635,0.05359923758864789
52.7,0.009609604131446865,-0.07828708887720627,-0.00984972216673602,0.04249846169224535
52.71,0.01110339267136441,-0.08676783395710902,-0.00818892908077632,0.031475650133089166
52.72,0.012588428193974712,-0.0951308517963612,-0.006525109925451687,0.020538578899339827
52.730000000000004,0.014063875814025996,-0.1033747646674709,-0.004859357226412553,0.009694506731296683
52.74,0.015528912528284538,-0.11149848147622615,-0.003192754140703609,-0.0010498157267141907
52.75,0.016982727321853547,-0.11950118317075509,-0.0015263737870293325,-0.01168813525877782
52.76,0.01842452124753665,-0.12738230792698274,0.00013872137439072024,-0.022214684063801147
52.77,0.019853507479722327,-0.1351415361843096,0.0018014801135885705,-0.032624166560767394
52.78,0.021268911344290178,-0.14277877560018037,0.003460862955563534,-0.042911745171997966
52.79,0.02266997032603343,-0.15029414598802876,0.005115842659376053,-0.053073025236996196
52.800000000000004,0.024055934055113647,-0.15768796429813126,0.0067654046531320546,-0.06310403920212561
52.81,0.025426064274030314,-0.16496072969587067,0.008408547426444452,-0.07300123022365816
52.82,0.026779634786610426,-0.17211310878765487,0.010044282882012227,-0.08276143531340213
52.83,0.02811593139047773,-0.17914592103955057,0.011671636648005173,-0.09238186814765248
52.84,0.02943425179446116,-0.1860601244292937,0.013289648352973327,-0.10186010165156577
52.85,0.030733905522374462,-0.19285680136821481,0.01489737186502147,-0.11119405046220328
52.86,0.03201421380455961,-0.19953714492478847,0.01649387549700212,-0.12038195336489577
52.870000000000005,0.03327450945857856,-0.206102445378217,0.018078242179479724,-0.12942235578884195
52.88,0.034514136760378955,-0.21255407712605914,0.019649569603214744,-0.13831409243949014
52.89,0.03573245130724627,-0.2188934859669217,0.021206970332900123,-0.14705627013703165
52.9,0.03692881987380346,-0.22512217677565516,0.022749571893862373,-0.15564825092236356
52.910000000000004,0.03810262026228112,-0.23124170158539747,0.02427651683341277,-0.16408963548440522
52.92,0.03925324114824862,-0.23725364808845795,0.02578696275850017,-0.17238024695534282
52.93,0.04038008192294458,-0.243159628564953,0.027280082351281695,-0.18052011511364036
52.94,0.04148255253330785,-0.2489612692461659,0.028755063364185058,-0.18850946102820426
52.95,0.04256007332076477,-0.25466020011774887,0.030211108595992915,-0.196348682171175
52.96,0.043612074859786736,-0.26025804517111156,0.031647435850432296,-0.2040383380182244
52.97,0.04463799779718099,-0.2657564131683847,0.03306327787870592,-0.21157913606887907
52.980000000000004,0.045637292693021206,-0.2711568892208218,0.03445788230735832,-0.21897191831796078
52.99,0.04660941986395436,-0.2764610303249325,0.035830511552885816,-0.22621764619041973
53.0,0.047553849229679424,-0.28167035202550283,0.03718044272440241,-0.23331739080237215
53.01,0.04847006016337983,-0.2867863270910369,0.038506967515472106,-0.24027232222942219
53.02,0.049357541346408663,-0.2918103862220234,0.0398093920862843,-0.24708369480226555
53.03,0.05021579062703821,-0.29674392388293985,0.041087036937380576,-0.25375283835365764
53.04,0.051044314882093884,-0.30158832661506074,0.042339236775971095,-0.2602811480150211
53.050000000000004,0.05184262987682464,-0.30634507453428006,0.04356534037576372,-0.26667007621087313
53.06,0.052610260105516095,-0.3110161277215572,0.04476471043071732,-0.2729211386282121
53.07,0.053346738572279916,-0.3156045584557938,0.04593672340220332,-0.27903592624782736
53.08,0.054051606541483305,-0.32011234115585985,0.0470807693631706,-0.28501596522516637
53.09,0.05472441335829219,-0.3245402296730907,0.048196251845079925,-0.29086274670388307
53.1,0.055364716343647945,-0.3288892240266022,0.04928258767638431,-0.2965781332326556
53.11,0.05597208069863163,-0.33316040788759604,0.050339206792172006,-0.30216434992746094
53.120000000000005,0.056546079409491815,-0.3373545538152538,0.05136555202242241,-0.30762349686327767
53.13,0.05708629317701307,-0.34147209151482527,0.05236107888546749,-0.3129574733993362
53.14,0.05759231037513496,-0.3455132507328657,0.053325255395483155,-0.31816812560131874
53.15,0.058063727033874996,-0.3494780125913214,0.0542575618809579,-0.32325715776482505
53.160000000000004,0.05850014684407527,-0.35336617569593676,0.05515749081320934,-0.3282262097895182
53.17,0.05890118118233497,-0.35717733442840727,0.05602454664445531,-0.33307680600120504
53.18,0.05926644915415697,-0.36091093478431113,0.05685824565269985,-0.33781047631817546
53.19,0.05959557765461331,-0.3645662212731756,0.057658115793701385,-0.34242858651578323
53.2,0.059888201446858,-0.36814227526209076,0.05842369656235131,-0.34693245681967394
53.21,0.06014396357502731,-0.37162773165691143,0.05915453883402085,-0.3513242347230291
53.22,0.06036251846939442,-0.374940813401899,0.05985020450302875,-0.355611346806157
53.230000000000004,0.0605435390850627,-0.37798840161846825,0.06051026582097651,-0.35980196807662695
53.24,0.060686723814358794,-0.38074791519775436,0.06113430476409456,-0.3638987584981479
53.25,0.06079179948607201,-0.38321795059437846,0.06172191271247192,-0.3679026193887713
53.26,0.06085852201165222,-0.38539431204331553,0.06227269032278654,-0.3718145266309754
53.27,0.060886676683536284,-0.3872749864715972,0.06278624743944251,-0.37563521825717183
53.28,0.06087607842938479,-0.3888576808810492,0.06326220301718634,-0.37936539359751936
53.29,0.060826572006988655,-0.39014107188422764,0.06370018505352294,-0.3830056490660321
53.300000000000004,0.060738032145756626,-0.3911241906051669,0.06409983052893559,-0.386556518157806
53.31,0.06061036363128625,-0.39180672040801606,0.06446078535748391,-0.39001836514761035
53.32,0.06044350133511508,-0.39218884652813313,0.06478270435061077,-0.3933914377580178
53.33,0.060237410188823136,-0.39227133335239717,0.06506525119304754,-0.3966758868079641
53.34,0.05999208510309983,-0.392055476629773,0.06530809842903237,-0.3998717589824119
53.35,0.0597075508322834,-0.3915431141016287,0.06551092745862366,-0.4029790028600595
53.36,0.05938386178544975,-0.39073660399606336,0.06567342854362798,-0.4059974794590752
53.370000000000005,0.059021101785136816,-0.38963881746379525,0.06579530082182097,-0.40892698432471625
53.38,0.05861938377927258,-0.388252983548394,0.0658762523427377,-0.41176677533507106
53.39,0.0581788496704505,-0.3865776246696606,0.06591600064058939,-0.4144996098443522
53.4,0.05769967071280875,-0.3846001723352436,0.06591427526100475,-0.41707168603667333
53.410000000000004,0.05718204872346685,-0.3823024226421231,0.06587082300943126,-0.4194100747776108
53.42,0.05662621779303845,-0.3796661130923671,0.06578541490917482,-0.42144045590883317
53.43,0.05603244604136456,-0.3766752102465204,0.06565785342463194,-0.4230943843972534
53.44,0.05540103708778356,-0.3733193936437259,0.06548797890020568,-0.4243203176826754
53.45,0.05473233088636119,-0.36959834508738815,0.06527567410872838,-0.4250971617247749
53.46,0.05402670376844335,-0.3655177664108657,0.06502086640696553,-0.4254218182960057
53.47,0.05328456796898418,-0.36108405074808214,0.06472352836045141,-0.425292502718315
53.480000000000004,0.05250637098198723,-0.35630416699614254,0.06438367791585721,-0.424708471571414
53.49,0.05169259485683483,-0.3511856330886306,0.0640013784635947,-0.42367003143101806
53.5,0.05084375544006066,-0.34573648470003154,0.06357673879577984,-0.42217853319436344
53.51,0.04996040156561136,-0.33996524420929863,0.06310991295986086,-0.4202363656615655
53.52,0.049043114196763264,-0.3338808877922642,0.06260110000877414,-0.41784694150255586
53.53,0.04809250552297053,-0.32749281198482855,0.06205054364900493,-0.4150146791859177
53.54,0.04710921801500915,-0.3208107993406213,0.06145853178845397,-0.4117449792943931
53.550000000000004,0.04609392344185421,-0.31384498365539515,0.06082539598650745,-0.40804419629469624
53.56,0.045047321852775254,-0.30660581480782406,0.060151510809189505,-0.40391960557301193
53.57,0.04397014052816591,-0.2991040234695942,0.05943729309273075,-0.3993793662349526
53.58,0.042863132902640134,-0.2913505858306985,0.05868320111931304,-0.3944324798800083
53.59,0.041727077463922256,-0.2833566885294103,0.05788973370914458,-0.38908874575312147
53.6,0.04056277663103514,-0.2751336939451292,0.057057429233379295,-0.38335871262192167
53.61,0.03937105561525481,-0.26669310601554364,0.05618686455271549,-0.3772536277900313
53.620000000000005,0.03815276126724174,-0.2580465367252346,0.05527865388679153,-0.3707853836535679
53.63,0.036908760913697006,-0.24920567340546773,0.05433344761973531,-0.3639664622296685
53.64,0.03563994118680509,-0.24018224697364765,0.05335193104742326,-0.3568098780874877
53.65,0.034347206849629136,-0.2309880012301191,0.052334823072159295,-0.3493291201162484
53.660000000000004,0.03303147962051974,-0.221634663319078,0.05128287485059522,-0.34153809256037065
53.67,0.03169369699948191,-0.21213391544796104,0.05019686840078317,-0.33345105574458095
53.68,0.03033481109931654,-0.20249736794876383,0.049077615174277,-0.32508256689925313
53.69,0.028955787484216833,-0.1927365337520357,0.047925954599186034,-0.3164474214802888
53.7,0.027557604018362023,-0.18286280433267557,0.04674275260003063,-0.3075605953578621
53.71,0.026141249726900115,-0.17288742717495476,0.04552890010015917,-0.29843718822548176
53.72,0.02470772367155869,-0.162821484792113,0.04428531151236088,-0.2890923685550542
53.730000000000004,0.023258033842971926,-0.15267587532491989,0.04301292322315125,-0.2795413203957161
53.74,0.021793196071648254,-0.14246129473223898,0.0417126920760207,-0.26979919228448257
53.75,0.02031423295934534,-0.1321882205764032,0.04038559385872332,-0.25988104850581806
53.76,0.018822172832464408,-0.12186689739549576,0.03903262179944653,-0.24980182290545067
53.77,0.01731804871890969,-0.11150732364625493,0.03765478507644553,-0.2395762754315598
53.78,0.015802897349709886,-0.10111924019085405,0.036253107345452916,-0.2292189515445773
53.79,0.01427775818653626,-0.09071212029435849,0.03482862528888664,-0.2187441446051023
53.800000000000004,0.012743672476110739,-0.0802951610907403,0.03338238719058099,-0.20816586131885545
53.81,0.011201682332341496,-0.0698772764694888,0.03191545153946036,-0.19749779028797457
53.82,0.009652829846888923,-0.05946709132849097,0.030428885665264672,-0.18675327368990138
53.83,0.00809815622872523,-0.04907293713400781,0.02892376440912367,-0.17594528207866322
53.84,0.006538700973122494,-0.03870284872381817,0.02740116883146572,-0.16508639227890612
53.85,0.004975501060379416,-0.028364562286629216,0.025862184959438615,-0.15418876832047132
53.86,0.0034095901844783732,-0.01806551444743687,0.02430790257571732,-0.14326414534109544
53.870000000000005,0.0018419980117590146,-0.007812842387238374,0.022739414050277827,-0.1323238163665947
53.88,0.00027374946958716375,0.002386615076388529,0.021157813216430173,-0.12137862186214518
53.89,-0.0012941359350973286,0.012526315521332716,0.019564194292129057,-0.11043894193458616
53.9,-0.002860644767553535,0.022600010139345303,0.01795965084731534,-0.09951469105435788
53.910000000000004,-0.00442477028762029,0.03260174021353885,0.016345274817793694,-0.08861531515637529
53.92,-0.005985513043062121,0.04252583292669488,0.014722155565913898,-0.07774979097205267
53.93,-0.007541881434301842,0.05236689656998779,0.013091378988102826,-0.06692662743940364
53.94,-0.009092892251027985,0.062119815220100676,0.011454026669088334,-0.05615386903486575
53.95,-0.010637571181207828,0.071779742949387,0.009811175082465092,-0.04543910086873626
53.96,-0.012174953293094138,0.08134209763195925,0.008163894837079,-0.03478945538614037
53.97,-0.013704083490842548,0.09080255440438126,0.006513249968546737,-0.02421162051662752
53.980000000000004,-0.015224016944403162,0.10015703883769594,0.004860297275085161,-0.013711849118231464
53.99,-0.016733819494364442,0.10940171987310471,0.0032060856966962077,-0.0032959695654104504
54.0,-0.01823256803246469,0.11853300257130525,0.0015516557366409196,0.00703060266493771
54.01,-0.019719350858492947,0.1275475207211983,-0.00010196107596231933,0.017262852549815716
54.02,-0.02119326801432445,0.13644212935141006,-0.0017537426836648944,0.02739615235290195
54.03,-0.02265343159583882,0.1452138971836834,-0.0034026769596606026,0.03742624786131253
54.04,-0.02409896604347819,0.15386009906508843,-0.005047762129582671,0.04734924414654653
54.050000000000004,-0.025529008412201522,0.16237820841211606,-0.006688007157550765,0.057161590962489434
54.06,-0.026942708621594542,0.1707658896970256,-0.00832243209792805,0.06686006788557528
54.07,-0.028339229686886937,0.17902099100390617,-0.009950068414273846,0.07644176929448429
54.08,-0.029717747931619493,0.18714153667897204,-0.01156995926699295,0.08590408927891316
54.09,-0.031077453182700866,0.19512572009682452,-0.013181159771187834,0.09524470655925299
54.1,-0.032417548948576826,0.20297189656201609,-0.01478273722621938,0.10446156949131687
54.11,-0.03373725258121941,0.21067857636210927,-0.016373771318472317,0.11355288122297305
54.120000000000005,-0.03503579542263678,0.21824441798680239,-0.01795335429880539,0.12251708506217583
54.13,-0.03631242293657808,0.2256682215242077,-0.019520591136145272,0.13135285010913428
54.14,-0.03756639482609616,0.23294892224425573,-0.021074599648656416,0.1400590571986394
54.15,-0.03879698513760935,0.2400855843757801,-0.02261451061388708,0.14863478519242723
54.160000000000004,-0.0400034823520868,0.2470773950830472,-0.024139467859257458,0.15707929765541417
54.17,-0.041185189463958174,0.25392365864433103,-0.025648628334216536,0.1653920299442487
54.18,-0.04234142404833199,0.2606237908343276,-0.02714116216535294,0.17357257673132753
54.19,-0.04347151831708354,0.267177313509939,-0.0286162526957022,0.1816206799827393
54.2,-0.044574819164356176,0.27358384939774577,-0.030073096509446093,0.18953621740408502
54.21,-0.045650688201996095,0.27984311708011456,-0.03151090344315424,0.19731919136410767
54.22,-0.04669850178542432,0.2859549261756352,-0.03292889658466931,0.20496971830237543
54.230000000000004,-0.047717651030426494,0.2919191727087562,-0.03432631226068956,0.2124880186238262
54.24,-0.048707541821328026,0.29773583466241327,-0.03570240001405333,0.21987440707998926
54.25,-0.049667594810994246,0.30340496770685765,-0.03705642257168206,0.2271292836340498
54.26,-0.050597245413090026,0.3089267010972301,-0.03838765580408925,0.23425312480476454
54.27,-0.05149594378700756,0.3143012337215646,-0.03969538867731598,0.2412464754860478
54.28,-0.05236315481587995,0.3195288295020495,-0.04097892319810652,0.24810994120122487
54.29,-0.05319835807836001,0.32460980554163676,-0.042237574353127326,0.25484417969473055
54.300000000000004,-0.054001047815307464,0.32954451676025154,-0.043470670043053966,0.2614498926315137
54.31,-0.05477073289429817,0.3343332941520248,-0.044677551012455935,0.2679278140941968
54.32,-0.05550693678445668,0.33897614816436605,-0.04585757077710129,0.27427868179548814
54.33,-0.05620919759971762,0.3434713996690564,-0.04701009555321651,0.28050314373466617
54.34,-0.056877068226901084,0.3478175251066335,-0.04813450418784496,0.28660195453278686
54.35,-0.05751011641741758,0.3520150035043147,-0.049230188079672485,0.29257606576878425
54.36,-0.05810792476552724,0.35606468315322115,-0.0502965510873164,0.2984264518648387
54.370000000000005,-0.05867009064086711,0.3599670233900163,-0.051333009444774196,0.3041536921054985
54.38,-0.059196226134860114,0.36372241949403183,-0.052338991705106155,0.30975806855671345
54.39,-0.059685958010659186,0.36733150184115,-0.053313938701910514,0.3152400153838861
54.4,-0.06013892763612783,0.37079511421175615,-0.054257303505916704,0.32060007178908784
54.410000000000004,-0.0605547908971164,0.3741142475451399,-0.05516855137138965,0.32583884146201597
54.42,-0.06093321809354806,0.37729007882385923,-0.056047159671959126,0.33095710005359885
54.43,-0.061273893821672934,0.38032384311330975,-0.056892617828538834,0.33595556278238764
54.44,-0.06157651684566443,0.3832169107531516,-0.0577044272325346,0.34083508380711375
54.45,-0.06184079995906471,0.38597072952072453,-0.05848210116306096,0.3455965274389661
54.46,-0.06206646984538094,0.38858656682107984,-0.05922516470175561,0.35024073028398606
54.47,-0.06225326781637427,0.3910374942021628,-0.05993315457518244,0.35477091253878296
54.480000000000004,-0.06240095392539627,0.39323246100009,-0.060605618729508905,0.3591951726549377
54.49,-0.06250931399531663,0.3951066261890792,-0.0612421156814244,0.363519528144892
54.5,-0.06257816481619063,0.3966535587611667,-0.06184221401354645,0.3677455220580813
54.51,-0.06260735574340785,0.3978732273757887,-0.06240549214846565,0.37187416011482743
54.52,-0.06259676883160221,0.3987654221796235,-0.06293153824113355,0.3759063369387626
54.53,-0.06254631881970846,0.39933094916153344,-0.06341995008747917,0.3798429425471422
54.54,-0.0624559530559713,0.3995710525778338,-0.0638703350345605,0.38368489520504817
54.550000000000004,-0.06232565135954523,0.39948768280406144,-0.0642823098920676,0.3874330268018779
54.56,-0.0621554258214543,0.3990833482997095,-0.06465550085005696,0.3910880869961833
54.57,-0.06194532054517026,0.3983611728910986,-0.06498954340656028,0.3946506918197461
54.58,-0.06169541132783116,0.3973248663424561,-0.06528408230323404,0.3981214625557249
54.59,-0.06140580528238072,0.39597872474051915,-0.06553877146453443,0.40150098288260994
54.6,-0.061076640402151855,0.39432759910477017,-0.06575327394134296,0.40478974863172545
54.61,-0.060708085069795144,0.392376883934913,-0.06592726186184354,0.4079881847921398
54.620000000000005,-0.06030033751251395,0.39013249230293623,-0.06606041639035556,0.4110966275572154
54.63,-0.05985362520579732,0.3876008321938734,-0.06615242769580183,0.41411528773694306
54.64,-0.05936820427557415,0.3847872430894591,-0.06620299507902944,0.41703948600845936
54.65,-0.05884435924012566,0.38168745201625437,-0.06621182832253943,0.4198328408535161
54.660000000000004,-0.05828240353903542,0.37828775011856053,-0.06617865166464344,0.4224277920455052
54.67,-0.057682680788725155,0.37457213719285376,-0.06610321020563355,0.42474815670903604
54.68,-0.05704556631299384,0.3705254122857639,-0.06598527731651688,0.42671901826397135
54.69,-0.05637146855789222,0.3661363159818814,-0.06582466180496328,0.42827681753120644
54.7,-0.055660830020931765,0.36140251282412594,-0.0656212136531402,0.4293852828114278
54.71,-0.05491412738766761,0.35633055146194714,-0.06537482734102863,0.4300354436617349
54.72,-0.05413187098787296,0.3509291012636869,-0.0650854430974912,0.4302243245733027
54.730000000000004,-0.053314603966275145,0.3452070020993633,-0.06475304731825593,0.4299488773312316
54.74,-0.05246290138218254,0.3391737698315406,-0.06437767281850494,0.4292076918844058
54.75,-0.05157736926082119,0.33283929678537627,-0.0639593989812239,0.4280001607408668
54.76,-0.05065864359805982,0.32621395273861387,-0.06349835179550194,0.4263269093049475
54.77,-0.049707389322579995,0.31930848368216136,-0.06299470378655593,0.4241895846718073
54.78,-0.0487242992185421,0.3121340099888701,-0.06244867383629261,0.4215909566530612
54.79,-0.04771009281247402,0.3047019734280503,-0.06186052689555867,0.41853485407488067
54.800000000000004,-0.046665515227909536,0.29702410856780526,-0.06123057358891697,0.41502617494865585
54.81,-0.045591336011521044,0.28911240106787983,-0.06055916971378955,0.4110708513477128
54.82,-0.044488347934468736,0.280979051880216,-0.059846715636138505,0.4066758288234798
54.83,-0.04335736577276427,0.27263643812640453,-0.05909365558549569,0.40184903074646205
54.84,-0.04219922507043936,0.2640970755391386,-0.05830047685260759,0.3965993227648032
54.85,-0.04101478088932334,0.2553735802984483,-0.057467708893469326,0.39093647022742584
54.86,-0.039804906549204544,0.24647863161465225,-0.05659592234395851,0.38487109265527625
54.870000000000005,-0.038570492362117806,0.23742493464594436,-0.05568572794970129,0.3784146137762639
54.88,-0.03731244436444291,0.22822518421166046,-0.05473777541617521,0.37157920847021786
54.89,-0.036031683050431494,0.21889202931722157,-0.05375275218439007,0.3643777465916952
54.9,-0.03472914211068497,0.20943803871766384,-0.052731382137778574,0.3568237343575634
54.910000000000004,-0.033405767179013064,0.19987566762875802,-0.0516744242461743,0.3489312536476427
54.92,-0.03206251459097396,0.1902172257391953,-0.05058267115295412,0.34071489974881874
54.93,-0.030700350157278136,0.18047484663936905,-0.04945694771157406,0.3321897179862986
54.94,-0.029320247955084932,0.1706604587844446,-0.04829810947783313,0.32337113972525267
54.95,-0.027923189140073742,0.16078575808997253,-0.047107041164257776,0.31427491819486303
54.96,-0.026510160782003554,0.15086218224959905,-0.04588465506301272,0.304917064583455
54.97,-0.025082154726304685,0.14090088684901092,-0.04463188944371207,0.29531378482947973
54.980000000000004,-0.023640166484065375,0.13091272333809292,-0.043349706932431474,0.28548141751328504
54.99,-0.02218519415258759,0.1209082189094776,-0.042039092878108,0.2754363732272811
55.0,-0.02071823736850243,0.11089755831838055,-0.04070105371236285,0.2651950757739194
55.01,-0.01924029629523295,0.10089056766544802,-0.03933661530859744,0.2547739055091652
55.02,-0.017752370646404596,0.09089670015171461,-0.03794682134599476,0.2441891451161601
55.03,-0.01625545874659575,0.08092502380215971,-0.036532731683814906,0.23345692805910365
55.04,-0.014750556630642682,0.0709842111429088,-0.035095420751100996,0.22259318993210886
55.050000000000004,-0.013238657182494055,0.061082530805311036,-0.033635975956624625,0.21161362288209018
55.06,-0.011720749314441788,0.05122784102066322,-0.03215549612358837,0.20053363324930198
55.07,-0.010197817187349457,0.041427584958406115,-0.030655089953282665,0.18936830253433973
55.08,-0.008670839472329472,0.03168878785285999,-0.029135874521560672,0.17813235176656264
55.09,-0.007140788654128515,0.022018055854743736,-0.027598973811655433,0.16684010931655338
55.1,-0.005608630376322941,0.012421576536919304,-0.02604551728651897,0.1555054821645157
55.11,-0.004075322828253095,0.0029051209774445565,-0.024476638503518718,0.14414193060777017
55.120000000000005,-0.002541816173470036,-0.006525952662555432,-0.02289347377398398,0.13276244636401405
55.13,-0.0010090520193236918,-0.01586669415292486,-0.021297160869755635,0.12137953400275986
55.14,0.0005220370728227048,-0.02511255489097801,-0.019688837778562795,0.11000519561564605
55.15,0.0020505280373953085,-0.03425938037389135,-0.01806964150972612,0.09865091861710712
55.160000000000004,0.003575507715192286,-0.043303401542158726,-0.016440706951376914,0.0873276665501801
55.17,0.005096073225626362,-0.052241225090516805,-0.014803165780082936,0.07604587275806655
55.18,0.006611332301600555,-0.06106982284335441,-0.013158145423485952,0.0648154367704513
55.19,0.008120403588094755,-0.0697865202908127,-0.011506768076288285,0.05364572324419688
55.2,0.009622416905609317,-0.0783889843813449,-0.009850149769670013,0.04254556329115543
55.21,0.011116513479697372,-0.08687521066417908,-0.008189399493984088,0.0315232580208657
55.22,0.012601846137873159,-0.09524350987358421,-0.006525618374355122,0.02058658412320265
55.230000000000004,0.014077579475245895,-0.10349249404329908,-0.004859898898607391,0.009742801314945398
55.24,0.015542889990263908,-0.11162106223693659,-0.003193324196761146,-0.0010013385249579385
55.25,0.01699696619200366,-0.11962838597596326,-0.0015269673711713362,-0.011639580704535192
55.26,0.018439008680457114,-0.12751389444304043,0.00013810912376849285,-0.022166155721818483
55.27,0.019868230201301296,-0.13527725953439004,0.0018008540535659825,-0.03257576608653098
55.28,0.021283855676637677,-0.14291838082990133,0.003460227928540213,-0.042863572119487985
55.29,0.02268512221320811,-0.1504373705454941,0.005115203483128388,-0.05302517688220333
55.300000000000004,0.02407127908958869,-0.15783453852710488,0.006764766111101193,-0.06305661038187176
55.31,0.025441587723852632,-0.1651103773411461,0.008407914258270886,-0.07295431318919371
55.32,0.02679532162319984,-0.1722655475113775,0.010043659774331729,-0.08271511959821118
55.33,0.028131766317017293,-0.1793008629475044,0.011671028225518881,-0.09233624044885806
55.34,0.029450219274822945,-0.18621727660613724,0.013289059169803946,-0.10181524572426391
55.35,0.03074998981052733,-0.19301586642063115,0.014896806396366143,-0.11115004702609359
55.36,0.03203039897440747,-0.1996978215316303,0.016493338131090822,-0.120338880022511
55.370000000000005,0.03329077943416996,-0.2062644288467122,0.018077737209847608,-0.12938028695470516
55.38,0.03453047534643482,-0.21271705995315465,0.01964910122129538,-0.13827309927952527
55.39,0.03574884221995059,-0.2190571584049169,0.021206542620945186,-0.14701642051755384
55.4,0.036945246771795275,-0.22528622740110277,0.02274918881819362,-0.15560960936803991
55.410000000000004,0.03811906677779831,-0.23140581787064898,0.024276182238009425,-0.16405226314453122
55.42,0.039269690918359836,-0.237417516974617,0.025786680358925902,-0.1723442015778755
55.43,0.04039651862081474,-0.24332293703564312,0.02727985572895319,-0.18048545102641578
55.44,0.04149895989944122,-0.2491237049010399,0.0287548959609841,-0.18847622912683973
55.45,0.04257643519416587,-0.25482145174497633,0.03021100370922327,-0.19631692991314362
55.46,0.04362837520898386,-0.26041780332159037,0.03164739662812169,-0.20400810941947273
55.47,0.04465422075105191,-0.26591437073985663,0.033063307315254586,-0.2115504716829625
55.480000000000004,0.045653422571360854,-0.27131274226774155,0.03445798323953687,-0.2189448551589818
55.49,0.04662544120770477,-0.27661447882643564,0.03583068665619451,-0.22619221749498586
55.5,0.04756974683078454,-0.2818210994202307,0.037180694509783105,-0.23329362673864107
55.51,0.04848581909420475,-0.28693408258023867,0.03850729832635347,-0.24025024952826082
55.52,0.04937314698863645,-0.29195486392995995,0.03980980409596287,-0.24706333684138318
55.53,0.050231228700028246,-0.296884843560305,0.04108753214673423,-0.25373421533566776
55.54,0.05105957147074337,-0.30172541150930904,0.04233981701149555,-0.2602642769510327
55.550000000000004,0.05185769145940454,-0.30647803915050936,0.04356600728793225,-0.2666549708282729
55.56,0.0526251135841287,-0.3111446129586023,0.04476546549274738,-0.2729078068132036
55.57,0.053361371309815255,-0.3157281174493217,0.04593756790931109,-0.279024371614326
55.58,0.05406600640009715,-0.3202306642055157,0.0470817044319517,-0.2850061980297225
55.59,0.05473856873101227,-0.3246530654652224,0.04819727841275545,-0.2908547737764565
55.6,0.055378616182421146,-0.32899625481602435,0.04928370650219275,-0.2965718931543198
55.61,0.055985714543627114,-0.3332613436861287,0.05034041846250623,-0.3021597713792609
55.620000000000005,0.056559437417360005,-0.33744913583027775,0.05136685695734976,-0.30762052332176026
55.63,0.057099366146169325,-0.34156008914885205,0.05236247734443009,-0.3129560576094321
55.64,0.057605089768243974,-0.34559445859974236,0.05332674748189072,-0.3181682319355987
55.65,0.05807620499805564,-0.34955224042020216,0.054259147546300804,-0.32325874163354174
55.660000000000004,0.05851231622909448,-0.3534332577539012,0.05515916986104891,-0.32822923751241667
55.67,0.058913035556684715,-0.3572371243456611,0.05602631873406406,-0.3330812435488425
55.68,0.05927798281909088,-0.36096330539941024,0.05686011030253414,-0.3378162886891036
55.69,0.059606785656192894,-0.36461106658401865,0.057660072384818704,-0.34243574229990814
55.7,0.05989907958594759,-0.3681795094763311,0.058425744341638136,-0.3469409256299652
55.71,0.060154508401566505,-0.3716577322774558,0.059156676918405995,-0.35133395033471637
55.72,0.06037272725826523,-0.37496380000073193,0.059852431885037354,-0.35562225624060445
55.730000000000004,0.060553409829872305,-0.3780039692869221,0.06051258137270202,-0.35981407137839133
55.74,0.060696255245816635,-0.3807559623795238,0.06113670723878125,-0.3639120398106298
55.75,0.0608009910829981,-0.38321852886807184,0.06172440074631777,-0.36791704721858226
55.76,0.06086737400006948,-0.3853874199170579,0.06227526243772692,-0.3718300728960366
55.77,0.06089519003378828,-0.38726067356401056,0.06278890204607687,-0.3756518547608799
55.78,0.06088425485181601,-0.38883599559879556,0.06326493841758797,-0.3793830939288809
55.79,0.060834413945860165,-0.39011208917443213,0.06370299944357694,-0.3830243992949119
55.800000000000004,0.06074554277156365,-0.39108799564266816,0.06410272200023565,-0.38657629752885875
55.81,0.060617546831535064,-0.3917634150832213,0.06446375189946177,-0.39003914828156394
55.82,0.06045036170363238,-0.3921385472881297,0.06478574385291092,-0.39341320304994376
55.83,0.060243953013554126,-0.3922141719034794,0.06506836144780341,-0.3966986127288633
55.84,0.05999831635242781,-0.39199159910885406,0.06531127713300282,-0.3998954259674529
55.85,0.05971347713990266,-0.3914726809797805,0.06551417221519712,-0.40300359239385813
55.86,0.05938949043379937,-0.3906597905450736,0.0656767368643875,-0.4060229842792873
55.870000000000005,0.05902644068741498,-0.3895558122567804,0.06579867012762901,-0.40895339404332515
55.88,0.05862444145959016,-0.38816400506421717,0.06587967996321106,-0.41179412947595834
55.89,0.05818363523660925,-0.38648307449919095,0.06591948379445375,-0.41452848950676846
55.9,0.05770419381750804,-0.38450051525552487,0.0659178110037253,-0.4171028340638069
55.910000000000004,0.05718631952289021,-0.38219799043747094,0.06587440817625888,-0.41944377710516606
55.92,0.056630246915524686,-0.37955708361115664,0.06578904609364306,-0.4214764773399766
55.93,0.05603624457001359,-0.3765616417112779,0.06566152700446647,-0.4231320797485498
55.94,0.055404616551353876,-0.37320136611273713,0.0654916910926002,-0.42435907971043874
55.95,0.05473570324684434,-0.36947608833135615,0.06527942101819255,-0.4251368254931898
55.96,0.05402988139944495,-0.36539155521387445,0.06502464404703232,-0.4254623337586679
55.97,0.053287563629113445,-0.36095415426175015,0.06472733266229054,-0.42533377711589404
55.980000000000004,0.05250919778728559,-0.3561708663705292,0.06438750473627115,-0.424750426875795
55.99,0.05169526625266455,-0.3510492118268065,0.06400522359354985,-0.42371257598414497
56.0,0.05084628517246441,-0.34559723264718517,0.063580597969287,-0.4222215763158557
56.01,0.04996280365222018,-0.3398234547159762,0.06311378186325556,-0.42027981081255394
56.02,0.049045402897299764,-0.33373685828426636,0.06260497429032391,-0.41789069021294606
56.03,0.04809469530940614,-0.3273468428229592,0.06205441892882929,-0.4150586296359786
56.04,0.04711132354143548,-0.3206631935304005,0.061462403668708865,-0.4117890276029314
56.050000000000004,0.04609595951412313,-0.3136960461269107,0.06082926006180028,-0.40808823648303827
56.06,0.04504930339796623,-0.30645585190689906,0.060155362677180864,-0.4039635302164031
56.07,0.04397208256393861,-0.29895334234047777,0.05944112836488124,-0.3994230667909051
56.08,0.042865050506531575,-0.2911994938513651,0.058687015431730376,-0.3944758471943695
56.09,0.041728985742644484,-0.2832054927200504,0.057893522733486615,-0.3891316704886792
56.1,0.04056469068983428,-0.27498270039088357,0.05706118868776673,-0.3834010857323692
56.11,0.03937299052738581,-0.26654261928432665,0.056190590212609096,-0.3772953409730281
56.120000000000005,0.03815473204361934,-0.25789685929176526,0.05528234159578742,-0.37082632981127017
56.13,0.03691078247278124,-0.24905710507755474,0.05433709330023285,-0.36400653591780935
56.14,0.03564202832477404,-0.24003508432439907,0.053355530711121105,-0.3568489759579018
56.15,0.03434937421089928,-0.23084253703613533,0.05233837283033521,-0.3493671413459677
56.160000000000004,0.03303374166866711,-0.22149118600626738,0.051286370924127335,-0.34157493926658716
56.17,0.031696067988621464,-0.21199270854630092,0.05020030712987117,-0.33348663338187357
56.18,0.030337305045990585,-0.2023587095571285,0.04908099302782421,-0.3251167846372764
56.19,0.028958418139847373,-0.19260069601451574,0.04792926818380484,-0.31648019255950716
56.2,0.027560384842318632,-0.18273005292768477,0.046745998668635894,-0.30759183742160323
56.21,0.02614419386023278,-0.17275802081834707,0.04553207556011714,-0.29846682362657095
56.22,0.0247108439114457,-0.16269567475556382,0.04428841343316301,-0.28912032463570825
56.230000000000004,0.023261342617929077,-0.15255390497083773,0.04301594884358562,-0.27956752973954113
56.24,0.021796705417544766,-0.14234339906629265,0.04171563881081619,-0.2698235929397428
56.25,0.02031795449627225,-0.13207462581872786,0.04038845930464448,-0.2599035841793695
56.26,0.018826117742495416,-0.1217578205718069,0.03903540374082038,-0.24982244312697413
56.27,0.01732222772479523,-0.1114029721995363,0.03765748149010424,-0.23959493568803913
56.28,0.01580732069454248,-0.10101981161485621,0.0362557164050792,-0.2292356133851052
56.29,0.014282435614422459,-0.09061780178949572,0.03483114536875194,-0.21875877571638885
56.300000000000004,0.01274861321388227,-0.08020612924325589,0.03338481686866941,-0.20817843557199592
56.31,0.011206895072338388,-0.0697936969545955,0.03191778959997371,-0.1975082877571814
56.32,0.009658322730842795,-0.05938911863804264,0.03043113110050728,-0.18676168064412926
56.33,0.00810393683276755,-0.04900071432928446,0.02892591642076839,-0.17595159094714527
56.34,0.006544776293943012,-0.03863650721389371,0.02740322683120458,-0.16509060159178215
56.35,0.004981877502554705,-0.028304221632596667,0.025864148569024564,-0.15419088262578426
56.36,0.0034162735489909864,-0.018011282192966164,0.02430977162640558,-0.14326417509950254
56.370000000000005,0.0018489934857207045,-0.007764813915378543,0.022741188581677688,-0.13232177782524493
56.38,0.00028106161718032457,0.0024283566597479538,0.02115949347478035,-0.12137453690917818
56.39,-0.0012865031804472169,0.012561699477683787,0.019565780728010733,-0.110432837935805
56.4,-0.0028526881097701855,0.022628978161292918,0.01796114411282036,-0.09950660067357359
56.410000000000004,-0.004416487073326643,0.03262424646241541,0.01634667576316547,-0.08860527616100056
56.42,-0.005976901265682222,0.04254184404443448,0.014723465235680607,-0.07773784602548207
56.43,-0.007532939736920572,0.052376391665490706,0.013092598616724412,-0.06691282388168068
56.44,-0.0090836199280051,0.06212278583081371,0.01145515767613873,-0.05613825865316887
56.45,-0.010627968178554556,0.07177619297859536,0.009812219067373212,-0.04542173965911995
56.46,-0.012165020207617068,0.08133204326255639,0.008164853573452114,-0.03477040330796633
56.47,-0.013693821568067983,0.09078602398982137,0.0065141253981012785,-0.024190941241040233
56.480000000000004,-0.015213428075287538,0.10013407277109496,0.004861091501209734,-0.013689609772007554
56.49,-0.016722906210811933,0.10937237043521061,0.0032068009776728833,-0.003272240471412883
56.5,-0.01822133350166043,0.11849733375837262,0.0015522944785505014,0.007055748249521178
56.51,-0.019707798876077334,0.12750560805371902,-0.00010139632662454847,0.017289338696313238
56.52,-0.021181402996422006,0.13639405966455379,-0.0017532492476367918,0.027423900724082503
56.53,-0.022641258569966325,0.1451597684005865,-0.0034022520327978917,0.037455177973391665
56.54,-0.02408649063835453,0.15380001995372478,-0.0050474027909545634,0.047379273629426864
56.550000000000004,-0.02551623684648476,0.1623122983269196,-0.006687710377720195,0.057192635817393936
56.56,-0.026929647691572172,0.17069427830596134,-0.008322194747391052,0.06689204273936364
56.57,-0.028325886753145603,0.17894381800207856,-0.009949887272032798,0.07647458764997797
56.58,-0.029704130904725463,0.18705895148947566,-0.011569831029238238,0.08593766376064162
56.59,-0.031063570507922248,0.19503788155977062,-0.013181081060063597,0.09527894915409305
56.6,-0.03240340958967354,0.20287897261245846,-0.014782704598649736,0.10449639178357534
56.61,-0.033722866003341824,0.21058074369778926,-0.01637378127502376,0.11358819462348928
56.620000000000005,-0.03502117157435867,0.2181418617262499,-0.017953403292563324,0.1225528010311005
56.63,-0.03629757223110381,0.22556113485611934,-0.019520675581581957,0.13138888037208651
56.64,-0.03755132812167425,0.23283750606877757,-0.02107471593046897,0.1400953139559728
56.65,-0.03878171371719102,0.2399700469383673,-0.022614655095784652,0.1486711813213837
56.660000000000004,-0.03998801790226267,0.24695795160158868,-0.02413963689267753,0.157115746904986
56.67,-0.04116954405321556,0.2538005309301833,-0.025648818266950552,0.16542844712257793
56.68,-0.04232561010466602,0.26049720690786976,-0.02714136935006321,0.17360887788553364
56.69,-0.043455548605004,0.2670475072112582,-0.028616473498311618,0.18165678257103918
56.7,-0.0445587067613278,0.2734510599930162,-0.030073327317383828,0.18957204046015017
56.71,-0.04563444647435147,0.2797075888642302,-0.031511140673441025,0.19735465565358093
56.72,-0.04668214436378957,0.2858169080716264,-0.0329291366918267,0.20500474647150027
56.730000000000004,-0.047701191784700725,0.2917789178644425,-0.03432655174445837,0.2125225353401517
56.74,-0.048690994835254936,0.29759360004478785,-0.03570263542690738,0.2199083391651447
56.75,-0.04965097435636856,0.3032610136946225,-0.03705665052612387,0.22716256018858105
56.76,-0.050580565923638174,0.30878129107188806,-0.03838787297971552,0.23428567732502217
56.77,-0.05147921983198329,0.3141546336579958,-0.039695591827641,0.24127823797310044
56.78,-0.05234640107341723,0.31938130757756344,-0.040979109157132876,0.24814085026263352
56.79,-0.05318158930861866,0.32446163175623005,-0.04223774004165408,0.2548741746298261
56.800000000000004,-0.05398427883345329,0.32939596260453413,-0.043470812474714154,0.2614789154856285
56.81,-0.054753978543320266,0.33418463306602864,-0.04467766729947865,0.26795580969380667
56.82,-0.05549021190757487,0.33882766326025776,-0.04585765813578818,0.2743055979547308
56.83,-0.05619251701083222,0.3433234211016638,-0.04701015130911539,0.28052893148284364
56.84,-0.05686044667832379,0.3476703900790207,-0.0481345257807124,0.2866265646243727
56.85,-0.05749356856668082,0.35186903831311017,-0.04923017306832544,0.29259945085628297
56.86,-0.058091465142555164,0.3559202157379607,-0.05029649715426037,0.29844856893324756
56.870000000000005,-0.058653733615080465,0.3598243886793817,-0.05133291440005303,0.30417451515574406
56.88,-0.05917998588178481,0.3635819568016636,-0.05233885348875503,0.30977758677678396
56.89,-0.05966984847836502,0.36719354501856155,-0.053313755385154496,0.31525822336050124
56.9,-0.06012296251200952,0.37065999249106496,-0.054257073291630716,0.32061696961680297
56.910000000000004,-0.060538983575161284,0.3739822857562878,-0.05516827259391562,0.3258544377398501
56.92,-0.06091758164219383,0.3771615932296444,-0.0560468307963355,0.3309714052278304
56.93,-0.06125844095242767,0.38019914224065954,-0.05689223744930406,0.3359685926547517
56.94,-0.06156125988259438,0.3830962933296425,-0.05770399407216968,0.3408468560673652
56.95,-0.06182575080924562,0.38585448415919416,-0.05848161407011698,0.34560706348876996
56.96,-0.062051639970144054,0.3884749792542974,-0.059224622648693305,0.350250053655587
56.97,-0.062238668202578416,0.3909308607613412,-0.05993255665608624,0.35477904501238877
56.980000000000004,-0.062386595068607484,0.3931306776030983,-0.06060496415682753,0.3592021689304044
56.99,-0.062495205899916674,0.39500967442109686,-0.06124140378129822,0.36352543713177315
57.0,-0.06256431699230738,0.39656164284891426,-0.06184144422131048,0.36775037511868924
57.01,-0.06259377719247097,0.3977865092902061,-0.0624046640050976,0.37187798975046876
57.02,-0.06258346802948966,0.3986840672800704,-0.06293065139000537,0.3759091752018866
57.03,-0.06253330370116833,0.39925510351991933,-0.06341900427102112,0.37984482426993765
57.04,-0.06244323100019476,0.3995008537696263,-0.06386933009080402,0.3836858549850177
57.050000000000004,-0.06231322917699599,0.3994232539443155,-0.06428124575115829,0.3874330987645574
57.06,-0.062143309741958495,0.39902480034156773,-0.06465437753092691,0.3910873010049947
57.07,-0.0619335162073032,0.3983086037499007,-0.06498836101377946,0.39464907903161534
57.08,-0.06168392376956872,0.39727836169975894,-0.06528284102381339,0.39811905634411643
57.09,-0.061394638933019635,0.39593835719453324,-0.06553747156463378,0.4014978153249841
57.1,-0.0610657990755171,0.3942934283786453,-0.06575191576303073,0.40478585078212453
57.11,-0.060697571958744076,0.39234895675379705,-0.06592584581997361,0.4079835863750287
57.120000000000005,-0.060290155184742185,0.39011084231605186,-0.06605894296966601,0.41109135389278917
57.13,-0.059843775600948924,0.38758548005967924,-0.06615089744832128,0.41410936207151183
57.14,-0.05935868870235889,0.3847782384144924,-0.0662014086175525,0.41703306508836263
57.15,-0.058835178370800156,0.38168489178377374,-0.06621018630177289,0.4198262686330182
57.160000000000004,-0.05827355740283706,0.3782916708056485,-0.06617695475522803,0.42242125835777067
57.17,-0.05767416877101732,0.3745824566468883,-0.06610145908246153,0.42474151499691865
57.18,-0.05703738716454633,0.3705419483908855,-0.06598347267527128,0.42671184447083793
57.19,-0.056363620412889115,0.3661588396569049,-0.06582280440239421,0.4282685778095096
57.2,-0.055653310416429576,0.3614308868748878,-0.06561930434809242,0.42937577226752055
57.21,-0.05490693327783565,0.3563646906511234,-0.06537286711518613,0.430024658532416
57.22,-0.0541249987543172,0.35096890508902817,-0.06508343306008298,0.4302122484481154
57.230000000000004,-0.0533080494282847,0.34525236343741844,-0.06475098870698236,0.42993550780064904
57.24,-0.052456659807924834,0.3392245710374035,-0.06437556699999612,0.4291930274193388
57.25,-0.05157143537942756,0.3328954120793482,-0.06395724745094321,0.42798420746051463
57.26,-0.05065301161258897,0.326275247453601,-0.0634961561771191,0.42630967774407263
57.27,-0.049702052923819205,0.31937481508378796,-0.06299246583076304,0.42417109149187754
57.28,-0.048719251599622586,0.31220522731243994,-0.06244639541906773,0.4215712238228035
57.29,-0.04770532668426531,0.304777918309722,-0.06185821001587178,0.41851390925767246
57.300000000000004,-0.04666102283516583,0.2971046152816741,-0.06122822036588382,0.41500405122771716
57.31,-0.04558710914974677,0.2891972968630205,-0.06055678238327955,0.4110475872246299
57.32,-0.04448437796747364,0.2810681572711584,-0.059844296546847905,0.4066514680234843
57.33,-0.04335364365087665,0.2727295672105674,-0.05909120719450076,0.40182362206577976
57.34,-0.0421957413493456,0.2641940363050338,-0.05829800172041609,0.3965729198448321
57.35,-0.04101152574950372,0.2554741749432359,-0.05746520967859156,0.39090913131639055
57.36,-0.039801869815932304,0.24658265686232095,-0.056593401797023164,0.384842880330482
57.370000000000005,-0.03856766352598862,0.23753218207107035,-0.05568318890714355,0.3783855946442486
57.38,-0.03730981260240438,0.22833544056674537,-0.05473522079352757,0.3715494528403796
57.39,-0.03602923724727785,0.21900507686520154,-0.05375018496920851,0.36434732813009457
57.4,-0.03472687088098404,0.2095536555691866,-0.05272880538223909,0.3567927297223114
57.410000000000004,-0.033403658889431906,0.19999362808485183,-0.05167184105937612,0.3488997421100401
57.42,-0.03206055738296937,0.19033730063932602,-0.05058008469296757,0.34068296280316
57.43,-0.030698531970114604,0.18059680371509151,-0.04945436117727242,0.3321574389518843
57.44,-0.029318556549147647,0.17078406301871057,-0.04829552610054791,0.3233386033438332
57.45,-0.027921612120439143,0.16091077208205312,-0.04710446419929768,0.3142422102267688
57.46,-0.026508685622231472,0.15098836658563358,-0.0458820877810867,0.30488427140552166
57.47,-0.025080768792413694,0.14102800047787842,-0.04462933512229658,0.29528099303776995
57.480000000000004,-0.023638857058655455,0.13104052395264174,-0.04334716884712137,0.2854487135333647
57.49,-0.02218394845907145,0.12103646333248713,-0.04203657429398982,0.2754038429347109
57.5,-0.020717042595405927,0.11102600289332419,-0.04069855787544864,0.26516280412728677
57.51,-0.0192391396205291,0.10101896865110577,-0.03933414543735477,0.2547419761978986
57.52,-0.017751239261835385,0.09102481412072487,-0.03794438062300907,0.2441576402249462
57.53,-0.016254339881950512,0.08105260804243852,-0.036530323247616125,0.23342592775065543
57.54,-0.014749437577944766,0.07111102406163784,-0.03509304768818718,0.2225627721496283
57.550000000000004,-0.013237525320061228,0.061208332334711166,-0.03363364129371126,0.21158386307262386
57.56,-0.01171959213077858,0.0513523930248202,-0.03215320282011075,0.20050460410886148
57.57,-0.010196622304830308,0.0415506516404027,-0.030652840894177028,0.18934007377545792
57.58,-0.008669594670631067,0.0318101361614074,-0.02913367251034668,0.17810498990871002
57.59,-0.007139481893375231,0.022137455889402156,-0.027596821563840624,0.16681367749960802
57.6,-0.005607249819900754,0.012538801951124596,-0.02604341742334372,0.15548003998527016
57.61,-0.004073856865254249,0.0030199493782803177,-0.02447459354605775,0.1441175339792911
57.620000000000005,-0.00254025344072793,-0.006413739318552042,-0.022891486137618055,0.13273914739744525
57.63,-0.0010073814229997029,-0.015757309169080358,-0.02129523285902528,0.12135738091104807
57.64,0.0005238263361395451,-0.025006206445699473,-0.01968697158241299,0.10998423263850403
57.65,0.0020524464601138575,-0.03415627114285357,-0.018067839197149608,0.098631185966408
57.660000000000004,0.003577565458707589,-0.04320372832818958,-0.016438970467461133,0.08730920037487135
57.67,0.005098280100907395,-0.052145178462400875,-0.014801496942463986,0.07602870512763728
57.68,0.006613697750411442,-0.060977586784064064,-0.013156545919210902,0.06479959567586602
57.69,0.00812293666488675,-0.0696982718563887,-0.011505239459085544,0.053631232615220716
57.7,0.009625126260114334,-0.07830489337094076,-0.009848693457625938,0.042532443028910495
57.71,0.011119407340258241,-0.08679543930224759,-0.008188016767622394,0.03151152404447668
57.72,0.01260493229554056,-0.09516821250485985,-0.006524310375114224,0.020576248429373688
57.730000000000004,0.014080865268669827,-0.1034218168412474,-0.004858666627709331,0.009733872049303724
57.74,0.015546382291413445,-0.11155514292635092,-0.003192168514465383,-0.0010088569858668355
57.75,0.017000671392736113,-0.11956735357015907,-0.001525888996404484,-0.011645687661725366
57.76,0.018442932679967987,-0.12745786899641487,0.00013910961341577954,-0.0221708540538579
57.77,0.019872378394473516,-0.13522635191051055,0.0018017762214854918,-0.032579062142103904
57.78,0.02128823294331818,-0.14287269248578446,0.003461071478406544,-0.04286547560348805
57.79,0.02268973290842918,-0.15039699333227086,0.005115968257864771,-0.053025700736284265
57.800000000000004,0.02407612703475341,-0.1577995545075521,0.006765452091523039,-0.06305577066032836
57.81,0.025446676198904738,-0.16508085862417105,0.008408521561419144,-0.07295212893098872
57.82,0.026800653359792644,-0.17224155610392278,0.010044188651508967,-0.08271161269587742
57.83,0.02813734349269197,-0.1792824506237832,0.011671479060041942,-0.09233143551501043
57.84,0.029456043508216605,-0.18620448479477714,0.013289432474485446,-0.10180916995630708
57.85,0.030756062157614537,-0.19300872610936792,0.014897102810739322,-0.11114273006973552
57.86,0.03203671992578733,-0.19969635319020201,0.01649355841839099,-0.12033035383455674
57.870000000000005,0.03329734891340474,-0.20626864236754872,0.01807788225376417,-0.12937058566563694
57.88,0.03453729270944741,-0.2127269546104416,0.019649172022507877,-0.13826225905622158
57.89,0.035755906255480634,-0.2190727228315451,0.021206540293457685,-0.14700447942654168
57.9,0.03695255570292069,-0.22530743958412103,0.02274911458548044,-0.15559660723954216
57.910000000000004,0.03812661826451574,-0.23143264516464185,0.024276037428986565,-0.1640382414376102
57.92,0.039277482061228705,-0.23744991613352198,0.02578646640376105,-0.1723292032468409
57.93,0.04040454596565622,-0.24336085426253026,0.027279574154728124,-0.18046952038870503
57.94,0.04150721944308892,-0.24916707591604112,0.028754548387222495,-0.1884594117324976
57.95,0.04258492239126058,-0.2548702018708861,0.03021059184329702,-0.1962992724160475
57.96,0.04363708497980189,-0.26047184758153574,0.031646922260548695,-0.20398965945493203
57.97,0.04466314749035984,-0.2659736139488631,0.03306277231489887,-0.21153127778565106
57.980000000000004,0.04566256015829454,-0.27137707880312545,0.03445738954871795,-0.21892496675673986
57.99,0.04663478301669102,-0.2766837923349457,0.0358300362856987,-0.2261716852112868
58.0,0.04757928574346652,-0.2818952647603177,0.03717998953380154,-0.23327250109892253
58.01,0.048495547512361216,-0.287012963034684,0.03850654087738832,-0.24022858151953708
58.02,0.0493830568481371,-0.2920383133645937,0.03980899635970363,-0.2470411777427738
58.03,0.05024131148579923,-0.2969727052541791,0.04108667635691149,-0.2537116164379938
58.04,0.051069818232761036,-0.3018175183081262,0.042338915444727045,-0.260241289600181
58.050000000000004,0.05186809282953091,-0.30657421978312693,0.04356506225856643,-0.2666316463902822
58.06,0.05263565979252402,-0.3112447230312265,0.04476447934764546,-0.27288419859550456
58.07,0.05337205219912274,-0.3158320441668566,0.0459365430224546,-0.27900053547019227
58.08,0.05407681144050569,-0.32033819876654523,0.04708064319904031,-0.2849821847761239
58.09,0.05474948704063466,-0.3247639602708571,0.04819618324603485,-0.29083063320432445
58.1,0.05538963655057643,-0.3291102914365276,0.04928257982461965,-0.2965477014410286
58.11,0.05599682545421095,-0.33337827865922554,0.05033926270090085,-0.30213559599490486
58.120000000000005,0.05657062707354999,-0.33756870360629065,0.05136567453608701,-0.3075964113488861
58.13,0.05711062249718342,-0.3416820086772222,0.05236127068064461,-0.31293204532921903
58.14,0.05761640053763876,-0.3457184374639302,0.05332551898191149,-0.3181443461690117
58.15,0.05808755771311425,-0.34967797851916993,0.054257899602884956,-0.3232350054223259
58.160000000000004,0.05852369825102777,-0.3535604478079529,0.055157904851141346,-0.3282056690082895
58.17,0.058924434111504546,-0.35736545317341273,0.0560250390170146,-0.3330578563868593
58.18,0.05928938502902898,-0.36109245566999837,0.05685881821869688,-0.3377930945384123
58.19,0.05961817857150971,-0.3647407183026794,0.057658770254345355,-0.34241275263229143
58.2,0.05991045021706283,-0.3683093385482922,0.0584244344635489,-0.34691814457374176
58.21,0.06016584375359214,-0.3717873446062845,0.05915536156982122,-0.3513113887279761
58.22,0.06038401435955987,-0.37509310926426126,0.059851113320928816,-0.35559990212042414
58.230000000000004,0.06056463574321773,-0.37813300410426076,0.06051126182702182,-0.35979190038733333
58.24,0.06070740707619762,-0.38088447999773095,0.06113538892617093,-0.36389004327775165
58.25,0.06081205599765209,-0.3833462491576436,0.06172308586311528,-0.36789522210402553
58.26,0.060878339255049985,-0.38551408459463843,0.06227395316240073,-0.3718084157419514
58.27,0.060906043000414516,-0.38738601648007204,0.06278760053961577,-0.37563036067211075
58.28,0.06089498304282441,-0.3889597583821224,0.06326364682399846,-0.3793617571460466
58.29,0.06084500504131517,-0.39023401335615215,0.06370171989064605,-0.3830032078198943
58.300000000000004,0.06075598464443327,-0.39120782830002043,0.0641014566005361,-0.3865552421011809
58.31,0.06062782757285755,-0.39188090730856395,0.06446250275129997,-0.3900182211504515
58.32,0.06046046964720925,-0.39225345502100173,0.06478451304120732,-0.3933923945587337
58.33,0.060253876760152106,-0.3923262562214055,0.06506715104504307,-0.3966779130786084
58.34,0.06000804479344306,-0.3921006267735382,0.0653100892002608,-0.39987482442935696
58.35,0.05972299948044059,-0.3915784248372107,0.06551300880322806,-0.402983077795143
58.36,0.05939879621513593,-0.3907620297562079,0.06567560001484726,-0.40600254251600143
58.370000000000005,0.059035519808796774,-0.38965433301922686,0.06579756187442604,-0.40893301182356706
58.38,0.05863328419930204,-0.388258601626578,0.06587860233379654,-0.4117737961131376
58.39,0.058192232271827654,-0.3865735627042429,0.06591843880961336,-0.4145082382234575
58.4,0.057712536241705054,-0.3845867502306246,0.06591680067206822,-0.4170827980075902
58.410000000000004,0.057194398859718505,-0.3822798643746472,0.06587343448010209,-0.4194241802746773
58.42,0.05663805512949693,-0.3796345077384142,0.06578811096746758,-0.42145757513836496
58.43,0.056043774075375946,-0.3766345314042047,0.06566063231057881,-0.4231141097529125
58.44,0.055411860220795986,-0.3732696229054584,0.06549083859939717,-0.4243422036230898
58.45,0.05474265442129779,-0.36953959778468676,0.06527861238507147,-0.42512112252819484
58.46,0.05403653389877199,-0.36545020823003704,0.06502388081535145,-0.42544786767650805
58.47,0.05329391176251088,-0.36100785244616584,0.06472661624870303,-0.4253206123076938
58.480000000000004,0.052515236362772555,-0.3562195203140369,0.06438683642650508,-0.4247386221842845
58.49,0.051700990585599356,-0.3510927421463881,0.0640046045365423,-0.42370218727302505
58.5,0.05085169109308933,-0.3456355696245793,0.06358002917172194,-0.4222126546876022
58.51,0.049967887512217056,-0.33985653861523035,0.06311326418453006,-0.42027240303105007
58.52,0.04905016157535272,-0.33376463930730327,0.06260450843797691,-0.41788483805622795
58.53,0.04809912621576671,-0.3273692812237273,0.062054005454458085,-0.4150543698201852
58.54,0.04711542462147961,-0.3206802596269249,0.06146204296440087,-0.4117863914599952
58.550000000000004,0.046099729250903186,-0.3137077203413598,0.06082895235710118,-0.4080872498038049
58.56,0.04505274081375146,-0.30646212476835855,0.06015510803661978,-0.40396421305575164
58.57,0.04397518722074761,-0.2989542144825686,0.05944092668606928,-0.399425433338724
58.58,0.042867822505655045,-0.29119497598833044,0.058686866444046415,-0.39447990566205793
58.59,0.041731425723164704,-0.2831956056090695,0.05789342599736018,-0.38913742303758003
58.6,0.04056679982614076,-0.2749674747762395,0.057061143594565725,-0.3834085284316925
58.61,0.03937477052570077,-0.26652209582530717,0.056190595985135,-0.3773044637937805
58.620000000000005,0.03815618513753511,-0.25787108847285584,0.0552823972893789,-0.37083711665279273
58.63,0.03691191141782122,-0.2490261471014425,0.054337197804474505,-0.36401896466802913
58.64,0.03564283639198983,-0.23999900898717674,0.05335568275215074,-0.3568630185857507
58.65,0.0343498651795153,-0.23080142358482345,0.05233857097374021,-0.3493827640253017
58.660000000000004,0.033033919817790545,-0.2214451229785141,0.051286613578417135,-0.34159210253013805
58.67,0.03169593808803022,-0.21194179359236076,0.05020059255051041,-0.3335052923038007
58.68,0.030336872346022115,-0.2023030492440383,0.04908131932180768,-0.3251368890425698
58.69,0.02895768836040578,-0.19254040561290053,0.047929633314753084,-0.3165016872583186
58.7,0.02755936416102242,-0.1826652561811114,0.046746400462388045,-0.30761466246647634
58.71,0.026142888899728513,-0.17268884969581746,0.04553251171079439,-0.2984909145903576
58.72,0.024709261725910744,-0.16262226918736467,0.044288881509675596,-0.2891456129078908
58.730000000000004,0.023259490678791985,-0.15247641256824657,0.04301644629655274,-0.2795939428386026
58.74,0.02179459159845186,-0.14226197482568786,0.0417161629798678,-0.2698510548391771
58.75,0.020315587057329058,-0.1319894318106849,0.04038900742607249,-0.25993201564492247
58.76,0.018823505313816234,-0.1216690256158032,0.039035972955545,-0.24985176206270263
58.77,0.017319379289392655,-0.11131075152504416,0.037658068851921134,-0.23962505748881058
58.78,0.01580424557059091,-0.10092434650952295,0.03625631888915216,-0.22926645129322515
58.79,0.01427914343693251,-0.0905192792352773,0.03483175988031531,-0.21879024118011628
58.800000000000004,0.012745113915822412,-0.08010474154142566,0.033385440251904396,-0.2082104386037675
58.81,0.011203198865239601,-0.06968964134037049,0.03191841864702308,-0.19754073728955313
58.82,0.00965444008492735,-0.05928259688606222,0.030431762560592795,-0.18679448488144598
58.83,0.008099878456640047,-0.04889193235067373,0.02892654700937579,-0.17598465771119928
58.84,0.006540553113886561,-0.03852567464606724,0.02740385323930169,-0.16512383865976643
58.85,0.004977500641468972,-0.02819155142287802,0.02586476747227929,-0.15422419805903906
58.86,0.003411754305017718,-0.01789699017703673,0.024310379694370398,-0.14329747756167632
58.870000000000005,0.0018443433105974334,-0.0076491183916127595,0.022741782486909494,-0.13235497688866152
58.88,0.0002762920943645367,0.00254523535879031,0.02116006990186501,-0.12140754334830656
58.89,-0.0012913803578406319,0.012679539415768663,0.019566336382463263,-0.11046556400693651
58.9,-0.0028576611611744076,0.022747556229640687,0.0179616757298328,-0.09953896037988433
58.910000000000004,-0.0044215441530290455,0.03274333881071289,0.016347180116176304,-0.08863718550239064
58.92,-0.005982030485188842,0.042661226510184926,0.014723939144740964,-0.07776922323262422
58.93,-0.007538129187335428,0.052495840201222756,0.013093038956637793,-0.06694358963396493
58.94,-0.009088857702380637,0.062242076927614284,0.011455561384352561,-0.05616833628020636
58.95,-0.010633242394174488,0.07189510408538388,0.009812583151602635,-0.04545105532572537
58.96,-0.012170319028167445,0.08145035319984953,0.00816517511901742,-0.0347988861825197
58.97,-0.01369913322565433,0.09090351335738457,0.006514401574962354,-0.02421852364734251
58.980000000000004,-0.015218740892262782,0.10025052434835519,0.004861319570682874,-0.013716227324730709
58.99,-0.016728208621368392,0.10948756957387253,0.0032069782988162006,-0.003297832195411822
59.0,-0.01822661407315395,0.11861106876634277,0.001552418514206689,0.0070312398157540736
59.01,-0.019713046330039917,0.12761767056976464,-0.00010132800413878795,0.017265967412671824
59.02,-0.021186606229229146,0.1365042450230311,-0.0017532389512028696,0.027401716775927898
59.03,-0.022646406673123804,0.14526787598564192,-0.0034023019555360166,0.03743422781323064
59.04,-0.024091572918365813,0.1539058535426394,-0.005047515001639057,0.0473595999326697
59.050000000000004,-0.025521242844268762,0.16241566642199087,-0.006687886816573398,0.05717427745165474
59.06,-0.02693456720139723,0.17079499445461005,-0.008322437222258745,0.06687503474676522
59.07,-0.028330709841048844,0.17904170110501944,-0.009950197454942699,0.07645896124184492
59.08,-0.029708847926386377,0.1871538260964441,-0.011570210453342045,0.0859234463240432
59.09,-0.031068172125961073,0.19512957815288443,-0.01318153111696187,0.09526616426959449
59.1,-0.03240788679035002,0.2029673278768489,-0.014783226536097174,0.10448505925365048
59.11,-0.03372721011262112,0.21066560077960061,-0.016374376195012766,0.1135783305109691
59.120000000000005,-0.03502537427332756,0.21822307047774553,-0.017954072149780922,0.12254441770711245
59.13,-0.036301625570705175,0.22563855206815414,-0.019521419182235985,0.13138198657286293
59.14,-0.0375552245367433,0.23291099569025572,-0.021075534931476996,0.1400899148480331
59.15,-0.03878544603976762,0.24003948028318067,-0.022615550004319626,0.14866727857447862
59.160000000000004,-0.03999157937416278,0.2470232075426347,-0.024140608066062247,0.1571133387723245
59.17,-0.04117292833783949,0.2538614960808822,-0.025649865912893234,0.16542752852778686
59.18,-0.04232881129803031,0.26055377579105654,-0.027142493527224937,0.1736094405158777
59.19,-0.043458561245974636,0.26709958241556847,-0.02861767411719682,0.18165881497641487
59.2,-0.0445615258410458,0.27349855231692616,-0.030074604141543133,0.18957552815737527
59.21,-0.045637067444832216,0.27975041744769247,-0.031512493320976505,0.19735958123556563
59.22,-0.04668456314568668,0.2858550005155992,-0.03293056463718822,0.20501108972085608
59.230000000000004,-0.047703404774219624,0.2918122103381803,-0.03432805432051977,0.21253027334683172
59.24,-0.04869299891020849,0.2976220373811686,-0.03570421182731052,0.21991744644772873
59.25,-0.049652766881364434,0.3032845494735566,-0.03705829980787844,0.22717300881878577
59.26,-0.05058214475439171,0.30879988769190636,-0.03838959406604198,0.23429743705495187
59.27,-0.05148058331874489,0.3141682624029062,-0.03969738351104424,0.241291276363047
59.28,-0.05234754806349984,0.3193899491233806,-0.04098097010269229,0.248155132841218
59.29,-0.05318251914794468,0.32446527781950707,-0.042239668790506515,0.254889665330933
59.300000000000004,-0.05398499136700333,0.3293946168317403,-0.04347280744770001,0.2614955768041854
59.31,-0.05475447411443189,0.33417831028516976,-0.04467972680093738,0.267973602595894
59.32,-0.05549049135726151,0.3388163521086271,-0.04585978035760727,0.2743244785599478
59.33,-0.05619258168325568,0.3433069454333946,-0.047012334335499256,0.28054884134503727
59.34,-0.05686029843019841,0.34764872611790987,-0.048136767593357166,0.286647458670363
59.35,-0.05749320976916162,0.3518422667171447,-0.049232471551075886,0.29262128880823657
59.36,-0.058090898675807016,0.35588838977084625,-0.05029885009760474,0.29847129949586093
59.370000000000005,-0.05865296286237163,0.35978755411783314,-0.051335319507422594,0.3041980430920473
59.38,-0.059179014724223725,0.36354016801095634,-0.052341308385336106,0.30980181281496216
59.39,-0.05966868128798702,0.3671469007506917,-0.053316257626884196,0.3152830768596159
59.4,-0.060121604141861774,0.37060861233315157,-0.05425962037241291,0.3206423943503222
59.410000000000004,-0.0605374393469977,0.3739263051372298,-0.05517086195154738,0.32588037784903134
59.42,-0.06091585733239036,0.37710116676564626,-0.056049459817748795,0.33099781719379795
59.43,-0.06125654277618469,0.3801344394535665,-0.0568949034750712,0.33599543679738986
59.44,-0.06155919447660174,0.3830274977363898,-0.057706694400397406,0.34087409843723604
59.45,-0.0618235252129599,0.38578179254045236,-0.05848434595987012,0.34563467371809603
59.46,-0.06204926160697274,0.3883985616072001,-0.05922738332296077,0.3502780067600989
59.47,-0.06223614487836207,0.39085036133146334,-0.05993534330296358,0.35480736284154885
59.480000000000004,-0.062383934979465865,0.39304629577802075,-0.06060777392947942,0.3592308344603172
59.49,-0.062492417615261295,0.3949218629106458,-0.061244233799483135,0.36355441488992485
59.5,-0.06256140942299854,0.39647057532295693,-0.06184429157387315,0.3677796526417389
59.51,-0.06259075956635654,0.39769240516443904,-0.062407525751577445,0.3719075581360181
59.52,-0.06258034987058565,0.39858713374694654,-0.06293352456145644,0.37593903062764483
59.53,-0.06253009480810202,0.3991555623804466,-0.06342188587059965,0.3798749599860529
59.54,-0.06243994142416819,0.3993989272639564,-0.06387221709436247,0.38371626540314424
59.550000000000004,-0.062309869199224904,0.399319171723282,-0.06428413510776648,0.3874637806227301
59.56,-0.062139889850626434,0.3989187960489733,-0.06465726616299822,0.39111825931793287
59.57,-0.06193004707405171,0.3982009153906366,-0.06499124581674112,0.39468031880455084
59.58,-0.06168041622562911,0.3971692297199816,-0.06528571886571835,0.39815057915113206
59.59,-0.061391103945062024,0.3958280250983453,-0.06554033928588443,0.4015296245390272
59.6,-0.061062247721242226,0.39418214193650203,-0.06575477017603873,0.40481795111646507
59.61,-0.060694015402260625,0.39223696363522625,-0.0659286837086727,0.4080159839493924
59.620000000000005,-0.06028660465177155,0.3899983917155761,-0.06606176108877072,0.4111240599035841
59.63,-0.05984024235389628,0.3874728222056778,-0.06615369252221896,0.4141423905328695
59.64,-0.05935518401713464,0.3846655646556514,-0.06620417734481916,0.41706623999977055
59.65,-0.05883171351961176,0.381572293975715,-0.06621292537871219,0.419859099815126
59.660000000000004,-0.05827014364231876,0.3781792652149379,-0.06617966091626386,0.4224533338022669
59.67,-0.05767081732847999,0.37447044548786956,-0.06610412913442343,0.424772696526195
59.68,-0.057034109217516914,0.37043059857169613,-0.06598610351012568,0.4267422040519523
59.69,-0.05636042706288022,0.3660484469396127,-0.06582539299112296,0.4282982867141641
59.7,-0.05565021266168642,0.3613216930332698,-0.06562184773049702,0.42940484034668014
59.71,-0.054903941989261115,0.35625690279523153,-0.065375362398776,0.43005299598609936
59.72,-0.0541221246542079,0.35086272962003473,-0.06508587742679128,0.430239774576141
59.730000000000004,-0.053305303069960834,0.3451480015868646,-0.0647533794215106,0.4299621382925029
59.74,-0.05245405155574178,0.3391222206722775,-0.06437790141805101,0.42921868137688907
59.75,-0.05156897538921203,0.33279526638064516,-0.06395952302735848,0.42800880452700296
59.76,-0.0506507098125199,0.32617749516863714,-0.06349837047380114,0.42633314017797697
59.77,-0.049699918995782244,0.3192796400017692,-0.0629946165244278,0.42419334375990597
59.78,-0.04871729496106415,0.3121128081373278,-0.06244848030872217,0.42159219342008286
59.79,-0.04770355647057077,0.304688428343031,-0.06186022703000221,0.418533526895431
59.800000000000004,-0.046659447882586136,0.29701822220809593,-0.06123016756931048,0.415022251313443
59.81,-0.045585737978899414,0.28911416249222305,-0.06055865798364086,0.4110643081672166
59.82,-0.044483218767439645,0.2809884373086997,-0.05984609890067874,0.40666665259264123
59.83,-0.043352704263917616,0.27265341102152973,-0.05909293481287205,0.40183721768687386
59.84,-0.04219502925626446,0.2641215866885729,-0.05829965327410499,0.39658487888484095
59.85,-0.041011048055669054,0.2554055679092828,-0.05746678400275526,0.39091941132981184
59.86,-0.03980163323799004,0.24651802141524118,-0.056594897895351236,0.38485144427797274
59.870000000000005,-0.038567674379281144,0.23747163999846244,-0.05568460595546817,0.3783924110753469
59.88,-0.037310076789118095,0.22827910623508335,-0.05473655814287324,0.3715544960428573
59.89,-0.03602976024533827,0.21895305702224788,-0.053751442148267166,0.3643505782434824
59.9,-0.03472765773371968,0.2095060491542659,-0.05272998209925955,0.35679417281615483
59.910000000000004,-0.03340471419602079,0.19995052604746938,-0.051672937203460625,0.3488993702265113
59.92,-0.03206188528969133,0.19029878576703269,-0.05058110033477145,0.34068077396460467
59.93,-0.03070013616242186,0.1805629504713483,-0.049455296569106584,0.33215343713393414
59.94,-0.029320440244571474,0.17075493739149655,-0.04829638167588727,0.32333279841517437
59.95,-0.02792377806234554,0.1608864314442167,-0.04710524057170206,0.3142346178568362
59.96,-0.02651113607443933,0.1509688595675107,-0.045882785742543675,0.304874912941737
59.97,-0.025083505534690586,0.14101336685327054,-0.04462995564099865,0.29526989535408504
59.980000000000004,-0.023641881383096565,0.1310307945385047,-0.0433477130646934,0.28543590885218056
59.99,-0.022187261167374975,0.12103165990357588,-0.042037043522184604,0.27538936862427255
60.0,-0.02072064399705307,0.11102613811174608,-0.04069895359233069,0.26514670247693833
