t_s,center_heave_m,center_heave_acc_mps2,buoy1_heave_m,buoy1_heave_acc_mps2
58.620000000000005,0.0398556311045218,-0.06688834771946857,0.06005361769899454,-0.24331488236248028
58.63,0.04073247394911688,-0.07113722492912625,0.060958939523632905,-0.24561639421375123
58.64,0.041602092465453745,-0.07556790069456717,0.06183968446222194,-0.24780223311760063
58.65,0.04246403516207562,-0.08017907662913382,0.06269563590994406,-0.24987444896090308
58.660000000000004,0.04331783259116062,-0.08496916616092469,0.06352658858928661,-0.25183522357054916
58.67,0.044162997516001584,-0.08993639329779302,0.06433234832538004,-0.2536869999416577
58.68,0.04499902501453493,-0.09508154116168109,0.06511273169940712,-0.2554356693269326
58.69,0.04582539233007016,-0.10040962489300426,0.06586756556662224,-0.257085823679987
58.7,0.04664155860505157,-0.10592107466465048,0.06659668664280938,-0.2586397054682907
58.71,0.04744696484307236,-0.1116135621001572,0.06729994116153255,-0.26010185294837246
58.72,0.04824103400541862,-0.11748773269695542,0.06797718446894911,-0.26147665966277267
58.730000000000004,0.0490231710921245,-0.12354174757535996,0.06862828063218841,-0.26276684114340854
58.74,0.04979276337506134,-0.12977091677769226,0.06925310213267911,-0.263975137472719
58.75,0.05054918083148594,-0.13617018746186588,0.06985152958589073,-0.2651044698457789
58.76,0.05129177665042392,-0.1427345360232022,0.07042345143368903,-0.26615834325507304
58.77,0.052019887692241674,-0.14946063689748057,0.07096876358186416,-0.267140989659474
58.78,0.05273283491385892,-0.15634354919423163,0.07148736902195602,-0.26805561217748847
58.79,0.05342992389712444,-0.16337648451619122,0.07197917749889031,-0.26890511076817714
58.800000000000004,0.05411044550563087,-0.17055246325885728,0.07244410520756761,-0.2696925931117491
58.81,0.05477367660083219,-0.17786405706900438,0.07288207448744412,-0.2704210955181856
58.82,0.055418880793066026,-0.18530353594659188,0.0732930135147669,-0.27109371286543654
58.83,0.05604530923248441,-0.1928626355691404,0.07367685599344187,-0.2717135376059074
58.84,0.05665220153136884,-0.2005298717136334,0.07403354083762839,-0.2722838979481026
58.85,0.05723878698875987,-0.20828944907989638,0.07436301183384064,-0.27280841158304886
58.86,0.0578042861262814,-0.2161244422104101,0.07466521727371109,-0.27329103331839455
58.870000000000005,0.05834791241137502,-0.22401641773593314,0.07494010955012334,-0.2737361804043742
58.88,0.05886887409081084,-0.23194649443538087,0.0751876447413571,-0.27414770425405965
58.89,0.059366376100081795,-0.2398949944654553,0.07540778222096106,-0.27452923446661054
58.9,0.05983962198832099,-0.24784327975919546,0.07560048429131469,-0.27488435226459534
58.910000000000004,0.06028781583351888,-0.2557718564803853,0.07576571582557225,-0.27521658852925507
58.92,0.06071016414956683,-0.26366218322018875,0.07590344391687341,-0.2755293521208118
58.93,0.06110587774930903,-0.27149615102007274,0.07601363754571824,-0.2758256927886979
58.94,0.06147417362377054,-0.27925380881617423,0.07609626736967803,-0.27610535123438706
58.95,0.061814276881583315,-0.2869159093105088,0.07615130581985667,-0.27636365568630844
58.96,0.062125422728890094,-0.29446193121903413,0.07617872755337537,-0.27659357880843255
58.97,0.062406858488745554,-0.30187164528790783,0.07617851012051347,-0.27678773323066125
58.980000000000004,0.06265784560174563,-0.3091257612932007,0.07615063473989674,-0.2769373165164385
58.99,0.06287766157640798,-0.31620491073031387,0.0760950871453783,-0.27703369995328847
59.0,0.06306560189573429,-0.3230906514098305,0.0760118584378625,-0.2770687244721849
59.01,0.06322098186241167,-0.3297650797097925,0.0759009459720319,-0.27703223960629425
59.02,0.0633431383659032,-0.3362113528914536,0.07576235427689049,-0.27691588666260714
59.03,0.06343143155052862,-0.3424137793474604,0.07559609588980536,-0.27671251886338294
59.04,0.06348524642881123,-0.34835590190562604,0.07540219223190699,-0.27641056583574275
59.050000000000004,0.06350399443078208,-0.3540238071763672,0.07518067452758698,-0.2760033330391864
59.06,0.0634871147987051,-0.35940499308979257,0.07493158456686924,-0.27548424867650223
59.07,0.06343407587730243,-0.36448644196453794,0.07465497548727064,-0.27484279444327336
59.08,0.06334437634396207,-0.36925698762000636,0.07435091261076146,-0.27407290461010386
59.09,0.0632175463401987,-0.37370601505544393,0.07401947413105198,-0.2731687664312305
59.1,0.06305314854205243,-0.3778228036053116,0.07366075175821488,-0.27212269696498925
59.11,0.06285077919484987,-0.3815975871043019,0.07327485140729319,-0.2709284204551564
59.120000000000005,0.0626100690703708,-0.3850216380186345,0.07286189380378645,-0.2695813015916371
59.13,0.06233068433803343,-0.3880867269945102,0.0724220149827019,-0.26807663000813264
59.14,0.06201232737481577,-0.39078513309550333,0.07195536676106466,-0.2664096271934256
59.15,0.061654737507340976,-0.3931101863243734,0.0714621171657239,-0.26457712186116017
59.160000000000004,0.06125769166655328,-0.39505602829303765,0.07094245075694909,-0.2625767927547537
59.17,0.060821004962905316,-0.3966173916179562,0.07039656887364913,-0.26040647092178754
59.18,0.060344531185440406,-0.3977899971226735,0.06982468981155954,-0.2580653730091168
59.19,0.05982816321564537,-0.3985703554538228,0.06922704890626545,-0.25555348596968425
59.2,0.0592718333546747,-0.39895587678237693,0.0686038985164303,-0.25287191210987203
59.21,0.0586755135581674,-0.3989450098242187,0.06795550788863286,-0.2500233132990437
59.22,0.05803921557210108,-0.39853716279467943,0.06728216288219484,-0.2470116796737197
59.230000000000004,0.05736299097865301,-0.3977324509064897,0.06658416558043881,-0.24384155869696178
59.24,0.056646931169465356,-0.39653158763704743,0.0658618338409855,-0.2405177321195978
59.25,0.055891167255532066,-0.3949359221230194,0.06511550081211862,-0.23704535049000522
59.26,0.055095869913614995,-0.39294745249929447,0.06434551441836056,-0.2334298227418849
59.27,0.05426124916977729,-0.3905687633315688,0.06355223681708032,-0.22967684740413868
59.28,0.053387554125606446,-0.38780293706390223,0.06273604382737735,-0.22579239301140566
59.29,0.05247507263114605,-0.38465360475350285,0.061897324332482455,-0.22178266962122975
59.300000000000004,0.05152413090386282,-0.3811249440350163,0.06103647965850013,-0.2176540953747577
59.31,0.05053509309355352,-0.3772216545562175,0.06015392293231467,-0.21341327646058703
59.32,0.0495083607949352,-0.3729489428648359,0.059250078421160465,-0.20906697944893904
59.33,0.04844437250982469,-0.368312501605782,0.05832538085637738,-0.20462210657418212
59.34,0.04734360306082997,-0.36331849073947436,0.05738027474394388,-0.20008566892267535
59.35,0.04620656295855671,-0.35797351705803127,0.056415213664403066,-0.19546476029753207
59.36,0.045033797724355194,-0.3522846138961325,0.05543065956477273,-0.19076653218171474
59.370000000000005,0.04382588717090396,-0.34625921353453204,0.05442708204536764,-0.18599815557738125
59.38,0.042583444643211725,-0.3399051215492565,0.05340495764558978,-0.18116676672044543
59.39,0.041307116222215216,-0.33323050544881644,0.052364769132107906,-0.17627946722931465
59.4,0.03999757989260425,-0.32624387660577225,0.051307004790768565,-0.17134331489697088
59.410000000000004,0.03865554467668911,-0.3189540686905594,0.05023215772358289,-0.16636529477544973
59.42,0.03728174973638827,-0.311370217414365,0.049140725153035046,-0.1613522985302931
59.43,0.03587696344542334,-0.30350173978161826,0.04803320773602481,-0.15631110097059286
59.44,0.03444198243379276,-0.2953583138631916,0.046910108889643275,-0.15124833949711472
59.45,0.03297763060657915,-0.28694985862441,0.04577193413088603,-0.14617049372507593
59.46,0.031484758139116185,-0.27828651412076744,0.044619190432291136,-0.1410838667838081
59.47,0.029964240450513498,-0.2693786219394946,0.04345238559537151,-0.1359945676412072
59.480000000000004,0.028416977157513665,-0.2602367060036088,0.04227202764358191,-0.1309084948710599
59.49,0.026843891010612075,-0.25087145370940506,0.04107862423643052,-0.12583132172222927
59.5,0.025245926814336517,-0.241293697448367,0.03987268210620828,-0.12076848261588229
59.51,0.023624050333554053,-0.23151439648184485,0.038654706518668376,-0.11572516103974534
59.52,0.021979247188764855,-0.22154458213657208,0.037425200758914236,-0.11070627675205148
59.53,0.020312521746221612,-0.21139526793601598,0.03618466564369414,-0.1057164750788145
59.54,0.01862489600318015,-0.20107761839604027,0.03493359906078979,-0.10076012984268624
59.550000000000004,0.016917408462921755,-0.19060291199832188,0.03367249553588206,-0.09584133321716783
59.56,0.015191113000723584,-0.17998245564910711,0.03240184582763205,-0.09096388621907263
59.57,0.013447077725428825,-0.16922759393353098,0.031122136551711786,-0.08613129650852422
59.58,0.011686383838698137,-0.1583496816208101,0.029833849834176803,-0.08134677519044715
59.59,0.00991012449338253,-0.14736007530311773,0.02853746299440536,-0.07661323605673807
59.6,0.008119403652515423,-0.1362701160596469,0.027233448257707658,-0.07193329544573969
59.61,0.006315334950328336,-0.12509111727483843,0.025922272497586208,-0.06730927355845968
59.620000000000005,0.004499040558319664,-0.11383429703838477,0.024604397013451636,-0.0627430043986131
59.63,0.0026716500609785393,-0.1025107448723406,0.02328027735548546,-0.05823576039234294
59.64,0.000834299339539117,-0.0911315705300268,0.021950363186168574,-0.05378883432971701
59.65,-0.0010118705409920324,-0.07970784262859176,0.020615098156347263,-0.04940337292672659
59.660000000000004,-0.002865714439471992,-0.06825052515519936,0.019274919798125636,-0.0450801963264059
59.67,-0.004726084236967439,-0.05677048946616519,0.017930259443962347,-0.040819889907785414
59.68,-0.006591829924462416,-0.045278491938748305,0.0165815421720775,-0.03662276953479327
59.69,-0.008461800678928563,-0.03378516946626983,0.015229186777161662,-0.03248891109944087
59.7,-0.010334845926698616,-0.022301026637911458,0.013873605765669076,-0.02841814875096679
59.71,-0.012209816393182889,-0.010836427709875666,0.012515205374748423,-0.02441008952782559
59.72,-0.014085565136286693,0.0005984681057761392,0.011154385613873238,-0.02046412148248332
59.730000000000004,-0.015960948553846433,0.011993913475065888,0.009791540327958568,-0.016579430728807076
59.74,-0.017834827366675278,0.02334015179391128,0.008427057280941657,-0.01275500221070574
59.75,-0.0197060675927069,0.03462745222710374,0.007061318259135712,-0.008989629789689013
59.76,-0.02157354151287986,0.0458462986438242,0.005694699193398798,-0.005281930521868729
59.77,-0.023436128620240235,0.056987344305366915,0.004327570298908784,-0.0016303546792932413
59.78,-0.025292716549786164,0.06804144566618653,0.0029602962314672658,0.0019668044085057205
59.79,-0.02714220198355072,0.07899981630173698,0.0015932362837254074,0.005512190324884864
59.800000000000004,-0.02898349152652725,0.08985390363520443,0.0002267446393822357,0.009008726220610063
59.81,-0.030815502562283506,0.10059520053759706,-0.0011388293611388673,0.012458661175621213
59.82,-0.03263716409542195,0.11121539038792931,-0.002503140983484738,0.01586422326741377
59.83,-0.03444741757617182,0.12170638895971407,-0.003865849871922501,0.019227791281768342
59.84,-0.036245217702627175,0.13206033197087783,-0.005226619813339571,0.02255179460281383
59.85,-0.0380295331934305,0.14226980333350206,-0.006585118493420388,0.025838739736397803
59.86,-0.039799347521969765,0.15232777240476353,-0.007941017246648115,0.029091178192296653
59.870000000000005,-0.04155365962492457,0.16222713279237497,-0.009293990800610621,0.03231172530721164
59.88,-0.04329148460196418,0.1719609242782001,-0.01064371701504573,0.03550303737133825
59.89,-0.04501185439499209,0.18152264815497365,-0.011989876576112904,0.038669116321091906
59.9,-0.046713818432381767,0.19090610290166957,-0.013332152604770083,0.04181456798188423
59.910000000000004,-0.04839644424812163,0.20010512455653565,-0.014670230257525755,0.04494241803918783
59.92,-0.050058818086582,0.2091137531834591,-0.016003796405139784,0.048055310166033594
59.93,-0.05170004547826378,0.21792660978572792,-0.017332539356885578,0.051156035956897244
59.94,-0.053319251778369346,0.22653846621094825,-0.018656148588659282,0.05424727003323133
59.95,-0.054915582683372315,0.23494419093171143,-0.019974314436484886,0.057332901073996086
59.96,-0.05648820472622479,0.24313907665747347,-0.021286727659033312,0.06041919508077037
59.97,-0.058036305746658155,0.2511184758494473,-0.022593078939169592,0.06350981272926746
59.980000000000004,-0.05955909534450414,0.2588779122682792,-0.023893058503728436,0.06660723286459813
59.99,-0.061055805313891834,0.2664132015417438,-0.025186355844698298,0.0697142095277219
60.0,-0.06252569005189704,0.2737204034212529,-0.026472659465658376,0.07283299563430493
60.01,-0.06396802694073579,0.2807958531996929,-0.027751656645960198,0.0759658954156556
60.02,-0.0653821167033481,0.2876361478169054,-0.0290230332182007,0.07911502151414641
60.03,-0.06676728373225922,0.294238152519868,-0.030286473356530525,0.08228240952010173
60.04,-0.06812287639180226,0.3005989966339696,-0.031541659376903966,0.08546995429774558
60.050000000000004,-0.06944826729376877,0.3067160745464267,-0.03278827154934463,0.08867943608630786
60.06,-0.07074285354659043,0.3125870436154907,-0.03402598792275468,0.09191250236763199
60.07,-0.07200605697818,0.3182098233423375,-0.035254484162503076,0.09517067247859262
60.08,-0.07323732433257715,0.3235825935208907,-0.03647343340111185,0.09845533147499358
60.09,-0.07443612744057017,0.32870379260732063,-0.0376825061022558,0.10176772996580283
60.1,-0.07560196336448555,0.33357211564340694,-0.03888136993828296,0.10510898154840546
60.11,-0.07673435451735278,0.33818651211855294,-0.04006968968140976,0.10848006200517829
60.120000000000005,-0.07783284875667909,0.3425461835680188,-0.04124712710871465,0.11188180816615527
60.13,-0.0788970194530791,0.34665058103989776,-0.042413340921015286,0.11531491746322925
60.14,-0.07992646553402462,0.3504994023704613,-0.04356798667568144,0.11877994764507231
60.15,-0.08092081150299807,0.35409258932116516,-0.04471071673340163,0.12227731689696929
60.160000000000004,-0.08187970743434325,0.35743032456348556,-0.045841180218890755,0.1258073042239928
60.17,-0.08280282894412505,0.3605130285382012,-0.046959022995494586,0.1293700501475214
60.18,-0.08368987713731776,0.3633413561911447,-0.04806388765361915,0.13296555767014703
60.19,-0.08454057853165992,0.36591619360215555,-0.04915541351288398,0.13659369351111106
60.2,-0.08535468495851878,0.36823865451434185,-0.05023323663787273,0.14025418959134214
60.21,-0.08613197344111281,0.3703100767761007,-0.051296989867330146,0.14394664475874944
60.22,-0.0868722460504652,0.3721320187040963,-0.052346302856628515,0.14767052673909534
60.230000000000004,-0.0875753297394471,0.3737062553770941,-0.05338080213330714,0.15142517430066726
60.24,-0.08824107615529297,0.37503477486860226,-0.054400111165464976,0.15520979962000617
60.25,-0.08886936143096992,0.37611977442642375,-0.05540385044276736,0.15902349083678918
60.26,-0.08946008595578338,0.37696365660620706,-0.05639163756980955,0.1628652147860143
60.27,-0.09001317412561592,0.3775690253659336,-0.05736308737156112,0.16673381989605612
60.28,-0.09052857407319036,0.37793868212737963,-0.05831781201059987,0.1706280392414316
60.29,-0.09100625737875633,0.37807562181060894,-0.059255421115827794,0.1745464937394218
60.300000000000004,-0.09144621876159968,0.37798302884669094,-0.060175521922347784,0.17848769548004598
60.31,-0.09184847575277864,0.3776642731737241,-0.06107771942216662,0.1824500511791904
60.32,-0.09221306834949006,0.3771229062205012,-0.06196161652537712,0.18643186574501452
60.33,-0.09254005866732032,0.37636214278565916,-0.06282681423014008,0.19043138882949856
60.34,-0.09282953082160296,0.3753781924599324,-0.06367291178164922,0.19444738119653857
60.35,-0.09308159111433538,0.37416874533562194,-0.0644995069009401,0.19847556353145587
60.36,-0.09329636817771529,0.3727349765232456,-0.06530619624198311,0.20250880117098888
60.370000000000005,-0.09347401296696342,0.37107642510998273,-0.06609257590800728,0.20654455357703036
60.38,-0.09361469867180833,0.36919565038640934,-0.06685824176627439,0.2105812877457811
60.39,-0.09371862047935148,0.3670962452075779,-0.06760278975394053,0.21461320705757084
60.4,-0.09378599521358891,0.3647822262254959,-0.06832581632556105,0.21863610044379672
60.410000000000004,-0.09381706103938486,0.36225419328268205,-0.0690269188233716,0.2226484490690645
60.42,-0.09381207744806139,0.3595088229797316,-0.06970569567591076,0.2266489731980217
60.43,-0.09377132543097606,0.35654515923585595,-0.07036174653668528,0.23063623117399765
60.44,-0.09369510759468765,0.3533628730614909,-0.070994672475497,0.23460717967024305
60.45,-0.09358374820848206,0.34996132633854243,-0.0716040762702175,0.2385581845378859
60.46,-0.09343759318038296,0.3463422975502212,-0.07218956270398491,0.24248740523749285
60.47,-0.09325700989705445,0.34250832163595246,-0.07275073877227371,0.24639342801074568
60.480000000000004,-0.09304238700231356,0.33846118349685317,-0.07328721383741754,0.2502747090536496
60.49,-0.09279413414294524,0.3342044483114952,-0.07379859978110087,0.2541297050231008
60.5,-0.09251268163014167,0.32974205318977173,-0.07428451118036597,0.2579561925904616
60.51,-0.09219848002667695,0.325078626762049,-0.0747445656173624,0.26174870037257664
60.52,-0.09185199970357491,0.3202184612931457,-0.07517838424355645,0.2654991420977542
60.53,-0.09147373043148072,0.31516483270236806,-0.07558559259887476,0.2691974326573192
60.54,-0.09106418097180294,0.3099228747960533,-0.07596582155190217,0.2728344351088273
60.550000000000004,-0.09062387858488212,0.3044981023190514,-0.0763187082344395,0.27640095571338374
60.56,-0.09015336847558081,0.29889627884396996,-0.07664389694708908,0.27988822144601067
60.57,-0.0896532131906737,0.2931241052180688,-0.07694104003076856,0.28328792446905293
60.58,-0.08912399196454102,0.287188314429228,-0.07720979874370937,0.28659056379919023
60.59,-0.08856630003390369,0.2810960069213972,-0.07744984414620276,0.2897879969509388
60.6,-0.08798074791274366,0.274854978727152,-0.07766085789707938,0.2928735297486707
60.61,-0.08736796063162701,0.2684728432617136,-0.0778425330405074,0.2958375937639066
60.620000000000005,-0.08672857694171492,0.2619582222021932,-0.07799457486567188,0.29867192904798956
60.63,-0.08606324842971717,0.255321146403449,-0.07811670166146142,0.30137142081047197
60.64,-0.08537263856370673,0.24857100402190319,-0.0782086453885696,0.30392775824197227
60.65,-0.08465742174073604,0.24171726712351366,-0.07827015244747094,0.3063326230664521
60.660000000000004,-0.08391828231678414,0.234770273153376,-0.07830098442550988,0.3085804292929522
60.67,-0.08315591359963163,0.22774013806088078,-0.07830091872876717,0.31066495538317696
60.68,-0.08237101684530397,0.22063667716811203,-0.07826974921688604,0.31257915024286126
60.69,-0.08156430026932311,0.2134698628722525,-0.07820728687476151,0.3143165006264618
60.7,-0.08073647804539219,0.20625003235637013,-0.07811336043127393,0.3158718776009423
60.71,-0.07988826928339801,0.1989875250377504,-0.077987816888598,0.3172404887212313
60.72,-0.07902039700675095,0.19169247977745735,-0.07783052201510811,0.3184172949467552
60.730000000000004,-0.0781335871438058,0.1843749130155749,-0.0776413608412811,0.3193973376382632
60.74,-0.077228567527173,0.17704492371302685,-0.07742023813172089,0.3201764593541627
60.75,-0.07630606689184863,0.16971260896994417,-0.07716707879741674,0.3207511041157556
60.76,-0.07536681387841798,0.1623878645385432,-0.07688182826144377,0.32111774780146995
60.77,-0.07441153605222861,0.15508040462936654,-0.07656445280622705,0.3212730262524998
60.78,-0.0734409589333393,0.14780002585689417,-0.07621493987937412,0.3212146399352338
60.79,-0.07245580503442904,0.1405562624669488,-0.07583329834306382,0.320940311005926
60.800000000000004,-0.07145679291243476,0.1333585819470534,-0.07541955867953341,0.32044846668196386
60.81,-0.0704446362318051,0.12621636032089978,-0.07497377313989065,0.3197382272951997
60.82,-0.06942004283776851,0.11913884762282466,-0.07449601581880008,0.31880955355741764
60.83,-0.06838371384145125,0.11213517833190625,-0.07398638265659538,0.3176629685299412
60.84,-0.06733634272121948,0.10521423471565458,-0.07344499139376293,0.31629909997126154
60.85,-0.06627861444720565,0.0983846339582537,-0.07287198149913635,0.3147188988666678
60.86,-0.06521120463361589,0.0916546862245462,-0.07226751407339363,0.31292353129225065
60.870000000000005,-0.06413477872107157,0.0850323962316844,-0.07163177172731801,0.3109144291669145
60.88,-0.06304999119028597,0.07852544449144316,-0.07096495843536775,0.30869326072373704
60.89,-0.061957484808183874,0.07214117989516639,-0.07026729936470909,0.30626194033961707
60.9,-0.06085788990754545,0.0658866078645303,-0.069539040680141,0.3036226178843424
60.910000000000004,-0.059751823701142494,0.059768381941812776,-0.06878044932528322,0.3007776775397397
60.92,-0.05863988963127069,0.05379279491648345,-0.06799181278050463,0.2977297311213113
60.93,-0.057522676755490706,0.04796577143414808,-0.06717343879809087,0.2944816134140862
60.94,-0.056400759169307334,0.042292861129605716,-0.06632565511521406,0.2910363757888321
60.95,-0.05527469546643144,0.03677923275830476,-0.06544880914530499,0.28739727999714393
60.96,-0.054145028237190626,0.031429669090915886,-0.0645432676484777,0.28356779122765524
60.97,-0.05301228360557171,0.02624856243617201,-0.06360941638174787,0.2795515692237587
60.980000000000004,-0.05187697080526996,0.021239912178063588,-0.06264765972993998,0.27535245801513036
60.99,-0.050739581794868774,0.016407326996954026,-0.0616584203174768,0.27097450178288335
61.0,-0.04960059091224641,0.011754019030855245,-0.060642138601065265,0.26642192574642787
61.01,-0.04846045456856289,0.007282800254049234,-0.059599272444569286,0.26169911488086334
61.02,-0.047319610982076515,0.00299608296337234,-0.058530296677660576,0.2568106087101217
61.03,-0.046178479951816065,-0.001104120034288593,-0.05743570263925878,0.2517610905166454
61.04,-0.045037462671022044,-0.005016193940878333,-0.056315997706654415,0.24655537907969208
61.050000000000004,-0.04389694158021094,-0.008738920036292827,-0.05517170481123734,0.24119841891803112
61.06,-0.042757280259626794,-0.012271472895239416,-0.05400336194176314,0.2356952711031116
61.07,-0.04161882336079137,-0.015613416992127538,-0.05281152163610041,0.23005110365597076
61.08,-0.04048189657678585,-0.018764702599441848,-0.05159675046240964,0.22427118207260743
61.09,-0.03934680665083302,-0.02172566106343339,-0.050359628490708234,0.21836085975217479
61.1,-0.03821384142269056,-0.024496999444952434,-0.049100748755776115,0.21232556848903925
61.11,-0.03708326991229659,-0.027079794566897433,-0.04782071671235506,0.2061708089932918
61.120000000000005,-0.035955342440057166,-0.029475486479686036,-0.04652014968358872,0.1999021415020402
61.13,-0.03483029078310388,-0.031685871374332986,-0.04519967630364181,0.19352517649232975
61.14,-0.03370832836679536,-0.033713093962380626,-0.043859935955426914,0.18704556553069981
61.15,-0.032589650490689584,-0.035559639349135044,-0.042501578204352054,0.18046899227985128
61.160000000000004,-0.03147443458815514,-0.037228324423101325,-0.04112526222898764,0.17380116368789453
61.17,-0.030362840518749663,-0.038722288787833056,-0.03973165624953186,0.1670478013806201
61.18,-0.029255010892449043,-0.040044985261673424,-0.03832143695493303,0.16021463327730626
61.19,-0.02815107142476141,-0.04120016997258272,-0.036895288929505644,0.15330738544778255
61.2,-0.02705113132172806,-0.04219189207568363,-0.035453904079851536,0.1463317742272324
61.21,-0.025955283693774304,-0.04302448312220599,-0.03399798106287207,0.13929349860319296
61.22,-0.024863605997340683,-0.04370254610914023,-0.0325282247156297,0.13219823288740284
61.230000000000004,-0.023776160503186795,-0.04423094423947549,-0.03104534548778911,0.12505161968331957
61.24,-0.02269299479024676,-0.04461478942347254,-0.029550058877337297,0.1178592631583708
61.25,-0.021614142263873523,-0.044859430549749994,-0.02804308487025266,0.11062672262785912
61.26,-0.02053962269730036,-0.04497044152876972,-0.026525147384761038,0.1033595064530481
61.27,-0.019469442794904073,-0.04495360221669932,-0.024996973720798257,0.0960630658482649
61.28,-0.018403596774391035,-0.04481484316713985,-0.02345929401534215,0.08874278721726174
61.29,-0.017342066966542228,-0.04456030193571578,-0.021912840704167148,0.0814039904784728
61.300000000000004,-0.016284824434241833,-0.04419632442959886,-0.02035834799038253,0.07405192493136914
61.31,-0.015231829610491016,-0.043729417278290716,-0.01879655132018043,0.06669176308452415
61.32,-0.014183032952840024,-0.043166239894156785,-0.01722818686630047,0.05932859677536173
61.33,-0.01313837561245008,-0.04251358946807827,-0.01565399101964812,0.05196743315996075
61.34,-0.012097790116543107,-0.04177838970303241,-0.014074699889449014,0.04461319122666464
61.35,-0.011061201062984014,-0.04096767770677871,-0.012491048812291987,0.03727069849322044
61.36,-0.010028525825754692,-0.04008859186977802,-0.010903771870384035,0.02994468804332732
61.370000000000005,-0.008999675270082651,-0.039148359327706043,-0.009313601419311831,0.022639795810819707
61.38,-0.007974554475987806,-0.0381542837373882,-0.007721267625577496,0.015360558140864358
61.39,-0.006953063469026477,-0.03711373301586146,-0.006127498014149663,0.008111409597062197
61.4,-0.005935097957013611,-0.03603412723885943,-0.004533017026246076,0.0008966810120085287
61.410000000000004,-0.004920550071521884,-0.03492292661509862,-0.0029385455875394415,-0.006279402235583446
61.42,-0.003909309112871027,-0.03378761681606819,-0.0013448006866540678,-0.013412711921435361
61.43,-0.0029012622955113827,-0.03263563934023926,0.00024750504269319243,-0.020499013881108957
61.44,-0.0018962954920546166,-0.031474455651618945,0.0018376637378872366,-0.027534234199460626
61.45,-0.000894293978272197,-0.0303115640236372,0.00342497270965667,-0.03451456138048271
61.46,0.00010485682058035373,-0.029154443415859703,0.005008734824891156,-0.04143628969536512
61.47,0.0011012705848049552,-0.028010544819313133,0.006588258875448457,-0.0482958290918516
61.480000000000004,0.002095059358580447,-0.02688727891060564,0.008162859935693474,-0.055089700808537354
61.49,0.003086332812640341,-0.025792005994191108,0.009731859708701817,-0.06181454028116123
61.5,0.004075197512383474,-0.024732025092098063,0.011294586861099408,-0.06846709622889649
61.51,0.0050617561928852145,-0.02371454992402968,0.012850377346463411,-0.07504423271928033
61.52,0.006046107049207751,-0.022746481631890563,0.014398574716649428,-0.0815429470639574
61.53,0.007028343044681722,-0.021834699575908372,0.015938530420891103,-0.08796034491643014
61.54,0.008008551224631526,-0.02098614874441018,0.017469604093798538,-0.09429363214960891
61.550000000000004,0.008986812031188408,-0.020207657259207437,0.018991163832704855,-0.10054012913125616
61.56,0.009963198626363367,-0.01950593874581382,0.020502586463858934,-0.10669726943781305
61.57,0.01093777622730647,-0.018887577001479437,0.022003257797234443,-0.11276260025994982
61.58,0.01191060145491658,-0.018359010857619148,0.023492572871421178,-0.11873373513393913
61.59,0.012881721702505098,-0.017926350549861213,0.02496993621647861,-0.12460752607573868
61.6,0.013851174526608726,-0.017595612373765224,0.026434762141366162,-0.13038120435173375
61.61,0.014818987058792593,-0.01737249837046585,0.027886474993953227,-0.1360527695855779
61.620000000000005,0.015785175443098168,-0.017262445780974266,0.02932450937281135,-0.1416203108129543
61.63,0.016749744288089837,-0.017271047877213466,0.03074831031627298,-0.14708201812516858
61.64,0.01771268612032016,-0.017403782249810276,0.032157333481626756,-0.15243618130101053
61.65,0.018673980850119867,-0.017665822323322294,0.03355104533099399,-0.157680648564052
61.660000000000004,0.01963359527794027,-0.018061591318840487,0.03492892338518235,-0.16281170810588058
61.67,0.02059148264204268,-0.01859556235859539,0.03629045651427708,-0.16782723699306745
61.68,0.021547582172357943,-0.019272414611240348,0.037635145148770976,-0.1727261421887655
61.690000000000005,0.022501818646610768,-0.020096411132103403,0.038962501490365065,-0.17750467457557484
61.7,0.02345410197132262,-0.021071552435027566,0.04027204985504178,-0.18215838934414513
61.71,0.024404326784960094,-0.02220181321135105,0.04156332701905617,-0.18668555968593692
61.72,0.025352372073247666,-0.02349099365227026,0.04283588241324628,-0.19108546805905205
61.730000000000004,0.026298100801962057,-0.024942632594529706,0.044089278215180126,-0.1953573511872739
61.74,0.027241359573555092,-0.026560031573540525,0.04532308941502767,-0.1995007236749955
61.75,0.028181978308714772,-0.02834623473633621,0.04653690386536159,-0.20351520503582723
61.76,0.029119769953266608,-0.0303040320340118,0.04773032231435639,-0.20740060659882104
61.77,0.03005453021089609,-0.03243595116059206,0.0489029584228498,-0.21115688813874386
61.78,0.030986037302077128,-0.03474425557866154,0.05005443876503167,-0.2147841793140874
61.79,0.03191405174959443,-0.03723093990317663,0.051184402812909,-0.21828276833189197
61.800000000000004,0.032838316191008604,-0.03989772705832152,0.052292502904540177,-0.22165310662720353
61.81,0.033758555218381524,-0.04274606497396995,0.05337840419614742,-0.22489580514765523
61.82,0.03467447524555919,-0.045777123963020305,0.05444178459819644,-0.2280116344385669
61.83,0.03558576440326503,-0.04899179419946881,0.05548233469558312,-0.23100152242161073
61.84,0.036492092462244344,-0.05239068359884716,0.05649975765208148,-0.23386655291254813
61.85,0.03739311078465595,-0.05597411594759627,0.05749376909924166,-0.2366079633492956
61.86,0.03828845230388306,-0.05974212936354086,0.058464097009951914,-0.23922714248972102
61.870000000000005,0.039177731532905526,-0.06369447504610858,0.059410481556907827,-0.2417256276964663
61.88,0.04006054460134321,-0.06783061633979835,0.06033267495626065,-0.244105101998416
61.89,0.040936469321250134,-0.07214972809934082,0.06123044129674504,-0.24636739083411072
61.9,0.04180506528170748,-0.07665069636387944,0.06210355635461553,-0.24851445852596896
61.910000000000004,0.0426658739722372,-0.08133211833678593,0.06295180739474862,-0.2505484044641527
61.92,0.043518418935018746,-0.08619230267348599,0.06377499295829718,-0.2524714590153982
61.93,0.044362205924778436,-0.09122995392344121,0.06457292260862624,-0.2542869084464779
61.940000000000005,0.04519672293688786,-0.09644760094105201,0.06534541652684629,-0.2560011385083314
61.95,0.04602143997933538,-0.10184972193235456,0.06609230502411162,-0.25761759423722846
61.96,0.046835808855701544,-0.10743490352329507,0.06681342816990914,-0.2591386802396237
61.97,0.04763926320534552,-0.1132015742699457,0.06750863543744817,-0.2605697940711585
61.980000000000004,0.04843121859784498,-0.11915041626789845,0.06817778528078697,-0.26191442378283736
61.99,0.049211072643009,-0.125278114208565,0.06882074477656007,-0.26317510262367894
62.0,0.04997820530663752,-0.13157963413672918,0.06943738933795274,-0.2643547733344695
62.01,0.05073197939099644,-0.13804989108438304,0.0700276024289066,-0.2654563297379166
62.02,0.051471741031714105,-0.14468443840286838,0.07059127523363425,-0.26648393121331987
62.03,0.052196820134850976,-0.15147977997400566,0.07112830627639488,-0.2674413550832335
62.04,0.05290653082659149,-0.15843008737012504,0.07163860106015256,-0.2683315674268686
62.050000000000004,0.05360017203497063,-0.16552836760569606,0.07212207175032057,-0.2691576170927854
62.06,0.05427702817774439,-0.1727675241936521,0.07257863687028529,-0.2699225604953758
62.07,0.05493636989298581,-0.18013997401596205,0.07300822099417617,-0.2706294797870075
62.08,0.05557745480399335,-0.1876378563914477,0.07341075443803814,-0.271281464115168
62.09,0.0561995283375814,-0.1952523253714439,0.07378617294850644,-0.27188165721244417
62.1,0.05680182472789807,-0.20297026691924402,0.07413441737935023,-0.27243350535643307
62.11,0.05738356835047352,-0.2107753182983054,0.07445543334517965,-0.2729406767276788
62.120000000000005,0.05794397532841861,-0.21865022472269147,0.07474917083919048,-0.2734074563566552
62.13,0.05848225529656839,-0.22657611547310896,0.07501558381807817,-0.27383806459314813
62.14,0.058997613268790376,-0.23453391857145944,0.07525462979425963,-0.2742361956442747
62.15,0.05948925156423569,-0.2425039885037143,0.07546626945596747,-0.2746055262393527
62.160000000000004,0.0599563717261768,-0.25046794919493987,0.07565046630373543,-0.27494956868646037
62.17,0.06039817643831314,-0.25840582641309434,0.07580718629373431,-0.2752718894886998
62.18,0.06081387142496895,-0.2662998959420866,0.07593639748939493,-0.2755758071114702
62.190000000000005,0.06120266730950274,-0.27413119379776085,0.07603806974784426,-0.2758638761932554
62.2,0.06156378151835223,-0.28187980413757097,0.07611217458738133,-0.276134168557138
62.21,0.06189644023621988,-0.28952645474972094,0.07615868540456286,-0.2763810918922465
62.22,0.06219988040149771,-0.2970501333220458,0.0761775780115995,-0.2765974093323173
62.230000000000004,0.062473351733503234,-0.3044311524676221,0.07616883134052574,-0.2767754588548496
62.24,0.06271611871747881,-0.3116501697062586,0.07613242824198996,-0.2769062475764674
62.25,0.06292746254285987,-0.3186879397654135,0.07606835633607036,-0.2769815005061292
62.26,0.0631066829986367,-0.32552621334269416,0.07597660886855849,-0.27699247075509953
62.27,0.06325310029791792,-0.3321473621619453,0.07585718561675404,-0.2769291048805185
62.28,0.06336605681557715,-0.3385349286305658,0.07571009378352665,-0.2767841236516902
62.29,0.06344491874083709,-0.34467292462917565,0.075535348823054,-0.2765488608244994
62.300000000000004,0.06348907768220043,-0.3505453862142238,0.07533297534938292,-0.2762124128443259
62.31,0.06349795217498876,-0.3561391473926451,0.07510300801023063,-0.2757694720779203
62.32,0.063470989039664,-0.36144136827841283,0.07484549222650161,-0.2752115620850924
62.33,0.06340766465923191,-0.3664395031246639,0.07456048500818238,-0.2745292223975272
62.34,0.06330748618207031,-0.3711227282129221,0.07424805575445513,-0.27371710827668727
62.35,0.06316999262949917,-0.37548034622115545,0.0739082869057678,-0.2727687181052457
62.36,0.06299475595848512,-0.37950179203016643,0.07354127460649901,-0.27167642583710583
62.370000000000005,0.06278138207936665,-0.38317764907789637,0.07314712938468974,-0.2704345938833427
62.38,0.06252951178592782,-0.386499402850078,0.07272597671866518,-0.2690387893534628
62.39,0.062238821605721556,-0.389458929711274,0.07227795751810526,-0.26748415280692195
62.4,0.061909024592146755,-0.3920487755305789,0.07180322858934696,-0.2657662489426218
62.410000000000004,0.06153987104171437,-0.3942625744749003,0.07130196303533475,-0.2638823559002421
62.42,0.061131149122874665,-0.3960946428271779,0.07077435054910768,-0.26183018986109613
62.43,0.06068268542999174,-0.39753992125247406,0.07022059764419851,-0.2596077151055187
62.440000000000005,0.060194345458044814,-0.39859447065161197,0.06964092780886724,-0.2572146878514976
62.45,0.059666033988171496,-0.39925503692987796,0.0690355815534333,-0.25465130339963293
62.46,0.05909769538867817,-0.3995192808866729,0.06840481636476774,-0.2519189169731237
62.47,0.05848931382158805,-0.39938601124045237,0.06774890653624646,-0.24902078317020943
62.480000000000004,0.05784091334840381,-0.39885487064428127,0.06706814285211819,-0.24596109325636092
62.49,0.05715255795132148,-0.39792616353648863,0.06636283217529675,-0.2427444542727421
62.5,0.056424351485947474,-0.3966008124982071,0.06563329698698625,-0.239375770142502
62.51,0.05565643757077213,-0.39488036881921035,0.06487987489335242,-0.23586027228754056
62.52,0.05484899941268741,-0.39276704727199296,0.06410291810200769,-0.2322034569286495
62.53,0.0540022595706957,-0.39026359602604843,0.06330279287007934,-0.22841110810142445
62.54,0.05311647966417624,-0.38737327589581244,0.06247987892470567,-0.22448927378501443
62.550000000000004,0.052191960027775666,-0.38409990944121,0.06163456885782505,-0.2204442292316127
62.56,0.05122903931177766,-0.3804478537915372,0.06076726749825429,-0.21628245364275614
62.57,0.05022809402876958,-0.3764219877236519,0.059878391263706456,-0.21201060480309636
62.58,0.049189538048462524,-0.3720276903018884,0.05896836749524031,-0.20763549376615575
62.59,0.04811382204255779,-0.3672708228436665,0.05803763377669573,-0.2031640587133645
62.6,0.047001432881631465,-0.3621577084113098,0.057086637241714075,-0.19860333869064192
62.61,0.04585289298604248,-0.3566951119125288,0.05611583387097173,-0.19396044710400087
62.620000000000005,0.04466875963294656,-0.3508902184406911,0.05512568778219998,-0.18924254749953734
62.63,0.04344962422185329,-0.34475060288785614,0.05411667051632744,-0.18445680113832527
62.64,0.04219611150127397,-0.33828421056579694,0.053089260323888554,-0.17961033211783986
62.65,0.040908878758403926,-0.33149934503741885,0.05204394145436032,-0.1747102301446214
62.660000000000004,0.03958861497347515,-0.32440464742058484,0.05098120344955197,-0.16976353184155096
62.67,0.038236039940718544,-0.31700907560986563,0.049901540442725247,-0.16477719452288855
62.68,0.03685190335803581,-0.30932188354898527,0.04880545046577633,-0.1597580745555689
62.690000000000005,0.03543698388746959,-0.30135260068700975,0.047693434766758996,-0.15471290481659927
62.7,0.03399208818855222,-0.2931110116336322,0.046565997139920406,-0.14964827415253662
62.71,0.032518049926575705,-0.2846071360544262,0.04542364327032107,-0.14457060751461423
62.72,0.031015728757818214,-0.27585120885637915,0.044266880094990115,-0.13948614755566852
62.730000000000004,0.02948600929372041,-0.2668536606759488,0.04309621518244755,-0.13440093739113432
62.74,0.027929800045978552,-0.2576250987141578,0.041912156132294834,-0.12932080475885596
62.75,0.026348032354484283,-0.24817628792627558,0.04071520999644187,-0.12425134752370696
62.76,0.024741659300005298,-0.23851813259464755,0.039505882723400575,-0.11919792060405776
62.77,0.023111654603470734,-0.22866165798727842,0.038284678626935985,-0.11416562428230258
62.78,0.02145901151606751,-0.21861791553119497,0.03705209988034851,-0.10915928994502856
62.79,0.019784741705140493,-0.20839798431441897,0.035808646037458945,-0.10418347552372191
62.800000000000004,0.018089874133656206,-0.19801310224857127,0.03455481358081898,-0.09924246494849852
62.81,0.016375453929133327,-0.18747459009011463,0.03329109549762314,-0.09434025663577993
62.82,0.01464254124492868,-0.17679379627341557,0.03201798088410743,-0.08948055678542323
62.83,0.01289221011799873,-0.16598209948873804,0.03073595457906642,-0.08466677691894683
62.84,0.011125547324850181,-0.1550508847478017,0.029445496826815035,-0.07990203144289197
62.85,0.009343651237121147,-0.14401153335659445,0.02814708296978102,-0.07518913710035698
62.86,0.007547630678274834,-0.13287540655568914,0.026841183170792267,-0.07053061329588652
62.870000000000005,0.0057386037828384825,-0.12165383194489224,0.02552826216511756,-0.06592867999804361
62.88,0.003917696862562575,-0.11035799378508993,0.02420877905293046,-0.06138491525423027
62.89,0.0020860432827086222,-0.09899901281963888,0.022883187139002566,-0.05690058424668942
62.9,0.00024478234438562974,-0.08758802137988235,0.021551933800189382,-0.05247696157368574
62.910000000000004,-0.0016049418296778758,-0.07613607788868892,0.02021546036619168,-0.048115074842335896
62.92,-0.003461981402477108,-0.06465414375922225,0.01887420202094363,-0.04381567054126907
62.93,-0.005325185920205404,-0.05315307770261524,0.01752858773055747,-0.03957924087237137
62.940000000000005,-0.007193403398710979,-0.04164362242559161,0.01617904019723308,-0.03540602186150633
62.95,-0.009065481397900099,-0.030136395756364703,0.014825975838282893,-0.03129600676075706
62.96,-0.010940268083065384,-0.01864188019213381,0.013469804789445438,-0.027248952609779484
62.97,-0.012816613272173438,-0.007170413785821377,0.012110930931569468,-0.02326439093405115
62.980000000000004,-0.014693369464127045,0.004267950586715223,0.010749751939640673,-0.01934163976467805
62.99,-0.016569392839692023,0.01566348597564081,0.009386659352944762,-0.015479816763957007
63.0,-0.018443544242019373,0.027006412536089187,0.008022038665449331,-0.0116778403240937
63.01,-0.020314690150180195,0.03828703737403617,0.006656269435701004,-0.007934442005731445
63.02,-0.022181703642168985,0.04949588638550219,0.0052897254151780685,-0.004248180210788081
63.03,-0.024043465339656147,0.060623657705864226,0.00392277469388337,-0.0006174499188976603
63.04,-0.02589886433263239,0.07166127313294782,0.002555779864783141,0.0029595936152315237
63.050000000000004,-0.027746799076812104,0.08260005779746661,0.001189098238751303,0.006485944550548032
63.06,-0.029586178262776423,0.09343145521741239,-0.0001769178881693641,0.00996430025599785
63.07,-0.031415921668602,0.10414698528951133,-0.001541920976411826,0.013396810065389769
63.08,-0.0332349609987197,0.11473840242271247,-0.0029055680119087373,0.016785805025910844
63.09,-0.03504224070269485,0.12519767555627304,-0.004267520275625141,0.02013366128576143
63.1,-0.03683671877092901,0.13551701808975253,-0.005627443104291542,0.023442852811830135
63.11,-0.03861736749620756,0.1456892134546624,-0.0069850056441129954,0.026715896800580178
63.120000000000005,-0.04038317419767707,0.15570719275638242,-0.008339880598475036,0.029955373704520755
63.13,-0.042133141927096725,0.16556385321475764,-0.0096917439700683,0.03316391684261418
63.14,-0.04386629016545103,0.1752523466088317,-0.011040274794611594,0.03634430823695377
63.15,-0.04558165549189634,0.18476632306565632,-0.01238515480710223,0.03950124532606404
63.160000000000004,-0.04727829221836987,0.1940995819428088,-0.01372606803017663,0.042638789152909515
63.17,-0.04895527300476382,0.20324598763781354,-0.015062700397655782,0.04575965392591299
63.18,-0.05061168945753011,0.212199729354003,-0.016394739454806465,0.0488666325368915
63.190000000000005,-0.05224665269371701,0.22095555052939397,-0.01772187408397994,0.05196243276258785
63.2,-0.053859293870949045,0.22950821066958102,-0.019043794232787892,0.05504976571468028
63.21,-0.055448764697791794,0.23785271542431735,-0.020360190568573876,0.05813378045602004
63.22,-0.05701423792105546,0.24598439849795434,-0.021670753999284354,0.061220052405371345
63.230000000000004,-0.05855490779048593,0.25389863722821127,-0.022975175204575406,0.06431158321343208
63.24,-0.06006999050682642,0.2615910535904704,-0.024273144296444015,0.06741102539698807
63.25,-0.061558724648295614,0.26905753673766486,-0.02556435055076945,0.07052094182034369
63.26,-0.06302037157086766,0.27629423499553696,-0.026848482159306814,0.07364360036794
63.27,-0.06445421578201277,0.28329756690826124,-0.028125225998687775,0.07678124776706867
63.28,-0.06585956528769317,0.2900642162444118,-0.029394267411184435,0.07993597264884986
63.29,-0.06723575191260728,0.2965911338572278,-0.030655289996683523,0.08310976721422177
63.300000000000004,-0.06858213159375516,0.3028755358258325,-0.03190797541667293,0.08630449020140876
63.31,-0.06989808464740876,0.3089149030405183,-0.03315200321044784,0.08952187988399679
63.32,-0.0711830160095994,0.31470697972896705,-0.0343870506239764,0.0927635426914376
63.33,-0.07243635545025472,0.3202497721554841,-0.035612792451684375,0.09603095465224977
63.34,-0.0736575577611441,0.32554154690328174,-0.036828900891444784,0.09932545703836973
63.35,-0.07484610291780965,0.33058082904092545,-0.038035045412985115,0.10264825550538789
63.36,-0.07600149621568143,0.3353664000386836,-0.039230892639901406,0.10600041806283225
63.370000000000005,-0.07712326838059395,0.3398972955147171,-0.04041610624542325,0.10938287418846036
63.38,-0.07821097565394533,0.3441728027867503,-0.0415903468620401,0.11279641391060409
63.39,-0.07926419985274992,0.3481924582567711,-0.04275327200506283,0.11624168742656928
63.4,-0.08028254840485802,0.3519560446315066,-0.043904536010161005,0.11971920495334819
63.410000000000004,-0.08126565435963005,0.35546358799400524,-0.04504378998488312,0.12322933694217447
63.42,-0.08221317637436897,0.3587153547357367,-0.04617068177413584,0.12677231457093963
63.43,-0.08312479867681957,0.3617118483616713,-0.04728485593956904,0.13034823053704467
63.440000000000005,-0.08400023100407325,0.3644538061789748,-0.04838595375278298,0.13395704011918583
63.45,-0.08483920851820413,0.36694219588067084,-0.04947361320224905,0.13759856250360883
63.46,-0.08564149169899554,0.3691782120345185,-0.05054746901380737,0.14127248235715703
63.47,-0.08640686621411077,0.37116327248727615,-0.05160715268458102,0.14497835163625372
63.480000000000004,-0.08713514276706953,0.37289901469377906,-0.05265229253012372,0.14871559161789624
63.49,-0.0878261569234128,0.37438729197963383,-0.05368251374459405,0.15248349514064882
63.5,-0.08847976891542532,0.3756301697457462,-0.05469743847373049,0.15628122904304254
63.51,-0.08909586342580633,0.37662992162250014,-0.055696685900380495,0.16010783678752438
63.52,-0.08967434935067599,0.3773890255803627,-0.056679872342319235,0.16396224125820577
63.53,-0.09021515954231037,0.37791016000395483,-0.05764661136207591,0.16784324772099882
63.54,-0.09071825053200347,0.37819619973517915,-0.05859651388846966,0.17174954693511
63.550000000000004,-0.09118360223345355,0.37825021209164755,-0.05952918834954245,0.17567971840506963
63.56,-0.09161121762707827,0.37807545286509936,-0.06044424081656134,0.17963223376292733
63.57,-0.09200112242565879,0.3776753623051118,-0.06134127515875139,0.18360546027042246
63.58,-0.0923533647217219,0.3770535610919892,-0.06221989320840617,0.1875976644314249
63.59,-0.09266801468914074,0.3762115090090228,-0.0630796949299878,0.19160721122038465
63.6,-0.0929451645699349,0.3751447522180318,-0.06392027857926581,0.19563269714322873
63.61,-0.09318492890465323,0.37385174189245896,-0.06474124101041978,0.19966749703588996
63.620000000000005,-0.09338744462897347,0.3723343747624509,-0.06554217820158229,0.20370611744805367
63.63,-0.09355287101594044,0.3705921891066157,-0.06632268570312788,0.2077470973268585
63.64,-0.0936813895474347,0.36862858042896646,-0.0670823589099497,0.21178750318736692
63.65,-0.09377320362562547,0.36644747236670844,-0.06782079342199285,0.21582131657088763
63.660000000000004,-0.09382853819615328,0.36405235097481536,-0.06853758549921653,0.21984533531570363
63.67,-0.0938476395328318,0.36144184061941387,-0.06923233237102443,0.2238585395710078
63.68,-0.09383077530938423,0.3586133236425798,-0.0699046323974838,0.22785941800304163
63.690000000000005,-0.0937782347573709,0.3555664873057538,-0.07055408521399936,0.2318463853512486
63.7,-0.09369032874897153,0.3523005788486854,-0.07118029196152943,0.23581551516397709
63.71,-0.09356738983002363,0.34881569695712566,-0.07178285560140835,0.23976393112957595
63.72,-0.09340977214571419,0.3451143461539048,-0.07236138118142411,0.24369015321728385
63.730000000000004,-0.0932178512454963,0.341198568563818,-0.0729154760149146,0.24759261150621065
63.74,-0.09299202385391354,0.3370707249803526,-0.0734447498337939,0.25146982954556296
63.75,-0.09273270759075894,0.33273460608816213,-0.07394881494298172,0.25532019345184875
63.76,-0.09244034060155544,0.3281944277547033,-0.07442728642444664,0.25914064068140175
63.77,-0.09211538112252737,0.3234549553383815,-0.0748797825198238,0.2629247258172617
63.78,-0.09175830704288669,0.31851990655739687,-0.07530592528717615,0.2666634589023913
63.79,-0.09136961550341625,0.31339315811795376,-0.07570534147555255,0.27034702825725826
63.800000000000004,-0.09094982246085306,0.30808012140362995,-0.07607766346685454,0.2739663832089553
63.81,-0.09049946216937524,0.3025863535289602,-0.07642253020080295,0.27751232708066526
63.82,-0.0900190866086697,0.29691794654708914,-0.0767395880676534,0.28097645265673554
63.83,-0.0895092648615202,0.29108169572031156,-0.07702849177445047,0.28435003845198065
63.84,-0.088970582444661,0.28508445892566026,-0.07728890523018822,0.28762374613032565
63.85,-0.08840364061266981,0.27893343289858463,-0.07752050240931213,0.2907901254133617
63.86,-0.08780905561975572,0.2726366089949275,-0.07772296812545457,0.2938420070585524
63.870000000000005,-0.08718745794443761,0.2662017062791714,-0.07789599884142537,0.2967693876919562
63.88,-0.0865394914699736,0.25963782356315923,-0.07803930351870496,0.29956533643761823
63.89,-0.08586581257118708,0.25295507834582515,-0.07815260432535401,0.3022244051436105
63.9,-0.08516708915423378,0.24616261632237801,-0.07823563732704901,0.3047373516477291
63.910000000000004,-0.08444399970344721,0.23927027264025968,-0.07828815327366168,0.30709695778155427
63.92,-0.08369723229614004,0.2322884553887905,-0.07830991830521186,0.3092978055822454
63.93,-0.08292748359040657,0.2252271048754675,-0.07830071456992241,0.31133314742671636
63.940000000000005,-0.0821354578274199,0.21809608742634018,-0.07826034087818041,0.31319604577449606
63.95,-0.08132186583916667,0.21090552591969164,-0.07818861336378985,0.314880479883391
63.96,-0.08048742403801054,0.20366578585115092,-0.07808536607115708,0.31638148164670665
63.97,-0.07963285339194827,0.19638715958651903,-0.07795045146892865,0.3176941932133793
63.980000000000004,-0.07875887840529569,0.18907974007785833,-0.07778374094381438,0.3188135468990181
63.99,-0.07786622611297216,0.18175355982113017,-0.07758512529326826,0.3197347755301961
64.0,-0.07695562507905732,0.17441875105679067,-0.07735451518017017,0.32045399495371374
64.01,-0.07602780439513694,0.167085345269868,-0.0770918415283542,0.32096763087453667
64.02,-0.07508349268795839,0.15976318253130006,-0.07679705588262531,0.32127219715531385
64.03,-0.07412341714318978,0.1524619643011159,-0.07647013074837822,0.32136452773579266
64.04,-0.07314830253800823,0.14519146215056108,-0.07611105988129306,0.32124250413050137
64.05,-0.07215887028212661,0.13796116199656644,-0.07571985851989245,0.3209039768662093
64.06,-0.07115583747466686,0.13078045910186276,-0.07529656357885862,0.32034744573092117
64.07000000000001,-0.07013991597232203,0.12365872099433231,-0.07484123378113586,0.3195723737144238
64.08,-0.06911181146633004,0.11660514103410967,-0.07435394970881709,0.31857889754581115
64.09,-0.06807222257302067,0.10962877726631012,-0.07383481378875886,0.3173675735244364
64.1,-0.06702183994273887,0.10273842843524944,-0.0732839502391475,0.3159391196607025
64.11,-0.06596134539338307,0.0959426056861749,-0.07270150499060431,0.31429455053190974
64.12,-0.06489141107285497,0.08924951679086651,-0.07208764558239669,0.31243510840965566
64.13,-0.06381269865206919,0.0826670552109791,-0.07144256103354252,0.3103622941585598
64.14,-0.06272585854972924,0.07620278802669547,-0.07076646168925656,0.30807784742592836
64.15,-0.0616315291899764,0.06986394561439785,-0.07005957904296266,0.30558375140063737
64.16,-0.0605303362939477,0.06365741169773942,-0.06932216553428709,0.3028822244899781
64.17,-0.059422892206191076,0.057589714435268544,-0.06855449432343133,0.29997571777094884
64.18,-0.058309795256808315,0.05166701825290922,-0.06775685904240827,0.2968669087959858
64.19,-0.057191629160104035,0.04589511655440574,-0.06692957352365761,0.2935586964930921
64.2,-0.0560689624504472,0.04027942526098062,-0.06607297150661375,0.29005419481243894
64.21000000000001,-0.05494234795595306,0.03482497719518508,-0.06518740632284034,0.2863567263266412
64.22,-0.05381232231052507,0.029536417304009986,-0.0642732505603918,0.28246981521302966
64.23,-0.052679405504713006,0.024417998243999903,-0.06333089570822954,0.27839717584725215
64.24,-0.05154410047568113,0.019473580334625047,-0.062360751781419504,0.27414271204458374
64.25,-0.05040689273635795,0.014706631472674115,-0.0613632469271238,0.2697105252094377
64.26,-0.04926825004394885,0.010120221019567022,-0.06033882701174172,0.2651048904219178
64.27,-0.04812862210815529,0.005717017892771048,-0.05928795519071512,0.2603302405243827
64.28,-0.046988440339282476,0.0014992910878944884,-0.05821111146243295,0.25539116038854753
64.29,-0.04584811763620612,-0.002531089731190015,-0.057108792207162175,0.2502923763119835
64.3,-0.04470804821409056,-0.00637265255210357,-0.05598150971190372,0.24503874758793934
64.31,-0.04356860747167851,-0.010024320791100397,-0.054829791682101725,0.23963525677053574
64.32000000000001,-0.04243015189790057,-0.013485410276279312,-0.05365418074114062,0.23408700042726696
64.33,-0.04129301901748294,-0.01675562560062927,-0.05245523391857729,0.22839917952963268
64.34,-0.04015752737516726,-0.019835055789378157,-0.05123352212806024,0.2225770899575667
64.35,-0.039023976558084816,-0.022724169345890187,-0.04998962963589202,0.21662611292633047
64.36,-0.037892647255777345,-0.02542380867408693,-0.04872415352118935,0.21055170547951307
64.37,-0.036763801357278476,-0.027935183913692443,-0.04743770312859419,0.2043593910210651
64.38,-0.03563768208463176,-0.030259866202654848,-0.046130899514480676,0.19805474994409775
64.39,-0.034514514162144655,-0.03239978039484408,-0.044804374887595894,0.19164341036915913
64.4,-0.03339450402064318,-0.034357197253398766,-0.043458772045058616,0.18513103902553874
64.41,-0.03227784003592446,-0.036134725145761236,-0.042094743804627695,0.17852333229621015
64.42,-0.031164692800568772,-0.037735301263862334,-0.0407129524341332,0.1718260074513158
64.43,-0.03005521542821723,-0.03916218239582515,-0.03931406907894569,0.1650447940902536
64.44,-0.02894954388937962,-0.04041893527490448,-0.03789877318833736,0.15818542581243064
64.45,-0.02784779737780069,-0.041509426533302515,-0.03646775194156527,0.1512536321340212
64.46000000000001,-0.026750078706365435,-0.04243781228859614,-0.03502169967448287,0.14425513066674098
64.47,-0.02565647473149762,-0.0432085273919383,-0.033561317307458934,0.13719561957261162
64.48,-0.024567056804967267,-0.04382627436730329,-0.03208731177535559,0.1300807703069814
64.49,-0.02348188125199492,-0.04429601207224532,-0.030600395460287973,0.1229162206601133
64.5,-0.022400989874511657,-0.04462294410986738,-0.02910128562785825,0.11570756810592935
64.51,-0.021324410478414605,-0.04481250702072352,-0.02759070386752574,0.10846036346426087
64.52,-0.02025215742363097,-0.044870358195984644,-0.026069375537743415,0.10118010487342206
64.53,-0.01918423219527696,-0.0448023474347307,-0.024538029216488684,0.09387223117066869
64.54,-0.01812062399301547,-0.04461447599717367,-0.022997396157843717,0.08654211510245811
64.55,-0.017061310338051146,-0.04431296223353459,-0.021448209755128657,0.07919506214438453
64.56,-0.01600625769956015,-0.04390422107441731,-0.019891205010935605,0.07183630540575611
64.57000000000001,-0.014955422139478793,-0.043394820456043134,-0.018327118014519857,0.06447099974798559
64.58,-0.01390874997301828,-0.04279147838411701,-0.01675668542704982,0.057104218198285484
64.59,-0.012866178443365845,-0.04210104553414598,-0.015180643975133705,0.04974094791274334
64.6,-0.011827636409346386,-0.0413304951855341,-0.013599729952996471,0.04238608681936853
64.61,-0.010793045044783659,-0.040486909523118286,-0.012014678733652735,0.035044440363561954
64.62,-0.009762318548329636,-0.03957746782916814,-0.010426224289390737,0.02772071863008562
64.63,-0.008735364862514786,-0.03860943381374175,-0.008835098721855363,0.020419533690403353
64.64,-0.007712086400796218,-0.03759014348900039,-0.007242031801990659,0.01314539723406564
64.65,-0.006692380781377576,-0.0365269928969826,-0.005647750520076243,0.005902718438084416
64.66,-0.005676141566588506,-0.03542742605778109,-0.004052978646067449,-0.0013041979208373083
64.67,-0.004663259006621985,-0.03429892296794558,-0.0024584363004253235,-0.00847115313184911
64.68,-0.003653620786069861,-0.033148975797297364,-0.0008648395342975991,-0.015594013815007104
64.69,-0.0026471127699719253,-0.031985028025131715,0.0007271000882606838,-0.022668539175513706
64.7,-0.0016436197486250559,-0.03081456230218131,0.0023166759045647545,-0.029690730945705
64.71000000000001,-0.0006430261838196637,-0.02964508522198471,0.0039031865505300242,-0.03665682282377164
64.72,0.000354783044186464,-0.028484073173107572,0.0054859363391019985,-0.04356313011282344
64.73,0.0013499218918683884,-0.027338974099270753,0.007064235626086718,-0.05040609624214488
64.74,0.002342502411313776,-0.026217190118167297,0.008637401164753346,-0.05718227020602561
64.75,0.00333263401383352,-0.02512607007505875,0.010204756449035426,-0.06388831851563706
64.76,0.0043204227393803234,-0.024072897414803816,0.011765632045356383,-0.07052101971762714
64.77,0.005305970534480825,-0.023064826354412593,0.013319365912875573,-0.07707727214981182
64.78,0.006289374547601164,-0.022108701947697967,0.014865303711493527,-0.08355410651028962
64.79,0.007270726440503944,-0.021211434151088275,0.016402799097801415,-0.08994865485682357
64.8,0.00825011170203053,-0.020379956214043773,0.01793121401019032,-0.09625815272290589
64.81,0.009227608964249078,-0.01962105543754729,0.019449918943214833,-0.10247995243847798
64.82000000000001,0.010203289328834863,-0.018941413863387248,0.020958293210652863,-0.10861151865205425
64.83,0.011177215706037389,-0.01834757434808961,0.022455725197161054,-0.11465043027065827
64.84,0.012149442168299466,-0.017845901579523524,0.023941612604893713,-0.12059417394559396
64.85,0.013120013325653233,-0.017442434721985076,0.025415362724857008,-0.12643950876696583
64.86,0.014088963722423232,-0.017143162466608387,0.02687639272363445,-0.13218391851149297
64.87,0.015056317257010551,-0.016953619835261065,0.028324129889271014,-0.13782551564102816
64.88,0.01602208662653375,-0.016879296963489963,0.029758011832824362,-0.14336237860732065
64.89,0.016986272779421732,-0.016925794748154133,0.031177486674372215,-0.14879274076082566
64.9,0.01794886437030875,-0.017098502673263287,0.03258201321937301,-0.15411492089194798
64.91,0.018909837236052326,-0.01740240092183979,0.03397106116225309,-0.15932611908189517
64.92,0.019869153916851744,-0.017841799049043112,0.03534411136204667,-0.164422936182252
64.93,0.02082676321019754,-0.01842127293239156,0.036700656116241355,-0.1694037062798241
64.94,0.02178259972373138,-0.019145448096877817,0.0380401993514271,-0.1742670679256049
64.95,0.022736583437412437,-0.020018417210418055,0.03936225687291284,-0.17900815084774038
64.96000000000001,0.023688619293754157,-0.02104419010968044,0.040666356739724775,-0.18362344145337847
64.97,0.024638596805059435,-0.022226706453193995,0.04195203956625155,-0.1881118768652876
64.98,0.025586389673291896,-0.02356967290996568,0.04321885867059297,-0.19247256978154317
64.99,0.026531855430475468,-0.02507655625917581,0.04446638015666269,-0.19670492874572024
65.0,0.02747483510343904,-0.026750571750362676,0.04569418297522162,-0.20080845865900102
65.01,0.028415152903635724,-0.028594681590573448,0.046901858968235136,-0.20478286079033237
65.02,0.029352615942518173,-0.03061158897967513,0.048089012897091006,-0.20862798307941144
65.03,0.030287013972881856,-0.0328037347824516,0.0492552624543915,-0.21234384497636688
65.04,0.031218119156585764,-0.03517329330980057,0.05040023825947002,-0.21593062465147855
65.05,0.03214568585901016,-0.03772216897523326,0.05152358383760044,-0.21938866465584989
65.06,0.03306945047059843,-0.04045199294881708,0.052624955582994515,-0.22271846797587289
65.07000000000001,0.033989131255792164,-0.04336412025281213,0.05370402270565766,-0.22592069849988275
65.08,0.034904428229639684,-0.046459627080175696,0.054760467162225115,-0.22899617887765167
65.09,0.03581502306233356,-0.04973930844947961,0.055793983570914404,-0.23194588927336085
65.1,0.036720579011895293,-0.05320367614210189,0.05680427911076502,-0.23477096525484814
65.11,0.0376207408852004,-0.05685295695148984,0.05779107340535967,-0.23747269569161417
65.12,0.038515135027506836,-0.060687091231551034,0.05875409839125227,-0.240052520221356
65.13,0.039403369340612754,-0.06470573175243444,0.05969309817135573,-0.2425120265023173
65.14,0.04028503332975321,-0.06890824286086134,0.060607828853570446,-0.24485294714183342
65.15,0.04115969817929248,-0.07329369994754995,0.06149805837496512,-0.24707715635635477
65.16,0.04202691685726336,-0.07786088922132135,0.0623635663118478,-0.2491866663374924
65.17,0.042886224248754864,-0.08260830779068425,0.06320414367609517,-0.25118362334049343
65.18,0.04373713731812737,-0.08753416405297938,0.06401959269813567,-0.253070303492307
65.19,0.04457915524657629,-0.09263811051094259,0.06480972652455817,-0.2548514556475404
65.2,0.04541175935982443,-0.09792448250693747,0.065574368763398,-0.2565327235085029
65.21000000000001,0.04623441285722782,-0.10339566399272539,0.06631335302875373,-0.2581167545552124
65.22,0.04704656068995045,-0.10904935490404156,0.06702652259166436,-0.2596069721029645
65.23,0.04784762964501328,-0.11488531556038906,0.0677137299988187,-0.26100851942830605
65.24,0.04863702842766129,-0.12090305991768373,0.06837483665849971,-0.2623243532802228
65.25,0.049414147831494365,-0.1270983430005433,0.06900971251228064,-0.2635570485062328
65.26,0.05017836112547207,-0.1334660505758147,0.06961823575607742,-0.264709592815829
65.27,0.050929024557372374,-0.14000107152466454,0.0702002925432461,-0.2657851419676783
65.28,0.051665477831032945,-0.1466996885921153,0.0707557766337596,-0.26678806651176407
65.29,0.05238704453087238,-0.15355766550185457,0.07128458900975565,-0.2677217748106368
65.3,0.053093032613685684,-0.1605685264102083,0.07178663753080229,-0.26858915008952483
65.31,0.053782735037100765,-0.16772526689538414,0.07226183662678975,-0.2693933143444679
65.32000000000001,0.05445543046670524,-0.17502059441052226,0.07271010699204976,-0.2701373060646202
65.33,0.05511038401948388,-0.18244682758069666,0.07313137527681828,-0.27082423200415956
65.34,0.05574684804182784,-0.1899959605475638,0.07352557377754158,-0.2714571818876842
65.35,0.056364062969180825,-0.19765809911463708,0.07389264012253684,-0.27203938085692214
65.36,0.056961258425046166,-0.20541881225231612,0.07423251694168799,-0.27257436677415164
65.37,0.05753765465117038,-0.2132613987534523,0.07454515150964916,-0.27306594968478737
65.38,0.05809246417544475,-0.22116798860042186,0.07483049534997743,-0.27351857006972974
65.39,0.05862489361418777,-0.22911967290641394,0.07508850381623923,-0.27393623258378913
65.4,0.05913414556417603,-0.2370970267422266,0.07531913569355066,-0.27432257596915366
65.41,0.059619420536575644,-0.2450807389608725,0.07552235282597886,-0.2746812676593467
65.42,0.060079918872615046,-0.2530522217341671,0.07569811975516443,-0.275015801697808
65.43,0.06051484265857524,-0.2609916629514628,0.07584640336549174,-0.2753297209526845
65.44,0.06092339761402991,-0.26888159659654864,0.0759671725386759,-0.27562629798792904
65.45,0.06130479495549492,-0.27670236646470076,0.0760603978757462,-0.2759070249421541
65.46000000000001,0.06165825332330688,-0.28443425396112465,0.07612605166188724,-0.2761685489953928
65.47,0.061983000752380446,-0.29205760444184936,0.07616410819805154,-0.27640452723336545
65.48,0.0622782766806591,-0.29955146391617593,0.07617454440173468,-0.2766077826798789
65.49,0.06254333397178671,-0.30689643848470494,0.0761573405403921,-0.2767700909661974
65.5,0.06277744088770404,-0.31407307487858116,0.07611248105701217,-0.27688245355181174
65.51,0.06297988301610095,-0.32106246171807984,0.07603995541975114,-0.27693700337869337
65.52,0.06314996514740895,-0.3278464755729309,0.07593975898322669,-0.2769241828633356
65.53,0.06328701307710688,-0.3344077890053121,0.07581189390822515,-0.27683452442544315
65.54,0.06339037531403251,-0.34073032794748104,0.07565637002379336,-0.2766613666863791
65.55,0.06345942472036249,-0.3467977000517859,0.07547320566402668,-0.2763943226430927
65.56,0.0634935601033773,-0.3525947625759279,0.07526242859766406,-0.276024165886067
65.57000000000001,0.06349220767480396,-0.35810884984304203,0.07502407684395107,-0.2755458845619324
65.58,0.06345482237770453,-0.36332680889262126,0.0747581994148543,-0.27494936886714816
65.59,0.06338088915037807,-0.3682367069390728,0.07446485715784876,-0.27422671179802643
65.6,0.06326992409878443,-0.37282791931945736,0.07414412350518122,-0.2733727766443312
65.61,0.06312147558423015,-0.3770896760289537,0.07379608510579248,-0.27238038819086485
65.62,0.06293512527740919,-0.3810116756377112,0.07342084250578156,-0.27124228900552244
65.63,0.06271048915424937,-0.3845848293521994,0.07301851080619631,-0.26995339438523874
65.64,0.062447218399069006,-0.3878007962549398,0.07258922019322596,-0.26850933184290565
65.65,0.062145000236268705,-0.39065156331980877,0.07213311640997667,-0.26690509325892053
65.66,0.061803558703320154,-0.39313000162055045,0.07165036121214662,-0.2651367550894821
65.67,0.0614226553418775,-0.3952299963505098,0.07114113273723265,-0.26320186853492794
65.68,0.061002089801664154,-0.39694605735374267,0.07060562577176203,-0.2610982365834426
65.69,0.06054170037123923,-0.398273401993857,0.0700440519615205,-0.25882416397798913
65.7,0.06004136442772885,-0.3992083290426869,0.06945663994059578,-0.25637962333051595
65.71000000000001,0.05950099879576358,-0.3997478843892195,0.06884363534875121,-0.2537652169789292
65.72,0.058920560019804724,-0.39989002187186234,0.06820530074967998,-0.25098268497998083
65.73,0.05830004454093884,-0.3996338495101833,0.06754191542142315,-0.24803568707784057
65.74,0.05763948877488365,-0.39897923925084106,0.06685377500733007,-0.24492860283343726
65.75,0.056938969110039934,-0.39792668404353904,0.06614119108463529,-0.2416661016954777
65.76,0.056198601839932374,-0.3964773117509276,0.06540449069367825,-0.23825320475097436
65.77,0.055418543032289054,-0.39463288216446113,0.06464401583520026,-0.23469522010327717
65.78,0.054598988334194985,-0.39239580230527354,0.06386012293798284,-0.2309977331751657
65.79,0.05374017271706013,-0.38976898403305693,0.0630531822984669,-0.2271666101870783
65.8,0.05284237016733597,-0.3867558692937839,0.06222357749314742,-0.22320797334647866
65.81,0.051905893323533105,-0.3833604625742457,0.0613717047661299,-0.2191281612321337
65.82000000000001,0.05093109305857096,-0.3795872959783068,0.06049797239484634,-0.21493371057524943
65.83,0.04991835800886971,-0.3754414196160306,0.05960280003647906,-0.21063132802216697
65.84,0.04886811405209778,-0.37092837821816704,0.058686618057589436,-0.20622786597036347
65.85,0.04778082373548038,-0.366054193786916,0.05774986684953042,-0.20173029564160655
65.86,0.046656985656664034,-0.36082534445485315,0.05679299613224989,-0.19714568107802144
65.87,0.045497133799160296,-0.35524874466641276,0.05581646424911614,-0.1924811526266678
65.88,0.04430183682453312,-0.34933172120278266,0.05482073745540156,-0.18774388053169117
65.89,0.04307169732387929,-0.34308198274974,0.053806289204165865,-0.18294101295508333
65.9,0.0418073510310275,-0.3365076059197851,0.05277359943353623,-0.17807966237752748
65.91,0.04050946599921003,-0.32961702047953945,0.05172315385729362,-0.17316690486309036
65.92,0.03917874174291206,-0.3224189873994958,0.050655443259890826,-0.1682097534202243
65.93,0.0378159083469389,-0.3149225785846963,0.0495709627979172,-0.1632151357748292
65.94,0.03642172554479803,-0.3071371558656356,0.04847021131035081,-0.15818987112514607
65.95,0.03499698176849781,-0.2990723506050529,0.04735369063983713,-0.15314064885362283
65.96000000000001,0.03354249317182413,-0.29073804329568453,0.04622190496714279,-0.14807400784891206
65.97,0.032059102629155026,-0.28214434353257384,0.04507536016081612,-0.1429963172429147
65.98,0.03054767871182943,-0.2733015702167392,0.043914563143973094,-0.13791375827076585
65.99,0.02900911464406673,-0.26422023211206835,0.042740021279999776,-0.13283230749512334
66.0,0.027444327240395954,-0.2549110087329372,0.04155224177883311,-0.1277577213511888
66.01,0.025854255826517725,-0.2453847316087473,0.040351731125346395,-0.12269552209483428
66.02,0.024239861145488685,-0.23565236592573968,0.03913899453122665,-0.11765098515547084
66.03,0.022602124251246705,-0.22572498682446263,0.03791453541160288,-0.11262912753457018
66.04,0.0209420453949773,-0.21561365129601062,0.03667885488770105,-0.10763469302543957
66.05,0.019260642907645977,-0.20532950992851035,0.03543245131643998,-0.10267215354358279
66.06,0.017558952074140762,-0.19488385906066835,0.03417581984736555,-0.09774570360756661
66.07000000000001,0.015838023997227366,-0.18428804591105394,0.0329094520075275,-0.09285924884260703
66.08,0.014098924455469126,-0.17355345238841374,0.03163383531509332,-0.08801640210499921
66.09,0.012342732758256827,-0.16269147960892355,0.030349452922211247,-0.0832204803265137
66.1,0.010570540599488192,-0.15171353316683447,0.029056783287400044,-0.0784745030287474
66.11,0.008783450911389497,-0.14063100863666855,0.027756299877613834,-0.07378119187427652
66.12,0.006982576719921326,-0.12945527761924477,0.026448470900007445,-0.06914297149701704
66.13,0.005169040003585757,-0.11819766055667716,0.02513375906481985,-0.0645619225200795
66.14,0.0033439705607417247,-0.10686931368908018,0.02381262139272188,-0.06003942386744866
66.15,0.0015085048867947547,-0.09548138251344992,0.02248550906688098,-0.05557674722285998
66.16,-0.0003362149441674685,-0.08404500528018854,0.02115286730535096,-0.051175124723174197
66.17,-0.0021890423936869975,-0.07257122292549756,0.019815135247181072,-0.0468354738015634
66.18,-0.004048827565010446,-0.061070984790875124,0.018472745862339553,-0.04255846727591662
66.19,-0.005914418298832201,-0.049555128935059395,0.017126125888187734,-0.038344508804794536
66.2,-0.007784661257665334,-0.03803437601614504,0.015775695791589515,-0.03419375700600977
66.21000000000001,-0.009658402997771081,-0.026519316994588253,0.014421869755929136,-0.030106126126042056
66.22,-0.01153449102765574,-0.015020404579852114,0.013065055692121724,-0.02608129921276912
66.23,-0.013411774852058586,-0.0035479393911484573,0.011705655272718395,-0.022118735765449756
66.24,-0.015289106993326878,0.007888165474655418,0.010344063987966752,-0.018217687981610987
66.25,-0.01716534398537918,0.019278158054679546,0.008980671222680849,-0.014377207189848147
66.26,-0.01903934735281064,0.03061225027648336,0.007615860353129921,-0.01059614869111724
66.27,-0.020909984583193222,0.04188081235305497,0.006250008863147172,-0.00687318561375461
66.28,-0.02277613008577679,0.053074408993244185,0.004883488478310769,-0.0032068208642063306
66.29,-0.02463666613124525,0.06418379347387507,0.0035166653170150175,0.00040460237687842365
66.3,-0.026490483769784676,0.07519998343855455,0.0021499000668663624,0.003963198332053333
66.31,-0.028336483720327026,0.08611437635854616,0.0007835482178884279,0.0074720887958722015
66.32000000000001,-0.030173577233927513,0.09691842189010338,-0.0005820396649149386,0.010933766582755994
66.33,-0.032000686943003585,0.10760368918715747,-0.0019465176913104516,0.014350364595329927
66.34,-0.0338167476954404,0.1181619993225062,-0.0033095444179760095,0.017724270741730025
66.35,-0.03562070736709889,0.1285853826864285,-0.004670782615078687,0.021057876866275523
66.36,-0.037411527649196925,0.13886617785468486,-0.006029899024222083,0.0243536860984387
66.37,-0.03918818479839595,0.1489972983571485,-0.007386564109932581,0.02761423122098001
66.38,-0.0409496703527779,0.15897164485217913,-0.008740451805307138,0.03084211602197899
66.39,-0.042694991835753385,0.16878215101035624,-0.010091239252212149,0.03403998938228751
66.4,-0.0444231734470241,0.1784221072427944,-0.011438606521786188,0.03721102233047054
66.41,-0.046133256720937425,0.1878852596349473,-0.012782236253455787,0.04036016243198636
66.42,-0.04782430115328469,0.19716541649625063,-0.014121813238501655,0.04349097702916762
66.43,-0.04949538481231995,0.20625649717123812,-0.015457024067326552,0.046606042149073344
66.44,-0.051145604928637796,0.21515287655025747,-0.016787556844485463,0.04970820981016733
66.45,-0.05277407844754733,0.22384934539274098,-0.0181131009153702,0.05280014772918901
66.46000000000001,-0.05437994255239448,0.2323406830325458,-0.019433346586220698,0.055884857982709035
66.47,-0.055962355168214184,0.24062204470675586,-0.020747984734802532,0.05896846904942302
66.48,-0.05752049544094869,0.24868877187690674,-0.022056706306291623,0.062055612567457105
66.49,-0.05905356419710324,0.2565362928310647,-0.023359201883950895,0.06514889192779459
66.5,-0.06056078438599429,0.2641603256879256,-0.024655161383633144,0.06825110434978347
66.51,-0.062041401498093764,0.2715568341543566,-0.025944273792154197,0.07136461506424055
66.52,-0.063494683956929,0.27872205545833184,-0.027226226924867054,0.07449173497745584
66.53,-0.0649199234843614,0.28565249083918914,-0.028500707198698096,0.0776346379083631
66.54,-0.0663164354390404,0.29234491036958177,-0.029767399416206198,0.08079539499120272
66.55,-0.06768355912810123,0.29879634968197155,-0.031025986561333988,0.08397595084376272
66.56,-0.06902065809216246,0.30500411061252997,-0.03227614960716453,0.08717812949763155
66.57000000000001,-0.07032712036372697,0.3109657593547023,-0.03351756733611491,0.09040362612367361
66.58,-0.07160235869910181,0.31667912561259143,-0.03474991617287396,0.09365400648895358
66.59,-0.07284581078398325,0.3221423008398968,-0.03597287003038896,0.09693070318306904
66.6,-0.07405693941286581,0.32735363665129324,-0.03718610016914584,0.10023501406274996
66.61,-0.07523523264246681,0.33231174279960274,-0.038389275069956305,0.10356810018255354
66.62,-0.07638020391936881,0.337015485084735,-0.039582060320422045,0.10693098455270358
66.63,-0.07749139218210757,0.34146398299436775,-0.04076411851521119,0.11032455103889165
66.64,-0.07856836193794559,0.3456566072117505,-0.04193510917024466,0.11374954372433088
66.65,-0.07961070331460098,0.34959297692612035,-0.04309468865085469,0.11720656655598304
66.66,-0.08061803208719819,0.3532729570025707,-0.044242510113945824,0.12069608334270557
66.67,-0.08158998968074468,0.35669665499486025,-0.04537822346415421,0.12421841805187714
66.68,-0.08252624314843159,0.3598644180297037,-0.046501475323972016,0.12777375541046315
66.69,-0.08342648512608507,0.3627768295634418,-0.04761190901777274,0.13136214178740963
66.7,-0.08429043376309743,0.3654347060287224,-0.04870916456964561,0.1349834863484402
66.71000000000001,-0.08511783263017916,0.367839093378135,-0.04979287871492061,0.13863756246773895
66.72,-0.08590845060429075,0.3699912635374698,-0.05086268492523897,0.14232400938428638
66.73,-0.0866620817311056,0.37189271077717245,-0.05191821344700159,0.1460423340893597
66.74,-0.0873785450653831,0.3735451480119897,-0.05295909135300245,0.14979191343269627
66.75,-0.08805768448962009,0.3749505030370083,-0.05398494260703502,0.15357199643465463
66.76,-0.0886993685113673,0.37611091470840863,-0.05499538814123673,0.1573817067922236
66.77,-0.08930349003959287,0.37702872907631446,-0.05599004594591975,0.1612200455669241
66.78,-0.08986996614048968,0.3777064954765528,-0.0569685311716159,0.16508589404299207
66.79,-0.09039873777311784,0.3781469625880504,-0.057930456243048635,0.16897801674450533
66.8,-0.09088976950528145,0.3783530744614049,-0.05887543098472815,0.17289506460051132
66.81,-0.09134304921004181,0.37832796652467515,-0.059803062757851355,0.17683557824740556
66.82000000000001,-0.091758587743268,0.3780749615709472,-0.06071295660817479,0.18079799145829192
66.83,-0.09213641860263247,0.3775975657327957,-0.06160471542451606,0.18478063468923295
66.84,-0.0924765975684556,0.37689946441323485,-0.0624779401075276,0.18878173873552942
66.85,-0.09277920249121639,0.37597918680582654,-0.06333222973459145,0.192799885678749
66.86,-0.09304433339221088,0.3748332209259203,-0.0641671817434196,0.19683255700732424
66.87,-0.09327211266369541,0.37346135390640317,-0.06498239231924818,0.20087217908511107
66.88,-0.09346268511221638,0.37186447145082835,-0.0657774569392171,0.20491487876283118
66.89,-0.09361621788153864,0.37004349751199905,-0.06655197074879132,0.20895953842666498
66.9,-0.09373290027018528,0.3680020057510309,-0.06730552883638348,0.2130015621027329
66.91,-0.09381294339767478,0.365744217664829,-0.06803772664691822,0.21703565255507756
66.92,-0.09385657984331687,0.3632725259485263,-0.06874816040544487,0.2210595329001167
66.93,-0.09386406352049942,0.3605842130771329,-0.06943642736708665,0.2250721683584657
66.94,-0.09383566980724677,0.3576775998871716,-0.07010212596137202,0.22907202686484984
66.95,-0.09377169567917906,0.35455254334667413,-0.07074485595663312,0.233056926355923
66.96000000000001,-0.09367245976850713,0.3512081949505589,-0.07136421872465744,0.2370227919580333
66.97,-0.09353830237342874,0.3476454657810074,-0.07195981755619425,0.2409673442974472
66.98,-0.09336958533431487,0.3438672305909958,-0.07253125789681131,0.24488922186663423
66.99,-0.093166691817204,0.3398751191566425,-0.0730781475091419,0.24878682838425834
67.0,-0.09293002607469693,0.3356722379240421,-0.07360009662537811,0.2526586709639531
67.01,-0.09266001313579314,0.3312624330413654,-0.07409671810822027,0.25650296745594925
67.02,-0.09235709841117375,0.32665017726291085,-0.07456762769647611,0.26031558783026454
67.03,-0.0920217472444526,0.3218402404025773,-0.07501244446689642,0.2640893348764503
67.04,-0.09165444448388776,0.3168358673197732,-0.07543079157419548,0.26781440659390976
67.05,-0.09125569408256277,0.3116416392624341,-0.0758222971664153,0.2714814491879871
67.06,-0.09082601863257427,0.3062631261479348,-0.07618659532056012,0.2750814004396355
67.07000000000001,-0.09036595882374579,0.30070592518503736,-0.07652332695806457,0.2786050961600827
67.08,-0.08987607285517805,0.29497650368694933,-0.07683214072472852,0.28204449800312403
67.09,-0.08935693579468931,0.28908162404848803,-0.0771126938547304,0.285390345483255
67.1,-0.08880913889935246,0.28302829613350744,-0.07736465306120754,0.28863375037865074
67.11,-0.08823328890553274,0.2768239480794946,-0.07758769536984285,0.29176785593834736
67.12,-0.08763000727919529,0.27047647971124233,-0.07778150888721927,0.2947844291511239
67.13,-0.08699992942959954,0.2639939701020011,-0.07794579363886919,0.2976738790238804
67.14,-0.08634370385970812,0.25738598015593733,-0.07808026238388119,0.30043042511624374
67.15,-0.0856619912297755,0.2506624162218062,-0.0781846412904152,0.3030475635481329
67.16,-0.08495546339816697,0.2438324375110933,-0.07825867065898515,0.30551595959136796
67.17,-0.08422480246277413,0.2369061739900813,-0.07830210570632684,0.3078293060721646
67.18,-0.08347069976260414,0.2298939868279458,-0.07831471723301146,0.30998202823685783
67.19,-0.08269385486484022,0.2228057317121179,-0.0782962922390353,0.3119671255155208
67.2,-0.08189497457165046,0.2156512991590463,-0.07824663459138584,0.31377772399987314
67.21000000000001,-0.08107477192442167,0.2084409466234141,-0.07816556567234806,0.315408281857187
67.22,-0.08023396518560293,0.20118506457776336,-0.07805292493668331,0.31685399561289473
67.23,-0.07937327681221984,0.19389388102005262,-0.07790857041065544,0.318109910306509
67.24,-0.07849343244093487,0.18657743916049246,-0.07773237918812527,0.31917093408943703
67.25,-0.07759515988573269,0.17924578707469332,-0.07752424791991346,0.320032507521078
67.26,-0.07667918813578069,0.17190909124005865,-0.07728409324969591,0.3206910376580194
67.27,-0.07574624635434632,0.1645773045532012,-0.07701185219243509,0.32114290471579804
67.28,-0.07479706289179433,0.15726020227376203,-0.07670748249022202,0.3213846437069058
67.29,-0.07383236431327389,0.14996751703435576,-0.07637096294095495,0.32141343779057113
67.3,-0.07285287443423748,0.14270892120250783,-0.07600229367179842,0.32122712177070034
67.31,-0.07185931336621569,0.13549388961759407,-0.07560149635925222,0.3208238015649547
67.32000000000001,-0.07085239657779287,0.12833176969147275,-0.07516861440592852,0.32020213367697803
67.33,-0.0698328339669734,0.12123187991355726,-0.07470371305220301,0.31936182911804495
67.34,-0.06880132894271053,0.11420337834850317,-0.07420687940603427,0.31830320973365417
67.35,-0.06775857752095732,0.10725523565717929,-0.07367822241404212,0.3170268475395624
67.36,-0.06670526744141465,0.10039616273411164,-0.07311787280048669,0.3155335623362156
67.37,-0.06564207731041136,0.09363456753731511,-0.0725259829811962,0.3138244279587803
67.38,-0.06456967577342612,0.0869785554385108,-0.07190272695237146,0.31190076638048647
67.39,-0.0634887207186402,0.08043591070162584,-0.07124830015446335,0.30976414689100146
67.4,-0.06239985851264485,0.07401408860995642,-0.07056291931141129,0.3074163819325983
67.41,-0.06130372326941439,0.06772020347260212,-0.06984682224556843,0.30485952381290404
67.42,-0.06020093615353281,0.06156101993277151,-0.06910026766870025,0.3020958601917906
67.43,-0.0590921047186064,0.05554294386069973,-0.0683235349494904,0.29912790941471445
67.44,-0.057977822281692966,0.049672014714699675,-0.06751692385804106,0.2959584151722271
67.45,-0.056858667334508665,0.04395389842399949,-0.06668075428790288,0.2925903407728808
67.46000000000001,-0.0557352029920794,0.038393881276519666,-0.06581536595621724,0.28902686291127877
67.47,-0.05460797647942306,0.032996864563740486,-0.06492111808260019,0.2852713650232725
67.48,-0.053477518656769696,0.02776736009882114,-0.06399838904743967,0.2813274301785987
67.49,-0.05234434358374732,0.02270948605956763,-0.06304757603052663,0.2771988269973433
67.5,-0.05120894812274238,0.01782696923119843,-0.06206909463050703,0.2728895209430412
67.51,-0.05007181158148244,0.013123141748106722,-0.06106337846505093,0.2684036687485801
67.52,-0.04893339539511095,0.008600935803357627,-0.060030878752554265,0.2637455938378299
67.53,-0.04779414284807548,0.004262883282342672,-0.05897206387699191,0.2589197768176674
67.54,-0.04665447883591741,0.00011111601811217287,-0.057887418937142276,0.2539308469400312
67.55,-0.04551480966690797,-0.003852633093259502,-0.056777445281080974,0.24878357281873165
67.56,-0.04437552290339707,-0.007627028299218537,-0.05564266002685529,0.2434828532655656
67.57000000000001,-0.043236987242671034,-0.011211128454222336,-0.054483595570268384,0.23803370786415223
67.58,-0.04209955243703943,-0.014604383804135623,-0.05330079908071322,0.2324412675216923
67.59,-0.04096354925281247,-0.01780663209108864,-0.052094831986004994,0.22671076492804565
67.6,-0.03982928946775302,-0.020818094010443544,-0.050866269447166636,0.22084752500627033
67.61,-0.03869706590653322,-0.02363936803746075,-0.0496156998241233,0.2148569553602764
67.62,-0.037567152513654,-0.02627142464716487,-0.04834372413326183,0.2087445367634267
67.63,-0.03643980446323553,-0.02871559994973945,-0.04705095549780625,0.2025158137111819
67.64,-0.035315258305022065,-0.030973588763835692,-0.045738018591953825,0.19617638506956883
67.65,-0.03419373214589355,-0.03304743715154315,-0.04440554907970589,0.18973189484484082
67.66,-0.03307542586611844,-0.0349395344380093,-0.04305419304931633,0.18318802310094834
67.67,-0.03196052136954212,-0.03665260474067482,-0.041684606444263576,0.17655047704832577
67.68,-0.030849182866842205,-0.03818969803250377,-0.04029745449163647,0.1698249823267166
67.69,-0.029741557190951944,-0.0395541807654321,-0.038893411128803464,0.1630172745026876
67.7,-0.028637774143695453,-0.04074972608014949,-0.0374731584292134,0.15613309080079596
67.71000000000001,-0.027537946872654068,-0.0417803036304148,-0.03603738602815212,0.14917816208563758
67.72,-0.02644217227722845,-0.04265016904930149,-0.034586790549254426,0.14215820511016336
67.73,-0.02535053144283952,-0.04336385308745423,-0.03312207503254366,0.13507891504381653
67.74,-0.024263090102175696,-0.04392615045241749,-0.03164394836474276,0.12794595829218694
67.75,-0.023179899122360837,-0.04434210837954991,-0.030153124712572178,0.12076496561816419
67.76,-0.022100995016897523,-0.044617014964673095,-0.028650322959719022,0.11354152557245689
67.77,-0.02102640048121401,-0.044756387283431544,-0.027136266148130958,0.10628117823917618
67.78,-0.01995612495061208,-0.04476595891848903,-0.025611680924257776,0.09898940926933149
67.79,-0.01889016517844929,-0.04465163739265608,-0.024077296990883835,0.09167164260621088
67.8,-0.017828505831951058,-0.04441949564184713,-0.022533846565182897,0.08433323548143862
67.81,-0.016771120106054745,-0.044075825903511945,-0.020982063843439563,0.07697947669632203
67.82000000000001,-0.01571797035662191,-0.0436271026403072,-0.01942268447279903,0.06961558080693273
67.83,-0.014669008751249142,-0.04307995006569953,-0.01785644503052739,0.062246682897741025
67.84,-0.013624177935217238,-0.04244113778007542,-0.016284082511266527,0.054877834970277595
67.85,-0.012583411711208102,-0.04171756413912032,-0.014706333822686499,0.047514002043243256
67.86,-0.011546635731567369,-0.04091624580970883,-0.0131239352898999,0.04016005884844591
67.87,-0.010513768201852628,-0.04004430427808428,-0.0115376221689761,0.03282078666756584
67.88,-0.009484720594431952,-0.03910895396073294,-0.009948128169863266,0.025500870522724615
67.89,-0.008459398370895342,-0.03811748960621656,-0.008356184988997912,0.01820489659949906
67.9,-0.007437701712051732,-0.0370772741697156,-0.006762521851855599,0.010937349946125129
67.91,-0.006419526254293481,-0.03599572658310595,-0.005167865065670119,0.003702612409873352
67.92,-0.005404763831112724,-0.034880309729105094,-0.003572937582524679,-0.0034950391881009993
67.93,-0.0043933032185798524,-0.03373851847934778,-0.001978458572994423,-0.010651434658537262
67.94,-0.0033850308827083745,-0.03257783939428886,-0.0003851430073945681,-0.017762411285605403
67.95,-0.002379831725683325,-0.03140572437230191,0.0012062987618319855,-0.024823762024047666
67.96000000000001,-0.0013775898313716191,-0.030229672107161563,0.002795161410979664,-0.03183156358522402
67.97,-0.0003781892124129321,-0.029057189014435564,0.004380745036947646,-0.038782081458323306
67.98,0.0006184854427361496,-0.02789574695236064,0.005962355531676864,-0.04567166108050264
67.99,0.0016125480255678715,-0.026752785883493432,0.007539304944886986,-0.05249677720536531
68.0,0.002604110267341876,-0.025635696184241937,0.009110911835564672,-0.05925400997763795
68.01,0.0035932810039925323,-0.024551811445216377,0.01067650161202191,-0.06594005751936306
68.02,0.004580165447204241,-0.023508396240521114,0.012235406860555957,-0.07255173009569811
68.03,0.00556486446654261,-0.022512511335974726,0.013786967662323695,-0.07908596399346175
68.04,0.0065474738901994825,-0.021570991206162703,0.015330531897886596,-0.08553982071521199
68.05,0.007528083818082544,-0.02069076891082938,0.01686545554001832,-0.09191046024335543
68.06,0.008506777935783553,-0.0198787447151086,0.01839110293581525,-0.09819515054802982
68.07000000000001,0.009483632833041728,-0.019141671755493847,0.019906847077900195,-0.10439127626887629
68.08,0.010458717333723994,-0.01848619367173051,0.021412069864233326,-0.11049633458147902
68.09,0.011432091838696092,-0.017918812574170558,0.02290616234651041,-0.11650793692183697
68.1,0.012403807685432216,-0.017445791058690117,0.0243885249820682,-0.12242332554906589
68.11,0.013373906530296641,-0.017073136530557486,0.025858567913605197,-0.12823935851434942
68.12,0.01434241975157926,-0.016806750567265043,0.02731571124847217,-0.13395375833428616
68.13,0.015309367877229288,-0.016652071782298317,0.028759385289909685,-0.1395646664223802
68.14,0.016274760034524913,-0.01661463886180192,0.030189030731563083,-0.14507018984358794
68.15,0.01723859340323756,-0.01670002168772491,0.0316040988405978,-0.15046859100742105
68.16,0.018200852673770158,-0.01691352668712863,0.033004051633539803,-0.15575814042755406
68.17,0.01916150953601038,-0.017259872359473256,0.03438836210297244,-0.16093534793337888
68.18,0.020120522214258914,-0.0177433909764774,0.035756514509739,-0.16599741322836573
68.19,0.021077835023136482,-0.018368728180178505,0.03710800462963065,-0.17094303359531818
68.2,0.02203337792086968,-0.019140375738918865,0.03844233994049153,-0.1757699973443458
68.21000000000001,0.022987066079454766,-0.020062340001635856,0.039759039914969464,-0.18047316434467026
68.22,0.02393879948222893,-0.02113861887610855,0.041057636400202165,-0.18504984487417972
68.23,0.024888462535118956,-0.022373099690571677,0.042337673872791734,-0.18949934217430042
68.24,0.025835923692076487,-0.02376940366003476,0.04359870955374785,-0.1938207376876772
68.25,0.026781035103128303,-0.025330921658176693,0.044840313482072236,-0.19801353140173075
68.26,0.027723632287179268,-0.027060785497801037,0.046062068570947835,-0.20207725867548193
68.27,0.028663533830028336,-0.028961875207879392,0.04726357064688366,-0.20601168224635996
68.28,0.02960054110811722,-0.03103680878592782,0.048444428472860006,-0.2098166964168618
68.29,0.030534438038393594,-0.03328794116218375,0.04960426375493924,-0.21349237484669883
68.3,0.03146499085469231,-0.03571735895997925,0.050742711132628716,-0.21703894616741173
68.31,0.032391947910991696,-0.03832687780830665,0.05185941815290664,-0.22045680532019027
68.32000000000001,0.033315039511877705,-0.041118038802519706,0.05295404522804738,-0.22374650664586046
68.33,0.03423397777051224,-0.044092105840863705,0.05402626557730909,-0.22690876570413682
68.34,0.035148456494386,-0.04725006296290756,0.05507576515262158,-0.22994445632363927
68.35000000000001,0.03605815109909111,-0.05059261213923584,0.05610224254841649,-0.23285460962317853
68.36,0.036962718550330925,-0.05412017128491273,0.057105408895780654,-0.23564041162787852
68.37,0.03786179733434452,-0.057832872616361206,0.05808498774113632,-0.2383032011624996
68.38,0.038755007456902524,-0.06173056129172262,0.059040714909682816,-0.24084446717745578
68.39,0.03964195047099069,-0.06581279436751247,0.05997233835386206,-0.24326584592734043
68.4,0.040522209533273665,-0.07007884005569917,0.060879617987139305,-0.2455691177916901
68.41,0.0413953494894014,-0.07452767729072382,0.061762325503418744,-0.24775620384402378
68.42,0.042260916988181144,-0.07915799560208427,0.06262024418244341,-0.24982916211890158
68.43,0.04311844062462092,-0.08396819529554406,0.06345316868155564,-0.2517901836063274
68.44,0.04396743110665126,-0.08895655503014209,0.06426090480721904,-0.2536418149116322
68.45,0.04480738134654428,-0.09412417308805544,0.06504326915653294,-0.25539016083179206
68.46000000000001,0.04563776629314578,-0.09947612804706496,0.06580008862935928,-0.2570395958594548
68.47,0.04645804266751455,-0.10501248955012368,0.06653120002236733,-0.25859232751571637
68.48,0.04726764893780554,-0.11073104973396206,0.06723644968348803,-0.26005317957763374
68.49,0.0480660054136215,-0.11663256450391934,0.0679156930995022,-0.2614263450682629
68.5,0.048852514328906936,-0.1227148844670025,0.0685687945104034,-0.2627144833889525
68.51,0.04962656009092329,-0.1289732322356919,0.06919562660750721,-0.2639203976753488
68.52,0.05038750972449097,-0.1354025473528263,0.06979607025151958,-0.2650469983563454
68.53,0.05113471337763351,-0.1419978995838609,0.07037001415882888,-0.2660979636008642
68.54,0.05186750477602731,-0.14875598706970966,0.0709173545329228,-0.26707745292021334
68.55,0.0525852016516215,-0.15567166322751852,0.07143799468813335,-0.26798861203867447
68.56,0.053287106283036303,-0.16273806492459636,0.0719318447203313,-0.26883437990296893
68.57000000000001,0.05397250616097491,-0.16994818559425007,0.07239882120259178,-0.26961786842971186
68.58,0.05464067470879077,-0.17729454464466327,0.07283884687810244,-0.27034213627746884
68.59,0.0552908720379259,-0.18476937088438639,0.07325185035077746,-0.2710102922574611
68.60000000000001,0.05592234574191767,-0.19236440071019334,0.07363776577453046,-0.27162544378307707
68.61,0.056534331811440075,-0.2000684115584195,0.07399653253506346,-0.27219091222371533
68.62,0.05712605583778951,-0.2078658749262487,0.07432809491222526,-0.27271030819798464
68.63,0.05769673452899792,-0.21573991058956682,0.07463240171038198,-0.2731876796239744
68.64,0.0582455774268923,-0.2236720432893114,0.0749094058508434,-0.27362741926772277
68.65,0.05877178874368459,-0.23164333062772424,0.0751590639562172,-0.2740333512911886
68.66,0.05927456927432347,-0.239634123705328,0.07538133596134919,-0.2744091299725141
68.67,0.05975311832705716,-0.24762559488235358,0.07557618474548657,-0.2747583597347011
68.68,0.06020663564135062,-0.25559844819083954,0.07574357577251041,-0.2750845739301526
68.69,0.06063432330130028,-0.26353374082051056,0.07588347673820099,-0.2753912256122904
68.7,0.06103538760754932,-0.27141359275253896,0.07599585723345909,-0.27568142675635704
68.71000000000001,0.06140904095639918,-0.27921794743048123,0.07608068852056546,-0.27595522602058187
68.72,0.061754503784562265,-0.28692740736781674,0.07613794360541498,-0.2762082040300335
68.73,0.06207100655297812,-0.29452163233524875,0.07616759766825157,-0.27643343720923835
68.74,0.06235779176808836,-0.30198013868850526,0.07616962871731973,-0.2766236477011035
68.75,0.06261411599318832,-0.3092835799214487,0.07614401835234036,-0.2767701709265737
68.76,0.06283925180804487,-0.316412540778331,0.07609075260510767,-0.2768642911508416
68.77,0.06303248972388914,-0.3233484165215085,0.07600982278641995,-0.2768980588720664
68.78,0.06319314004014955,-0.3300732194910896,0.07590122636175976,-0.2768614019719218
68.79,0.06332053462364494,-0.3365699528329702,0.07576496787178585,-0.27674570398070014
68.8,0.06341402858984835,-0.3428227977060869,0.07560105976720122,-0.2765441537054623
68.81,0.06347300192878287,-0.34881519165967984,0.07540952326932797,-0.2762452892552397
68.82000000000001,0.06349686107291995,-0.3545328677773586,0.07519038929463957,-0.2758418647435859
68.83,0.06348504031191,-0.3599633078555531,0.0749436992225799,-0.275327944696844
68.84,0.06343700309457463,-0.36509336385234525,0.07466950566037217,-0.2746928981641047
68.85000000000001,0.06335224327192474,-0.3699116723762933,0.07436787328536099,-0.2739302581715152
68.86,0.06323028624059662,-0.37440762807558725,0.07403887954591107,-0.27303448516931256
68.87,0.06307069001789235,-0.3785704695862384,0.07368261529776811,-0.27199798369808686
68.88,0.062873046283004,-0.3823902788808823,0.07329918549097446,-0.2708142181718948
68.89,0.06263698134514835,-0.38585824074962394,0.07288870978875574,-0.26947847900517796
68.9,0.06236215702261146,-0.3889661072606585,0.0724513230712475,-0.26798618964003085
68.91,0.06204827145824337,-0.391706061147722,0.07198717590659706,-0.26633245083099466
68.92,0.06169505987007533,-0.39407132060013084,0.07149643498764403,-0.264513911454577
68.93,0.061302295214979964,-0.3960559748369341,0.07097928346699124,-0.2625282437079177
68.94,0.060869788770051995,-0.39765470965099264,0.07043592120612584,-0.26037327796629384
68.95,0.06039739063909424,-0.3988631125361617,0.06986656496249966,-0.2580479482209936
68.96000000000001,0.059884990175239405,-0.3996776516011495,0.06927144848691294,-0.25555222902457725
68.97,0.0593325163149019,-0.4000956704403186,0.068650822516022,-0.2528871230121536
68.98,0.05873993782093399,-0.40011547944805226,0.0680049546527386,-0.25005495547017015
68.99,0.0581072634281973,-0.39973643379835033,0.06733412911224913,-0.2470596324963967
69.0,0.057434541895552596,-0.3989586214701412,0.06663864634457813,-0.24390568537140334
69.01,0.0567218619823569,-0.3977827267603248,0.06591882258842789,-0.24059786098460986
69.02,0.055969352360933484,-0.3962100771549338,0.06517498939030439,-0.23714128680027313
69.03,0.055177181465311906,-0.3942426468139917,0.06440749309269529,-0.2335413469186616
69.04,0.05434555727655109,-0.3918830123786057,0.06361669429309216,-0.22980371642113892
69.05,0.05347472704994848,-0.3891342503004003,0.06280296727522519,-0.22593434132016835
69.06,0.05256497698854355,-0.38599998580209854,0.061966699413625426,-0.2219394129039133
69.07000000000001,0.05161663186242122,-0.3824843967709144,0.06110829055429069,-0.2178253316617078
69.08,0.050630054573547086,-0.37859218646368387,0.06022815237431233,-0.21359868852702849
69.09,0.04960564566785685,-0.3743285696317443,0.059326707722970745,-0.2092662365985067
69.10000000000001,0.04854384279652674,-0.3696992509436737,0.058404389946815495,-0.2048348667370159
69.11,0.047445120128351094,-0.36471040642501495,0.057461642201325054,-0.20031158058118054
69.12,0.04630998771524401,-0.3593686626765204,0.05649891675176173,-0.1957034644648363
69.13,0.04513899081290584,-0.35368107656225567,0.055516674265827244,-0.19101766393449443
69.14,0.04393270915893957,-0.34765510792926896,0.054515383101005926,-0.1862613476185613
69.15,0.04269175621102192,-0.341298593048882,0.05349551859061281,-0.18144165120166952
69.16,0.041416778347349144,-0.3346197329529175,0.052457562332061065,-0.1765656760798706
69.17,0.04010845403101282,-0.3276270756305753,0.051402001478760145,-0.17164048139449478
69.18,0.038767492940126644,-0.3203294942106961,0.05032932803695709,-0.1666730550989106
69.19,0.03739463506578493,-0.3127361665799542,0.049240038169747646,-0.16167029318859366
69.2,0.03599064977996496,-0.30485655443784854,0.048134631510578806,-0.15663897614309324
69.21000000000001,0.03455633487545876,-0.2967003829058703,0.04701361048845166,-0.1515857482599789
69.22,0.0330925155799043,-0.28827762017292713,0.04587747966694041,-0.1465170971705255
69.23,0.031600043545965864,-0.27959845751662016,0.04472674509902531,-0.1414393350240146
69.24,0.030079795819677048,-0.2706732895668096,0.0435619136996201,-0.1363585806979806
69.25,0.028532673788932338,-0.2615126949345291,0.04238349263754722,-0.13128074344913299
69.26,0.02695960211408639,-0.2521274171754509,0.04119198874858063,-0.12621150786720317
69.27,0.025361527642568965,-0.24252834614035737,0.03998790797104149,-0.1211563202574559
69.28,0.02373941830939842,-0.2327264996946743,0.03877175480529107,-0.11612037642429678
69.29,0.02209426202621465,-0.22273298040966466,0.03754403179836939,-0.11110860941883285
69.3,0.02042706556480379,-0.21255886307363292,0.0363052390550043,-0.10612567720008234
69.31,0.018738853436341605,-0.20221536233470772,0.0350558737757387,-0.1011759658513777
69.32000000000001,0.01703066676084914,-0.1917138166012337,0.03379642982254469,-0.09626358048694733
69.33,0.015303562127266841,-0.18106559492256352,0.032527397312627146,-0.09139233504927906
69.34,0.013558610448852423,-0.1702821033714435,0.031249262241169487,-0.08656574994045832
69.35000000000001,0.011796895816234464,-0.15937475870996687,0.02996250613343834,-0.08178704876842705
69.36,0.010019514349585984,-0.14835497925426577,0.028667605726479882,-0.07705915749913174
69.37,0.008227573051425806,-0.1372341677378905,0.027365032680519086,-0.07238470425244974
69.38,0.006422188661464423,-0.12602369885303485,0.02605525332004995,-0.06776602055089831
69.39,0.004604486516152359,-0.11473486410495298,0.024738728409040414,-0.0632049961235824
69.4,0.002775599417845628,-0.10337880854923004,0.023415912973018038,-0.05870289696995694
69.41,0.0009366665127778886,-0.09196669331846119,0.022087256160446735,-0.05426099542234653
69.42,-0.0009111678274042266,-0.08050964694795784,0.020753201119560544,-0.04988045023185171
69.43,-0.002766755119032796,-0.06901869108379119,0.019414184890887105,-0.04556208735993882
69.44,-0.0046289438705738985,-0.05750475465491681,0.018070638325574585,-0.04130650012148252
69.45,-0.006496580676050583,-0.04597865029419379,0.016722986030112262,-0.037114010184020406
69.46000000000001,-0.008368511296735702,-0.03445107034879419,0.01537164633641767,-0.03298469921166322
69.47,-0.01024358173004607,-0.022932573704475486,0.01401703129658517,-0.028918406028781086
69.48,-0.012120639264668715,-0.011433577853469707,0.012659546701344155,-0.02491474177622794
69.49,-0.013998533519886634,3.568620558340452e-05,0.011299592121305171,-0.020973097374133838
69.5,-0.015876117459365062,0.011465413524477901,0.009937560969781203,-0.017092661225804346
69.51,-0.017752248379171446,0.022845823843912212,0.008573840586124305,-0.013272420634044031
69.52,-0.019625788885526723,0.034167143989774704,0.0072088123388769736,-0.009511170731334256
69.53,-0.021495607864771706,0.04541980840705552,0.005842851747820038,-0.005807528914220028
69.54,-0.023360581437091604,0.05659442623588394,0.004476328623710806,-0.002159945222247249
69.55,-0.02521959389088835,0.0676818088559088,0.003109607224568275,0.0014332863219358944
69.56,-0.027071538593034527,0.07867310192014257,0.0017430464480366877,0.004974685216193572
69.57000000000001,-0.028915318869678568,0.08955973125436947,0.00037700008240250225,0.008467270676737564
69.58,-0.03074984886509477,0.10033316222460248,-0.000988182923475207,0.011913355387445828
69.59,-0.032574054387274176,0.11098503422274868,-0.002352158218665488,0.015315143291791329
69.60000000000001,-0.034386873736259725,0.12150722893051177,-0.003714585822069367,0.01867503209804565
69.61,-0.03618725851005319,0.1318918451172657,-0.00507512988602488,0.02199544924910902
69.62,-0.037974174381921556,0.14213139677295092,-0.006433458451888085,0.02527891166023125
69.63,-0.03974660183897916,0.1522188450470519,-0.0077892431994619985,0.028527974138074248
69.64,-0.04150353689277019,0.16214707455288227,-0.009142159190741081,0.03174525838245161
69.65,-0.0432439917806692,0.17190908965473317,-0.01049188460838363,0.03493342698583984
69.66,-0.04496699564857122,0.1814983416276743,-0.011838100454943993,0.03809630712393874
69.67,-0.046671595198552046,0.19090861926119046,-0.013180490165496982,0.04123864278985801
69.68,-0.048356855309818474,0.20013374668490636,-0.014518739201788549,0.04436356443144921
69.69,-0.05002185964530011,0.20916772961735172,-0.01585253472391961,0.04747368701899481
69.7,-0.05166571123048513,0.21800515025277495,-0.017181565313099577,0.05057183003006011
69.71000000000001,-0.053287532994511284,0.2266407810348645,-0.018505520699001934,0.053660666441156815
69.72,-0.054886468288144585,0.23506946799697326,-0.019824091457870743,0.05674392073735584
69.73,-0.05646168138063668,0.24328648553317772,-0.021136968580795477,0.05982793631613899
69.74,-0.058012357931486534,0.2512871814142024,-0.02244384297000102,0.06291652556433848
69.75,-0.05953770544490346,0.25906706115840433,-0.023744405049606277,0.06601216720510726
69.76,-0.061036953705417125,0.2666219259488148,-0.025038344483067406,0.06911763966071527
69.77,-0.0625093551880181,0.2739478208758488,-0.02632534991811222,0.07223520572298002
69.78,-0.063954185441722,0.28104106830161313,-0.027605108749710276,0.0753671776062581
69.79,-0.06537074344641097,0.2878982532547213,-0.02887730689670848,0.07851567614032505
69.8,-0.0667583519428239,0.2945162304636896,-0.030141628589355617,0.08168274424260456
69.81,-0.06811635773578546,0.3008921198983168,-0.03139775616881814,0.08487028374352086
69.82000000000001,-0.0694441319707363,0.30702330785412185,-0.03264536989876653,0.08808008120430284
69.83,-0.07074107038367475,0.3129074447764802,-0.03388414778956035,0.0913137898986733
69.84,-0.07200659352463791,0.3185424444522217,-0.035113765435270144,0.09457293434251828
69.85000000000001,-0.07324014695486745,0.3239264821178707,-0.03633389586385648,0.09785890417790936
69.86,-0.07444120141783865,0.32905799282254866,-0.03754420940072278,0.10117295397871225
69.87,-0.07560925298433864,0.33393566932329855,-0.03874437354585077,0.1045162006852712
69.88,-0.07674382317181443,0.33855845993128,-0.039934052864672574,0.10788962278936015
69.89,-0.07784445903821408,0.34292556608620167,-0.04111290889280518,0.11129405919399114
69.9,-0.07891073325057936,0.347036439803948,-0.042280600054731554,0.11473020876329718
69.91,-0.07994224412865175,0.3508907809295178,-0.043436781596481705,0.11819863003684904
69.92,-0.08093861566377926,0.35448853425327964,-0.04458110553233148,0.12169974134975492
69.93,-0.08189949751341734,0.3578298864739454,-0.04571322060550636,0.12523382121840265
69.94,-0.08282456497154192,0.36091526303670196,-0.04683277226284592,0.12880100904094197
69.95,-0.08371351891529244,0.36374532484744304,-0.0479394026433563,0.1324013060679079
69.96000000000001,-0.08456608572818941,0.3663209648806497,-0.04903275058054922,0.1360345766448345
69.97,-0.0853820172002623,0.36864330468761075,-0.05011245161844092,0.1397005497059565
69.98,-0.0861610904054547,0.3707136908177124,-0.05117813804105755,0.1433988205094981
69.99,-0.0869031075566621,0.3725336911609305,-0.05222943891527113,0.14712885259986355
70.0,-0.08760789583878098,0.3741050912215089,-0.053265980146766714,0.15088997998482612
70.01,-0.08827530722013942,0.37542989033076346,-0.054287384548920986,0.15468140951489587
70.02,-0.08890521824270309,0.3765102978071819,-0.055293271924350754,0.15850222345292486
70.03,-0.08949752979143666,0.3773487290709028,-0.05628325915887334,0.1623513822219729
70.04,-0.09005216684321705,0.3779478017195044,-0.057256960327601164,0.16622772731997573
70.05,-0.09056907819569814,0.37831033157126365,-0.05821398681287701,0.17012998438995203
70.06,-0.09104823617652089,0.3784393286817772,-0.05915394743374164,0.17405676643484247
70.07000000000001,-0.0914896363332754,0.3783379933393755,-0.06007644858660972,0.17800657716641097
70.08,-0.09189329710461656,0.37800971204411676,-0.06098109439681855,0.18197781447793837
70.09,-0.09225925947294054,0.37745805347509953,-0.0618674868806997,0.18596877403077958
70.10000000000001,-0.092587586616937,0.37668618367529216,-0.06273522611632172,0.18997770136821784
70.11,-0.09287836379838818,0.37569020147142745,-0.06358391040282474,0.1940033579380156
70.12,-0.09313169855508525,0.37446780911279126,-0.0644131364946137,0.1980412917377191
70.13,-0.09334772084348668,0.3730202597251633,-0.06522250006563303,0.2020844114862581
70.14,-0.09352658302864554,0.37134705259768386,-0.0660115962247511,0.206130248308215
70.15,-0.09366845979393153,0.36945081660045687,-0.06678001982837149,0.21017719700804197
70.16,-0.09377354790067173,0.36733516205891636,-0.06752736579089846,0.21421938157789228
70.17,-0.09384206581950434,0.36500429679141205,-0.06825322953638181,0.21825263014033236
70.18,-0.09387425341696541,0.3624590660590073,-0.06895720736812469,0.22227543388052878
70.19,-0.09387037192041728,0.35969629996543756,-0.06963889666717872,0.2262864762021488
70.2,-0.09383070407505947,0.35671517566284944,-0.07029789603290111,0.2302843068255392
70.21000000000001,-0.09375555425013753,0.35351534229473836,-0.0709338054782944,0.234265789868212
70.22,-0.0936452484814482,0.35009627304956226,-0.07154622672557381,0.23822732202475233
70.23,-0.09350013444363836,0.3464597017466156,-0.07213476350267743,0.24216709497181102
70.24,-0.09332058128396713,0.34260836184555676,-0.0726990217492549,0.24608365878548716
70.25,-0.09310697939763897,0.3385438515389818,-0.07323860977180932,0.2499754869269766
70.26,-0.09285974017396621,0.3342698955340557,-0.07375313839671767,0.2538410145498931
70.27,-0.09257929565142424,0.3297905013245642,-0.07424222114446549,0.25767809919044693
70.28,-0.092266098099383,0.32511025876575006,-0.07470547452942602,0.26148147692564605
70.29,-0.09192061956914942,0.3202336589246295,-0.07514251860999847,0.2652431337417556
70.3,-0.09154335147720945,0.31516394734261327,-0.07555297779890577,0.268953022806503
70.31,-0.09113480419392858,0.3099062578803442,-0.07593648179804594,0.272602072950526
70.32000000000001,-0.0906955065488428,0.30446621757072156,-0.07629266652757545,0.27618113811268075
70.33,-0.09022600527104824,0.2988495786180978,-0.07662117502964229,0.2796813869300936
70.34,-0.08972686438478569,0.29306304647417664,-0.07692165833766906,0.2830946466859312
70.35000000000001,-0.08919866455332986,0.2871134123799298,-0.07719377634709744,0.28641144019094933
70.36,-0.08864200239091999,0.2810077714852255,-0.0774371987010924,0.2896234693556485
70.37,-0.08805748973803627,0.27475387948006547,-0.07765160559228312,0.2927241032822913
70.38,-0.08744575289920843,0.26835946686923967,-0.07783668854063965,0.2957040609252488
70.39,-0.08680743184500204,0.26183305958837594,-0.07799215124914305,0.2985547119096587
70.4,-0.08614317933206275,0.25518460203092963,-0.07811771037185983,0.30127091640940135
70.41,-0.08545365995023858,0.2484236399523838,-0.07821309618011837,0.30384483267562595
70.42,-0.08473954916629141,0.2415595755410567,-0.07827805331832646,0.3062678018458008
70.43,-0.08400153235471504,0.2346027294865643,-0.07831234156263252,0.3085341076643251
70.44,-0.08324030379027993,0.22756330042836442,-0.07831573646081881,0.3106376948740458
70.45,-0.0824565656392581,0.22045115171600013,-0.07828802995932799,0.3125715823466969
70.46000000000001,-0.081651026967105,0.21327624231205108,-0.07822903107216778,0.3143291286172595
70.47,-0.08082440273714481,0.20604890076651977,-0.07813856650791072,0.31590509722726917
70.48,-0.07997741278784343,0.1987795133623771,-0.07801648120467054,0.3172947661170314
70.49,-0.0791107808072365,0.1914782446153111,-0.07786263882144888,0.318493102861113
70.5,-0.07822523332208996,0.18415511400224402,-0.077676922234256,0.31949508602890425
70.51,-0.07732149869697967,0.1768202076879981,-0.0774592340144938,0.32029644828954634
70.52,-0.07640030613209058,0.16948365297851684,-0.07720949684693577,0.32089366418184745
70.53,-0.0754623846650503,0.16215535087859734,-0.0769276538975051,0.3212831636550191
70.54,-0.07450846218919471,0.15484501844826484,-0.0766136691637493,0.32146153235193947
70.55,-0.07353926448412484,0.14756242566664934,-0.07626752778840348,0.3214263298625464
70.56,-0.07255551425426543,0.14031712787968328,-0.07588923631625266,0.32117529357155394
70.57000000000001,-0.07155793018033911,0.13311858228765458,-0.07547882290416598,0.3207067690447036
70.58,-0.07054722598402592,0.12597612366406302,-0.07503633747927034,0.320019694034388
70.59,-0.06952410950377423,0.11889899360307336,-0.07456185182679638,0.31911394710120644
70.60000000000001,-0.06848928178147597,0.11189631745469672,-0.0740554596012807,0.31799000491883106
70.61,-0.06744343616446048,0.10497697780825783,-0.07351727628570748,0.3166484709554486
70.62,-0.06638725743023885,0.09814959138624046,-0.07294743912290734,0.3150902607922287
70.63,-0.06532142093892122,0.09142246683597169,-0.07234610702217689,0.3133165113592951
70.64,-0.06424659181575926,0.0848036064224699,-0.07171346044064343,0.3113286231489023
70.65,-0.06316342416512674,0.07830068725439493,-0.07104970123986104,0.30912823510221515
70.66,-0.06207256031703258,0.07192105392741449,-0.0703550525178074,0.30671723237146103
70.67,-0.06097463010724913,0.06567170669225941,-0.06962975841668917,0.30409773684124747
70.68,-0.05987025019202104,0.05955929308704182,-0.06887408390692315,0.3012721054939687
70.69,-0.05876002339825288,0.05359009909104013,-0.0680883145477594,0.2982429240862702
70.7,-0.05764453810998399,0.04777004177029806,-0.06727275622503895,0.2950130024287129
70.71000000000001,-0.056524367691880344,0.042104662441161095,-0.06642773486663855,0.2915853681448665
70.72,-0.05540006995038213,0.03659912083589832,-0.06555359613619802,0.28796326050202026
70.73,-0.054272186633068806,0.031258190028529434,-0.06465070510577091,0.28415012354888836
70.74,-0.0531412429667205,0.02608625207792432,-0.06371944590811632,0.2801495979020642
70.75,-0.05200774723445658,0.021087295171519638,-0.06276022136953992,0.2759655088998711
70.76,-0.05087219039208185,0.016264916116817657,-0.061773452623543564,0.2716018824367175
70.77,-0.049735045723716884,0.011622314973624735,-0.06075957870525523,0.267062928278129
70.78,-0.04859676853704694,0.007162291157222046,-0.059719056127838205,0.2623530178806075
70.79,-0.04745779589844227,0.002887243896896493,-0.058652358442483496,0.25747667866180923
70.8,-0.046318546407982664,-0.0012008275246403214,-0.05755997578303122,0.2524385834998636
70.81,-0.04517942001429678,-0.005100322275718384,-0.05644241439611383,0.24724354234960363
70.82000000000001,-0.04404079786906631,-0.008810036012801073,-0.05530019615774292,0.24189649255921605
70.83,-0.04290304222095773,-0.012329158075837994,-0.05413385807727057,0.2364024896492998
70.84,-0.0417664963486895,-0.015657268067359183,-0.05294395178966926,0.23076669772021277
70.85000000000001,-0.04063148453286614,-0.0187943317288322,-0.051731043037081044,0.22499437995608515
70.86,-0.03949831206614603,-0.021740696193498044,-0.050495711140592245,0.21909088903849747
70.87,-0.038367265301247955,-0.024497084606172934,-0.04923854846319017,0.21306165761183296
70.88,-0.03723861173624155,-0.02706459014986523,-0.04796015986485706,0.20691218877488016
70.89,-0.03611260013650359,-0.029444669491533786,-0.04666116215075165,0.20064804665637928
70.9,-0.03498946069266733,-0.0316391356759588,-0.045342183513420446,0.19427484708824935
70.91,-0.03386940521384218,-0.033650150487255046,-0.04400386296997067,0.18779824841057
70.92,-0.032752627355318156,-0.0354802163043651,-0.0426468497951234,0.18122394242978246
70.93,-0.03163930287993239,-0.037132167473297145,-0.041271802951049576,0.1745576455556339
70.94,-0.030529589952219726,-0.038609161222495594,-0.039879390514873374,0.16780509013797879
70.95,-0.029423629464423832,-0.039914668146631,-0.0384702891047078,0.16097201602409567
70.96000000000001,-0.028321545393412757,-0.04105246228611465,-0.03704518330506376,0.1540641623547908
70.97,-0.027223445187489658,-0.04202661082992748,-0.035604765092451376,0.14708725961621436
70.98,-0.02612942018206603,-0.04284146347029712,-0.03414973326196497,0.140047021962068
70.99,-0.025039546043120423,-0.0435016414389109,-0.03268079285561725,0.1329491398194194
71.0,-0.02395388323734373,-0.04401202625405254,-0.031198654593158407,0.12579927278928313
71.01,-0.022872477527835656,-0.04437774820948087,-0.029704034306087677,0.11860304285130435
71.02,-0.021795360494201072,-0.0446041746344244,-0.028197652375532678,0.11136602788005413
71.03,-0.02072255007586444,-0.04469689794248914,-0.026680233174642416,0.1040937554772408
71.04,-0.019654051137332304,-0.04466172109359988,-0.025152504516111184,0.09679169696863289
71.05,-0.018589856052737722,-0.044504602100998075,-0.02361519710549377,0.0894652595893402
71.06,-0.017529945307674096,-0.0442316873438747,-0.022069044000903204,0.08211978367073873
71.07000000000001,-0.016474288119638948,-0.04384933675573194,-0.020514780079478424,0.07476053959573341
71.08,-0.015422843077549798,-0.04336407738761524,-0.018953141511016947,0.06739272160717069
71.09,-0.014375558798001276,-0.04278258612750087,-0.017384865239274377,0.06002144342594792
71.10000000000001,-0.013332374596178868,-0.04211167908679027,-0.0158106884713879,0.05265173439567568
71.11,-0.012293221170145946,-0.04135829811869829,-0.0142313481758137,0.045288535832243355
71.12,-0.011258021297263698,-0.04052949880733896,-0.012647580589136042,0.03793669771951845
71.13,-0.010226690541496913,-0.03963243778227017,-0.011060120732076857,0.03060097566659447
71.14,-0.009199137970365636,-0.03867436045064179,-0.009469701935005839,0.02328602815493737
71.15,-0.008175266880310316,-0.03766258862336121,-0.007877055373223469,0.01599641404522711
71.16,-0.007154975529244422,-0.036604508315431716,-0.006282909612263033,0.00873659034226561
71.17,-0.006138157875077816,-0.03550755759851408,-0.00468799016343201,0.0015109102011538755
71.18,-0.0051247043190045995,-0.034379214582986546,-0.003093019049789479,-0.005676378835115926
71.19,-0.004114502452351355,-0.0332269852284835,-0.001498714382702201,-0.012821135397685575
71.2,-0.003107437804190107,-0.03205833981031208,9.421005655669106e-05,-0.019919142906348275
71.21000000000001,-0.002103394587414587,-0.03088074731809052,0.0016850452341298212,-0.026966271136568083
71.22,-0.0011022564450385293,-0.029701718122957403,0.0032730872694775436,-0.033958668806462734
71.23,-0.00010390719786456355,-0.02852875087990271,0.004857637821644048,-0.0408926181193368
71.24,0.0008917684088740915,-0.027369312300605006,0.006438004460224574,-0.047764503760196045
71.25,0.0018848839621420956,-0.02623083050009184,0.008013501024948353,-0.05457082884214237
71.26,0.0028755506421215076,-0.02512068207029397,0.00958344797392651,-0.061308207673166255
71.27,0.003863876488674171,-0.024046182587838954,0.011147172720478988,-0.06797336994358083
71.28,0.004849965674453539,-0.02301457095885736,0.012704009958515443,-0.07456315947682704
71.29,0.005833917792310201,-0.02203279220191926,0.014253301975880161,-0.08107455271314438
71.3,0.006815827161362999,-0.021107711666715892,0.015794398955371894,-0.08750463937901758
71.31,0.007795782140522121,-0.020246275667535348,0.01732665926445208,-0.09385060872948883
71.32000000000001,0.008773864442853507,-0.01945533393834309,0.018849449734277615,-0.10010976323429722
71.33,0.009750148457222446,-0.018741611475479866,0.020362145927615236,-0.10627951989656641
71.34,0.01072470058208621,-0.018111708132487907,0.021864132395330346,-0.11235740939492944
71.35000000000001,0.01169757857250287,-0.017572082239830266,0.023354802921988455,-0.11834105920813356
71.36,0.012668830906548316,-0.017128875988410088,0.024833560786193185,-0.12422739104145741
71.37,0.013638496174371644,-0.01678809968368194,0.02629981904758377,-0.1300135296594892
71.38,0.01460660248814049,-0.01655550535495401,0.027753000812659235,-0.13569741205027974
71.39,0.015573166917695848,-0.016436513200336393,0.029192539451456802,-0.14127713724754348
71.4,0.01653819494287631,-0.016436703119708223,0.030617878788031044,-0.14675087336627893
71.41,0.017501679907296945,-0.016561574881057462,0.032028473280824615,-0.15211690082960425
71.42,0.01846360248243149,-0.016816330792704032,0.03342378820587037,-0.15737318347931634
71.43,0.0194239301709132,-0.01720543329207309,0.03480329990595232,-0.16251598242039847
71.44,0.0203826168528751,-0.01773331928620288,0.0361664960845038,-0.16754303678488408
71.45,0.021339602340952297,-0.018404663793518693,0.0375128760247425,-0.17245323221739634
71.46000000000001,0.022294811936125807,-0.01922376837030552,0.03884195079534989,-0.1772431079317414
71.47,0.023248156007258942,-0.02019462301423386,0.040153243586467616,-0.18190800059470724
71.48,0.024199529594028494,-0.02132120207282954,0.04144629006596405,-0.18644601554278303
71.49,0.02514881202209401,-0.022607318040044524,0.0427206385851346,-0.1908564746211918
71.5,0.02609586653509646,-0.024056516601024737,0.04397585027354306,-0.19513857161728876
71.51,0.027040539950446307,-0.025672108413055665,0.04521149910608249,-0.19929182599708725
71.52,0.027982662340099156,-0.027457144874566585,0.04642717195393386,-0.20331583937962416
71.53,0.028922046736714994,-0.029414423364586086,0.04762246861871506,-0.20721041773183466
71.54,0.029858488865696142,-0.03154647813649315,0.04879700185048067,-0.21097551036486809
71.55,0.03079176690347778,-0.03385557884944483,0.049950397349238174,-0.2146112402051436
71.56,0.03172164126247383,-0.03634372567819033,0.05108229375017742,-0.2181178880544683
71.57000000000001,0.03264785440301287,-0.03901264658897788,0.05219234259258171,-0.2214958994833358
71.58,0.0335701306725988,-0.04186379395651103,0.05328020827253991,-0.22474588001815213
71.59,0.03448817617277917,-0.044898341962520405,0.05434556797954327,-0.22786859578303742
71.60000000000001,0.03540167865389017,-0.048117184044084584,0.055388111617108014,-0.2308649710064947
71.61,0.036310307437907974,-0.051520930770643736,0.05640754170757706,-0.23373608667964402
71.62,0.037213713369612635,-0.055109907956732054,0.05740357328128946,-0.2364831782167495
71.63,0.03811152879622932,-0.05888415511314472,0.05837593375033169,-0.23910763318751851
71.64,0.03900336757570133,-0.06284342418450686,0.05932436276711332,-0.24161098858345126
71.65,0.03988882511369192,-0.06698717860241887,0.060248612068040074,-0.24399492788526053
71.66,0.0407674784294089,-0.07131459263972727,0.061148445302584,-0.24626127779795554
71.67,0.04163888625029224,-0.07582455107486225,0.062023637848080924,-0.248412004721722
71.68,0.042502589135590886,-0.08051564916194798,0.06287397661061261,-0.2504492109278245
71.69,0.04335810962881184,-0.08538619290986899,0.06369925981236085,-0.2523751304595824
71.7,0.0442049524160489,-0.09043494391006643,0.0644992967346337,-0.2541931360143332
71.71000000000001,0.0450426043475448,-0.09566455452737843,0.06527390730885148,-0.2559096198840127
71.72,0.04587053420430413,-0.10107944427769358,0.06602292162861331,-0.25752796861824623
71.73,0.046688192483366794,-0.10667814171823214,0.0667461795789909,-0.25905064348122675
71.74,0.047495011439478624,-0.11245915865335776,0.0674435304792061,-0.2604830765784347
71.75,0.04829040517774817,-0.11842314037848088,0.06811483265858179,-0.26182870234734423
71.76,0.04907376976639071,-0.12456669009800325,0.06875995310029631,-0.2630900518563056
71.77,0.04984448355779527,-0.13088475665432547,0.06937876715603529,-0.26427008360613086
71.78,0.05060190767161091,-0.13737225093671468,0.06997115825881726,-0.2653717122166427
71.79,0.051345386490356686,-0.1440247867659052,0.0705370175893197,-0.26639915688886556
71.8,0.05207424809511106,-0.15083882026980924,0.07107624369347874,-0.26735615622405373
71.81,0.052787804718530555,-0.1578084541517805,0.07158874212220084,-0.26824566570024566
71.82000000000001,0.05348535333138379,-0.16492668113636677,0.07207442511570954,-0.26907075630031907
71.83,0.05416617633324934,-0.17218638086551696,0.0725332112980295,-0.26983448940624527
71.84,0.05482954228523425,-0.1795799497485765,0.07296502536863084,-0.27053996141545344
71.85000000000001,0.05547470667712128,-0.18709950353234767,0.07336979779247955,-0.2711902717447288
71.86,0.0561009127434389,-0.19473631989677104,0.0737474644878728,-0.27178856567829696
71.87,0.05670739245161148,-0.20247761050934154,0.07409796650315803,-0.272338274657953
71.88,0.05729336781108297,-0.21030722053468742,0.07442124967101414,-0.2728430709374089
71.89,0.05785805246134764,-0.21820794357300494,0.07471726422521974,-0.2733072740578295
71.9,0.05840065343142073,-0.22616085064834798,0.07498596438409692,-0.2737350940903415
71.91,0.05892037300670027,-0.2341469470595063,0.07522730794277438,-0.2741302182032161
71.92,0.059416410655565674,-0.24214649031880067,0.07544125589303276,-0.27449634894626673
71.93,0.05988796495354375,-0.2501410380843514,0.07562777205821902,-0.27483701264011434
71.94,0.06033423550254709,-0.25811068988708225,0.07578682273512954,-0.27515578383733863
71.95,0.06075442483705956,-0.2660374525913599,0.07591837634396133,-0.27545601323303376
71.96000000000001,0.06114774028661921,-0.2739026138210839,0.07602240310858574,-0.2757403983462182
71.97,0.061513395877506725,-0.28168610419310114,0.07609887490387128,-0.27600741465786355
71.98,0.06185061429111594,-0.28936863325618545,0.07614776544342364,-0.2762516833183632
71.99,0.06215862885980563,-0.2969293026506046,0.07616905079671667,-0.27646602413352017
72.0,0.062436685596693645,-0.30434817182474394,0.07616271008216965,-0.2766429071461841
72.01,0.06268404519095355,-0.31160589705328035,0.07612872625676784,-0.2767733889573374
72.02,0.06289998495311759,-0.3186831693887431,0.0760670869624149,-0.276849175466494
72.03,0.06308380071779843,-0.32556160390978095,0.0759777853757805,-0.2768617271936132
72.04,0.06323480867846122,-0.3322234994354115,0.07586082110588535,-0.27680093704536807
72.05,0.06335234713748773,-0.33865219942887687,0.07571620109442123,-0.2766592761383374
72.06,0.06343577816820198,-0.34483177482022503,0.07554394043701039,-0.2764286571105737
72.07000000000001,0.06348448922879918,-0.3507460028789386,0.07534406327814092,-0.2760978514569391
72.08,0.06349789469055844,-0.3563814237523669,0.0751166036993757,-0.2756612341983069
72.09,0.06347543721262026,-0.36172529975873935,0.07486160645843788,-0.2751110586387119
72.10000000000001,0.063416589026881,-0.3667648665865605,0.07457912778917711,-0.2744374159494079
72.11,0.06332085315329308,-0.3714891802585052,0.07426923621538482,-0.2736347678453972
72.12,0.06318776451696972,-0.37588756641832266,0.07393201321280012,-0.2726968874624241
72.13,0.0630168910140878,-0.37994939604032996,0.07356755386249085,-0.2716161338746171
72.14,0.06280783453637843,-0.3836651203944447,0.07317596753293515,-0.27038664138217056
72.15,0.06256023191104797,-0.38702615780603067,0.0727573784592757,-0.2690039423548586
72.16,0.062273755757933896,-0.39002435444897865,0.07231192622827573,-0.2674632531470608
72.17,0.061948115287244074,-0.3926521635245733,0.07183976624449391,-0.265760011200456
72.18,0.06158305702512906,-0.3949031167936866,0.07134107014011928,-0.26389132959929634
72.19,0.06117836545075229,-0.39677148585975175,0.07081602607891978,-0.2618549312058052
72.2,0.06073386355639285,-0.39825214893598804,0.07026483899132364,-0.2596487236410296
72.21000000000001,0.060249413329255055,-0.39934106423204985,0.06968773073722034,-0.25727227202794883
72.22,0.05972491614542393,-0.40003490836852273,0.06908494016680963,-0.2547256758529463
72.23,0.05916031307853537,-0.4003312695127729,0.0684567230871669,-0.25201017489385275
72.24,0.05855558511463206,-0.4002288465953565,0.06780335210723042,-0.2491287828153685
72.25,0.057910753266416204,-0.39972722819838563,0.06712511633872704,-0.24608561393391018
72.26,0.057225878600166494,-0.3988266894905499,0.06642232099279889,-0.242885266513185
72.27,0.056501062192058055,-0.3975281166740038,0.06569528692282889,-0.23953260420869757
72.28,0.05573644502089346,-0.39583303113740587,0.06494435013393936,-0.2360328370334087
72.29,0.05493220779668654,-0.39374361825135606,0.06416986126218426,-0.2323914336691472
72.3,0.05408857072685646,-0.39126261048903666,0.06337218502514916,-0.22861415405743366
72.31,0.05320579322633501,-0.3883932517380142,0.06255169964490508,-0.22470702285747848
72.32000000000001,0.052284173574063085,-0.38513934844413733,0.06170879624502814,-0.22067629591077262
72.33,0.051324048514802705,-0.381505246368811,0.06084387822466543,-0.21652843414331346
72.34,0.050325792806907334,-0.37749581569477564,0.059957360612328287,-0.212270079638005
72.35000000000001,0.049289818717902924,-0.3731164305777618,0.05904966940190863,-0.20790802964369928
72.36,0.04821657546977894,-0.3683729505617688,0.058121240873467706,-0.20344921079479186
72.37,0.047106548635969664,-0.3632717002403357,0.05717252090139619,-0.19890065266679946
72.38,0.04596025949203758,-0.3578194491485575,0.05620396425257452,-0.19426946134205628
72.39,0.044778264322143935,-0.3520233902697327,0.05521603387711695,-0.1895627948267852
72.4,0.04356115368372831,-0.3458911099475236,0.054209200194957015,-0.18478781372900166
72.41,0.04230955163297221,-0.33943056717355324,0.053183940382403164,-0.1799516421135446
72.42,0.0410241149130431,-0.3326500816046731,0.05214073766148471,-0.17506137002914504
72.43,0.039705532106761574,-0.32555831314876593,0.051080080593249165,-0.1701240367183618
72.44,0.03835452275562474,-0.31816424090995377,0.050002462376623986,-0.16514660361376948
72.45,0.03697183644729045,-0.3104771424143576,0.04890838015516669,-0.1601359329566736
72.46000000000001,0.03555825187363218,-0.30250657289582006,0.04779833433399392,-0.15509876497849126
72.47,0.03411457586144501,-0.2942623448412973,0.04667282790907075,-0.15004169734267603
72.48,0.03264164237787656,-0.28575450774182676,0.04553236581094139,-0.14497116512478594
72.49,0.03114031151261283,-0.2769933281506243,0.04437745426486499,-0.13989342231749696
72.5,0.029611468438840178,-0.2679892700338858,0.0432086001691983,-0.1348145244633065
72.51,0.028056022354954975,-0.2587529754746562,0.04202631049373914,-0.12974031270148653
72.52,0.02647490540896745,-0.24929524572898876,0.0408310916996101,-0.12467639915042925
72.53,0.024869071607508682,-0.23962702266930583,0.0396234491821248,-0.11962815371660203
72.54,0.023239495711307668,-0.22975937051470138,0.038403886737938785,-0.11460069230466884
72.55,0.0215871721208618,-0.21970339677795991,0.03717290605774532,-0.10959886323179009
72.56,0.019913113757761752,-0.20947021327116877,0.035931006245632974,-0.10462724020202634
72.57000000000001,0.018218350940397268,-0.19907109054998062,0.03467868336568535,-0.09969012336491492
72.58,0.01650393024923579,-0.18851739350945645,0.033416430016255196,-0.09479152823934375
72.59,0.014770913383978394,-0.17782051189620113,0.03214473493267858,-0.08993517796152513
72.60000000000001,0.013020376017046621,-0.16699186787852477,0.030864082619094457,-0.08512450108346355
72.61,0.011253406645218908,-0.15604288943294245,0.0295749530097138,-0.08036262886023834
72.62,0.009471105440862321,-0.14498500151277982,0.028277821159731657,-0.07565239470739867
72.63,0.007674583104258554,-0.13382960894128237,0.026973156965955196,-0.07099633439790622
72.64,0.005864959718426648,-0.12258808409454208,0.025661424917101865,-0.06639668757455959
72.65,0.004043363610404415,-0.11127166921319198,0.02434308388289861,-0.06185509939981388
72.66,0.0022109302227594006,-0.09989151797427787,0.02301858695076051,-0.057372812767504694
72.67,0.00036880099200253564,-0.08845879955564488,0.021688381293333153,-0.052951093207505046
72.68,-0.0014818777695499775,-0.07698461849620752,0.020352908049382112,-0.04859099305790552
72.69,-0.003339955985408044,-0.06547997735357942,0.019012602223922644,-0.044293265867350474
72.7,-0.005204280916662106,-0.05395577793271602,0.017667892614868386,-0.040058418733210116
72.71000000000001,-0.0070736982526726664,-0.042422804427132525,0.016319201765760946,-0.03588669760405398
72.72,-0.008947053189661403,-0.03089171624412171,0.014966945943661958,-0.03177810704753979
72.73,-0.010823191496176157,-0.0193730366201911,0.013611535141419514,-0.02773241359715731
72.74,-0.012700960564462151,-0.007877143947366341,0.012253373103374947,-0.023749158034308798
72.75,-0.0145792104436583,0.0035858396129938783,0.010892857373511686,-0.019827665948611916
72.76,-0.01645679484572484,0.015006161358320825,0.009530379364824162,-0.015967062707346744
72.77,-0.018332572129155365,0.026374023617251406,0.008166324448949672,-0.012166273838053352
72.78,-0.020205406275138234,0.037679693850595816,0.006801072065377792,-0.008424036850116884
72.79,-0.022074167853963548,0.048913662701682334,0.005434995849208199,-0.004738915339406285
72.8,-0.023937734973418758,0.060066591930959354,0.004068463776232722,-0.0011093087028683293
72.81,-0.025794994207234943,0.07112936076563775,0.002701838325730257,0.0024665849505631997
72.82000000000001,-0.027644841496733016,0.08209324796138934,0.0013354766912405005,0.005991696102166646
72.83,-0.02948618302357317,0.09294968116813138,-3.0268953691177732e-05,0.009468802383298088
72.84,-0.031317936064875054,0.10369015455905778,-0.0013950511934821528,0.012900084554261905
72.85000000000001,-0.0331390298347225,0.1143063880925233,-0.002758527136883315,0.01628785794272345
72.86,-0.03494840630603833,0.1247903217773587,-0.004120358186405403,0.019634507198996096
72.87,-0.036745021009540024,0.135134131500103,-0.0054802097990211945,0.02294250379341942
72.88,-0.03852784379945161,0.1453305436511934,-0.0068377512396821764,0.026214369776352817
72.89,-0.040295859580915666,0.1553724922802684,-0.008192655328830963,0.029452685780726892
72.9,-0.042048069017599395,0.1652528623744359,-0.009544598184337436,0.03266008787177093
72.91,-0.04378348923008854,0.17496476612368106,-0.010893258956545478,0.035839310673517845
72.92,-0.04550115446814663,0.18450181697565177,-0.012238319500220952,0.03899494117956659
72.93,-0.047200116748087204,0.19385780793449084,-0.013579463964912665,0.04213118280377867
72.94,-0.04887944646941624,0.20302658913829635,-0.014916378411634347,0.045250815023695816
72.95,-0.05053823301553308,0.2120023086103793,-0.01624875050779833,0.048356607768460506
72.96000000000001,-0.05217558532072186,0.22077968784548357,-0.01757626925205667,0.051451289725384076
72.97,-0.053790632402049295,0.2293534846761225,-0.01889862470204565,0.05453756732295731
72.98,-0.05538252387133649,0.23771866956772214,-0.020215507636960464,0.05762032121657956
72.99,-0.05695043042434192,0.24587057216132954,-0.021526609084940425,0.060705348357524044
73.0,-0.058493544306592045,0.253804561621882,-0.02283161984457722,0.06379577872834988
73.01,-0.06001107976260382,0.26151623815876834,-0.024130230136375018,0.06689421480221883
73.02,-0.061502273464013865,0.269001476993978,-0.025422129332625935,0.07000327139646546
73.03,-0.06296638491147574,0.2762564095211694,-0.026707005708111655,0.07312520724081405
73.04,-0.0644026968099296,0.2832774400246386,-0.027984546208011826,0.0762622859328768
73.05,-0.06581051541705302,0.2900612379846389,-0.029254436227909516,0.07941659963654649
73.06,-0.06718917086486635,0.29660474131791814,-0.030516359404956592,0.0825901504016258
73.07000000000001,-0.06853801745457556,0.30290515379524896,-0.03176999742111248,0.08578480326419134
73.08,-0.06985643392472728,0.3089599449958075,-0.03301502981861207,0.08900230413908995
73.09,-0.07114382369279994,0.31476684862579474,-0.03425113382813158,0.0922442659592345
73.10000000000001,-0.07239961507035322,0.3203238613177042,-0.03547798420990138,0.09551217132617729
73.11,-0.07362326145190486,0.3256292408445398,-0.03669525310805999,0.09880736752197193
73.12,-0.07481424147770584,0.33068150431030674,-0.037902609918460575,0.10213106593843958
73.13,-0.0759720591706177,0.33547942603779835,-0.03909972117012278,0.10548433987934461
73.14,-0.07709624404731062,0.3400220353155565,-0.040286250420474026,0.10886812373724793
73.15,-0.0781863512040195,0.34430861393248013,-0.04146185816449325,0.11228321202612293
73.16,-0.07924196137711474,0.34833869355537705,-0.042626201757831515,0.11573025900852585
73.17,-0.08026268097876399,0.35211205293566905,-0.04377893535395059,0.119209778528483
73.18,-0.08124814210796624,0.35562871497070747,-0.04491970985528868,0.12272214422387555
73.19,-0.08219800253726853,0.35888894362300117,-0.04604817287842913,0.12626759001129603
73.2,-0.08311194567547793,0.3618932407136104,-0.047163968733219264,0.12984621087624718
73.21000000000001,-0.08398968050669871,0.36464234259820394,-0.04826673841575715,0.133457963932053
73.22,-0.0848309415060332,0.36713721673841226,-0.049356119615136605,0.13710266974543608
73.23,-0.08563548853229906,0.3693790581781069,-0.05043174673381464,0.14078001390977773
73.24,-0.08640310669811971,0.37136928593521046,-0.05149325092144106,0.14448954885580065
73.25,-0.08713360621775343,0.37310953931825463,-0.05254026012196637,0.14823069588533055
73.26,-0.08782682223304199,0.3746016741766741,-0.05357239913382102,0.15200274741623152
73.27,-0.08848261461784905,0.3758477590930676,-0.05458928968294042,0.1558048694258092
73.28,-0.08910086776138433,0.3768500715250718,-0.05559055050838725,0.1596361040807783
73.29,-0.08968149033079673,0.3776110939040438,-0.0565757974603072,0.16349537254195123
73.3,-0.09022441501343453,0.3781335096970275,-0.057544643609934776,0.16738147793225444
73.31,-0.09072959823917032,0.3784201994382482,-0.05849669937135053,0.17129310845689072
73.32000000000001,-0.09119701988319001,0.37847423673575453,-0.05943157263467613,0.17522884066486355
73.33,-0.09162668294965111,0.3782988842584115,-0.06034886891037906,0.17918714284136905
73.34,-0.09201861323661167,0.37789758970812937,-0.0612481914843464,0.18316637852087383
73.35000000000001,-0.09237285898264155,0.3772739817815265,-0.06212914158337466,0.18716481011107244
73.36,-0.09268949056523892,0.37642960518793456,-0.06299131854488565,0.19118079163725515
73.37,-0.0929686004841356,0.37535997817793465,-0.06383431997628866,0.19521293253491637
73.38,-0.09321030359299053,0.37406349934135963,-0.06465774206086447,0.1992546334833951
73.39,-0.09341473719854179,0.37254208393259414,-0.06546118008379945,0.20330033559848937
73.4,-0.09358206100371168,0.3707952451965535,-0.06624422888394471,0.20734855365633206
73.41,-0.09371245698049516,0.3688263600535527,-0.06700648312756743,0.2113963870308268
73.42,-0.09380612908237419,0.3666393657327076,-0.06774753766859358,0.21543778969957925
73.43,-0.09386330285943982,0.36423799859942774,-0.06846698800589421,0.21946950739264345
73.44,-0.09388422522087057,0.361621193169663,-0.0691644305967954,0.22349048917896738
73.45,-0.09386916448538327,0.35878636463915436,-0.06983946302105505,0.22749921749159055
73.46000000000001,-0.09381841053041022,0.35573323198281204,-0.07049168412639123,0.23149410934443357
73.47,-0.09373227487178003,0.3524610701333325,-0.07112069425869487,0.23547123887372082
73.48,-0.09361109069438721,0.34896998918545036,-0.07172609557771115,0.2394276996341509
73.49,-0.09345521277877018,0.34526242797174544,-0.0723074923247996,0.24336200503486677
73.5,-0.0932650173041794,0.3413405856255812,-0.07286449100335518,0.24727257208757458
73.51,-0.09304090161895584,0.33720662731988227,-0.07339670053233247,0.2511579334133219
73.52,-0.09278328396207408,0.3328645109735384,-0.07390373240087626,0.25501646251007254
73.53,-0.09249260308998038,0.328318427123261,-0.07438520086611154,0.25884531393416554
73.54,-0.092169317840034,0.3235731233900765,-0.0748407233202012,0.26263820722261716
73.55,-0.09181390668770181,0.3186325264889921,-0.07526992093055346,0.2663862859594545
73.56,-0.09142686733924496,0.31350038058113033,-0.07567241950518397,0.2700797172417987
73.57000000000001,-0.09100871629730847,0.3081821356917055,-0.076047850430345,0.2737095362550526
73.58,-0.09055998834159412,0.30268339768836977,-0.07639585159128696,0.2772665588401315
73.59,-0.0900812359551792,0.2970102120214111,-0.07671606826525794,0.28074229366087816
73.60000000000001,-0.08957302870288564,0.2911693914066696,-0.07700815398675309,0.2841281784387879
73.61,-0.0890359525617768,0.2851678068680515,-0.07727177142768306,0.2874148357235615
73.62,-0.0884706092251573,0.27901261905664143,-0.07750659326537589,0.29059463017608816
73.63,-0.08787761536487697,0.2727118517351025,-0.07771230295865084,0.29366063793251224
73.64,-0.08725760185527923,0.26627321857398,-0.07788859554722599,0.29660292437596997
73.65,-0.08661121295746316,0.2597056816874836,-0.07803517850574894,0.29941414461858523
73.66,-0.08593910541231231,0.2530193795281685,-0.07815177246374241,0.30208907898748144
73.67,-0.08524194747927547,0.24622354362675264,-0.07823811188527435,0.3046187529775325
73.68,-0.08452041798145273,0.2393279153301468,-0.0782939458494705,0.30699557051573495
73.69,-0.0837752053231059,0.23234290999120405,-0.0783190387705195,0.3092140917084493
73.7,-0.08300700647676537,0.22527853894588304,-0.07831317101934898,0.3112677285494979
73.71000000000001,-0.08221652598120338,0.21814469033051812,-0.078276139569528,0.3131495632634423
73.72,-0.08140447494776214,0.21095145233856924,-0.07820775865956825,0.31485340733623635
73.73,-0.0805715700512164,0.2037091898974625,-0.07810786038981879,0.31637423387267966
73.74,-0.07971853250478095,0.1964282267957033,-0.07797629524100898,0.3177072274955201
73.75,-0.07884608703838904,0.18911868421446493,-0.07781293256612225,0.318847353336916
73.76,-0.07795496089114298,0.18179058910180024,-0.07761766108292385,0.3197897694544727
73.77,-0.0770458828102949,0.1744540510216525,-0.07739038933566363,0.3205304628201191
73.78,-0.07611958205008862,0.16711912564528786,-0.07713104609779807,0.32106588006266473
73.79,-0.07517678737809089,0.15979567217034785,-0.07683958073335494,0.32139254032826786
73.8,-0.07421822609803419,0.15249337607210084,-0.07651596353915573,0.3215071713110979
73.81,-0.0732446230828976,0.14522200684138842,-0.0761601860415324,0.3214075935924179
73.82000000000001,-0.07225669981661563,0.13799104237084464,-0.07577226123643661,0.32109157844001374
73.83,-0.07125517345109801,0.13080988802214288,-0.07535222378849804,0.3205576053650196
73.84,-0.07024075587509031,0.1236878782290379,-0.07490013017103875,0.31980496410856585
73.85000000000001,-0.06921415279300183,0.11663419362338226,-0.07441605872867943,0.31883370175855014
73.86,-0.06817606281648399,0.1096579010705459,-0.07390010967082504,0.3176443738158219
73.87,-0.06712717657318225,0.10276779970846409,-0.07335240502138753,0.3162376545819055
73.88,-0.06606817583985444,0.09597240868051908,-0.0727730885427496,0.31461453640145814
73.89,-0.06499973270432642,0.08927993955176962,-0.07216232563493138,0.31277622922272896
73.9,-0.06392250875801364,0.0826982912516423,-0.0715203032095455,0.31072420741148216
73.91,-0.06283715432024785,0.07623503506843908,-0.07084722953906723,0.3084601821048372
73.92,-0.06174430769550286,0.06989740579776127,-0.07014333408159212,0.3059861100114223
73.93,-0.0606445944645569,0.06369229106262257,-0.0694088672815105,0.30330418318531616
73.94,-0.05953862681054414,0.057626222769777136,-0.06864410034647751,0.30041682754343557
73.95,-0.05842700288075613,0.05170536876111571,-0.06784932500116204,0.2973266962476291
73.96000000000001,-0.05731030618498335,0.04593552561711617,-0.06702485321827928,0.2940366649208881
73.97,-0.05618910503108995,0.04032211215198339,-0.06617101692747543,0.2905498252340516
73.98,-0.05506395199844287,0.03487016382119813,-0.0652881677026713,0.28686947862782436
73.99,-0.05393538344972213,0.029584327933784266,-0.06437667642852007,0.2829991293189424
74.0,-0.05280391908157565,0.024468859342861256,-0.06343693294677123,0.2789424739207118
74.01,-0.051670061514422015,0.019527619723150848,-0.06246934568332041,0.2747033973104327
74.02,-0.05053429592148145,0.014764078287954476,-0.06147434125601904,0.27028598354339645
74.03,-0.04939708969718311,0.01018130577125818,-0.060452364063491124,0.2656944931653789
74.04,-0.04825889216529269,0.005781972128815791,-0.05940387585640852,0.26093334561584364
74.05,-0.047120134326946984,0.0015683471572176845,-0.058329355292707816,0.25600711388477354
74.06,-0.045981228648575116,-0.0024576989691609463,-0.05722929747769401,0.2509205137389513
74.07000000000001,-0.04484256888960041,-0.006294693993629714,-0.056104213489927696,0.24567839539560782
74.08,-0.04370452996973894,-0.009941561370036127,-0.054954629893823576,0.24028573374557358
74.09,-0.042567467875646255,-0.013397617241220763,-0.053781088239893714,0.23474761912852532
74.10000000000001,-0.04143171960658995,-0.01666256679838211,-0.05258414455358383,0.22906924770560894
74.11,-0.0402976031587603,-0.019736499948995574,-0.051364368813654436,0.22325591195830502
74.12,-0.03916541754776736,-0.02261988636666934,-0.05012234442106455,0.21731299109582022
74.13,-0.038035442868806835,-0.02531356991578738,-0.04885866765931446,0.21124594152813353
74.14,-0.03690794039392175,-0.027818762490021413,-0.047573947147202346,0.20506028737130916
74.15,-0.035783152705723104,-0.030137037277534758,-0.046268803284942935,0.1987616110462783
74.16,-0.03466130386687985,-0.03227032148176426,-0.04494386769458891,0.19235554398251137
74.17,-0.033542599624636335,-0.0342208885174516,-0.04359978265568279,0.18584775746131
74.18,-0.03242722764955909,-0.035991349708605735,-0.0422372005370545,0.1792439536190816
74.19,-0.03131535780767005,-0.03758464551119999,-0.0408567832256627,0.1725498566361466
74.2,-0.030207142465077556,-0.039004036287269096,-0.03945920155335888,0.16577120413143592
74.21000000000001,-0.029102716824167648,-0.04025309265601335,-0.03804513472243316,0.1589137387833082
74.22,-0.028002199290381703,-0.041335685449496846,-0.03661526973077716,0.15198320019435785
74.23,-0.026905691868566683,-0.04225597530053958,-0.0351703007974748,0.14498531701652512
74.24,-0.02581328058784762,-0.04301840189213314,-0.03371092878960624,0.13792579935069177
74.25,-0.024725035953938875,-0.043627672897554225,-0.032237860651021626,0.13081033143352025
74.26,-0.02364101342778488,-0.04408875264138056,-0.03075180883381294,0.12364456462210296
74.27,-0.022561253929386304,-0.04440685051176634,-0.029253490733182633,0.116434110685265
74.28,-0.021485784365653647,-0.04458740915282653,-0.02774362812637593,0.10918453540844718
74.29,-0.020414618181098517,-0.044636092429835086,-0.02622294661631355,0.10190135251344055
74.3,-0.019347755929882932,-0.04455876418716814,-0.024692175080545258,0.09459001736997373
74.31,-0.018285185866281407,-0.0443614346165391,-0.02315204512618858,0.0872559194435393
74.32000000000001,-0.017226884552400817,-0.044050321796514705,-0.02160329055139214,0.07990438092442831
74.33,-0.01617281748497038,-0.043631846832682564,-0.02004664681367613,0.07254065232980555
74.34,-0.01512293974070807,-0.04311258620333468,-0.018482850505582245,0.06516990634609086
74.35000000000001,-0.014077196637630844,-0.042499265803462416,-0.016912638838140728,0.05779723407045589
74.36,-0.013035524410588183,-0.04179874497171912,-0.015336749132586399,0.05042764098293896
74.37,-0.011997850899783466,-0.04101800570313326,-0.013755918320701903,0.04306604351163415
74.38,-0.010964096251025157,-0.04016413930391374,-0.012170882454138894,0.03571726574653809
74.39,-0.00993417362647105,-0.03924433439813683,-0.010582376223036904,0.02838603650966003
74.4,-0.00890798992462325,-0.03826586434161555,-0.008991132484232394,0.021076986663610627
74.41,-0.007885446508346359,-0.03723607504395222,-0.007397881799322247,0.01379464670079393
74.42,-0.00686643993968162,-0.03616237271120877,-0.005803351982820794,0.006543444575531908
74.43,-0.005850862720248506,-0.035052211774062605,-0.004208267660623379,-0.0006722962202473051
74.44,-0.0048386040360283685,-0.033913082882911325,-0.0026133498389660334,-0.007848358356166063
74.45,-0.003829550505145757,-0.03275249494314276,-0.0010193154833844464,-0.014980610609835993
74.46000000000001,-0.002823586925406636,-0.031577906024904845,0.0005731228995057423,-0.022064806391531754
74.47,-0.001820597020267008,-0.030396802341368306,0.0021632576779251973,-0.029096902212449476
74.48,-0.0008204641858217199,-0.029216699873189308,0.0037503864952919356,-0.03607310638918875
74.49,0.00017692776129853862,-0.02804508764537302,0.005333812651241396,-0.04298971986325939
74.5,0.0011716938379693388,-0.026889424920910076,0.00691284546926666,-0.04984316664996199
74.51,0.00216394715227187,-0.02575712603846952,0.008486800653071901,-0.056629979248233424
74.52,0.0031537981659070027,-0.024655551835399792,0.01005500063151293,-0.06334680663105952
74.53,0.004141353962406695,-0.023591998068929778,0.011616774892125547,-0.06999041076911863
74.54,0.005126717523240202,-0.022573650852503013,0.01317146030309958,-0.07655767174818652
74.55,0.006109987020811808,-0.021607373446551725,0.014718401423022708,-0.08304560371372162
74.56,0.007091255128627603,-0.02070006501846475,0.01625695079843742,-0.08945132479524597
74.57000000000001,0.00807060833501504,-0.019858666551270183,0.01778646925042919,-0.09577205546179277
74.58,0.00904812625864403,-0.019089980097753548,0.019306326150480967,-0.10200513275274915
74.59,0.010023880973680555,-0.018400699167144218,0.020815899685036953,-0.10814800665887356
74.60000000000001,0.010997936347493326,-0.017797379773635276,0.022314577108628993,-0.11419824165586033
74.61,0.011970347392597454,-0.017286412866853194,0.02380175498988175,-0.12015337670618972
74.62,0.012941159640014905,-0.01687385340525821,0.025276839480510332,-0.12601017274706344
74.63,0.013910408534403217,-0.016565699296234717,0.026739246603692004,-0.13176602374351956
74.64,0.014878118851991657,-0.01636752107167159,0.02818840250527351,-0.13741901217481686
74.65,0.015844304143886573,-0.016284789868458757,0.02962374365866886,-0.1429672134976633
74.66,0.01680896618896015,-0.016323104637103205,0.031044717052057625,-0.14840884644664845
74.67,0.017772094448619925,-0.01648787398002275,0.0324507803658796,-0.15374221837130694
74.68,0.01873366554028781,-0.01678413132153664,0.033841402171484146,-0.15896471696165354
74.69,0.01969364275541325,-0.017216190434910003,0.03521606220199814,-0.16407280470220903
74.7,0.020651975613038845,-0.01778859936767837,0.036574251632974876,-0.16906469652320497
74.71000000000001,0.02160859941339484,-0.018506001014415525,0.03791547327800625,-0.17393914945850336
74.72,0.022563434798987567,-0.01937251270966063,0.03923924183030603,-0.1786914402050348
74.73,0.0235163873434387,-0.020392139500274933,0.040545084234475066,-0.18331784886301344
74.74,0.02446734715834263,-0.021568825110345483,0.041832539999395416,-0.18781718415041435
74.75,0.02541618851257844,-0.02290629092614552,0.043101161356232376,-0.19218858351758591
74.76,0.026362769471597144,-0.024408014006491653,0.04435051334279892,-0.19643142476543995
74.77,0.027306931561001287,-0.02607722183775109,0.045580173865680855,-0.20054521072715004
74.78,0.028248499455237424,-0.027916887567772438,0.046789733745783435,-0.2045296270568548
74.79,0.029187280691856447,-0.029929725649347143,0.04797879674760727,-0.2083845136674412
74.8,0.0301230654117699,-0.03211818768038096,0.0491469795920827,-0.21210987901821804
74.81,0.031055626125906698,-0.03448445858049931,0.05029391195305325,-0.21570589261925285
74.82000000000001,0.031984717508636795,-0.03703045302358511,0.05141923643740408,-0.21917288806127938
74.83,0.03291007621830446,-0.03975781218102576,0.052522608548915994,-0.2225113604019104
74.84,0.0338314207451852,-0.042667900747321214,0.05360369663592058,-0.22572196598188263
74.85000000000001,0.03474845128715155,-0.04576180426985923,0.05466218182287414,-0.22880552062434195
74.86,0.03566084965329511,-0.049040326773292446,0.05569775792598777,-0.23176299823161944
74.87,0.03656827919573632,-0.05250398868792054,0.056710131353081714,-0.2345955287651405
74.88,0.03747038476980717,-0.056153025078911,0.05769902098785889,-0.2373043961096104
74.89,0.038366792722777675,-0.05998738418083538,0.05866415805882131,-0.23989103556667646
74.9,0.039257110911251746,-0.0640067262365703,0.05960528599308199,-0.24235703110265838
74.91,0.0401409287473399,-0.06821042264280715,0.060522160255352925,-0.24470411228694913
74.92,0.041017817273674755,-0.07259755540196117,0.06141454817241986,-0.2469341509531851
74.93,0.04188732926731531,-0.07716691688172642,0.06228222874344169,-0.24904915756926183
74.94,0.0427489993725456,-0.08191700988213074,0.0631249924364424,-0.2510512773267968
74.95,0.04360234426254937,-0.08684604801087037,0.06394264097139046,-0.25294278594999636
74.96000000000001,0.044446862777221194,-0.09195366443859701,0.06473498701874267,-0.254728403240798
74.97,0.04528203585283188,-0.09724415872376353,0.06550185374493625,-0.2564138128991083
74.98,0.046107326250534555,-0.10272000428446659,0.0662430743551264,-0.25800167785306877
74.99,0.04692217842987932,-0.10837893256404423,0.06695849174289473,-0.25949540887392664
75.0,0.04772601863063788,-0.11422066936302533,0.0676479581086625,-0.26090016889089657
75.01,0.048518254954992214,-0.12024477029279151,0.06831133454479894,-0.26221891823713955
75.02,0.049298277535870745,-0.12644700479051998,0.06894849070668074,-0.26345423397105067
75.03,0.050065458922585585,-0.13282225422203262,0.06955930453341529,-0.26460910852234115
75.04,0.05081915458414427,-0.13936541110875444,0.07014366195039148,-0.26568670626467156
75.05,0.05155870338681398,-0.14607274551368427,0.07070145651763417,-0.2666914074967747
75.06,0.052283428018927866,-0.1529400308341837,0.07123258904463102,-0.26762662271770604
75.07000000000001,0.05299263548240031,-0.15996079375939604,0.07173696724514396,-0.26849524011710085
75.08,0.05368561772113037,-0.16712802242578462,0.07221450542957997,-0.2693003891311129
75.09,0.05436165232859264,-0.1744344203473862,0.07266512419842691,-0.27004511521611446
75.10000000000001,0.05502000329186463,-0.18187229908947278,0.0730887501329768,-0.27073253305553074
75.11,0.055659921770196845,-0.1894336493189615,0.0734853154848562,-0.2713657402647988
75.12,0.05628064694644076,-0.19710885404768186,0.07385475786154737,-0.27194794869475863
75.13,0.056881407102228915,-0.20488381360773902,0.07419701989710481,-0.2724826792718626
75.14,0.05746142102333381,-0.21274192409621157,0.0745120488963218,-0.27297374638040917
75.15,0.05801989965277345,-0.22066542771506292,0.07479979643893794,-0.2734255919008276
75.16,0.058556047887646456,-0.22863535110784755,0.07506021796020607,-0.2738422328544267
75.17,0.05906906646932242,-0.23663236117756675,0.07529327235171179,-0.27422731054620225
75.18,0.05955815391900848,-0.24463698904593412,0.07549892158770442,-0.2745845149770287
75.19,0.06002250845544225,-0.2526307759074679,0.07567713036254113,-0.27491734050413763
75.2,0.060461329912232124,-0.2605937288546934,0.07582786573463432,-0.27522935457895925
75.21000000000001,0.06087382163321544,-0.2685083588238947,0.07595109677939729,-0.2755238433089553
75.22,0.061259192336172545,-0.27635516095387946,0.07604679429950925,-0.2758026409992078
75.23,0.06161665803740833,-0.2841142642652168,0.07611493076313891,-0.2760627010384067
75.24,0.061945444022671846,-0.29176615656604066,0.07615548060710545,-0.27629789333013277
75.25,0.0622447868547854,-0.29928978065643375,0.07616842082053288,-0.27650105905846173
75.26,0.06251393640182268,-0.3066656388390144,0.07615373166756824,-0.2766641551566461
75.27,0.06275215781639197,-0.31387429395488936,0.07611139750324566,-0.2767781958703282
75.28,0.06295873346857085,-0.3208966982170112,0.07604140762124023,-0.27683523852244457
75.29,0.06313296483150513,-0.3277146578515219,0.07594375711091711,-0.2768259757956942
75.3,0.06327417429284227,-0.3343107499008556,0.07581844777126638,-0.2767407750586852
75.31,0.06338170687489406,-0.3406687145336782,0.07566548897938745,-0.2765728716826637
75.32000000000001,0.06345493188273668,-0.34677225513518667,0.07548489851926928,-0.2763124088919799
75.33,0.06349324450451568,-0.352605918301078,0.07527670350524973,-0.2759495767390079
75.34,0.06349606729014776,-0.3581568471531462,0.07504094121405365,-0.2754794335847226
75.35000000000001,0.0634628514913984,-0.36341196623955535,0.07477765981939741,-0.2748923772921838
75.36,0.06339307833286084,-0.36835911186456616,0.0744869192256326,-0.27417993988706446
75.37,0.06328626019606877,-0.37298760058370495,0.07416879183470847,-0.2733369838492763
75.38,0.0631419417137764,-0.3772866907210173,0.07382336318117495,-0.272356594449634
75.39,0.06295970082729892,-0.38124596635139846,0.07345073260550283,-0.27123132944210976
75.4,0.06273914979063692,-0.38485623554539616,0.07305101392064917,-0.26995594881417073
75.41,0.062479936082534306,-0.38810910720025604,0.0726243359533455,-0.26852608736125855
75.42,0.062181743243558296,-0.3909965399978659,0.07217084301639526,-0.26693680780310935
75.43,0.06184429165518089,-0.39351128477469366,0.07169069536751271,-0.26518396610752687
75.44,0.061467339239405165,-0.3956471612904793,0.07118406958972688,-0.2632650581333927
75.45,0.061050682069851134,-0.3973986273787192,0.07065115886627765,-0.2611778682487166
75.46000000000001,0.06059415490943814,-0.3987608012315713,0.07009217319815395,-0.25892052958248923
75.47,0.06009763166755188,-0.3997299322747955,0.06950733954268358,-0.25649299198769104
75.48,0.05956102576640705,-0.40030296787905956,0.06889690184104945,-0.2538956754790998
75.49,0.05898429042205566,-0.4004777692783609,0.06826112095127666,-0.25113014910913195
75.5,0.058367418830141696,-0.40025336486845997,0.06760027445495059,-0.24819993485951722
75.51,0.057710444251331615,-0.3996295721210019,0.06691465632041502,-0.24510934571992654
75.52,0.057013440014709545,-0.3986068483530829,0.0662045764778146,-0.2418630364145788
75.53,0.05627651945429745,-0.3971862805722149,0.06547036035153471,-0.23846598992774337
75.54,0.05549983578204035,-0.39536958951470247,0.0647123483603636,-0.23492349199950485
75.55,0.05468358189663253,-0.3931591511268152,0.06393089538786972,-0.2312410995772226
75.56,0.053827990131493454,-0.3905578537890551,0.06312637022463358,-0.2274246541977992
75.57000000000001,0.05293333194805272,-0.3875691129838466,0.06229915498313197,-0.22348025519192666
75.58,0.05199991757525015,-0.3841969094753035,0.06144964448752586,-0.2194142213104599
75.59,0.05102809559419619,-0.38044575461128527,0.06057824564136925,-0.21523307116572576
75.60000000000001,0.05001825246928416,-0.3763206806113859,0.059685376775806216,-0.2109434957293011
75.61,0.04897081202766823,-0.37182721719585426,0.058771466980752786,-0.20655233385195537
75.62,0.04788623488901632,-0.3669713741804719,0.05783695542163776,-0.20206654552345982
75.63,0.04676501784753484,-0.36175962029886294,0.056882290644309524,-0.19749318578214772
75.64,0.04560769320829495,-0.3561988633172719,0.055907929870744076,-0.19283937808453142
75.65,0.04441482808001305,-0.35029642657658133,0.05491433828817045,-0.18811228876533193
75.66,0.04318702362681931,-0.3440600181736046,0.053901988335269393,-0.1833190665377196
75.67,0.041924914281489346,-0.3374977158898821,0.052871358989492086,-0.17846682435707462
75.68,0.04062916692193063,-0.33061795299160757,0.05182293505757236,-0.17356263971846667
75.69,0.039300480012627044,-0.3234294963258041,0.050757206470347614,-0.16861352952985625
75.7,0.03793958271306308,-0.3159414259020321,0.04967466758383672,-0.16362642702536787
75.71000000000001,0.03654723395524295,-0.3081631138172703,0.04857581648891772,-0.15860815881530163
75.72,0.035124221492410575,-0.30010420374769464,0.04746115433185716,-0.15356542330235723
75.73,0.03367136092104355,-0.29177459045532195,0.04633118464784768,-0.1485047699947878
75.74,0.03218949467819011,-0.2831843996515261,0.04518641270959787,-0.14343258008147838
75.75,0.030679491016178836,-0.2743439681008925,0.044027344892902665,-0.1383550482004227
75.76,0.029142242956702816,-0.2652638240711984,0.04285448806099855,-0.1332781655304053
75.77,0.027578667226253392,-0.25595466811832746,0.04166834896937644,-0.12820770422045497
75.78,0.025989703174833553,-0.24642735424578835,0.040469433692590914,-0.12314920321134998
75.79,0.02437631167984931,-0.2366928714456802,0.03925824707446601,-0.11810795546690621
75.8,0.022739474037113926,-0.22676232316979722,0.03803529220296129,-0.11308899645428858
75.81,0.021080190844100035,-0.21664680584381896,0.03680106991097473,-0.10809708932831721
75.82000000000001,0.019399480879434536,-0.2063574864076767,0.035556078304049304,-0.10313672455272695
75.83,0.017698379974746176,-0.19590568324037297,0.03430081231541359,-0.09821211602524875
75.84,0.015977939876204144,-0.18530277501624037,0.033035763288916824,-0.09332718950391636
75.85000000000001,0.01423922709955452,-0.17456017174014776,0.03176141859064973,-0.0884855779027008
75.86,0.012483321782162897,-0.16368930534029116,0.030478261249798595,-0.08369061836821326
75.87,0.010711316533654544,-0.152701611769124,0.029186769629023158,-0.07894535052507247
75.88,0.008924315286634473,-0.14160851797494295,0.027887417124515593,-0.07425251601839879
75.89,0.0071234321489455615,-0.13042142709176982,0.02658067189577592,-0.06961455921240643
75.9,0.005309790259114076,-0.11915169723614319,0.025266996625900973,-0.06503360051573541
75.91,0.003484520649967537,-0.10781052325970217,0.023946848325270137,-0.06051106128376959
75.92,0.0016487611224391538,-0.09640907382465895,0.022620678181169352,-0.0560481989760594
75.93,-0.00019634487562612574,-0.08495851637810249,0.021288931429866667,-0.051646251612968146
75.94,-0.002049649366759459,-0.0734699259534255,0.01995204724201791,-0.04730615922946581
75.95,-0.003910000953200713,-0.06195428368212771,0.01861045863094556,-0.043028608062202316
75.96000000000001,-0.005776245915923488,-0.05042246055706483,0.017264592387481792,-0.03881401877111192
75.97,-0.0076472293022698465,-0.03888520950948112,0.015914869040538317,-0.03466256411195392
75.98,-0.009521796001141478,-0.02735315394370315,0.014561702842646265,-0.030574172779236887
75.99,-0.011398791804746011,-0.01583677869750376,0.013205501779570855,-0.026548540949865276
76.0,-0.013277064455899166,-0.004346419349857555,0.011846667603096208,-0.022585140674384434
76.01,-0.015155464673740774,0.007107947294259785,0.010485595885874659,-0.018683234974070123
76.02,-0.01703284715169859,0.018516563707860218,0.009122676097164066,-0.014841886530223971
76.03,-0.018908071538633223,0.029869625970148684,0.007758291698624725,-0.011059960983936804
76.04,-0.02078000341320882,0.04115746688109839,0.006392820259415633,-0.007336140503629844
76.05,-0.02264751524559494,0.052370624386186726,0.005026633589466485,-0.003668936413549244
76.06,-0.02450948734026085,0.0634998202510719,0.0036600978897244818,-5.669936684952031e-05
76.07000000000001,-0.02636480875750489,0.07453602774199872,0.00229357392540099,0.003502600143464434
76.08,-0.02821237820637324,0.0854706163283963,0.000927417254798076,0.007012082414360463
76.09,-0.030051104910713486,0.09629502224795318,-0.0004380214978234566,0.010474306758507088
76.10000000000001,-0.03187990946046172,0.1070007879237065,-0.0018023963886747373,0.01389140815096268
76.11,-0.03369772464820269,0.11757970664298933,-0.0031653659253235264,0.017265769242186153
76.12,-0.035503496284396176,0.12802378220756547,-0.004526592833511649,0.020599781212992222
76.13,-0.03729618398805936,0.13832530653903144,-0.0058857438152759844,0.02389594598807057
76.14,-0.03907476194065903,0.1484771609696134,-0.007242489300506749,0.027156796408569245
76.15,-0.04083821960454596,0.15847224750663397,-0.008596503192650217,0.0303849351880628
76.16,-0.04258556242802539,0.1683034810706293,-0.00994746260894307,0.03358301171464229
76.17,-0.044315812538553635,0.17796410940581836,-0.01129504760453311,0.03675407964103977
76.18,-0.046028009404250926,0.18744785599098218,-0.01263894081749473,0.03990307971575246
76.19,-0.047721210462849946,0.19674852278152577,-0.013978827051139094,0.04303370604024185
76.2,-0.04939449173407939,0.20586000957957154,-0.015314392914513354,0.0461485554431734
76.21000000000001,-0.05104694841214292,0.21477664241144373,-0.016645326533985847,0.04925047710476901
76.22,-0.05267769542102296,0.22349320641240997,-0.0179713172794041,0.05234214714248713
76.23,-0.05428586793936432,0.23200447042278305,-0.019292055486792328,0.05542646900193434
76.24,-0.0558706219057768,0.24030555715081497,-0.020607232077883435,0.05850943672182227
76.25,-0.05743113449992646,0.24839180596787291,-0.021916538058060014,0.06159589361158735
76.26,-0.0589666046033937,0.2562586304789878,-0.023219664077220946,0.06468850822754026
76.27,-0.06047625324332558,0.2639017285737046,-0.024516300117303408,0.06779006413741369
76.28,-0.06195932401257269,0.2713170473706703,-0.0258061352289035,0.0709029635061244
76.29,-0.0634150834633546,0.2785008059581261,-0.0270888572874817,0.07402951127755356
76.3,-0.06484282147425706,0.2854494891209477,-0.028364152765488173,0.07717189672664831
76.31,-0.0662418515903464,0.29215985057889027,-0.029631706515632784,0.08033219569931635
76.32000000000001,-0.06761151133646026,0.29862891051320706,-0.030891201565791455,0.08351236281902344
76.33,-0.06895116250373756,0.3048539558058914,-0.03214231892595405,0.08671422935108244
76.34,-0.07026019140948504,0.3108325384021806,-0.033384737407604406,0.08993949891822534
76.35000000000001,-0.07153800913050277,0.3165624743553354,-0.0346181334558637,0.093189744922124
76.36,-0.07278405171000585,0.32204184212206377,-0.035842180994695015,0.0964664077489738
76.37,-0.07399778033831093,0.32726898094197787,-0.03705655128541997,0.09977079268897392
76.38,-0.07517868150747326,0.332242488829656,-0.038260912798761634,0.10310406809610587
76.39,-0.0763262671400769,0.33696122047193966,-0.03945493110058683,0.10646726400070079
76.4,-0.07744007469240786,0.3414242848710144,-0.04063826875148475,0.10986127105325293
76.41,-0.07851966723225468,0.34563104284587526,-0.04181058522028046,0.11328683983844519
76.42,-0.07956463349159242,0.34958110434066375,-0.04297153681154933,0.11674458052149957
76.43,-0.08057458789443761,0.3532743255892905,-0.04412077660716157,0.12023496282474175
76.44,-0.08154917056015817,0.3567108061241688,-0.04525795442185657,0.12375831631570475
76.45,-0.08248804728255349,0.35989088565508964,-0.046382716772813026,0.12731483099529342
76.46000000000001,-0.08339090948502026,0.36281514082063876,-0.047494706863153116,0.1309045581715633
76.47,-0.08425747415213997,0.3654843818290333,-0.0485935645792893,0.13452741160584386
76.48,-0.08508748373802894,0.3678996489956091,-0.049678926501995874,0.13818316891771812
76.49,-0.08588070605180557,0.37006220918978194,-0.05075042593106151,0.1418714732355681
76.5,-0.08663693412053741,0.3719735521997093,-0.05180769292335466,0.1455918350797066
76.51,-0.08735598603003353,0.37363538702514265,-0.05285035434411091,0.14934363446518106
76.52,-0.08803770474386563,0.3750496381062724,-0.053878033931228676,0.15312612321177163
76.53,-0.08868195790099234,0.37621844149724515,-0.05489035237234063,0.1569384274488499
76.54,-0.08928863759238019,0.37714414099153815,-0.055886927394406975,0.1607795503031615
76.55,-0.0898576601170116,0.3778292842061687,-0.05686737386556047,0.16464837475782887
76.56,-0.09038896571767406,0.3782766186314275,-0.05783130390891466,0.1685436666712183
76.57000000000001,-0.09088251829693292,0.37848908765173406,-0.05877832702803165,0.17246407794465687
76.58,-0.09133830511368692,0.3784698265436132,-0.05970805024373084,0.17640814982821912
76.59,-0.09175633646071037,0.37822215845554297,-0.060620078241906745,0.18037431635424483
76.60000000000001,-0.09213664532359009,0.3777495903745838,-0.06151401353201011,0.1843609078884801
76.61,-0.09247928702146001,0.37705580908353853,-0.06238945661583686,0.18836615478914656
76.62,-0.09278433898357677,0.3761396950792435,-0.06324600615338434,0.1923886087674352
76.63,-0.09305190083827262,0.3749975541626019,-0.06408325914344395,0.19642589744928088
76.64,-0.09328209462048018,0.3736290015734888,-0.06490081130379559,0.20047045955099227
76.65,-0.09347506482107916,0.3720351182298634,-0.06569825761717465,0.20451825738802873
76.66,-0.09363097830989618,0.3702166233896398,-0.06647519271569324,0.20856816949402068
76.67,-0.09375002415927805,0.36817709710047675,-0.06723121115391822,0.2126157614780839
76.68,-0.09383241331335428,0.3659207823919474,-0.06796590781833914,0.21665561293302776
76.69,-0.09387837821455772,0.3634504303113377,-0.06867887835729175,0.2206853362672518
76.7,-0.0938881726523051,0.36076356535859544,-0.06936971943852589,0.22470390585906538
76.71000000000001,-0.09386207187647433,0.35785844508675546,-0.07003802889568504,0.22870977625741062
76.72,-0.09380037272816404,0.3547349431109529,-0.07068340589091689,0.2327008390016265
76.73,-0.09370339369754842,0.35139226071578167,-0.07130545117704983,0.23667299036014192
76.74,-0.09357147493417729,0.3478311886865043,-0.07190376741478641,0.24062389545788898
76.75,-0.09340497812789282,0.344054608014947,-0.0724779594120757,0.24455218627086056
76.76,-0.09320428629228371,0.3400642158403949,-0.07302763428804351,0.24845625803554075
76.77,-0.09296980352662318,0.3358629725532779,-0.0735524016258035,0.25233462534384193
76.78,-0.09270195470823409,0.3314548322644263,-0.0740518736318414,0.25618555030579365
76.79,-0.09240118509734224,0.32684420119737123,-0.07452566537120789,0.26000516459548234
76.8,-0.092067959887684,0.3220359063547393,-0.07497339520984414,0.2637864561999027
76.81,-0.09170276377257129,0.31703332598496525,-0.07539468553673534,0.26751973827702186
76.82000000000001,-0.09130610054192445,0.31184089272103843,-0.07578916367092355,0.2711956249147272
76.83,-0.09087849262057425,0.30646419473842995,-0.07615646279458745,0.2748051144458466
76.84,-0.0904204805279286,0.3009088633952124,-0.07649622286729788,0.27833900573982756
76.85000000000001,-0.08993262229000051,0.29518128330267807,-0.07680809150744378,0.2817892325877424
76.86,-0.08941549280095357,0.2892882584191919,-0.07709172485396378,0.2851466767428394
76.87,-0.08886968314346963,0.2832367898549627,-0.0773467884545289,0.2884023179896017
76.88,-0.08829579988123225,0.2770342133617596,-0.07757295810676383,0.2915491724283899
76.89,-0.08769446431047012,0.27068854166152795,-0.07776992062394972,0.2945793809266347
76.9,-0.08706631167331591,0.26420774246765966,-0.0779373746631867,0.2974831560798309
76.91,-0.08641199031587585,0.2576012336837268,-0.0780750315522515,0.30025439559736555
76.92,-0.08573216075750599,0.2508790368804069,-0.0781826159714534,0.30288703088586555
76.93,-0.08502749472939239,0.24405029043559567,-0.07825986666358024,0.30537166891873074
76.94,-0.08429867421685318,0.2371250548548515,-0.07830653722045486,0.3077017301446686
76.95,-0.08354639046363425,0.23011372752455655,-0.07832239676261006,0.30987172220141035
76.96000000000001,-0.08277134295757554,0.22302619559175754,-0.07830723055439211,0.31187470280934637
76.97,-0.0819742384345669,0.21587236811970564,-0.0782608406662185,0.31370382410608955
76.98,-0.08115578988235032,0.20866246629400498,-0.07818304662535575,0.3153533852439719
76.99,-0.08031671552396726,0.2014068744917612,-0.07807368598240567,0.31681851897855057
77.0,-0.0794577377913047,0.19411585235273077,-0.0779326148149766,0.3180943236803119
77.01,-0.07857958230806657,0.18679946382162066,-0.07775970822187023,0.31917572482123796
77.02,-0.07768297688621555,0.1794677436840435,-0.07755486081340981,0.3200580698550771
77.03,-0.07676865052458468,0.1721308419249955,-0.07731798715482435,0.3207376611117371
77.04,-0.07583733240805308,0.1647987379339085,-0.07704902215074348,0.3212109094979246
77.05,-0.07488975091910072,0.15748122181994278,-0.07674792140183552,0.3214743421623872
77.06,-0.07392663266528116,0.15018799243071146,-0.07641466153834325,0.3215249778371113
77.07000000000001,-0.07294870151508781,0.14292875556959994,-0.07604924050029567,0.3213607006423341
77.08,-0.07195667764331759,0.13571296752716305,-0.0756516777620325,0.3209794984612988
77.09,-0.07095127659253275,0.1285499685107792,-0.07522201451638218,0.3203799452738422
77.10000000000001,-0.06993320834627195,0.12144907318166019,-0.07476031379575249,0.3195616538145205
77.11,-0.06890317641128488,0.11441942789369608,-0.07426666051087258,0.31852486683026887
77.12,-0.06786187691385034,0.10747001608669021,-0.07374116142778964,0.31727015400733466
77.13,-0.06680999771589936,0.1006095562721352,-0.07318394510978889,0.3157982941875814
77.14,-0.06574821755690387,0.09384646843373434,-0.07259516183404817,0.31411033985426473
77.15,-0.0646772052253563,0.08718886804987377,-0.07197498348324737,0.3122075824299071
77.16,-0.0635976187612483,0.08064455069466818,-0.07132360341215349,0.3100915659752864
77.17,-0.06251010469069748,0.07422098258020189,-0.07064123628954204,0.30776407587339466
77.18,-0.06141529729382451,0.06792528932391279,-0.0699281179157328,0.3052271392288581
77.19,-0.060313817906873,0.06176424684944079,-0.06918450501613992,0.30248301861577126
77.2,-0.05920627425950634,0.05574427245154878,-0.068410675011253,0.2995342083830938
77.21000000000001,-0.05809325984811586,0.049871417041489036,-0.06760692576353482,0.29638342892518743
77.22,-0.05697535334590014,0.04415135805535156,-0.06677357530176196,0.2930336212420849
77.23,-0.05585311805038567,0.0385893932976072,-0.06591096152338653,0.28948794065104566
77.24,-0.05472710136898035,0.03319043557523333,-0.06501944187554128,0.2857497502516737
77.25,-0.05359783434306211,0.027959008194802244,-0.06409939301535501,0.2818226138762674
77.26,-0.052465831211040884,0.02289924080493993,-0.0631512104504614,0.27771028300837663
77.27,-0.05133158901061409,0.018014870972151514,-0.06217530816026921,0.27341670385633216
77.28,-0.050195587220269726,0.013309241980787354,-0.0611721181979325,0.2689460164901496
77.29,-0.04905828744027416,0.008785297306030667,-0.060142090273684806,0.26430253031404033
77.3,-0.047920133113465484,0.004445579862661241,-0.059085691321126795,0.25949071246591315
77.31,-0.04678154928596264,0.0002922324109353629,-0.058003405047756126,0.2545151803368773
77.32000000000001,-0.04564294240773939,-0.0036730014371083855,-0.05689573147064181,0.2493806917826922
77.33,-0.04450470017292795,-0.007448775401358114,-0.0557631864381511,0.2440921362293155
77.34,-0.04336719139965156,-0.011034138041712322,-0.054606301138657935,0.23865452512050594
77.35000000000001,-0.04223076594911253,-0.014428529551213194,-0.05342562159717192,0.2330729825344221
77.36,-0.04109575468359131,-0.017631777888190772,-0.05222170816083743,0.22735273560431463
77.37,-0.039962469462951324,-0.020644094249892928,-0.05099513497425721,0.22149910497562111
77.38,-0.03883120317917251,-0.0234660679208217,-0.04974648944559835,0.2155174952306505
77.39,-0.037702229828383574,-0.026098660510867684,-0.04847637170443729,0.20941338536273804
77.4,-0.03657580461979379,-0.02854319960990479,-0.04718539405229743,0.20319231930380113
77.41,-0.03545216412087661,-0.030801371879043887,-0.045874180406825615,0.19685989654731376
77.42,-0.0343315264380925,-0.032875215603075804,-0.04454336574054553,0.19042176288725382
77.43,-0.03321409143239682,-0.034767112727057625,-0.043193595515112065,0.18388360130235815
77.44,-0.03210004096871643,-0.036479780401504375,-0.04182552511197799,0.177251123008285
77.45,-0.030989539198538474,-0.038016262061100634,-0.0404398192603655,0.1705300587014409
77.46000000000001,-0.029882732874707985,-0.03937991806256036,-0.03903715146341656,0.16372615001476945
77.47,-0.028779751697482585,-0.0405744159083767,-0.037618203423374554,0.15684514120529403
77.48,-0.027680708690862515,-0.04160372008358374,-0.03618366446662562,0.14989277109065594
77.49,-0.026585700608163305,-0.04247208153419551,-0.034734230969404006,0.14287476525034476
77.5,-0.02549480836577567,-0.04318402681616775,-0.03327060578493821,0.13579682850557737
77.51,-0.02440809750401991,-0.04374434694459124,-0.03179349767278677,0.12866463768975797
77.52,-0.023325618673969924,-0.04415808597352519,-0.030303620731084065,0.12148383471967188
77.53,-0.022247408149105224,-0.04443052933639438,-0.028801693832385022,0.11426001997580043
77.54,-0.02117348836061627,-0.044567191974185065,-0.027288440063768012,0.10699874599772419
77.55,-0.0201038684551714,-0.044573806125782815,-0.025764586171822642,0.09970551148586254
77.56,-0.019038544873258068,-0.04445628742325752,-0.024230862013156405,0.09238575442364921
77.57000000000001,-0.01797750194526186,-0.04422070480493018,-0.022688000011068417,0.08504484589940746
77.58,-0.016920712505108595,-0.04387334467781061,-0.02113673461886989,0.07768808889196017
77.59,-0.015868138523166923,-0.04342068274708795,-0.019577801790198877,0.07032071283914486
77.60000000000001,-0.01481973175703914,-0.04286934386421819,-0.018011938456796796,0.0629478679649226
77.61,-0.01377543441763793,-0.04222609940649273,-0.016439882014242607,0.055574621734315495
77.62,-0.01273517984907736,-0.041497849742526856,-0.014862369816056962,0.04820595485358905
77.63,-0.011698893221169168,-0.04069161423660744,-0.013280138676543906,0.04084675795170198
77.64,-0.0106664922332509,-0.039814517525613956,-0.011693924382713642,0.033501828362455875
77.65,-0.009637887828121314,-0.038873777739428704,-0.010104461215597034,0.026175867282940725
77.66,-0.008612984914838993,-0.037876693839023076,-0.008512481481236256,0.01887347715595585
77.67,-0.007591683099157366,-0.0368306335136203,-0.006918715051608652,0.011599159335528266
77.68,-0.006573877420375717,-0.035743020928277164,-0.0053238889157148335,0.004357311989049687
77.69,-0.00555945909339668,-0.0346213246973075,-0.00372872674103748,-0.0028477717589960546
77.7,-0.0045483162547888785,-0.033473045909229636,-0.0021339484455536097,-0.010011905462565016
77.71000000000001,-0.0035403347110562035,-0.03230568649047416,-0.0005402697783023338,-0.017130940832532325
77.72,-0.002535398685895203,-0.031126702943845574,0.001051598098601001,-0.024200646058472875
77.73,-0.001533391566289779,-0.029943595455652932,0.002640949022923527,-0.031217060433043238
77.74,-0.0005341966500335896,-0.028763878862206556,0.004227082226966683,-0.03817643498425496
77.75,0.0004623021065205313,-0.027595033240342726,0.005809302713969704,-0.04507509855469833
77.76,0.001456219343372047,-0.02644450752071375,0.0073869216224221835,-0.05190951067178949
77.77,0.002447667555797675,-0.025319701279211532,0.008959256579115017,-0.05867623585249272
77.78,0.0034367563583255554,-0.02422795777512373,0.010525632040738225,-0.06537195709730695
77.79,0.004423591754835036,-0.023176551633012736,0.012085379624061834,-0.07199346961606945
77.8,0.0054082754187818145,-0.022172583132567706,0.013637838424382882,-0.07853769250589257
77.81,0.006390903991864549,-0.02122288453931819,0.015182355321631993,-0.08500167381862724
77.82000000000001,0.007371568396681954,-0.02033438114407057,0.016718285274576826,-0.09138256083756825
77.83,0.008350353150684324,-0.01951398723026366,0.01824499160426589,-0.097677607286079
77.84,0.00932733568378565,-0.01876846594876294,0.019761846266606167,-0.10388418421256469
77.85000000000001,0.01030258566718595,-0.01810447342800572,0.021268230113544073,-0.10999977527364953
77.86,0.011276164355067182,-0.017528523410208528,0.022763533142805586,-0.11602197876338623
77.87,0.012248123942340127,-0.01704691228216159,0.02424715474797479,-0.12194812579980906
77.88,0.013218506944968568,-0.016665649503255577,0.025718503995941496,-0.12777501428891277
77.89,0.01418734560140538,-0.016390663644043138,0.027176999909821916,-0.13350028848830084
77.9,0.015154661298465122,-0.016227409348227886,0.02862207170526711,-0.13912208923156405
77.91,0.016120464020185257,-0.016181408701856238,0.030053158987028445,-0.14463850816276505
77.92,0.017084751801171888,-0.016258241598017267,0.03146971193311259,-0.1500477990774625
77.93,0.01804751018390575,-0.01646323573699767,0.03287119147029599,-0.15534826671739252
77.94,0.01900871170440898,-0.016801172670960655,0.034257069495096326,-0.16053655712292
77.95,0.019968315424298128,-0.017276364344944638,0.03562682916364101,-0.16560970567601566
77.96000000000001,0.020926266486981274,-0.017893439018898047,0.03697996514633426,-0.1705663269073253
77.97,0.02188249567108265,-0.018656923722003005,0.03831598381490073,-0.1754044487923173
77.98,0.0228369189589053,-0.019570834515889438,0.03963440352562741,-0.18011890877366712
77.99,0.023789437132815363,-0.02063916969803318,0.04093475500164974,-0.18470681536796105
78.0,0.024739935385941728,-0.021865827318859003,0.042216581600080405,-0.18916741526086078
78.01,0.025688282946591277,-0.023254443975528998,0.043479439433932926,-0.19349978339630533
78.02,0.02663433272490582,-0.02480842445021248,0.04472289744763189,-0.19770340394561298
78.03,0.027577920984228132,-0.02653091522182201,0.04594653747443692,-0.20177780169850407
78.04,0.02851886703768803,-0.02842481057538259,0.04714995427681087,-0.2057227267619301
78.05,0.02945697297051888,-0.030492742915245216,0.04833275557073672,-0.20953806242254266
78.06,0.030392023388498533,-0.03273708141785374,0.04949456203346703,-0.21322387112164384
78.07000000000001,0.031323785192914545,-0.03515992692181705,0.05063500729498101,-0.2167803709997003
78.08,0.032252007382410935,-0.037763109145816084,0.0517537379130641,-0.22020794679019193
78.09,0.0331764208820555,-0.04054818316899241,0.05285041333214228,-0.22350714315244363
78.10000000000001,0.03409673839992346,-0.043516426728299626,0.053924705825933644,-0.22667866639002648
78.11,0.035012654311480824,-0.04666883754807364,0.054976300424053666,-0.229723381571377
78.12,0.03592384457200392,-0.05000613110508906,0.056004894822714965,-0.23264231153548834
78.13,0.03682996665725277,-0.05352873862564591,0.05701019927970102,-0.23543663453495164
78.14,0.0377306595325824,-0.057236805421840856,0.05799193649381624,-0.23810768213425015
78.15,0.038625543650645945,-0.061130189513539976,0.05894984146904585,-0.24065693655096504
78.16,0.039514220977809336,-0.06520846056578489,0.059883661363686974,-0.2430860278434856
