t_s,center_heave_m,center_heave_acc_mps2,buoy1_heave_m,buoy1_heave_acc_mps2
45.0,-0.012476309202601503,0.0678003532764585,-0.012345913123376176,0.07851448451681037
45.01,-0.012461702528197859,0.06792809783603702,-0.012443300466388895,0.07916117484429454
45.02,-0.012440296285855607,0.06803062874127325,-0.012532766716173743,0.07975703653939886
45.03,-0.012412079897091576,0.06810719408775012,-0.012614252912837055,0.0803016025139902
45.04,-0.012377045407031337,0.06815701592114942,-0.012687705228313749,0.0807944426156845
45.050000000000004,-0.01233518756375484,0.06817929634523308,-0.01275307500878145,0.08123516640163832
45.06,-0.012286503899474345,0.06817322481362159,-0.012810318814589793,0.08162337693826412
45.07,-0.012230994812815432,0.06813798626575093,-0.012859398458686342,0.08195871113760846
45.08,-0.0121686636517543,0.06807275768718501,-0.012900281041778424,0.08224086185524869
45.09,-0.012099516797078517,0.06797671270906694,-0.012932938982540202,0.08246957148782295
45.1,-0.0120235637454452,0.06784904628709426,-0.012957350042936492,0.08264462577782697
45.11,-0.01194081719246217,0.06768891853491707,-0.012973497352208764,0.0827657529384099
45.12,-0.01185129311646037,0.06749550700842019,-0.012981369431336121,0.0828327302985786
45.13,-0.011755010859939902,0.06726805661710081,-0.012980960211723645,0.08284548065939516
45.14,-0.011651993207296638,0.06700581164731903,-0.012972269046503603,0.082803902170816
45.15,-0.011542266461845375,0.06670799445713665,-0.012955300722394453,0.08270782146344724
45.160000000000004,-0.01142586052255201,0.06637387001638886,-0.012930065471490946,0.08255719780973372
45.17,-0.011302808958315624,0.06600272599968553,-0.012896578976154628,0.08235204778108267
45.18,-0.011173149080430371,0.06559384298062727,-0.01285486236970796,0.08209234755305514
45.19,-0.011036922014216752,0.06514652268211907,-0.012804942236808977,0.08177811182234654
45.2,-0.010894172768623082,0.0646601009374061,-0.012746850610506474,0.08140942725587363
45.21,-0.010744950303184194,0.06413392839630444,-0.012680624964848631,0.08098638499846245
45.22,-0.01058930759269166,0.06356738188819688,-0.012606308204844515,0.08050910893288048
45.230000000000004,-0.01042730168904774,0.06295987550301736,-0.012523948652872903,0.07997778301522672
45.24,-0.010258993779591129,0.062310858886264524,-0.01243360003000228,0.07939263919838178
45.25,-0.010084449241194598,0.06161983529562312,-0.01233532143076336,0.07875400654188974
45.26,-0.009903737688351491,0.060886391798309375,-0.012229177286520563,0.07806239760065353
45.27,-0.00971693301384605,0.06011018486448744,-0.012115237313777696,0.07731845751715609
45.28,-0.009524113422943866,0.059290913750747146,-0.011993576450938973,0.07652287609400994
45.29,-0.009325361462684315,0.05842832117814885,-0.011864274788981381,0.07567638427811119
45.300000000000004,-0.009120764046717581,0.05752219495385721,-0.011727417497959709,0.07477975380571826
45.31,-0.008910412475563272,0.056572368974457485,-0.011583094749492269,0.07383379521382863
45.32,-0.0086944024521749,0.05557872438449069,-0.011431401635371298,0.07283935659121062
45.33,-0.008472834092708364,0.05454119050546814,-0.011272438082450252,0.07179732189054215
45.34,-0.008245811932395297,0.05345974573102465,-0.011106308763963927,0.07070860939910117
45.35,-0.008013444926442492,0.05233441829402617,-0.010933123007440435,0.06957417007748834
45.36,-0.007775846445877793,0.05116528695705784,-0.0107529946993685,0.06839498591980822
45.37,-0.007533134268279329,0.04995248160527524,-0.010566042186785278,0.06717206826673214
45.38,-0.007285430563331621,0.04869618375710221,-0.010372388175952558,0.06590645611378707
45.39,-0.007032861873159938,0.04739662699013905,-0.010172159628290722,0.06459921440165944
45.4,-0.006775559087403435,0.04605409728878165,-0.009965487653741145,0.06325143230295532
45.410000000000004,-0.0065136574129951025,0.044668933315323095,-0.009752507401728006,0.06186422150590067
45.42,-0.00624729633862647,0.043241526608614626,-0.009533357949890721,0.060438714502269425
45.43,-0.005976619593875809,0.04177232171286123,-0.009308182190758166,0.05897606288324384
45.44,-0.005701775102996619,0.04026181623969907,-0.009077126716534163,0.05747743564850576
45.45,-0.005422914933356697,0.03871056086603781,-0.008840341702163136,0.055944017532824394
45.46,-0.005140195238535287,0.03711915927019012,-0.008597980786842778,0.054377007354691434
45.47,-0.0048537761960868574,0.0354882680084819,-0.008350200954147999,0.05277761639113706
45.480000000000004,-0.004563821939986385,0.033818596334637595,-0.00809716241092826,0.05114706678279232
45.49,-0.004270500487770811,0.032110906171552774,-0.007839028465136651,0.049486589990216004
45.5,-0.003973983662376812,0.030366012379287474,-0.007575965402742181,0.04779742536150512
45.51,-0.0036744470086200486,0.028584784064805538,-0.0073081423638604506,0.04608081903919534
45.52,-0.0033720697044371892,0.026768138491055554,-0.007035731218250686,0.04433802181821258
45.53,-0.0030670344674043407,0.02491703362635759,-0.006758906440332879,0.04257028827986276
45.54,-0.002759527457442207,0.023032454643033648,-0.006477844983852997,0.04077887538556588
45.550000000000004,-0.0024497381778914654,0.021115369535909617,-0.006192726156330013,0.03896504095611831
45.56,-0.002137859381757724,0.01916658863632721,-0.005903731493447651,0.037130041733832074
45.57,-0.0018240870085890813,0.017186192244226236,-0.005611044633715246,0.035275127032572066
45.58,-0.0015086201805549582,0.015173608841010043,-0.00531485119389595,0.03340153427521851
45.59,-0.001191661202962308,0.013129626813729828,-0.00501533864512431,0.031510503076929056
45.6,-0.000873415488977725,0.01105572624052725,-0.004712696189202104,0.02960327173089949
45.61,-0.0005540914322252135,0.008953098615118857,-0.004407114641430337,0.027680867265832226
45.62,-0.00023390028321687779,0.006822830136981482,-0.004098786332781128,0.025744028895796973
45.63,8.694396851157114e-05,0.00466617374824533,-0.0037879050279406973,0.023793577422366624
45.64,0.00040822472637833145,0.0024846387320702646,-0.003474665840961158,0.02183046482792349
45.65,0.0007297229385066931,0.00027985810346208007,-0.0031592651417745943,0.01985567695534083
45.660000000000004,0.0010512172663785723,-0.001946348714191473,-0.0028419004544294546,0.017870329555239598
45.67,0.0013724842672702727,-0.004192091995607187,-0.002522770349288481,0.015875504331197575
45.68,0.0016932985880690722,-0.006455343381459228,-0.002202074331064354,0.013872388980125243
45.69,0.0020134331693635213,-0.008734006665905136,-0.0018800127235359136,0.011862130748318992
45.7,0.002332659458398889,-0.011025893407691858,-0.0015567865523880716,0.00984593431879546
45.71,0.002650747630780108,-0.013328720514500906,-0.0012325974243522961,0.007825057999697245
45.72,0.0029674668196159482,-0.01564017168242555,-0.000907647405454205,0.005800666224238386
45.730000000000004,0.003282585350765825,-0.01795784367272964,-0.0005821388998587109,0.003774019651233496
45.74,0.003595870984856313,-0.02027927150105787,-0.0002562745248687652,0.001746409423201983
45.75,0.003907091164958595,-0.022601958248413434,6.974301494125856e-05,-0.0002809558881945615
45.76,0.004216013268380157,-0.024923360992002975,0.00039571105082804764,-0.002306844986040043
45.77,0.0045224048626303845,-0.02724089194686686,0.0007214270739978482,-0.004329977517220004
45.78,0.004826033965348605,-0.029551933186241622,0.0010466888624830208,-0.006349077042109733
45.79,0.00512666930720998,-0.03185384403729667,0.0013712946082661672,-0.00836288450631117
45.800000000000004,0.005424080596864634,-0.03414396985604725,0.001695043041851864,-0.010370193559925533
45.81,0.005718038787307243,-0.036419642535039265,0.0020177335548469755,-0.012369767302313373
45.82,0.006008316343308375,-0.038678186305133526,0.002339166323632361,-0.014360348946322382
45.83,0.006294687509345497,-0.04091692689342213,0.0026591424340707266,-0.016340699743234714
45.84,0.006576928577307997,-0.043133196439922444,0.002977464005496992,-0.01830958833669949
45.85,0.00685481815334232,-0.045324339962626845,0.0032939343134850726,-0.02026579995291017
45.86,0.007128137423269329,-0.04748772035330504,0.003608357910317709,-0.022208163284169007
45.87,0.007396670415931923,-0.04962072640815423,0.0039205407430565956,-0.024135504999604655
45.88,0.007660204263842405,-0.05172077776576745,0.0042302902711420145,-0.026046642740454734
45.89,0.007918529460595286,-0.05378532980640451,0.004537415583898877,-0.027940413153564072
45.9,0.008171440114546189,-0.055811878841079986,0.004841727516741082,-0.02981567065654039
45.910000000000004,0.008418734198217186,-0.057797967660599234,0.00514303876560607,-0.03167128670014722
45.92,0.008660213792912808,-0.059741190464157885,0.005441163999673571,-0.033506149952844747
45.93,0.00889568532804403,-0.061639197571249554,0.005735919972282271,-0.03531916927236405
45.94,0.009124959814692954,-0.06348970008660881,0.006027125629890793,-0.037109273799184404
45.95,0.009347853072958281,-0.0652904743085006,0.006314602218986093,-0.03887541404072447
45.96,0.009564185952645205,-0.06703936595612851,0.00659817339086784,-0.040616562377628895
45.97,0.009773784547046274,-0.06873428900181235,0.006877665304230369,-0.04233171408637545
45.980000000000004,0.009976480400389901,-0.07037320602662261,0.007152906725422202,-0.04401988927091145
45.99,0.010172110709781653,-0.07195413406465809,0.007423729126254683,-0.0456801332480795
46.0,0.010360518520720265,-0.07347517754391414,0.007689966779344142,-0.04731151519884304
46.01,0.01054155291484937,-0.07493451531435555,0.007951456851004417,-0.048913129526171044
46.02,0.010715069189511865,-0.07633041460717452,0.008208039491659175,-0.05048409551367578
46.03,0.010880929028102195,-0.0776612495722778,0.008459557923785109,-0.052023556642606016
46.04,0.011039000660735604,-0.07892547844254821,0.008705858527372693,-0.05353068231472755
46.050000000000004,0.011189159015726414,-0.08012165241190718,0.008946790922840373,-0.05500466760394403
46.06,0.01133128586131987,-0.08124843411667074,0.009182208051407492,-0.05644473236428597
46.07,0.011465269936640595,-0.08230459624330211,0.009411966252967412,-0.05785012145964658
46.08,0.011591007071707996,-0.08328901683956418,0.009635925341455607,-0.05922010512372504
46.09,0.011708400297466583,-0.08420065710928021,0.009853948677648851,-0.06055398029929832
46.1,0.011817359946159978,-0.08503858954888957,0.010065903239374773,-0.061851068913577036
46.11,0.011917803740754167,-0.08580200910149724,0.010271659689214232,-0.06311071710961029
46.12,0.012009656872554187,-0.0864902253938627,0.010471092439758202,-0.06433229555045628
46.13,0.01209285206711492,-0.08710266453696372,0.010664079716429516,-0.06551519910111346
46.14,0.012167329639910879,-0.08763882439211303,0.010850503617803866,-0.06665884922790592
46.15,0.012233037543340371,-0.08809829361810799,0.01103025017336271,-0.06776269255979925
46.160000000000004,0.012289931403395347,-0.08848080441920204,0.011203209399031085,-0.0688261901836542
46.17,0.012337974543333848,-0.08878622225669797,0.011369275351049809,-0.06984881788188446
46.18,0.012377137995159439,-0.08901450251543172,0.011528346177839835,-0.07083008369697058
46.19,0.012407400502189735,-0.08916566045940572,0.011680324169717812,-0.07176950420388435
46.2,0.012428748513859375,-0.08923980997355575,0.011825115806667218,-0.07266662461792182
46.21,0.012441176170028356,-0.0892372092825183,0.011962631803638584,-0.07352101885291108
46.22,0.012444685273136209,-0.08915821709502605,0.012092787153690488,-0.07433226644195666
46.230000000000004,0.012439285249863208,-0.08900327968787142,0.01221550116966993,-0.07509996678959827
46.24,0.012424993103821029,-0.0887729305650968,0.012330697524002687,-0.07582374503302153
46.25,0.01240183335958929,-0.0884677890440948,0.01243830428641117,-0.07650323945335141
46.26,0.012369837998044423,-0.08808856467446863,0.012538253959554683,-0.07713811801976177
46.27,0.012329046382356537,-0.08763607141147076,0.012630483512504698,-0.07772806278986116
46.28,0.012279505174362612,-0.08711121161610424,0.012714934412491703,-0.07827277014480101
46.29,0.012221268242407192,-0.08651495752333428,0.01279155265537203,-0.07877194583934881
46.300000000000004,0.012154396561601319,-0.0858483602267108,0.01286028879478047,-0.07922531388707361
46.31,0.01207895810665448,-0.08511254237658662,0.012921097969515584,-0.07963262018041437
46.32,0.011995027737117964,-0.08430870943091787,0.012973939928845135,-0.07999363112900397
46.33,0.011902687074712164,-0.08343814700164906,0.013018779055970795,-0.08030812577524334
46.34,0.011802024373315635,-0.0825021993099337,0.013055584389886146,-0.08057590168034429
46.35,0.01169313438287437,-0.08150226466214029,0.01308432964634265,-0.08079674740392505
46.36,0.011576118207571033,-0.08043980542970763,0.013104993238433879,-0.08097046622902224
46.37,0.01145108315762693,-0.07931635558011366,0.013117558295876918,-0.0810968856464445
46.38,0.011318142594786355,-0.0781335004791203,0.013122012682117871,-0.08117585529017894
46.39,0.01117741577205858,-0.07689288597875377,0.013118349009075884,-0.08120725017345833
46.4,0.011029027667877502,-0.07559621151745649,0.013106564651023356,-0.0811909183101494
46.410000000000004,0.010873108815386327,-0.07424521259703282,0.01308666176033349,-0.08112667395626053
46.42,0.010709795127085182,-0.07284168549367498,0.013058647283065387,-0.0810144077051411
46.43,0.010539227714392047,-0.07138747350757772,0.013022532969880207,-0.08085406068288101
46.44,0.01036155270377524,-0.069884419581566,0.012978335385695658,-0.08064548495854416
46.45,0.010176921051291922,-0.06833439120028865,0.01292607592269808,-0.08038853376743262
46.46,0.009985488354579637,-0.06673930205951524,0.012865780812608944,-0.08008313941093602
46.47,0.00978741466184407,-0.06510107612670635,0.01279748113569319,-0.079729212289196
46.480000000000004,0.009582864279510975,-0.0634216371567001,0.012721212830643145,-0.07932661867269325
46.49,0.009372005579027655,-0.06170293289611328,0.012637016705761178,-0.07887526716394958
46.5,0.00915501080233089,-0.059946918514006006,0.012544938448891199,-0.07837506721472726
46.51,0.00893205586665849,-0.058155545882979706,0.012445028637158824,-0.07782590581870567
46.52,0.008703320169127756,-0.05633077730108088,0.01233734274685228,-0.07722770061291107
46.53,0.008468986390812817,-0.054474579297811056,0.012221941161575461,-0.07658039035840601
46.54,0.008229240299902994,-0.05258893718241574,0.012098889176377454,-0.07588399058123341
46.550000000000004,0.0079842705523649,-0.05067588668250864,0.01196825699191216,-0.07513870331273563
46.56,0.007734268489131277,-0.0487374858157469,0.011830119694552159,-0.0743448379404696
46.57,0.0074794279314384145,-0.04677578693449394,0.011684557226645175,-0.07350273192688231
46.58,0.007219944976278008,-0.04479283565881287,0.011531654352227446,-0.0726127561382775
46.59,0.00695601779267122,-0.042790667579145555,0.011371500619558933,-0.07167531283623083
46.6,0.006687846419008033,-0.04077130620393428,0.011204190320423996,-0.07069083731299197
46.61,0.006415632561693291,-0.03873676041197911,0.011029822446163873,-0.06965979767041487
46.62,0.006139579395334653,-0.03668902227875777,0.010848500640398596,-0.0685826954878686
46.63,0.005859891364693699,-0.03463006484044441,0.010660333148404706,-0.0674600660016399
46.64,0.00557677398861517,-0.03256184001202113,0.010465432763115571,-0.06629247847995288
46.65,0.005290433666145319,-0.030486276549180423,0.010263916767714907,-0.06508053644701649
46.660000000000004,0.005001077485033488,-0.02840527810706403,0.010055906874798513,-0.06382487792500102
46.67,0.0047089130328127156,-0.02632072136710096,0.009841529162082308,-0.0625261756052468
46.68,0.004414148210641569,-0.024234454244198768,0.009620914004639297,-0.06118513698894978
46.69,0.004116991050079869,-0.022148294166065872,0.009394196003653288,-0.059802504473273996
46.7,0.003817649532974463,-0.020064026426811044,0.009161513911680347,-0.05837905539117799
46.71,0.0035163314146073755,-0.017983402611885257,0.008923010554416013,-0.056915601997260264
46.72,0.0032132440502677163,-0.0159081390940159,0.008678832748969696,-0.05541299140015042
46.730000000000004,0.0029085942253893183,-0.013839915598655637,0.008429131218654504,-0.053872105438085995
46.74,0.0026025879893972594,-0.01178037383795302,0.008174060504305424,-0.0522938604965167
46.75,0.002295430493395002,-0.009731116197147876,0.007913778872145356,-0.05067920726574418
46.76,0.0019873258318325307,-0.007693704096102989,0.007648448218223792,-0.0490291304419608
46.77,0.0016784768883466353,-0.005669655229857095,0.007378233969458421,-0.047344648387402676
46.78,0.0013690851858812949,-0.0036604454815482934,0.007103304981316688,-0.045626812672318315
46.79,0.0010593507407292374,-0.0016675190537156215,0.0068238334321857426,-0.04387670746602124
46.800000000000004,0.0007494719192945876,0.0003076902504180702,0.006539994714491494,-0.04209544884609746
46.81,0.00043964529372749205,0.002263675060503993,0.006251967322648356,-0.04028418365972633
46.82,0.00013006547947671604,0.004198452783313269,0.005959932738000273,-0.03844408652168748
46.83,-0.00017907508860806224,0.006108855604661456,0.005664075311018371,-0.036576356544160714
46.84,-0.0004875864160469867,0.007992747934566915,0.005364582140456855,-0.03468223366608609
46.85,-0.0007952811468638862,0.009849091864240494,0.005061642948845674,-0.03276299496040106
46.86,-0.001101974690455125,0.011676740424025656,0.004755449951555457,-0.030820040372841265
46.87,-0.0014074853382517415,0.013474350036356242,0.004446197708255715,-0.028855120135527462
46.88,-0.0017116343892818078,0.015240671788528774,0.004134082953774559,-0.02687001270013515
46.89,-0.002014246266596574,0.016974725633819885,0.0038193044240212772,-0.024866387084052376
46.9,-0.0023151486130304124,0.018675709829478457,0.003502062689188521,-0.022845833540122137
46.910000000000004,-0.0026141723682909426,0.02034297117904689,0.003182559994202346,-0.02080990372466408
46.92,-0.0029111518315215173,0.02197597647252021,0.002861000102942365,-0.018760139464051407
46.93,-0.003205924710875162,0.02357432797084447,0.002537588145464767,-0.016698025933883462
46.94,-0.003498332160640606,0.02513773958271931,0.0022125304689874017,-0.014625023554870668
46.95,-0.003788218807748645,0.026666006076830843,0.0018860344900492178,-0.01254263078659858
46.96,-0.0040754327683593244,0.02815904531441375,0.0015583085482610334,-0.010452249772487108
46.97,-0.004359825654419292,0.029616853854687583,0.0012295617628592017,-0.008355321836839374
46.980000000000004,-0.004641252571822026,0.0310394984938532,0.000900003888609311,-0.0062533085901183465
46.99,-0.004919572110463747,0.03242714898866634,0.0005698451728104365,-0.004147578756497513
47.0,-0.005194646325754668,0.03378004504797105,0.00023929621632946607,-0.002039506372939697
47.01,-0.0054663407130715845,0.03509848049159009,-9.14321658957959e-05,6.946609381912742e-05
47.02,-0.005734524176091667,0.0363828196537693,-0.0004221290860950943,0.002177952274914851
47.03,-0.005999068988669419,0.037633492257287036,-0.0007525837219594109,0.004284614928117308
47.04,-0.006259850750617081,0.03885097876273276,-0.001082585451524092,0.0063881125681402385
47.050000000000004,-0.006516748338351738,0.04003580645427524,-0.0014119239876607937,0.008487091439455693
47.06,-0.006769643851129028,0.04118854201157374,-0.0017403895140440584,0.010580172010498465
47.07,-0.007018422553296439,0.042309792444716776,-0.0020677728208764934,0.012666031262418685
47.08,-0.007262972812838327,0.04340019851867981,-0.0023938654375079025,0.01474337261335087
47.09,-0.00750318603673975,0.04446042763589721,-0.002718459762588729,0.016810900647050767
47.1,-0.007738956603775448,0.0454911698186521,-0.0030413491932332537,0.018867332965323887
47.11,-0.007970181795232891,0.046493132559370626,-0.003362328253606043,0.020911383974383524
47.12,-0.008196761724048448,0.047467036274684106,-0.003681192723853878,0.0229417533282528
47.13,-0.008418599262918207,0.0484136069512638,-0.00399773976855819,0.024957181492123177
47.14,-0.008635599971912163,0.04933357306605437,-0.004311768062606896,0.026956436402652245
47.15,-0.008847672025992744,0.05022766145773533,-0.004623077914772483,0.02893829004705232
47.160000000000004,-0.009054726142858576,0.05109659279061209,-0.0049314713901056784,0.030901528468949935
47.17,-0.009256675511559618,0.05194107706906587,-0.005236752431156681,0.032844950350941406
47.18,-0.009453435722308477,0.052761809730371145,-0.005538726977870595,0.034767367868439404
47.19,-0.009644924697886328,0.05355946778746889,-0.005837203086189963,0.03666760517363882
47.2,-0.009831062627026751,0.054334706068209615,-0.006131991045384091,0.03854449964074059
47.21,-0.010011771900142236,0.05508815370396952,-0.006422903494077286,0.040396901761218205
47.22,-0.010186977047742428,0.05582041078555068,-0.0067097555349382295,0.04222367574494241
47.230000000000004,-0.010356604681869629,0.056532045256433835,-0.006992364847994703,0.04402369980001105
47.24,-0.010520583440859476,0.05722359000295603,-0.00727055180253347,0.0457958666097051
47.25,-0.010678843937766377,0.0578955382085137,-0.007544139567540448,0.047539083864363285
47.26,-0.010831318713675184,0.058548313148516815,-0.007812954220580098,0.04925227638069488
47.27,-0.010977942197685666,0.0591822613053875,-0.008076824854975791,0.05093438687153405
47.28,-0.011118650673572974,0.05979768249906496,-0.008335583685253597,0.052584374586435126
47.29,-0.011253382252299644,0.06039481267634232,-0.008589066150856561,0.0542012167753019
47.300000000000004,-0.011382076850337234,0.06097383340615581,-0.008837111018086392,0.05578390862315321
47.31,-0.01150467617302865,0.06153489246304761,-0.0090795604802684,0.05733146256845283
47.32,-0.011621123702772174,0.062078071749845656,-0.009316260256098727,0.058842910772514925
47.33,-0.011731364692964343,0.06260339496112304,-0.009547059686060738,0.06031730528207009
47.34,-0.011835346167255777,0.06311085016061098,-0.009771811826875304,0.06175371734593749
47.35,-0.01193301692299421,0.06360038506344114,-0.009990373543986025,0.06315123838171262
47.36,-0.012024327539442185,0.06407188092520555,-0.0102026056019755,0.06450898224537596
47.37,-0.012109230392059144,0.06452515544706322,-0.010408372752763956,0.06582608581384111
47.38,-0.012187679672348368,0.06495999092368862,-0.010607543821543974,0.06710170809941436
47.39,-0.012259631411566174,0.06537614215881274,-0.010799991790474191,0.06833503058827115
47.4,-0.012325043507593714,0.06577332850396722,-0.010985593880092175,0.06952525854399143
47.410000000000004,-0.012383875757305094,0.06615116579572464,-0.011164231628388475,0.07067162060319972
47.42,-0.01243608989664228,0.0665092083014816,-0.011335790967997202,0.07177335386125619
47.43,-0.012481649644866994,0.06684703974190423,-0.01150016230166108,0.07282972286185325
47.44,-0.012520520749670807,0.0671642078943177,-0.011657240576031564,0.07383999683321962
47.45,-0.012552671036538275,0.06746016104392838,-0.011806925353237931,0.07480349229063224
47.46,-0.012578070465655108,0.06773428457040268,-0.011949120879378538,0.07571954689832813
47.47,-0.012596691193251979,0.06798598383788869,-0.012083736150787517,0.07658750638088482
47.480000000000004,-0.012608507633905995,0.06821464049523127,-0.01221068497835497,0.07740675320826948
47.49,-0.012613496525267935,0.06841958191086879,-0.012329886048993984,0.0781766984424224
47.5,-0.012611636997041554,0.06860009843585711,-0.012441262983815898,0.07889679066926962
47.51,-0.012602910643997777,0.06875544260399107,-0.012544744393178046,0.0795665015818841
47.52,-0.012587301601640215,0.06888486371746755,-0.012640263929483307,0.0801853148821157
47.53,-0.012564796623139439,0.06898759809747251,-0.012727760337741522,0.08075275291513546
47.54,-0.012535385157827593,0.06906285250449037,-0.012807177502709335,0.08126837953960062
47.550000000000004,-0.012499059432091971,0.06910981010237316,-0.012878464492134006,0.08173179384388193
47.56,-0.012455814532086825,0.06912764997003798,-0.012941575596404046,0.08214262856545562
47.57,-0.012405648487222221,0.06911554576963347,-0.012996470365974608,0.08250051233229679
47.58,-0.01234856235441443,0.06907265584203526,-0.0130431136471257,0.08280511300276833
47.59,-0.01228456030315263,0.06899813796323062,-0.013081475614042956,0.08305615763756397
47.6,-0.012213649700153465,0.06889117191559321,-0.013111531795664363,0.08325342322830555
47.61,-0.012135841193094011,0.06875093030907518,-0.01313326309842061,0.08339670223142295
47.62,-0.012051148794617264,0.06857657200130787,-0.013146655828944897,0.08348573159302473
47.63,-0.011959589965555168,0.06836730554289218,-0.013151701715845246,0.08352035774788986
47.64,-0.01186118569433627,0.0681223900623653,-0.01314839792388004,0.08350053381188116
47.65,-0.011755960573663207,0.06784105789360695,-0.013136747063761025,0.08342611402164395
47.660000000000004,-0.01164394287713085,0.06752255144987376,-0.013116757203744115,0.08329698481844053
47.67,-0.011525164634402342,0.06716615843915727,-0.01308844187781908,0.08311315479891002
47.68,-0.01139966170374307,0.0667711706809129,-0.013051820087475829,0.08287462483412344
47.69,-0.01126747384328169,0.06633688326202972,-0.013006916302087166,0.08258137499893155
47.7,-0.011128644780753214,0.06586263003308471,-0.012953760457897215,0.08223346897352139
47.71,-0.010983222280472289,0.06534776798267775,-0.012892387952460883,0.0818309975691245
47.72,-0.010831258207784071,0.06479167143895548,-0.012822839636021469,0.0813740540885854
47.730000000000004,-0.010672808590853395,0.0641937559652174,-0.012745161800089935,0.08086280134971519
47.74,-0.01050793367896026,0.06355347074120743,-0.012659406161334427,0.0802974414972454
47.75,-0.010336697996648972,0.0628703165544302,-0.012565629839435018,0.07967826499510616
47.76,-0.010159170392020555,0.06214387753279628,-0.0124638953242624,0.07900574191325581
47.77,-0.009975424077414962,0.061373815382996834,-0.01235427042765428,0.07828049766929142
47.78,-0.0097855366630646,0.06055983981733498,-0.01223682822217643,0.07750321604832867
47.79,-0.009589590185452416,0.059701703182568476,-0.012111646972817993,0.07667461714828733
47.800000000000004,-0.009387671131106315,0.05879920447408146,-0.011978810064405836,0.07579546448859635
47.81,-0.009179870455744933,0.057852189099114285,-0.011838405924998763,0.07486655929864948
47.82,-0.008966283598657795,0.05686055061136053,-0.011690527945383836,0.07388874113974041
47.83,-0.008747010492217022,0.05582423130805282,-0.011535274394837586,0.07286288529124202
47.84,-0.008522155566433624,0.054743223247079385,-0.011372748333301076,0.07178990169391988
47.85,-0.008291827748471182,0.0536175689092863,-0.01120305752013103,0.07067073306204615
47.86,-0.008056140457052531,0.05244736189763318,-0.011026314319587326,0.06950635336667854
47.870000000000005,-0.007815211591688149,0.05123274748218026,-0.010842635603223062,0.06829776609701398
47.88,-0.007569163516678102,0.04997392309136492,-0.010652142649343582,0.06704600260442056
47.89,-0.007318123039844273,0.04867113870451373,-0.010454961039703236,0.06575212038477848
47.9,-0.007062221385949258,0.04732469717322936,-0.010251220553610198,0.06441720137914606
47.910000000000004,-0.006801594164778456,0.04593495446293834,-0.010041055059609423,0.06304235026042432
47.92,-0.00653638133386507,0.0445023198238234,-0.009824602404914309,0.06162869272970444
47.93,-0.006266727155837352,0.04302725589119654,-0.009602004302757643,0.060177373817784985
47.94,-0.005992780150389994,0.04151027871966305,-0.00937340621783057,0.05868955620125497
47.95,-0.005714693040871875,0.03995195775296888,-0.009138957249978067,0.0571664185353424
47.96,-0.005432622695501747,0.038352915732319776,-0.008898810016316532,0.05560915380909732
47.97,-0.005146730063219495,0.036713828545247386,-0.008653120531938004,0.054018967726514565
47.980000000000004,-0.004857180104195212,0.0350354250171118,-0.008402048089361703,0.05239707711791586
47.99,-0.004564141715016117,0.033318486673620196,-0.00814575513689141,0.050744708387243834
48.0,-0.0042677876485698665,0.031563847857344354,-0.007884407156031866,0.049063096033924815
48.01,-0.003968294428579431,0.029772396982499866,-0.007618172538102294,0.047353481544119856
48.02,-0.003665842258820184,0.0279450737267467,-0.007347222460184551,0.04561711163786828
48.03,-0.003360614927454284,0.026082858565958843,-0.0070717307605538855,0.04385523698740449
48.04,-0.0030527997074497413,0.024186760457453924,-0.006791873813729688,0.042069110919482726
48.050000000000004,-0.0027425872554433456,0.02225776671978176,-0.006507830405278483,0.0402599880222516
48.06,-0.0024301715171802254,0.020296667653380174,-0.0062197816065384425,0.03842912175183793
48.07,-0.002115749671150935,0.018303344257381216,-0.005927910649666865,0.03657775622734806
48.08,-0.001799522130859354,0.01627735530847051,-0.005632402803500801,0.034707125393121784
48.09,-0.0014816925364063232,0.014219696380076946,-0.005333445250000781,0.03281846730341231
48.1,-0.0011624676658882449,0.012131864035183284,-0.005031226960853125,0.030913015042699943
48.11,-0.0008420573043928652,0.010015007743014424,-0.004725938582845004,0.02899172253137743
48.120000000000005,-0.0005206741210790422,0.007870249543043243,-0.004417772343653917,0.027055332061413945
48.13,-0.00019853354800199963,0.005698919001668927,-0.004106921969803723,0.025104709123916116
48.14,0.0001241463576413422,0.00350256730663616,-0.0037935825994169165,0.023140826130164896
48.15,0.00044714506997128764,0.0012828643568945884,-0.003477950686456017,0.021164681224538493
48.160000000000004,0.0007702397666807596,-0.0009583390108021117,-0.0031602238976594556,0.019177399481804625
48.17,0.0010932055147030058,-0.00321912155211933,-0.002840601003682226,0.017180074008619588
48.18,0.0014158154670076055,-0.00549742824960334,-0.002519281766167517,0.015173899465780792
48.19,0.0017378410693977997,-0.0077911372229983455,-0.0021964668217015096,0.01316002925908979
48.2,0.00205905227594474,-0.010098037104278649,-0.0018723575640884193,0.011139671999043912
48.21,0.0023792177730354485,-0.012415821066472113,-0.0015471560228696394,0.009114095822450104
48.22,0.0026981052107443444,-0.014742152432720618,-0.001221064740901309,0.0070844685642638145
48.230000000000004,0.0030154814400957805,-0.01707460956197606,-0.0008942866528100809,0.005052051690108409
48.24,0.0033311127569280877,-0.019410709085629932,-0.0005670249596861625,0.003018142695350144
48.25,0.0036447651513884355,-0.02174793557077554,-0.00023948300243519354,0.000983964724211925
48.26,0.003956204561401632,-0.02408373208337483,8.813586207591728e-05,-0.001049254039116322
48.27,0.004265197130070498,-0.026415497684188917,0.0004156283852932515,-0.0030802326158772997
48.28,0.004571509466900399,-0.028740601440607444,0.0007427915540542181,-0.005107687127624136
48.29,0.004874908911925902,-0.03105639122762312,0.0010694227184143592,-0.007130348144588023
48.300000000000004,0.005175163801763598,-0.033360202125375965,0.0013953197171772212,-0.009146999700620833
48.31,0.0054720437369243915,-0.035649358230417746,0.0017202810010611908,-0.011156407997208826
48.32,0.005765319850011709,-0.03792117692801219,0.002044105756522795,-0.013157312610673919
48.33,0.006054765074286614,-0.04017297822520455,0.002366594030796865,-0.015148467958275399
48.34,0.0063401544118888995,-0.042402090037170104,0.002687546856464932,-0.01712863729740647
48.35,0.006621265201062671,-0.04460585447832238,0.0030067663748856955,-0.01909659742389226
48.36,0.006897877381816,-0.04678163297877924,0.0033240559576374097,-0.021051162528446844
48.370000000000005,0.007169773759399147,-0.048926813510955985,0.0036392203254027133,-0.02299116153329105
48.38,0.007436740264960161,-0.051038816615701914,0.003952065665811534,-0.024915409965809886
48.39,0.007698566212829641,-0.05311509984754789,0.004262399751281265,-0.026822735675593172
48.4,0.007955044553937815,-0.05515316289581766,0.004570032055880028,-0.02871198724588059
48.410000000000004,0.008205972124846327,-0.05715055299289255,0.0048747738704269005,-0.030582029592812168
48.42,0.008451149891876323,-0.05910486994743128,0.005176438415842711,-0.03243174516505414
48.43,0.00869038318983282,-0.06101377077831485,0.005474840954722068,-0.034260035797785464
48.44,0.008923481954863411,-0.0628749743058781,0.005769798900974558,-0.0360658238690448
48.45,0.009150260950995998,-0.0646862655308753,0.006061131927425116,-0.03784805285042573
48.46,0.009370539989924629,-0.06644549980184924,0.006348662071298615,-0.03960568807834313
48.47,0.009584144143641426,-0.06815060653924293,0.006632213837521637,-0.041337717344260214
48.480000000000004,0.009790903950165854,-0.06979957243747088,0.006911614299740379,-0.04304315271802944
48.49,0.009990655613208164,-0.07139043911844313,0.007186693198926453,-0.04472103138972391
48.5,0.010183241195488765,-0.07292132671249628,0.0074572830395166385,-0.04637041489502984
48.51,0.010368508804578257,-0.07439043448816919,0.007723219183091833,-0.04799038964014648
48.52,0.010546312770582551,-0.07579604695070277,0.007984339939579747,-0.049580067031476216
48.53,0.010716513814844958,-0.07713655039219197,0.008240486655982334,-0.05113858290419459
48.54,0.010878979208861998,-0.07841042883071175,0.008491503802634791,-0.052665098116055964
48.550000000000004,0.011033582923662952,-0.0796162519458691,0.008737239056946544,-0.05415879954805976
48.56,0.011180205769765703,-0.0807526933726099,0.00897754338459049,-0.05561889921837623
48.57,0.01131873552674571,-0.08181854061724955,0.009212271118177651,-0.05704463383092476
48.58,0.011449067061731016,-0.08281268989551002,0.009441280033444849,-0.058435265160185206
48.59,0.011571102437275486,-0.08373413332859755,0.00966443142292142,-0.05979008082647722
48.6,0.011684751009378217,-0.08458195836447573,0.009881590167028319,-0.06110839428089688
48.61,0.011789929515401013,-0.08535536478389022,0.010092624802630106,-0.062389543683122585
48.620000000000005,0.011886562150769216,-0.08605367421957605,0.010297407589117177,-0.06363289117287557
48.63,0.011974580633836876,-0.0866763243071757,0.010495814572071965,-0.06483782300580215
48.64,0.01205392425923081,-0.08722286192436274,0.010687725644521829,-0.0660037496946318
48.65,0.012124539941470325,-0.08769289950362041,0.010873024605698299,-0.06713010829947194
48.660000000000004,0.012186382249962931,-0.08808615403036511,0.011051599217268343,-0.0682163597619093
48.67,0.012239413433020417,-0.08840248885911953,0.011223341257412024,-0.0692619795666599
48.68,0.012283603428838679,-0.08864188878325063,0.011388146573259797,-0.07026645774702174
48.69,0.012318929865008758,-0.08880442246467053,0.011545915131322382,-0.07122931673535471
48.7,0.01234537804970227,-0.0888902167567577,0.011696551065734754,-0.07215008857179118
48.71,0.012362940954998937,-0.08889950691341089,0.01183996272463726,-0.07302832946145048
48.72,0.01237161918943019,-0.08883266767612988,0.011976062714217714,-0.073863626489728
48.730000000000004,0.01237142095865971,-0.08869016631154585,0.012104767940560113,-0.07465557283776128
48.74,0.012362362016248492,-0.08847255507577259,0.012225999650034888,-0.07540377930914695
48.75,0.012344465605803323,-0.08818047133565582,0.012339683467902176,-0.07610788238549546
48.76,0.012317762394758618,-0.08781463421519597,0.012445749434883734,-0.07676753187133033
48.77,0.012282290399666386,-0.08737585396896161,0.012544132041732745,-0.07738240455154623
48.78,0.01223809490237672,-0.08686503942234344,0.012634770261700007,-0.07795219352591894
48.79,0.012185228356988374,-0.08628318403319044,0.012717607581255444,-0.07847660488599209
48.800000000000004,0.012123750288678261,-0.0856313475829613,0.012792592029552055,-0.0789553540817288
48.81,0.012053727185425845,-0.0849106615301493,0.012859676206640575,-0.07938817358273097
48.82,0.011975232382716276,-0.0841223297125975,0.012918817309995148,-0.07977481717452181
48.83,0.01188834594088029,-0.083267634754835,0.012969977159042393,-0.08011505816287684
48.84,0.011793154514942783,-0.08234793182741407,0.013013122217910438,-0.08040868244778665
48.85,0.011689751217657557,-0.08136463242302283,0.0130482236165452,-0.08065549600811911
48.86,0.011578235476906715,-0.08031919640837004,0.013075257170898262,-0.08085529450585692
48.870000000000005,0.011458712887622579,-0.07921315001118598,0.013094203402825282,-0.08100788643691041
48.88,0.011331295057771565,-0.07804807693360266,0.013105047558794727,-0.08111310471432874
48.89,0.011196099448565575,-0.0768256161382982,0.013107779626458989,-0.0811708040055164
48.9,0.011053249209103356,-0.07554746413174077,0.013102394348888257,-0.08118086407032911
48.910000000000004,0.010902873005720308,-0.07421536407849454,0.013088891238136575,-0.08114313201631658
48.92,0.010745104846975207,-0.07283109153378961,0.01306727459078337,-0.08105742691660511
48.93,0.01058008390448714,-0.07139647737539848,0.013037553502928692,-0.08092365108399778
48.94,0.01040795432927661,-0.06991339156005655,0.012999741880570924,-0.08074174097874548
48.95,0.010228865065439843,-0.06838369511119576,0.01295385844972575,-0.08051153332125169
48.96,0.010042969662616193,-0.06680927994360793,0.0128999267697681,-0.08023289793170647
48.97,0.009850426086059872,-0.06519207464816093,0.01283797524515134,-0.07990576785873754
48.980000000000004,0.00965139652439493,-0.06353400689641987,0.012768037134704377,-0.07953003207640817
48.99,0.009446047196697437,-0.06183700681199766,0.012690150562549837,-0.07910555687705596
49.0,0.009234548158940188,-0.06010302430948995,0.012604358529714916,-0.07863225041567165
49.01,0.009017073109634016,-0.05833400478559919,0.012510708924858156,-0.07810999680964585
49.02,0.00879379919532647,-0.056531895168859675,0.012409254535197842,-0.07753868513256082
49.03,0.008564906816097593,-0.054698645464853826,0.012300053057060467,-0.07691822402170884
49.04,0.008330579430732859,-0.05283621265289258,0.012183167104077157,-0.07624856366043768
49.050000000000004,0.008091003360323232,-0.05094659393263237,0.012058664208117876,-0.0755298103500942
49.06,0.007846367588561203,-0.04903182701653622,0.011926616806542823,-0.07476223716190561
49.07,0.007596863559235219,-0.047093952259519775,0.011787102216392393,-0.0739461734279827
49.08,0.0073426849731663526,-0.04513499999850785,0.011640202601731611,-0.0730819733690168
49.09,0.007084027585938921,-0.0431569914620615,0.011486004937534062,-0.0721700273281627
49.1,0.00682108900674824,-0.041161934649562776,0.011324600970324214,-0.07121075680555324
49.11,0.006554068498598901,-0.03915182285315899,0.011156087175505683,-0.07020461755792132
49.120000000000005,0.006283166780086565,-0.03712863198442648,0.010980564711350725,-0.06915209862530428
49.13,0.0060085858289815825,-0.035094318623242825,0.010798139369606831,-0.06805372334918097
49.14,0.005730528687831545,-0.033050817828133947,0.010608921522690001,-0.06691004934513602
49.15,0.00544919927178243,-0.031000041186455343,0.010413026067433032,-0.06572166894397484
49.160000000000004,0.005164802178821212,-0.028943874862982173,0.01021057236536279,-0.06448920933988735
49.17,0.004877542502624918,-0.02688417776547345,0.010001684179483735,-0.06321333282208086
49.18,0.004587625648198088,-0.02482277976574029,0.009786489607549855,-0.06189473689753738
49.19,0.004295257150474437,-0.02276148000491182,0.009565121011811029,-0.06053415439711339
49.2,0.004000642496046783,-0.02070204526655884,0.009337714945225452,-0.059132353515101585
49.21,0.0037039869481856683,-0.018646208423996242,0.009104412074134292,-0.05769013780362992
49.22,0.003405495375297448,-0.016595666956801293,0.008865357097400417,-0.05620834610786199
49.230000000000004,0.003105372082969424,-0.014552081537338602,0.008620698662018313,-0.054687852445912594
49.24,0.002803820649735309,-0.012517074685204934,0.008370589275208286,-0.05312956582866757
49.25,0.002501043766694514,-0.010492229488697366,0.008115185213014077,-0.05153443001930417
49.26,0.0021972430811200653,-0.00847908819480257,0.007854646425428111,-0.04990342323253457
49.27,0.0018926190442097731,-0.0064791499058275805,0.007589136438075996,-0.04823755778271575
49.28,0.0015873707631577545,-0.004493869636024748,0.007318822250495914,-0.04653787966988564
49.29,0.0012816958572892073,-0.002524669468900621,0.00704387423106031,-0.04480546793874953
49.300000000000004,0.0009757903169959605,-0.0005729618639585413,0.006764466008603141,-0.04304143394714797
49.31,0.0006698483610324981,0.0013597509067615086,0.0064807743608412405,-0.04124692006102601
49.32,0.00036406226979287046,0.003271325524690524,0.006192979099799592,-0.03942309536220029
49.33,5.8622151599838926e-05,0.005158529124454466,0.005901262954506003,-0.03757115446974
49.34,-0.00024628431600762896,0.007019465504399238,0.005605811450505663,-0.03569233624162305
49.35,-0.000550472071380211,0.008853176160239114,0.005306812785538104,-0.03378791630059301
49.36,-0.0008537587888490841,0.010658453167539793,0.005004457696919424,-0.03185935212667318
49.370000000000005,-0.0011559649961386277,0.012433974901316057,0.004698939309495813,-0.029908416352028917
49.38,-0.0014569141982699702,0.014178549385045548,0.004390452965225447,-0.027936856112736223
49.39,-0.0017564329892349152,0.01589124473489751,0.0040791960507670635,-0.02594632218168723
49.4,-0.002054351143290517,0.017571290193243414,0.003765367832231218,-0.023938403852703984
49.410000000000004,-0.0023505016881772115,0.01921807740428082,0.00344916929676428,-0.021914629246112705
49.42,-0.0026447209639591813,0.02083110213435216,0.003130802997952911,-0.019876540096673154
49.43,-0.0029368486692918027,0.02240999876567308,0.0028104729037617513,-0.01782561364175633
49.44,-0.003226727895421161,0.02395451256781496,0.002488384248094513,-0.01576330440795302
49.45,-0.0035142051496827227,0.02546446527741563,0.0021647433833851867,-0.01369111140262578
49.46,-0.003799130369231841,0.026939804217950586,0.001839757634603932,-0.011610431414377714
49.47,-0.004081356924764212,0.02838055372372347,0.0015136351562121636,-0.009522701004941644
49.480000000000004,-0.004360741615946486,0.029786806058332078,0.0011865847883314458,-0.007429384268448252
49.49,-0.004637144658917429,0.03115875556163928,0.0008588159136586805,-0.005331851923214224
49.5,-0.004910429665296961,0.03249666784815774,0.0005305383185715553,-0.0032314709621923594
49.51,-0.005180463614142996,0.03380086077118852,0.00020196205402773755,-0.0011296810472406207
49.52,-0.005447116817942859,0.03507172005856851,-0.00012670270562320474,0.0009721240479970627
49.53,-0.00571026288232341,0.036309696521874754,-0.0004552458013216551,0.0030726045083798548
49.54,-0.005969778659751132,0.037515291270376734,-0.0007834572244347366,0.0051704194263233446
49.550000000000004,-0.006225544198143725,0.03868905156983445,-0.0011111272509697295,0.007264224741019789
49.56,-0.006477442685167648,0.039831562217009155,-0.0014380465771769834,0.009352636781001518
49.57,-0.006725360388718593,0.04094344645643598,-0.0017640064556081465,0.01143432211062118
49.58,-0.006969186593849661,0.04202536073093607,-0.0020887988283688676,0.013507982856771529
49.59,-0.007208813536622739,0.043077986780913693,-0.0024122164576016016,0.015572321589455295
49.6,-0.007444136335499119,0.044102027694502784,-0.0027340530548342163,0.01762605389370653
49.61,-0.007675052920804428,0.04509820245750086,-0.003054103409522357,0.019667900049050866
49.620000000000005,-0.007901463962730752,0.04606724209956981,-0.003372163517752077,0.021696558988525984
49.63,-0.00812327279842164,0.0470098821794151,-0.003688030711011309,0.02371075818723697
49.64,-0.00834038535869502,0.047926858942110115,-0.004001503782866182,0.02570926067179312
49.65,-0.008552710094826192,0.04881890551569748,-0.004312383113074698,0.027690837153163932
49.660000000000004,-0.008760157905798562,0.04968674764934071,-0.004620470790270829,0.029654269375939353
49.67,-0.008962642066454323,0.05053109906562848,-0.004925570733545971,0.03159835197730944
49.68,-0.009160078156980353,0.05135265750334002,-0.005227488812743188,0.03352189335448407
49.69,-0.009352383994124623,0.05215210093652069,-0.005526032967443578,0.035423713786037626
49.7,-0.009539479564527801,0.05293008381954929,-0.0058210133246843114,0.03730264659063364
49.71,-0.009721286960527641,0.053687233592985883,-0.006112242315390402,0.03915753808088249
49.72,-0.009897730318789195,0.05442414735463754,-0.006399534789481533,0.04098724815134347
49.730000000000004,-0.010068735762082382,0.055141388772368446,-0.006682708129616674,0.04279065058150871
49.74,-0.010234231344509698,0.05583948519558557,-0.006961582363535884,0.0445666335180129
49.75,-0.010394147000526337,0.05651892307249047,-0.007235980274952621,0.046314100018636666
49.76,-0.010548414498937076,0.057180118702856844,-0.007505727512896629,0.04803197012656109
49.77,-0.01069696740356831,0.057823412552192574,-0.00777065269937299,0.049719181583337116
49.78,-0.010839741040592812,0.05844909799409245,-0.008030587535299933,0.051374688564180024
49.79,-0.010976672471721675,0.059057403845052966,-0.008285366904728949,0.052997463170195144
49.800000000000004,-0.011107700473312093,0.059648502693422686,-0.008534828977297406,0.05458649544543698
49.81,-0.011232765520636546,0.06022253262002164,-0.008778815308907218,0.056140792641653565
49.82,-0.011351809776975091,0.060779568150117286,-0.009017170940594484,0.057659381521802715
49.83,-0.011464777088530534,0.06131962035556174,-0.00924974449547181,0.05914130898275178
49.84,-0.011571612984953452,0.06184266178897693,-0.009476388273692982,0.060585641245968706
49.85,-0.011672264684300876,0.0623486247012435,-0.009696958345442753,0.06199146466306762
49.86,-0.011766681102548271,0.06283738386356666,-0.009911314641874308,0.06335788746818313
49.870000000000005,-0.011854812869000557,0.06330874134257754,-0.010119321043841068,0.06468404144649284
49.88,-0.011936612347789137,0.06376245575073794,-0.010320845468334982,0.06596908099561188
49.89,-0.012012033663724534,0.06419826104311861,-0.010515759952654219,0.0672121828298467
49.9,-0.01208103273133443,0.06461585553736908,-0.01070394073628776,0.06841254747262115
49.910000000000004,-0.012143567288493248,0.06501486171292752,-0.010885268340438774,0.06956939960143627
49.92,-0.012199596937492698,0.06539480499202918,-0.011059627645589654,0.07068197350221815
49.93,-0.012249083192105782,0.06575522041954829,-0.01122690796717519,0.07174953396785652
49.94,-0.012291989526061992,0.06609564358548915,-0.0113870031294572,0.07277134917416694
49.95,-0.0123282814238041,0.06641552866419528,-0.011539811537383092,0.07374672775359027
49.96,-0.012357926438226167,0.06671423305614338,-0.01168523624536696,0.07467501122714261
49.97,-0.012380894254696746,0.0669911165923365,-0.01182318502348824,0.07555554638073415
49.980000000000004,-0.012397156756823452,0.0672455399212578,-0.011953570421718018,0.0763877145269282
49.99,-0.012406688093603369,0.06747681486260604,-0.012076309831560841,0.07717092222350362
50.0,-0.01240946475020114,0.06768421222043391,-0.012191325544434984,0.07790461933129399
50.01,-0.012405465623004347,0.06786695971890298,-0.012298544806632488,0.07858828122810309
50.02,-0.012394672097962686,0.06802427261281785,-0.012397899871769426,0.07922139619250576
50.03,-0.012377068130590968,0.068155358166455,-0.012489328051076897,0.07980348565143494
50.04,-0.012352640327263633,0.06825940098651467,-0.012572771760669496,0.08033410782361927
50.050000000000004,-0.012321378028371393,0.06833556499412569,-0.012648178564974905,0.08081286538569309
50.06,-0.012283273393411146,0.06838299726877367,-0.012715501216117937,0.08123939758116361
50.07,-0.012238321487445903,0.06840083876366748,-0.01277469769057335,0.08161334536417267
50.08,-0.012186520368261398,0.06838822650839832,-0.012825731224182645,0.08193437673131031
50.09,-0.012127871173969115,0.06834429106333449,-0.012868570344314123,0.08220220807261794
50.1,-0.012062378210841385,0.06826816633411631,-0.012903188897425776,0.08241661016855611
50.11,-0.011990049040223612,0.06815901259470755,-0.01292956607147128,0.08257740308929169
50.120000000000005,-0.011910894564806318,0.06801596435022146,-0.012947686416248466,0.08268436008927081
50.13,-0.011824929115168683,0.06783816917135178,-0.012957539864409801,0.08273727654289723
50.14,-0.011732170533829854,0.06762484874646128,-0.012959121747799963,0.08273609399251518
50.15,-0.01163264025503888,0.06737523333289089,-0.012952432806221523,0.0826807514964473
50.160000000000004,-0.011526363383339816,0.06708852929786274,-0.012937479196075312,0.08257110280750905
50.17,-0.011413368771665659,0.06676398850496695,-0.012914272499358684,0.0824071283676122
50.18,-0.011293689096743838,0.06640088992253196,-0.012882829726253923,0.0821888684020436
50.19,-0.011167360932318215,0.06599850823632941,-0.012843173313643033,0.0819163185930877
50.2,-0.011034424821154945,0.06555614454047202,-0.012795331123321525,0.08158951758983916
50.21,-0.01089492534465253,0.06507313544891094,-0.012739336436996608,0.08120856819740502
50.22,-0.010748911189603487,0.06454883367022467,-0.012675227947376503,0.08077356991667606
50.230000000000004,-0.010596435212305518,0.0639826266844542,-0.012603049746690735,0.08028466992634874
50.24,-0.010437554499439474,0.06337393834728379,-0.012522851311509021,0.07974206135194907
50.25,-0.010272330425050928,0.06272223576855034,-0.012434687482485043,0.07914599792677536
50.26,-0.010100828702501672,0.06202705411395092,-0.01233861843617324,0.07849686403154166
50.27,-0.009923119429324057,0.06128801935538867,-0.012234709643209734,0.0777952382242567
50.28,-0.009739277124274512,0.060504819061620904,-0.012123031811301317,0.0770417971655051
50.29,-0.009549380758179416,0.05967718277348769,-0.012003660818549176,0.0762372496218469
50.300000000000004,-0.009353513779940138,0.058804888026477486,-0.01187667764185501,0.07538234971335862
50.31,-0.009151764137822404,0.05788775912931296,-0.011742168281329882,0.07447788813413735
50.32,-0.008944224295910231,0.05692566940875268,-0.011600223680810533,0.07352469431230575
50.33,-0.008730991245621109,0.05591854156779248,-0.01145093964465454,0.0725236330313023
50.34,-0.008512166512192422,0.05486634883666017,-0.01129441675095849,0.0714756037599399
50.35,-0.008287856156053987,0.05376911558112707,-0.01113076026136336,0.07038153857555494
50.36,-0.008058170769018526,0.05262691804009604,-0.010960080027605925,0.06924240074632101
50.370000000000005,-0.007823225465220188,0.051439884861506566,-0.010782490394982797,0.06805918294776804
50.38,-0.007583139866752314,0.05020819760697086,-0.010598110102892615,0.06683290563406628
50.39,-0.007338038083959078,0.04893209114523579,-0.0104070621826253,0.06556461531172812
50.4,-0.007088048690336999,0.04761185397956137,-0.010209473852568096,0.06425538284974384
50.410000000000004,-0.006833304692027642,0.04624782849160704,-0.010005476410997976,0.06290630176683734
50.42,-0.00657394349186902,0.04484041111543717,-0.009795205126631288,0.061518486533021756
50.43,-0.006310106848001654,0.04339005243950471,-0.009578799127099804,0.06009307087421557
50.44,-0.006041940827013729,0.041897257242079336,-0.009356401285522602,0.05863120609267615
50.45,-0.005769595751631119,0.04036258446145183,-0.009128158105340962,0.057134059403790516
50.46,-0.005493226142954743,0.03878664710398218,-0.008894219603582207,0.05560281229562749
50.47,-0.005212990657258403,0.037170112091937595,-0.008654739192715985,0.05403865891444999
50.480000000000004,-0.004929052017367006,0.03551370005326551,-0.00840987356126361,0.052442804480716795
50.49,-0.004641576938637273,0.033818185066746366,-0.008159782553318317,0.05081646373991209
50.5,-0.004350736049557259,0.032084394740223274,-0.00790462904712973,0.04916085948414674
50.51,-0.004056703806938849,0.03031321128088557,-0.0076445788328912585,0.04747722139460828
50.52,-0.003759658405699994,0.028505569579908067,-0.007379800489866657,0.04576678444902885
50.53,-0.0034597816836617642,0.026662446241523717,-0.0071104652629989246,0.04403078753193153
50.54,-0.0031572590223399176,0.024784846803341597,-0.006836746939139839,0.042270472197370325
50.550000000000004,-0.00285227924622888,0.02287375229249303,-0.006558821723027812,0.04048708139946834
50.56,-0.002545034529622968,0.020929919931752528,-0.006276868113172288,0.038681857203391234
50.57,-0.0022357203461606493,0.018953095583983455,-0.005991066778028697,0.03685603293729272
50.58,-0.001924535477019388,0.016942882264899886,-0.005701600432911519,0.035010833108718775
50.59,-0.0016116820006858317,0.014900348725211999,-0.005408653717467664,0.033147484533072834
50.6,-0.0012973652002398251,0.012826978428812055,-0.00511241307361807,0.031267200987360515
50.61,-0.0009817934324446238,0.010723891325759762,-0.00481306663375243,0.02937088315948518
50.620000000000005,-0.0006651780064385202,0.008592211856090158,-0.004510804130125955,0.02745925407665235
50.63,-0.000347733062305335,0.006433291971011475,-0.004205816814964422,0.025533174560049384
50.64,-2.967543163991166e-05,0.004248699076693708,-0.0038982973739557264,0.02359361293554855
50.65,0.00028877552064182036,0.0020401181833618835,-0.0035884398310484615,0.0216415588638199
50.660000000000004,0.0006073980700229388,-0.00019058767316537835,-0.0032764394462753968,0.01967812490152163
50.67,0.000925968319500288,-0.002441480141066602,-0.0029624926078679298,0.017704398107432063
50.68,0.0012442603979640858,-0.004710488708494363,-0.0026467967201509682,0.01572156419942231
50.69,0.0015620466686029522,-0.006995475574936504,-0.0023295500883953753,0.01373076571053154
50.7,0.0018790979459887003,-0.009294211867311514,-0.002010951802034526,0.011733203908037095
50.71,0.0021951837218796956,-0.011604372430277243,-0.0016912016139919047,0.009730139467474372
50.72,0.0025100723984080543,-0.01392360276550883,-0.0013704998190938388,0.0077227298336487605
50.730000000000004,0.002823531527177986,-0.016249462281539624,-0.001049047133454613,0.005712227782055297
50.74,0.0031353280550324705,-0.01857944804210909,-0.0007270445700415109,0.0036999231314680356
50.75,0.00344522857553892,-0.020911023754509907,-0.0004046933126732455,0.0016870359327188114
50.76,0.003752999584487505,-0.02324161290518656,-8.219459284693479e-05,-0.0003252178143460924
50.77,0.0040584077393000404,-0.025568594355692094,0.00024025043357277004,-0.002335566859674452
50.78,0.004361220122289532,-0.02788931607401606,0.0005624408125311448,-0.004342733156758995
50.79,0.004661204506885241,-0.03020110483111594,0.0008841759189785333,-0.006345452174585556
50.800000000000004,0.00495812962580939,-0.03250127415430114,0.0012052555819818788,-0.008342509931655069
50.81,0.005251765440512269,-0.0347871274403708,0.0015254802072928377,-0.010332685712245677
50.82,0.005541883411458943,-0.03705596121919092,0.0018446509002178289,-0.012314727789845215
50.83,0.005828256768778777,-0.03930507445063184,0.0021625695898196346,-0.014287395477977987
50.84,0.006110660782571352,-0.04153177435256852,0.0024790391528716855,-0.016249458554594923
50.85,0.006388873032199024,-0.04373338250344883,0.0027938635367034752,-0.018199699217964965
50.86,0.00666267367397819,-0.04590724037524281,0.0031068478803769005,-0.020136927484660425
50.870000000000005,0.006931845706675009,-0.048050715591671234,0.0034177986332860474,-0.022059984732941195
50.88,0.007196175234155933,-0.050161209168337974,0.0037265236721367783,-0.023967697224302236
50.89,0.007455451724607166,-0.052236159662310516,0.004032832417916612,-0.02585889591676801
50.9,0.007709468265832466,-0.05427304835418947,0.004336535952234492,-0.02773243454912363
50.910000000000004,0.007958021816112822,-0.056269404474135844,0.004637447131951516,-0.029587183043334183
50.92,0.008200913450109029,-0.0582228104928489,0.004935380702019326,-0.03142202918090428
50.93,0.008437948599296814,-0.0601309067689196,0.005230153406561033,-0.03323587901463517
50.94,0.008668937286468552,-0.06199139612849152,0.005521584098060391,-0.03502765945595503
50.95,0.008893694353845554,-0.06380204830393477,0.00580949384452775,-0.036796318136468185
50.96,0.009112039684365369,-0.06556070411645082,0.006093706034563689,-0.038540824527169615
50.97,0.00932379841586399,-0.06726527516565795,0.006374046480246871,-0.04026017060178929
50.980000000000004,0.00952880114864292,-0.0689137258420827,0.006650343517729741,-0.041953372820060404
50.99,0.009726884147169497,-0.07050407823771013,0.006922428105419503,-0.04361947248968725
51.0,0.009917889535011885,-0.07203444499421181,0.007190133919727348,-0.04525753445821283
51.01,0.010101665481744215,-0.0735030147959628,0.007453297448398757,-0.04686664853942695
51.02,0.010278066381541124,-0.07490806357312245,0.00771175808138582,-0.0484459293418024
51.03,0.010446953022523785,-0.0762479766746853,0.007965358199268769,-0.049994515356869884
51.04,0.010608192746107767,-0.07752123036809501,0.008213943259230512,-0.05151157041954312
51.050000000000004,0.010761659596919415,-0.07872638917535531,0.008457361878515781,-0.05299628414299493
51.06,0.010907234463158869,-0.07986212607552343,0.00869546591535517,-0.05444787091695975
51.07,0.011044805206257727,-0.08092722930295679,0.008928110547402847,-0.055865569640746335
51.08,0.01117426677931196,-0.08192059550360578,0.009155154347705703,-0.057248644205894095
51.09,0.011295521335055746,-0.0828412117636995,0.009376459358151427,-0.05859638457611141
51.1,0.01140847832401362,-0.08368816813418689,0.009591891160357163,-0.05990810598711002
51.11,0.011513054582235725,-0.08446066860130207,0.009801318944040098,-0.06118314818082464
51.120000000000005,0.011609174407616527,-0.08515803809437256,0.010004615572940996,-0.06242087482264271
51.13,0.011696769624367056,-0.0857797182118661,0.010201657648343463,-0.06362067353902982
51.14,0.01177577963598884,-0.08632525854073476,0.010392325570190085,-0.06478195616850403
51.15,0.011846151468517344,-0.08679427619250676,0.010576503595717343,-0.06590416085555499
51.160000000000004,0.011907839804988189,-0.08718649524333408,0.010754079895618275,-0.06698674824386486
51.17,0.011960807008872375,-0.08750178286881526,0.010924946608304736,-0.06802918767604739
51.18,0.012005023134456685,-0.08774013181166371,0.011088999892437031,-0.06903097627537734
51.19,0.012040465925603228,-0.08790161923673862,0.011246139977217795,-0.06999163351981538
51.2,0.012067120805977771,-0.08798638361301239,0.011396271210751497,-0.07091068795154362
51.21,0.012084980861343447,-0.0879946689776637,0.011539302106349085,-0.07178770579705882
51.22,0.012094046811250913,-0.08792685551219095,0.011675145386276526,-0.07262226991173189
51.230000000000004,0.012094326968918923,-0.08778342140686202,0.011803718023659572,-0.0734139720666385
51.24,0.01208583719092398,-0.08756493222544483,0.011924941282935253,-0.07416242609187036
51.25,0.012068600818065258,-0.08727203794710837,0.01203874075832555,-0.07486726877932834
51.26,0.012042648607776938,-0.08690547272422108,0.012145046410326574,-0.07552815022998005
51.27,0.01200801865814305,-0.08646605553287884,0.012243792600191289,-0.07614474941633873
51.28,0.011964756322941401,-0.08595470781368245,0.012334918122308334,-0.07671675862486467
51.29,0.011912914117402668,-0.08537243530685883,0.012418366234907174,-0.07724388442149954
51.300000000000004,0.011852551615726986,-0.08472031209249883,0.012494084689497606,-0.0777258428490935
51.31,0.011783735341275543,-0.08399948810458492,0.01256202575903126,-0.07816236687870572
51.32,0.011706538649692745,-0.08321117915350018,0.012622146264353533,-0.07855321154728342
51.33,0.011621041604936525,-0.08235667892594581,0.012674407598652009,-0.07889815047529539
51.34,0.011527330847873605,-0.08143735735849328,0.01271877575016392,-0.07919696964304854
51.35,0.011425499457853884,-0.08045464221981198,0.012755221323229588,-0.07944947675774337
51.36,0.011315646808468378,-0.07941001066087763,0.01278371955832121,-0.07965546985024062
51.370000000000005,0.011197878418084424,-0.07830499542198399,0.012804250351721405,-0.07981475966684243
51.38,0.011072305794572631,-0.07714119918694909,0.012816798274124463,-0.07992717750595353
51.39,0.01093904627418804,-0.07592026911526567,0.01282135258724578,-0.07999257796178046
51.4,0.01079822285519978,-0.07464390902395585,0.012817907258119534,-0.08001083989020005
51.410000000000004,0.01064996402629961,-0.07331387538736853,0.012806460972062146,-0.07998183143310095
51.42,0.010494403590474962,-0.07193195360161908,0.01278701714713646,-0.07990537351128996
51.43,0.01033168048486512,-0.0704999819764668,0.01275958394934189,-0.07978134570738986
51.44,0.010161938596037205,-0.06901984657102936,0.012724174303674144,-0.07960969758458775
51.45,0.009985326571936846,-0.06749343359160621,0.012680805902890604,-0.07939030331016281
51.46,0.009801997632631806,-0.06592264021621792,0.012629501219428612,-0.0791230105259723
51.47,0.009612109379252914,-0.06430940692279384,0.012570287517545329,-0.07880775018331389
51.480000000000004,0.009415823600377283,-0.06265568351940848,0.012503196862198272,-0.07844444229487797
51.49,0.00921330607738736,-0.0609634128430432,0.012428266128412128,-0.07803295509971106
51.5,0.009004726389505502,-0.059234556062666636,0.012345537012234986,-0.07757319497533964
51.51,0.00879025771803755,-0.05747107769997884,0.012255056040784789,-0.07706506967721274
51.52,0.008570076650398842,-0.055674934660059,0.012156874582174858,-0.07650846408028587
51.53,0.008344362984378649,-0.053848088774832006,0.012051048855724436,-0.07590328934671052
51.54,0.008113299532334957,-0.05199250345079158,0.011937639940531342,-0.07524948211037648
51.550000000000004,0.00787707192469452,-0.05011016143280687,0.01181671377945063,-0.07454707007915473
51.56,0.007635868411005763,-0.04820309510187112,0.01168834117200473,-0.07379627738704332
51.57,0.007389879657787396,-0.046273351191489086,0.011552597752877756,-0.07299742249499608
51.58,0.0071392985450852,-0.044322965822109664,0.011409563961121633,-0.0721508479933746
51.59,0.006884319963629355,-0.0423539656290214,0.011259325005188385,-0.07125693256951676
51.6,0.006625140613157214,-0.0403683635199695,0.011101970824748252,-0.07031608569627687
51.61,0.006361958802132417,-0.03836815724788896,0.010937596049218061,-0.06932875092853003
51.620000000000005,0.006094974249094566,-0.036355326703395245,0.01076629995297443,-0.06829540485589779
51.63,0.005824387885859346,-0.03433183197322957,0.01058818640720538,-0.06721655818284646
51.64,0.005550401662784766,-0.03229961113941979,0.010403363828368805,-0.06609275569580493
51.65,0.005273218356306531,-0.030260578329739826,0.01021194512322392,-0.0649245767328906
51.660000000000004,0.004993041378940747,-0.028216621761840442,0.010014047630408541,-0.06371263534395946
51.67,0.004710074591945145,-0.0261696019076837,0.00980979305853702,-0.06245758054278303
51.68,0.004424522120817355,-0.02412134971271023,0.009599307420799699,-0.061160096446255995
51.69,0.004136588173804823,-0.022073664900454766,0.009382720966048036,-0.059820902399167854
51.7,0.0038464768635963643,-0.02002831434518259,0.00916016810635503,-0.058440753031446045
51.71,0.0035543920323480942,-0.017987030519435038,0.00893178734104562,-0.05702043827078168
51.72,0.0032605370802013126,-0.015951510011113102,0.008697721177196822,-0.05556078329577891
51.730000000000004,0.0029651147974337896,-0.013923412111139798,0.008458116046613125,-0.05406264843388576
51.74,0.0026683272003846696,-0.011904357469389375,0.00821312221928835,-0.052526928999064894
51.75,0.002370375371278715,-0.00989592681637967,0.007962893713371224,-0.05095455506903466
51.76,0.002071459302093883,-0.007899659447870334,0.007707588201657258,-0.04934649120387261
51.77,0.0017717777426342943,-0.005917050722880958,0.007447366914636611,-0.04770373611695372
51.78,0.0014715280529619054,-0.003949552418148376,0.007182394540131542,-0.04602732225690914
51.79,0.001170906059864761,-0.0019985838239398217,0.006912839119571619,-0.04431831517066912
51.800000000000004,0.0008701059160852916,-6.555497273740083e-05,0.006638871940969116,-0.042577812757878114
51.81,0.0005693199578978536,0.0018480348491797943,0.006360667428688341,-0.04080694384360685
51.82,0.00026873853943147077,0.003740069410215297,0.0060784030302426795,-0.039006863307555414
51.83,-3.145020010764827e-05,0.00560730040131379,0.005792259100456115,-0.03717874959813473
51.84,-0.00033106059675414837,0.007447786792789046,0.005502418782500319,-0.03532382719654232
51.85,-0.0006299096493797914,0.009260570424294755,0.0052090678849848636,-0.033443359236500096
51.86,-0.0009278171401648323,0.01104445857926305,0.004912394750765876,-0.0315387861084113
51.870000000000005,-0.0012246057512851358,0.012798127800495452,0.00461259010608418,-0.02961187733221553
51.88,-0.0015201011886677494,0.014520383447092262,0.004309846890583755,-0.02766438176372813
51.89,-0.0018141322936801136,0.01621029786271012,0.004004360085011509,-0.02569794575040301
51.9,-0.002106531134034563,0.017867107066392336,0.0036963265463122092,-0.023714153365570746
51.910000000000004,-0.0023971330762491755,0.019490212896515573,0.003385944849816501,-0.021714524279998572
51.92,-0.0026857768434921095,0.021079121954445685,0.003073415135378335,-0.01970059327797233
51.93,-0.0029723045606570835,0.022633482503747318,0.0027589389561550304,-0.01767382676256798
51.94,-0.003256561787015984,0.024153053639508933,0.0024427191310762175,-0.01563567157503802
51.95,-0.0035383975382447847,0.025637672910777468,0.002124959598345721,-0.013587616377245353
51.96,-0.0038176642985348237,0.02708730521944545,0.001805865270479731,-0.011531045926493618
51.97,-0.004094218022595363,0.02850199158091317,0.0014856418922520502,-0.009467390513822796
51.980000000000004,-0.004367918129293894,0.029881843553861,0.0011644958977707592,-0.007398102498483401
51.99,-0.004638627487233152,0.031227075540373798,0.0008426342684464484,-0.005324541209949073
52.0,-0.004906212391739916,0.03253797347533536,0.0005202643951638811,-0.0032480647758669954
52.01,-0.005170542534747067,0.033814876415733185,0.0001975939401128144,-0.0011701040948266898
52.02,-0.005431490968628833,0.035058192314174313,-0.00012516930347149132,0.0009079575049165784
52.03,-0.005688934063669435,0.036268394910864726,-0.00044781754898710115,0.002984790426563165
52.04,-0.005942751459449493,0.03744600873858191,-0.0007701431506054421,0.005059063072386091
52.050000000000004,-0.006192826011085487,0.03859160514329499,-0.0010919387365330255,0.007129440829450465
52.06,-0.006439043731104008,0.0397057934709748,-0.001412997343698884,0.009194548643857449
52.07,-0.006681293727442574,0.040789222033793045,-0.0017331125529298475,0.011253061896765152
52.08,-0.006919468137854868,0.041842572772770176,-0.0020520786213251326,0.013303691576602964
52.09,-0.007153462061193163,0.04286655329544177,-0.0023696906118620756,0.015345148888232745
52.1,-0.00738317348620059,0.04386189286825365,-0.0026857445218825865,0.017376157881948445
52.11,-0.007608503218343609,0.04482933689160362,-0.0030000374107721495,0.01939544777222351
52.120000000000005,-0.007829354805158957,0.045769643031928764,-0.003312367527783612,0.021401726281637518
52.13,-0.008045634460663314,0.04668357373794644,-0.00362253444001034,0.023393726987161773
52.14,-0.008257250989381721,0.047571892150262404,-0.0039303391583713895,0.025370219942041066
52.15,-0.008464115710435602,0.04843535831257101,-0.004235584261017698,0.027329983643247208
52.160000000000004,-0.008666142382095206,0.04927472488948281,-0.004538074015276368,0.02927180686074626
52.17,-0.008863247127237052,0.05009073246694912,-0.0048376144985207556,0.03119449106485024
52.18,-0.009055348360140925,0.05088410551175824,-0.005134013717783177,0.03309685131388825
52.19,-0.009242366715035128,0.05165554855454402,-0.005427081728075553,0.03497771442454326
52.2,-0.00942422497677325,0.052405742390886176,-0.005716630749459455,0.03683591998655299
52.21,-0.009600848014008944,0.053135340538015524,-0.006002475282851468,0.03867032038733916
52.22,-0.009772162715221674,0.05384496586212806,-0.006284432224525676,0.04047978136422291
52.230000000000004,-0.009938097927926135,0.054535207446262404,-0.0065623209792756865,0.0422631823258143
52.24,-0.010098584401363492,0.05520661766053606,-0.006835963572195909,0.0440194168262295
52.25,-0.010253554733345884,0.0558596973892422,-0.007105184759016376,0.04574739371205206
52.26,-0.010402943322734629,0.05649487304310728,-0.007369812134873627,0.04744603882691907
52.27,-0.01054668632876705,0.05711250350295051,-0.00762967624141183,0.04911429498213817
52.28,-0.010684721636735665,0.05771289970006803,-0.007884610672204499,0.05075112123127123
52.29,-0.010816988829336412,0.05829631060031747,-0.008134452176494349,0.05235549416033223
52.300000000000004,-0.010943429163539575,0.05886293798467604,-0.008379040761212805,0.053926407525660004
52.31,-0.011063985552416656,0.059412939805734255,-0.008618219791261606,0.055462872605863606
52.32,-0.011178602552243065,0.059946404938434776,-0.008851836087981936,0.056963920285226476
52.33,-0.011287226355494694,0.060463371223380837,-0.009079740025715469,0.05842860061958406
52.34,-0.011389804788933812,0.0609638386720721,-0.009301785626441031,0.059855982724419034
52.35,-0.011486287315981364,0.06144776268039194,-0.009517830652467548,0.06124515588233819
52.36,-0.011576625044335478,0.061915025124527547,-0.009727736697055359,0.06259523199634584
52.370000000000005,-0.01166077073994407,0.062365449036190485,-0.009931369272825936,0.06390534549323834
52.38,-0.011738678846409766,0.06279882313614256,-0.010128597897937531,0.06517465267011201
52.39,-0.011810305508306718,0.06321490248564708,-0.010319296180036394,0.06640233248179926
52.4,-0.011875608598006895,0.06361340448423311,-0.010503341897946033,0.0675875869379341
52.410000000000004,-0.011934547748329607,0.06399393988526869,-0.010680617081456081,0.06872962825384313
52.42,-0.011987084392976768,0.06435606179711369,-0.010851008089223544,0.06982769876810362
52.43,-0.01203318181141854,0.06469933959525705,-0.011014405684698256,0.07088105014147257
52.44,-0.012072805174867703,0.06502331775558161,-0.011170705110286984,0.07188895698822091
52.45,-0.012105921596007353,0.0653274483103509,-0.011319806158894873,0.07285073625871977
52.46,-0.01213250018633711,0.06561109954985869,-0.011461613242560684,0.0737657167336371
52.47,-0.012152512118865606,0.06587365907746479,-0.011596035458953623,0.07463325053891376
52.480000000000004,-0.012165930692016057,0.06611449686365672,-0.01172298665563813,0.07545271731195578
52.49,-0.012172731395530873,0.06633293312046791,-0.011842385491323625,0.07622353551485418
52.5,-0.012172891980401078,0.06652824727110467,-0.011954155493753251,0.07694515291879526
52.51,-0.0121663925332103,0.06669967162786292,-0.012058225114680672,0.07761704002328361
52.52,-0.012153215553704527,0.0668464340534666,-0.012154527782539377,0.07823868711106863
52.53,-0.012133346033821045,0.06696775094329954,-0.012243001952571582,0.07880962072420439
52.54,-0.012106771538101068,0.0670628133584259,-0.012323591153468264,0.07932940992438006
52.550000000000004,-0.012073482286240283,0.06713078935021599,-0.012396244030159575,0.07979765742686885
52.56,-0.012033471237726053,0.06717083050711636,-0.012460914382972426,0.08021400276335053
52.57,-0.011986734177947121,0.06718207987929843,-0.012517561204387392,0.08057808298105437
52.58,-0.011933269805077956,0.06716367766273246,-0.012566148714023376,0.08088957313695751
52.59,-0.011873079817328885,0.06711476006384604,-0.0126066463900498,0.08114820500776311
52.6,-0.011806169000383244,0.06703446336642292,-0.012639028995549523,0.0813537590724892
52.61,-0.01173254531418359,0.06692194513780814,-0.01266327660025564,0.08150605166958286
52.620000000000005,-0.011652219979561089,0.06677633157144092,-0.01267937460133091,0.08160484181503805
52.63,-0.011565207565113167,0.06659677514500223,-0.01268731374418219,0.08164995635543416
52.64,-0.011471526071223917,0.06638249642585958,-0.012687090136871663,0.08164135796675334
52.65,-0.011371197010291118,0.06613271076820698,-0.012678705257891967,0.08157896380190972
52.660000000000004,-0.011264245486147396,0.06584662184349431,-0.012662165964982493,0.08146264339884071
52.67,-0.01115070027264606,0.06552347997169124,-0.012637484503068789,0.08129240022889181
52.68,-0.011030593889471575,0.06516255563675938,-0.012604678505309563,0.08106827747344372
52.69,-0.010903962676055996,0.06476311609942012,-0.012563770990740153,0.08079027954084068
52.7,-0.010770846864302538,0.06432445691460434,-0.01251479036148814,0.0804584615344205
52.71,-0.010631290648854734,0.06384590748167762,-0.012457770396375306,0.08007293954740596
52.72,-0.01048534225457588,0.06332681264176429,-0.012392750240621385,0.07963382616007966
52.730000000000004,-0.010333054001451182,0.06276655194643682,-0.012319774393001554,0.07914128323479201
52.74,-0.010174482366292238,0.06216454055298854,-0.012238892689250002,0.07859551786482215
52.75,-0.010009688040625159,0.061520235575563964,-0.012150160280466263,0.07799679534068563
52.76,-0.009838735983777012,0.06083315723267016,-0.012053637604152033,0.07734549786567786
52.77,-0.009661695469200699,0.06010291463734427,-0.011949390342473548,0.07664219741002329
52.78,-0.009478640123128457,0.05932918022025262,-0.01183748936561602,0.07588757071713738
52.79,-0.009289647956984537,0.0585116682120489,-0.011718010665206793,0.07508232738407028
52.800000000000004,-0.00909480139494043,0.0576501402279481,-0.011591035282673991,0.07422722167846714
52.81,-0.008894187296807325,0.056744404306636936,-0.011456649233625224,0.07332304447542269
52.82,-0.00868789697612788,0.055794317065992464,-0.011314943428356199,0.07237062506099073
52.83,-0.008476026213372723,0.05479978414647663,-0.011166013588657485,0.07137082793336669
52.84,-0.008258675264141722,0.05376076135973244,-0.011009960161065322,0.07032455204457201
52.85,-0.008035948862289692,0.05267725533778143,-0.010846888226719196,0.06923272876930193
52.86,-0.0078079562178932985,0.051549324289337964,-0.010676907407986333,0.06809632046582412
52.870000000000005,-0.007574811010003831,0.050377078564949794,-0.010500131772018022,0.06691631870456886
52.88,-0.0073366313741181155,0.049160681185077104,-0.010316679731404658,0.06569374263465297
52.89,-0.007093539884329394,0.047900348259307446,-0.010126673942097372,0.06442963726115426
52.9,-0.006845663530110504,0.0465963493377832,-0.009930241198766267,0.06312507175456525
52.910000000000004,-0.006593133687702665,0.04524900767943147,-0.009727512327764923,0.06178113773940291
52.92,-0.0063360860860843535,0.04385870044961821,-0.009518622077871365,0.06039894759600802
52.93,-0.006074660767504064,0.04242585884559853,-0.00930370900897543,0.058979632765864695
52.94,-0.005809002042566381,0.04095096815499461,-0.009082915378881234,0.05752434207242022
52.95,-0.005539258439870901,0.03943456774873193,-0.008856387028392223,0.05603424005832808
52.96,-0.005265582650204545,0.037877251011507546,-0.008624273264844665,0.0545105053453316
52.97,-0.004988131465302032,0.03627966521168362,-0.008386726744252745,0.052954329020088176
52.980000000000004,-0.004707065711185318,0.03464251131287556,-0.008143903352226417,0.05136691305041302
52.99,-0.004422550176105897,0.03296654382399174,-0.007895962083819017,0.049749468742913215
53.0,-0.00413475353309414,0.03125257098582762,-0.0076430649224574565,0.048103215284511606
53.01,-0.00384384825706754,0.029501456248095602,-0.007385376718089199,0.0464293786907696
53.02,-0.0035500105365610275,0.027714113639355158,-0.007123065064688875,0.04472918981001029
53.03,-0.003253420180575814,0.025891498565396277,-0.006856300177273692,0.04300388332368483
53.04,-0.0029542605215025905,0.02403459459541424,-0.006585254768556974,0.04125469643064497
53.050000000000004,-0.002652718316486231,0.022144363921289267,-0.006310103925366556,0.039482867485313156
53.06,-0.0023489836552408375,0.020221575650684734,-0.006031024984978256,0.037689634162281396
53.07,-0.002043249905287993,0.018266108066406574,-0.005748197411678163,0.035876227209166965
53.08,-0.001735713717335598,0.01627743655412452,-0.005461802673995323,0.03404386764225271
53.09,-0.0014265750229012094,0.014256495543800056,-0.0051720241225623725,0.03219377690468137
53.1,-0.0011160369506942665,0.012204770379604622,-0.00487904686831392,0.030327171303782586
53.11,-0.0008043056979162476,0.0101233919494452,-0.004583057669576532,0.028444986758712505
53.120000000000005,-0.0004915904093458923,0.008013453099861506,-0.004284244840191116,0.026547929608272288
53.13,-0.00017810305881516908,0.005876255094414514,-0.003982798170699982,0.024636829788901513
53.14,0.00013594168608793982,0.0037133323155468245,-0.0036789088444135086,0.022712632319632376
53.15,0.0004503266186803139,0.0015263402102455893,-0.0033727693445128786,0.020776309316725326
53.160000000000004,0.0007648321641326128,-0.0006828799997985573,-0.0030645733535157186,0.018828963159895844
53.17,0.001079236564188352,-0.002912414412234195,-0.002754515646720287,0.01687166539031471
53.18,0.0013933160733072155,-0.005160212383145029,-0.0024427919814039036,0.014905590879177564
53.19,0.001706845165043964,-0.007424155119848009,-0.0021295989828347783,0.012931871946504607
53.2,0.0020195967472841857,-0.009702031027967212,-0.001815134028504652,0.010951700262390033
53.21,0.002331342386320631,-0.011991531919136255,-0.0014995951284931788,0.00896632487105539
53.22,0.002641852538419752,-0.014290318203295018,-0.001183180804918655,0.00697689438879561
53.230000000000004,0.0029508967874594034,-0.01659596268178521,-0.0008660899722086535,0.004984654531609428
53.24,0.003258244089366652,-0.018905975193407844,-0.0005485218134689052,0.002990886077878451
53.25,0.0035636630223365795,-0.021217832241465735,-0.00023067565553913479,0.0009967938642516504
53.26,0.0038669220411671574,-0.02352896710577682,8.724915310998428e-05,-0.0009964105926846228
53.27,0.0041677897356781415,-0.025836767541766774,0.00040505336497773315,-0.0029874620796224716
53.28,0.004466035093101067,-0.02813859006925147,0.0007225379590089668,-0.004975092688415272
53.29,0.004761427763504279,-0.030431768678348153,0.001039504266857432,-0.006958047938265642
53.300000000000004,0.0050537383272667175,-0.03271362343405632,0.0013557540968859025,-0.008935127231475071
53.31,0.005342738563922121,-0.03498146245481616,0.0016710898557554977,-0.010905113665565845
53.32,0.005628201721989861,-0.037232586089805064,0.0019853146706335905,-0.012866762237802911
53.33,0.005909902789272248,-0.03946429633781862,0.0022982325126876457,-0.014818841933502738
53.34,0.006187618762900124,-0.041673902311847116,0.0026096483201754105,-0.016760130684764167
53.35,0.006461128918461141,-0.04385872656970729,0.0029193681204215545,-0.018689419554941154
53.36,0.006730215077633697,-0.04601611044001896,0.0032271991499633326,-0.02060553248906118
53.370000000000005,0.00699466187370834,-0.04814342086120146,0.003532949972116584,-0.02250731636495187
53.38,0.007254257014348935,-0.05023805707425269,0.0038364305932386583,-0.024393602901917406
53.39,0.007508791541021146,-0.05229745495715247,0.004137452579027358,-0.026263232476544385
53.4,0.007758060084584874,-0.054319092239868486,0.004435829170025186,-0.028115067289007447
53.410000000000004,0.008001861116536172,-0.056300493881085205,0.004731375395384269,-0.029947985692973782
53.42,0.008239997195360668,-0.0582392373017078,0.005023908184869027,-0.031760883608344996
53.43,0.008472275207502157,-0.06013295707811687,0.0053132464791026315,-0.033552675650886016
53.44,0.008698506602463277,-0.061979349584610446,0.005599211337914186,-0.035322297070131924
53.45,0.008918507621587475,-0.06377617746117278,0.005881626046662594,-0.03706870391565777
53.46,0.009132099520074736,-0.06552127383963993,0.006160316220461095,-0.03879087400698962
53.47,0.009339108782370204,-0.06721252858624291,0.006435109906202392,-0.04048780848688614
53.480000000000004,0.00953936733167716,-0.06884788317075666,0.006705837682252408,-0.04215853299429869
53.49,0.009732712733508848,-0.07042535071662312,0.006972332755739527,-0.043802097139867546
53.5,0.00991898839213733,-0.07194302420933726,0.007234431057436884,-0.0454175746751962
53.51,0.010098043739082557,-0.07339907857540956,0.007491971334225218,-0.047004063932420286
53.52,0.01026973441287682,-0.07479178683164929,0.007744795239125783,-0.04856068735949936
53.53,0.010433922429262978,-0.0761195203597694,0.007992747418904428,-0.050086591927471086
53.54,0.010590476341919368,-0.07738073539316481,0.008235675599199433,-0.0515809502939715
53.550000000000004,0.010739271393858295,-0.07857398965695597,0.008473430667129623,-0.053042960087510006
53.56,0.010880189658626008,-0.07969795290697897,0.008705866751407434,-0.05447184348858246
53.57,0.01101312017057508,-0.08075140316510873,0.008932841299980138,-0.055866847597517234
53.58,0.011137959044373369,-0.08173322074412044,0.009154215155175609,-0.057227244866769784
53.59,0.0112546095845254,-0.08264237541860076,0.00936985262629941,-0.05855233387700579
53.6,0.011362982384938273,-0.08347794967668765,0.009579621559680717,-0.05984143789934389
53.61,0.011462995417365902,-0.08423914777361771,0.009783393406242152,-0.06109390424738678
53.620000000000005,0.011554574108036375,-0.08492528908990067,0.009981043286646141,-0.06230910450955889
53.63,0.011637651402577444,-0.08553580921398929,0.010172450054027922,-0.06348643426874707
53.64,0.011712167820525475,-0.08607022124567104,0.01035749635426056,-0.06462531513763745
53.65,0.01177807150098717,-0.086528126008663,0.0105360686837467,-0.06572519186520297
53.660000000000004,0.011835318238203912,-0.0869092614138078,0.010708057445259501,-0.06678551869819559
53.67,0.011883871504282374,-0.08721350559700189,0.010873357001954709,-0.06780577910994863
53.68,0.01192370245938461,-0.08744083102043144,0.011031865729172101,-0.06878547530893174
53.69,0.011954789952398296,-0.08759127815718389,0.011183486064361462,-0.06972412153626664
53.7,0.011977120513713867,-0.08766497442527271,0.011328124554794332,-0.0706212724590261
53.71,0.011990688338160527,-0.08766218400082552,0.011465691902615496,-0.07147649647917967
53.72,0.011995495256045633,-0.08758328276316762,0.011596103008100605,-0.07228937217947078
53.730000000000004,0.011991550693245999,-0.08742873584109151,0.01171927701141773,-0.07305950143682531
53.74,0.011978871621921279,-0.08719909899533079,0.01183513733233686,-0.07378650870975757
53.75,0.0119574825023841,-0.0868950133514228,0.011943611707924316,-0.07447003259763361
53.76,0.01192741521636881,-0.0865172054853619,0.012044632228175247,-0.07510974128669046
53.77,0.011888708991372841,-0.08606650117700891,0.012138135369481308,-0.0757053165784313
53.78,0.011841410315613752,-0.08554381835145308,0.012224062026377248,-0.0762564551685519
53.79,0.011785572844078232,-0.0849501542077063,0.012302357541986242,-0.07676286321378233
53.800000000000004,0.011721257296569301,-0.0842865811601636,0.01237297173715941,-0.0772242643399777
53.81,0.011648531348336995,-0.08355424266611922,0.012435858937855059,-0.07764040502803554
53.82,0.011567469513415514,-0.08275435851553226,0.012490978000479247,-0.07801104989282208
53.83,0.011478153020493827,-0.08188822501010289,0.012538292335445369,-0.07833597741224632
53.84,0.011380669681259574,-0.0809572129124428,0.012577769928995862,-0.07861498841310248
53.85,0.01127511375210457,-0.07996274240183437,0.012609383363878153,-0.07884787599754264
53.86,0.011161585790254903,-0.07890628967504895,0.012633109839605031,-0.0790344446044892
53.870000000000005,0.011040192504152977,-0.07778939827824735,0.012648931191699261,-0.07917451817696942
53.88,0.010911046597641834,-0.07661367139949068,0.012656833909057303,-0.0792679429271429
53.89,0.010774266608296116,-0.07538076574636224,0.012656809149068372,-0.07931458947431205
53.9,0.010629976740420289,-0.0740923895164069,0.012648852750794536,-0.07931433774140345
53.910000000000004,0.010478306693285982,-0.07275029106717545,0.012632965248806815,-0.07926701567463915
53.92,0.010319391484916202,-0.07135626838549308,0.01260915188871058,-0.0791724734822619
53.93,0.010153371270903364,-0.06991217792458801,0.012577422639857852,-0.0790306499377184
53.94,0.009980391158756926,-0.0684198982133836,0.012537792203815405,-0.07884146516669648
53.95,0.009800601020180688,-0.06688130480884602,0.01249028002456326,-0.078604756161036
53.96,0.009614155301840052,-0.06529831540133435,0.012434910301078126,-0.07832042738016795
53.97,0.009421212833261104,-0.06367287779281142,0.012371711996937975,-0.07798842483736051
53.980000000000004,0.009221936632565653,-0.062006937298279025,0.012300718848071301,-0.07760864478664505
53.99,0.009016493711587645,-0.0603024467068702,0.012221969372376794,-0.07718097568461024
54.0,0.008805054880158205,-0.0585613778389152,0.012135506879505592,-0.07670534484612143
54.01,0.00858779454949252,-0.05678569907368258,0.012041379479526885,-0.07618165836942185
54.02,0.008364890535416489,-0.05497737973331711,0.011939640091785178,-0.07560982503004987
54.03,0.008136523861577765,-0.05313839288791693,0.011830346453379631,-0.07498977494536214
54.04,0.007902878562409026,-0.051270715508752285,0.011713561125554531,-0.07432146985914312
54.050000000000004,0.007664141484990558,-0.049376353918764625,0.011589351494348109,-0.0736049931055689
54.06,0.007420502088149419,-0.04745735698145512,0.01145778975926678,-0.072840601021046
54.07,0.007172152238735841,-0.045515780453862724,0.011318952908858669,-0.07202861960995742
54.08,0.006919286007118977,-0.043553669322322075,0.011172922688727488,-0.07116939745549514
54.09,0.00666209946343034,-0.0415730594629651,0.011019785565930461,-0.0702633194110282
54.1,0.006400790474953988,-0.03957597310990695,0.010859632690205897,-0.06931080041908769
54.11,0.0061355585048939515,-0.037564417549187455,0.01069255985195016,-0.06831228923437674
54.120000000000005,0.0058666044127572295,-0.03554038232753082,0.010518667436921836,-0.06726826715600447
54.13,0.005594130256576881,-0.03350583732994266,0.010338060377625295,-0.06617924921167559
54.14,0.005318339097180961,-0.031462730547022665,0.010150848101344182,-0.06504578406768828
54.15,0.005039434804727948,-0.02941298611951184,0.009957144474789742,-0.06386845452326101
54.160000000000004,0.0047576218676941675,-0.027358502364023134,0.009757067745338023,-0.06264787765543155
54.17,0.004473105204513228,-0.025301149925748695,0.009550740478830656,-0.061384705077089756
54.18,0.0041860899780464126,-0.02324276998301791,0.009338289493919941,-0.06007962307267652
54.19,0.0038967814130597194,-0.02118517253915847,0.009119845792942779,-0.058733352725270006
54.2,0.003605384616874546,-0.019130134781888443,0.00889554448931282,-0.057346649974375434
54.21,0.0033121044033560367,-0.017079399518217526,0.008665524731425137,-0.05592030563113151
54.22,0.0030171451203868317,-0.015034673679039753,0.008429929623073458,-0.05445514533416085
54.230000000000004,0.002720710480976079,-0.012997626894550357,0.00818890614038477,-0.05295202945127698
54.24,0.0024230033981427236,-0.010969890138212625,0.007942605045282129,-0.051411852921514074
54.25,0.002124225823702503,-0.008953054402539712,0.007691180795492791,-0.049835545037877085
54.26,0.001824578591105653,-0.006948669020774723,0.0074347914511235,-0.04822406917369641
54.27,0.0015242612625148443,-0.004958238830042946,0.007173598577831105,-0.04657842247386805
54.28,0.0012234719802104563,-0.00298322710095956,0.006907767146622957,-0.04489963539219109
54.29,0.0009224073219247929,-0.0010250652208622152,0.006637465430335439,-0.04318877109369246
54.300000000000004,0.0006212621588815948,0.0009148251950514431,0.006362864896851764,-0.04144692472806024
54.31,0.00032022951255716967,0.0028349448356029833,0.006084140099148131,-0.03967522208514075
54.32,1.950039253287742e-05,0.004733299566679363,0.005801468562371788,-0.037874815576685344
54.33,-0.0002807364286137316,0.006606694782124135,0.005515030668315399,-0.03604687948059026
54.34,-0.0005802946761167229,0.008453010848443594,0.005225009536911867,-0.03419263183296577
54.35,-0.0008789907701370669,0.010271233478671952,0.00493159090388987,-0.03231333049034319
54.36,-0.0011766439509373614,0.012060221746930638,0.004634962991490718,-0.030410366568708557
54.370000000000005,-0.0014730763945254547,0.013818639306372575,0.004335316360791915,-0.028485488611855153
54.38,-0.0017681133372232922,0.015545253112516547,0.004032843743129093,-0.026540465131505805
54.39,-0.002061583190483835,0.01723910407005152,0.003727739866953409,-0.02457695175144441
54.4,-0.0023533176346474632,0.018899410837373037,0.003420201292231449,-0.022596527641239574
54.410000000000004,-0.0026431516937308174,0.020525547640817658,0.0031104262523269934,-0.020600724289693735
54.42,-0.002930923795469437,0.0221170051195407,0.0027986144998026568,-0.01859107158008964
54.43,-0.0032164758182568844,0.023673414218295594,0.002484967155230487,-0.01656903518763316
54.44,-0.0034996531254856294,0.025194517008505328,0.0021696865598351124,-0.014536060586778303
54.45,-0.003780304589167894,0.026680137505802233,0.0018529761292745974,-0.01249363003240377
54.46,-0.004058282603508903,0.028130225545616797,0.0015350402090979563,-0.010443125799235382
54.47,-0.004333443088339427,0.029544808173323563,0.0012160839330028013,-0.008385976092698057
54.480000000000004,-0.0046056454841043055,0.030923985035973656,0.000896313080315752,-0.0063236250944696554
54.49,-0.004874752738634326,0.0322679593537641,0.000575933934644124,-0.004257424370162331
54.5,-0.0051406312852861884,0.03357700492373239,0.00025515314661324795,-0.002188731340108915
54.51,-0.005403151013958215,0.0348514501609896,-6.58224039968527e-05,-0.00011897305645155247
54.52,-0.005662185235945173,0.03609169442855751,-0.00038678574795170416,0.0019504786975611335
54.53,-0.005917610642278581,0.03729820316823507,-0.0007075299633517267,0.004018302261129603
54.54,-0.006169307255922004,0.03847149298510566,-0.00102784830898426,0.006083171528898815
54.550000000000004,-0.0064171583787762925,0.03961212787672769,-0.0013475343571837095,0.008143751076500196
54.56,-0.006661050534243803,0.04072071117239554,-0.0016663821282016326,0.01019867395102827
54.57,-0.006900873405794994,0.041797886619504815,-0.001984186224585178,0.012246628957121678
54.58,-0.007136519771825523,0.04284433205142238,-0.0023007419625173595,0.014286333985993334
54.59,-0.007367885437307179,0.043860751928664225,-0.00261584550060347,0.016316507215320644
54.6,-0.007594869162865472,0.04484787332221707,-0.00292929396765944,0.018335879792747763
54.61,-0.007817372591797692,0.04580644053166872,-0.003240885589825965,0.020343183464746624
54.620000000000005,-0.008035300175509831,0.04673721090142281,-0.0035504198180064945,0.02233712990457525
54.63,-0.008248559097939919,0.04764094715533616,-0.003857697455139524,0.024316467487989494
54.64,-0.008457059199505828,0.04851841402788712,-0.004162520781082121,0.02627997582824936
54.65,-0.008660712901005091,0.04937037418714317,-0.004464693675072059,0.028226439304676592
54.660000000000004,-0.008859435127877126,0.05019758379517822,-0.004764021736943804,0.03015465481591805
54.67,-0.00905314323527798,0.051000787841474673,-0.005060312407240663,0.0320634316726013
54.68,-0.009241756934405522,0.05178071616682801,-0.005353375086041197,0.03395159271661697
54.69,-0.009425198220477427,0.05253807959053068,-0.005643021250509304,0.03581797231392213
54.7,-0.009603391302746955,0.05327356608696813,-0.005929064571201968,0.037661417751430816
54.71,-0.009776262536931332,0.05398783723014327,-0.006211321027111074,0.039480789058223144
54.72,-0.009943740360403165,0.05468152479864595,-0.0064896090194011815,0.041274959647038256
54.730000000000004,-0.01010575523047718,0.05535522762622873,-0.006763749483807157,0.0430428165783712
54.74,-0.010262239566101174,0.0560095086105066,-0.007033566001651425,0.04478326105328452
54.75,-0.010413127693914923,0.056644870323258795,-0.0072988849093989575,0.04649521010446186
54.76,-0.010558355800371523,0.05726174068918044,-0.00755953540662091,0.048177597788861756
54.77,-0.010697861890511112,0.0578604924440123,-0.007815349662298575,0.049829374408013355
54.78,-0.010831585752778324,0.05844144055914552,-0.008066162919465967,0.05144950707952133
54.79,-0.010959468929578102,0.05900484390347409,-0.008311813598166672,0.053036980094077486
54.800000000000004,-0.011081454692994703,0.059550922468115566,-0.008552143396713306,0.054590794399553125
54.81,-0.011197488025242494,0.060079842844344825,-0.008786997391224469,0.05610996899972916
54.82,-0.011307515604646191,0.06059170419686695,-0.009016224133337596,0.05759354236752393
54.83,-0.011411485797362628,0.06108656320082852,-0.00923967574602656,0.0590405715944553
54.84,-0.011509348653692745,0.06156444009892656,-0.00945720801752936,0.06045013269364581
54.85,-0.011601055908654734,0.06202530368010746,-0.00966868049333915,0.06182132218801098
54.86,-0.011686560988284125,0.0624690437343402,-0.009873956566101318,0.063153259476608
54.870000000000005,-0.011765819022276263,0.06289550469189366,-0.010072903563306762,0.0644450856078231
54.88,-0.011838786861269124,0.06330450429697904,-0.010265392832805599,0.06569596296643904
54.89,-0.011905423097492023,0.06369582359547492,-0.010451299826136788,0.06690507668818532
54.9,-0.011965688089695663,0.06406918085210458,-0.010630504179814634,0.0680716280839101
54.910000000000004,-0.01201954399528535,0.06442418522409751,-0.010802889794878538,0.06919483429547492
54.92,-0.0120669548093386,0.06476043744662567,-0.010968344914537177,0.07027393857940477
54.93,-0.012107886405849732,0.06507754932930548,-0.011126762200109257,0.07130818750448248
54.94,-0.012142306580621359,0.06537506668378895,-0.011278038804867442,0.0722968736272914
54.95,-0.01217018510051876,0.06565242725407022,-0.01142207644492221,0.07323930978035358
54.96,-0.012191493760002075,0.06590904757897832,-0.011558781467831628,0.07413482068219734
54.97,-0.012206206440479844,0.06614435511346553,-0.011688064919162603,0.074982765524691
54.980000000000004,-0.012214299170854486,0.06635773402285125,-0.011809842606359398,0.07578252807678984
54.99,-0.01221575019145101,0.0665485200355373,-0.01192403515946857,0.07653353269311029
55.0,-0.01221054002247719,0.06671600626486451,-0.012030568088644706,0.07723522747861758
55.01,-0.012198651536482745,0.06685945415655056,-0.012129371839295092,0.07788707319216649
55.02,-0.012180070033275689,0.0669781220888046,-0.0122203818450219,0.07848856665103224
55.03,-0.0121547833161252,0.06707125053400897,-0.012303538577431519,0.07903924052490627
55.04,-0.012122781769761998,0.06713805067507331,-0.012378787592179757,0.07953866916222677
55.050000000000004,-0.012084058440842451,0.0671777105151497,-0.012446079571065442,0.0799864654701221
55.06,-0.01203860912055419,0.06718940279828625,-0.012505370361423724,0.08038224163934773
55.07,-0.011986432428292093,0.06717230281782767,-0.012556621013902989,0.08072563888923376
55.08,-0.011927529895881863,0.06712557194591737,-0.012599797817335107,0.08101634679478766
55.09,-0.011861906052470691,0.06704836846963937,-0.01263487232901722,0.08125410784357649
55.1,-0.011789568509200314,0.06693986944302065,-0.01266182139984829,0.08143871580760782
55.11,-0.011710528043639852,0.06679922950433033,-0.01268062719694934,0.08156993026314928
55.120000000000005,-0.011624798684817002,0.06662560537376291,-0.012691277226886493,0.08164751334747518
55.13,-0.011532397796888435,0.06641820668672632,-0.012693764355156338,0.08167136628271209
55.14,-0.011433346159143704,0.06617627341788282,-0.012688086817529523,0.08164143011699833
55.15,-0.011327668044197504,0.06589901932936736,-0.012674248229734552,0.08155754715080053
55.160000000000004,-0.011215391295969684,0.06558568528751416,-0.012652257598489364,0.08141964872040228
55.17,-0.011096547405643892,0.06523554845462118,-0.012622129327126466,0.08122776228963757
55.18,-0.010971171585266407,0.06484788452372175,-0.012583883215409437,0.08098189294171086
55.19,-0.010839302840355046,0.06442197790315171,-0.012537544458614153,0.08068204407655266
55.2,-0.010700984040864326,0.06395715073511815,-0.012483143644591025,0.08032830173064892
55.21,-0.010556261989368125,0.06345274674013901,-0.012420716746036385,0.07992077623951761
55.22,-0.010405187486824272,0.06290812685814784,-0.012350305109812786,0.0794595819814844
55.230000000000004,-0.01024781539571685,0.06232269304584272,-0.012271955443416955,0.07894490394364871
55.24,-0.010084204699775263,0.06169587898948233,-0.012185719796802394,0.07837696226039104
55.25,-0.009914418559746736,0.06102716679366849,-0.012091655538607827,0.07775605708486483
55.26,-0.009738524363707758,0.060316115099896664,-0.011989825322804773,0.07708264867364695
55.27,-0.009556593770149006,0.059562360931338085,-0.011880297040950786,0.07635735646516352
55.28,-0.009368702744058629,0.05876559120101099,-0.011763143761407217,0.07558086528757448
55.29,-0.009174931587633148,0.05792553449439811,-0.011638443661125925,0.07475389442295943
55.300000000000004,-0.008975364966444197,0.05704196582269233,-0.011506279953098658,0.07387720687647611
55.31,-0.0087700919309971,0.05611470607255237,-0.011366740809832547,0.07295160258735155
55.32,-0.008559205933567113,0.055143623952829415,-0.011219919282967025,0.07197791959303285
55.33,-0.0083428048402046,0.05412863654023596,-0.011065913219198161,0.07095703114801134
55.34,-0.008120990937815297,0.05306971037598523,-0.010904825172657532,0.06988984480486032
55.35,-0.007893870936233153,0.051966862141334585,-0.01073676231390803,0.06877730046178608
55.36,-0.007661555965207169,0.05082015940224311,-0.010561836335716779,0.06762036888273772
55.370000000000005,-0.007424161566234394,0.049629721182875536,-0.010380163355770843,0.06642004994512252
55.38,-0.007181807679191333,0.04839571849299873,-0.01019186381650143,0.06517737099565246
55.39,-0.006934618623702463,0.04711837475194017,-0.0099970623821861,0.06389338513196545
55.4,-0.006682723075216394,0.0457979661428668,-0.00979588783349763,0.06256916950902747
55.410000000000004,-0.006426254035751523,0.04443482188563569,-0.00958847295967027,0.06120582362847355
55.42,-0.0061653487992912835,0.04302932443894418,-0.00937495444845307,0.05980446763931862
55.43,-0.005900148911807059,0.041581909631115785,-0.009155472774020488,0.0583662406431372
55.44,-0.005630800125903687,0.04009306672419631,-0.008930172083008956,0.056892299014293886
55.45,-0.00535745235007986,0.03856333841314303,-0.008699200078847079,0.055383814736821704
55.46,-0.0050802595926109275,0.0369933207629123,-0.008462707904545019,0.05384197376380681
55.47,-0.004799379900059591,0.035383663085516215,-0.008220850024106717,0.05226797440273611
55.480000000000004,-0.004514975290433224,0.0337350677592379,-0.007973784102725746,0.05066302573119198
55.49,-0.004227211681000862,0.03204829013653795,-0.007721670885922266,0.04902834605810726
55.5,-0.003936258810778319,0.030324138771935894,-0.007464674077772385,0.04736516148012933
55.51,-0.0036422901576219175,0.02856347687726544,-0.007202960218364599,0.04567470482800258
55.52,-0.003345482850026403,0.026767216923134024,-0.00693669856062745,0.043958213583852004
55.53,-0.003046017574129137,0.024936312274520693,-0.006666060946680019,0.042216928967837165
55.54,-0.0027440784768556865,0.023071744036998118,-0.006391221683832789,0.04045209458393135
55.550000000000004,-0.002439853067455024,0.02117447444761589,-0.006112357420368219,0.03866495499475625
55.56,-0.0021335321247174356,0.019245293937214185,-0.005829647021253825,0.036856753902576624
55.57,-0.0018253096377159152,0.01728419275243461,-0.005543271444096308,0.035028728106241955
55.58,-0.0015153828063392983,0.01529061135664251,-0.005253413615794301,0.033182103780999415
55.59,-0.001203952041030482,0.013265400949732678,-0.004960258309851194,0.031318107896729556
55.6,-0.0008912208841105816,0.011210043047960505,-0.004663992023945712,0.029437964906542345
55.61,-0.0005773958820355132,0.009125697335957497,-0.004364802865096614,0.027542656517039826
55.620000000000005,-0.00026268646338667033,0.007013449132728082,-0.0040628804549720145,0.025632901686184303
55.63,5.2695178897104856e-05,0.004874569544118584,-0.0037584158498268393,0.02370952128686532
55.64,0.0003685342206067053,0.0027105749142607104,-0.0034516014568086325,0.021773458985486726
55.65,0.0006846133589015195,0.0005231038358089364,-0.003142630941233019,0.019825689231666603
55.660000000000004,0.0010007129815633156,-0.0016860184657490679,-0.002831699125867537,0.017867317401426837
55.67,0.001316611350026742,-0.003914896111155782,-0.0025190018841735736,0.01589941528106161
55.68,0.001632084793783937,-0.006161495318384034,-0.002204736029370736,0.013923159747484086
55.69,0.001946907915040838,-0.008423714354131504,-0.0018890992002425838,0.011939686416214085
55.7,0.0022608538022268433,-0.010699359242209628,-0.001572289745113071,0.009950188689684789
55.71,0.0025736942522814952,-0.012986140397849812,-0.0012545066020547883,0.007955915769150626
55.72,0.002885200000403983,-0.015281735943196368,-0.0009359491781886002,0.005958019801013771
55.730000000000004,0.0031951409558812057,-0.017583736883526283,-0.0006168172296884013,0.003957749356678291
55.74,0.0035032864446937037,-0.019889671889408756,-0.0002973107379172708,0.001956385924690865
55.75,0.0038094054578333755,-0.02219703718043929,2.2370215507164236e-05,-4.486893582964479e-05
55.76,0.00411326690372824,-0.024503284241020017,0.00034202557084372215,-0.0020447980158697756
55.77,0.004414639864799904,-0.026805819421783,0.0006614554131437044,-0.004042132898200128
55.78,0.004713293857983725,-0.029102018488733127,0.000980460097981028,-0.006035606187195932
55.79,0.005008999098248,-0.031389234550436435,0.001298840377683868,-0.008023965649491222
55.800000000000004,0.005301526764150437,-0.0336648068755175,0.0016163975251292158,-0.010006013423089977
55.81,0.005590649264796449,-0.035926061913199595,0.0019329334553399888,-0.011980526523267523
55.82,0.00587614050782001,-0.038170318396310264,0.0022482508479909837,-0.01394625826437467
55.83,0.006157776167855086,-0.040394896676810316,0.002562153271074093,-0.015901978624049778
55.84,0.006435333954761633,-0.04259712382065937,0.002874445303976226,-0.01784646541425562
55.85,0.006708593880969801,-0.04477434005813187,0.0031849326594053902,-0.01977851085850094
55.86,0.0069773385273643185,-0.046923903815653985,0.0034934223031992243,-0.021696948031523524
55.870000000000005,0.007241353307080156,-0.049043199393750306,0.003799722571618763,-0.0236006172781004
55.88,0.007500426726571138,-0.051129642542623616,0.0041036432878595085,-0.02548834685219579
55.89,0.007754350643398978,-0.05318068514681787,0.0044049958785538045,-0.027358980222073427
55.9,0.008002920520246573,-0.05519382039700567,0.004703593489170632,-0.02921138020053261
55.910000000000004,0.00824593567462338,-0.0571665883050852,0.00499925109765542,-0.031044426215379232
55.92,0.00848319952374146,-0.059096580736543614,0.005291785626343903,-0.032857014903622264
55.93,0.008714519824056334,-0.060981446110011446,0.005581016052099979,-0.034648062538890044
55.94,0.008939708905005306,-0.06281889405673402,0.0058667635145238,-0.03641650571881006
55.95,0.009158583896484806,-0.06460669984754361,0.006148851422124005,-0.03816130215280476
55.96,0.009370966949625798,-0.06634270862124216,0.006427105556381208,-0.03988143131718639
55.97,0.009576685451000228,-0.06802482168634133,0.006701354173601722,-0.04157589615826022
55.980000000000004,0.00977557223107097,-0.0696509895405211,0.006971428104426778,-0.04324372429628119
55.99,0.009967465766838303,-0.07121923328946708,0.00723716085092216,-0.044883967456079615
56.0,0.010152210377540861,-0.07272765227020966,0.007498388681245272,-0.046495701650549344
56.01,0.010329656412507009,-0.07417442721832962,0.007754950721880975,-0.04807802756406178
56.02,0.010499660430333612,-0.07555783733781446,0.008006689047438667,-0.04963007002746894
56.03,0.010662085368554319,-0.07687625816541875,0.008253448768011642,-0.05115097857261332
56.04,0.010816800703967247,-0.07812814873527874,0.00849507811404679,-0.05263992855435199
56.050000000000004,0.010963682603713462,-0.07931207051853303,0.008731428518684362,-0.05409612029891553
56.06,0.011102614066112697,-0.08042669792164231,0.008962354697599612,-0.055518778688767645
56.07,0.011233485050516743,-0.08147081320339104,0.009187714726369867,-0.05690715361126243
56.08,0.011356192596682836,-0.08244329196633515,0.009407370115323449,-0.05826052090130512
56.09,0.011470640934379323,-0.0833431065647075,0.00962118588182041,-0.05957818215116499
56.1,0.011576741582866258,-0.084169341754905,0.00982903061998585,-0.0608594637284814
56.11,0.011674413439120956,-0.0849212041448072,0.010030776567968412,-0.06210371610767288
56.120000000000005,0.011763582854211453,-0.08559801668513692,0.010226299672770483,-0.06331031403741001
56.13,0.011844183698157188,-0.08619921041818018,0.010415479652646557,-0.06447865681827616
56.14,0.011916157415096966,-0.08672428258275397,0.010598200056983156,-0.0656081705301358
56.15,0.01197945306970974,-0.08717283827363352,0.010774348323760261,-0.06669830104861726
56.160000000000004,0.012034027382488459,-0.08754462868048418,0.010943815835180074,-0.06774850479373737
56.17,0.01207984475178442,-0.08783953066621722,0.011106497971406627,-0.06875826982913022
56.18,0.01211687726431405,-0.08805750051569786,0.011262294162134243,-0.06972709713457967
56.19,0.012145104697256123,-0.08819855965196272,0.011411107936257596,-0.07065450823207528
56.2,0.012164514512022485,-0.08826284462584547,0.01155284696910488,-0.07154006239436551
56.21,0.012175101836964207,-0.08825062512135509,0.011687423127173689,-0.07238332618413114
56.22,0.012176869438229243,-0.08816226867107774,0.01181475251131308,-0.07318388059052738
56.230000000000004,0.012169827680365859,-0.08799823416618195,0.01193475549824521,-0.07394133255539109
56.24,0.012153994477876595,-0.08775906574095277,0.012047356779949702,-0.07465530740329893
56.25,0.012129395238058166,-0.08744539626935935,0.012152485400982516,-0.07532545122988883
56.26,0.012096062795029295,-0.08705794863791502,0.012250074793617238,-0.07595143556830945
56.27,0.012054037334442044,-0.0865975482475276,0.012340062810978759,-0.07653294285945629
56.28,0.012003366308697987,-0.08606510797156053,0.012422391758742435,-0.07706966813977774
56.29,0.011944104343641085,-0.08546161276761187,0.012497008425515774,-0.07756132185223308
56.300000000000004,0.011876313137561094,-0.08478812724191376,0.012563864111582768,-0.07800763460597078
56.31,0.011800061352742374,-0.08404578569419247,0.012622914655825674,-0.07840835376692587
56.32,0.011715424499490267,-0.08323580554403182,0.012674120460686542,-0.07876325032360319
56.33,0.011622484812249707,-0.08235948491789924,0.012717446515182564,-0.07907210960718641
56.34,0.011521331118451633,-0.08141817719112066,0.012752862416544664,-0.07933472331328387
56.35,0.011412058701352736,-0.08041329263043895,0.012780342391247706,-0.07955088327668869
56.36,0.011294769157112182,-0.07934630392926087,0.012799865315339576,-0.0797203995687298
56.370000000000005,0.011169570245452289,-0.0782187577506478,0.012811414733150908,-0.07984310524976532
56.38,0.01103657573403515,-0.07703224847895934,0.012814978873846467,-0.07991885464891664
56.39,0.010895905237227258,-0.0757884309446574,0.012810550665732306,-0.07994752586314213
56.4,0.010747684049525133,-0.07448900828699445,0.01279812775002154,-0.07992896267108272
56.410000000000004,0.010592042974212179,-0.07313572465009288,0.012777712496473628,-0.07986298763777136
56.42,0.010429118147146343,-0.07173038798745025,0.012749312018291103,-0.07974950307484283
56.43,0.010259050855374003,-0.07027484813401469,0.012712938182294948,-0.07958845003544247
56.44,0.0100819873524618,-0.06877095597698366,0.012668607618243927,-0.07937968406699956
56.45,0.009898078672245098,-0.06722058790814192,0.012616341731421543,-0.0791230666452892
56.46,0.009707480439976648,-0.06562566556533966,0.012556166714249561,-0.07881853581370822
56.47,0.009510352680499974,-0.06398812098465448,0.012488113554623587,-0.07846600930282842
56.480000000000004,0.00930685962509461,-0.06230988621051694,0.01241221804504575,-0.07806536230628552
56.49,0.009097169517503294,-0.06059291569458844,0.012328520793065552,-0.07761650848403398
56.5,0.008881454418656247,-0.058839172838515724,0.01223706723044896,-0.07711936817735157
56.51,0.008659890010733638,-0.0570506163940203,0.012137907622041366,-0.07657383612939281
56.52,0.008432655401049463,-0.055229215065993945,0.012031097074822283,-0.0759798373624115
56.53,0.008199932925546834,-0.053376939772284984,0.011916695545473593,-0.07533731279515113
56.54,0.007961907951587344,-0.051495776711261376,0.011794767844495742,-0.0746462702012044
56.550000000000004,0.00771876867859978,-0.04958775809856607,0.01166538363134091,-0.07390689106538405
56.56,0.007470705935434534,-0.04765494173327517,0.011528617395972836,-0.07311947575507319
56.57,0.007217912975745747,-0.04569938132229899,0.011384548430063408,-0.07228435883427374
56.58,0.006960585273390587,-0.04372312237934741,0.011233260793223218,-0.07140190480893586
56.59,0.006698920318688574,-0.04172820042356505,0.011074843276064698,-0.07047251084933072
56.6,0.006433117415798958,-0.0397166381821083,0.010909389360069893,-0.06949660607174413
56.61,0.006163377481445925,-0.03769044341888558,0.010736997174215383,-0.06847465250663087
56.620000000000005,0.005889902845236019,-0.0356516065773021,0.01055776944831745,-0.06740714518475056
56.63,0.005612897051780469,-0.033602098641482274,0.010371813463060167,-0.06629461262078942
56.64,0.00533256466484489,-0.031543869011834064,0.01017924099667314,-0.06513761705004668
56.65,0.005049111073727775,-0.029478843494939493,0.009980168268229,-0.06393675473585819
56.660000000000004,0.004762742302073022,-0.02740892235556696,0.009774715877533608,-0.06269265618449633
56.67,0.004473664819299199,-0.025335978454709633,0.009563008741587178,-0.061405986344895934
56.68,0.004182085354836783,-0.023261855459503183,0.009345176027597326,-0.060077444750404344
56.69,0.0038882107153415425,-0.0211883661300104,0.00912135108253083,-0.05870776561999458
56.7,0.003592247605058186,-0.019117290678368988,0.008891671359194522,-0.05729771790644691
56.71,0.0032944024494911297,-0.017050375200672575,0.008656278338841505,-0.055848105294167526
56.72,0.0029948812225363483,-0.014989330179595847,0.008415317450303854,-0.054359766141947666
56.730000000000004,0.0026938892772211615,-0.012935829057020112,0.008168937985658308,-0.05283357336988774
56.74,0.0023916311801917838,-0.010891506875359502,0.007917293012437165,-0.05127043428798929
56.75,0.0020883105500798652,-0.008857958966269754,0.007660539282402491,-0.049671290365137157
56.76,0.0017841298998889851,-0.006836739304064328,0.007398837136907575,-0.048037116941979124
56.77,0.0014792904835932315,-0.004829357719526927,0.007132350408874444,-0.04636892290572712
56.78,0.0011739921470475148,-0.0028372821434634165,0.0068612463214234466,-0.04466775023285232
56.79,0.0008684331828360252,-0.0008619486537332676,0.006585695383203294,-0.042934673379703976
56.800000000000004,0.000562810187843368,0.0010952167823773734,0.006305871280482789,-0.04117079856806856
56.81,0.00025731791960908573,0.0030327120766664994,0.006021950766090854,-0.03937726251955589
56.82,-4.7850866019191944e-05,0.004948544215005504,0.005734113545392675,-0.03755522880180338
56.83,-0.0003525056395932186,0.006839531992373573,0.005442542159627311,-0.035705883709604945
56.84,-0.0006564583579952208,0.008703562413218806,0.005147421866259887,-0.03383045596827905
56.85,-0.0009595236611804387,0.010539614576534491,0.00484894051558457,-0.03193021278427629
56.86,-0.0012615189976779627,0.012346543806044902,0.004547288420607189,-0.03000655054423971
56.870000000000005,-0.0015622647405794737,0.014123013394737559,0.004242658208918841,-0.028061218001466683
56.88,-0.0018615843123477012,0.015867786019510083,0.00393524465392595,-0.026095986217030995
56.89,-0.0021593043000949826,0.017579895350497567,0.0036252445014300556,-0.024112515650041
56.9,-0.0024552545500311504,0.019258552495576557,0.0033128563036277873,-0.022112389101598233
56.910000000000004,-0.002749268243138655,0.020903120290830458,0.0029982802604559696,-0.020097146592268987
56.92,-0.0030411819562418244,0.022513079698910712,0.002681718064776342,-0.01806832206030721
56.93,-0.0033308357100522296,0.024088049181764427,0.0023633727505593277,-0.016027389586477453
56.94,-0.003618073004704558,0.02562775881282088,0.002043448544874252,-0.013975799801261065
56.95,-0.0039027408446318545,0.027132019699175468,0.0017221507210487467,-0.011915041506876002
56.96,-0.004184689753472452,0.028600767232640933,0.0013996854534432661,-0.009846505364075046
56.97,-0.004463773778900311,0.030034015177704054,0.0010762596750608006,-0.007771623015827517
56.980000000000004,-0.004739850489031258,0.031431848111819385,0.0007520809344687677,-0.005691845897248067
56.99,-0.005012780960692652,0.03279445390154538,0.0004273572538201439,-0.00360853224500015
57.0,-0.005282429759109083,0.03412209082436526,0.00010229699095449043,-0.0015230448037736354
57.01,-0.005548664910495549,0.035415071344960414,-0.00022289129901577754,0.0005631842903209027
57.02,-0.005811357868521657,0.03667377848154108,-0.0005479990039217419,0.0026487780469713214
57.03,-0.006070383474304479,0.03789866095798413,-0.0008728175918469932,0.004732409521222597
57.04,-0.0063256199102833385,0.03909021842115919,-0.001197138744993026,0.006812747741714855
57.050000000000004,-0.006576948648939359,0.0402489975749243,-0.0015207544930617976,0.008888451492822408
57.06,-0.0068242543970927225,0.04137558437922001,-0.0018434573481185981,0.010958150220935547
57.07,-0.007067425036219485,0.042470605077725404,-0.0021650404393629627,0.013020529452708849
57.08,-0.007306351559067953,0.04353471980627367,-0.002485297644828261,0.015074302975744566
57.09,-0.00754092800308653,0.04456861526185482,-0.0028040237205492363,0.017118185265712606
57.1,-0.007771051381281817,0.04557300070459708,-0.0031210144287238347,0.019150903907656416
57.11,-0.007996621611021581,0.04654860267724825,-0.003436066665232573,0.02117118557677967
57.120000000000005,-0.008217541441256915,0.04749616068646596,-0.0037489785874868396,0.02317773902841636
57.13,-0.008433716378730784,0.04841641965081955,-0.004059549741968538,0.025169311885099896
57.14,-0.00864505461370326,0.049310126695140885,-0.004367581189280846,0.027144681409056824
57.15,-0.008851466945611841,0.05017802705122884,-0.0046728756268261075,0.029102629235852894
57.160000000000004,-0.009052866709076944,0.05102085958452862,-0.004975237510263951,0.03104195031538101
57.17,-0.009249169700704137,0.051839352210172544,-0.005274473173829064,0.032961452167164916
57.18,-0.009440294107110649,0.052634217961180806,-0.0055703909493388035,0.034859955886293016
57.19,-0.00962616043457988,0.05340615112953471,-0.005862801283911862,0.036736294319881985
57.2,-0.00980669144072372,0.05415582347707124,-0.00615151685642683,0.038589313427590026
57.21,-0.009981812068525393,0.05488388070801263,-0.0064363526926945035,0.040417872115624046
57.22,-0.010151449383108305,0.0555909391036904,-0.00671712627930646,0.04222084286587079
57.230000000000004,-0.010315532511563835,0.05627758239991949,-0.0069936576761240946,0.043997111999806264
57.24,-0.01047399258614077,0.05694435886008187,-0.007265769627368396,0.045745580162374615
57.25,-0.010626762691542287,0.05759176382591536,-0.007533287671241728,0.04746516360243598
57.26,-0.010773777817944133,0.058220216881670256,-0.007796040247957699,0.04915479586152854
57.27,-0.010914974820843068,0.05883007368571115,-0.008053858806080628,0.05081342744028553
57.28,-0.011050292387203843,0.05942163859287617,-0.00830657790716849,0.05244002547051363
57.29,-0.01117967100727758,0.05999515712451575,-0.008554035328714881,0.054033574608845565
57.300000000000004,-0.011303052951704761,0.06055083237728215,-0.008796072165367251,0.055593076564464536
57.31,-0.01142038225339859,0.06108881971166005,-0.009032532928401232,0.05711755094872155
57.32,-0.011531604694782142,0.06160920610877059,-0.00926326564336329,0.0586060370732429
57.33,-0.011636667800776362,0.062112033454366146,-0.009488121945800147,0.0600575931916313
57.34,-0.01173552083646133,0.06259730945985681,-0.00970695717507662,0.06147129650860422
57.35,-0.01182811480885749,0.06306499285722059,-0.009919630466248731,0.06284624474887861
57.36,-0.011914402474295958,0.06351496254169058,-0.010126004839835593,0.06418155871330825
57.370000000000005,-0.011994338352124519,0.0639470518813492,-0.010325947289372991,0.06547638100572899
57.38,-0.012067878743062482,0.06436106823250576,-0.01051932886677231,0.06672987566330263
57.39,-0.012134981750830115,0.06475678403466101,-0.010706024765487574,0.06794122949850455
57.4,-0.012195607307903264,0.06513391097436383,-0.01088591440149269,0.06910965012320332
57.410000000000004,-0.01224971720840492,0.06549204909587708,-0.011058881492477168,0.07023435504531919
57.42,-0.012297275147839463,0.06583079432534121,-0.01122481413522287,0.07131459159612863
57.43,-0.012338246764876758,0.06614975406075582,-0.011383604881301563,0.07234960751065635
57.44,-0.012372599684834892,0.06644846464816795,-0.011535150810842307,0.07333869338709754
57.45,-0.012400303569709791,0.06672635621633155,-0.01167935360333058,0.0742811672298042
57.46,-0.012421330175228914,0.06698284618237457,-0.011816119606020468,0.07517635317275584
57.47,-0.01243565341036147,0.06721735993589209,-0.011945359900427667,0.07602361028528494
57.480000000000004,-0.012443249398081902,0.06742927685773933,-0.01206699036623311,0.07682232180317138
57.49,-0.012444096539672033,0.06761792910194,-0.01218093174202511,0.07757191249502132
57.5,-0.012438175583569853,0.06778260548028042,-0.012287109682776205,0.07827183111615235
57.51,-0.012425469697955249,0.06792257207465473,-0.012385454814980464,0.07892153739742112
57.52,-0.012405964545461574,0.0680370887913258,-0.012475902789671822,0.07952052694976891
57.53,-0.01237964835927615,0.06812539352789211,-0.012558394332340274,0.0800683316089422
57.54,-0.012346512021198838,0.0681866982599901,-0.012632875289078038,0.08056452459282457
57.550000000000004,-0.012306549142022567,0.0682201937267702,-0.012699296668787335,0.08100871748154902
57.56,-0.012259756143778628,0.06822505891292735,-0.01275761468278472,0.08140051851951245
57.57,-0.012206132342995637,0.0682004705458753,-0.012807790782893898,0.08173956587692853
57.58,-0.012145680034549898,0.06814559533561104,-0.012849791696534666,0.08202554948846781
57.59,-0.012078404576068189,0.06805959754322222,-0.012883589457072998,0.0822582110299862
57.6,-0.012004314471853376,0.06794166504801405,-0.012909161429106933,0.0824373405398987
57.61,-0.011923421456601335,0.06779095414239628,-0.012926490331883941,0.08256267828667403
57.620000000000005,-0.01183574057977992,0.06760663274359235,-0.012935564263376106,0.08263399211246332
57.63,-0.011741290287916253,0.06738793594687444,-0.012936376719457637,0.08265119646871308
57.64,-0.011640092502973862,0.06713410813655446,-0.012928926605328092,0.08261420503685328
57.65,-0.011532172699663376,0.06684436802762461,-0.012913218246783181,0.08252284403727167
57.660000000000004,-0.011417559982526335,0.0665179743494872,-0.012889261402015727,0.08237706315536503
57.67,-0.011296287160627512,0.06615421325261406,-0.012857071266913617,0.08217688140666214
57.68,-0.011168390820221042,0.06575236456547875,-0.012816668475730436,0.08192227799762526
57.69,-0.011033911396523372,0.06531172711010877,-0.012768079101444441,0.08161326175790984
57.7,-0.010892893243491584,0.06483163546173629,-0.012711334653129588,0.08124991661939741
57.71,-0.010745384700887048,0.06431144025956098,-0.012646472068843987,0.08083233282952244
57.72,-0.010591438158982733,0.0637505174232069,-0.01257353370586481,0.08036062864195437
57.730000000000004,-0.010431110120442068,0.06314828117473592,-0.012492567327527687,0.07983498368177039
57.74,-0.010264461258623535,0.06250418168385534,-0.012403626085027201,0.07925562491017274
57.75,-0.010091556471596397,0.061817723425547144,-0.012306768492667479,0.0786228766939832
57.76,-0.009912464930062936,0.061088496069722026,-0.01220205839163387,0.07793724936068372
57.77,-0.009727260117763835,0.06031615915932607,-0.012089564898581004,0.07719938551325414
57.78,-0.009536019865344931,0.05950041544720269,-0.011969362342654877,0.07640997201662152
57.79,-0.009338826379277654,0.05864101167063999,-0.011841530196453965,0.075569736825572
57.800000000000004,-0.00913576626627561,0.057737740105217206,-0.011706153002840104,0.07467944846993024
57.81,-0.008926930553089166,0.05679043957925799,-0.011563320297745643,0.07373991414915924
57.82,-0.008712414701558506,0.055798996603920015,-0.01141312652912124,0.07275197844576953
57.83,-0.00849231861882801,0.05476334629354025,-0.01125567097217592,0.07171652166095649
57.84,-0.008266746662624778,0.05368347324222948,-0.011091057641064985,0.07063445827891382
57.85,-0.00803580764152124,0.052559412277443415,-0.010919395197184717,0.06950673531477705
57.86,-0.007799614810105919,0.051391249134528215,-0.010740796854236567,0.06833433067686905
57.870000000000005,-0.0075582858590020376,0.05017912103493857,-0.01055538028022566,0.06711825148602113
57.88,-0.007311942899675517,0.048923217181785036,-0.010363267496561102,0.06585953238861929
57.89,-0.00706071244398615,0.04762377917099972,-0.01016458477442696,0.0645592338529824
57.9,-0.006804725378448568,0.04628110132410006,-0.009959462528593577,0.06321844046208566
57.910000000000004,-0.006544116933163619,0.04489553094463285,-0.009748035208840334,0.06183825920379118
57.92,-0.006279026645409395,0.04346746850214295,-0.009530441189159617,0.060419817765518566
57.93,-0.006009598317865442,0.04199736774637794,-0.009306822654912976,0.0589642628372002
57.94,-0.005735979971468914,0.040485735754749994,-0.00907732548810817,0.0574727584277217
57.95,-0.005458323792899554,0.038933132915599605,-0.00884209915096517,0.05594648419913738
57.96,-0.005176786076695813,0.03734017284971506,-0.00860129656793714,0.054386633823165
57.97,-0.004891527162016291,0.03570752227232622,-0.008355074006350086,0.052794413364084435
57.980000000000004,-0.004602711364061504,0.03403590079758843,-0.008103590955822412,0.05117103969207817
57.99,-0.0043105069001780245,0.03232608074751263,-0.007847010006621906,0.04951773893549427
58.0,-0.004015085810653853,0.0305788873146653,-0.0075854967271134855,0.04783574501253581
58.01,-0.0037166238741598904,0.028795199990441375,-0.007319219540433119,0.04612629856824699
58.02,-0.00341530051788239,0.026975948657478883,-0.0070483496005286,0.04439064505847659
58.03,-0.0031112987228223104,0.02512210386106108,-0.006773060667716411,0.04263003363883616
58.04,-0.002804804925208347,0.02323466426363345,-0.006493528983888119,0.04084571584729197
58.050000000000004,-0.0024960089163511825,0.021314607764059402,-0.006209933147495859,0.03903894420782092
58.06,-0.002185103748754124,0.019362724443398135,-0.005922453988477522,0.03721097013004441
58.07,-0.0018722856787608286,0.017378933531657384,-0.00563127444347638,0.03536303676782981
58.08,-0.0015577541684275024,0.015362745694554213,-0.005336579431826642,0.03349637685289593
58.09,-0.0012417118803189856,0.01331510508476013,-0.005038555732167914,0.03161222545263834
58.1,-0.000924364592513688,0.011237504282235328,-0.004737391859278721,0.029711813739291704
58.11,-0.000605921068793264,0.009131093112139884,-0.004433277949353373,0.02779610380936507
58.120000000000005,-0.0002865929362223899,0.006996979159732259,-0.004126405665730014,0.02586582811070756
58.13,3.3405434677966855e-05,0.004836471037523748,-0.0038169681176554913,0.02392183645828457
58.14,0.0003538570659760765,0.0026511069846730712,-0.0035051597743373983,0.021965090569497248
58.15,0.0006745425273779814,0.0004425451005059715,-0.0031911763703046554,0.01999657948874818
58.160000000000004,0.000995240107363657,-0.001787373300390564,-0.0028752148032375044,0.018017420759632655
58.17,0.001315725997871801,-0.004036736377088981,-0.0025574730259097255,0.016028699426316136
58.18,0.0016357744902084832,-0.006303497086037015,-0.00223814993402588,0.01403160308693557
58.19,0.001955158181039309,-0.008585541214409855,-0.001917445250913504,0.012027277750772197
58.2,0.0022736481871021594,-0.010880663838354877,-0.0015955594104879285,0.010016926065048263
58.21,0.002591014368592011,-0.013186564731157504,-0.001272693436463049,0.008001808063082051
58.22,0.0029070255599171887,-0.01550091289830715,-0.0009490488206602514,0.0059830846985179115
58.230000000000004,0.0032214498064141502,-0.017821291463302913,-0.0006248274021357117,0.003962011902286229
58.24,0.0035340546077346673,-0.020145221709351357,-0.0003002312425031549,0.0019398800646752202
58.25,0.00384460716688409,-0.02247019278323375,2.4537499955128857e-05,-8.209733479657741e-05
58.26,0.004152874643284373,-0.02479365106130518,0.00034927669335918466,-0.0021026974423003744
58.27,0.0044586244098408665,-0.027112998515211963,0.0006737843558642642,-0.004120645320441057
58.28,0.004761624313884041,-0.02942560696478776,0.0009978587820936352,-0.006134664897665158
58.29,0.005061642941046721,-0.031728826489552955,0.0013212986702132883,-0.008143494723883472
58.300000000000004,0.005358449881106009,-0.034019994037479816,0.0016439032466442286,-0.010145927536508888
58.31,0.005651815995133175,-0.03629643490769271,0.0019654723884576955,-0.012140735475812825
58.32,0.005941513683578732,-0.03855546734195788,0.0022858067465146015,-0.014126665181057978
58.33,0.006227317154767635,-0.0407944118701878,0.0026047078697950137,-0.016102478960258643
58.34,0.00650900269308115,-0.043010596520574915,0.0029219783292032246,-0.01806694764161436
58.35,0.006786348926185837,-0.04520136317862847,0.0032374218402233673,-0.020018855931089336
58.36,0.007059137090727525,-0.04736407266963736,0.003550843383536555,-0.021957027240143243
58.370000000000005,0.007327151295876524,-0.04949611214616485,0.0038620493230816463,-0.02388029735887265
58.38,0.007590178784082618,-0.05159490096946509,0.004170847523150834,-0.02578748911259312
58.39,0.007848010188485481,-0.05365789523969379,0.0044770474654763845,-0.027677438671541054
58.4,0.008100439786486953,-0.055682592936501504,0.0047804603652936845,-0.029549002546705193
58.410000000000004,0.008347265748963524,-0.057666539366736366,0.005080899285634769,-0.03140105376018321
58.42,0.008588290384593666,-0.05960733220479168,0.00537817924987352,-0.03323248281122653
58.43,0.008823320378804143,-0.06150262615225156,0.005672117352486694,-0.03504219972219524
58.44,0.009052167026865676,-0.0633501375558759,0.0059625328678793495,-0.03682913504640982
58.45,0.009274646460685515,-0.06514764880721127,0.006249247357164953,-0.03859224049084272
58.46,0.00949057986885822,-0.06689301253465749,0.006532084772826926,-0.04033048964912676
58.47,0.009699793709775115,-0.06858414881372958,0.0068108715611814325,-0.04204287900234637
58.480000000000004,0.009902119918401498,-0.07021902724312418,0.007085436762519469,-0.04372842979938078
58.49,0.010097396107421512,-0.07179567480409249,0.007355612108808138,-0.04538618828732561
58.5,0.010285465761772415,-0.07331220678618108,0.007621232118939522,-0.047015224493568306
58.51,0.010466178425272834,-0.07476681410985381,0.007882134191541702,-0.04861463355374175
58.52,0.010639389878932405,-0.07615777745902244,0.008138158695320958,-0.050183535358536695
58.53,0.010804962309973591,-0.07748348433217261,0.00838914905694428,-0.05172107395272954
58.54,0.010962764471124741,-0.07874240702799908,0.008634951846447218,-0.05322641920453694
58.550000000000004,0.011112671830668665,-0.07993311149995923,0.008875416860103845,-0.05469876655300799
58.56,0.0112545667126992,-0.08105427511387964,0.009110397200764144,-0.05613733615444729
58.57,0.011388338426569366,-0.08210468568251403,0.00933974935569962,-0.057541373081516065
58.58,0.01151388338534496,-0.08308323774540824,0.009563333271954612,-0.058910147620711825
58.59,0.011631105214207339,-0.0839889088225734,0.00978101242913994,-0.060242956698895976
58.6,0.011739914849189449,-0.08482078739570338,0.009992653909645747,-0.06153912216350771
58.61,0.011840230624994171,-0.08557808404615512,0.010198128466353299,-0.06279799001063471
58.620000000000005,0.011931978351032144,-0.0862601239319021,0.010397310587908772,-0.06401893067090306
58.63,0.012015091375734177,-0.0868663498474776,0.010590078561572106,-0.0652013386128754
58.64,0.012089510640384988,-0.08739628217337896,0.010776314533588866,-0.06634463446092548
58.65,0.012155184724199129,-0.08784952511651209,0.01095590456700936,-0.06744826431481893
58.660000000000004,0.01221206987943965,-0.08822582162565196,0.011128738697326982,-0.06851168740334261
58.67,0.012260130053748087,-0.08852505329439131,0.011294710986436416,-0.06953438004930942
58.68,0.012299336899967473,-0.088747196328319,0.01145371957453795,-0.07051584933358575
58.69,0.01232966977665579,-0.0888922888613249,0.011605666729952299,-0.0714556098122376
58.7,0.012351115740946281,-0.08896045758535759,0.011750458896980493,-0.07235320768196553
58.71,0.012363669531395508,-0.0889519729357339,0.011888006741226755,-0.0732082158411763
58.72,0.012367333538738659,-0.08886721106416587,0.012018225192801551,-0.07402021281583428
58.730000000000004,0.012362117765919852,-0.08870663542864313,0.012141033488086612,-0.07478879752034018
58.74,0.012348039779031839,-0.08847079755302038,0.012256355209601142,-0.07551359406744534
58.75,0.012325124649594538,-0.08816033394653595,0.012364118323807124,-0.0761942398455439
58.76,0.012293404888277766,-0.08777596719814508,0.012464255216846772,-0.0768304017532468
58.77,0.01225292036946869,-0.08731852580535268,0.012556702728109865,-0.07742176114044809
58.78,0.012203718246257003,-0.08678892562391494,0.012641402182061836,-0.07796801355842055
58.79,0.012145852856838595,-0.08618815464499187,0.012718299418789448,-0.07846886397608126
58.800000000000004,0.012079385623254977,-0.08551727951234375,0.012787344823252625,-0.07892403496572173
58.81,0.012004384942760512,-0.08477743559483278,0.012848493352784929,-0.0793332714759383
58.82,0.011920926071780897,-0.08396983984442877,0.012901704562526005,-0.07969633821842426
58.83,0.011829091002089688,-0.08309578890572569,0.012946942629044467,-0.08001301240263038
58.84,0.011728968329604215,-0.08215664085872276,0.012984176372300617,-0.08028309220260624
58.85,0.011620653117014292,-0.08115380655012445,0.013013379276624663,-0.0805063659410479
58.86,0.011504246750826065,-0.08008875621025684,0.013034529511338043,-0.08068263566347442
58.870000000000005,0.011379856792204962,-0.07896303452798009,0.013047609950195762,-0.08081172574950166
58.88,0.011247596821560022,-0.07777823428561816,0.013052608188728132,-0.08089348391630642
58.89,0.011107586277477178,-0.07653600901256204,0.013049516559216375,-0.08092778271082067
58.9,0.010959950290113643,-0.07523806640772795,0.01303833214448975,-0.08091447797026684
58.910000000000004,0.010804819509738004,-0.07388614829449647,0.013019056793392998,-0.08085338205732064
58.92,0.010642329930763281,-0.07248205582867372,0.012991697136685071,-0.08074437339610809
58.93,0.010472622710720508,-0.0710276399827254,0.012956264598526784,-0.08058739523717372
58.94,0.010295843985597505,-0.069524754310755,0.012912775405922896,-0.08038231089359282
58.95,0.010112144683632219,-0.06797526911967958,0.012861250601452259,-0.08012896334113265
58.96,0.009921680336842665,-0.06638110216134821,0.01280171605597221,-0.07982727987471155
58.97,0.009724610889562882,-0.06474418411618144,0.012734202477908683,-0.07947717631296296
58.980000000000004,0.009521100505573888,-0.06306644288651395,0.012658745422995202,-0.07907851810649556
58.99,0.009311317374527409,-0.06134982789206603,0.01257538530559199,-0.07863120724747155
59.0,0.009095433517161463,-0.05959629767770121,0.012484167408940395,-0.07813515378692573
59.01,0.008873624589877904,-0.05780780568283924,0.012385141895100638,-0.07759024154777464
59.02,0.00864606968918116,-0.055986314568740904,0.012278363815132372,-0.07699638310548489
59.03,0.008412951155748754,-0.054133790015371594,0.01216389311777559,-0.07635351020882665
59.04,0.008174454377725713,-0.052252214460001445,0.012041794654381273,-0.07566162685041716
59.050000000000004,0.007930767591683511,-0.050343619766927965,0.01191213817417333,-0.07492092223812125
59.06,0.007682081680136622,-0.048410061770518764,0.011774998305397888,-0.0741317000771194
59.07,0.00742858996713542,-0.04645359101890249,0.011630454526194907,-0.07329429515735346
59.08,0.007170488013953605,-0.04447625031044774,0.011478591130680985,-0.07240907424533415
59.09,0.006907973415647919,-0.04248007210997547,0.0113194971918405,-0.07147643630337007
59.1,0.0066412455987398325,-0.04046707615587528,0.011153266521180169,-0.07049681302068292
59.11,0.006370505620255511,-0.03843926709953285,0.010979997625106578,-0.06947066915375107
59.120000000000005,0.006095955968357591,-0.03639863225536105,0.010799793657987083,-0.06839850292236731
59.13,0.005817800364792814,-0.0343471394205846,0.010612762371857995,-0.06728084633341307
59.14,0.005536243569365481,-0.03228673478335823,0.010419016062747009,-0.06611826549168723
59.15,0.005251491186646438,-0.03021934090780122,0.010218671513580298,-0.06491136086359096
59.160000000000004,0.004963749475115449,-0.028146854799497602,0.010011849933647777,-0.06366076750635075
59.17,0.004673225158924337,-0.026071146047448684,0.009798676894605209,-0.0623671552521665
59.18,0.004380125242465085,-0.023994055042359835,0.009579282262994997,-0.0610312288484748
59.19,0.004084656827920301,-0.021917391269215363,0.009353800129272479,-0.05965372804978882
59.2,0.003787026935956277,-0.01984293167321219,0.009122368733329705,-0.058235427659622085
59.21,0.0034874423297281917,-0.01777241909762946,0.00888513038651277,-0.05677713751968264
59.22,0.003186109342339327,-0.01570756079256678,0.008642231390135518,-0.055279702444401266
59.230000000000004,0.0028832337079093863,-0.013650026993378991,0.008393821950496216,-0.053744002098667955
59.24,0.0025790203963865356,-0.011601449567732312,0.008140056090410724,-0.05217095081697479
59.25,0.002273673452233258,-0.00956342072863408,0.00788109155728132,-0.05056149736224672
59.26,0.001967395837123941,-0.0075374915232901815,0.007617089727725861,-0.04891662462649364
59.27,0.0016603892768273889,-0.005525169342032749,0.007348215508797781,-0.0472373492837388
59.28,0.001352854112420311,-0.0035279180861740927,0.007074637235833526,-0.04552472136079424
59.29,0.0010449891555300713,-0.001547169186615514,0.0067965265669752565,-0.04377982359942792
59.300000000000004,0.0007369915463571715,0.0004156559341209577,0.006514058374431699,-0.04200377073093238
59.31,0.00042905661027005306,0.0023590526360530856,0.006227410632565137,-0.04019770819267839
59.32,0.00012137769277067226,0.004280941919535986,0.005936764303004695,-0.038362808110968885
59.33,-0.00018585407087857276,0.006178097805612681,0.005642303217079472,-0.03650026676321753
59.34,-0.000492450015656415,0.008048530916166202,0.005344213955167738,-0.03461132384076094
59.35,-0.0007982241371336022,0.009891257593896875,0.005042685722257369,-0.032697256346417375
59.36,-0.0011029932139381392,0.011705092938750645,0.004737910215915694,-0.030759499975112636
59.370000000000005,-0.0014065769248314394,0.013488705386535273,0.004430081475397979,-0.028799823898327286
59.38,-0.0017087979733485066,0.015240880440020697,0.004119395711356051,-0.026819990641096008
59.39,-0.002009482201270939,0.01696067026049109,0.003806051132475915,-0.02482165936711063
59.4,-0.0023084586814454615,0.018647294630970344,0.0034902477794716454,-0.022806420625836918
59.410000000000004,-0.0026055597922051256,0.020300131401632688,0.003172187366156263,-0.020775811769752066
59.42,-0.0029006212773217206,0.021918668241703423,0.0028520731243291872,-0.018731375690669273
59.43,-0.003193482293187384,0.02350253155173037,0.002530109651400603,-0.01667459200268427
59.44,-0.003483985443600826,0.025051458824136234,0.002206502761741782,-0.014606917497272897
59.45,-0.003771976803975261,0.026565266139628674,0.0018814593391338179,-0.012529850633378912
59.46,-0.004057305935680964,0.028043894776063637,0.0015551871907267274,-0.010444789123166136
59.47,-0.004339825890333281,0.029487363723012437,0.0012278949039168177,-0.00835317089618835
59.480000000000004,-0.004619393205721436,0.030895761225579334,0.0008997917024902674,-0.006256458064633196
59.49,-0.004895867893709167,0.032269278273740105,0.0005710873036743726,-0.0041560192117928085
59.5,-0.005169113419588315,0.03360817692806469,0.00024199177935627515,-0.002053222316224597
59.51,-0.005438996674350937,0.03491277235134039,-8.728458302208199e-05,5.049305606617516e-05
59.52,-0.005705387940919,0.036183448850485696,-0.000416531421534707,0.0021537374357458563
59.53,-0.005968160853999196,0.03742065621607521,-0.0007455384381487917,0.00425517395412647
59.54,-0.006227192353870941,0.03862489488397536,-0.0010740955335781146,0.006353463448631519
59.550000000000004,-0.006482362635046033,0.03979671196497182,-0.0014019929413725898,0.008447261222713208
59.56,-0.006733555090559298,0.04093669285205704,-0.0017290213634313643,0.010535186435911434
59.57,-0.006980656252367658,0.04204546227404364,-0.0020549721057510095,0.012615911598676607
59.58,-0.007223555728122747,0.043123678559086186,-0.002379637211229555,0.014688142085164738
59.59,-0.007462146134811745,0.0441720259174928,-0.002702809589773997,0.01675058365546383
59.6,-0.007696323029884499,0.04519121050483141,-0.0030242831473198425,0.018801955399344907
59.61,-0.007925984840392666,0.046181955003536036,-0.0033438529140858483,0.0208409792960987
59.620000000000005,-0.00815103279060878,0.04714499464239591,-0.0036613151730577912,0.022866356432367004
59.63,-0.008371370828683534,0.04808106956143825,-0.0039764675883981835,0.024876821482689777
59.64,-0.008586905552880901,0.048990921289630916,-0.0042891093315675964,0.02687114260096794
59.65,-0.008797546137820321,0.049875288798802375,-0.004599041204934393,0.028848094039897496
59.660000000000004,-0.009003204261126701,0.050734904162564806,-0.0049060657640392635,0.030806462223990302
59.67,-0.00920379403093445,0.05157048791088061,-0.0052099874387334655,0.032745046416923024
59.68,-0.009399231914675562,0.05238274508753435,-0.0055106126530072375,0.03466265974186262
59.69,-0.00958943666955193,0.05317236143448948,-0.005807749943506548,0.03655812719447936
59.7,-0.00977432927507518,0.05393999961510482,-0.006101210076775101,0.03843028696960482
59.71,-0.009953832868036866,0.05468629570409224,-0.006390806165200513,0.04027799031814246
59.72,-0.010127872680262105,0.05541185583826912,-0.00667635378162614,0.04210010217067424
59.730000000000004,-0.010296375979470297,0.05611725311190967,-0.00695767107259274,0.043895501409806116
59.74,-0.010459272013545951,0.05680302466814704,-0.007234578870169865,0.04566308135520566
59.75,-0.010616491958690084,0.05746966326126074,-0.007506900802323984,0.047401750519569616
59.76,-0.010767968872817318,0.05811758786013607,-0.007774463401713506,0.0491104346860935
59.77,-0.010913637655847864,0.058747142753553826,-0.008037096212780166,0.05078807732937396
59.78,-0.01105343501657636,0.05935862798024554,-0.008294631897117623,0.05243363824279557
59.79,-0.011187299445253578,0.05995227883688316,-0.00854690633712621,0.054046095199953834
59.800000000000004,-0.011315171191874028,0.06052827955621772,-0.00879375873790832,0.0556244436480423
59.81,-0.01143699224948098,0.06108677648602204,-0.009035031727395004,0.057167696468989435
59.82,-0.011552706342516247,0.06162784739964063,-0.009270571454647453,0.0586748863731603
59.83,-0.011662258920996794,0.06215151651101838,-0.009500227686229245,0.06014506563335158
59.84,-0.011765597159863672,0.06265777127418903,-0.009723853900625334,0.06157730574914629
59.85,-0.011862669962541473,0.06314655687455631,-0.009941307380698847,0.06297069846723202
59.86,-0.011953427969550416,0.06361774678667897,-0.010152449304065938,0.06432435825510574
59.870000000000005,-0.01203782357337237,0.06407115447017919,-0.010357144831244464,0.06563742236946456
59.88,-0.012115810938724674,0.06450656063250768,-0.0105552631915504,0.06690905002943862
59.89,-0.012187346026606212,0.06492371499065311,-0.01074667776675986,0.06813842312666255
59.9,-0.012252386621704326,0.06532232928620052,-0.01093126617247954,0.06932474747785645
59.910000000000004,-0.012310892365677121,0.06570200557103344,-0.011108910337390863,0.07046724502988069
59.92,-0.012362824798186229,0.06606229457653554,-0.011279496580654304,0.07156515625854454
59.93,-0.012408147401823211,0.0664027730877601,-0.011442915687540025,0.07261773918376303
59.94,-0.012446825647965292,0.0667229785402419,-0.011599062983367336,0.07362426675835809
59.95,-0.012478827047122684,0.06702234874786145,-0.011747838404927885,0.07458405840776582
59.96,-0.012504121206905887,0.06730025858860364,-0.011889146568932188,0.07549644617133708
59.97,-0.012522679894373664,0.06755610473038026,-0.012022896838372729,0.07636077976509878
59.980000000000004,-0.012534477099357108,0.06778925678730596,-0.012149003386803121,0.07717644016668891
59.99,-0.012539489100246515,0.06799903286084946,-0.012267385259599963,0.07794284489993275
60.0,-0.012537694534038435,0.06818471166120509,-0.012377966431864106,0.07865944201396788
