t_s,center_heave_m,center_heave_acc_mps2,buoy1_heave_m,buoy1_heave_acc_mps2
36.0,0.0011951979911534653,-0.019143643739725776,0.0011997870930406049,-0.010934606073469973
36.01,0.0011889955975402905,-0.018970885527200387,0.001218056407910332,-0.011112605826966479
36.02,0.0011809026814088661,-0.01876026441002602,0.001235212254782672,-0.011281697916844729
36.03,0.0011709413592741302,-0.018512639795026285,0.0012512377775520831,-0.011441781745228755
36.04,0.0011591374178464187,-0.01822897121038452,0.0012661170242744227,-0.011592757950179895
36.050000000000004,0.0011455202147460464,-0.017910313003055525,0.0012798349572750796,-0.011734527840310234
36.06,0.001130122569864963,-0.01755780981834486,0.0012923774631855432,-0.011866992835749535
36.07,0.0011129806478841914,-0.017172690798096572,0.0013037313629615777,-0.011990054009037578
36.08,0.0010941338324823736,-0.01675626478820818,0.0013138844219302429,-0.012103611614467824
36.09,0.0010736245927639987,-0.016309914607367026,0.0013228253599091985,-0.012207564737348202
36.1,0.0010514983424732061,-0.015835091407702204,0.0013305438614329903,-0.012301810997088563
36.11,0.0010278032925203561,-0.015333310083430161,0.0013370305861175268,-0.012386246257764242
36.12,0.001002590297385369,-0.014806142538460793,0.0013422771791843802,-0.012460764537729228
36.13,0.0009759126959974952,-0.01425521166977163,0.0013462762821578344,-0.012525257953837188
36.14,0.000947826147694426,-0.013682186212419768,0.0013490215437389887,-0.012579616694172785
36.15,0.0009183884638220546,-0.013088774552533903,0.0013505076308562678,-0.012623729134499767
36.160000000000004,0.0008876594355808451,-0.01247671854278766,0.0013507302398805545,-0.012657482038542067
36.17,0.0008557006587358197,-0.011847787249653678,0.0013496861079844121,-0.012680760837982639
36.18,0.0008225753557762608,-0.011203772151625326,0.001347373024621453,-0.01269344982784464
36.19,0.0007883481960462928,-0.0105464818578233,0.0013437898430943035,-0.012695432699268112
36.2,0.000753085114400423,-0.009877735809400379,0.0013389364921635159,-0.012686593110949064
36.21,0.000716853128998001,-0.009199357706955362,0.0013328139876421451,-0.012666815234146329
36.22,0.0006797201587943853,-0.008513172125278808,0.0013254244439414517,-0.012635983632361148
36.230000000000004,0.0006417548412449856,-0.007820997338029724,0.0013167710855209393,-0.012593984632682012
36.24,0.0006030263508075267,-0.007124639917201428,0.0013068582581653562,-0.012540706723782167
36.25,0.0005636042186956279,-0.006425893344004889,0.0012956914400176843,-0.012476041348420962
36.26,0.0005235581543328613,-0.005726528997046386,0.0012832772522832232,-0.012399884139053078
36.27,0.0004829578691690643,-0.005028289927377043,0.001269623469517726,-0.012312135276764637
36.28,0.0004418729033958838,-0.004332889271633018,0.0012547390294211404,-0.012212700652616025
36.29,0.0004003724558646679,-0.0036420065994453156,0.001238634042044029,-0.012101492840360361
36.300000000000004,0.0003585252176231587,-0.0029572814566523,0.001221319798285142,-0.011978432709610536
36.31,0.00031639920958815627,-0.002280308922313627,0.0012028087775198771,-0.01184345145667928
36.32,0.00027406162500919493,-0.0016126296684204574,0.001183114654454696,-0.01169648324350122
36.33,0.00023157867734198618,-0.0009557284793529457,0.00116225230624678,-0.011537442015377963
36.34,0.0001890154538675493,-0.000311031905229838,0.00114023782095672,-0.011366228735648748
36.35,0.0001464357761652655,0.00032012301644812765,0.0011170885088730724,-0.011182684790201158
36.36,0.0001039020710108812,0.0009365531499834294,0.0010928229257499548,-0.010986369004236418
36.37,6.147525819849377e-05,0.0015373168574764205,0.0010674609272418797,-0.010776319436118505
36.38,1.9214650912333252e-05,0.002121391197830046,0.0010410237389233104,-0.010552083087166611
36.39,-2.2822145450595818e-05,0.002687675241361457,0.0010135339954168642,-0.010313726632663115
36.4,-6.457933742615954e-05,0.003235145445435522,0.0009850157439374833,-0.010061312298010936
36.410000000000004,-0.000106003043504411,0.0037628356582612146,0.000955494436290862,-0.009794950800290822
36.42,-0.0001470413874118442,0.004269854893112139,0.0009249969168178359,-0.009514809385641173
36.43,-0.00018764458557902957,0.0047553417741991975,0.0008935514033852883,-0.009221159031084308
36.44,-0.00022776503077340512,0.005218462158625244,0.0008611874618466128,-0.008914280081649044
36.45,-0.00026735737556416345,0.005658323635402028,0.0008279359787407111,-0.008594428517078128
36.46,-0.00030637862423115076,0.006073834325392629,0.0007938291349796994,-0.008261861134746506
36.47,-0.0003447882489717223,0.006463469837661592,0.0007589003803264938,-0.007916823203172909
36.480000000000004,-0.00038254833804140875,0.006825486375608444,0.0007231844081577567,-0.007559568083863861
36.49,-0.00041962373127263207,0.0071591694811142794,0.0006867171265582414,-0.007190461630584533
36.5,-0.00045598209253051506,0.007464334241770232,0.0006495356214362234,-0.006809942716903408
36.51,-0.0004915939350549577,0.007740814486162442,0.0006116781126827076,-0.006418487068609407
36.52,-0.0005264326376981237,0.007988370622421862,0.0005731838967876664,-0.006016903762480961
36.53,-0.0005604744653368352,0.008206733052233206,0.0005340932658520234,-0.0056062097722895015
36.54,-0.0005936985835245466,0.008395912567965708,0.0004944474131474089,-0.005187311959083496
36.550000000000004,-0.000626087053319136,0.008556132300747851,0.00045428834235767494,-0.004761041182012202
36.56,-0.0006576248047649353,0.00868778885245379,0.00041365878320025613,-0.004328213990108248
36.57,-0.0006882995914046683,0.008791482189389285,0.0003726021124238891,-0.003889544662272405
36.58,-0.0007181019275838816,0.008867936504597489,0.00033116227930305727,-0.0034457750219828113
36.59,-0.0007470250107448923,0.008918037188385896,0.00028938373398708334,-0.002997576257067283
36.6,-0.0007750646300139106,0.0089427805966969,0.00024731135783835395,-0.002545651006530378
36.61,-0.0008022190621877319,0.008943295558901655,0.00020499039580137098,-0.0020906315408968355
36.62,-0.0008284889560239744,0.008920812079816435,0.00016246639082960257,-0.001633176470288877
36.63,-0.0008538772063505331,0.008876649269468215,0.00011978511866549093,-0.0011739364604192682
36.64,-0.000878388819489354,0.008812206328945298,7.699252512533391e-05,-0.0007134774842255936
36.65,-0.0009020307731825565,0.008728881498440543,3.4134665379483955e-05,-0.00025244201761026683
36.660000000000004,-0.0009248118732607923,0.008628135728149345,-8.742357632228584e-06,0.00020856696813398269
36.67,-0.0009467426052309296,0.008511501967006688,-5.1592452623545316e-05,0.0006690016224693721
36.68,-0.0009678349794025554,0.008380573474314703,-9.436959636477542e-05,0.0011282979290327952
36.69,-0.0009881023704292659,0.008236988943978805,-0.00013702789083719344,0.0015858574969440952
36.7,-0.0010075593529355984,0.0080824107183055,-0.00017952162072417682,0.002041135612170646
36.71,-0.001026221534406812,0.007918529916077803,-0.0002218053079610687,0.0024936183841229027
36.72,-0.0010441053860091784,0.007747049919173958,-0.0002638337639219222,0.002942784330132863
36.730000000000004,-0.00106122807223652,0.007569681054311038,-0.0003055621420570276,0.0033880892192982063
36.74,-0.0010776072806856817,0.007388118869520606,-0.00034694599089559646,0.003829017506795781
36.75,-0.001093261053184933,0.0072040414237353545,-0.00038794130501298497,0.00426508768280857
36.76,-0.0011082076195150844,0.007019086173819695,-0.0004285045736284635,0.00469582177822594
36.77,-0.001122465234890422,0.006834850899966022,-0.00046859282797274087,0.005120753818099803
36.78,-0.0011360520215630602,0.0066528955135778094,-0.0005081636877889449,0.005539423985945952
36.79,-0.0011489858150603052,0.006474721864435195,-0.0005471754069650016,0.00595138265310587
36.800000000000004,-0.001161284016050874,0.0063017723083480335,-0.0005855869182435117,0.00635618943384569
36.81,-0.0011729634484084865,0.006135426371959919,-0.0006233578770064404,0.0067534122293077
36.82,-0.0011840402240662665,0.005976987348399264,-0.0006604487041795977,0.0071426279464411775
36.83,-0.0011945296155083383,0.0058276783213647675,-0.0006968206282848902,0.007523421063593088
36.84,-0.0012044459364126965,0.005688639842786129,-0.0007324357266531972,0.00789538511726262
36.85,-0.0012138024309040062,0.005560921297745389,-0.0007672569657090401,0.008258124114741559
36.86,-0.0012226111718229534,0.0054454823370754645,-0.0008012482402046444,0.008611253359467818
36.87,-0.0012308829683748644,0.005343184323681938,-0.0008343744113677832,0.008954398379216485
36.88,-0.0012386272838956827,0.005254778556699468,-0.0008666013440198018,0.009287194347710066
36.89,-0.0012458521642494445,0.005180913618636589,-0.0008978959425984013,0.009609289839361549
36.9,-0.0012525641765947907,0.005122139423667552,-0.0009282261859491946,0.009920345620345154
36.910000000000004,-0.001258768358300332,0.005078902463069764,-0.0009575611608834678,0.010220034323379847
36.92,-0.0012644681761370714,0.005051546713634458,-0.0009858710945726324,0.010508039455487663
36.93,-0.0012696654957758454,0.005040313488291614,-0.001013127385719325,0.010784059207127852
36.94,-0.0012743605615814233,0.005045341381856725,-0.0010393026342942315,0.011047807823600955
36.95,-0.0012785519866508725,0.005066667546695799,-0.0010643706697525347,0.011299013816585223
36.96,-0.0012822367530007286,0.00510422837833126,-0.0010883065777917505,0.01153741997241322
36.97,-0.0012854102218163171,0.00515786035904461,-0.0011110867256641209,0.011762784062575474
36.980000000000004,-0.0012880661537096117,0.005227299234080827,-0.0011326887861289262,0.011974874999308981
36.99,-0.001290196738903519,0.005312183493960962,-0.0011530917600946352,0.012173476902607797
37.0,-0.0012917926370385813,0.005412058583669852,-0.0011722759976806898,0.01235839385982147
37.01,-0.0012928430261947325,0.005526380981028552,-0.001190223217398467,0.012529449450003408
37.02,-0.0012933356607479482,0.0056545209273468535,-0.0012069165234062456,0.012686485946112923
37.03,-0.0012932569377480652,0.0057957653445056545,-0.0012223404208460671,0.01282936566505446
37.04,-0.0012925919713968797,0.005949324741107436,-0.0012364808291402665,0.012957973292187591
37.050000000000004,-0.0012913246751471794,0.006114335680940086,-0.0012493250931550042,0.013072214314341166
37.06,-0.0012894378510300045,0.006289864712605046,-0.001260861992237324,0.01317201585637951
37.07,-0.0012869132856582041,0.006474918326606099,-0.0012710817470698325,0.013257328153727762
37.08,-0.0012837318521114066,0.0066684499226489944,-0.0012799760242530778,0.013328124601746509
37.09,-0.0012798736171087286,0.0068693614250197,-0.0012875379385899072,0.013384401568801973
37.1,-0.001275317953196951,0.007076504816024934,-0.0012937620531563514,0.013426175938923295
37.11,-0.0012700436557411899,0.007288685323078156,-0.0012986443773385008,0.01345348336020966
37.12,-0.0012640290642514846,0.007504670522591127,-0.00130218236299214,0.013466377534562821
37.13,-0.001257252187403478,0.007723194124877611,-0.0013043748987678545,0.013464931111942281
37.14,-0.001249690831294348,0.007942958975466612,-0.0013052223026924505,0.013449231769421716
37.15,-0.00124132273048899,0.008162644238584139,-0.001304726313190811,0.013419381940022707
37.160000000000004,-0.001232125681375502,0.00838090728045373,-0.0013028900786895184,0.013375497192601338
37.17,-0.0012220776770529205,0.008596401249654,-0.001299718145168622,0.013317729523087872
37.18,-0.0012111570427699946,0.00880777761593472,-0.0012952164406661055,0.013246263362721274
37.19,-0.0011993425716479583,0.009013679196305866,-0.0012893922570842017,0.01316129576796408
37.2,-0.0011866136606059768,0.00921275256664131,-0.0012822542302765466,0.013063038925776078
37.21,-0.0011729504459277523,0.009403650680225757,-0.0012738123187332408,0.012951718557270281
37.22,-0.0011583339379455417,0.009585037767094335,-0.0012640777811212544,0.012827566522894955
37.230000000000004,-0.0011427461544489502,0.009755592553805644,-0.0012530631531263014,0.012690819204694285
37.24,-0.0011261702526027912,0.009914007030415811,-0.0012407822240232483,0.012541710994115232
37.25,-0.0011085906589085436,0.010059001417332857,-0.001227250012956131,0.012380486340021615
37.26,-0.0010899931964885121,0.010189324437077995,-0.0012124827442423318,0.012207406850928243
37.27,-0.0010703652094073435,0.010303752725306023,-0.0011964978220818324,0.012022719852432754
37.28,-0.0010496956840491823,0.010401090891456528,-0.0011793138069959616,0.011826628846205854
37.29,-0.0010279753674100546,0.010480176597342558,-0.0011609503953315238,0.011619317585229908
37.300000000000004,-0.0010051968823535978,0.01053987088941477,-0.0011414284019542495,0.011400926444290912
37.31,-0.000981354839864229,0.010579069380182427,-0.0011207697470431775,0.011171545264367892
37.32,-0.0009564459462116444,0.01059675831826845,-0.0010989974428422162,0.010931374166074136
37.33,-0.0009304691012497538,0.010592040163338015,-0.0010761355697087858,0.010680816207400873
37.34,-0.000903425486773673,0.01056409184170264,-0.0010522092384703753,0.010420323033988115
37.35,-0.0008753186469305185,0.01051215057738407,-0.0010272445465847027,0.01015033967572685
37.36,-0.0008461545620031887,0.010435520801604656,-0.0010012685333812023,0.00987132062441671
37.37,-0.0008159417156087377,0.010333570928631942,-0.000974309135002153,0.009583719402340929
37.38,-0.0007846911549631319,0.01020574551266179,-0.00094639513917392,0.009287990710354452
37.39,-0.0007524165437039243,0.010051564189087283,-0.0009175561400314846,0.00898458644160867
37.4,-0.0007191342072092241,0.009870617628344305,-0.0008878224931242951,0.00867395652505742
37.410000000000004,-0.0006848631710688739,0.00966255441646334,-0.0008572252706775882,0.008356547659143631
37.42,-0.000649625193412638,0.009427082134610233,-0.0008257962171811756,0.008032802451858325
37.43,-0.000613444791526205,0.009163960291927434,-0.0007935677053831952,0.007703159074693926
37.44,-0.000576349264223314,0.008872963513462749,-0.0007605726926513644,0.007368053579109383
37.45,-0.0005383687130140033,0.008553846707149152,-0.000726844677495909,0.007027923081128413
37.46,-0.0004995360679192943,0.008206234640969404,-0.0006924176557059278,0.0066832169950056565
37.47,-0.0004598871328714804,0.007829336378999355,-0.0006573260746116538,0.006334425347054032
37.480000000000004,-0.0004194606592457451,0.007422193668291804,-0.0006216047832385179,0.005982098991215714
37.49,-0.00037829840303174643,0.006984904484442984,-0.0005852889796986491,0.005626755772954753
37.5,-0.00033644511707166545,0.006518080714202523,-0.0005484141608482543,0.005268854320151469
37.51,-0.0002939484964158228,0.0060223533263926,-0.0005110160765147314,0.004908820778259709
37.52,-0.0002508591149988672,0.005498275556498812,-0.00047313069678190436,0.004546747832596895
37.53,-0.0002072303666481559,0.004946372173799772,-0.00043479420270385897,0.004182523343972444
37.54,-0.00016311840029118328,0.0043674499431110595,-0.0003960429900240921,0.0038161549210137995
37.550000000000004,-0.00011858203523901071,0.0037625276308676436,-0.00035691366841990183,0.003447734485956507
37.56,-7.368265524935871e-05,0.0031327929438459685,-0.00031744305385792153,0.0030773652973728003
37.57,-2.8484083995156916e-05,0.002479632224879789,-0.00027766815562662174,0.002705250597531171
37.58,1.6947556290921763e-05,0.0018045540811435336,-0.00023762615889298425,0.0023315709724795325
37.59,6.254400076960225e-05,0.0011092210181057284,-0.00019735440442425234,0.0019565706492802666
37.6,0.00010823501275120471,0.00039545500661202794,-0.0001568903661255078,0.0015804767922179754
37.61,0.00015394857333130842,-0.0003346590448611024,-0.00011627162652108344,0.0012035692081361065
37.62,0.00019961109024367672,-0.0010789312730584825,-7.553585104506152e-05,0.0008260924444376781
37.63,0.0002451476174884292,-0.0018351530183963799,-3.4720762035331774e-05,0.0004483227717802056
37.64,0.0002904820795342688,-0.002601058694573303,6.135890503570811e-06,7.061235905000146e-05
37.65,0.0003355374985008117,-0.0033743832395529303,4.699635983247647e-05,-0.0003067740163073119
37.660000000000004,0.0003802362235037076,-0.0041528201299860104,8.782293200999269e-05,-0.0006835263480505845
37.67,0.0004245001631160612,-0.004934020923980902,0.00012857795722849696,-0.0010592932892687097
37.68,0.0004682510209354226,-0.005715623778531968,0.0001692238833087553,-0.0014337491888817572
37.69,0.0005114105325053261,-0.00649526419848911,0.000209723287725784,-0.0018066019453763318
37.7,0.000553900702443598,-0.00727057572614228,0.00025003890877376117,-0.0021775179832278857
37.71,0.0005956440413128608,-0.008039198148602902,0.0002901336787334235,-0.0025461443171616023
37.72,0.0006365638014942342,-0.008798788463641957,0.0003299707583176483,-0.002912144627127378
37.730000000000004,0.0006765842110226048,-0.009547031135265711,0.00036951356954247733,-0.003275219948446018
37.74,0.0007156307043333043,-0.010281647434392291,0.00040872582691604066,-0.0036350561096725677
37.75,0.000753630149162728,-0.01100039968604811,0.00044757156922037793,-0.00399132072820452
37.76,0.0007905110687640174,-0.011701106895757029,0.0004860151921392663,-0.004343693281538925
37.77,0.0008262038582899235,-0.01238165399324639,0.0005240214805805963,-0.0046918562593005276
37.78,0.0008606409943663702,-0.013039998560027386,0.0005615556403268766,-0.005035501962039964
37.79,0.0008937572370878597,-0.013674179278089692,0.0005985833288567243,-0.005374332353269953
37.800000000000004,0.0009254898236972588,-0.014282322147701244,0.0006350706851754782,-0.0057080601675894216
37.81,0.0009557786532838048,-0.014862647037244416,0.0006709843586169644,-0.0060364084384523465
37.82,0.0009845664618661583,-0.015413474072338871,0.0007062915366046269,-0.0063591108803659055
37.83,0.0010117989872561299,-0.01593322893699981,0.0007409599713717179,-0.0066759115824485925
37.84,0.0010374251231708314,-0.01642044815086012,0.0007749580056157075,-0.006986565994349286
37.85,0.0010613970620940547,-0.016873783572001224,0.000808254597035901,-0.00729084118880064
37.86,0.0010836704264606983,-0.0172920060205426,0.0008408193417367544,-0.007588515331682628
37.87,0.0011042043878068482,-0.01767400854064792,0.0008726224965202069,-0.007879377574150422
37.88,0.0011229617735864807,-0.018018809004410052,0.0009036350000897082,-0.008163227796870464
37.89,0.0011399091614004194,-0.018325552389516293,0.0009338284931835366,-0.008439876478430456
37.9,0.0011550169604401658,-0.018593512264390707,0.000963175337659947,-0.008709144314146235
37.910000000000004,0.0011682594800111348,-0.018822091750985377,0.0009916486345694145,-0.0089708617305252
37.92,0.0011796149850592783,-0.019010823909458727,0.0010192222412584737,-0.009224868424464345
37.93,0.0011890657386732658,-0.019159371665708413,0.0010458707875540944,-0.00947101280994067
37.94,0.001196598031597894,-0.019267527090899156,0.0010715696910813216,-0.009709151439022125
37.95,0.0012022021988284926,-0.01933521049021581,0.001096295171774049,-0.009939148334406466
37.96,0.0012058726234240927,-0.019362468476035448,0.0011200242656411662,-0.010160874357129028
37.97,0.001207607727709585,-0.019349472186512662,0.0011427348378541633,-0.01037420650500182
37.980000000000004,0.0012074099520976867,-0.019296514518277397,0.0011644055952217856,-0.010579027261582047
37.99,0.0012052857217921067,-0.019204007352807882,0.0011850160981201788,-0.010775223863515468
38.0,0.0012012454016810073,-0.01907247819246964,0.001204546771949208,-0.010962687561118312
38.01,0.0011953032397602138,-0.01890256659763077,0.001222978918187396,-0.011141312913528979
38.02,0.0011874772994472206,-0.018695020630009256,0.001240294725115839,-0.011310997076370361
38.03,0.0011777893811929596,-0.018450691945516316,0.0012564772782790907,-0.01147163917942974
38.04,0.0011662649338357912,-0.018170531819318752,0.0012715105707475436,-0.01162313966444623
38.050000000000004,0.0011529329561577593,-0.01785558593563235,0.001285379513243096,-0.011765399722459036
38.06,0.0011378258891301212,-0.017506989818242075,0.0012980699441862383,-0.01189832072477343
38.07,0.0011209794993568398,-0.01712596313026013,0.0013095686397175338,-0.012021803758181841
38.08,0.001102432754247186,-0.01671380484454448,0.0013198633237410074,-0.012135749180484143
38.09,0.001082227689444932,-0.01627188759191806,0.0013289426780314008,-0.012240056263854689
38.1,0.001060409269070904,-0.01580165204749064,0.001336796352440505,-0.012334622893214738
38.11,0.001037025239313098,-0.01530460235734821,0.001343414975233209,-0.012419345279460767
38.12,0.0010121259759114855,-0.014782299427174251,0.0013487901635759899,-0.012494117868722695
38.13,0.0009857643261490597,-0.014236354958940656,0.0013529145341895927,-0.012558833285198674
38.14,0.0009579954459390213,-0.01366842631002162,0.0013557817141711323,-0.012613382303833551
38.15,0.0009288766325710332,-0.013080210301862849,0.0013573863519845421,-0.012657653967753882
38.160000000000004,0.0008984671537195387,-0.012473437089060865,0.0013577241286079264,-0.012691535785566843
38.17,0.0008668280733325623,-0.011849863883000238,0.0013567917688166824,-0.012714914021952815
38.18,0.0008340220749743766,-0.01121127037344695,0.001354587052577604,-0.012727673921659076
38.19,0.0008001132831459132,-0.010559453236733136,0.001351108826524988,-0.012729700090778737
38.2,0.0007651670831366109,-0.009896219842281211,0.0013463570154744508,-0.012720877197432125
38.21,0.0007292499400233232,-0.009223381959770285,0.0013403326339141543,-0.012701090552538687
38.22,0.0006924292173556312,-0.00854275229578561,0.001333037797431305,-0.012670226118111704
38.230000000000004,0.0006547729960582408,-0.007856136999574426,0.0013244757340349575,-0.012628171372653799
38.24,0.0006163498941278709,-0.007165330896676562,0.00131465079530961,-0.012574816073861274
38.25,0.0005772288875671082,-0.006472115846029528,0.0013035684673214558,-0.012510053003238186
38.26,0.0005374791330176605,-0.005778251011290789,0.001291235381190721,-0.012433779121131437
38.27,0.0004971697927647494,-0.005085467996277678,0.0012776593232437217,-0.01234589603345171
38.28,0.0004563698626119149,-0.004395468334549691,0.0012628492446687754,-0.012246310990547913
38.29,0.00041514800293803876,-0.003709920581522557,0.0012468152705845696,-0.012134937951064503
38.300000000000004,0.00037357237336081304,-0.003030452667573823,0.001229568708398656,-0.012011699224249894
38.31,0.000331710471538086,-0.0023586486110863266,0.001211122055294028,-0.011876527427995736
38.32,0.00028962897674726,-0.001696037979722797,0.0011914890049548568,-0.011729357707562268
38.33,0.0002473935988280038,-0.0010440955077862506,0.0011706844546269476,-0.011570103468612335
38.34,0.00020506893287609658,-0.0004042360036452009,0.0011487245135929618,-0.011398665188909909
38.35,0.0001627183209212175,0.00022221752736195958,0.0011256265148902374,-0.011214872659102839
38.36,0.00012040372452538366,0.0008341073103479879,0.001101409040563949,-0.011018238283592678
38.37,7.8185614510397e-05,0.0014305040872297182,0.0010760919788329866,-0.010807793348548275
38.38,3.612287205415025e-05,0.0020103726207884075,0.0010496965931847194,-0.010583155389726389
38.39,-5.727312746637682e-06,0.002572615654453324,0.0010222455576122539,-0.010344408655531006
38.4,-4.7309544757020205e-05,0.003116220449062922,0.0009937629580641326,-0.01009160999540033
38.410000000000004,-8.857032297117183e-05,0.0036402292300118976,0.0009642742841570503,-0.009824876768838548
38.42,-0.00012945813296653103,0.004143757726352602,0.0009338064165624045,-0.009544387129771728
38.43,-0.00016992353369531997,0.004625950681767277,0.0009023876071727105,-0.009250417093017231
38.44,-0.0002099192404295604,0.005085982477245009,0.0008700474533106834,-0.008943240139729821
38.45,-0.00024940020764888175,0.005522962043236133,0.0008368168707295233,-0.008623110261604961
38.46,-0.00028832372071691805,0.005935797922963802,0.0008027280675371493,-0.008290284209742737
38.47,-0.00032664951226759996,0.0063229584927246875,0.0007678145187279357,-0.00794500685028688
38.480000000000004,-0.0003643399096914325,0.006682732723798814,0.0007321109408819663,-0.0075875342947549235
38.49,-0.00040135996815186126,0.0070144394875655165,0.0006956532630134037,-0.007218236228538961
38.5,-0.00043767754059567806,0.007317899076466891,0.0006584785894129853,-0.006837552510499712
38.51,-0.0004732633020893285,0.007592948768062166,0.00062062515558483,-0.006445962097779206
38.52,-0.0005080907658210348,0.00783934821647212,0.0005821322704671914,-0.00604428111690344
38.53,-0.0005421363031836827,0.00805683804304587,0.0005430402352223683,-0.00563352043800446
38.54,-0.0005753791576216498,0.008245439699206492,0.0005033902492333771,-0.005214578058931992
38.550000000000004,-0.0006078014385618195,0.00840538228565674,0.0004632243200752464,-0.004788279325904191
38.56,-0.0006393880942917468,0.00853706618647504,0.0004225851797049357,-0.004355436912356284
38.57,-0.0006701268661451161,0.008641092706259365,0.0003815162058246468,-0.00391676303282963
38.58,-0.0007000082256665099,0.00871818660866493,0.0003400613476345902,-0.003472996976031544
38.59,-0.000729025296904618,0.008769232140253535,0.0002982650543978392,-0.0030248083633738895
38.6,-0.0007571737651312391,0.008795223477534487,0.0002561722059503185,-0.0025728984475340976
38.61,-0.0007844517730858633,0.008797285970745842,0.00021382804519206995,-0.002117898812567
38.62,-0.0008108598056262363,0.008776645544212227,0.00017127811263693677,-0.0016604661234303898
38.63,-0.0008364005642980651,0.008734615655976545,0.00012856818130778513,-0.001201250904839674
38.64,-0.0008610788334261039,0.008672586264202566,8.574419408024062e-05,-0.0007408187461538333
38.65,-0.0008849013408483835,0.008591948307782326,4.2852203051441786e-05,-0.0002798099992938176
38.660000000000004,-0.0009078766153635283,0.008494155739581467,-6.169194036270157e-08,0.0001811720525259733
38.67,-0.0009300148390617317,0.008380733808938312,-4.295140271469843e-05,0.0006415794384613483
38.68,-0.0009513276932223591,0.008253268122049523,-8.577090912156113e-05,0.0011008494785878786
38.69,-0.000971828198697198,0.008113387767319303,-0.00012847431610836028,0.0015583845146667366
38.7,-0.000991530552495574,0.0079627447727374,-0.00017101591114928027,0.0020136397770079157
38.71,-0.0010104499617170392,0.007803019642643228,-0.00021335021877549423,0.0024661015899757116
38.72,-0.001028602475458634,0.007635904477319526,-0.0002554320527332911,0.002915249066592716
38.730000000000004,-0.0010460048156221218,0.007463097334418949,-0.0002972165685535561,0.003360539052991367
38.74,-0.0010626742079082655,0.007286281394974645,-0.00033865931647810625,0.003801456359056903
38.75,-0.001078628214224727,0.007107121356459359,-0.0003797162923782803,0.004237519757775285
38.76,-0.0010938845677369413,0.006927241157096007,-0.0004203439863148846,0.004668251812066656
38.77,-0.001108461011706153,0.006748225061354529,-0.0004604994298611866,0.00509318693640095
38.78,-0.0011223751424731788,0.006571618876446402,-0.0005001402425609067,0.00551186572811734
38.79,-0.0011356442571052853,0.006398910178037225,-0.0005392246775211289,0.005923838910797278
38.800000000000004,-0.0011482852066940939,0.0062315270226908324,-0.0005777116660842084,0.0063286664933724
38.81,-0.0011603142558627795,0.006070834327370081,-0.0006155608615727731,0.006725916795638412
38.82,-0.0011717469490803278,0.005918120767316487,-0.000652732682151107,0.00711516719082615
38.83,-0.0011825979846159015,0.005774594823497317,-0.0006891883528316274,0.007496002630845086
38.84,-0.0011928810966494786,0.005641382379119193,-0.00072488994664005,0.007868017129094377
38.85,-0.0012026089459836575,0.005519518260418392,-0.0007598004248555794,0.008230815084600036
38.86,-0.0012117930197741119,0.005409947636575243,-0.0007938836762027413,0.00858401222578078
38.87,-0.0012204435406195575,0.00531351752896016,-0.0008271045549525468,0.008927234678037344
38.88,-0.0012285693857586552,0.005230965077035306,-0.0008594289179885407,0.009260118078981219
38.89,-0.0012361780168760222,0.005162925037751179,-0.0008908236607809084,0.00958231145787164
38.9,-0.0012432754202444237,0.005109933742198679,-0.00092125675213166,0.0098934760837966
38.910000000000004,-0.001249866056993622,0.005072424392465254,-0.0009506972676798615,0.010193285196675478
38.92,-0.0012559528236206932,0.0050507279821231064,-0.0009791154222399934,0.010481422856641793
38.93,-0.0012615370227799805,0.005045073136121053,-0.0010064826009188851,0.010757587741867603
38.94,-0.0012666183443321127,0.005055586146621849,-0.0010327713888023094,0.011021494620006442
38.95,-0.0012711948565996048,0.005082292288746152,-0.0010579555991173995,0.01127287262554036
38.96,-0.001275263007734196,0.005125116472632708,-0.0010820102999322817,0.011511465116355717
38.97,-0.0012788176370959051,0.00518388418188292,-0.0011049118394054072,0.011737030626242003
38.980000000000004,-0.0012818519965999407,0.0052583206069032745,-0.0011266378696673596,0.011949338788658951
38.99,-0.0012843577819409222,0.00534805412912287,-0.0011471673693945984,0.01214817432812925
39.0,-0.0012863251733962408,0.005452620586252165,-0.001166480664809493,0.01233334192820128
39.01,-0.0012877428857908959,0.005571467368483685,-0.0011845594488033204,0.012504665737537396
39.02,-0.0012885982272449422,0.00570395615263596,-0.0012013867981320162,0.012661988689937613
39.03,-0.0012888771663946397,0.005849365828751544,-0.0012169471886925914,0.01280517365821084
39.04,-0.0012885644076519448,0.006006899417320948,-0.0012312265087633851,0.01293410588508139
39.050000000000004,-0.0012876434740376377,0.006175686522664448,-0.0012442120701112946,0.013048691457678067
39.06,-0.0012860967971835577,0.0063547873110937495,-0.0012558926169726863,0.013148858041169763
39.07,-0.0012839058139530069,0.00654320259471965,-0.0012662583328546461,0.013234556385369954
39.08,-0.0012810510688789425,0.006739880552343097,-0.0012753008450669657,0.013305760388068825
39.09,-0.0012775123218410193,0.006943718405832463,-0.0012830132269571958,0.0133624669126968
39.1,-0.0012732686607041387,0.007153563935650055,-0.0012893899979334032,0.013404693327858144
39.11,-0.0012682986187084408,0.007368218778289817,-0.0012944271214549166,0.013432475717626723
39.12,-0.0012625802961333445,0.0075864475373250626,-0.0012981220011499674,0.01344586817509264
39.13,-0.0012560914856038561,0.007806981306857518,-0.0013004734751048486,0.013444943645686092
39.14,-0.0012488098005801302,0.00802852107260842,-0.0013014818084167673,0.013429790040166189
39.15,-0.001240712806578524,0.008249744443688985,-0.001301148684197164,0.013400509871227618
39.160000000000004,-0.0012317781546563246,0.008469307907852547,-0.001299477193162299,0.013357218887011656
39.17,-0.001221983716359576,0.008685864638084578,-0.0012964718211553252,0.013300069739257092
39.18,-0.0012113077191654063,0.008898066035960123,-0.0012921384336170775,0.013229246826842088
39.19,-0.001199728882178956,0.009104555453133274,-0.0012864842573859505,0.013144947077367748
39.2,-0.0011872265519836634,0.009303980667476248,-0.0012795178608039424,0.013047382326100629
39.21,-0.001173780838075763,0.00949499616102604,-0.0012712491324313366,0.01293677802093305
39.22,-0.0011593727473762487,0.009676268205607325,-0.0012616892586512982,0.012813364625908045
39.230000000000004,-0.0011439843174296063,0.009846477595292315,-0.0012508507006140223,0.01267737766148209
39.24,-0.0011275987480928052,0.010004318761194363,-0.001238747170955313,0.012529049013527154
39.25,-0.0011102005312038357,0.01014851573319076,-0.0012253936102047376,0.012368623579334341
39.26,-0.0010917755775254894,0.010277820288359081,-0.0012108061621806175,0.012196360934115705
39.27,-0.0010723113407209786,0.010391012519033205,-0.001195002148952762,0.012012503188319658
39.28,-0.001051796938392917,0.010486900105155222,-0.0011780000477977699,0.011817246783921376
39.29,-0.0010302232700389246,0.010564324207531868,-0.001159819471272626,0.011610771678931962
39.300000000000004,-0.001007583131996988,0.010622147929308889,-0.0011404811505794689,0.011393207118175853
39.31,-0.0009838713293676687,0.01065927179862205,-0.0011200069231442357,0.01116463779241319
39.32,-0.0009590847824272712,0.01067469685012963,-0.001098419719054982,0.01092528936048869
39.33,-0.0009332226237914235,0.010667535239142491,-0.0010757435356079385,0.010675576020124715
39.34,-0.0009062862857747275,0.010636970871278956,-0.0010520033986923666,0.010415946759246588
39.35,-0.0008782795800382367,0.010582248079233211,-0.001027225318858198,0.010146846744664
39.36,-0.0008492087706667121,0.010502678045510602,-0.0010014362466458887,0.009868729109152614
39.37,-0.0008190826406298185,0.010397637464439887,-0.0009746640276169808,0.00958204657969138
39.38,-0.0007879125512755958,0.010266578026417714,-0.0009469373572269885,0.009287252728772311
39.39,-0.0007557124943665622,0.010109028060026998,-0.0009182857357566159,0.00898479831159249
39.4,-0.0007224991365787778,0.009924586047675876,-0.0008887394234372391,0.008675131942614347
39.410000000000004,-0.0006882918571607277,0.009712908647356942,-0.0008583293958401905,0.008358699018768642
39.42,-0.0006531127794369573,0.009473712003088774,-0.0008270872996010222,0.008035940695136435
39.43,-0.0006169867965647091,0.009206764377919797,-0.0007950454085565491,0.007707293671401783
39.44,-0.000579941593085211,0.008911847335803235,-0.0007622365802497887,0.0073731926399425276
39.45,-0.0005420076653457116,0.008588723051002285,-0.0007286942125878914,0.007034073468364405
39.46,-0.0005032183470253886,0.00823700940542739,-0.0006944522000623235,0.0066903857406101445
39.47,-0.00046360985620784586,0.007855867345507118,-0.0006595448878017607,0.006342626823854679
39.480000000000004,-0.0004232213698853384,0.007444387924152437,-0.0006240070209247076,0.00599136175607508
39.49,-0.00038209507760765207,0.007002734231795688,-0.0005878736911560103,0.005637106177133306
39.5,-0.000340276169135234,0.006531530563355593,-0.000551180286423104,0.005280315157216682
39.51,-0.0002978127776518256,0.00603141561369913,-0.0005139624457055314,0.004921401775235776
39.52,-0.0002547559161249715,0.0055029325151534775,-0.00047625602813699213,0.004560423034772173
39.53,-0.0002111594180593564,0.004946625339498054,-0.00043809710572795463,0.004197267176040251
39.54,-0.00016707987113557453,0.004363327011940081,-0.00039952196745575235,0.0038319520300036073
39.550000000000004,-0.00012257653018247507,0.0037540768931093324,-0.00036056711787059773,0.0034645735972843135
39.56,-7.771120916306763e-05,0.003120080233709509,-0.00032126926905835763,0.0030952347860526545
39.57,-3.254815489850894e-05,0.00246273884119494,-0.0002816653276327637,0.002724138070567479
39.58,1.2846095901718103e-05,0.0017835777343555817,-0.00024179237733165144,0.0023514641906453838
39.59,5.840287420093087e-05,0.001084275639910621,-0.0002016876587223926,0.0019774581226108157
39.6,0.00010405155173331118,0.0003666941490024023,-0.0001613885467760786,0.0016023445220032532
39.61,0.000149719733770574,-0.00036705385425093605,-0.00012093252657618667,0.0012263993373225718
39.62,0.0001953334701341748,-0.0011147783410982934,-8.035716774050713e-05,0.0008498706060724913
39.63,0.00024081747549709512,-0.0018742666403159204,-3.9700098300830023e-05,0.000473035156628878
39.64,0.00028609535385142444,-0.00264325069771986,1.001024546230763e-06,9.624238295785804e-05
39.65,0.00033108982602435147,-0.003419460743205314,4.1708545324435044e-05,-0.0002802404069262593
39.660000000000004,0.00037572295959030434,-0.004200580575398984,8.238483975403577e-05,-0.0006561073406871428
39.67,0.0004199164020569839,-0.004984256236224353,0.00012299234584342182,-0.0010310100425302846
39.68,0.00046359161710417214,-0.005768118677154666,0.00016349359730125405,-0.0014046181737470615
39.69,0.0005066701221353554,-0.006549797555099857,0.00020385125565802005,-0.0017766421722367387
39.7,0.0005490737259876273,-0.007326921049543959,0.00024402814128808253,-0.0021467520704766528
39.71,0.0005907247663442207,-0.008097123084931433,0.0002839872663500015,-0.002514594894172765
39.72,0.0006315463461187977,-0.008858056378707471,0.00032369186917084367,-0.0028798340330820254
39.730000000000004,0.000671462567723887,-0.009607401388313955,0.00036310544714811087,-0.003242170022852451
39.74,0.0007103987642151623,-0.010342875233681624,0.0004021917878506643,-0.0036012925592291013
39.75,0.0007482817265369583,-0.011062237615986042,0.0004409150005807666,-0.003956870568619729
39.76,0.0007850399259711924,-0.011763306118771119,0.00047923954886518275,-0.004308583453061926
39.77,0.0008206037306513864,-0.012443964866003868,0.0005171302827184081,-0.004656114943366667
39.78,0.0008549056151814433,-0.013102171486935233,0.0005545524702185501,-0.004999157877654666
39.79,0.0008878803626034121,-0.013735965436603468,0.0005914718282512462,-0.005337415122852762
39.800000000000004,0.0009194652579774367,-0.01434347412074438,0.0006278545522666807,-0.005670600055143345
39.81,0.0009496002729109915,-0.014922919544945117,0.0006636673450168673,-0.005998436236636882
39.82,0.0009782282404023964,-0.015472624657151733,0.0006988774442663961,-0.006320657810168247
39.83,0.0010052950193993378,-0.01599101866392771,0.0007334526494685961,-0.006637009301445532
39.84,0.001030749648531529,-0.016476642382654748,0.0007673613473699928,-0.0069472468546486485
39.85,0.0010545444885196645,-0.01692815256929816,0.0008005725364908511,-0.007251138045019296
39.86,0.0010766353528498453,-0.01734432554935012,0.0008330558504791088,-0.007548461425164782
39.87,0.001096981626350142,-0.017724060486295178,0.0008647815803639669,-0.007839006501242998
39.88,0.0011155463713730732,-0.018066381955644084,0.000895720695725369,-0.008122573496225992
39.89,0.0011322964213341833,-0.018370442202755986,0.0009258448647948293,-0.008398973203281637
39.9,0.0011472024614114435,-0.01863552255375909,0.0009551264735121023,-0.008668026550109531
39.910000000000004,0.0011602390962722456,-0.01886103439976902,0.000983538643575043,-0.00892956414824782
39.92,0.001171384904757093,-0.019046519491216697,0.0010110552495267839,-0.009183425823456744
39.93,0.0011806224814958246,-0.01919164990518473,0.0010376509349286206,-0.009429460059990374
39.94,0.0011879384654913405,-0.019296227202184112,0.0010633011276723662,-0.009667523420348727
39.95,0.0011933235557503162,-0.019360181546714175,0.0010879820544917515,-0.009897479864828187
39.96,0.001196772514095886,-0.019383569750695433,0.001111670754735746,-0.010119200143619667
39.97,0.0011982841553408998,-0.019366573398882016,0.001134345093468708,-0.01033256108109161
39.980000000000004,0.0011978613250487463,-0.01930949617149319,0.0011559837739641334,-0.010537444914452592
39.99,0.0011955108651538469,-0.019212760870017217,0.001176566349660656,-0.010733738562881406
40.0,0.001191243567749385,-0.019076906206095756,0.0011960732356517273,-0.010921332877269955
40.01,0.0011850741173866691,-0.018902582966078725,0.0012144857197811693,-0.01110012195729495
40.02,0.0011770210222567556,-0.01869055062161499,0.0012317859734145005,-0.011270002422812047
40.03,0.001167106534654155,-0.018441672390968042,0.0012479570619545258,-0.011430872793656826
40.04,0.0011553565611740707,-0.018156911082249934,0.0012629829551654482,-0.011582632835766072
40.050000000000004,0.0011418005631051845,-0.01783732408297176,0.0012768485373674996,-0.011725182986139943
40.06,0.0011264714475116397,-0.017484058448883365,0.00128953961755961,-0.011858423804947258
40.07,0.0011094054495092852,-0.01709834561516469,0.0013010429395236163,-0.011982255485356221
40.08,0.0010906420062754983,-0.016681495933524186,0.0013113461919568793,-0.012096577441523215
40.09,0.0010702236233264357,-0.016234893679370945,0.0013204380186752833,-0.01220128791863449
40.1,0.0010481957336102108,-0.015759990740567595,0.0013283080289220209,-0.012296283733895805
40.11,0.0010246065499759161,-0.015258302279947318,0.0013349468078108797,-0.012381459975219458
40.12,0.0009995069115453074,-0.01473140045298791,0.0013403459269283333,-0.012456709887536903
40.13,0.0009729501246003393,-0.014180907780850497,0.0013444979551055093,-0.01252192485656669
40.14,0.0009449917985851869,-0.013608492280504324,0.0013473964693647565,-0.01257699436793888
40.15,0.000915689677791471,-0.01301586132101355,0.0013490360660391705,-0.012621806124308807
40.160000000000004,0.0008851034693198001,-0.01240475536842317,0.0013494123720538245,-0.012656246253003727
40.17,0.0008532946679399637,-0.011776941848231946,0.0013485220563472118,-0.012680199591546407
40.18,0.0008203263784359841,-0.011134210013693222,0.0013463628414056151,-0.01269354998724721
40.19,0.0007862631359653923,-0.01047836596591194,0.0013429335148812623,-0.012696180580432013
40.2,0.0007511707249756601,-0.009811226431524923,0.0013382339412529485,-0.01268797449746868
40.21,0.0007151159972871379,-0.009134611994044849,0.0013322650734686966,-0.012668815534306637
40.22,0.0006781666899029203,-0.00845034393206407,0.0013250289645149024,-0.012638588411406484
40.230000000000004,0.0006403912430567032,-0.007760236872981642,0.0013165287788776381,-0.012597179063840724
40.24,0.0006018586190946567,-0.007066093377081523,0.0013067688038375946,-0.012544475898954043
40.25,0.0005626381226384053,-0.006369702569956797,0.0012957544605167735,-0.012480370282317684
40.26,0.000522799222480238,-0.005672831404300461,0.0012834923145943586,-0.01240475761955545
40.27,0.00048241137585856126,-0.004977218155955986,0.0012699900866005426,-0.012317538296078038
40.28,0.00044154385566204943,-0.004284570808365724,0.0012552566617096159,-0.012218618034161336
40.29,0.00040026558086888415,-0.003596563605158401,0.0012393020989487752,-0.012107909442770095
40.300000000000004,0.0003586449506299755,-0.0029148303985673113,0.0012221376397025339,-0.011985333212445375
40.31,0.0003167496825152843,-0.002240960412150551,0.0012037757153495932,-0.011850820513920456
40.32,0.0002746466555586981,-0.001576488714118452,0.0011842299540658575,-0.011704307313942872
40.33,0.000232401758686631,-0.0009228949972197122,0.0011635151877697283,-0.011545710323642483
40.34,0.00019007974492817636,-0.00028159855711284683,0.0011416474604453656,-0.011374929108731833
40.35,0.0001477440925924919,0.00034607131362659116,0.0011186440395929338,-0.011191801433513207
40.36,0.00010545687719432182,0.0009589476029211386,0.0010945234405391742,-0.010995858038515802
40.37,6.327866066073437e-05,0.0015561026651691344,0.001069305482987314,-0.010786115700601187
40.38,2.1268392571009927e-05,0.0021365087592512665,0.0010430113614281378,-0.01056216074380956
40.39,-2.051669087106478e-05,0.0026990685950889536,0.0010156636823636489,-0.01032407226027649
40.4,-6.202117059313071e-05,0.003242768260522295,0.0009872864666128245,-0.010071907549613303
40.410000000000004,-0.00010319154388665253,0.003766649439056604,0.0009579051411458963,-0.009805782583607798
40.42,-0.00014397631699482845,0.004269824721622702,0.0009275465262588847,-0.00952588428498038
40.43,-0.00018432609207449637,0.004751438327678907,0.0008962388152643623,-0.00923249090521671
40.44,-0.000224193650166724,0.005210666267153538,0.0008640115486076285,-0.008925869713001359
40.45,-0.0002635340340660909,0.005646615435299176,0.0008308955872303786,-0.008606271405549672
40.46,-0.0003023046403336812,0.006058185204349326,0.0007969230868395766,-0.008273950775582488
40.47,-0.0003404653369008162,0.006443820104209384,0.0007621274727087534,-0.007929149159058381
40.480000000000004,-0.0003779786119574272,0.006801807136256555,0.0007265434146402885,-0.007572120997379494
40.49,-0.0004148097070836255,0.007131479221462778,0.0006902067979390977,-0.0072032367899419435
40.5,-0.00045092668642410764,0.007432661915025363,0.0006531546862693953,-0.006822935656032509
40.51,-0.0004863004603789102,0.007705195479149355,0.0006154252775436918,-0.0064316987239341145
40.52,-0.0005209048014640642,0.007948835562258467,0.0005770578456677395,-0.00603035450441115
40.53,-0.0005547163644147777,0.008163326035756008,0.0005380926585181023,-0.005619918930891513
40.54,-0.0005877146996789102,0.008348696625911749,0.0004985708834400612,-0.005201290094687677
40.550000000000004,-0.0006198822465976679,0.008505184878128682,0.00045853449710812433,-0.004775293502065603
40.56,-0.0006512043054247515,0.008633199719360263,0.00041802620165453443,-0.004342743462342928
40.57,-0.0006816689906259422,0.008733351598456809,0.0003770893458936998,-0.0039043539418884845
40.58,-0.0007112671670897441,0.00880637565030094,0.0003357678509277096,-0.0034608651103249398
40.59,-0.0007399923713823738,0.008853166906421706,0.0002941061386025191,-0.003012947558681872
40.6,-0.0007678407193738826,0.008874730681956797,0.00025214906189390793,-0.0025613044111882205
40.61,-0.0007948108013312767,0.0088722045176137,0.0002099418372864933,-0.0021065672494131587
40.62,-0.0008209035653445792,0.008846827069772538,0.00016752997928349186,-0.0016493928177787108
40.63,-0.000846122190654227,0.008799923564018519,0.00012495923523077166,-0.0011904337989386254
40.64,-0.0008704719526928904,0.008732890713030949,8.227552256332201e-05,-0.0007302554160572665
40.65,-0.0008939600829077503,0.008647130409342044,3.952486815497034e-05,-0.0002694978248389755
40.660000000000004,-0.0009165956251231801,0.008544109693497627,-3.246653232602954e-06,0.00019123286581132016
40.67,-0.0009383892865566484,0.008425368277762314,-4.5992978506647314e-05,0.0006513879786426095
40.68,-0.0009593532822089038,0.008292508970541485,-8.866811264938071e-05,0.0011104066912636257
40.69,-0.0009795011736796946,0.008147174722968761,-0.0001312261857568522,0.0015676897488968292
40.7,-0.0009988477042829791,0.007991031908924208,-0.00017362151058555406,0.0020226899460609547
40.71,-0.0010174086315247342,0.007825776301463451,-0.00021580863726402817,0.0024748926492054917
40.72,-0.0010352005574923771,0.007653115599884399,-0.0002577424055339926,0.0029237773626906095
40.730000000000004,-0.0010522407581597098,0.007474761761837341,-0.00029937799728552774,0.003368802031873573
40.74,-0.0010685470129001764,0.00729241370554013,-0.00034067098952505836,0.003809448106985585
40.75,-0.0010841374354540355,0.007107748850425414,-0.00038157740546875414,0.00424523335558984
40.76,-0.0010990303076351658,0.006922404351672179,-0.000422053763226248,0.004675680070347127
40.77,-0.0011132439168247315,0.006737979002798262,-0.00046205712319862246,0.005100321286727526
40.78,-0.0011267963975819723,0.006556031474012075,-0.0005015451346043927,0.005518697763890032
40.79,-0.0011397055779796687,0.0063780621641334025,-0.000540476081093732,0.005930360140127837
40.800000000000004,-0.001151988831609905,0.006205512469771567,-0.0005788089254337181,0.00633486799783088
40.81,-0.0011636629358257311,0.006039758978389557,-0.0006165033532867423,0.006731789292181557
40.82,-0.0011747439368700102,0.005882101833801143,-0.0006535198161197826,0.007120700673901141
40.83,-0.0011852470226910133,0.0057337608602054425,-0.0006898195732690522,0.0075011865730020555
40.84,-0.0011951864039588366,0.005595872172543382,-0.0007253647331585784,0.007872840545765553
40.85,-0.0012045752037377964,0.005469481072181266,-0.0007601182935710905,0.008235267022929382
40.86,-0.0012134253562045914,0.0053555423806044816,-0.0007940441808507543,0.008588081603408664
40.87,-0.0012217475148190997,0.005254911254713442,-0.0008271072880397002,0.00893090941193684
40.88,-0.0012295509706958493,0.005168332663028771,-0.0008592735119943452,0.009263386113163172
40.89,-0.0012368435816232845,0.005096449516473412,-0.0008905097893814503,0.009585160590158216
40.9,-0.001243631711431031,0.005039805592940871,-0.0009207841314381295,0.00989589381024586
40.910000000000004,-0.001249920179540438,0.0049988406439447335,-0.0009500656575155511,0.01019525831216997
40.92,-0.0012557122208227134,0.004973891915426075,-0.0009783246274650966,0.010482937884470807
40.93,-0.0012610094557942333,0.0049651935720425935,-0.0010055324727795492,0.010758631267891134
40.94,-0.001265811871128446,0.004972876818175214,-0.0010316618262852862,0.011022053088733951
40.95,-0.0012701178104438469,0.0049969711542026925,-0.0010566865503236714,0.011272932012037
40.96,-0.001273923975265091,0.005037405149920391,-0.00108058176347973,0.011511011261605792
40.97,-0.0012772254360668694,0.005094006991704152,-0.0011033238658756292,0.011736048425509054
40.980000000000004,-0.0012800156533642644,0.005166504051207072,-0.0011248905631170813,0.01194781259462589
40.99,-0.0012822865087316144,0.005254526480240792,-0.0011452608889106807,0.012146088530381044
41.0,-0.0012840283454539493,0.005357611309768043,-0.0011644152260716157,0.012330680911936783
41.01,-0.001285230018387376,0.005475206637409932,-0.0011823353256411922,0.012501414020640384
41.02,-0.0012858789526677152,0.005606674094698519,-0.0011990043240807731,0.012658130591151492
41.03,-0.0012859612109384912,0.005751292159746218,-0.0012144067585472698,0.012800693744625544
41.04,-0.001285461568681395,0.005908262893333993,-0.0012285285801173014,0.012928988922030836
41.050000000000004,-0.0012843635971625852,0.006076714306491971,-0.0012413571648782684,0.01304292223849249
41.06,-0.0012826497536086894,0.006255704571304947,-0.0012528813228945986,0.013142421621861423
41.07,-0.0012803014780437866,0.00644423206805329,-0.0012630913049858066,0.013227438109142838
41.08,-0.001277299295993003,0.0066412420058537085,-0.0012719788072279384,0.013297945921187652
41.09,-0.0012736229264713986,0.006845628108448892,-0.0012795369731584086,0.013353942177549425
41.1,-0.0012692513949895227,0.007056234198271113,-0.0012857603937733613,0.013395444419957173
41.11,-0.0012641631513560605,0.007271857474330021,-0.0012906451054988306,0.013422488897146215
41.12,-0.0012583361917978349,0.007491257733312684,-0.0012941885862843853,0.01343513008270682
41.13,-0.0012517481847618692,0.007713160934829628,-0.0012963897498586585,0.013433441263179783
41.14,-0.001244376599935038,0.007936262442654198,-0.0012972489382423813,0.013417510834925189
41.15,-0.0012361988400352547,0.00815923406767802,-0.0012967679127014386,0.013387441913372593
41.160000000000004,-0.0012271923748924357,0.008380726106044458,-0.0012949498432744827,0.013343350990155952
41.17,-0.001217334877032793,0.008599385070038445,-0.0012917992962184436,0.013285391603055391
41.18,-0.001206604357783454,0.008813855756136761,-0.0012873222183927687,0.013213749040108113
41.19,-0.001194979303652294,0.009022774534143078,-0.0012815259189692034,0.013128621138254897
41.2,-0.0011824388128876156,0.009224781792347994,-0.0012744190494381404,0.013030220925585796
41.21,-0.0011689627316561584,0.009418524557952038,-0.0012660115822108627,0.012918774976371861
41.22,-0.001154531789312644,0.00960266129064069,-0.0012563147880815084,0.012794515807789796
41.230000000000004,-0.0011391277323718365,0.009775865326778427,-0.0012453412129952712,0.012657680612405103
41.24,-0.0011227334569603904,0.009936823444886559,-0.0012331046545465945,0.012508504418874305
41.25,-0.0011053331392835673,0.010084251045739297,-0.0012196201381820893,0.01234723266157476
41.26,-0.001086912363385688,0.010216892305476833,-0.0012049038924213493,0.01217412767867167
41.27,-0.0010674582459196645,0.010333519367566652,-0.0011889733234992934,0.011989437194197173
41.28,-0.0010469595579608755,0.010432932604903487,-0.001171846991763655,0.011793364957068656
41.29,-0.0010254068437070866,0.010513965912841466,-0.0011535445911484967,0.01158609508360266
41.300000000000004,-0.001002792536107103,0.010575476650559495,-0.0011340869318533513,0.011367767700193822
41.31,-0.0009791110694718547,0.010616356956236066,-0.0011134959271518752,0.011138472365793357
41.32,-0.0009543589869517255,0.010635590582811192,-0.001091794580111975,0.01089841085542013
41.33,-0.0009285350390861437,0.010632277804614471,-0.0010690069595288142,0.010647987529291933
41.34,-0.0009016402723781336,0.010605593301828224,-0.001045158162168449,0.01038765457482603
41.35,-0.000873678109908045,0.010554772484075395,-0.0010202742688577037,0.01011785761716108
41.36,-0.000844654425290016,0.01047911823393663,-0.0009943822996715736,0.009839051627596327
41.37,-0.0008145776100139109,0.010377997671010322,-0.0009675101688256611,0.009551690579669881
41.38,-0.0007834586338261523,0.01025085434314725,-0.0009396866394047346,0.009256229553343072
41.39,-0.000751311097642538,0.010097207201139852,-0.000910941278150528,0.008953120756862092
41.4,-0.0007181512789194496,0.009916646641936925,-0.0008813044104382752,0.008642814343789494
41.410000000000004,-0.0006839981701484927,0.009708821080551436,-0.000850807075516112,0.008325757189306159
41.42,-0.0006488735111864662,0.009473438236611608,-0.000819480982078256,0.008002391997273869
41.43,-0.0006128018158567311,0.009210257683118457,-0.0007873584642496274,0.007673156995509748
41.44,-0.0005758103943212946,0.008919053565923884,-0.0007544724379413888,0.007338488289106841
41.45,-0.0005379293743077772,0.008599579320488045,-0.0007208563573673996,0.00699882310832899
41.46,-0.0004991917272026023,0.008251453141266716,-0.0006865441711570185,0.0066546114299894975
41.47,-0.0004596333144303314,0.007873863402032959,-0.0006515702765156387,0.006306345640255241
41.480000000000004,-0.0004192929620428466,0.007465854586090996,-0.0006159694691024625,0.005954581442625636
41.49,-0.0003782125176506576,0.0070275407161623105,-0.0005797768901064088,0.00559983768669947
41.5,-0.00033643684165031733,0.006559538650097737,-0.0005430279757513272,0.005242573247008692
41.51,-0.000294013751929832,0.0060624817584929245,-0.0005057584115846182,0.004883211266042787
41.52,-0.0002509939604812433,0.005536918051946784,-0.00046800410034274074,0.004521830299094026
41.53,-0.00020743101448157889,0.004983376334044349,-0.00042980115352778727,0.004158314817822664
41.54,-0.0001633812311262872,0.004402672004069493,-0.0003911858955327032,0.0037926737683094194
41.550000000000004,-0.00011890361215244384,0.003795831680423261,-0.0003521948628934664,0.0034249988763558046
41.56,-7.405973709933055e-05,0.0031640506289598966,-0.00031286479667739007,0.0030553918202138
41.57,-2.8913638004155382e-05,0.002508722842474454,-0.0002732326296422543,0.0026840544122917758
41.58,1.6468342762417454e-05,0.0018313657572076609,-0.0002333354689154702,0.0023111665885370714
41.59,6.201770932394028e-05,0.0011336509304658315,-0.0001932105758033798,0.0019369717140151825
41.6,0.00010766398439866766,0.0004174235627450902,-0.00015289534343350706,0.0015616953684671655
41.61,0.00015333490089891513,-0.0003152110204063987,-0.00011242727240540833,0.0011856149709862096
41.62,0.0001989566123922409,-0.0010620585415843143,-7.184394522829194e-05,0.000808975148011267
41.63,0.00024445391356047103,-0.001820903737212449,-3.1183000325186936e-05,0.0004320532547275261
41.64,0.0002897504649807494,-0.0025894757727335915,9.517897205057513e-06,5.519970778894062e-05
41.65,0.0003347690208863559,-0.0033655035851859897,5.022108645082701e-05,-0.00032132083350505566
41.660000000000004,0.00037943165924975066,-0.004146669824262778,9.088894012973917e-05,-0.0006971999752394024
41.67,0.0004236600151361807,-0.004930618304601276,0.00013148389579196692,-0.0010720880188969494
41.68,0.000467375517149175,-0.005714978110875778,0.00017196848925116586,-0.0014456577022224737
41.69,0.0005104996252200287,-0.006497376157197571,0.0002123053866019382,-0.001817618719411899
41.7,0.0005529540686086346,-0.007275437217799607,0.00025245741527257163,-0.002187639292452453
41.71,0.0005946610836735613,-0.008046791420273727,0.0002923875970707727,-0.002555366359534321
41.72,0.0006355436506669119,-0.008809086973951621,0.00033205918258608135,-0.0029204639779043203
41.730000000000004,0.0006755257284742175,-0.009559999164641831,0.0003714356840171629,-0.0032826340543823706
41.74,0.0007145324863011006,-0.010297239096119445,0.0004104809062417259,-0.0036415646409792383
41.75,0.00075249053153218,-0.011018560040494457,0.00044915897844707955,-0.003996924155473899
41.76,0.0007893281328393113,-0.01172177292802342,0.0004874343866696438,-0.0043483922514660515
41.77,0.0008249754373883243,-0.012404754496658819,0.0005252720060641239,-0.004695652367249234
41.78,0.0008593646812100792,-0.01306545466604711,0.000562637132483297,-0.005038397475260207
41.79,0.0008924303919574929,-0.013701904655833408,0.0005994955132197432,-0.005376330467836885
41.800000000000004,0.0009241095833280565,-0.014312223137490261,0.0006358133767538219,-0.005709164851773887
41.81,0.000954341940475546,-0.014894623073680151,0.0006715574614802689,-0.006036624290034695
41.82,0.0009830699957759051,-0.015447417964874956,0.000706695043408438,-0.006358442992264451
41.83,0.0010102392943410377,-0.015969027252444423,0.0007411939628275047,-0.006674365650147286
41.84,0.0010357985487380959,-0.016457981748717807,0.0007750226498922355,-0.006984148683178685
41.85,0.0010596997824121803,-0.016912927914759637,0.0008081501490783719,-0.0072875599164949146
41.86,0.00108189846139897,-0.017332631543165312,0.000840546142509608,-0.0075843781831840635
41.87,0.0011023536139622338,-0.017715981049627037,0.0008721809721832352,-0.00787439327824556
41.88,0.0011210279378574429,-0.018061990189887005,0.0009030256611071726,-0.008157405813552381
41.89,0.0011378878949593694,-0.018369800220185944,0.0009330519333625597,-0.008433227009309084
41.9,0.0011529037930621529,-0.018638681477172375,0.000962232233117811,-0.008701678234728515
41.910000000000004,0.0011660498547142156,-0.01886803423074735,0.0009905397426323431,-0.008962590605719824
41.92,0.0011773042730103393,-0.01905738921233102,0.0010179483992935078,-0.009215804486187395
41.93,0.0011866492543182088,-0.019206407373458335,0.001044432911734422,-0.00946116895601837
41.94,0.0011940710479675363,-0.01931487934413309,0.0010699687750877816,-0.009698541177459549
41.95,0.0011995599629796253,-0.019382724362359147,0.0010945322854349394,-0.00992778579020851
41.96,0.0012031103719686697,-0.019409988417451854,0.001118100553511709,-0.010148774265769172
41.97,0.0012047207023933209,-0.019396842487994972,0.0011406515177342937,-0.01036138424677026
41.980000000000004,0.001204393415381468,-0.01934357964893726,0.0011621639566121542,-0.010565498828732728
41.99,0.0012021349723980001,-0.019250612434576875,0.001182617500619085,-0.010761005794103846
42.0,0.0011979557900640403,-0.01911846930575756,0.0012019926435948192,-0.010947796924977386
42.01,0.0011918701834627815,-0.018947791319067955,0.001220270753748594,-0.01112576727175202
42.02,0.0011838962982980241,-0.01873932829670854,0.0012374340843345258,-0.01129481445916919
42.03,0.0011740560323130434,-0.018493934036283008,0.0012534657840670325,-0.011454838051779569
42.04,0.0011623749464178984,-0.01821256233253898,0.0012683499073407323,-0.011605738889058975
42.050000000000004,0.0011488821659832286,-0.017896261674411808,0.0012820714243177871,-0.011747418517128032
42.06,0.0011336102727888154,-0.01754617078548453,0.0012946162309404037,-0.011879778627884762
42.07,0.0011165951881417025,-0.01716351274827736,0.0013059711589206574,-0.012002720608643111
42.08,0.0010978760476876319,-0.016749590399350974,0.0013161239857560345,-0.012116145059341743
42.09,0.0010774950684505008,-0.016305780372578828,0.0013250634448131074,-0.01221995145529357
42.1,0.0010554974086578845,-0.01583352775267466,0.0013327792355148351,-0.012314037833380946
42.11,0.0010319310208825427,-0.015334341344237654,0.001339262033662491,-0.0123983005109245
42.12,0.0010068464990553683,-0.014809786821375036,0.0013445035019142603,-0.012472634002270364
42.13,0.0009802969199662768,-0.014261480980607298,0.001348496300432444,-0.012536930946719312
42.14,0.0009523376798341339,-0.013691086455287438,0.0013512340977049802,-0.012591082088566349
42.15,0.000923026326519678,-0.013100305522090676,0.0013527115815398496,-0.012634976393301994
42.160000000000004,0.0008924223879786771,-0.012490873982652105,0.0013529244702212208,-0.012668501243156298
42.17,0.0008605871975783916,-0.011864554856822255,0.0013518695238065727,-0.012691542715884964
42.18,0.0008275837168551916,-0.011223133802249185,0.0013495445555416245,-0.012703985767739342
42.19,0.0007934763562287448,-0.010568413629356782,0.0013459484433615894,-0.012705714787153734
42.2,0.0007583307942381652,-0.009902207967317035,0.001341081141430339,-0.01269661415626837
42.21,0.0007222137959079034,-0.009226334918155013,0.0013349436916637238,-0.0126765687609017
42.22,0.0006851930307989422,-0.00854261355043421,0.0013275382352043333,-0.012645463862786248
42.230000000000004,0.0006473368912632571,-0.00785285662495532,0.001318868023799738,-0.012603186546713366
42.24,0.0006087143114845728,-0.007158865531948765,0.0013089374310055123,-0.012549626050582071
42.25,0.0005693945877483784,-0.006462428734638932,0.001297751963143423,-0.01248467456334262
42.26,0.0005294472004053334,-0.005765312333395905,0.0012853182699301131,-0.012408228503123689
42.27,0.0004889416381933581,-0.005069254617754726,0.0012716441546892312,-0.012320188778939452
42.28,0.00044794722543084665,-0.004375964014537981,0.0012567385840702033,-0.012220462067170245
42.29,0.00040653295239490386,-0.0036871157489968215,0.001240611697177922,-0.012108961706937203
42.300000000000004,0.0003647673092976318,-0.0030043448668963337,0.0012232748139907133,-0.01198560943766591
42.31,0.0003227181243920761,-0.0023292422788841172,0.001204740442908595,-0.011850337186371561
42.32,0.0002804524068611504,-0.0016633443488620796,0.0011850222875594268,-0.01170307895902626
42.33,0.0002380361950996465,-0.0010081319063473995,0.0011641352539512025,-0.011543747450144701
42.34,0.00019553441073324055,-0.0003650275521742257,0.0011420954589804178,-0.011372243926648932
42.35,0.0001530107195218002,0.00026463694101668114,0.0011189202419334408,-0.011188404377362944
42.36,0.0001105274028595411,0.0008796871759500786,0.001094628188501912,-0.010991770883768383
42.37,6.814524621600622e-05,0.001479184419713709,0.0010692391861226208,-0.01078138244045963
42.38,2.5923439627082784e-05,0.0020620994972231303,0.0010427744933913389,-0.010556814905866983
42.39,-1.608052372851062e-05,0.002627331844054398,0.0010152567775317178,-0.010318141964462
42.4,-5.781095169523502e-05,0.00317386084530453,0.0009867101170869179,-0.0100654237984957
42.410000000000004,-9.921405296407246e-05,0.0037007220341923708,0.0009571599938057731,-0.009798773558241797
42.42,-0.00014023803015402776,0.0042070265435402866,0.0009266332805062921,-0.00951835854538176
42.43,-0.00018083316710378725,0.004691914423318622,0.0008951582220062435,-0.009224450058172372
42.44,-0.000220951912352385,0.005154553033807082,0.0008627644095688714,-0.008917328389796603
42.45,-0.000260548962471639,0.005594051123317708,0.00082948275357564,-0.00859725026266183
42.46,-0.00029958135380539854,0.006009319729541403,0.0007953454571607423,-0.0082644730637423
42.47,-0.00033800857833201064,0.006398840321830736,0.0007603859906135811,-0.007919243083586809
42.480000000000004,-0.0003757927311911951,0.006760878110339184,0.0007246390660407698,-0.007561814973400006
42.49,-0.00041289864554382887,0.007094721913648908,0.0006881406083596741,-0.0071925551429496476
42.5,-0.00044929396471949176,0.0074001861448444286,0.0006509277183495841,-0.006811902861031314
42.51,-0.00048494916753870696,0.007677104495472374,0.0006130386287813095,-0.006420333846742924
42.52,-0.0005198375845310686,0.007925238937142226,0.0005745126471170429,-0.006018654246270299
42.53,-0.0005539354182380019,0.00814432130694126,0.0005353900747743887,-0.005607877587415999
42.54,-0.0005872217577871292,0.008334361894746367,0.000495712112976101,-0.005188908746311444
42.550000000000004,-0.0006196785737755447,0.008495582253638816,0.00045552077219314173,-0.004762577460304071
42.56,-0.000651290691909133,0.008628376972332218,0.0004148587879049616,-0.004329698859730343
42.57,-0.0006820457477386192,0.008733343311724344,0.00037376954172619665,-0.003890986060631409
42.58,-0.0007119341242535236,0.008811202014045975,0.00033229698700530896,-0.0034471802988458415
42.59,-0.0007409488745229107,0.00886283469800449,0.0002904855772532484,-0.0029989518887004367
42.6,-0.0007690856306771139,0.008889233491976106,0.00024838019656140087,-0.002547002679895377
42.61,-0.0007963425003345687,0.008891522383652466,0.00020602609203148575,-0.002091964813987814
42.62,-0.0008227199513775974,0.00887092637400845,0.00016346880825168363,-0.0016344960350759888
42.63,-0.0008482206865770831,0.008828759138035155,0.00012075412213181623,-0.0011752467008627689
42.64,-0.0008728495095340483,0.008766415319056975,7.79279802227676e-05,-0.000714782734246049
42.65,-0.0008966131851010974,0.008685288002575491,3.5036438029580775e-05,-0.000253745834329569
42.660000000000004,-0.0009195202965905246,0.008586832094333367,-7.874401516979244e-06,0.00020726155636164461
42.67,-0.0009415810979660589,0.008472574038546574,-5.0758447435674514e-05,0.0006676917823821568
42.68,-0.0009628073596374108,0.00834409994715007,-9.356967707606234e-05,0.001126980869050451
42.69,-0.0009832122086981237,0.008203041661085809,-0.00013626219324501846,0.0015845311270394958
42.7,-0.0010028099652523196,0.008051054550721196,-0.00017879028164380757,0.0020397984350528538
42.71,-0.001021615976014929,0.0078898223562799,-0.00022110846536511404,0.0024922692113262725
42.72,-0.0010396464458679658,0.007721040981247409,-0.0002631715570479401,0.002941422127953843
42.730000000000004,-0.0010569182682536066,0.0075464133478229025,-0.0003049347114944481,0.003386713169246392
42.74,-0.0010734488557036966,0.00736762727198345,-0.0003463534786296061,0.003827627741821642
42.75,-0.001089255971725278,0.007186353506672851,-0.00038738385440599164,0.004263684688141113
42.76,-0.0011043575652611444,0.0070042221121002675,-0.0004279823293556005,0.004694406369902579
42.77,-0.0011187716089178835,0.006822823269485707,-0.0004681059359199815,0.005119327257196002
42.78,-0.0011325159413196394,0.006643709468616415,-0.0005077122949167035,0.005537987739203078
42.79,-0.0011456081140897498,0.006468375188468763,-0.0005467596611466194,0.005949938386395369
42.800000000000004,-0.00115806524445479,0.006298255379364742,-0.0005852069680821226,0.006354739068854999
42.81,-0.001169903874038397,0.00613472243980362,-0.0006230138716265516,0.006751957976404162
42.82,-0.0011811398344299113,0.00597907264454995,-0.0006601407929891942,0.007141172348893866
42.83,-0.0011917881203722786,0.005832522173723307,-0.0006965489607055437,0.007521966998709244
42.84,-0.0012018627710910328,0.005696204896771249,-0.0007322004518178899,0.00789393575897666
42.85,-0.001211376760210722,0.005571163609376574,-0.0007670582321336261,0.008256682824970956
42.86,-0.0012203418946782774,0.005458351595592457,-0.0008010861954372134,0.00860982372363871
42.87,-0.0012287687230361525,0.005358624180740429,-0.0008342492016114606,0.008952984386422048
42.88,-0.0012366664537904373,0.005272726829177189,-0.0008665131137243489,0.009285800215977953
42.89,-0.0012440428843857976,0.005201302438299577,-0.0008978448340261133,0.009607920008591822
42.9,-0.0012509043405304714,0.005144895492842146,-0.0009282123387176697,0.009919004795946275
42.910000000000004,-0.0012572556256481772,0.005103947360785686,-0.0009575847114804914,0.01021872755340893
42.92,-0.0012630999805725036,0.005078797128751084,-0.0009859321758411898,0.010506772062774148
42.93,-0.0012684390535282403,0.005069681479425655,-0.0010132261263162475,0.010782836716129595
42.94,-0.0012732728803768205,0.005076734670819772,-0.0010394391581270512,0.011046635988982947
42.95,-0.001277599875079118,0.005099989828144839,-0.0010645450953922647,0.01129789868964054
42.96,-0.0012814168302785808,0.005139379596601358,-0.0010885190178593883,0.011536367847945353
42.97,-0.001284718927911751,0.005194737033863463,-0.001111337286188986,0.011761801594140598
42.980000000000004,-0.0012874997598037174,0.005265794738301786,-0.0011329775658752226,0.011973969145345712
42.99,-0.0012897513581546444,0.005352188321281032,-0.001153418849860433,0.012172654828006889
43.0,-0.001291464235625565,0.005453460653036577,-0.0011726414795748756,0.012357662928519537
43.01,-0.0012926274346070884,0.005569065949510354,-0.0011906271640989483,0.012528817200800225
43.02,-0.0012932285852919223,0.005698372475204114,-0.001207358997399677,0.012685960133873384
43.03,-0.001293253972240643,0.005840665488906658,-0.0012228214736489402,0.012828954201063262
43.04,-0.0012926886090157573,0.005995154136308594,-0.0012370005005040944,0.012957684238375924
43.050000000000004,-0.001291516320406931,0.006160973878139584,-0.0012498834102566258,0.013072055893657591
43.06,-0.0012897198318587413,0.006337190485823851,-0.0012614589688546172,0.013171996421890087
43.07,-0.0012872808655350005,0.006522810141125528,-0.0012717173827452462,0.013257456166664298
43.08,-0.0012841802422325248,0.006716786121936744,-0.001280650303446625,0.013328408624557178
43.09,-0.0012803979885557364,0.0069180204622748525,-0.0012882508298230737,0.013384850242769517
43.1,-0.0012759134490832494,0.0071253654504512855,-0.001294513508149541,0.013426797948802954
43.11,-0.0012707054033191186,0.007337626932435257,-0.0012994343301457403,0.013454287367134178
43.12,-0.0012647521869433148,0.0075535734503007846,-0.0013030107291376828,0.013467372171805733
43.13,-0.0012580318167358059,0.007771939715910683,-0.0013052415743897202,0.013466124866328111
43.14,-0.0012505221187136765,0.007991430049212999,-0.0013061271636996092,0.013450632945696584
43.15,-0.0012422008590296247,0.008210725089167729,-0.001305669214442976,0.013420998522361354
43.160000000000004,-0.0012330458771637185,0.008428484059094743,-0.001303870853201879,0.013377336996760053
43.17,-0.0012230352206085097,0.00864336260446603,-0.00130073660331867,0.013319800784309234
43.18,-0.0012121472800738318,0.008854014289374672,-0.00129627236939286,0.01324857402133188
43.19,-0.0012003609249804305,0.009059084313286524,-0.0012904854191057057,0.013163853383272394
43.2,-0.0011876556391339993,0.00925722202330805,-0.0012833843633482168,0.01306585054842734
43.21,-0.00117401165601572,0.009447083176666378,-0.0012749791349522764,0.012954790818558822
43.22,-0.0011594100931727777,0.009627335072623781,-0.0012652809663013904,0.012830904781584966
43.230000000000004,-0.0011438330853287386,0.0097966592911043,-0.001254302366268011,0.012694428042984889
43.24,-0.001127263915999564,0.009953750848464147,-0.0012420570969069262,0.012545593080687962
43.25,-0.001109687147124974,0.010097333852067892,-0.0012285601498365627,0.012384644631109235
43.26,-0.0010910887460012348,0.010226160159755289,-0.0012138277216101009,0.012211842906470172
43.27,-0.001071456209258564,0.010339009858934035,-0.001197877188594542,0.012027431792809152
43.28,-0.0010507786839074424,0.010434690614201752,-0.0011807270837477307,0.011831610237469476
43.29,-0.001029047085311262,0.010512043284126926,-0.0011623970764776765,0.011624559979384901
43.300000000000004,-0.0010062542121482155,0.010569931182714066,-0.00114290795572488,0.011406414942761586
43.31,-0.000982394858366965,0.010607253816752045,-0.0011222816172110888,0.011177261860275848
43.32,-0.0009574659198083307,0.010623007235954971,-0.0011005410499859327,0.010937316603727584
43.33,-0.0009314664917420386,0.010616300326617135,-0.0010777103115464902,0.010686989121172353
43.34,-0.000904397956562209,0.010586314781660331,-0.0010538144895946317,0.010426729380592801
43.35,-0.0008762640636928425,0.010532292425307187,-0.0010288796581432113,0.01015698243220623
43.36,-0.000847071002913258,0.010453542009552005,-0.0010029328328163864,0.009878201912417192
43.37,-0.0008168274710926831,0.010349437109212824,-0.0009760019258479236,0.009590840844192889
43.38,-0.000785544731976974,0.010219426654834683,-0.0009481157009151451,0.009295353250327135
43.39,-0.000753236668534781,0.010063035478801307,-0.0009193037280270896,0.008992190360802918
43.4,-0.0007199198277897147,0.009879858816976204,-0.0008895963385993719,0.008681801367413509
43.410000000000004,-0.0006856134588217993,0.009669549827133573,-0.0008590245807868716,0.008364632262795624
43.42,-0.0006503395446336091,0.009431820855538687,-0.0008276201751455274,0.008041124883677917
43.43,-0.00061412282827629,0.009166436582869236,-0.0007954154707026104,0.0077117166170727535
43.44,-0.0005769908347509845,0.008873175670301313,-0.0007624434013934038,0.007376842809820474
43.45,-0.0005389738917220089,0.008551797883696382,-0.000728737442655826,0.00703693989187123
43.46,-0.0005001051550483366,0.008201926887096478,-0.0006943315676159743,0.006692457225536529
43.47,-0.00046042065473770455,0.007822752351426172,-0.000659260201283548,0.006343887538169899
43.480000000000004,-0.00041995936868923037,0.007413340726352607,-0.000623558170401982,0.005991787267032131
43.49,-0.0003787632780467038,0.006973821496872292,-0.0005872606505481464,0.0056366730776350625
43.5,-0.00033687735720300916,0.006504812531804035,-0.0005504031158018025,0.00527900152105024
43.51,-0.00029434951812750505,0.0060069484601712846,-0.0005130212932741009,0.004919193041842466
43.52,-0.0002512305468724141,0.00548077837572933,-0.00047515113119550145,0.004557324762874353
43.53,-0.00020757404442744157,0.004926836336463229,-0.0004368287904740432,0.00419328573150285
43.54,-0.00016343636117205695,0.004345941419899068,-0.00039809064848802373,0.0038270892256660033
43.550000000000004,-0.000118876511091773,0.003739121323417009,-0.0003589732979588856,0.0034588293684166722
43.56,-7.395606492750392e-05,0.0031075712895318975,-0.0003195135390645385,0.0030886101051212454
43.57,-2.8739024907706174e-05,0.0024526839747457804,-0.0002797483663862566,0.002716634918037379
43.58,1.6708317264157786e-05,0.0017759744598755747,-0.0002397149514203791,0.0023430850174096128
43.59,6.231753697632963e-05,0.0010791109673338275,-0.00019945062225188047,0.0019682050166943224
43.6,0.00010801824830572133,0.00036392961176302124,-0.00015899284106855177,0.0015922218028757563
43.61,0.00015373829476158973,-0.0003674748351615543,-0.00011837917968368778,0.001215414018866676
43.62,0.0001994039588662245,-0.001112913535720772,-7.764729384605292e-05,0.000838027602565929
43.63,0.00024494018192481963,-0.0018701776609601575,-3.683489717554442e-05,0.0004603392133640479
43.64,0.0002902707882057153,-0.002637001679116668,4.0202680984856484e-06,8.270027878796979e-05
43.65,0.00033531871213189314,-0.003411119969605531,4.48804620770387e-05,-0.00029462325358173915
43.660000000000004,0.0003800062277087498,-0.004190223978478608,8.570797672828103e-05,-0.0006713226546802414
43.67,0.0004242551811040884,-0.004971964618143459,0.00012646516715448177,-0.0010470475543773955
43.68,0.0004679872263154609,-0.0057539789343071124,0.0001671144850738731,-0.0014214703471727083
43.69,0.0005111240621665893,-0.006533901889200122,0.00020761851090329836,-0.0017942996231833004
43.7,0.0005535876694805748,-0.007309366857109918,0.00024793998488900523,-0.0021652030765649485
43.71,0.0005953005479640303,-0.008078013473608397,0.00028804184019933047,-0.00253382769603538
43.72,0.0006361859520695051,-0.008837499160150296,0.00032788723736251274,-0.0028998366696060926
43.730000000000004,0.0006761681247819737,-0.009585509095915722,0.0003674395971789818,-0.003262930518239729
43.74,0.00071517252828311,-0.010319765551275794,0.0004066626319057162,-0.0036227963759964477
43.75,0.0007531260707325917,-0.011038032357372453,0.0004455203769744679,-0.0039791021855048875
43.76,0.0007899573283219502,-0.01173813035636394,0.00048397722358205724,-0.004331527315619987
43.77,0.0008255967614607238,-0.01241794671048752,0.0005219979510036383,-0.0046797545348051875
43.78,0.0008599769241152236,-0.013075441546629662,0.0005595477582322521,-0.0050234761471659615
43.79,0.0008930326655367895,-0.01370865642472212,0.0005965922947918713,-0.005362394225692153
43.800000000000004,0.0009247013236431375,-0.014315720561182764,0.0006330976905620007,-0.005696221542720366
43.81,0.0009549229093833995,-0.014894857318437496,0.0006690305845752164,-0.006024681156791633
43.82,0.000983640281460786,-0.015444390614181194,0.0007043581527765629,-0.006347506796061754
43.83,0.0010107993108078568,-0.015962750206931695,0.0007390481347427598,-0.006664442555651036
43.84,0.0010363490342822897,-0.01644847694072262,0.000773068859336927,-0.006975243877377624
43.85,0.0010602417970840875,-0.016900227245623595,0.0008063892692480484,-0.007279677800336586
43.86,0.0010824333834763365,-0.0173167767471522,0.0008389789443980581,-0.007577522436735848
43.87,0.001102883135446182,-0.017697023505951034,0.0008708081242402578,-0.00786856686817625
43.88,0.0011215540590132655,-0.018039990590996948,0.0009018477289708598,-0.00815261088346569
43.89,0.001138412917930369,-0.01834482835859601,0.0009320693796724967,-0.008429464840378981
43.9,0.001153430314585281,-0.018610815883322633,0.0009614454174117869,-0.00869894929334073
43.910000000000004,0.0011665807579659907,-0.018837361957395323,0.0009899489213262835,-0.008960894502638667
43.92,0.0011778427186159804,-0.019024005389939036,0.0010175537257456045,-0.009215139974636685
43.93,0.0011871986705571792,-0.019170414993523233,0.0010442344363953118,-0.009461533904001914
43.94,0.0011946351202104884,-0.019276388757312288,0.0010699664457370832,-0.00969993259873375
43.95,0.0012001426223953078,-0.019341852985723124,0.0010947259475040279,-0.009930199818891032
43.96,0.0012037157835387638,-0.019366860347344618,0.0011184899504942142,-0.010152206122119298
43.97,0.0012053532522727213,-0.019351588028085058,0.001141236291688367,-0.0103658281852747
43.980000000000004,0.001205057697645875,-0.019296335045445073,0.0011629436487580367,-0.01057094811817106
43.99,0.001202835775216455,-0.01920151932901877,0.0011835915520327655,-0.010767452763338
44.0,0.001198698081338106,-0.019067674487390135,0.0012031603959960966,-0.010955232954725006
44.01,0.0011926590959763143,-0.018895446041762166,0.001221631450382517,-0.011134182807980154
44.02,0.0011847371144232518,-0.018685588013405523,0.0012389868709460333,-0.011304199007464981
44.03,0.0011749541683152105,-0.01843895798565761,0.0012552097099684583,-0.011465180181547784
44.04,0.0011633359363975152,-0.018156513023606415,0.0012702839265718872,-0.011617026248801923
44.050000000000004,0.0011499116455008754,-0.017839304588370394,0.0012841943968970758,-0.011759637847226894
44.06,0.0011347139622148751,-0.01748847377389178,0.0012969269242055729,-0.011892915779842297
44.07,0.0011177788757724828,-0.017105245848242932,0.0013084682489583434,-0.012016760538378331
44.08,0.0010991455726745035,-0.01669092505444753,0.0013188060589185053,-0.012131071864925338
44.09,0.001078856303585027,-0.01624688935682288,0.0013279289993204588,-0.01223574838758523
44.1,0.0010569562430550786,-0.01577458442101952,0.0013358266831398633,-0.012330687346010014
44.11,0.0010334933426152785,-0.015275519202054434,0.0013424897014942916,-0.012415784289807493
44.12,0.001008518177778113,-0.01475125946223749,0.001347909634198093,-0.012490932978807316
44.13,0.0009820837895571863,-0.014203421430426692,0.0013520790604829274,-0.012556025348364787
44.14,0.0009542455211032099,-0.01363366684066589,0.001354991569888731,-0.012610951473915688
44.15,0.0009250608500189664,-0.013043696752437222,0.0013566417733237594,-0.012655599689188314
44.160000000000004,0.0008945892169499951,-0.012435245356593511,0.0013570253142824984,-0.012689856789406652
44.17,0.0008628918510750451,-0.011810073758097658,0.0013561388801998525,-0.01271360832032544
44.18,0.0008300315930722063,-0.01116996517871342,0.001353980213915138,-0.01272673885270922
44.19,0.0007960727160887422,-0.010516719674104582,0.0013505481252172144,-0.01272913228317664
44.2,0.00076108074525976,-0.009852147876832352,0.001345842502428992,-0.012720672540041332
44.21,0.0007251222763939957,-0.009178064492745079,0.0013398643239703493,-0.012701244238332444
44.22,0.0006882647943691765,-0.008496285032780347,0.0013326156698473882,-0.012670732872713576
44.230000000000004,0.0006505764917600569,-0.007808618256798046,0.001324099733033356,-0.012629025225233313
44.24,0.0006121260882907074,-0.007116861248750306,0.0013143208306824702,-0.012576010490975875
44.25,0.0005729826515447344,-0.006422797891421373,0.001303284415095168,-0.012511580876027679
44.26,0.0005332154193993754,-0.005728189370024289,0.0012909970843495624,-0.012435632689943263
44.27,0.0004928936248462375,-0.005034768884179825,0.0012774665925105468,-0.012348067081430384
44.28,0.00045208632371142115,-0.004344239336472166,0.0012627018593398193,-0.012248790678067287
44.29,0.00041086222558517154,-0.0036582703680281023,0.0012467129794198571,-0.01213771691444019
44.300000000000004,0.00036928952838168847,-0.0029784908284646258,0.0012295112305699793,-0.012014767454591999
44.31,0.0003274357570619932,-0.0023064853937403386,0.0012111090813905058,-0.011879874396510651
44.32,0.0002853676071438262,-0.0016437843378942624,0.001191520198009464,-0.011732973441915744
44.33,0.00024315079358382794,-0.00099186309930126,0.0011707594510851295,-0.011573979291933002
44.34,0.00020084990543403996,-0.00035213624921051585,0.0011488429242333803,-0.011402791536057347
44.35,0.00015852826752358817,0.0002740731822667159,0.0011257879257463893,-0.011219240509247563
44.36,0.00011624781313077207,0.0008856094611584249,0.0011016130139814544,-0.01102283390093712
44.37,7.406897392659376e-05,0.0014815469431469722,0.001076338055027871,-0.010812593948625344
44.38,3.2050581312195733e-05,0.0020608508800999637,0.001049984292273701,-0.01058814037036879
44.39,-9.75023489009441e-06,0.0026224248591031566,0.0010225743816692885,-0.01034955884853192
44.4,-5.12781502006878e-05,0.0031652581946643057,0.000994132393094945,-0.010096905190260705
44.410000000000004,-9.247974445888003e-05,0.0036883951470945485,0.0009646838020643556,-0.009830297783548547
44.42,-0.00013330359412361427,0.004190951728216091,0.0009342554768470655,-0.00954992234713243
44.43,-0.00017370035895410436,0.004672074282416651,0.0009028756581744121,-0.009256057038754322
44.44,-0.00021362286478421931,0.005130939866694365,0.0008705739333496091,-0.008948970264487755
44.45,-0.0002530261862978269,0.005566655486682904,0.0008373812095199002,-0.008628913939130432
44.46,-0.00029186773893321053,0.005978123471656832,0.0008033296878367238,-0.008296143723528186
44.47,-0.0003301073961778434,0.006363793736987028,0.0007684528381470494,-0.007950902365721336
44.480000000000004,-0.0003677076378564882,0.006721962480022996,0.0007327853738211725,-0.007593445867555959
44.49,-0.0004046336825844213,0.0070519665875119954,0.0006963632225933192,-0.007224145656408862
44.5,-0.00044085355659386974,0.007353631002809382,0.0006592234893164805,-0.006843441699204885
44.51,-0.0004763381173914721,0.007626795767615361,0.0006214044117731864,-0.006451815730378452
44.52,-0.0005110610696268425,0.007871217287508746,0.0005829453024298566,-0.006050094466743425
44.53,-0.0005449989851219516,0.008086641081250064,0.0005438864665879126,-0.005639290728926437
44.54,-0.0005781313162746107,0.008273096948504984,0.0005042691081348158,-0.005220300556422622
44.550000000000004,-0.0006104403892440745,0.008430821433655419,0.0004641352396166013,-0.004793947888699036
44.56,-0.0006419113760794535,0.008560221770174981,0.00042352759853254404,-0.0043610454970048835
44.57,-0.0006725322482138245,0.008661905740954623,0.0003824895686916832,-0.003922306549653817
44.58,-0.0007022937129448497,0.008736605446729105,0.0003410651059244405,-0.003478470072880931
44.59,-0.0007311891350169973,0.008785212105672461,0.0002992986666251667,-0.003030206212728314
44.6,-0.0007592144446333819,0.008808726927123924,0.0002572351382140293,-0.002578217107107788
44.61,-0.0007863680329827609,0.008808282647210347,0.0002149197715762089,-0.002123134267453343
44.62,-0.0008126506361555068,0.0087851126235999,0.00017239811559419994,-0.0016656144691993683
44.63,-0.0008380652089945627,0.008740536980830998,0.00012971595200422662,-0.0012063093674912527
44.64,-0.000862616790626596,0.008675948311643287,8.691923268551586e-05,-0.0007457844328689501
44.65,-0.0008863123647614542,0.008592743211226772,4.405401902006692e-05,-0.00028467978062861457
44.660000000000004,-0.0009091607165850775,0.008492382798744392,1.166420372428941e-06,0.00017639955995297642
44.67,-0.0009311722843891355,0.008376400023321547,-4.1697465411403424e-05,0.0006369049454239558
44.68,-0.0009523590046578384,0.008246389868437431,-8.44916084106497e-05,0.001096274780186698
44.69,-0.0009727341516253306,0.008103988353974181,-0.00012717010368611608,0.0015539104386954094
44.7,-0.0009923121731189126,0.007950854470518472,-0.00016968722878446781,0.0020092655702301917
44.71,-0.0010111085237829278,0.007788676208713824,-0.0002119974983844164,0.0024618258800954856
44.72,-0.0010291394962550172,0.007619153062496115,-0.00025405571651130286,0.0029110706411332953
44.730000000000004,-0.0010464220512712411,0.007443989328213662,-0.00029581702909238294,0.003356457288505408
44.74,-0.0010629736479872971,0.007264875342190983,-0.0003372369769135504,0.003797468596473184
44.75,-0.001078812075751943,0.0070834810658582555,-0.0003782715466473674,0.004233622660456227
44.76,-0.001093955288596547,0.006901435856660452,-0.00041887721949337764,0.004664441799538698
44.77,-0.001108421243518339,0.0067203300571391945,-0.0004590110185502007,0.0050894596504494375
44.78,-0.0011222277429108268,0.006541714465636842,-0.0004986305553188511,0.005508216715385131
44.79,-0.0011353922816965635,0.006367081523430138,-0.0005376940753214731,0.005920263527361259
44.800000000000004,-0.0011479319001387088,0.006197864345161785,-0.0005761605027926324,0.006325159804274694
44.81,-0.0011598630428828426,0.006035431907161228,-0.0006139894844513415,0.006722473564367184
44.82,-0.00117120142485749,0.005881076767696303,-0.0006511414323946312,0.007111781786039627
44.83,-0.001181961904848575,0.0057360111128989776,-0.0006875775661401828,0.007492669057951482
44.84,-0.0011921583672627118,0.005601363900864395,-0.0007232599538256167,0.00786472910175392
44.85,-0.0012018036125268766,0.0054781730404707425,-0.0007581515524726993,0.008227566213731925
44.86,-0.0012109092565307643,0.005367386320708382,-0.0007922162471942696,0.008580795970629536
44.87,-0.0012194856394775468,0.005269852625413944,-0.0008254188893180675,0.008924044048033647
44.88,-0.0012275417448947888,0.0051863106685752745,-0.0008577253334808078,0.009256945973442341
44.89,-0.0012350851292824232,0.005117396904686387,-0.0008891024736197737,0.009579150652922686
44.9,-0.0012421218621045604,0.0050636489880887025,-0.0009195182777313468,0.009890319172591821
44.910000000000004,-0.001248656475943776,0.005025500967526903,-0.0009489418213963811,0.010190124468774032
44.92,-0.0012546919269287302,0.005003284476325731,-0.000977343320141754,0.01047825043235111
44.93,-0.0012602295654761447,0.004997228404177364,-0.0010046941605720103,0.010754395715880884
44.94,-0.0012652691173225452,0.005007458987418862,-0.001030966930061971,0.011018275017619336
44.95,-0.0012698086747986903,0.005034001107363608,-0.0010561354449279575,0.011269617293670414
44.96,-0.0012738446982437865,0.005076778981505055,-0.0010801747771392268,0.011508165835400224
44.97,-0.0012773720274687247,0.005135616998637273,-0.0011030612795822482,0.01173367889276716
44.980000000000004,-0.001280383903219959,0.005210238982475525,-0.001124772609962424,0.011945925930234923
44.99,-0.001282871998548933,0.005300271733646854,-0.0011452877533904325,0.012144691700414347
45.0,-0.0012848264597818283,0.005405249251919632,-0.0011645870433823126,0.012329780936264025
45.01,-0.0012862359566786622,0.005524616861758936,-0.0011826521809756123,0.012501017887821196
45.02,-0.0012870877413993613,0.005657733878192397,-0.0011994662519183017,0.012658245500911098
45.03,-0.0012873677159629749,0.0058038766431027875,-0.0012150137419376665,0.012801326802650111
45.04,-0.0012870605077761853,0.005962245409509065,-0.0012292805499669033,0.012930147195407303
45.050000000000004,-0.0012861495527472394,0.006131966783936946,-0.0012422539992375204,0.0130446128893635
45.06,-0.0012846171855975278,0.006312097757193259,-0.0012539228462442992,0.013144651749368633
45.07,-0.0012824447368059784,0.006501635737606674,-0.0012642772875269906,0.013230214749159091
45.08,-0.0012796126353960815,0.0066995253358412745,-0.0012733089641793192,0.013301276030711464
45.09,-0.0012761005169730907,0.006904660040031768,-0.0012810109640596923,0.013357832706762354
45.1,-0.001271887336743145,0.007115883773377159,-0.0012873778217884814,0.013399902400646266
45.11,-0.0012669514872954808,0.00733199414623441,-0.001292405516712111,0.013427521485378175
45.12,-0.0012612709206741685,0.007551751584398901,-0.001296091468990605,0.013440744394758392
45.13,-0.0012548232741034827,0.00777388299299408,-0.0012984345338518687,0.013439644465877061
45.14,-0.001247585998906563,0.007997084943020845,-0.0012994349941047119,0.013424310048377295
45.15,-0.0012395364921646205,0.008220030678214873,-0.0012990945510963563,0.013394844180452042
45.160000000000004,-0.0012306522306481276,0.008441372155390236,-0.0012974163142532602,0.013351363091581327
45.17,-0.0012209109062247022,0.00865975773421298,-0.0012944047885609937,0.013294019694201145
45.18,-0.0012102905617705293,0.008873834298766852,-0.0012900658589943576,0.013222998972987428
45.19,-0.0011987697273323835,0.009082240567735454,-0.0012844067722638667,0.01313849847472199
45.2,-0.0011863275564416799,0.00928361953461045,-0.0012774361168573765,0.013040730761525883
45.21,-0.001172943962027547,0.009476620968861064,-0.0012691638016856716,0.012929921948993594
45.22,-0.0011585997514029014,0.009659906334151331,-0.00125960103360327,0.012806303688552153
45.230000000000004,-0.001143276759935393,0.009832151905423893,-0.001248760294253127,0.012670112391586927
45.24,-0.001126957983195769,0.009992047549987896,-0.0012366553166678796,0.01252158156142036
45.25,-0.0011096277070949984,0.010138312311279419,-0.0012233010615750294,0.01236095627496733
45.26,-0.0010912716353014748,0.010269693575815315,-0.0012087136927119856,0.012188497371656075
45.27,-0.001071877013667716,0.010384966935806282,-0.0011929105516401057,0.012004449655765885
45.28,-0.0010514327517117971,0.010482935871805191,-0.0011759101344466347,0.011809012646140097
45.29,-0.0010299295409879196,0.010562437547004313,-0.0011577320715617514,0.011602367983487082
45.300000000000004,-0.0010073599704190513,0.010622331649628492,-0.0011383971108432627,0.011384649322451952
45.31,-0.0009837186386096074,0.010661514011991887,-0.0011179271048684031,0.011155942520719619
45.32,-0.0009590022608050798,0.010678977615993181,-0.0010963449975444001,0.010916462975431643
45.33,-0.0009332097667143497,0.010673829132966228,-0.0010736747992533603,0.010666621155942127
45.34,-0.0009063423884338677,0.010645248032388586,-0.001049941548578212,0.01040686754050654
45.35,-0.0008784037405497147,0.010592474443670036,-0.0010251712683607395,0.010137647616510053
45.36,-0.0008493998936259824,0.010514815760821727,-0.000999390920959044,0.009859415401948008
45.37,-0.000819339441066133,0.010411644307870362,-0.0009726283632089949,0.009572624252962415
45.38,-0.0007882335590079509,0.010282408193096927,-0.0009449123012264506,0.009277728461103835
45.39,-0.0007560960587419981,0.010126631658503644,-0.0009162722452700612,0.008975179463893665
45.4,-0.0007229434315852458,0.009943909836483284,-0.0008867384647974875,0.008665426571871629
45.410000000000004,-0.0006887948868900309,0.009733895894766639,-0.0008563419437867249,0.008348915845635537
45.42,-0.0006536723838944526,0.009496302384061635,-0.000825114336393077,0.0080260891223063
45.43,-0.0006176006578303084,0.00923089404938877,-0.0007930879230196592,0.00769738375429579
45.44,-0.0005806072418205665,0.008937449044870203,-0.0007602955667576016,0.0073632350577694464
45.45,-0.0005427224876698692,0.008615725231951352,-0.0007267706699812187,0.007024079531569601
45.46,-0.0005039795917241032,0.008265338603107856,-0.0006925471305139647,0.006680367116067054
45.47,-0.00046441464195340045,0.007885455457350686,-0.0006576592956923827,0.006332593856187907
45.480000000000004,-0.00042406669277695555,0.007475149081649609,-0.0006221419118371079,0.0059813228364559105
45.49,-0.0003829778199529439,0.0070345673790708566,-0.0005860300709392897,0.005627071403351401
45.5,-0.0003411931093786389,0.006564332953947789,-0.000549359160166019,0.005270296111005037
45.51,-0.0002987606007299284,0.00606508301290545,-0.0005121648165038366,0.004911413257968977
45.52,-0.00025573122389505097,0.005537361514027811,-0.0004744828955170359,0.004550484906249855
45.53,-0.000212158739868754,0.0049817073974166536,-0.00043634946383432115,0.004187396803821064
45.54,-0.00016809967477413867,0.004398948720129758,-0.00039780080336380736,0.0038221634992242847
45.550000000000004,-0.00012361323326871577,0.0037901216096161102,-0.0003588734101749634,0.0034548789219657925
45.56,-7.876119084604582e-05,0.003156429187409597,-0.00031960398666546294,0.003085644801300568
45.57,-3.360776775147146e-05,0.0024992722283652363,-0.0002800294286682248,0.0027146631244366354
45.58,1.1780513873542001e-05,0.001820174885781289,-0.00024018680812384752,0.002342113716630198
45.59,5.7334987492865714e-05,0.0011208156151620405,-0.00020011335286091185,0.0019682409303576685
45.6,0.00010298501521766429,0.0004030550527660821,-0.00015984642422883064,0.0015932691172094676
45.61,0.00014865818058027553,-0.0003309923526766025,-0.00011942349283877265,0.0012174740935365295
45.62,0.00019428049970981554,-0.0010791333575444037,-7.888211302676427e-05,0.0008411029855005257
45.63,0.0002397766419238076,-0.0018391523709563647,-3.82598967833821e-05,0.00046443256870524926
45.64,0.0002850701544946276,-0.002608778560994556,2.4055154751879456e-06,8.781226306488493e-05
45.65,0.00033008369045130876,-0.00338573954118181,4.3076485769514876e-05,-0.00028849134446961905
45.660000000000004,0.00037473923878303216,-0.004167715819873599,8.371540800130334e-05,-0.0006641722597092764
45.67,0.00041895835794754577,-0.00495235020199557,0.00012428473903926607,-0.0010388820062624902
45.68,0.00046266241244669005,-0.005737270243222072,0.00016474703212424687,-0.001412290691956018
45.69,0.0005057728107286998,-0.006520101952918101,0.00020506496896194044,-0.0017841090282904957
45.7,0.000548211243274945,-0.007298469553211607,0.00024520139072473844,-0.0021540069548535655
45.71,0.0005898999204174795,-0.008070002670573066,0.0002851193309937003,-0.002521631409119508
45.72,0.0006307618091563664,-0.008832349640063773,0.0003247820501405755,-0.0028866460389872736
45.730000000000004,0.0006707208678816847,-0.009583186164940007,0.0003641530682025324,-0.0032487518884025627
45.74,0.0007097022780076938,-0.010320224063271228,0.0004031961959497402,-0.0036076387465162276
45.75,0.0007476326717383801,-0.011041217851956255,0.00044187556643201435,-0.003962975553671118
45.76,0.0007844403550417004,-0.011743980007354271,0.00048015566746385205,-0.004314441809002839
45.77,0.0008200555246866078,-0.012426389245451218,0.0005180013738801917,-0.004661721321069345
45.78,0.0008544104784027365,-0.013086397790025104,0.0005553779791010582,-0.005004507089383477
45.79,0.0008874398173960446,-0.01372203953484355,0.0005922512258603369,-0.005342502159209636
45.800000000000004,0.0009190806404888201,-0.01433143617267164,0.000628587335946118,-0.005675420056747797
45.81,0.0009492727292214929,-0.014912803981663357,0.0006643530389223117,-0.006002984486720081
45.82,0.0009779587232730453,-0.015464460097011344,0.0006995155998271519,-0.006324929663166743
45.83,0.0010050842856012445,-0.015984827904671674,0.0007340428458373755,-0.006641000293564327
45.84,0.0010305982567561987,-0.01647244243041039,0.000767903191854325,-0.006950952779667203
45.85,0.0010544527978746576,-0.01692595461427184,0.0008010656649617839,-0.0072545548968232475
45.86,0.0010766035219316327,-0.017344134981650484,0.0008334999277586783,-0.007551585408562838
45.87,0.0010970096128988176,-0.017725876926555355,0.0008651763005920965,-0.007841834020810477
45.88,0.001115633932500849,-0.01807019935506001,0.000896065782704677,-0.008125101220471314
45.89,0.0011324431143212152,-0.01837624889531066,0.0009261400723099804,-0.008401198074426365
45.9,0.001147407645058112,-0.01864330138311813,0.0009553715856226263,-0.00866994577731975
45.910000000000004,0.001160501932802948,-0.01887076278641838,0.0009837334748801932,-0.008931175235946335
45.92,0.0011717043622581256,-0.019058169602762444,0.0010111996454016635,-0.0091847265795124
45.93,0.0011809973368778707,-0.019205188736303058,0.0010377447717296714,-0.009430448617264537
45.94,0.0011883673079643592,-0.0193116167743032,0.0010633443129109137,-0.009668198232292003
45.95,0.0011938047907914457,-0.019377379047891708,0.0010879745269750025,-0.009897839733729687
45.96,0.0011973043678966708,-0.019402527672795628,0.0011116124846735215,-0.010119244225508594
45.97,0.0011988646797174399,-0.01938723977521466,0.0011342360825435404,-0.010332288936766888
45.980000000000004,0.0011984884027954653,-0.0193318146734377,0.001155824055362031,-0.010536856519617567
45.99,0.001196182215824524,-0.019236671070484615,0.0011763559880611958,-0.010732834293351574
46.0,0.0011919567538438184,-0.019102343698941017,0.0011958123271776997,-0.01092011353218404
46.01,0.0011858265509279882,-0.018929479669277636,0.0012141743919064152,-0.011098588759222223
46.02,0.0011778099717291446,-0.018718834953713084,0.0012314243848296981,-0.011268157030093668
46.03,0.0011679291322873864,-0.01847126942745582,0.001247545402389512,-0.01142871730998452
46.04,0.0011562098105497623,-0.018187742850579926,0.0012625214451677169,-0.011580169811698649
46.050000000000004,0.0011426813470679185,-0.017869309687504074,0.0012763374280360246,-0.011722415427864147
46.06,0.001127376536356472,-0.017517114406428145,0.0012889791902342548,-0.01185535516198731
46.07,0.0011103315094307935,-0.01713238594110103,0.001300433505429495,-0.011978889671699501
46.08,0.0010915856080482497,-0.016716432535582318,0.001310688091803661,-0.012092918827927818
46.09,0.001071181251197463,-0.016270636440657668,0.0013197316222109481,-0.012197341331515224
46.1,0.0010491637943808928,-0.01579644786688572,0.0013275537344417927,-0.012292054444344938
46.11,0.0010255813822426792,-0.01529538057321754,0.001334145041622402,-0.012376953689589552
46.12,0.001000484795080432,-0.01476900537466046,0.0013394971427733101,-0.01245193274912343
46.13,0.0009739272898515505,-0.014218943770693111,0.0013436026335388236,-0.012516883429983704
46.14,0.0009459644362728054,-0.013646862970863283,0.0013464551170917574,-0.01257169562791695
46.15,0.0009166539485790746,-0.013054469730262254,0.0013480492152126622,-0.012616257443760055
46.160000000000004,0.0008860555135363546,-0.012443504121230468,0.0013483805795319844,-0.012650455387628755
46.17,0.0008542306153356985,-0.011815733357628469,0.0013474459029137328,-0.012674174664816984
46.18,0.0008212423579483612,-0.011172946784284057,0.001345242930955123,-0.01268729942870083
46.19,0.0007871552854703832,-0.010516950778479407,0.0013417704735729536,-0.012689713142561352
46.2,0.0007520352010046227,-0.00984956252001121,0.001337028416632014,-0.012681299271507409
46.21,0.0007159489846882092,-0.00917260327715477,0.001331017733556598,-0.012661941893919688
46.22,0.0006789644114297038,-0.00848789515400235,0.0013237404968778753,-0.012631525776225505
46.230000000000004,0.0006411499688646028,-0.007797253840597633,0.0013151998896802665,-0.012589937095344603
46.24,0.0006025746761241073,-0.007102483145774308,0.0013054002168810157,-0.012537064357802887
46.25,0.0005633079038658791,-0.006405373657104869,0.0012943469162630772,-0.012472799073251824
46.26,0.0005234191960152944,-0.005707693992792052,0.0012820465691764642,-0.012397036836477648
46.27,0.0004829780938702996,-0.005011184217665979,0.001268506910821104,-0.012309678007783948
46.28,0.00044205396311397993,-0.004317554380339426,0.0012537368400330833,-0.01221062846272588
46.29,0.00040071582404902146,-0.003628480855103284,0.001237746428484985,-0.012099800863750619
46.300000000000004,0.000359032185449832,-0.002945599986018731,0.0012205469291814983,-0.011977116019444059
46.31,0.0003170708825628162,-0.0022705035682712,0.0012021507840868717,-0.011842505189059247
46.32,0.00027489891988745086,-0.0016047293039028862,0.0011825716309389102,-0.011695903779510314
46.33,0.0002325823193490693,-0.0009497591859870963,0.0011618243102418163,-0.01153722781199296
46.34,0.00019018597423024134,-0.00030701609078509663,0.0011399248736071149,-0.011366377746755682
46.35,0.00014777350998640065,0.00032216639192347575,0.0011168905950593704,-0.011183195058007323
46.36,0.00010540715558453773,0.0009366114294063239,0.0010927399945366769,-0.01098723022759325
46.37,6.314763191606419e-05,0.0015353842731516225,0.0010674928930553206,-0.01077751096226685
46.38,2.1054052621129563e-05,0.002117461524546728,0.0010411704830011438,-0.010553597356279816
46.39,-2.081617691088658e-05,0.002681744380795362,0.0010137953666644536,-0.010315560986754006
46.4,-6.24074634498407e-05,0.003227213825955121,0.000985391559342355,-0.010063462170717262
46.410000000000004,-0.00010366612556807767,0.0037529073692792333,0.000955984481274401,-0.009797413576304863
46.42,-0.0001445404866101728,0.004257935380686065,0.000925600945230943,-0.00951759208684369
46.43,-0.0001849809619467021,0.004741438847333093,0.0008942691368585327,-0.009224272920937004
46.44,-0.00022494014230966863,0.005202588731882135,0.0008620185889372338,-0.008917730063568384
46.45,-0.0002643728769193308,0.005640493684290305,0.0008288801544046731,-0.008598216407411487
46.46,-0.0003032363653352948,0.006054058988815624,0.0007948859803557475,-0.008265987672176242
46.47,-0.00034149027413518017,0.006441748572971731,0.0007600694826895233,-0.007921287316721698
46.480000000000004,-0.0003790968852386872,0.006801833255563412,0.0007244653209786342,-0.007564368834254745
46.49,-0.00041602123027713274,0.007133619578958489,0.0006881093695304606,-0.007195600075987318
46.5,-0.00045223116157817975,0.007436927366331454,0.0006510386804059611,-0.00681541977052357
46.51,-0.0004876973767685217,0.007711593317507169,0.0006132914394897074,-0.006424305489609178
46.52,-0.0005223934348299421,0.007957376230135083,0.0005749069087826558,-0.006023073939105785
46.53,-0.0005562957763524764,0.008174012420367895,0.0005359253450270882,-0.005612741250309581
46.54,-0.0005893837376728698,0.008361520900391583,0.0004963879052948315,-0.005194209827748371
46.550000000000004,-0.0006216395449982834,0.008520130713341956,0.0004563365565479414,-0.004768307868302378
46.56,-0.0006530482872847459,0.00865024338040551,0.00041581399151713246,-0.004335850710044156
46.57,-0.0006835978702676971,0.008752462970467792,0.00037486354983094756,-0.003897552034170806
46.58,-0.0007132789533446525,0.008827517702507752,0.000333529143586116,-0.00345415293826149
46.59,-0.0007420848714862066,0.008876296482033075,0.0002918551857643796,-0.0030063239811229663
46.6,-0.0007700115434788605,0.008899798724187561,0.00024988652061307365,-0.0025547679041339148
46.61,-0.0007970573676095356,0.008899156135412069,0.00020766835603545076,-0.002100116552405653
46.62,-0.0008232231056675486,0.00887560161465921,0.00016524619807604477,-0.0016430272611094579
46.63,-0.0008485117568060082,0.008830456006292316,0.0001226657857479176,-0.0011841514958051752
46.64,-0.0008729284229022502,0.00876511613811765,7.997302831815366e-05,-0.0007240547593728861
46.65,-0.0008964801685631285,0.008680980532944065,3.721394463612266e-05,-0.0002633782274379269
46.660000000000004,-0.0009191758777860133,0.008579511658432532,-5.565398417549952e-06,0.00019727381895088978
46.67,-0.000941026105416242,0.008462244238008006,-4.831894539877322e-05,0.0006573533288876446
46.68,-0.0009620429220681428,0.008330774582022657,-9.100070868744903e-05,0.0011162979313696574
46.69,-0.0009822397534648586,0.008186742076767837,-0.00013356482557168355,0.0015735089886120188
46.7,-0.0010016312159636955,0.008031809484737341,-0.00017596561574645297,0.0020284408734533113
46.71,-0.0010202329493931893,0.007867668752210772,-0.00021815763591902492,0.002480579491079943
46.72,-0.0010380614478100224,0.0076960238593116485,-0.00026009573200776263,0.002929403869353072
46.730000000000004,-0.001055133889125662,0.007518584560716074,-0.0003017350917258186,0.0033743708122480265
46.74,-0.001071467964893956,0.00733704661569691,-0.00034303129755646963,0.0038149636772861076
46.75,-0.001087081711501479,0.007153086394966337,-0.0003839403777571441,0.004250700828830236
46.76,-0.0011019933440178796,0.006968339861519253,-0.00042441885497963904,0.004681104466119935
46.77,-0.0011162210938176485,0.006784403949969473,-0.00046442379364173544,0.005105708269305536
46.78,-0.0011297830503191391,0.006602836736881555,-0.000503912846430213,0.005524052786037901
46.79,-0.0011426970073906445,0.0064251381407102615,-0.0005428442999135581,0.005935688655854417
46.800000000000004,-0.0011549803154068965,0.006252748908711828,-0.0005811771192280007,0.006340175581624113
46.81,-0.0011666497395123295,0.006087045993727468,-0.0006188709918490928,0.00673708157011188
46.82,-0.0011777213247215657,0.005929330075530144,-0.0006558863704903912,0.00712598347150615
46.83,-0.0011882102686748839,0.005780821618831136,-0.0006921845151555102,0.007506465789910046
46.84,-0.0011981308025648036,0.005642658032312313,-0.000727727534347944,0.007878122137671972
46.85,-0.001207496080688516,0.005515885806904592,-0.0007624784253418349,0.00824055683083435
46.86,-0.001216318079025294,0.005401461393010634,-0.0007964011133918148,0.008593385400797144
46.87,-0.0012246075032251334,0.005300242277169705,-0.0008294604898686747,0.008936233197023606
46.88,-0.00123237370675009,0.005212975865258701,-0.0008616224493721964,0.009268735701042467
46.89,-0.0012396246196526963,0.005140307325652778,-0.0008928539257347474,0.009590541712158807
46.9,-0.0012463666876987114,0.005082782996153979,-0.0009231229267911266,0.009901312144809875
46.910000000000004,-0.0012526048216506558,0.005040845516035638,-0.0009523985679251189,0.010200719599638365
46.92,-0.0012583423568363905,0.005014835107385213,-0.0009806511044574266,0.010488447755992046
46.93,-0.001263581023034933,0.005004989177021941,-0.0010078519627980862,0.01076419513675062
46.94,-0.0012683209246588305,0.005011442354481503,-0.0010339737701564016,0.011027676222076071
46.95,-0.0012725605311923198,0.005034227753451424,-0.0010589903827366316,0.011278619604349397
46.96,-0.0012762966777856383,0.005073277708061553,-0.0010828769124793644,0.011516768311312405
46.97,-0.0012795245759136176,0.005128424434778078,-0.0011056097523648872,0.011741879980672013
46.980000000000004,-0.0012822378340606737,0.005199399436017464,-0.0011271666003647947,0.011953723592887754
46.99,-0.0012844284883231842,0.005285837054866465,-0.0011475264820730677,0.012152083612398067
47.0,-0.0012860870426363745,0.005387278615281967,-0.0011666697717394774,0.01233676444520445
47.01,-0.0012872025182034783,0.005503176565960444,-0.001184578211416559,0.012507590044811405
47.02,-0.0012877625117608882,0.0056328970295956605,-0.0012012349281832844,0.012664402895991132
47.03,-0.001287753262359772,0.005775722978986596,-0.001216624449451196,0.012807065735908228
47.04,-0.0012871597262415504,0.005930861025941609,-0.0012307327162242065,0.012935463630705324
47.050000000000004,-0.0012859656593268145,0.006097443809208082,-0.0012435470942264266,0.013049502354322217
47.06,-0.0012841537069275455,0.006274534119610474,-0.0012550563829055285,0.013149109422195682
47.07,-0.0012817055001223298,0.006461134943800066,-0.0012652508222508727,0.013234235447893376
47.08,-0.001278601757995541,0.006656196136559569,-0.001274122097337889,0.013304854210964672
47.09,-0.001274822395161969,0.0068586160897277666,-0.0012816633405761096,0.013360962403179416
47.1,-0.0012703466343041041,0.007067243287296698,-0.001287869131749144,0.013402577157412894
47.11,-0.0012651531235108838,0.007280879577562892,-0.0012927354960268914,0.013429734314466382
47.12,-0.0012592200579325955,0.007498289359258118,-0.0012962599001016956,0.01344248788263718
47.13,-0.0012525253051224926,0.00771820314624023,-0.0012984412464888961,0.013440910702084672
47.14,-0.0012450465336039927,0.007939320827503715,-0.001299279866085392,0.013425090690750197
47.15,-0.0012367613442101231,0.00816031864595679,-0.0012987775091704093,0.013395130474123305
47.160000000000004,-0.001227647403723595,0.008379851266688164,-0.001296937334983171,0.013351146006073403
47.17,-0.00121768258002595,0.008596569506594744,-0.0012937638992241668,0.013293290184196897
47.18,-0.0012068450777759482,0.008809122332151115,-0.001289263138498859,0.013221747735038189
47.19,-0.0011951135743738764,0.009016150210657107,-0.0012834423520846265,0.013136715945989561
47.2,-0.001182467356114279,0.009216297574619888,-0.001276310181993111,0.013038407259144989
47.21,-0.0011688864539623808,0.009408215345864845,-0.0012678765916298166,0.012927047680344373
47.22,-0.0011543517784391387,0.009590565839540646,-0.0012581528433150276,0.012802869083917536
47.230000000000004,-0.0011388452532137918,0.009762026005132327,-0.0012471514751130422,0.012666108074962493
47.24,-0.0011223499471955457,0.009921286163442546,-0.001234886277393417,0.01251699898199047
47.25,-0.0011048502046489548,0.010067065223570506,-0.0012213722690932306,0.012355786801024365
47.26,-0.0010863317726143252,0.010198110562971709,-0.0012066256729924708,0.012182733246062965
47.27,-0.001066781925355698,0.010313197551522206,-0.0011906638904201569,0.011998085237791757
47.28,-0.0010461895858596994,0.010411129589750986,-0.0011735054777304186,0.011802045659897538
47.29,-0.0010245454442401034,0.01049074339241967,-0.0011551701258476813,0.011594798191982768
47.300000000000004,-0.0010018420730908695,0.010550898925655826,-0.00113567864300995,0.011376482121488637
47.31,-0.00097807403983129,0.010590491074731902,-0.0011150529416368846,0.011147186696073787
47.32,-0.0009532380139017276,0.01060850679623802,-0.001093316025026605,0.010907115467579621
47.33,-0.0009273328650281098,0.010604048812242212,-0.0010704919631938914,0.010656673216364454
47.34,-0.0009003597515524067,0.010576293968713412,-0.001046605855077544,0.010396311475460466
47.35,-0.0008723222008332654,0.010524479577739158,-0.0010216837846668291,0.010126475462749824
47.36,-0.00084322618301998,0.010447910251876146,-0.0009957527762362531,0.009847619660794029
47.37,-0.0008130801782204337,0.010345954796587752,-0.0009688407492828571,0.009560197630652115
47.38,-0.000781895236729603,0.010218058171050612,-0.000940976473296512,0.009264664050905856
47.39,-0.0007496850317993537,0.010063740683403762,-0.0009121895225866928,0.008961470765057981
47.4,-0.0007164659048855384,0.009882593829556544,-0.0008825102312949039,0.008651067593549071
47.410000000000004,-0.0006822569040378269,0.009674267007106996,-0.0008519696486662309,0.008333901116179947
47.42,-0.0006470798161334656,0.00943846886786421,-0.0008205994946518582,0.008010413767779818
47.43,-0.0006109591933874515,0.009174959982463255,-0.000788432115919847,0.007681043530962825
47.44,-0.0005739223756293985,0.008883515597753668,-0.0007555004422347561,0.007346226280841373
47.45,-0.0005359995114036658,0.008563890959702575,-0.0007218379429980902,0.0070063989838304586
47.46,-0.000497223583845451,0.008215707855670551,-0.0006874785833907627,0.006662011213916238
47.47,-0.00045763045660158694,0.007838162799083389,-0.0006524567785867364,0.006313554432569029
47.480000000000004,-0.00041725894786623195,0.0074303030994278315,-0.0006168073437297947,0.005961582853560234
47.49,-0.00037615088711412766,0.006992239651034183,-0.0005805654411203353,0.0056066146940939796
47.5,-0.00033435110648260787,0.006524587726016029,-0.0005437665297955291,0.005249108344359634
47.51,-0.0002919073856488208,0.006027979960229555,-0.000506446319835983,0.0048894875243592865
47.52,-0.0002488703884553729,0.0055029662014221496,-0.00046864074007047976,0.004527835374533744
47.53,-0.00020529360394113734,0.0049500747267051635,-0.00043038592934658946,0.0041640385499238436
47.54,-0.00016123328124443537,0.004370118545396825,-0.0003917182404410523,0.0037981065120002056
47.550000000000004,-0.00011674834434276596,0.0037641216157225715,-0.00035267423922424515,0.003430131592723153
47.56,-7.190028558654148e-05,0.0031332763995482503,-0.0003132906969753829,0.0030602165211341035
47.57,-2.6753040687570534e-05,0.0024789737373870366,-0.00027360457745304875,0.002688563897315913
47.58,1.862715311369474e-05,0.0018027273748414856,-0.0002336530194959425,0.0023153542526190133
47.59,6.417191349763232e-05,0.0011062047523797344,-0.00019347331677342107,0.0019408313808759446
47.6,0.00010981088459479339,0.0003912416288883163,-0.00015310289536605009,0.0015652217870443085
47.61,0.0001554719277647195,-0.00034006531553923815,-0.000112579289331939,0.001188803858425764
47.62,0.00020108133134505855,-0.0010855248551038645,-7.194011507646971e-05,0.0008118222711725236
47.63,0.00024656403066548405,-0.0018429255870743512,-3.122304533655415e-05,0.00043455431503700226
47.64,0.00029184383246885054,-0.0026100000864501113,9.534220074157357e-06,5.735101546755174e-05
47.65,0.00033684364230660566,-0.0033844810877029204,5.029398515908169e-05,-0.000319522910266733
47.660000000000004,0.000381485694189592,-0.004164056855351995,9.101858722431165e-05,-0.0006957581483546745
47.67,0.0004256917834463149,-0.004946375768345435,0.00013167042814828445,-0.001071004362191566
47.68,0.0004693835026722941,-0.005729072006573771,0.00017221200783952207,-0.0014449350363180383
47.69,0.0005124824790210149,-0.0065097774835797435,0.00021260595625783197,-0.0018172589613198687
47.7,0.0005549106116968534,-0.007286122118474885,0.0002528150645232854,-0.0021876435085679147
47.71,0.0005965903092002901,-0.008055741582321,0.0002928023180204557,-0.002555735658982649
47.72,0.0006374447255841399,-0.008816289316383844,0.00033253093081944755,-0.0029211993452975746
47.730000000000004,0.0006773979946557936,-0.009565446100673131,0.0003719643785189376,-0.0032837361366413517
47.74,0.0007163754611047197,-0.010300929020330474,0.0004110664293696619,-0.0036430329660070227
47.75,0.0007543039077867551,-0.011020496812222051,0.0004498011759781894,-0.003998757891075223
47.76,0.0007911117782886427,-0.011721965555733634,0.0004881330678891592,-0.004350590459245488
47.77,0.0008267293936123505,-0.012403217222282936,0.0005260269438789589,-0.004698213712493824
47.78,0.0008610891620301453,-0.013062206744640849,0.0005634480635664124,-0.005041320324131525
47.79,0.0008941257813412532,-0.013696970316998168,0.0006003621381890969,-0.005379612783283865
47.800000000000004,0.0009257764327984554,-0.014305631534876701,0.0006367353603867415,-0.005712804285672963
47.81,0.0009559809660341788,-0.014886408112030444,0.0006725344329596704,-0.006040618207719344
47.82,0.0009846820743533175,-0.015437618201770614,0.0007077265965949083,-0.006362788571459636
47.83,0.001011825459789192,-0.01595768571114884,0.0007422796565556919,-0.00667905975258156
47.84,0.0010373599873800185,-0.016445145706772232,0.0007761620082994446,-0.0069891877499309914
47.85,0.0010612378281726126,-0.01689864876472409,0.000809342661969539,-0.007292940065715655
47.86,0.0010834145905275906,-0.01731696461247196,0.0008417912657561656,-0.007590095218490929
47.870000000000005,0.001103849439370275,-0.01769898542118938,0.0008734781281524725,-0.007880442709009028
47.88,0.0011225052030855776,-0.018043728450896322,0.0009043742391230224,-0.008163782793876475
47.89,0.0011393484678025461,-0.018350338273245302,0.0009344512902000641,-0.008439926343945666
47.9,0.0011543496588688439,-0.018618088302251482,0.0009636816935316046,-0.008708694402563735
47.910000000000004,0.0011674831093850381,-0.018846381684605815,0.0009920385999181967,-0.008969917744158415
47.92,0.0011787271157163788,-0.01903475176941618,0.001019495915883215,-0.00922343639780305
47.93,0.0011880639799655584,-0.01918286192922422,0.0010460283198238675,-0.009469099103431246
47.94,0.001195480039426571,-0.019290504947178287,0.0010716112772977521,-0.00970676271252983
47.95,0.0012009656831072453,-0.019357602004184644,0.0010962210555038056,-0.009936291528406584
47.96,0.0012045153554435732,-0.019384200783563864,0.0011198347370208702,-0.010157556686716838
47.97,0.0012061275473897667,-0.019370473713715197,0.0011424302328673795,-0.01037043547658123
47.980000000000004,0.001205804775105718,-0.01931671511275606,0.001163986294948045,-0.010574810657701165
47.99,0.001203553546508892,-0.019223338500805435,0.0011844825279578811,-0.010770569700095193
48.0,0.001199384316000933,-0.01909087312512157,0.0012038994008151515,-0.010957604071197422
