t_s,center_heave_m,center_heave_acc_mps2,buoy1_heave_m,buoy1_heave_acc_mps2
46.800000000000004,-0.023033516291472145,0.10779913260057727,-0.06631915602897161,0.38323187935673114
46.81,-0.019341799377535218,0.0859908456910311,-0.06251541746952365,0.3594068126577448
46.82,-0.01564171638023065,0.06422974319850888,-0.05867600841693134,0.33543408878277353
46.83,-0.011935441791216667,0.042529220280023254,-0.05480332720732472,0.3113335480610854
46.84,-0.008225143927016348,0.02090228095769774,-0.050899784746626944,0.28712473371583874
46.85,-0.004512983634581968,-0.0006384672853919221,-0.04696780256028583,0.2628268691420047
46.86,-0.0008011130364913371,-0.022080817719732533,-0.04300981087517318,0.2384588369573107
46.87,0.0029083256838217555,-0.0434129674260656,-0.03902824673572741,0.21403915981960742
46.88,0.006613201456506024,-0.0646235192248545,-0.035025552156237615,0.18958598299583726
46.89,0.010311395459226536,-0.08570148251607203,-0.03100417231099421,0.16511705866111473
46.9,0.014000802210517213,-0.10663627306478182,-0.02696655376385727,0.1406497318993325
46.910000000000004,0.017679330622593914,-0.12741771177449174,-0.02291514273862552,0.11620092837116991
46.92,0.021344905013754266,-0.14803602248794417,-0.018852383431421826,0.09178714360943356
46.93,0.02499546608060265,-0.1684818288606909,-0.014780716366149575,0.06742443389731964
46.94,0.028628971830420385,-0.18874615035061074,-0.010702576793916854,0.043128408680373695
46.95,0.03224339847409276,-0.2088203973706125,-0.006620393137172052,0.018914224459677272
46.96,0.0358367412800874,-0.22869636565057805,-0.0025365854791478872,-0.005203419889795946
46.97,0.03940701539005665,-0.24836622985701617,0.0015464359009312442,-0.02921028643402133
46.980000000000004,0.042952256596711626,-0.2678225365174772,0.005626271946559336,-0.05309260018878869
46.99,0.04647052208467924,-0.2870581962990487,0.009700536196387725,-0.0768370498848101
47.0,0.04995989113512507,-0.3060664756882692,0.013766856110326306,-0.10043078755271785
47.01,0.05341846579497883,-0.32484098812078743,0.017822874349359596,-0.12386142699229824
47.02,0.05684437151165383,-0.3433756846080669,0.02186625000923932,-0.14711704119071944
47.03,0.060235757734205045,-0.3616648439077056,0.025894659808321053,-0.17018615875459184
47.04,0.06359079848190874,-0.37970306228338213,0.029905799229909234,-0.1930577594204028
47.050000000000004,0.06690769288129908,-0.39748524289843745,0.03389738361956662,-0.21572126870732003
47.06,0.0701846656727151,-0.41500658488753894,0.03786714923793018,-0.2381665517754022
47.07,0.07341996768746081,-0.4322625721474508,0.041812854269652755,-0.2603839065513571
47.08,0.07661187629670027,-0.4492489618882577,0.045732279789163714,-0.2823640561824766
47.09,0.0797586958332289,-0.4659617729838389,0.04962323068400775,-0.30409814087803727
47.1,0.08285875798729539,-0.4823972741594307,0.05348353653658173,-0.3255777091956724
47.11,0.08591042217764461,-0.4985519720519824,0.05731105246514502,-0.3467947088285163
47.12,0.08891207589898609,-0.5144225991782165,0.06110365992502682,-0.36774147694689574
47.13,0.09186213504708349,-0.5300061018433182,0.0648592674709998,-0.38841073014627714
47.14,0.09475904422267631,-0.5452996280214393,0.06857581148182673,-0.408795554051223
47.15,0.09760127701544209,-0.5603005152392015,0.07225125684802176,-0.42888939262254205
47.160000000000004,0.10038733626921123,-0.5750062784898681,0.07588359762389664,-0.44868603721300915
47.17,0.10311575432963725,-0.5894145982071232,0.07947085764498764,-0.46817961541424963
47.18,0.10578509327552764,-0.6035233083238545,0.08301109111197813,-0.48736457973551367
47.19,0.1083939451350187,-0.6173303844423853,0.08650238314225044,-0.5062356961523032
47.2,0.11094093208778079,-0.6308339321395549,0.08994285029021093,-0.5247880325609225
47.21,0.11342470665441641,-0.6440321754307734,0.09333064103754286,-0.5430169471723583
47.22,0.11584395187419842,-0.656923445414633,0.09666393625454725,-0.5609180768770028
47.230000000000004,0.11819738147228362,-0.6695061691202692,0.09994094963373408,-0.5784873256092204
47.24,0.1204837400175103,-0.6817788585766058,0.10315992809682639,-0.5957208527390095
47.25,0.12270180307186293,-0.6937401001243768,0.10631915217633717,-0.6126150615155342
47.26,0.12485037733267622,-0.7053885439890256,0.1094169363728726,-0.6291665875850745
47.27,0.12692830076860567,-0.7167228941391561,0.11245162948930935,-0.6453722875984049
47.28,0.12893444275037969,-0.7277418984576369,0.11542161494298316,-0.6612292279133154
47.29,0.1308677041773012,-0.7384443392827751,0.11832531105701626,-0.676734673451452
47.300000000000004,0.13272701760042327,-0.7488290250528877,0.1211611713319064,-0.6918860763579221
47.31,0.13451134734324596,-0.7588947818951748,0.12392768469850783,-0.7066810646845574
47.32,0.13621968962086653,-0.7686404424171958,0.1266233757534676,-0.7211174332743514
47.33,0.1378510726584079,-0.7780648418904824,0.1292468049781267,-0.7351931329198955
47.34,0.13940455680920646,-0.7871668159181213,0.13179656894197944,-0.748906258105182
47.35,0.1408792346730224,-0.7959451980649166,0.13427130049179353,-0.7622550378460003
47.36,0.14227423121366997,-0.8043988443954271,0.1366696689274706,-0.7752378232305668
47.37,0.14358870387136072,-0.8125267482866072,0.13899038016595897,-0.78785307067138
47.38,0.14482184264362458,-0.8203286878545928,0.14123217689553,-0.8000993017735947
47.39,0.14597287009564394,-0.8278053872238067,0.14339383872512376,-0.8119750254249617
47.4,0.14704104135349289,-0.8349561144946351,0.14547418232966158,-0.8234788585444252
47.410000000000004,0.14802564416304384,-0.841779739740049,0.1474720615682593,-0.8346101304317615
47.42,0.148925998992146,-0.8482753013872736,0.14938636755688436,-0.84536843719676
47.43,0.1497414591460546,-0.8544413955390584,0.15121602871877018,-0.8557532124295202
47.44,0.15047141090701094,-0.8602764368048548,0.15296001084066135,-0.8657637897898242
47.45,0.1511152736982647,-0.8657786212690866,0.15461731713957647,-0.8753994259021073
47.46,0.15167250026620585,-0.8709460233370405,0.15618698833455785,-0.8846594029094633
47.47,0.1521425770818691,-0.8757699432136092,0.15766810270473472,-0.8935434548066334
47.480000000000004,0.152525028349234,-0.8801357365868332,0.15905977587314282,-0.9020594621844574
47.49,0.15281942439622445,-0.8839606053370945,0.160361160253074,-0.910212918486362
47.5,0.1530253880757762,-0.8872430735444665,0.16157144465146797,-0.9180028373323742
47.51,0.15314259658874485,-0.889979497813219,0.16268985423763604,-0.9254282908828957
47.52,0.1531707817510392,-0.8921680617766512,0.16371565063800056,-0.9324883207831887
47.53,0.1531097302187265,-0.8938067721752146,0.16464813203242953,-0.939181928084092
47.54,0.15295928366114522,-0.8948944311326659,0.16548663325844026,-0.9455079431765758
47.550000000000004,0.15271933888811234,-0.8954301658890842,0.1662305259266593,-0.9514651305057956
47.56,0.152389847927545,-0.8954136780523153,0.1668792185452547,-0.9570521782112924
47.57,0.1519708180540009,-0.8948451291120663,0.1674321566501994,-0.9622677494658739
47.58,0.15146231176720978,-0.893725193782483,0.16788882294019153,-0.9671104449994287
47.59,0.15086444672177637,-0.8920550095747031,0.16824873741947804,-0.9715787250119388
47.6,0.1501773956088504,-0.8898361978008968,0.16851145755175187,-0.9756709552343846
47.61,0.1494013859900033,-0.8870708542301861,0.16867657842381928,-0.9793854254499484
47.62,0.1485367000835105,-0.8837615441986193,0.16874373291751457,-0.9827203396697848
47.63,0.14758367464789915,-0.8799066227241723,0.16871259234609653,-0.9856590379510481
47.64,0.14654270210665254,-0.8754706641895369,0.1685828711657702,-0.9880766617152943
47.65,0.14541423396560646,-0.8704007009966326,0.16835433906518366,-0.9897919312273908
47.660000000000004,0.14419878468122013,-0.8646788358439487,0.16802683460531692,-0.9907328499507341
47.67,0.14289693344836088,-0.8583096846145614,0.16760027243394643,-0.9908968632850171
47.68,0.14150932417165127,-0.8512982475322308,0.16707464491609647,-0.990281294793232
47.69,0.14003666494071465,-0.8436505737831291,0.16645002233668849,-0.9888854830752482
47.7,0.13847972742762374,-0.8353733051912868,0.16572655298689065,-0.986709389558115
47.71,0.136839346209584,-0.8264738825479543,0.16490446313917434,-0.983754296168655
47.72,0.1351164180196141,-0.8169604179417425,0.163984056914998,-0.9800224531410077
47.730000000000004,0.13331190092631412,-0.8068417317574514,0.16296571604355356,-0.9755172468354949
47.74,0.13142681344489243,-0.7961273049759756,0.1618498995132441,-0.9702431026233518
47.75,0.1294622335812584,-0.7848272732031214,0.16063714311601354,-0.964205529103506
47.76,0.1274192978113269,-0.7729523971495885,0.15932805888556809,-0.9574110758941695
47.77,0.12529919999784656,-0.7605140386492001,0.15792333443200857,-0.9498672913921572
47.78,0.12310319024733968,-0.7475241348935808,0.15642373217613795,-0.9415827115008992
47.79,0.12083257370964558,-0.7339951745505259,0.15483008848520632,-0.9325668476451819
47.800000000000004,0.11848870932261757,-0.7199401696189749,0.15314331271196077,-0.9228301527153776
47.81,0.11607300850467994,-0.7053726282525901,0.1513643861397397,-0.9123839945215929
47.82,0.1135869337980296,-0.6903065259506402,0.1494943608366786,-0.9012406207105075
47.83,0.11103199746534882,-0.674756276495774,0.1475343584223646,-0.8894131237223939
47.84,0.10840976004294854,-0.658736702351923,0.14548556875049437,-0.876915404170741
47.85,0.10572182885331068,-0.6422630047816341,0.14334924851122113,-0.863762132359297
47.86,0.1029698564800186,-0.6253507336188461,0.1411267197570722,-0.8499687075531496
47.870000000000005,0.10015553920811117,-0.6080157569329728,0.13881936835649872,-0.8355512160761216
47.88,0.09728061543288717,-0.590274230623,0.13642864237926747,-0.8205263880046441
47.89,0.09434686404021216,-0.5721425680695225,0.1339560504180247,-0.8049115528827353
47.9,0.09135610276135918,-0.5536374099284744,0.13140315985046644,-0.7887245945558752
47.910000000000004,0.08831018650540745,-0.5347755941622774,0.1287715950466311,-0.7719839053859009
47.92,0.08521100567219403,-0.5155741263944227,0.12606303552589068,-0.7547083400237897
47.93,0.08206048444878494,-0.49605015066983693,0.12327921406825937,-0.7369171689558066
47.94,0.07886057909238493,-0.4762209206992719,0.12042191478465793,-0.7186300320125505
47.95,0.07561327620256451,-0.45610377166013594,0.11749297115077423,-0.6998668920352014
47.96,0.07232059098561426,-0.4357160926215127,0.11449426400914274,-0.6806479888809431
47.97,0.06898456551379042,-0.41507529965701384,0.11142771954402919,-0.6609937939439581
47.980000000000004,0.06560726698212573,-0.394198809701809,0.10829530723365527,-0.6409249653584109
47.99,0.06219078596542435,-0.37310401520841163,0.10509903778422584,-0.6204623040403225
48.0,0.05873723467796823,-0.35180825964704854,0.10184096105013825,-0.5996267107149462
48.01,0.05524874523837463,-0.33032881389497604,0.09852316394465255,-0.5784391440649832
48.02,0.051727467941968655,-0.30868285355158687,0.095147768345188,-0.5569205801238467
48.03,0.04817556954292751,-0.2868874372125929,0.09171692899728637,-0.5350919730262967
48.04,0.04459523154836346,-0.264959485731331,0.08823283142114638,-0.512974217217011
48.050000000000004,0.04098864852641593,-0.24291576249073074,0.08469768982448608,-0.4905881112055788
48.06,0.03735802643031442,-0.2207728547043322,0.08111374502533615,-0.4679543229446549
48.07,0.033705580940277716,-0.19854715576113707,0.07748326238820395,-0.4450933568960897
48.08,0.030033535825007986,-0.17625484862338933,0.07380852977687885,-0.4220255228384942
48.09,0.026344121324430137,-0.15391189028364616,0.07009185552697604,-0.3987709064583053
48.1,0.02263957255522493,-0.13153399728198947,0.06633556644113679,-0.37534934175577617
48.11,0.018922127940595567,-0.1091366322814187,0.06254200580962264,-0.35178038528678507
48.120000000000005,0.015194027665603722,-0.08673499169509971,0.0587135314588572,-0.32808329225158067
48.13,0.011457512159300099,-0.06434399435626725,0.05485251383028549,-0.3042769944321378
48.14,0.007714820604782328,-0.04197827121775751,0.05096133409173493,-0.2803800799711321
48.15,0.003968189478192098,-0.019652156066042814,0.04704238228328094,-0.25641077497716774
48.160000000000004,0.00021985111758210163,0.0026203227690961423,0.04309805549943536,-0.23238692693354476
48.17,-0.003527967677534341,0.02482544972932977,0.039130756109298205,-0.20832598988060122
48.18,-0.0072730470152229205,0.04694982839019875,0.03514289001613573,-0.18424501133554158
48.19,-0.011013175248129652,0.06898038689567668,0.03113686495767458,-0.16016062090776848
48.2,-0.014746150277910448,0.09090438249122908,0.027115088848233996,-0.13608902056264455
48.21,-0.018469780826641396,0.11270940518309297,0.023079968163652854,-0.11204597648212924
48.22,-0.022181887674852994,0.13438338055274882,0.0190339063698103,-0.08804681246669702
48.230000000000004,-0.025880304865912848,0.1559145717564075,0.0149793023953848,-0.06410640481967457
48.24,-0.029562880876569046,0.17729158074047607,0.010918549149349989,-0.040239178652262814
48.25,-0.03322747975353288,0.19850334870405512,0.006854032083562924,-0.01645910554523774
48.26,-0.036871982216071277,0.21953915584128864,0.0027881278006674777,0.00722029749835264
48.27,-0.04049428672463385,0.24038862039504244,-0.0012767972925945418,0.03078596787662324
48.28,-0.044092310515622124,0.2610416970557279,-0.005338388286692067,0.054225296056155656
48.29,-0.047663990602465414,0.2814886747377592,-0.00939430302537656,0.07752612315149823
48.300000000000004,-0.05120728474323373,0.3017201737676185,-0.01344221331676762,0.10067673748500176
48.31,-0.05472017237507577,0.3217271425163445,-0.017479806099804398,0.12366587019496353
48.32,-0.05820065551582645,0.3415008535109838,-0.021504784566509488,0.1464826899591326
48.33,-0.06164675963317475,0.3610328990577837,-0.02551486924059996,0.16911679689987583
48.34,-0.06505653448184374,0.38031518641161544,-0.02950779901305985,0.19155821573584467
48.35,-0.06842805490926396,0.399339932524381,-0.0334813321353656,0.2137973882436895
48.36,-0.0717594216302778,0.418099658406506,-0.037433247171121384,0.23582516509155832
48.370000000000005,-0.07504876197143756,0.43658718313412437,-0.04136134390692659,0.25763279710437287
48.38,-0.07829423058550986,0.4547956175348329,-0.045263444223350754,0.27921192601889544
48.39,-0.08149401013681519,0.4727183575845742,-0.04913739292694453,0.30055457478443703
48.4,-0.0846463119580722,0.4903490775470419,-0.05298105854425844,0.32165313746304486
48.410000000000004,-0.08774937667943697,0.5076817228868853,-0.05679233407888124,0.3425003687806174
48.42,-0.0908014748304495,0.5247105029872035,-0.0605691377325442,0.3630893733782113
48.43,-0.09380090741561792,0.5414298837003308,-0.06430941359136748,0.3834135948105147
48.44,-0.09674600646439202,0.557834579761187,-0.06801113227834876,0.40346680433603255
48.45,-0.09963513555628707,0.5739195470896472,-0.0716722915732158,0.4232430895413818
48.46,-0.10246669032192973,0.5896799750094879,-0.07529091700077967,0.4427368428396163
48.47,-0.10523909892080831,0.6051112784077424,-0.07886506238893916,0.4619427498803794
48.480000000000004,-0.10795082249651214,0.6202090898596159,-0.0823928103974939,0.480855777907334
48.49,-0.11060035561025437,0.634969251740441,-0.08587227301892912,0.49947116409617975
48.5,-0.1131862266534604,0.6493878083470591,-0.08930159205233812,0.5177844039043574
48.51,-0.11570699824022256,0.6634609980475639,-0.0926789395516441,0.5357912394615908
48.52,-0.11816126758039884,0.6771852454792493,-0.09600251824928185,0.5534876480281234
48.53,-0.12054766683413984,0.6905571538110413,-0.09927056195649113,0.5708698305458826
48.54,-0.12286486344862231,0.7035734970877202,-0.10248133594136347,0.5879342003055869
48.550000000000004,-0.12511156047774938,0.716231212670097,-0.1056331372857748,0.604677371751205
48.56,-0.1272864968855793,0.728527393785652,-0.10872429522231974,0.6210961494412875
48.57,-0.12938844783422707,0.7404592822019933,-0.11175317145234905,0.6371875171850994
48.58,-0.13141622495696897,0.7520242610354695,-0.114718160446194,0.6529486273697424
48.59,-0.13336867661727334,0.7632198477051758,-0.11761768972664194,0.6683767904930416
48.6,-0.13524468815446078,0.7740436870429999,-0.12045022013670638,0.6834694649153134
48.61,-0.13704318211668085,0.7844935445684145,-0.12321424609271399,0.6982242468418765
48.620000000000005,-0.13876311848188033,0.7945672999365205,-0.12590829582370644,0.7126388605466569
48.63,-0.14040349486741685,0.8042629405670563,-0.12853093159813164,0.7267111488460826
48.64,-0.1419633467289521,0.8135785554609594,-0.1310807499387742,0.7404390638314713
48.65,-0.14344174754924768,0.822512329206218,-0.13355638182684754,0.7538206578691992
48.660000000000004,-0.14483780901746512,0.8310625359086259,-0.13595649289614456,0.7668540748879628
48.67,-0.14615068119986452,0.8392275239217597,-0.1382797836181429,0.7795375410289166
48.68,-0.14737955270536052,0.8470056320840091,-0.14052498947908237,0.791869352210146
48.69,-0.1485236508843939,0.8543940872411223,-0.14269088115001766,0.8038478675695085
48.7,-0.149582242160992,0.8613875835878964,-0.144776264646392,0.8154716403451372
48.71,-0.15055463243116393,0.8679834203579873,-0.14677998146940135,0.826739464325399
48.72,-0.15144016732778928,0.8741806677011736,-0.14870090873108463,0.8376501522414904
48.730000000000004,-0.15223823235692663,0.8799780629487446,-0.1505379592729491,0.8482025411740637
48.74,-0.15294825301940043,0.8853742214552806,-0.1522900818018317,0.8583948580806953
48.75,-0.15356969495083414,0.8903675677974129,-0.15395626106680677,0.86822496057432
48.76,-0.15410206406111346,0.8949569260217459,-0.15553551805893118,0.8776909477772912
48.77,-0.15454490669648083,0.8991398688520564,-0.15702691019980017,0.8867911311067903
48.78,-0.15489781248927656,0.9028286361994082,-0.15842953130614787,0.8955305838365671
48.79,-0.15516042178271072,0.9059245707699475,-0.15974251118378788,0.9039154355088518
48.800000000000004,-0.1553324325579377,0.9084171914520729,-0.16096501525172224,0.9119448229068564
48.81,-0.1554136027928666,0.910309924193731,-0.16209624451863627,0.9196169775730673
48.82,-0.15540375056576386,0.9116005814840528,-0.16313543572776057,0.9269305981269256
48.83,-0.155302754045316,0.9122907376736377,-0.164081861508124,0.933884007235741
48.84,-0.15511055143227073,0.9123811123602119,-0.1649348305255454,0.9404758377449529
48.85,-0.15482714082633245,0.9118738094334232,-0.16569368763372716,0.9467044626472312
48.86,-0.1544525800346731,0.9107711597451353,-0.16635781403327782,0.9525682142488977
48.870000000000005,-0.1539869863155682,0.9090763500900358,-0.16692662743454256,0.958065531742099
48.88,-0.15343053605996887,0.9067930662490818,-0.16739958221830029,0.9631947773797446
48.89,-0.152783464412873,0.9039256013809809,-0.16777616960516006,0.9679540850407562
48.9,-0.15204606483747518,0.9004788152913521,-0.16805591783666893,0.9723416223753883
48.910000000000004,-0.15121868862134716,0.8964581539473753,-0.16823839235858326,0.9763555776779791
48.92,-0.15030174432626595,0.8918695916245981,-0.1683231960054212,0.9799940417786976
48.93,-0.14929569723432684,0.8867180055685652,-0.1683099693493711,0.9832499216857788
48.94,-0.1482010696768674,0.8809810899243673,-0.16819839399979264,0.9860288796038893
48.95,-0.14701844361527563,0.8746077733688846,-0.16798820316803362,0.9881440858573871
48.96,-0.14574846428941357,0.8675758185904899,-0.16767919576674378,0.9894980094601248
48.97,-0.14439184210782033,0.8598922377881557,-0.16727124511659475,0.9900841541454046
48.980000000000004,-0.14294935248084956,0.851565444111006,-0.16676430129739306,0.9898991419614238
48.99,-0.14142183498360325,0.8426046060607189,-0.16615839151347558,0.9889406828296377
49.0,-0.13981019243246473,0.8330195895382402,-0.16545362031394598,0.9872074533922666
49.01,-0.13811538989096545,0.8228209548254546,-0.1646501697101979,0.9846992146921808
49.02,-0.13633845360720956,0.8120199259697591,-0.1637482991871727,0.9814168167131506
49.03,-0.13448046988513596,0.8006283670246136,-0.16274834560688092,0.9773621637335089
49.04,-0.13254258389228282,0.7886587534049118,-0.16165072300607228,0.9725382058575673
49.050000000000004,-0.13052599840676793,0.7761241450962708,-0.16045592228925182,0.9669489360384823
49.06,-0.12843197250628607,0.76303815738315,-0.15916451081762567,0.9605993813960816
49.07,-0.12626182020199125,0.7494149314230885,-0.15777713189489243,0.9534955895150384
49.08,-0.12401690902024588,0.7352691035869117,-0.1562945041512234,0.9456446124666139
49.09,-0.12169865853528665,0.7206157743313786,-0.154717420827051,0.9370544887885756
49.1,-0.11930853885593211,0.7054704763285651,-0.15304674895852788,0.9277342222752867
49.11,-0.1168480690695135,0.6898491421604236,-0.15128342846679374,0.9176937582952994
49.120000000000005,-0.11431881564626234,0.6737680715655011,-0.14942847115345315,0.9069439574456024
49.13,-0.11172239080742467,0.6572438984031808,-0.14748295960492222,0.8954965668257783
49.14,-0.10906045086040446,0.6402935574009228,-0.14544804600854203,0.8833641889965835
49.15,-0.10633469450425738,0.6229342508057185,-0.14332495088358424,0.8705602488136563
49.160000000000004,-0.10354686110886115,0.6051834150285427,-0.1411149617304857,0.8570989582786662
49.17,-0.1006987289710944,0.5870586873870403,-0.1388194316018437,0.8429952795875496
49.18,-0.09779211355134203,0.5685778730403601,-0.1364397775988816,0.8282648865476858
49.19,-0.09482886569362087,0.5497589122134485,-0.13397747929725637,0.8129241245487933
49.2,-0.09181086983259854,0.5306198478031898,-0.1314340771062196,0.7969899692727037
49.21,-0.08874004219073137,0.5111787934568829,-0.1288111705652693,0.7804799843319814
49.22,-0.08561832896869973,0.491453902210621,-0.12611041658253344,0.7634122780276986
49.230000000000004,-0.08244770453227014,0.4714633357708408,-0.12333352761921161,0.7458054594174863
49.24,-0.07923016959863632,0.4512252345195656,-0.12048226982446907,0.7276785938834185
49.25,-0.07596774942522773,0.43075768831787586,-0.1175584611252239,0.709051158387357
49.26,-0.07266249200389051,0.41007870817974257,-0.11456396927529808,0.6899429965974834
49.27,-0.06931646626325769,0.3892061988808503,-0.11150070986841315,0.670374274065556
49.28,-0.06593176028202856,0.3681579325644627,-0.10837064431950588,0.6503654336284969
49.29,-0.06251047951578476,0.34695152339860225,-0.10517577781881264,0.6299371512016695
49.300000000000004,-0.05905474503985862,0.32560440333541407,-0.10191815726313252,0.6091102921235428
49.31,-0.05556669181065827,0.30413379901578164,-0.09859986916862144,0.5879058682035986
49.32,-0.05204846694774482,0.28255670985903036,-0.09522303756939797,0.5663449956161729
49.33,-0.048502228038831405,0.2608898873690038,-0.09178982190615588,0.5444488537739336
49.34,-0.04493014146975921,0.23914981568507104,-0.08830241490887902,0.5222386453044471
49.35,-0.041334380781373754,0.21735269339864668,-0.0847630404776433,0.4997355572433519
49.36,-0.037717125055104536,0.19551441665202246,-0.0811739515653676,0.476960723546978
49.370000000000005,-0.03408055732891767,0.17365056352985725,-0.07753742806624293,0.45393518901664387
49.38,-0.03042686304518642,0.15177637974992692,-0.07385577471342773,0.4306798747159661
49.39,-0.02675822853189183,0.1299067656530825,-0.0701313189894469,0.40721554495191886
49.4,-0.02307683951843661,0.10805626448976191,-0.06636640905257594,0.38356277587946513
49.410000000000004,-0.019384879687228483,0.08623905199402987,-0.0625634116823287,0.3597419257792276
49.42,-0.015684529262053378,0.06446892723332448,-0.05872471024700041,0.33577310704727376
49.43,-0.01197796363414425,0.04275930471752246,-0.054852702696045544,0.3116761599261163
49.44,-0.008267352026712332,0.0211232077469269,-0.05094979957989703,0.28747062799645934
49.45,-0.004554856198591298,-0.000426737023613441,-0.0470184220996573,0.26317573543986245
49.46,-0.0008426291875265033,-0.02187830383237599,-0.04306100018891396,0.2388103660739995
49.47,0.0028671859064872676,-0.043219670898929086,-0.039079970629757675,0.21439304415359442
49.480000000000004,0.006572457097519499,-0.06443942238623802,-0.03507777520490195,0.1899419169227184
49.49,0.010271064649490933,-0.08552654927194203,-0.031056858887631586,0.1654747388967497
49.5,0.01396090217135608,-0.10647044916583374,-0.027019668071132697,0.14100885784571981
49.51,0.01763987767171609,-0.12726092511414783,-0.022968648838588755,0.11656120244485235
49.52,0.02130591457299225,-0.14788818343158747,-0.018906245275260754,0.09214827155245701
49.53,0.0249569526853858,-0.16834283060494365,-0.014834897823606915,0.0677861250706922
49.54,0.028590949140949434,-0.188615869312754,-0.010757041682341102,0.0434903763402127
49.550000000000004,0.03220587928817493,-0.20869869360691912,-0.006675105250175321,0.01927618601612029
49.56,0.03579973754758976,-0.22858308330346988,-0.002591508614844725,-0.00484174263058945
49.57,0.039370538228933494,-0.24826119762961374,0.0014913379121279456,-0.028849167044579398
49.58,0.04291631631055295,-0.26772556817524995,0.0055710352146083894,-0.05273230741133998
49.59,0.04643512818173635,-0.2869690911973221,0.009645196744775424,-0.07647784743824092
49.6,0.04992505234875478,-0.3059850193246071,0.013711449849728021,-0.10007293395506311
49.61,0.053384190105452735,-0.32476695271139666,0.017767437051824306,-0.12350517539825422
49.620000000000005,0.05681066616927314,-0.3433088296870184,0.02181081728291362,-0.14676263924371324
49.63,0.060202629283661574,-0.3616049169478647,0.025839267072726865,-0.16983384845287253
49.64,0.0635582527878294,-0.37964979933776055,0.029850481691789003,-0.19270777699660327
49.65,0.0668757351549074,-0.3974383692612635,0.03384217624930775,-0.21537384452088792
49.660000000000004,0.0701533004995464,-0.4149658157732037,0.037812086746579196,-0.23782191021736757
49.67,0.0733891990560601,-0.432227613386544,0.04175797108652896,-0.2600422659607927
49.68,0.07658170762823314,-0.44921951063953647,0.0456776100400805,-0.28202562877404813
49.69,0.07972913001193667,-0.46593751846058307,0.04956880817010862,-0.303763132680068
49.7,0.08282979739171578,-0.4823778983691862,0.05342939471379742,-0.3252463199980834
49.71,0.08588206871253169,-0.49853715054852854,0.05725722442427638,-0.34646713214005465
49.72,0.08888433102784536,-0.5144120018241596,0.06105017837245851,-0.3674178999610775
49.730000000000004,0.09183499982525302,-0.5299993935825519,0.06480616471004716,-0.38809133371546317
49.74,0.09473251933087158,-0.5452964696596809,0.06852311939471915,-0.4084805126682657
49.75,0.0975753627936891,-0.5603005642317056,0.07219900687852393,-0.428578874409516
49.76,0.10036203275108749,-0.5750091897346606,0.0758318207605689,-0.4483802039164866
49.77,0.1030910612767434,-0.5894200248425219,0.07941958440508563,-0.46787862240670086
49.78,0.10576101021210603,-0.6035309025289397,0.08296035152599211,-0.4870685760223352
49.79,0.1083704713826432,-0.6173397982386348,0.08645220673908285,-0.5059448243841677
49.800000000000004,0.11091806680003578,-0.6308448181924573,0.08989326608299134,-0.5245024290510183
49.81,0.11340244885148343,-0.6440441878496543,0.09328167751007843,-0.5427367419182377
49.82,0.11582230047727485,-0.6569362405491914,0.09661562134840647,-0.5606433935867409
49.83,0.11817633533774981,-0.6695194063520242,0.0998933107359611,-0.578218281731682
49.84,0.12046329797076759,-0.6817922011040249,0.10311299202828289,-0.5954575594979089
49.85,0.12268196394076586,-0.6937532157398432,0.1062729451806683,-0.6123576239470495
49.86,0.12483113998047955,-0.7054011058482751,0.10937148410609321,-0.6289151045771718
49.870000000000005,0.12690966412635127,-0.7167345815276958,0.11240695701000693,-0.6451268519225043
49.88,0.12891640584864486,-0.7277523975458955,0.11537774670313368,-0.6609899262655429
49.89,0.13085026617723278,-0.7384533440144184,0.1182822708934097,-0.676501586470791
49.9,0.13271017782395358,-0.7488362384424048,0.12111898245818994,-0.6916592783209589
49.910000000000004,0.13449510530242603,-0.7588999157307175,0.12388636969784572,-0.7064606239872196
49.92,0.13620404504628517,-0.7686432177007814,0.12658295657178717,-0.7209034128785273
49.93,0.1378360255265809,-0.7780649921899725,0.1292073029179379,-0.7349855897126735
49.94,0.13939010736881194,-0.7871640857503573,0.13175800465678142,-0.7487052432084564
49.95,0.14086538346992064,-0.7959393452868158,0.13423369398106252,-0.7620605967287412
49.96,0.1422609791146819,-0.804389638410577,0.13663303953221317,-0.7750499958046164
49.97,0.14357605208747165,-0.8125139496021387,0.13895474656479517,-0.787671892268388
49.980000000000004,0.14480979275885517,-0.8203118798210514,0.14119755710106507,-0.7999248093109074
49.99,0.14596142410469312,-0.8277841572474367,0.1433602500801227,-0.8118072627474167
50.0,0.14703020169737985,-0.8349302202722662,0.14544164150431324,-0.8233178223024551
50.01,0.14801541375677554,-0.8417489212374812,0.1474405845626575,-0.8344557194386811
50.02,0.14891638124880824,-0.8482393332183911,0.14935596970884127,-0.8452205643024532
50.03,0.1497324579975227,-0.854400117045959,0.1511867247115988,-0.8556118317217539
50.04,0.15046303082010168,-0.8602297088735446,0.15293181470884004,-0.865628849050787
50.050000000000004,0.1511075196871647,-0.8657263491839586,0.15459024227294726,-0.8752709041537431
50.06,0.1516653779016057,-0.8708881341036587,0.15616104748132653,-0.8845372720780275
50.07,0.1521360924777007,-0.8757070261674028,0.15764330797552012,-0.8934276441921503
50.08,0.15251918808476062,-0.8800694018179492,0.15903613874948738,-0.9019498293000935
50.09,0.1528142354132148,-0.883891213093177,0.16033869159747427,-0.9101094137055692
50.1,0.15302085763201878,-0.8871705050426517,0.16155015471289874,-0.9179054543947838
50.11,0.15313873225174918,-0.8899038986861,0.16266975265371758,-0.9253370034878506
50.120000000000005,0.1531675913914469,-0.8920894706806772,0.1636967464368518,-0.9324031171181152
50.13,0.1531072220014262,-0.8937253041574431,0.16463043363451108,-0.9391027863150664
50.14,0.15295746603523908,-0.8948101849059082,0.16547014847860927,-0.9454348413465498
50.15,0.15271822057523418,-0.8953432710100446,0.1662152619764406,-0.95139804625758
50.160000000000004,0.15238943790877094,-0.895324271044923,0.16686518203511186,-0.9569910898842544
50.17,0.15197112555516606,-0.8947533675256243,0.16741935359138516,-0.9622126481507368
50.18,0.1514633462427495,-0.8936312451478557,0.16787725874626155,-0.9670613118395844
50.19,0.15086621783726079,-0.8919590547264014,0.16823841690822833,-0.9715355351338034
50.2,0.15017991322226448,-0.889738430879575,0.16850238494755485,-0.9756336868160566
50.21,0.1494046601317348,-0.8869714820224402,0.16866875735996847,-0.97935405529812
50.22,0.14854074093508207,-0.8836607857754339,0.16873716643854728,-0.9826948455197038
50.230000000000004,0.14758849250973669,-0.8798050251662787,0.16870728287921602,-0.9856403980522227
50.24,0.14654830733417806,-0.8753692686410933,0.1685788203957417,-0.988067380356435
50.25,0.1454206368875615,-0.8703001243364423,0.16835154775657918,-0.9897931366442244
50.26,0.14420599554057456,-0.864579326370813,0.16802530249959413,-0.9907444707102974
50.27,0.14290496236864644,-0.8582115288156555,0.16759999823017885,-0.9909189176417189
50.28,0.14151818112916484,-0.8512017172652513,0.16707562627325112,-0.9903137270132124
50.29,0.1400463597363244,-0.8435559533547725,0.16645225587738186,-0.9889282504141105
50.300000000000004,0.13849026965833586,-0.8352808768545217,0.16573003430290228,-0.9867624187925677
50.31,0.1368507452398536,-0.8263839327863371,0.16490918679847297,-0.983817505430418
50.32,0.13512868295250802,-0.8168732333587001,0.16399001647039144,-0.9800957411754032
50.33,0.1333250405745685,-0.8067576001629728,0.16297290404288808,-0.9756004986269449
50.34,0.13144083630193792,-0.7960465139856889,0.16185830751113303,-0.9703361879317588
50.35,0.12947714779223216,-0.7847501111280388,0.16064676168670738,-0.9643083137446996
50.36,0.1274351111441323,-0.7728791502922184,0.15933887763707036,-0.9575234013160255
50.370000000000005,0.12531591981440496,-0.7604449907357539,0.15793534202207535,-0.949988979381634
50.38,0.12312082347510686,-0.7474595674004372,0.1564369163300796,-0.9417135723632263
50.39,0.1208511268134212,-0.7339353655870735,0.15484443601509013,-0.932706677099095
50.4,0.11850818827670712,-0.7198853935525014,0.15315880953713162,-0.9229787343438371
50.410000000000004,0.11609341876546768,-0.7053231549980282,0.15138101730860334,-0.9125410996323363
50.42,0.1136082802770299,-0.6902626203629165,0.14951211054969318,-0.9014060087266403
50.43,0.11105428450279346,-0.6747181977302847,0.14755321005620484,-0.8895865428455756
50.44,0.10843299138197711,-0.6587047033109124,0.14550550488331385,-0.8770965924290531
50.45,0.10574600761481574,-0.6422373315043146,0.14337025094893294,-0.8639508181477451
50.46,0.10299498513821226,-0.6253316247145322,0.14114876956057357,-0.85016461046643
50.47,0.10018161956686063,-0.6080034430121957,0.13884244586976668,-0.8357540476292433
50.480000000000004,0.09730764860288446,-0.590268933747066,0.13645272725824797,-0.8207358524390321
50.49,0.09437485041702598,-0.5721445012133766,0.13398112166023765,-0.8051273479527049
50.5,0.0913850420044265,-0.5536467764594595,0.13142919582524648,-0.7889464123428946
50.51,0.08834007751801132,-0.5347925873369246,0.12879857352592342,-0.7722114331109778
50.52,0.0852418465824837,-0.5155989288739307,0.1260909337155208,-0.7549412608673371
50.53,0.0820922725918789,-0.4960829340565359,0.12330800863959514,-0.7371551628746834
50.54,0.07889331099360793,-0.47626184509519837,0.12045158190658227,-0.718872776554018
50.550000000000004,0.07564694756185708,-0.45615298524940273,0.11752348652188754,-0.7001140631426634
50.56,0.072355196663161,-0.43577373127830127,0.11452560289011464,-0.6808992616888767
50.57,0.06902009951689704,-0.4151414865799616,0.11145985679002107,-0.6612488435585522
50.58,0.06564372245338898,-0.39427365507702883,0.10832821732673521,-0.6411834676209847
50.59,0.062228155172221515,-0.37318761590146277,0.10513269486570063,-0.6207239362707224
50.6,0.0587755090032963,-0.35190069892583986,0.10187533895272853,-0.5998911524322609
50.61,0.05528791517306854,-0.3304301611840534,0.09855823622443934,-0.5787060776832496
50.620000000000005,0.051767523078317966,-0.3087931642186975,0.09518350831326165,-0.5571896916205687
50.63,0.04821649856971369,-0.2870067523884652,0.09175330975103196,-0.5353629525818565
50.64,0.04463702224733386,-0.2650878321629352,0.08826982587510158,-0.5132467598232777
50.65,0.04103128777020713,-0.24305315242846434,0.08473527074071169,-0.49086191724229505
50.660000000000004,0.03740150018183505,-0.22091928582351172,0.08115188504324211,-0.4682290987223352
50.67,0.03374987425355779,-0.19870261111732462,0.07752193405377687,-0.4453688151645089
50.68,0.030078632847516013,-0.17641929664228898,0.07384770557126112,-0.4223013832599118
50.69,0.0263900053008592,-0.15408528478456826,0.07013150789434947,-0.3990468960449462
50.7,0.022686225832742286,-0.1317162775348779,0.06637566781586784,-0.37562519527117605
50.71,0.018969531975551155,-0.10932772309703961,0.06258252864262952,-0.35205584561082826
50.72,0.015242163031681865,-0.08693480354747321,0.05875444824316295,-0.3283581107092855
50.730000000000004,0.011506358557109436,-0.06455242353700674,0.05489379712572418,-0.3045509310863431
50.74,0.007764356872855963,-0.042195200021079654,0.05100295654878338,-0.28065290387944397
50.75,0.004018393605388393,-0.019877453003816062,0.047084316665989424,-0.25668226441367586
50.76,0.0002707002568570655,0.002386802723456892,0.043140274707436393,-0.23265686957589038
50.77,-0.0034764971940074935,0.024583864869246054,0.039173233198875085,-0.20859418296318746
50.78,-0.007220979659614002,0.04670034997780833,0.035185598220335665,-0.18451126176970517
50.79,-0.010960536279224527,0.06872319883866873,0.031179777705455033,-0.16042474536989065
50.800000000000004,-0.014692965722129067,0.0906396809958559,0.027158179782633823,-0.13635084555122048
50.81,-0.01841607745783647,0.11243739838524729,0.0231232111589827,-0.1123053383449387
50.82,-0.022127692992927835,0.1341042881281836,0.019077275547860043,-0.08830355739919461
50.83,-0.02582564707429967,0.15562862451254328,0.015022772140648698,-0.06436038883593813
50.84,-0.029507788858606165,0.176999020190551,0.010962094123272342,-0.04049026752963079
50.85,-0.033171983047788275,0.19820442662655757,0.006897627237810551,-0.016707174744106195
50.86,-0.036816110990653274,0.21923413382542922,0.002831748389436821,0.006975362938381675
50.870000000000005,-0.0404380717505382,0.24007776937482683,-0.0012331757012246972,0.03054427346280674
50.88,-0.04403578313916142,0.2607252968343785,-0.005294789800349619,0.05398693798954127
50.89,-0.04760718271682971,0.28116701350391854,-0.00935075141791174,0.0772911884934224
50.9,-0.05115022875923061,0.30139354760574005,-0.013398732019678629,0.10044530434173185
50.910000000000004,-0.05466290119109929,0.3213958549126013,-0.017436418194554357,0.12343800791921916
50.92,-0.058143202487104514,0.3411652148565578,-0.021461512777714513,0.14625845936713858
50.93,-0.0615891585403464,0.3606932261512741,-0.02547173593006605,0.16889625050267798
50.94,-0.06499881949891521,0.379971801961824,-0.029464826174645926,0.19134139798364308
50.95,-0.06837026057099338,0.3989931646551658,-0.03343854139064764,0.2135843357819705
50.96,-0.07170158279903803,0.41774984016501826,-0.037390659765832515,0.23561590702782187
50.97,-0.07499091380360817,0.43623465200334316,-0.041318980708145756,0.2574273552843809
50.980000000000004,-0.07823640849744469,0.4544407149520501,-0.04522132571741274,0.27901031531124987
50.99,-0.08143624977043482,0.47236142846615914,-0.04909553921804271,0.30035680337253684
51.0,-0.0845886491461298,0.4899904698209371,-0.05293948935371081,0.32145920714331117
51.01,-0.08769184741050337,0.5073217870332309,-0.05675106874503007,0.34231027526608193
51.02,-0.09074411521366083,0.5243495915878211,-0.06052819521125913,0.36290310660651437
51.03,-0.09374375364523573,0.5410683509978429,-0.06426881245712078,0.38323113925539026
51.04,-0.09668909478421625,0.5574727812278125,-0.06797089072583198,0.4032881393214876
51.050000000000004,-0.09957850222396616,0.5735578390065086,-0.07163242741946606,0.4230681895577003
51.06,-0.1024103715732087,0.589318714056519,-0.07525144768778462,0.44256567786040263
51.07,-0.10518313093375675,0.6047508212642858,-0.07882600498668815,0.46177528567996473
51.08,-0.1078952413557712,0.6198497928163684,-0.0823541816074442,0.4806919763777073
51.09,-0.11054519727134059,0.634611470322306,-0.08583408917785554,0.49931098356288284
51.1,-0.1131315269071667,0.6490318969474954,-0.08926386913653393,0.517627799440595
51.11,-0.11565279267714836,0.6631073095740451,-0.09264169318144266,0.5356381631999734
51.120000000000005,-0.11810759155564776,0.67683413101019,-0.09596576369386738,0.5533380494694352
51.13,-0.12049455543221839,0.6902089622637796,-0.09923431413896762,0.5707236568643057
51.14,-0.12281235144856979,0.7032285748977987,-0.10244560944405214,0.5877913966498214
51.15,-0.12505968231853568,0.7158899034814141,-0.10559794635570897,0.6045378815410004
51.160000000000004,-0.1272352866317967,0.7281900381514388,-0.1086896537769083,0.6209599146588685
51.17,-0.12933793914210695,0.7401262172964267,-0.11171909308517931,0.6370544786610327
51.18,-0.13136645104075376,0.7516958203753932,-0.11468465843294531,0.6528187250628245
51.19,-0.13331967021596908,0.7628963608819453,-0.11758477703108218,0.6682499637637724
51.2,-0.13519648149899668,0.773725479463805,-0.12041790941674431,0.6833456527926141
51.21,-0.13699580689750282,0.7841809372066522,-0.12318254970648068,0.6981033882826573
51.22,-0.1387166058170027,0.7942606090910167,-0.12587722583563984,0.7125208946879478
51.230000000000004,-0.14035787527095434,0.803962477629211,-0.12850049978503972,0.7265960152494206
51.24,-0.14191865008015758,0.8132846266895162,-0.13105096779585157,0.7403267027193869
51.25,-0.14339800306207653,0.8222252355071522,-0.13352726057362252,0.7537110103542559
51.26,-0.1447950452106925,0.8307825724492984,-0.13592804348233414,0.7667470831879708
51.27,-0.1461089258678459,0.8389549780312526,-0.13825201672940124,0.7794331484274076
51.28,-0.14733883288952146,0.8467407839217809,-0.14049791554263527,0.7917675032461722
51.29,-0.14848399284052208,0.8541373699040224,-0.14266451034018468,0.8037485076773975
51.300000000000004,-0.1495436713168102,0.8611395057250684,-0.1447506068903705,0.8153747041313153
51.31,-0.150517173341808,0.8677443409314611,-0.1467550464536653,0.826644883056937
51.32,-0.1514038436385381,0.8739509027874339,-0.14867670590804993,0.837557860713889
51.33,-0.1522030667706665,0.8797579400407245,-0.15051449786715393,0.8481124863642509
51.34,-0.15291426726366594,0.8851640913472942,-0.15226737081339775,0.8583070532787539
51.35,-0.15353690974357753,0.8901677786400121,-0.15393430927061577,0.8681394439013574
51.36,-0.1540704990773387,0.8947677879586572,-0.15551433400189443,0.8776077368990307
51.370000000000005,-0.1545145805317971,0.8989618548958709,-0.1570065021993377,0.8867102212824345
51.38,-0.1548687425804646,0.9026633763851568,-0.1584099074525688,0.8954518927988462
51.39,-0.15513262429867722,0.9057726994867148,-0.15972367934496517,0.9038389449742261
51.4,-0.1553059223350233,0.9082787590382883,-0.16094698307460642,0.9118705641823251
51.410000000000004,-0.15538839331142937,0.9101852156562734,-0.16207901942780625,0.9195449576464615
51.42,-0.1553798539314823,0.9114897275053668,-0.1631190249237713,0.9268608377371295
51.43,-0.1552801809722276,0.9121939097417024,-0.16406627196577497,0.9338165232159508
51.44,-0.1550893112286909,0.9122984223071449,-0.16492006899216388,0.9404106438854256
51.45,-0.1548072413831561,0.9118053614570165,-0.16567976062757753,0.9466415760209691
51.46,-0.15443402781627075,0.910717024496627,-0.16634472784183582,0.952507652982823
51.47,-0.15396978635314296,0.9090365771783503,-0.16691438811263315,0.9580073146077288
51.480000000000004,-0.1534146919474867,0.9067676770915737,-0.16738819558630294,0.9631389192561088
51.49,-0.1527689783055494,0.903914593242721,-0.16776564124739973,0.9679006006221873
51.5,-0.15203293745276986,0.9004821608443329,-0.16804625309974028,0.9722905313090208
51.51,-0.15120691924240043,0.8964758015513273,-0.168229596349414,0.976306900283812
51.52,-0.15029133080777807,0.8919014649976764,-0.16831527358923143,0.9799477975349417
51.53,-0.1492866360071269,0.8867641258340826,-0.1683029251360765,0.9832065054235788
51.54,-0.14819335573387787,0.8810419408862123,-0.1681922322646147,0.9859902178622161
51.550000000000004,-0.14701207048024575,0.8746835944085123,-0.16798292771038376,0.9881114142246871
51.56,-0.14574342400113252,0.8676664422661796,-0.16767480981035815,0.9894713523056304
51.57,-0.14438812522977917,0.8599974792376739,-0.1672677512827314,0.9900635487698501
51.58,-0.14294694812076478,0.8516850868341854,-0.16676170160234088,0.9898845924726744
51.59,-0.14142073081541376,0.8427384149658514,-0.16615668736738137,0.9889321954900411
51.6,-0.13981037472061444,0.8331673052570026,-0.1654528125207832,0.9872050152881234
51.61,-0.1381168435168475,0.8229822984009414,-0.16465025846846854,0.9847028184909127
51.620000000000005,-0.13634116209768005,0.8121945979726166,-0.16374928409086942,0.9814264500354005
51.63,-0.13448441544300255,0.8008160488416967,-0.16275022564682445,0.9773778065976927
51.64,-0.132547747428702,0.7888591079134524,-0.1616534965719284,0.9725598317290589
51.65,-0.13053235957546674,0.7763368176720133,-0.1604595871722101,0.9669765123038752
51.660000000000004,-0.12843950973951054,0.7632627767857347,-0.15916906421369156,0.9606328695569611
51.67,-0.12627051074809212,0.7496511107471246,-0.15778257040878352,0.9535349448422341
51.68,-0.12402672898280723,0.7355164412037671,-0.15630082380086974,0.9456897844353584
51.69,-0.12170958291370006,0.720873854850758,-0.15472461704868345,0.9371054211410712
51.7,-0.119320541587323,0.7057388715578017,-0.15305481661233394,0.9277908532855074
51.71,-0.11686112307192129,0.6901274120721849,-0.1512923618431216,0.9177560209462662
51.72,-0.11433289286297789,0.6740557652617972,-0.14943826397954244,0.9070117796630067
51.730000000000004,-0.11173746225238892,0.657540555080301,-0.14749360505214,0.8955698716940035
51.74,-0.10907648666457209,0.6405987073081711,-0.14545953670010123,0.8834428949927432
51.75,-0.10635166396282673,0.6232474161995292,-0.14333727890272205,0.8706442700400433
51.76,-0.10356473272927809,0.60550411111763,-0.14112811862907787,0.8571882047019429
51.77,-0.10071747052173599,0.5873864232686119,-0.13883340840943115,0.8430896572788644
51.78,-0.09781169211078174,0.568912152624715,-0.13645456483208565,0.8283642979250944
51.79,-0.09484924770038929,0.5500992351363142,-0.13399306696955773,0.8130284686198013
51.800000000000004,-0.09183202113534356,0.5309657103237699,-0.13145045473807743,0.7970991418765855
51.81,-0.08876192809868953,0.5115296893411633,-0.128828327194556,0.7805938783806183
51.82,-0.0856409143023942,0.4918093235981023,-0.12612834077526083,0.7635307837442653
51.83,-0.08247095367434154,0.4718227740243057,-0.12335220748052533,0.7459284645720424
51.84,-0.0792540465447296,0.45158818105636367,-0.12050169300988699,0.7278059840247122
51.85,-0.07599221783484644,0.43112363542265786,-0.117578614852096,0.7091828170700204
51.86,-0.07268751525114107,0.41044714979709623,-0.11458484033446474,0.69007880560404
51.870000000000005,-0.06934200748740223,0.3895766313879914,-0.11152228463604033,0.6705141136225397
51.88,-0.06595778243777208,0.36852985552279083,-0.10839290876907469,0.6505091826161534
51.89,-0.06253694542322029,0.3473244402843818,-0.10519871753324343,0.6300846873566698
51.9,-0.05908161743399697,0.32597782224841465,-0.10194175744702275,0.6092614922343106
51.910000000000004,-0.055593933390474054,0.3045072333666312,-0.09862411466057809,0.5880606082977217
51.92,-0.052076040424668256,0.282929679034014,-0.09524791285444573,0.5665031511396621
51.93,-0.048530096184623894,0.2612619173733199,-0.09181531112820324,0.5446102997618638
51.94,-0.044958267163702555,0.23952043976361015,-0.08832850188322572,0.5224032565428429
51.95,-0.04136272705671787,0.2177214526349371,-0.08478970870351246,0.49990320842201036
51.96,-0.037745655144710254,0.19588086054511683,-0.08120118423844763,0.47713128940310034
51.97,-0.03410923471003901,0.1740142505494774,-0.07756520809122516,0.4541085444691532
51.980000000000004,-0.030455651483337277,0.15213687786977848,-0.07388408471652602,0.4308558949904463
51.99,-0.026787092123744517,0.13026365286298264,-0.070160141330887,0.40739410569613116
52.0,-0.02310574273370094,0.10840912928602231,-0.06639572583904323,0.3837437532695354
52.01,-0.019413787409462754,0.08658749384910536,-0.06259320477936368,0.3599251966165035
52.02,-0.015713406828363665,0.0648125570442332,-0.058754961291332126,0.33595854884604526
52.03,-0.012006776873723424,0.04309774523353633,-0.05488339310785467,0.3118636509923209
52.04,-0.008296067298179844,0.021456093976711912,-0.05098091057500052,0.28766004749758717
52.050000000000004,-0.0045834404260931836,-9.975742573691687e-05,-0.047049934701607544,0.2633669634663448
52.06,-0.000871049895556619,-0.02155757020026766,-0.043092895241006714,0.23900328369228518
52.07,0.002838960559580972,-0.04290550920917263,-0.03911222880694323,0.21458753345130335
52.08,0.006544458287375372,-0.06413214493297911,-0.035110377025595225,0.19013786104615918
52.09,0.010243322854953671,-0.08522645436201845,-0.031089784725417083,0.16567202208117343
52.1,0.013933447145108123,-0.10617782083436406,-0.027052898166361854,0.14120736543870088
52.11,0.01761273841234591,-0.12697603286055373,-0.02300216330986696,0.11676082092319348
52.120000000000005,0.02127911929852409,-0.1476112819759605,-0.018940024130822238,0.0923488885330155
52.13,0.024930528808298557,-0.16807415966505093,-0.014868920972576982,0.06798762931557473
52.14,0.028564923244702566,-0.1883556534013685,-0.010791288945884612,0.04369265775672491
52.15,0.03218027710526266,-0.20844714185016353,-0.006709556372531702,0.019479135651975843
52.160000000000004,0.035774583939140646,-0.22834038927941086,-0.002626143274249867,-0.004638232596461459
52.17,0.03934585716586981,-0.24802753922799647,0.0014565400926320855,-0.028645203315094857
52.18,0.04289213085632652,-0.2675011074778631,0.0055360946564748425,-0.05252799558783291
52.19,0.046411460476646,-0.28675397437931627,0.00961013390336294,-0.07627329204008146
52.2,0.04990192359586191,-0.3057793765768388,0.013676285203818908,-0.09986823844189609
52.21,0.0533616205580953,-0.3245708981838523,0.017732191093247644,-0.12330044219445836
52.22,0.05678867512018731,-0.34312246145315983,0.02177551050627131,-0.14655796976467245
52.230000000000004,0.06018123505571175,-0.3614283169904277,0.02580391996522001,-0.16962934313263833
52.24,0.0635374727263489,-0.37948303355561575,0.02981511472314169,-0.19250353531657577
52.25,0.0668555856216463,-0.3972814874976719,0.033806809861785754,-0.2151699650391324
52.26,0.07013379686822373,-0.41481885186542783,0.03777674134510063,-0.23761849059819556
52.27,0.07337035570951585,-0.4320905852371211,0.04172266702886401,-0.2598394030042348
52.28,0.07656353795717069,-0.4490924203088431,0.04564236762713715,-0.28182341844490794
52.29,0.0797116464152466,-0.4658203522812128,0.049533647636301824,-0.3035616701361783
52.300000000000004,0.08281301127836643,-0.48227062708219987,0.05339433621749916,-0.3250456996174633
52.31,0.08586599050501548,-0.49843972946107873,0.05722228803834344,-0.346267447546698
52.32,0.08886897016716357,-0.5143243709897213,0.06101538407483578,-0.36721924404896417
52.33,0.09182036477741663,-0.5299214780021897,0.06477153237444438,-0.3878937986706896
52.34,0.09471861759490303,-0.545228179506329,0.06848866878135854,-0.4082841899888355
52.35,0.09756220091109599,-0.5602417950954902,0.07216475762495715,-0.428383854922718
52.36,0.1003496163167868,-0.5749598228910044,0.07579779237256172,-0.4481865777934965
52.370000000000005,0.1030793949514082,-0.5893799275415847,0.07938579624756853,-0.46768647917430534
52.38,0.10575009773590224,-0.6034999283072643,0.08292682281407646,-0.4868780045714956
52.39,0.10836031559032833,-0.6173177872521632,0.0864189565291412,-0.5057559129753375
52.4,0.11090866963738161,-0.6308315975711105,0.08986031326380188,-0.5243152653159928
52.410000000000004,0.1133938113929906,-0.6440395720728657,0.09324904079403332,-0.5425514128584892
52.42,0.11581442294513727,-0.6569400318423073,0.09658331926278425,-0.5604599855680573
52.43,0.1181692171220306,-0.6695313951026504,0.09986136161426427,-0.5780368804751146
52.44,0.1204569376507432,-0.6818121662983385,0.10308141400164106,-0.5952782500669439
52.45,0.12267635930739652,-0.6937809254173746,0.10624175616930855,-0.6121804907311135
52.46,0.12482628805995617,-0.7054363175737792,0.10934070181087965,-0.628740231272641
52.47,0.1269055612046733,-0.716777042875394,0.11237659890405073,-0.6449543215167276
52.480000000000004,0.1289130474971801,-0.7278018466019691,0.11534783002347622,-0.6608198210080951
52.49,0.13084764727920994,-0.7385095097985368,0.11825281263278052,-0.6763339878653987
52.5,0.1327082926018502,-0.7488988411850841,0.12108999935683616,-0.6914942672647039
52.51,0.13449394734618997,-0.7589686680420318,0.1238578782354374,-0.7062982804292443
52.52,0.1362036073423123,-0.7687178251060724,0.12655497295941676,-0.7207438156615991
52.53,0.13783630048742115,-0.7781451524097958,0.12917984309021865,-0.7348288169102647
52.54,0.13939108686357177,-0.7872494905197999,0.13173108426403843,-0.7485513718864171
52.550000000000004,0.14086705885530604,-0.7960296796892297,0.13420732838162122,-0.7619097029493243
52.56,0.142263341266682,-0.8044845807880654,0.13660724378478895,-0.7749021546695231
52.57,0.14357909143370653,-0.8126131713634974,0.13892953542098008,-0.7875271779690931
52.58,0.14481349931154533,-0.8204150471688864,0.14117294499789446,-0.7997832955721099
52.59,0.14596578749458425,-0.8278909176387433,0.14333625113267304,-0.8116690236888198
52.6,0.1470352112093074,-0.8350402010113149,0.1454182694983566,-0.8231829299150051
52.61,0.14802105836694593,-0.8418617376442283,0.14741785294785323,-0.8343242315438009
52.620000000000005,0.14892264966326932,-0.8483545935198559,0.14933389159307103,-0.8450925257853029
52.63,0.14973933869126324,-0.8545174275150549,0.1511653128564158,-0.8554872812144966
52.64,0.15047051207639203,-0.8603486749165872,0.15291108152570468,-0.8655078180716135
52.65,0.1511155896368336,-0.8658465802912506,0.1545701998198901,-0.875153425850091
52.660000000000004,0.15167402456207071,-0.8710092410687267,0.15614170745988054,-0.8844233728877275
52.67,0.1521453037811574,-0.8758289657190228,0.1576246817287152,-0.8933173259197741
52.68,0.15252895186162838,-0.8801930253434684,0.1590182372633774,-0.9018430230721493
52.69,0.15282453935247411,-0.8840164672094711,0.1603215255045528,-0.9100061183485405
52.7,0.15303168928141245,-0.8872969192186277,0.1615337342924574,-0.9178057047700532
52.71,0.1531500790498727,-0.8900312150035063,0.16265408782963506,-0.9252408168047644
52.72,0.15317944070071235,-0.8922173291280905,0.16368184677538108,-0.9323105159133973
52.730000000000004,0.1531195611400841,-0.8938534019485673,0.16461630834224655,-0.9390137901398439
52.74,0.1529702823092186,-0.8949381982774985,0.1654568064004198,-0.9453494723124181
52.75,0.15273150130929666,-0.89547089490866,0.16620271159339847,-0.95131632448333
52.76,0.1524031704771365,-0.8954512003592415,0.16685343146245926,-0.9569130359152568
52.77,0.1519852974114357,-0.8948793076204373,0.16740841057652675,-0.9621382823442316
52.78,0.15147794494910855,-0.8937559074035152,0.1678671306667854,-0.9669906537424411
52.79,0.1508812310928821,-0.8920821596689548,0.16822911076999825,-0.9714686034600367
52.800000000000004,0.15019532889085993,-0.8898597076835442,0.1684939073828691,-0.9755705000570623
52.81,0.14942046626818317,-0.8870906696753605,0.1686611146257637,-0.9792946314333423
52.82,0.14855692581107569,-0.8837776333788019,0.16873036441464503,-0.9826392021746959
52.83,0.14760504463325033,-0.8799194591618757,0.16870132705033145,-0.9855890799201144
52.84,0.1465652154486106,-0.8754815834985229,0.16857371577263666,-0.9880220608558209
52.85,0.14543788995415272,-0.8704104536601209,0.1683472987480659,-0.9897549384762832
52.86,0.1442235827308647,-0.8646874999744484,0.16802191282034237,-0.9907135153785953
52.870000000000005,0.14292287307533594,-0.8583173691586088,0.1675974708708034,-0.9908952631350542
52.88,0.14153640498293177,-0.8513050597001668,0.16707396349336484,-0.9902974296484761
52.89,0.1400648866218687,-0.8436566422170347,0.16645145920044524,-0.9889193516304853
52.9,0.13850908972936504,-0.8353787678773053,0.16573010451210618,-0.9867609514743793
52.910000000000004,0.13686984893299795,-0.8264788923150932,0.1649101239337068,-0.9838234905052384
52.92,0.13514806100013038,-0.8169651391305957,0.16399181982629407,-0.9801091891176996
52.93,0.13334468401644978,-0.8068463412647944,0.16297557216800165,-0.9756214085541983
52.94,0.13146073649580584,-0.796131991422725,0.16186183820809677,-0.9703645501335818
52.95,0.12949729642310018,-0.7848322380632915,0.16065115201338095,-0.9643441097922997
52.96,0.12745550023244195,-0.7729578515059485,0.15934412390874864,-0.9575665970135268
52.97,0.12533654172298894,-0.7605202028791482,0.15794143981505024,-0.950039527685883
52.980000000000004,0.12314167091496259,-0.7475312393883102,0.15644386048646863,-0.9417714157871963
52.99,0.12087219284827279,-0.7340034584877699,0.1548522206487885,-0.9327717466631037
53.0,0.11852946632634861,-0.7199498807109749,0.15316742804086453,-0.9230509504566489
53.01,0.11611490260788906,-0.7053840219861806,0.15139046236206455,-0.9126203717937521
53.02,0.11362996404932413,-0.6903198649371862,0.14952237412876365,-0.9014922356621992
53.03,0.11107616270085563,-0.6747718297624479,0.14756428344323844,-0.8896796128571164
53.04,0.10845505885899878,-0.6587547446980697,0.1455173786784604,-0.8771963837448132
53.050000000000004,0.10576825957858957,-0.6422838160315304,0.14338291508246565,-0.864057199175952
53.06,0.10301741714725768,-0.625374597893574,0.1411622133061908,-0.8502774401390182
53.07,0.10020422752539161,-0.6080429618853527,0.13885665785883586,-0.8358731757406896
53.08,0.09733042875463731,-0.5903050666610643,0.13646769549495594,-0.8208611200256792
53.09,0.09439779933797121,-0.5721773275619024,0.13399683353761008,-0.8052585876872687
53.1,0.09140815659439364,-0.5536763863952489,0.131445638141996,-0.7890834489542318
53.11,0.08836335499125515,-0.5348190814545788,0.1288157325040847,-0.7723540838211654
53.120000000000005,0.08526528445722208,-0.5156224178634461,0.12610879501882838,-0.7550893358471943
53.13,0.08211586867884364,-0.4961035383293362,0.12332655739255831,-0.7373084657140712
53.14,0.07891706338364067,-0.4762796943832499,0.12047080271421012,-0.7190311047456653
53.15,0.07567085461259661,-0.4561682181792637,0.1175433634900152,-0.7002772085769379
53.160000000000004,0.07237925698486009,-0.4357864949208171,0.11454611964628175,-0.6810670111576488
53.17,0.06904431195741895,-0.41515193597809863,0.11148099650485153,-0.661420979265798
53.18,0.06566808608242881,-0.39428195275257183,0.10834996273576741,-0.6413597676981715
53.19,0.06225266926480382,-0.37319393134327294,0.10515502829161663,-0.6209041752947537
53.2,0.05880017302259832,-0.35190520806078635,0.10189824232793056,-0.6000751019440461
53.21,0.05531272875262501,-0.3304330458332222,0.09858169111392154,-0.5788935067048038
53.22,0.05179248600366176,-0.3087946115404483,0.09520749593772579,-0.5573803671688029
53.230000000000004,0.04824161075950597,-0.2870069543107772,0.09177781101019561,-0.5355566401771855
53.24,0.044662283734042595,-0.2650869848066435,0.08829482137114845,-0.513443223991316
53.25,0.04105669868039119,-0.2430514555243424,0.08476074080183378,-0.49106092200696294
53.26,0.03742706071609341,-0.22091694212408752,0.08117780974722452,-0.4684304080889167
53.27,0.03377558466620011,-0.19869982580710902,0.07754829325157765,-0.4455721935911168
53.28,0.030104493426015143,-0.1764162767467718,0.07387447891053885,-0.4225065961161851
53.29,0.02641601634514437,-0.1540822385815813,0.07015867484289301,-0.3992537100566705
53.300000000000004,0.022712387634391453,-0.13171341396919836,0.06640320768488424,-0.3758333789498497
53.31,0.01899584479693932,-0.10932525120085539,0.06261042060984719,-0.3522651696671587
53.32,0.015268627085146558,-0.08693293186817261,0.05878267137570917,-0.32856834844983257
53.33,0.011532973984184514,-0.06455135957435254,0.05492233040273764,-0.30476185879255496
53.34,0.0077911237236350794,-0.04219514967536973,0.05103177888372393,-0.280864301168516
53.35,0.0040453118180702775,-0.01987862003664545,0.04711340692860924,-0.2568939145807206
53.36,0.0002977696375228318,0.0023842172142800808,0.043169611745379186,-0.23286855991704475
53.370000000000005,-0.003449276991325371,0.024579662959111535,0.039202795858870355,-0.20880570507935947
53.38,-0.007193609152529608,0.04669433740801571,0.035215365368958945,-0.18472241185079807
53.39,-0.010933016176208336,0.06871518549076525,0.031209728249425334,-0.16063532445936626
53.4,-0.014665296941286253,0.09062948134699608,0.027188292688622304,-0.13656065979102522
53.410000000000004,-0.01838826114520859,0.1124248319433203,0.02315346547290852,-0.11251419920084348
53.42,-0.022099730540274733,0.13408917984606017,0.019107650413651,-0.08851128186671005
53.43,-0.025797540136320494,0.15561080518037956,0.01505324681844628,-0.06456679962694697
53.44,-0.02947953936956221,0.17697832680617287,0.010992648007062903,-0.040695193240131544
53.45,-0.03314359323749132,0.19818070274288246,0.006928239872466099,-0.016910450003261957
53.46,-0.03678758339978476,0.21920722987488472,0.0028623994871507545,0.006773897337416591
53.47,-0.04040940924526976,0.2400475429706374,-0.0012025062451196658,0.030344770449901564
53.480000000000004,-0.0440069889250444,0.2606916130483058,-0.005264121892192572,0.053789544121986506
53.49,-0.047578260351929434,0.2811297451210136,-0.009320104751162897,0.07709604387718288
53.5,-0.0511211821664799,0.30135257535557336,-0.013368126061014545,0.10025254256909942
53.51,-0.054633734669849346,0.3213510676778984,-0.017405872170615087,0.12324775602224965
53.52,-0.058113920723852595,0.3411165098590033,-0.02143104566250701,0.1460708377863888
53.53,-0.061559766618623175,0.3606405091154119,-0.025441366433027066,0.16871137307060388
53.54,-0.06496932290831575,0.3799149872569505,-0.02943457272936547,0.19115937192217203
53.550000000000004,-0.06834066521533831,0.3989321754166814,-0.03340842214425345,0.21340526171354995
53.56,-0.07167189500365521,0.417684608394732,-0.037360692569033835,0.23543987899952237
53.57,-0.07496114032172392,0.43616511865054064,-0.04128918310593413,0.25725446080432013
53.58,-0.07820655651567615,0.4543668299753087,-0.045191714940416114,0.27884063539689447
53.59,-0.08140632691338251,0.4722831508769463,-0.04906613217452738,0.300190412610267
53.6,-0.08455866348006169,0.48990776771000455,-0.05291030262222571,0.3212961737586789
53.61,-0.08766180744613027,0.5072346375800316,-0.056722118567685914,0.3421506612043183
53.620000000000005,-0.09071402990800574,0.5242579810547645,-0.06049949748763403,0.3627469676226164
53.63,-0.09371363240259394,0.5409722747089376,-0.0642403827387836,0.38307852501344924
53.64,-0.09665894745621063,0.5573722435340039,-0.06794274421147337,0.40313909350258126
53.65,-0.09954833910870325,0.5734528532373138,-0.07160457895062575,0.4229227499760047
53.660000000000004,-0.10238020341353861,0.5892093024594469,-0.07522391174516385,0.44242387658699184
53.67,-0.10515296891464429,0.6046370149329194,-0.07879879568703457,0.46163714917381055
53.68,-0.10786509710078934,0.6197316316074022,-0.08232731270099561,0.4805575256234985
53.69,-0.11051508283828665,0.6344890027629444,-0.08580757404632952,0.4991802342151667
53.7,-0.11310145478282047,0.648905180133404,-0.08923772079164784,0.5175007619738711
53.71,-0.11562277577117688,0.662976409059167,-0.09261592426394966,0.5355148430642598
53.72,-0.11807764319366994,0.6766991206884545,-0.09594038647309243,0.5532184472509865
53.730000000000004,-0.12046468934804133,0.6900699242441442,-0.09920934051282769,0.5706077684510157
53.74,-0.12278258177561129,0.7030855993726022,-0.10242105093954337,0.5876792134009692
53.75,-0.12503002358044307,0.7157430885891536,-0.10557381412984461,0.6044293904609438
53.76,-0.12720575373227946,0.7280394898342621,-0.10866595861808932,0.6208550985743463
53.77,-0.12930854735399655,0.7399720491531301,-0.1116958454149801,0.6369533164016697
53.78,-0.13133721599430329,0.7515381535103031,-0.11466186830829661,0.6527211916445262
53.79,-0.1332906078864121,0.7627353237502389,-0.11756245414683252,0.6681560305746514
53.800000000000004,-0.13516760819337892,0.773561207713862,-0.12039606310858143,0.6832552877810826
53.81,-0.13696713924080176,0.7840135735196498,-0.12316118895419415,0.6980165561473998
53.82,-0.1386881607375526,0.7940903030184241,-0.125856359266706,0.7124375570693765
53.83,-0.1403296699851936,0.8037893854283213,-0.12848013567850924,0.7265161309223128
53.84,-0.1418907020767144,0.8131089111576948,-0.1310311140865209,0.7402502277861879
53.85,-0.14337033008520744,0.8220470658176242,-0.13350792485646995,0.7536378984376408
53.86,-0.14476766524308773,0.8306021242372934,-0.13590923301720012,0.76667728562918
53.870000000000005,-0.14608185711269983,0.8387724364768746,-0.1382337384458831,0.7793666148590406
53.88,-0.1473120937515718,0.8465563485323617,-0.14048017604515584,0.7917041818114631
53.89,-0.14845760190916488,0.853951144075534,-0.1426473159132635,0.8036883434276296
53.9,-0.14951764735386425,0.8609515866991915,-0.1447339635040209,0.8153176439654483
53.910000000000004,-0.15049153526689252,0.8675549741698965,-0.1467389597687884,0.82659087307689
53.92,-0.1513786105062183,0.8737603671593974,-0.1486611812819466,0.8375068432980832
53.93,-0.15217825774336438,0.8795665037685659,-0.15049954035957364,0.8480643928930643
53.94,-0.15288990158493398,0.8849720069972034,-0.1522529851945892,0.8582617701883729
53.95,-0.1535130067119512,0.8899753120251219,-0.15392050003173458,0.86809686020501
53.96,-0.1540470780187185,0.8945752416048489,-0.15550110536503142,0.8775677785008345
53.97,-0.1544916607681333,0.8987695843370807,-0.15699385812517455,0.8866728302271368
53.980000000000004,-0.15484634337099668,0.9024725184887623,-0.15839785164828205,0.8954169535949832
53.99,-0.15511076475751504,0.9055838741248716,-0.15971221527288265,0.9038063993874722
54.0,-0.15528462137095705,0.9080921934589545,-0.16093611395802815,0.9118403909924627
54.01,-0.15536766959267598,0.9100012888579605,-0.16206874825403017,0.9195171302615994
54.02,-0.15535972585302146,0.9113087435626102,-0.16310935444628213,0.9268353415302715
54.03,-0.1552606666227621,0.912016208273368,-0.16405720470595414,0.9337933432983678
54.04,-0.15507042835799986,0.9121243218060238,-0.16491160724060297,0.9403897709327981
54.050000000000004,-0.15478900736961332,0.9116351867122543,-0.16567190644497354,0.9466230054400661
54.06,-0.15441645963478498,0.910551090590295,-0.1663374830595171,0.9524913809756382
54.07,-0.1539529005435878,0.9088751954074945,-0.16690775433297475,0.9579933365928776
54.08,-0.1533985045837329,0.9066111520812072,-0.16738217418298332,0.9631272364785511
54.09,-0.15275350496510667,0.9037632234552374,-0.16776023336528426,0.9678912175411611
54.1,-0.1520181931871533,0.9003362359528649,-0.1680414596545719,0.9722834497230397
54.11,-0.15119291854833528,0.8963356025936271,-0.1682254180275854,0.9763021214848963
54.120000000000005,-0.15027808759930275,0.8917672638742822,-0.16831171084759744,0.9799453239744403
54.13,-0.14927416358765036,0.8866362165665685,-0.16829997819851736,0.9832064432543006
54.14,-0.14818166676042213,0.8809208416067662,-0.16818990109077628,0.9859934080019165
54.15,-0.14700117691425718,0.8745698861472494,-0.16798121191894777,0.98811892882709
54.160000000000004,-0.14573333706073557,0.8675604157746681,-0.16767370860350103,0.9894833847610084
54.17,-0.14437885535820766,0.8598993256418136,-0.16726726341800016,0.9900800141501057
54.18,-0.14293850496519014,0.8515950061401529,-0.16676182539359038,0.98990547188666
54.19,-0.14141312320811028,0.8426565813407827,-0.1661574206892195,0.9889574288163551
54.2,-0.13980361066150465,0.8330938841594582,-0.1654541528133127,0.9872345564647647
54.21,-0.1381109301575508,0.8229174374680831,-0.16465220274272263,0.9847366028333716
54.22,-0.13633610572704116,0.812138431247841,-0.16375182893497378,0.9814644100854536
54.230000000000004,-0.1344802214741411,0.8007686946509024,-0.16275336723289777,0.9774198672843822
54.24,-0.1325444203875713,0.7888206698363276,-0.16165723066355867,0.972605913236197
54.25,-0.1305299030909303,0.7763073840296433,-0.1604639091325012,0.9670265287891203
54.26,-0.1284379265349339,0.7632424209227141,-0.15917396901385547,0.9606867301362038
54.27,-0.12626980263444723,0.749639890977311,-0.15778805263725348,0.9535925536498109
54.28,-0.12402689685327983,0.7355144009750123,-0.15630687767289914,0.945751041047726
54.29,-0.1217106267397901,0.7208810228482903,-0.15473123641639958,0.9371702208409664
54.300000000000004,-0.11932246041642401,0.7057552618837115,-0.15306199497521472,0.9278590874257103
54.31,-0.11686391502635912,0.6901530244278555,-0.1513000923588614,0.917827577280913
54.32,-0.11433655514049228,0.6740905851672385,-0.14944653947527287,0.907086542709627
54.33,-0.1117419911280328,0.6575845541094384,-0.14750241803596953,0.8956477230920274
54.34,-0.10908187749400491,0.6406518433475987,-0.1454688793729381,0.8835237138727822
54.35,-0.1063579111869763,0.6233096337235696,-0.14334714317034347,0.870727933394004
54.36,-0.10357182988034232,0.6055753414802578,-0.14113849611440843,0.8572745877561715
54.370000000000005,-0.10072541023049221,0.5874665850090677,-0.13884429046499353,0.8431786338664756
54.38,-0.09782046611517618,0.5690011517853875,-0.13646594255258626,0.8284557408567288
54.39,-0.09485884685537212,0.5501969655913435,-0.1340049312045703,0.8131222500505052
54.4,-0.09184243542391482,0.531072054116493,-0.13146279610478845,0.7971951336674761
54.410000000000004,-0.08877314664412683,0.5116445170290856,-0.1288411360905353,0.7806919524535197
54.42,-0.08565292538161913,0.49193249460406097,-0.12614160739122268,0.7636308124279026
54.43,-0.08248374473239635,0.47195413699263644,-0.12336592181304529,0.746030320938261
54.44,-0.07926760421032425,0.45172757421302295,-0.12051584487404124,0.7279095422134586
54.45,-0.07600652793694027,0.4312708869379218,-0.11759319389399084,0.70928795260179
54.46,-0.07270256283652349,0.4106020781507249,-0.11459983604362507,0.6901853956786476
54.47,-0.0693577768392334,0.3897390457351233,-0.11153768635762776,0.670622037403246
54.480000000000004,-0.06597425709504698,0.368699556060709,-0.10840870571590729,0.6506183214981855
54.49,-0.06255410820112202,0.347501218618919,-0.10521489879758969,0.6301949252194002
54.5,-0.059099450445098275,0.3261614617599229,-0.10195831201214578,0.6093727156763803
54.51,-0.05561241806675195,0.30469750957463926,-0.09864103141200617,0.5881727068546312
54.52,-0.052095157540295,0.28312635996073365,-0.09526518059094807,0.5666160174833325
54.53,-0.048549825879496834,0.2614647639049944,-0.09183291857245114,0.5447238298819354
54.54,-0.04497858896767845,0.23972920601028802,-0.08834643769212097,0.5225173499094382
54.550000000000004,-0.04138361991451243,0.21793588628784255,-0.08480796147816752,0.5000177681299398
54.56,-0.03776709744142725,0.19610070323182577,-0.08121974253380332,0.4772462222974943
54.57,-0.03413120429729665,0.17423923818703452,-0.07758406042529288,0.45422376125260744
54.58,-0.030478125705952538,0.152366741015383,-0.07390321957924495,0.43097131031193686
54.59,-0.02681004784694128,0.13049811706266098,-0.07017954719258701,0.4075096382219476
54.6,-0.02312915637080571,0.10864791542152577,-0.06641539115850714,0.3838593257365548
54.61,-0.019437634950056893,0.08683031848270902,-0.06261311801148302,0.3600407358683416
54.620000000000005,-0.015737663866851652,0.06505913276242312,-0.05877511089435392,0.3360739858524472
54.63,-0.012031418638287716,0.04334778098920341,-0.054903767550216774,0.31197892085245343
54.64,-0.008321068680084084,0.021709295430509177,-0.05100149834175583,0.28777508942775637
54.65,-0.004608776009302805,0.00015631243535228767,-0.0470707243004381,0.2634817207728254
54.660000000000004,-0.0008966939866382089,-0.0212989318337828,-0.043113875207831144,0.23911770372991425
54.67,0.0028130339013098496,-0.04264460450979519,-0.03913338771112115,0.2147015675685878
54.68,0.00651827521948585,-0.06386927800304419,-0.035131703474734745,0.19025146451759287
54.69,0.010216909721367733,-0.08496193089235558,-0.031111267369792455,0.1657851540275747
54.7,0.013906830445412308,-0.10591194776205723,-0.02707452570294845,0.1413199887363128
54.71,0.017585944770999576,-0.12670911802565216,-0.023023924486004068,0.1168729021023412
54.72,0.021252175433989478,-0.14734363377694032,-0.018961907747512927,0.09246039766714828
54.730000000000004,0.024903461502130946,-0.16780608671291544,-0.014890915887436532,0.06809853990144211
54.74,0.028537759310634146,-0.18808746417226604,-0.010813384075749844,0.04380294658652644
54.75,0.032153043358315876,-0.2081791443364429,-0.006731740695743709,0.019588782678229645
54.76,0.03574730716480389,-0.22807289063934288,-0.002648405832623801,-0.004529244402500227
54.77,0.039318564089372385,-0.24776084543387802,0.0014342101921358957,-0.028536888110776735
54.78,0.042864848112048326,-0.2672355229631147,0.005513708240363559,-0.05242036481138378
54.79,0.04638421457769692,-0.2864898016841088,0.0095877017304926,-0.07616635456717656
54.800000000000004,0.04987474090386335,-0.3055169159932235,0.013653817964529016,-0.09976200074574303
54.81,0.053334527253205775,-0.32431044739988973,0.01770969940873226,-0.12319490850879453
54.82,0.056761697171401296,-0.34286431519701027,0.021753004928171157,-0.14645314224897996
54.83,0.060154398191471475,-0.36117276667427417,0.02578141097541855,-0.1695252220389877
54.84,0.06351080240550201,-0.37923036692012935,0.029792612733748707,-0.1924001191575015
54.85,0.0668291070047867,-0.3970319882571808,0.03378432521529163,-0.21506725075598515
54.86,0.07010753478944988,-0.414572799354329,0.03775428431468451,-0.2375164737294625
54.870000000000005,0.07334433464864373,-0.4318482540581106,0.04170024781883886,-0.2597380778532977
54.88,0.07653778201243255,-0.44885407998315485,0.04561999637351546,-0.2817227782468217
54.89,0.0796861792765133,-0.46558626690173754,0.049511334407464955,-0.3034617072229924
54.9,0.08278785620092942,-0.4820410549696182,0.05337209101495359,-0.32494640558170795
54.910000000000004,0.08584117028395698,-0.49821492282394314,0.05720012079754849,-0.34616881340263295
54.92,0.08884450711235482,-0.514104575588681,0.060993304666085726,-0.36712126039124415
54.93,0.09179628068917396,-0.5297069328193581,0.06474955060378992,-0.3877964558300943
54.94,0.09469493374033454,-0.5450191164198407,0.06846679439155175,-0.40818747818479145
54.95,0.09753893800117362,-0.5600384385604844,0.07214300029640482,-0.4282877644122623
54.96,0.10032679448417306,-0.5747623896272804,0.07577616172427219,-0.448091099016443
54.97,0.10305703372906766,-0.5891886262286907,0.07936430183807797,-0.4675916028943405
54.980000000000004,0.10572821603653117,-0.6033149592878063,0.08290547414233986,-0.48678372201296843
54.99,0.10833893168662924,-0.6171393422438901,0.08639776303537515,-0.505662215955488
55.0,0.11088780114321263,-0.6306598593887072,0.08983928433026557,-0.5242221463724235
55.01,0.11337347524541319,-0.6438747143599108,0.09322818574573562,-0.5424588653716551
55.02,0.11579463538739523,-0.6567822188143932,0.09656264736810402,-0.5603680038786067
55.03,0.11814999368747953,-0.6693807813023172,0.09984088208547279,-0.5779454599958294
55.04,0.12043829314775802,-0.6816688963623447,0.10306113599531533,-0.595187387389205
55.050000000000004,0.12265830780527709,-0.6936451338571654,0.10622168878662502,-0.6120901837257497
55.06,0.1248088428758547,-0.7053081285683478,0.10932085409777831,-0.6286504791858654
55.07,0.1268887348915636,-0.7166565700720466,0.11235697985125957,-0.6448651250676307
55.08,0.1288968518328856,-0.7276891929263839,0.11532844856638719,-0.6607311824855965
55.09,0.1308320932565152,-0.7384047672060436,0.1182336776511667,-0.6762459112105754
55.1,0.13269339041972775,-0.7488020899696105,0.12107111967439416,-0.691406758436689
55.11,0.13447970640216844,-0.7588799773579236,0.12383926261913894,-0.706211347251245
55.120000000000005,0.13619003622595904,-0.7686372534133624,0.12653663011868432,-0.7206574673791171
55.13,0.13782340697498024,-0.7780727450661845,0.12916178167593048,-0.7347430648140216
55.14,0.1393788779138225,-0.787185281246938,0.13171331286734123,-0.7484662293002853
55.15,0.14085554060666103,-0.7959736891813216,0.1341898555325415,-0.7618251851497208
55.160000000000004,0.14225251903551697,-0.8044368181048871,0.13659007795064546,-0.7748182789545082
55.17,0.14356896971344296,-0.8125736482343084,0.13891268500461043,-0.7874439631538769
55.18,0.14480408176805284,-0.820383897782877,0.1411564183358382,-0.799700758160258
55.19,0.14595707695580998,-0.8278682659975798,0.14332005649361176,-0.8115871745022867
55.2,0.14702720965719154,-0.83502603573538,0.1454024150810204,-0.823101807526581
55.21,0.14801376693605417,-0.8418560533110657,0.1474023468757719,-0.8342439359424821
55.22,0.14891606864261586,-0.8483573586147479,0.14931874190622604,-0.8450131413515469
55.230000000000004,0.1497334675287383,-0.8545285641675038,0.15115052750342067,-0.8554088608663223
55.24,0.15046534938651607,-0.8603680884146603,0.15289666835792362,-0.8654304122676092
55.25,0.1511111332111338,-0.8658741474126669,0.15455616658692148,-0.8750770649125715
55.26,0.1516702713816328,-0.8710448243352475,0.15612806180602684,-0.884348089000602
55.27,0.15214225002766496,-0.875872517521647,0.15761143119015913,-0.8932431383191277
55.28,0.15252659290282014,-0.8802451920240051,0.15900538926781957,-0.9017698907925544
55.29,0.15282286970981807,-0.8840773031998221,0.1603090873726047,-0.9099340481608346
55.300000000000004,0.15303070262379692,-0.8873661386136737,0.16152171323709527,-0.9177347284535852
55.31,0.15314976821128826,-0.8901086776256086,0.16264249095386143,-0.9251709536932643
55.32,0.1531797977004441,-0.8923027977038224,0.1636706810699811,-0.9322417862184873
55.33,0.15312057720396763,-0.8939466664967504,0.1646055806836767,-0.9389462163874657
55.34,0.15297194789247945,-0.8950390155565755,0.16544652354842215,-0.94528308171143
55.35,0.1527338061205879,-0.8955790181994648,0.166192880188386,-0.9512511427362602
55.36,0.15240610350393605,-0.8955663652886907,0.1668440580228635,-0.9568490894143936
55.370000000000005,0.1519888469467233,-0.895001238367182,0.16739950149642405,-0.9620755883729417
55.38,0.15148209861928427,-0.8938843171173647,0.16785869221371183,-0.9669292376530976
55.39,0.15088597588672129,-0.8922167523880786,0.16822114908240476,-0.9714084952536258
55.4,0.15020065118945003,-0.8900001767645191,0.1684864284672384,-0.9755117281580294
55.410000000000004,0.14942635187582198,-0.8872366996526075,0.1686541243536693,-0.9792372257643749
55.42,0.14856335998707057,-0.8839289001331695,0.16872386851977175,-0.982583192586413
55.43,0.14761201212401162,-0.8800756479392131,0.1686953311237855,-0.9855345509096276
55.44,0.1465727005125482,-0.8756426027532024,0.16856822523319728,-0.9879698215122387
55.45,0.1454458763715968,-0.8705763334545545,0.16834231876320446,-0.9897061987951941
55.46,0.14423205381267504,-0.864857975021343,0.1680174482212578,-0.9906685741458027
55.47,0.14293181168670913,-0.8584920758149851,0.16759352611362915,-0.9908541246177516
55.480000000000004,0.14154579357702368,-0.8514836621178086,0.16707054264986054,-0.9902601972695312
55.49,0.1400747072746069,-0.8438387837614156,0.1664485659513403,-0.9888860728314884
55.5,0.13851932417458174,-0.835564096591686,0.16572774214059086,-0.986731695083152
55.51,0.1368804785979333,-0.826667049368254,0.1649082953195158,-0.9837983078536009
55.52,0.13515906704116565,-0.8171557657800669,0.1639905274401797,-0.980088133299663
55.53,0.13335604735501952,-0.8070390765641149,0.16297481806671593,-0.9756045246262035
55.54,0.1314724378544059,-0.7963264743264711,0.1618616240299054,-0.9703518777279052
55.550000000000004,0.12950931636133323,-0.7850281073372922,0.16065147897426138,-0.9643356802616071
55.56,0.12746781918300817,-0.773154747594252,0.15934499279911826,-0.9575624413184156
55.57,0.1253491400275134,-0.7607177683247417,0.15794285099680147,-0.9500396728452276
55.58,0.1231545288595864,-0.7477291194201756,0.1564458138903914,-0.941775882909354
55.59,0.12088529069894194,-0.7342013018899898,0.15485471577251986,-0.9327805518256531
55.6,0.118542784363729,-0.7201473405119876,0.15317046394738051,-0.9230641040676957
55.61,0.11612842116183011,-0.7055807562283626,0.1513940376787182,-0.9126378789188155
55.620000000000005,0.11364366353280009,-0.6905155374061815,0.14952648704686566,-0.9015140960082885
55.63,0.11109002364330914,-0.6749661106922931,0.14756893171817798,-0.8897058206946087
55.64,0.10846906193901923,-0.6589473114546276,0.14552255963037114,-0.8772269278506889
55.65,0.10578238565585761,-0.6424743537824598,0.14338862559744028,-0.8640920628697447
55.660000000000004,0.10303164729368924,-0.625562800251676,0.14116844983804358,-0.8503166012901971
55.67,0.10021854305541876,-0.6082285315290694,0.1388634164314099,-0.8359166068077277
55.68,0.09734481125456411,-0.5904877159276547,0.1364749717049728,-0.8209087880965268
55.69,0.09441223069434829,-0.5723567790129698,0.13400462255805606,-0.8053104545362278
55.7,0.09142261902135267,-0.5538523733520901,0.13145393472603992,-0.7891394711075077
55.71,0.08837783105675347,-0.5349913485021113,0.12882453098952037,-0.7724142126346735
55.72,0.08527975710814716,-0.5157907213210342,0.12611808933303353,-0.7551535175945044
55.730000000000004,0.08213032126493154,-0.49626764668728773,0.12333634105796089,-0.7373766416851413
55.74,0.07893147968016635,-0.4764393887032294,0.12048106885425217,-0.7191032113555881
55.75,0.07568521884179567,-0.4563232924579086,0.11755410483560304,-0.7003531774845703
55.76,0.07239355383604985,-0.43593675641539054,0.11455732854271025,-0.681146769393594
55.77,0.06905852660578479,-0.4152972054930819,0.11149266491918984,-0.6615044493693879
55.78,0.06568220420645036,-0.39442206488693543,0.10836208226469182,-0.6414468678629182
55.79,0.062266677062294565,-0.37332873469757366,0.10516759016967639,-0.62099481952179
55.800000000000004,0.05881405722534422,-0.3520345654040896,0.10191123743623033,-0.6001692002029921
55.81,0.05532647663960131,-0.3305568342294335,0.09859510998920525,-0.5789909651015148
55.82,0.05180608541282063,-0.3089127224344743,0.09522132878184388,-0.5574810881193808
55.83,0.048255050098124294,-0.28711929357450156,0.09179204769993925,-0.5356605225876373
55.84,0.04467555198763069,-0.2651934727454883,0.08830945146843158,-0.5135501634422639
55.85,0.04106978542015968,-0.2431520268444728,0.08477575356420501,-0.49117081094272824
55.86,0.03743995610498282,-0.22101154586202096,0.08119319413868994,-0.46854313601034436
55.870000000000005,0.03378827946348347,-0.19878842522145168,0.07756403795371469,-0.4456876472515257
55.88,0.030116978990484686,-0.17649884917434314,0.0738905723338819,-0.42262465971976293
55.89,0.0264282846368959,-0.1541587752581833,0.0701751051385709,-0.3993742654587262
55.9,0.02272443121522841,-0.13178391981706583,0.06641996275648933,-0.3759563058582767
55.910000000000004,0.019007656829417754,-0.10938974458362843,0.0626274881255158,-0.35239034584455653
55.92,0.01528020133028432,-0.08699144431546438,0.05880003878039342,-0.32869564991565464
55.93,0.011544304797866896,-0.06460393547695711,0.054939984930648236,-0.30489116002481337
55.94,0.0078022060517457855,-0.04224184595325633,0.051049707570923565,-0.2809954753044447
55.95,0.00405614119038046,-0.01991950578107097,0.04713159662573724,-0.25702683361597073
55.96,0.0003083421603798613,0.002349061122346695,0.04318804913048628,-0.233003094902897
55.97,-0.003438964643477236,0.024550144252921714,0.03922146745034516,-0.20894172631757588
55.980000000000004,-0.0071835597467494764,0.04667035285889729,0.035234257538525646,-0.18485978908565776
55.99,-0.01092323193174175,0.06869662135051793,0.031228827235194156,-0.1607739270665689
56.0,-0.014655779541282736,0.09061621380659113,0.02720758460817332,-0.1367003569631018
56.01,-0.018379011749429797,0.11241672760598898,0.023172936336390785,-0.11265486012875209
56.02,-0.02209074979874343,0.13408609621291698,0.019127286136878387,-0.08865277591737826
56.03,-0.02578882820386341,0.15561259114665832,0.015073033235972866,-0.06470899651649031
56.04,-0.029471095921195727,0.1769848231659936,0.011012570885220207,-0.040837963202527874
56.050000000000004,-0.033135417484599104,0.19819174270063114,0.006948284922345466,-0.017053663954291833
56.06,-0.036779674107036704,0.21922263956170548,0.002882552377514724,0.006630367641101843
56.07,-0.04040176474822935,0.24006714196348933,-0.0011822598750131682,0.030201052256781744
56.08,-0.04399960714841526,0.26071521489062044,-0.0052437964198681,0.05364576353679026
56.09,-0.04757113882838487,0.28115715784251205,-0.009299714558322781,0.07695232571728447
56.1,-0.0511143180560262,0.30138360199018627,-0.013347685521065567,0.10010901022619768
56.11,-0.054627124779671805,0.3213855067778518,-0.01738539563634011,0.12310453132944119
56.120000000000005,-0.058107561528589306,0.34115415600392496,-0.021410547453895465,0.14592804089060404
56.13,-0.06155365428102039,0.3606811534146963,-0.025420860825276167,0.16856912231050386
56.14,-0.06496345330021164,0.379958417844924,-0.029414073941064833,0.19101778371137235
56.15,-0.06833503393892731,0.39897817793836776,-0.03338794432576451,0.21326445042931622
56.160000000000004,-0.07166649741298298,0.417732966482513,-0.037340249791075225,0.23529995687672967
56.17,-0.07495597154436803,0.4362156143895779,-0.041268789348383406,0.2571155378347891
56.18,-0.07820161147456388,0.45441924435801784,-0.04517138408133799,0.27870281923392776
56.19,-0.08140160034870242,0.47233726424530526,-0.04904587797943777,0.30005380847838525
56.2,-0.08455414997122382,0.4899633601852786,-0.05289013873360063,0.3211608843684951
56.21,-0.08765750143373358,0.5072914894797613,-0.056702058494723595,0.34201678667240343
56.22,-0.09070992571576957,0.5243158732961165,-0.0604795545962785,0.3626146053963912
56.230000000000004,-0.09370972425921553,0.5410309891991738,-0.06422057024201665,0.3829477698009049
56.24,-0.09665522951711093,0.5574315635465406,-0.067923075159882,0.40301003720686635
56.25,-0.09954480547761835,0.5735125637748064,-0.07158506622325228,0.42279548163470226
56.26,-0.102376848163929,0.5892691906024906,-0.07520456804064343,0.44229848231611646
56.27,-0.10514978611088074,0.6046968701755586,-0.07877963351502666,0.4615137121163519
56.28,-0.1078620808190846,0.6197912461785218,-0.08230834437391414,0.4804361259025873
56.29,-0.11051222718734398,0.6345481719346395,-0.08578881167137609,0.49906094889164304
56.300000000000004,-0.11309875392416356,0.6489637025155565,-0.08921917626315268,0.5173836650083748
56.31,-0.11562022393913644,0.6630340868811808,-0.09259760925602346,0.5354000052836765
56.32,-0.11807523471499556,0.676755760067834,-0.09592231243259298,0.5531059363192793
56.33,-0.12046241866111673,0.6901253354426753,-0.09919151865264339,0.5704976488443593
56.34,-0.12278044344924313,0.7031395970397794,-0.10240349223219684,0.5875715463872347
56.35,-0.12502801233220184,0.7157954919939064,-0.10555652930141783,0.6043242340833912
56.36,-0.1272038644463705,0.7280901230846448,-0.10864895814247193,0.6207525076396231
56.370000000000005,-0.12930677509863564,0.7400207414048986,-0.1116791395084424,0.6368533424719882
56.38,-0.13133555603858324,0.7515847391642895,-0.11464546692438722,0.6526238830340796
56.39,-0.1332890557166328,0.7627796426394862,-0.11754636697160174,0.6680614323501439
56.4,-0.13516615952882896,0.773603105280357,-0.12038029955612985,0.6831634417664704
56.410000000000004,-0.13696579004897252,0.7840529009817496,-0.1231457581625457,0.697927500932676
56.42,-0.13868690724876526,0.7941269175289224,-0.12584127009400503,0.7123513280234705
56.43,-0.14032850870662877,0.8038231502241533,-0.12846539669954002,0.726432760209985
56.44,-0.14188962980582615,0.8131396957014192,-0.13101673358954757,0.7401697443888161
56.45,-0.14336934392250975,0.8220747459329294,-0.13349391084039497,0.7535603281771148
56.46,-0.14476676260429444,0.8306265823414194,-0.1358955931890393,0.7666026511931581
56.47,-0.14608103574012524,0.8387935642649014,-0.13822048021854427,0.7792949361263674
56.480000000000004,-0.14731135172454807,0.8465740503556103,-0.1404673065354979,0.7916354761085551
56.49,-0.14845693765889814,0.8539651540931577,-0.14263484194043816,0.803622624817233
56.5,-0.14951705968729856,0.8609616108107137,-0.14472189158779622,0.8152549340655822
56.51,-0.150491023389965,0.8675608909955839,-0.1467272961275585,0.8265311938371144
56.52,-0.1513781740380426,0.873762090369907,-0.14864993183072073,0.8374502120284961
56.53,-0.15217789672563195,0.8795639353076354,-0.15048871070881747,0.8480108064869408
56.54,-0.1528896164918672,0.8849650271259317,-0.1522425806520996,0.8582111629117893
56.550000000000004,-0.15351279846114815,0.8899638139584235,-0.1539105256083543,0.8680491552178845
56.56,-0.15404694798057073,0.894559157518996,-0.15549156578139695,0.8775229233824263
56.57,-0.15449161077231632,0.8987488704050289,-0.15698475781698093,0.8866307886595285
56.58,-0.15484637569166929,0.9024477573900763,-0.15838919477194222,0.8953776350831294
56.59,-0.15511088207725449,0.9055553195468118,-0.15970400571229162,0.9037697540063765
56.6,-0.15528482675795757,0.9080597948090413,-0.1609283553296249,0.9118063937217817
56.61,-0.15536796649576234,0.9099651157256471,-0.16206144390991695,0.9194857532091377
56.620000000000005,-0.15536011809798328,0.911268825330459,-0.1631025074768266,0.9268065621911595
56.63,-0.1552611584071248,0.9119726123866003,-0.16405081794223808,0.9337671373681107
56.64,-0.15507102424471675,0.9120771157550799,-0.16490568325664637,0.940366120762687
56.65,-0.15478971227944982,0.9115844559161705,-0.16566644755964316,0.9466018941241938
56.660000000000004,-0.15441727883759473,0.9104969279569339,-0.16633249133827777,0.9524727912078826
56.67,-0.15395383964850085,0.9088177057655581,-0.16690323158967593,0.9579772500775107
56.68,-0.15339956952828393,0.9065504509446337,-0.16737812198149896,0.9631136414810271
56.69,-0.15275470200327748,0.9036994370836816,-0.16775665302075704,0.9678801052486704
56.7,-0.1520195288764214,0.900269498932637,-0.1680383522345325,0.9722748064840491
56.71,-0.1511943997358344,0.8962660584676979,-0.16822278435326787,0.976295933115237
56.72,-0.15027972140711113,0.8916950650252871,-0.16830955149531254,0.9799415783310651
56.730000000000004,-0.14927595739744737,0.8865615163244307,-0.16829829350144618,0.9832051116160654
56.74,-0.14818362819404723,0.8808439191569215,-0.16818869113005788,0.9859948337147554
56.75,-0.147003313801007,0.8744912486459369,-0.16798047647529896,0.9881241492852327
56.76,-0.1457356573976007,0.8674803541946496,-0.1676734470889457,0.9894927332126437
56.77,-0.14438136728022224,0.8598180037542476,-0.16726747484167082,0.9900934022823248
56.78,-0.1429412167250892,0.8515126283840708,-0.166762508358827,0.9899229224451491
56.79,-0.1414160431569842,0.8425733366139694,-0.16615857339544066,0.9889789019683453
56.800000000000004,-0.13980674722905373,0.8330099735261836,-0.16545577305786507,0.9872600420895205
56.81,-0.13811429183214793,0.8228330589360716,-0.16465428792342413,0.984766060822789
56.82,-0.13633970103561208,0.8120537863352191,-0.1637543760536391,0.9814977974055838
56.83,-0.13448405896194854,0.8006839848148274,-0.1627563728998565,0.9774571325588542
56.84,-0.1325485085979146,0.7887360975578637,-0.16166069110279774,0.9726470000204676
56.85,-0.1305342505448151,0.7762231516036089,-0.1604678201874452,0.9670713733673263
56.86,-0.12844254171075042,0.7631587304005315,-0.15917832615379693,0.9607352625743062
56.870000000000005,-0.1262746939477045,0.7495569435761619,-0.15779285096441895,0.953644697951551
56.88,-0.12403207263643261,0.7354323967747545,-0.1563121119301178,0.9458067153354339
56.89,-0.12171609522220081,0.7208001603684613,-0.1547369009953557,0.9372293375558828
56.9,-0.11932822970449539,0.7056757377479561,-0.15306808392526372,0.9279215535495043
56.910000000000004,-0.11686999308387339,0.6900750330080905,-0.1513065993963876,0.9178932945766877
56.92,-0.11434294976919167,0.6740143182641308,-0.14945345799356383,0.9071554079809999
56.93,-0.11174870994847276,0.6575102006382021,-0.14750974111558202,0.895719628459473
56.94,-0.10908892792671217,0.6405795890455168,-0.14547659979252694,0.8835985470653325
56.95,-0.10636530043393821,0.6232396608691999,-0.14335525341792466,0.8708055780552965
56.96,-0.10357956490685875,0.6055078286292889,-0.1411469883990254,0.8573549237629082
56.97,-0.10073349774741305,0.5874017067427999,-0.13885315672875492,0.8432615376580133
56.980000000000004,-0.09782891256155166,0.5689390784733501,-0.13647517448304203,0.8285410857739482
56.99,-0.094867658381537,0.5501378631660276,-0.13401452024739238,0.813209906682405
57.0,-0.09185161787503113,0.5310160838603649,-0.1314727334767211,0.7972849702037372
57.01,-0.08878270554420267,0.5115918353728153,-0.12885141279258025,0.7807838350413906
57.02,-0.0856628659180271,0.49188325293561086,-0.1261522142220232,0.763724605531682
57.03,-0.08249407174090928,0.471908481476327,-0.12337684938243298,0.7461258876997388
57.04,-0.07927832216068245,0.4516856456183043,-0.12052708361671041,0.7280067448116516
57.050000000000004,-0.0760176409189736,0.4312328204771127,-0.11760473408326355,0.7093866526104287
57.06,-0.07271407454683695,0.410568003325251,-0.11461166780527224,0.690285454419827
57.07,-0.06936969056847679,0.3897090861896387,-0.11154979968371027,0.6707233162958309
57.08,-0.06598657571577994,0.3686738294450269,-0.1084210904786028,0.6507206823995201
57.09,-0.06256683415628896,0.34747983645655744,-0.10522754476297114,0.6302982307590871
57.1,-0.05911258573712407,0.3261445293236595,-0.10197120885387827,0.6094768295808526
57.11,-0.05562596424727395,0.3046851257680098,-0.09865416872492992,0.5882774942614277
57.120000000000005,-0.05210911570054016,0.28311861720539055,-0.0952785479045163,0.566721345244053
57.13,-0.048564196641313256,0.26146174803370176,-0.09184650536399282,0.5448295668529448
57.14,-0.04499337247523685,0.23973099616471455,-0.0883602333998994,0.522623367229532
57.15,-0.04139881582668079,0.21794255482156016,-0.08482195551420749,0.5001239394842083
57.160000000000004,-0.037782704924835965,0.1961123156176915,-0.08123392429646004,0.47735242416683343
57.17,-0.03414722202009285,0.17425585292909507,-0.07759841931153905,0.4543298731483091
57.18,-0.030494551832261716,0.15238840956515692,-0.07391774499665148,0.4310772149949744
57.19,-0.026826880032036475,0.13052488373950075,-0.07019422857097687,0.4076152219066262
57.2,-0.023146391756999826,0.10867981733730941,-0.06643021796126088,0.3839644782783011
57.21,-0.019455270163314702,0.0868673854709138,-0.06262807974647899,0.36014535093543154
57.22,-0.01575569501413887,0.06510138731133885,-0.058790197124524865,0.3361779610817068
57.230000000000004,-0.012049841305656051,0.04339523817995326,-0.05491896790370815,0.3120821579888201
57.24,-0.008339877931501169,0.021761962879739336,-0.05101680252167198,0.28787749444786803
57.25,-0.004627966386230826,0.0002141902430486467,-0.04708612209416427,0.2635832039927405
57.26,-0.0009162595083689729,-0.02123585113104242,-0.04312935649592031,0.23921817989717345
57.27,0.002793099736565197,-0.04257633597990999,-0.03914894247573745,0.21480095593888368
57.28,0.006497979432741824,-0.06379584435316149,-0.03514732180764526,0.1903496889163728
57.29,0.010196259850244527,-0.08488336249708037,-0.031126939479901767,0.165882142896905
57.300000000000004,0.013885834540752182,-0.10582828268468682,-0.027090241923371835,0.1414156751674599
57.31,0.017564611392709345,-0.12662040203184502,-0.023039675280675312,0.11696722385447254
57.32,0.02123051364611599,-0.14724992034043632,-0.018977683717326006,0.09255329717262938
57.33,0.024881480867166975,-0.16770743701291324,-0.014906707775920505,0.0681899642582748
57.34,0.028515469883053618,-0.18798394708193278,-0.010829182774277565,0.04389284753839976
57.35,0.03213045567734202,-0.20807083640223856,-0.006747537248276887,0.019677116582793093
57.36,0.03572443224641228,-0.22795987605067342,-0.002664191439997593,-0.004442516616636243
57.370000000000005,0.03929541341753462,-0.24764321598271508,0.00141844416838395,-0.028451800997692615
57.38,0.04284143362921541,-0.2671133779932928,0.005497970274615679,-0.05233694847159846
57.39,0.04636054867453369,-0.2863632480299793,0.009572000130116394,-0.07608463472089239
57.4,0.04985083640823893,-0.3053860679072901,0.013638160867379597,-0.09968199881501379
57.410000000000004,0.05331039741844442,-0.3241754264691823,0.017694094781082966,-0.12311664170804529
57.42,0.05673735566380764,-0.3427252502481871,0.021737460563062843,-0.14637662368326543
57.43,0.06012985907713687,-0.36102979366680943,0.025765934491418063,-0.16945046080948784
57.44,0.06348608013640418,-0.37908362882778857,0.02977721157410589,-0.19232712047365835
57.45,0.06680421640419504,-0.39688163493745177,0.03376900664748328,-0.21499601605376784
57.46,0.07008249103664921,-0.4144189874057514,0.03773905543033366,-0.2374470007952237
57.47,0.07331915326299213,-0.4316911466651283,0.04168511553399671,-0.2596703609527608
57.480000000000004,0.07651247883676968,-0.44869384674887464,0.04560496742929302,-0.2816568082586704
57.49,0.07966077045993482,-0.4654230836679546,0.04949641537100107,-0.30339747177664095
57.5,0.08276235818094689,-0.4818751036245101,0.05335728828070548,-0.32488388919878974
57.51,0.08581559976806408,-0.49804639109711213,0.05718544058889031,-0.34610799764179867
57.52,0.0888188810590176,-0.5139336568336748,0.06097875303720122,-0.3670621239958768
57.53,0.09177061628827128,-0.5295338257836387,0.0647351334418436,-0.3877389748785393
57.54,0.09466924839306945,-0.5448440250022417,0.06845251741912413,-0.40813162624276433
57.550000000000004,0.09751324929948013,-0.5598615715564652,0.07212886907417625,-0.4282335126870791
57.56,0.10030112018964746,-0.5745839604616094,0.07576218165393944,-0.4480384165127519
57.57,0.10303139175144696,-0.5890088526765882,0.07935047816548862,-0.46754045657101717
57.58,0.10570262441175045,-0.6031340631838322,0.08289181196082838,-0.4867340769409209
57.59,0.10831340855448543,-0.6169575491797471,0.08638426728928471,-0.5056140354760372
57.6,0.11086236472466605,-0.6304773983998246,0.08982595981864018,-0.5241753922559858
57.61,0.11334814381955902,-0.643691817601347,0.0932150371261663,-0.5424134979765051
57.620000000000005,0.11576942726813638,-0.6565991212268556,0.09654967916071337,-0.56032398230936
57.63,0.1181249271999353,-0.6691977202684101,0.09982809867702189,-0.577902742261494
57.64,0.1204133866044432,-0.6814861113540605,0.10304854164341745,-0.5951459305604694
57.65,0.12263357948208678,-0.6934628660751683,0.10620928762405006,-0.6120499440912971
57.660000000000004,0.12478431098789176,-0.7051266205736613,0.10930865013683244,-0.6286114124075078
57.67,0.1268644175688437,-0.7164760654106187,0.11234497698822493,-0.6448271863344212
57.68,0.12887276709596138,-0.7275099357464709,0.11531665058600543,-0.6606943266680414
57.69,0.1308082589920533,-0.738227001865732,0.11822208823115199,-0.6762100930119822
57.7,0.13266982435608432,-0.7486260605800292,0.12105974238995854,-0.6913719325727985
57.71,0.13445642608500197,-0.7587059273969848,0.12382810094751398,-0.7061774686163697
57.72,0.136167058993918,-0.7684654254613199,0.1265256874436251,-0.7206244911003769
57.730000000000004,0.137800749935509,-0.777903380116068,0.12915106129219014,-0.7347109464370549
57.74,0.13935655791913218,-0.7870186184041119,0.13170281798510097,-0.7484349249592441
57.75,0.14083357422990436,-0.7958099653010858,0.13417958928178123,-0.7617946516502012
57.76,0.14223092254716996,-0.8042762685509306,0.13658004338544483,-0.7747884738558068
57.77,0.1435477590576147,-0.8124165148667704,0.13890288510738227,-0.7874148445403419
57.78,0.14478327253637327,-0.820230491894788,0.14114685602157287,-0.7996722823782779
57.79,0.1459366843578595,-0.8277188961994064,0.1433107346143019,-0.8115592944262919
57.800000000000004,0.147007248491178,-0.8348809631933778,0.14539333642970134,-0.8230744950577491
57.81,0.14799425156148313,-0.8417155528421685,0.1473935141885246,-0.8342172007042414
57.82,0.14889701295359545,-0.8482216935161804,0.14931015786197047,-0.8449869919672356
57.83,0.14971488492823432,-0.8543979771781622,0.15114219472339235,-0.8553832936224722
57.84,0.15044725276208062,-0.8602428152418363,0.15288858940559263,-0.8654054294462127
57.85,0.1510935349119405,-0.8657544062693827,0.15454834396826053,-0.8750526557360845
57.86,0.1516531831967814,-0.8709308252124621,0.15612049797014454,-0.8843242478749431
57.870000000000005,0.1521256831639185,-0.8757645134472489,0.1576041285301778,-0.8932198517513878
57.88,0.15251055794902724,-0.880143804219527,0.1589983501229981,-0.9017471142185458
57.89,0.15280737659244253,-0.8839828247063571,0.16030231403126216,-0.9099117657959229
57.9,0.15301576057729224,-0.887278671201446,0.16151520793840088,-0.917712935047646
57.910000000000004,0.15313538576210603,-0.8900283977024098,0.16263625588869973,-0.9251496386452884
57.92,0.15316598265291073,-0.8922298243560606,0.16366471838174115,-0.9322209431847605
57.93,0.1531073366272696,-0.8938811270715374,0.16459989246894993,-0.9389258385665262
57.94,0.15295928810915055,-0.8949810124634363,0.16544111185758228,-0.9452631640991274
57.95,0.15272173269633624,-0.895528645165192,0.16618774702607003,-0.9512316809299566
57.96,0.15239462123892752,-0.8955236989482918,0.16683920534835073,-0.9568300801752547
57.97,0.15197795986831714,-0.8949663413243487,0.16739493122405358,-0.9620570249530009
57.980000000000004,0.15147180997625395,-0.8938572373647486,0.16785440621331799,-0.9669111175704159
57.99,0.1508762881449055,-0.8921975240521713,0.16821714917951594,-0.9713908191011389
58.0,0.1501915660288448,-0.8899888189043492,0.1684827164430375,-0.9754944965855185
58.01,0.14941787018913877,-0.8872332168367847,0.16865070194484275,-0.9792204409771236
58.02,0.14855548187976433,-0.8839332821764831,0.1687207374182553,-0.9825668575926149
58.03,0.1476047369159851,-0.8800878632114217,0.1686924929770874,-0.9855186477402391
58.04,0.14656602673775146,-0.8756627316013517,0.16856568163349028,-0.9879547291298559
58.050000000000004,0.14543980176935595,-0.8706045587936367,0.16834007120584668,-0.9896926650104771
58.06,0.14422657531784114,-0.8648942821493445,0.16801549805492577,-0.9906567743765287
58.07,0.14292692543017002,-0.8585363647868485,0.16759187451829427,-0.9908440119175876
58.08,0.14154149489400228,-0.8515358433104039,0.16706919063468986,-0.9902518012772473
58.09,0.14007099071495915,-0.8438987407483574,0.1664475143544589,-0.9888793826495132
58.1,0.13851618351444775,-0.8356317051324968,0.1657269916287755,-0.9867267179168803
58.11,0.13687790685282133,-0.8267421683838483,0.16490784638813985,-0.9837950397696555
58.120000000000005,0.13515705648037793,-0.8172382423813711,0.16399038041324104,-0.9800865739326631
58.13,0.13335458951741483,-0.8071287440957462,0.16297497309702388,-0.9756046699157975
58.14,0.13147152356544645,-0.7964231538327873,0.1618620810994115,-0.970353722610101
58.15,0.1295089357514032,-0.7851316069114915,0.16065223789472585,-0.964339212801906
58.160000000000004,0.12746796170695707,-0.7732648641189639,0.15934605321299342,-0.9575676542023083
58.17,0.12534979448533776,-0.7608342877689169,0.1579442123779761,-0.9500465603089225
58.18,0.12315568341819078,-0.747851816910198,0.1564474755448332,-0.9417844371264155
58.19,0.12088693291495345,-0.7343299424761959,0.15485667683899623,-0.9327907647910114
58.2,0.1185449012073108,-0.7202816795938598,0.1531727233982653,-0.9230759666355951
58.21,0.11613099904143802,-0.7057205401760843,0.1513965943208786,-0.9126513813469477
58.22,0.11364668832082488,-0.6906605041512217,0.1495293395226169,-0.9015292280953798
58.230000000000004,0.11109348070254313,-0.6751159903445145,0.1475720785062881,-0.8897225717862953
58.24,0.1084729361498879,-0.6591018269055713,0.14552599904711608,-0.8772452867326017
58.25,0.10578666144434873,-0.6426332213491848,0.14339235579771153,-0.8641120178892914
58.26,0.10303630865992246,-0.625725730319543,0.14117246881650317,-0.8503381403586695
58.27,0.10022357360278708,-0.6083952292093497,0.13886772202368966,-0.835939717456294
58.28,0.09735019421937985,-0.5906578817222392,0.13647956158891378,-0.8209334574984481
58.29,0.09441794897593096,-0.572530109484968,0.1340094942549848,-0.805336669539371
58.300000000000004,0.09142865521248679,-0.5540285618020308,0.1314590856020799,-0.789167218254625
58.31,0.08838416747445277,-0.5351700856457559,0.12882995825693486,-0.7724434781828808
58.32,0.08528637582465362,-0.5159716959684937,0.1261237900515996,-0.7551842875281364
58.33,0.08213720413888506,-0.49645054642052033,0.12334231213637216,-0.7374089017250242
58.34,0.0789386083878736,-0.4766239005504008,0.12048730705154986,-0.7191369469633585
58.35,0.07569257490853298,-0.4565091035623189,0.1175606067626351,-0.700388373862945
58.36,0.07240111866733398,-0.43612355469721,0.114564090663618,-0.6811834114824095
58.370000000000005,0.06906628151854356,-0.41548468030180186,0.11149968355292306,-0.6615425218378488
58.38,0.06569013046002807,-0.39460990764280174,0.10836935358655293,-0.641486355098146
58.39,0.06227475588923294,-0.3735166395198677,0.1051751102128943,-0.6210357056140885
58.4,0.05882226986186901,-0.35222222972477446,0.10191900209356644,-0.6002114689280064
58.410000000000004,0.055334804355761685,-0.3307439593902178,0.09860311501459217,-0.5790345998996687
58.42,0.05181450954221312,-0.3090990142659369,0.09522956979206022,-0.5575260720728269
58.43,0.048263552067154644,-0.2873044629553211,0.09180052017632123,-0.5357068383951296
58.44,0.04468411334424826,-0.2653772361410739,0.08831815075862513,-0.5135977933921414
58.45,0.04107838786201672,-0.24333410682281084,0.08478467488396066,-0.4912197368844695
58.46,0.037448581506967865,-0.22119167158648853,0.08120233257370271,-0.4685933393248402
58.47,0.03379690990457652,-0.19896633291856003,0.07757338846151295,-0.4457391088205318
58.480000000000004,0.030125596779892443,-0.1766742825765223,0.07390012974576714,-0.4226773598946682
58.49,0.026436872339421387,-0.1543314860196055,0.0701848641616121,-0.39942818402906355
58.5,0.022732971675833432,-0.13195366790309,0.06642991797557472,-0.37601142202009147
58.51,0.01901613319694179,-0.10955629863186728,0.06263763400546542,-0.35244663816906796
58.52,0.015288597080284357,-0.08715458196947354,0.05881036966813493,-0.3287530963182706
58.53,0.011552603754545053,-0.0647634436907262,0.05495049505745959,-0.30494973773488615
58.54,0.007810392408934506,-0.04239752126758236,0.05106039105474521,-0.2810551608358812
58.550000000000004,0.004064199531560904,-0.02007115457071032,0.04714244747355658,-0.257087602738954
58.56,0.0003162574777072195,0.0022016224302899706,0.04319906124079754,-0.23306492261690764
58.57,-0.003431206931161219,0.024407088989268647,0.039232634615686816,-0.20900458682585468
58.58,-0.00717597377693479,0.046531843951408365,0.03524557344809812,-0.18492365577133604
58.59,-0.010915831382314682,0.06856281119094745,0.03124028547756003,-0.16083877247054063
58.6,-0.014648577615650065,0.09048724414566903,0.027219178674042298,-0.13676615276383866
58.61,-0.018372021162709987,0.11229272947555897,0.02318465962149109,-0.11272157712413992
58.620000000000005,-0.02208398276503367,0.13396718987491602,0.01913913194491656,-0.08872038400871494
58.63,-0.025782296424586803,0.15549888606768208,0.01508499478168339,-0.0647774646946965
58.64,-0.029464810574527812,0.1768764180171963,0.011024641297506165,-0.04090725953669903
58.65,-0.033129389215976274,0.1980887253817548,0.006960457247511546,-0.017123755582633897
58.660000000000004,-0.036773913020741865,0.2191250872481322,0.0028948195825930804,0.006559514517909579
58.67,-0.04039628040004885,0.23997512117579473,-0.001169904898843272,0.03012947237969107
58.68,-0.0439944085393594,0.26062878158477676,-0.005231360853766909,0.05357349259001676
58.69,-0.047566234399463496,0.28107635752038684,-0.009287205652182523,0.07687940032732463
58.7,-0.051109715684066956,0.3013084698284617,-0.013335110589808923,0.10003546795832538
58.71,-0.05462283177416611,0.32131606777470995,-0.017372762056125656,0.12303041068156777
58.72,-0.058103584629554034,0.3410904251418778,-0.02139786265822988,0.145853381284585
58.730000000000004,-0.061549999657855396,0.3606231358386265,-0.025408132301034832,0.16849396408080758
58.74,-0.06496012655153524,0.3799061090538906,-0.029401309224421912,0.1909421680911943
58.75,-0.06833204009337245,0.3989315639902446,-0.0333751509980335,0.21318841953405807
58.76,-0.07166384093092967,0.4176920242097835,-0.03732743547446239,0.23522355368495262
58.77,-0.07495365632059216,0.43618031162602144,-0.04125596170165551,0.2570388061665392
58.78,-0.07819964084177963,0.454389540173998,-0.04515855079540667,0.27862580372656165
58.79,-0.08139997708197255,0.4723131091916556,-0.04903304677286322,0.29997655455983174
58.800000000000004,-0.08455287629321469,0.4899446965440558,-0.052877317348017136,0.3210834382280219
58.81,-0.08765657902078872,0.5072782515212176,-0.05668925469018993,0.34193919522889177
58.82,-0.09070935570477648,0.5243079875408266,-0.06046677614655631,0.36253691626416934
58.83,-0.09370950725523873,0.5410283746843539,-0.06420782492978057,0.3828700312531599
58.84,-0.09665536560176319,0.5574341320959249,-0.0679103707718649,0.4029322981366967
58.85,-0.09954529421814665,0.5735202202709935,-0.07157241054532967,0.4227177915138389
58.86,-0.10237768862298306,0.5892818332613272,-0.07519196885286132,0.4422208911513844
58.870000000000005,-0.10515097685693986,0.6047143908214739,-0.07876709858657707,0.4614362704039462
58.88,-0.10786361993751394,0.6198135305205943,-0.08229588145806291,0.4803588845801976
58.89,-0.11051411229205259,0.6345750998422884,-0.08577642850034803,0.4989839592885692
58.9,-0.11310098216983648,0.6489951482937746,-0.08920688054297872,0.5173069787936581
58.910000000000004,-0.11562279203401307,0.663069919544375,-0.09258540866135544,0.5353236744123802
58.92,-0.11807813893416863,0.6767958436120818,-0.09591021460149088,0.5530300129770291
58.93,-0.1204656548603209,0.6901695291156754,-0.09917953118134129,0.5704221853902285
58.94,-0.12278400707911011,0.7031877556084609,-0.10239162266985277,0.5874965952951122
58.95,-0.12503189845295268,0.7158474660088767,-0.10554478514485369,0.6042498478819794
58.96,-0.12720806774291982,0.7281457591416827,-0.10863734683090943,0.6206787388511275
58.97,-0.12931128989608168,0.7400798824026137,-0.11166766841824101,0.6367802435497436
58.980000000000004,-0.1313403763180562,0.7516472245584269,-0.11463414336379071,0.6525515062991474
58.99,-0.13329417513147981,0.7628453086929631,-0.11753519817549939,0.6679898299271164
59.0,-0.13517157142110559,0.7736717853094033,-0.12036929268083879,0.6830926655185733
59.01,-0.1369714874662213,0.7841244255978876,-0.12313492028062101,0.6978576023963657
59.02,-0.13869288296105442,0.7942011148765681,-0.12583060818908404,0.7122823583426522
59.03,-0.14033475522382696,0.8038998462141246,-0.12845491766122732,0.7263647700700359
59.04,-0.14189613939509146,0.8132187142400282,-0.1310064442083475,0.7401027839506084
59.050000000000004,-0.14337610862596975,0.8221559091466677,-0.13348381780269813,0.753494447011336
59.06,-0.1447737742568952,0.8307097107750449,-0.13588570307216943,0.7665378982160282
59.07,-0.14608828598764986,0.8388784763719703,-0.13821079948587447,0.7792313594639987
59.08,-0.14731883204191631,0.8466605596686203,-0.14045784153164828,0.7915731229532847
59.09,-0.148464639368957,0.8540530671897635,-0.14262559888653623,0.8035615423569944
59.1,-0.14952497398086007,0.8610507079301205,-0.14471287657671442,0.815195170859525
59.11,-0.15049914134781112,0.8676509350150472,-0.1467185151190711,0.8264727988833376
59.120000000000005,-0.15138648665429774,0.8738528442629501,-0.14864139064662216,0.8373932340431761
59.13,-0.15218639493143532,0.8796551629040541,-0.15048041502801598,0.8479552951899211
59.14,-0.152898291179021,0.885056491236863,-0.15223453600575684,0.8581571651588367
59.15,-0.15352164050596462,0.8900552717560275,-0.15390273737546525,0.8679967075758439
59.160000000000004,-0.15405594826811347,0.8946503626790063,-0.1554840391852325,0.8774720528078926
59.17,-0.15450076021963163,0.8988396181996626,-0.15697749792252322,0.8865815119505167
59.18,-0.15485566525492395,0.9025382997774698,-0.1583822064852896,0.8953299276676255
59.19,-0.15512030274491329,0.9056456031034853,-0.15969729378166986,0.9037236120098063
59.2,-0.15529436955670556,0.9081495491465192,-0.16092192434579708,0.9117618261387547
59.21,-0.15537762251031143,0.9100541628180971,-0.16205529830581789,0.9194427603813244
59.22,-0.15536987849186565,0.9113569458678337,-0.1630966515273544,0.9267651450219169
59.230000000000004,-0.15527101444287464,0.9120596135280366,-0.16404525576429632,0.9337272933000655
59.24,-0.1550809673037297,0.9121627987356586,-0.16490041880932055,0.9403278481344103
59.25,-0.15479973388127802,0.9116686325705654,-0.16566148464448677,0.9465651885082658
59.26,-0.15442737065872789,0.9105794132140168,-0.16632783359973238,0.9524376477447372
59.27,-0.1539639935405329,0.9088983224657206,-0.166898882515564,0.9579436640333865
59.28,-0.15340977753542975,0.90662902808233,-0.16737408490351602,0.9630816082483269
59.29,-0.15276495637919027,0.9037758110543311,-0.16775293111497702,0.967849619556502
59.300000000000004,-0.15202982210029395,0.9003435134034381,-0.16803494852195164,0.9722458627900755
59.31,-0.15120472452773842,0.8963375651060924,-0.16821970170035885,0.9762685264554521
59.32,-0.15029007074254158,0.891763923635434,-0.1683067926145363,0.9799157043746226
59.33,-0.14928632452060364,0.886627609273469,-0.16829586095030838,0.983180811817668
59.34,-0.14819400662570598,0.8809072625461845,-0.16818658729564098,0.9859725464877681
59.35,-0.14701369733672054,0.8745519434740509,-0.16797870353081082,0.9881045553030858
59.36,-0.1457460401034724,0.8675383583150126,-0.1676720069453266,0.9894760316232931
59.370000000000005,-0.1443917434956774,0.8598732229660572,-0.16726636912416284,0.9900795988535602
59.38,-0.14295158107032147,0.8515649917794152,-0.16676173840120387,0.9899120683201951
59.39,-0.1414263905402767,0.8426227733196412,-0.16615814023669057,0.9889710199788446
59.4,-0.13981707285327227,0.8330564244238288,-0.16545567743907283,0.9872551648750496
59.410000000000004,-0.1381245912004739,0.822876470638743,-0.16465453028511842,0.9847642083888499
59.42,-0.13634996995649265,0.8120941140785873,-0.1637549565336412,0.9814989874512894
59.43,-0.13449429355328485,0.8007211910496346,-0.1627572913316639,0.9774613772151413
59.44,-0.1325587052904829,0.7887701525511701,-0.16166194701440967,0.9726543074882048
59.45,-0.13054440608493034,0.7762540330171794,-0.16046941280064875,0.9670817467727458
59.46,-0.12845265316218102,0.7631864233558296,-0.15918025438392558,0.9607487003606405
59.47,-0.1262847586928505,0.74958144046368,-0.15779511342059094,0.9536611937474236
59.480000000000004,-0.1240420883767752,0.73545369717366,-0.15631470691595273,0.9458262579696126
59.49,-0.12172605997804105,0.7208182708964946,-0.154739826510172,0.9372519110180898
59.5,-0.11933814181398941,0.7056906719342457,-0.1530713376657589,0.9279471370012371
59.51,-0.11687985120138451,0.6900868111430447,-0.15131017875880015,0.9179218623604593
59.52,-0.11435275286296893,0.6740229672515536,-0.14945736007631652,0.9071869296536719
59.53,-0.11175845729767526,0.6575157538378118,-0.14751396272240175,0.8957540688368879
59.54,-0.10909861911779223,0.6405820861132676,-0.14548113743603772,0.8836358662843123
59.550000000000004,-0.10637493535640387,0.6232391475926614,-0.14336010332370613,0.8708457316496323
59.56,-0.10358914374842661,0.6055043567602122,-0.14115214651013022,0.8573978627545432
59.57,-0.10074302098857395,0.5873953338268509,-0.13885861871067504,0.8433072086621332
59.58,-0.09783838096956401,0.5689298676775068,-0.13648093572911324,0.8285894311179004
59.59,-0.09487707300386325,0.5501258831039215,-0.13402057588462563,0.8132608645376255
59.6,-0.09186098003224157,0.5310014084159873,-0.1314790783720462,0.7973384747300981
59.61,-0.08879201682235746,0.5115745435224761,-0.12885804155948855,0.7808398165432449
59.620000000000005,-0.08567212816055778,0.491863428568846,-0.1261591212275927,0.763782990624773
59.63,-0.08250328704001866,0.47188621321504287,-0.12338402875471954,0.7461865994882384
59.64,-0.07928749284828006,0.4516610266351119,-0.1205345292524867,0.7280697030743457
59.65,-0.07602676955716413,0.4312059483120961,-0.11761243965608792,0.7094517739952654
59.660000000000004,-0.07272316391798189,0.41053897970149394,-0.11461962677386699,0.6903526526458382
59.67,-0.06937874366484714,0.3896780168276038,-0.11155800530062987,0.6707925023614896
59.68,-0.06599559572882041,0.36864082387517505,-0.10842953579917049,0.6507917647966369
59.69,-0.06257582446550694,0.34744500783067167,-0.10523622265446328,0.6303711156912325
59.7,-0.059121549898631574,0.3261079942244439,-0.10198011200493359,0.6095514211853986
59.71,-0.0556349059819921,0.3046470040167705,-0.09866328965516243,0.5883536948342667
59.72,-0.052118038882093036,0.2830790316679773,-0.09528787897430853,0.5667990554660584
59.730000000000004,-0.04857310528362653,0.2614208244240398,-0.09185603878444741,0.5449086860173128
59.74,-0.045002270719860835,0.23968886284641933,-0.08836996124292601,0.5227037934690788
59.75,-0.04140770792986199,0.2178993426067784,-0.08483186972272214,0.5002055699978653
59.76,-0.03779159524435096,0.196068157563641,-0.08124401669467474,0.4774351554444608
59.77,-0.03415611500187145,0.17421088413175095,-0.07760868161531886,0.4544136011931232
59.78,-0.03050345199681415,0.15234276694998844,-0.07392816882391706,0.4311618355428602
59.79,-0.02683579196071088,0.1304787058494692,-0.07020480545213038,0.407700630641625
59.800000000000004,-0.02315532007808688,0.10863324411759387,-0.06644093934961415,0.3840505710437008
59.81,-0.019464219538024255,0.08682055805045254,-0.06263893702866245,0.3602320239398596
59.82,-0.015764670122468773,0.06505444778137091,-0.058801181630856944,0.3362651110996552
59.83,-0.012058846832174237,0.04334832936912281,-0.05493007091850535,0.3121696825551911
59.84,-0.008348918551067267,0.021715228126050947,-0.051028015293479834,0.2879652920460519
59.85,-0.004637046749676535,0.00016777316272626602,-0.04709743584589064,0.2636711742358513
59.86,-0.0009253842281603451,-0.02128180687792308,-0.043140762434853326,0.23930622370211915
59.870000000000005,0.0027839261006562346,-0.04262168692666231,-0.039160431803430144,0.21488897569297405
59.88,0.006488752387938845,-0.06384044746651683,-0.03515888572965094,0.190437588636186
59.89,0.010186974985011761,-0.08492707541995367,-0.03113856921534381,0.16596982837927643
59.9,0.013876487538962123,-0.10587096398115753,-0.0271019287143334,0.14150305413235736
59.910000000000004,0.017555198047707648,-0.1266619114342335,-0.023051410401394388,0.1170542060796913
59.92,0.021221029874659514,-0.14729011899834363,-0.018989458483182727,0.09263979462021975
59.93,0.024871922723208175,-0.16774618774331107,-0.014918513552203846,0.06827589119261218
59.94,0.028505833571349184,-0.18802111462070636,-0.010841010984720076,0.04397812063597606
59.95,0.032120737566859424,-0.20810628765591077,-0.0067593793833464815,0.019761655033643747
59.96,0.03571462888350962,-0.22799348034860578,-0.0026760390649363,-0.0043587910157129334
59.97,0.039285521538885884,-0.24767484532878492,0.001406599405783769,-0.02836896375811903
59.980000000000004,0.04283145017446177,-0.26714290731689827,0.0054861366365053475,-0.05225507233604693
59.99,0.046350470798631443,-0.28639055543552616,0.009560185781363324,-0.07600378959427218
60.0,0.049840661493480216,-0.3054110349219876,0.013626373868624857,-0.09960225170322229
60.01,0.053300123086126416,-0.32419793828824855,0.01768234308208985,-0.12303805666435548
60.02,0.0567269797855284,-0.3427451959772201,0.02172575199636153,-0.1462992617621338
60.03,0.06011937978568806,-0.3610470665604359,0.02575427676625158,-0.16937438002760724
60.04,0.06347549583624328,-0.37909812652439734,0.029765612270680305,-0.19225237577802334
60.050000000000004,0.06679352578147035,-0.3968932596889157,0.0337574732115258,-0.21492265929657364
60.06,0.07007169306875598,-0.41442764630225815,0.03772759516796093,-0.2373750807153127
60.07,0.07330824722763662,-0.431696751853699,0.04167373560689502,-0.25959992316347097
60.08,0.07650146432052166,-0.4486963156458404,0.0455936748502115,-0.2815878952417586
60.09,0.07964964736624526,-0.46542233916413883,0.049485216999558566,-0.30333012288213823
60.1,0.08275112673761319,-0.48187107428294845,0.05334619081951076,-0.32481814065048953
60.11,0.08580426053412041,-0.49803901134262674,0.05717445057997541,-0.34604388254818497
60.120000000000005,0.08880743493103502,-0.5139228671336157,0.06096787685876615,-0.36699967236627656
60.13,0.09175906450604739,-0.5295195728195479,0.06472437730531141,-0.38767821364423055
60.14,0.09465759254469147,-0.5448262618316431,0.0684418873665035,-0.4080725792828924
60.15,0.09750149132574817,-0.5598402577642204,0.07211837097572923,-0.4281762008591327
60.160000000000004,0.10028926238783818,-0.5745590623007335,0.07575182120615147,-0.4479828576874179
60.17,0.10301943677840829,-0.5889803431973765,0.07934026088933674,-0.46748666567123476
60.18,0.10569057528631458,-0.6031019223516221,0.08288174320034383,-0.4866820659849255
60.19,0.10830126865918595,-0.6169217639800344,0.08637435221040599,-0.5055638136242804
60.2,0.1108501378067517,-0.6304379629310082,0.08981620340835117,-0.5241269658617189
60.21,0.11333583399129514,-0.643648733154338,0.09320544419191448,-0.5423668706398953
60.22,0.1157570390063842,-0.6565523963512163,0.09654025433010313,-0.5602791549350005
60.230000000000004,0.11811246534500701,-0.6691473708248962,0.09981884639777631,-0.5778597131191827
60.24,0.1204008563582245,-0.6814321605531479,0.10303946618360306,-0.5951046953490584
60.25,0.12262098640542514,-0.6934053445014151,0.10620039307255777,-0.6120104960055379
60.26,0.12477166099724767,-0.7050655661966164,0.10929994040410812,-0.6285737422072436
60.27,0.12685171693220568,-0.7164115235850694,0.11233645580724266,-0.6447912824124219
60.28,0.12886002242802366,-0.7274419592029516,0.11530832151347654,-0.6606601751148
60.29,0.1307954772486576,-0.7381556507206491,0.11821395464896307,-0.6761776776942292
60.300000000000004,0.13265701282791606,-0.7485514026303839,0.12105180750683606,-0.6913412350421969
60.31,0.13444359239053855,-0.758628037743267,0.1238203678009134,-0.7061484682682843
60.32,0.13615421107166095,-0.7683843859437481,0.12651815890182422,-0.7205971656313627
60.33,0.13778789603548966,-0.7778192806787839,0.129143740056569,-0.7346852715918945
60.34,0.1393437065936655,-0.7869315562239668,0.13169570659260976,-0.7484108745884807
60.35,0.140820734323583,-0.7957200455157836,0.13417269010759242,-0.7617721979036358
60.36,0.1422181031860963,-0.8041836037934221,0.13657335864577744,-0.7747675872200998
60.370000000000005,0.1435349696380949,-0.8123212181724775,0.13889641686248314,-0.7873954941535564
60.38,0.14477052271536012,-0.8201326143877986,0.14114060617877816,-0.7996544379884621
60.39,0.14592398404569734,-0.82761851320639,0.14330470493104042,-0.8115429275680156
60.4,0.14699460784236154,-0.8347782149609826,0.14538752851688755,-0.8230595614328342
60.410000000000004,0.14798168096178113,-0.8416105781855246,0.14738792951535482,-0.8342036347285021
60.42,0.14888452300540517,-0.8481146493385241,0.14930479776169603,-0.8449747405742185
60.43,0.14970248643445452,-0.8542890406061622,0.15113706039840732,-0.855372319517097
60.44,0.15043495670837703,-0.8601321717354148,0.15288368193142685,-0.8653956975324802
60.45,0.15108135244785376,-0.8656422528083042,0.15454366429689048,-0.8750441393710994
60.46,0.1516411256159079,-0.8708173653820364,0.1561160469327961,-0.8843169219019819
60.47,0.15211376188006892,-0.8756500635311054,0.15759990684011974,-0.8932136834859192
60.480000000000004,0.15249878446313628,-0.8800287959738206,0.15899435837885037,-0.9017420653546535
60.49,0.1527957624570557,-0.8838675118070289,0.1602985527202978,-0.9099078120009125
60.5,0.1530043173693566,-0.8871632497121528,0.16151167743914233,-0.9177100560413151
60.51,0.15312412506113246,-0.8899130961583894,0.16263295647308976,-0.925147812467428
60.52,0.15315491601906828,-0.8921148588027006,0.16366165021715562,-0.9322201530531647
60.53,0.1530964755792245,-0.893766721439833,0.16459705562008317,-0.9389260645612493
60.54,0.15294864410188377,-0.8948673870794991,0.1654385062884133,-0.9452643853535401
60.550000000000004,0.1527113170989306,-0.8954160225606349,0.16618537260190333,-0.9512338776267261
60.56,0.1523844453123707,-0.8954123002100087,0.1668370618378178,-0.9568332326515864
60.57,0.1519680347433285,-0.8948563881145486,0.1673930183009254,-0.9620611187042577
60.58,0.15146214663119592,-0.8937489490224717,0.16785272345814584,-0.9669161352559735
60.59,0.15086689738387676,-0.8920911177227684,0.16821569608135578,-0.9713967418550099
60.6,0.15018245846000963,-0.8898845095261043,0.16848149240125598,-0.9755013071117711
60.61,0.14940905620330963,-0.8871312164343894,0.16864970627087164,-0.9792281220518272
60.620000000000005,0.14854697162928543,-0.8838337995135386,0.1687199693372837,-0.9825753928493663
60.63,0.14759654029236954,-0.879991154921048,0.16869195162466077,-0.9855281843531365
60.64,0.14655815334458944,-0.8755691333613054,0.1685653660359269,-0.9879656763408752
60.65,0.1454322608927783,-0.8705143287475914,0.16833998025154742,-0.9897052031107344
60.660000000000004,0.1442193759015815,-0.8648076032984138,0.1680156304785857,-0.9906708641737523
60.67,0.14292007605595908,-0.8584534175670099,0.16759222890017217,-0.9908596239845149
60.68,0.14153500376387515,-0.8514567987284976,0.16706976540405355,-0.9902688956783997
60.69,0.14006486563427414,-0.8438237638874969,0.16644830779330225,-0.9888979211530893
60.7,0.13851043187564532,-0.8355609528820578,0.16572800187578876,-0.9867466580432159
60.71,0.13687253561994792,-0.8266757900847641,0.1649090714428885,-0.983816337936969
60.72,0.1351520721744111,-0.8171763790419746,0.16399181814055871,-0.9801091840687147
60.730000000000004,0.13334999820241816,-0.8070715283516546,0.16297662123159773,-0.9756285443508269
60.74,0.13146733083557752,-0.7963707095672894,0.16186393725055054,-0.9703788118687575
60.75,0.12950514671880708,-0.7850840491180358,0.16065429955127952,-0.9643654663985456
60.76,0.12746458099055993,-0.7732222985678261,0.1593483177484093,-0.9575950198960419
60.77,0.12534682620057078,-0.760796810826295,0.15794667705550458,-0.9500749845101584
60.78,0.12315313116766395,-0.747819515397145,0.15645013752285913,-0.9418138653776396
60.79,0.1208847997800921,-0.7343028934918912,0.15485953317646514,-0.9328211417922935
60.800000000000004,0.11854318974096995,-0.720259950390602,0.15317577106018612,-0.9231072364970987
60.81,0.11612971126150999,-0.7057041880406855,0.1513998301838847,-0.9126834877364296
60.82,0.11364582570484734,-0.6906495763182372,0.14953276038056695,-0.9015621144653976
60.83,0.1110930441833191,-0.6751105239275264,0.1475756810758872,-0.8897561815355158
60.84,0.1084729261121185,-0.6591018488507493,0.14552977997354002,-0.8772795633844271
60.85,0.10578707772229051,-0.6426387484125575,0.14339631166021552,-0.8641469052732461
60.86,0.10303715053606334,-0.6257367690659672,0.14117659613399838,-0.8503735827862835
60.870000000000005,0.10022483980754171,-0.6084117760344562,0.13887201726026965,-0.8359756598941511
60.88,0.09735188293180658,-0.5906799228963455,0.13648402115931313,-0.8209698457357457
60.89,0.0944200578254581,-0.5725576212198011,0.13401411452995457,-0.8053734503499602
60.9,0.09143118128164482,-0.5540615103391167,0.1314638629136626,-0.7892043395524173
60.910000000000004,0.08838710730260252,-0.5352084273672528,0.12883488890362457,-0.7724808891699785
60.92,0.08528972541269773,-0.5160153775293448,0.12612887030337194,-0.7552219388350049
60.93,0.08214095895494761,-0.4964995049023437,0.12334753823957094,-0.7374467455420862
60.94,0.07894276337393408,-0.47667806363604603,0.12049267523361681,-0.7191749371635197
60.95,0.0756971244879966,-0.4565683897312557,0.11756611323667088,-0.7004264661145181
60.96,0.0724060567535134,-0.43618787344066445,0.11456973163276364,-0.6812215633521317
60.97,0.0690716015240358,-0.41555393235736204,0.11150545521455127,-0.6615806928836229
60.980000000000004,0.06569582530695876,-0.39468398524754056,0.10837525213626054,-0.6415245069513312
60.99,0.06228081802034255,-0.37359542668141366,0.10518113184828763,-0.6210738020511345
61.0,0.05882869125241479,-0.3523056025093044,0.10192514301783252,-0.6002494759313901
61.01,0.05534157652620247,-0.3308317862264719,0.09860937143985024,-0.5790724857080968
61.02,0.051821623571650474,-0.3091911562642263,0.09523593794248823,-0.5575638072208012
61.03,0.0482709986074943,-0.28740077424060867,0.09180699629105374,-0.5357443957419404
61.04,0.04469188263504911,-0.26547756419874186,0.08832473109441996,-0.5136351481405314
61.050000000000004,0.04108646974599377,-0.24343829285628782,0.0847913557176322,-0.4912568665891557
61.06,0.03745696544610941,-0.22129955088513067,0.0812091102043219,-0.4686302238912188
61.07,0.03380558499684354,-0.19907773523509636,0.07758025921237299,-0.4457757304938394
61.08,0.03013455177645579,-0.17678903251217964,0.07390708996611749,-0.4227137032400317
61.09,0.026446095662402552,-0.15444940341632463,0.07019191022816186,-0.3994642359027736
61.1,0.022742451436509874,-0.13207456824091537,0.06643704629376866,-0.3760471715325744
61.11,0.019025857214371816,-0.10967999343093528,0.06264484101053656,-0.35248207663995407
61.120000000000005,0.015298552900316781,-0.08728087919468677,0.05881765182593819,-0.32878821722408197
61.13,0.011562778669168177,-0.06489214815840699,0.05495784886509178,-0.3049845366497789
61.14,0.007820773475928633,-0.04252843505264337,0.05106781304095714,-0.2810896353659397
61.15,0.004074773594408876,-0.020204077413095697,0.04714993419896431,-0.2571217524505739
61.160000000000004,0.0003270111857253326,0.002066892720783045,0.043206609297899545,-0.23309874895969335
61.17,-0.0034202871025145226,0.02427075613119651,0.039240240628695244,-0.2090380930506128
61.18,-0.007164901505610092,0.046394112793846205,0.03525323407259188,-0.1849568468435949
61.19,-0.010904620479124803,0.06842388732063648,0.03124799739996872,-0.1608716549801345
61.2,-0.014637242003662983,0.09034733350042526,0.027226938610969982,-0.13679873483102942
61.21,-0.018360574856620602,0.1121520379644108,0.023192464318889085,-0.11275386830272861
61.22,-0.022072439850552128,0.13382592300636814,0.019146978177115213,-0.0887523951866381
61.230000000000004,-0.025770671037880773,0.15535724858677818,0.015092879350292623,-0.06480920799256733
61.24,-0.029453116881752978,0.17673461355204118,0.011032561030194805,-0.04093874820467788
61.25,-0.03311764139293317,0.197946956100498,0.006968408996675943,-0.01715500389611393
61.26,-0.03676212523269001,0.218983553526963,0.00290280022392537,0.006528491363436712
61.27,-0.04038446678171326,0.23983402127851972,-0.0011618984678769856,0.03009865837419647
61.28,-0.04398258317515958,0.26048831135469425,-0.0052233317155276635,0.05354287101453533
61.29,-0.04755441130399771,0.2809367100847232,-0.009279156870528422,0.07684895385927748
61.300000000000004,-0.0510979087828767,0.301169835316093,-0.013327045211823808,0.10000517877619185
61.31,-0.05461105488481456,0.3211786330469984,-0.017364683113895225,0.12300026056865994
61.32,-0.058091851443039105,0.34095437353757885,-0.021389773170655938,0.14582335173153765
61.33,-0.06153832372038652,0.36048864693233285,-0.025400035275676712,0.16846403638662583
61.34,-0.06494852124669609,0.37977335842865034,-0.029393207659355457,0.1909123234624988
61.35,-0.06832051862469117,0.3988007230240934,-0.03336704788371757,0.2131586391823768
61.36,-0.07165241630487947,0.41756325987636866,-0.03731933379560316,0.23519381892176836
61.370000000000005,-0.07494234133004042,0.43605378630893854,-0.04124786443905923,0.2570090984959576
61.38,-0.0781884480499038,0.45426541149498845,-0.04515046092781171,0.2785961049353597
61.39,-0.08138891880665958,0.47219152985227014,-0.04902496727874235,0.29994684680473765
61.4,-0.08454196459195967,0.48982581418037785,-0.05286925120734143,0.321053704120084
61.410000000000004,-0.08764582567610663,0.5071622085717973,-0.05668120488614595,0.341909417914748
61.42,-0.09069877221014044,0.5241949211266578,-0.06045874566720837,0.3625070795041518
61.43,-0.09369910480155469,0.5409184165014995,-0.06419981676967063,0.38284011949602764
61.44,-0.09664515506439351,0.5573274083194051,-0.06790238793354235,0.4029022965909808
61.45,-0.09953528614449002,0.5734168514702007,-0.07156445604080407,0.42268768621563524
61.46,-0.10236789322061945,0.5891819343260578,-0.07518404570497153,0.44219066902851945
61.47,-0.10514140398234906,0.6046180708983481,-0.07875920983027014,0.4614059193364746
61.480000000000004,-0.10785427908536985,0.6197208929592877,-0.08228803014157711,0.4803283934570964
61.49,-0.11050501258510248,0.6344862421511126,-0.08576861768629389,0.4989533180606337
61.5,-0.11309213234936683,0.6489101621040575,-0.08919911330931346,0.5172761785225023
61.51,-0.11561420045090588,0.6629888905833694,-0.09257768810224545,0.5352927073155164
61.52,-0.11806981354055007,0.6767188516835865,-0.09590254382805835,0.5529988724690016
61.53,-0.12045760320180524,0.6900966480882399,-0.09917191332229017,0.5703908661197479
61.54,-0.12277623628763792,0.7031190534105263,-0.10238406087197124,0.5874650931781822
61.550000000000004,-0.12502441524022584,0.7157830046303605,-0.10553728257338937,0.6042181601310435
61.56,-0.12720087839442998,0.7280855946417436,-0.10862990666981459,0.6206468640001542
61.57,-0.12930440026573353,0.7400240649229144,-0.1116602938702855,0.6367481814753458
61.58,-0.1313337918233834,0.751595798341651,-0.11462683765054038,0.6525192582376749
61.59,-0.13328790074945004,0.7627983121059856,-0.11752796453715839,0.6679573984878168
61.6,-0.13516561168451555,0.7736292508708803,-0.12036213437595444,0.6830600546927645
61.61,-0.13696584646067253,0.7840863800095982,-0.12312784058565084,0.6978248175627597
61.620000000000005,-0.138687564322515,0.7941675790583684,-0.12582361039782355,0.7122494062688146
61.63,-0.14032976213676782,0.8038708353419151,-0.12844800508409945,0.7263316589100698
61.64,-0.1418914745911967,0.813194237786351,-0.1309996201715536,0.7400695232392354
61.65,-0.14337177438341744,0.8221359709223584,-0.13347708564723074,0.7534610476550696
61.660000000000004,-0.14476977240020614,0.8306943088717309,-0.13587906615268844,0.7665043724824671
61.67,-0.14608461788817245,0.8388676009948712,-0.13820426116945508,0.779197720718063
61.68,-0.14731549861915005,0.8466541900920322,-0.14045140519641905,0.7915393855004887
61.690000000000005,-0.14846164108877302,0.8540513058072988,-0.14261926792019558,0.8035277222262734
61.7,-0.14952231084773165,0.8610536615190951,-0.14470665437511385,0.8151612784991548
61.71,-0.1504968128985952,0.8676585751153023,-0.1467124050850472,0.8264388443921032
61.72,-0.1513844919593705,0.8738651178752779,-0.14863539618886748,0.8373592303815325
61.730000000000004,-0.15218473259944582,0.8796720255709163,-0.15047453955935547,0.8479212702451795
61.74,-0.15289695936124367,0.8850779134431391,-0.1522287829393061,0.858123189748903
61.75,-0.15352063690013312,0.8900812114722534,-0.15389711011831164,0.8679628545279382
61.76,-0.15405527012348985,0.8946807484982983,-0.1554785411318528,0.8774383727782434
61.77,-0.1545004043424042,0.8988744229819898,-0.15697213244987135,0.8865480356993474
61.78,-0.1548556280049153,0.9025777257657938,-0.1583769769498504,0.8952966682864466
61.79,-0.15512058002750853,0.9056896119993223,-0.15969220351755817,0.903690589744407
61.800000000000004,-0.1552949568255824,0.9081979904844011,-0.1609169766626824,0.9117290667748074
61.81,-0.15537851477891074,0.9101069362431549,-0.16205049648671005,0.9194102807822937
61.82,-0.15537107034581746,0.911413911319601,-0.16309199882673298,0.9267329616911623
61.83,-0.15527250005317172,0.9121206380686733,-0.16404075540648855,0.9336954209987097
61.84,-0.1550827404408236,0.9122277332187676,-0.1648960739870615,0.940296298768305
61.85,-0.1548017879299502,0.9117373239083292,-0.16565729851775213,0.9465339708677147
61.86,-0.15442969863372427,0.9106516999410135,-0.16632380929474605,0.9524067718065682
61.870000000000005,-0.15396658810283492,0.9089740381648039,-0.16689502312377402,0.9579131409232552
61.88,-0.15341263100914887,0.9067079991030327,-0.16737039348063987,0.9630514442979532
61.89,-0.15276806076907948,0.903857858239722,-0.1677494106803368,0.9678198186576286
61.9,-0.15203316910979386,0.9004284533692068,-0.16803160205790074,0.9722164328933279
61.910000000000004,-0.15120830557745746,0.8964252104031503,-0.16821653215152318,0.9762394766193193
61.92,-0.15029387698913604,0.8918540827491155,-0.1683038028869516,0.9798870426949959
61.93,-0.14929034687480752,0.886720126965706,-0.168293053906853,0.9831526672935869
61.940000000000005,-0.14819823576443594,0.881002119910686,-0.16818396573193092,0.9859454883417503
61.95,-0.14701812371109363,0.8746490123204844,-0.16797627013722463,0.9880788204677534
61.96,-0.14575065395211842,0.8676374262413615,-0.16766976428476385,0.9894515972191904
61.97,-0.14439653486360146,0.8599741020075933,-0.167264319626688,0.9900565233156551
61.980000000000004,-0.14295653982854517,0.8516674831837743,-0.1667598843607565,0.9898903793415604
61.99,-0.14143150640540256,0.8427266821313761,-0.1661564838073251,0.9889507576756027
62.0,-0.13982233540716277,0.8331615525163376,-0.1654542206316289,0.9872363552397593
62.01,-0.13812998990996256,0.8229826212131469,-0.16465327496409435,0.9847468855079347
62.02,-0.13635549419308593,0.8122010902712216,-0.16375390441396107,0.9814831849693219
62.03,-0.13449993261279908,0.8008287969123695,-0.16275644397536446,0.9774471269587162
62.04,-0.1325644484125987,0.7888781931258897,-0.16166130582747615,0.9726416396815089
62.050000000000004,-0.1305502424726233,0.7763623148357596,-0.16046897903000923,0.9670706902616708
62.06,-0.12845857200099786,0.7632947547210049,-0.1591800291145893,0.960739282581661
62.07,-0.1262907491699906,0.7496896318074164,-0.15779509757294072,0.9536534403263769
62.08,-0.12404813969995206,0.735561561358995,-0.15631490124320824,0.9458201928044342
62.09,-0.12173216139408619,0.720925623529159,-0.15474023159603337,0.9372475561266032
62.1,-0.1193442826271727,0.7057973316483519,-0.1530719539222368,0.9279445124907018
62.11,-0.11688602079141908,0.6901925998818135,-0.15131100642424036,0.9179209863405344
62.120000000000005,-0.11435894070267782,0.6741277105308794,-0.14945839921362397,0.9071878181829832
62.13,-0.11176465297028822,0.6576192810007011,-0.14751521321747224,0.8957567358582822
62.14,-0.10910481233385266,0.6406842305704485,-0.14548259899640148,0.8836403235720488
62.15,-0.10638111597025732,0.6233397470530324,-0.14336177547739015,0.8708519887571785
62.160000000000004,-0.10359530177427484,0.6056032534492669,-0.14115402860474308,0.8574059269692017
62.17,-0.10074914661606474,0.5874923746948177,-0.13886070991271957,0.8433170849637199
62.18,-0.09784446457890336,0.5690249045964408,-0.1364832350235307,0.8286011221432961
62.190000000000005,-0.09488310518042777,0.5502187730549435,-0.13402308207457506,0.8132743705505686
62.2,-0.09186695158067246,0.531092013666014,-0.13148179007892158,0.7973537935968669
62.21,-0.08879791878011915,0.5116627317916241,-0.12886095722317636,0.7808569437140849
62.22,-0.08567795181094566,0.49194907318746617,-0.12616223910697158,0.76380191912143
62.230000000000004,-0.08250902392460005,0.47196919327205167,-0.12338734692840307,0.7462073198974527
62.24,-0.07929313477875305,0.45174122711612785,-0.12053804561981012,0.7280922035475788
62.25,-0.07603230862662201,0.4312832602288728,-0.11761615193833841,0.709476040254493
62.26,-0.07272859251157293,0.4106133002117752,-0.114623532515757,0.6903786679955505
62.27,-0.06938405446981152,0.3897492493461191,-0.11156210187201238,0.67082024770672
62.28,-0.06600078174390053,0.3687088781752384,-0.10843382039699385,0.6508212186670503
62.29,-0.06258087900971876,0.34750980013717153,-0.10524069230496359,0.6304022542710472
62.300000000000004,-0.05912646661938482,0.3261694472974093,-0.10198476356606145,0.6095842183491015
62.31,-0.05563967886255968,0.3047050472264652,-0.09866811981923981,0.5883881221878557
62.32,-0.05212266224841142,0.2831336010607607,-0.09529288427091284,0.5668350823936569
62.33,-0.048577573810431526,0.2614718627796328,-0.09186121558351648,0.544946279732902
62.34,-0.045006579436147054,0.23973631972624182,-0.0883753057580799,0.5227429190731064
62.35,-0.04141185222366252,0.217943174393542,-0.0848373780147956,0.5002461905384394
62.36,-0.037795570866835757,0.1961083274922072,-0.08124968467545406,0.4774772319828474
62.370000000000005,-0.034159918070759306,0.17424736231109234,-0.07761450505147661,0.45445709287325853
62.38,-0.03050707899909925,0.15237553037665352,-0.07393414334113767,0.43120669966451447
62.39,-0.02683923975469866,0.13050773841188476,-0.07021092653941936,0.40774682273696244
62.4,-0.02315858589474455,0.10865853659172933,-0.06644720236378286,0.3840980449568737
