t_s,platform_heave_m,platform_heave_acc_mps2,buoy1_clusterA_surge_m,buoy1_clusterA_surge_acc_mps2,buoy1_clusterA_sway_m,buoy1_clusterA_sway_acc_mps2,buoy1_clusterA_heave_m,buoy1_clusterA_heave_acc_mps2,buoy4_clusterB_surge_m,buoy4_clusterB_surge_acc_mps2,buoy4_clusterB_sway_m,buoy4_clusterB_sway_acc_mps2,buoy4_clusterB_heave_m,buoy4_clusterB_heave_acc_mps2,buoy7_clusterC_surge_m,buoy7_clusterC_surge_acc_mps2,buoy7_clusterC_sway_m,buoy7_clusterC_sway_acc_mps2,buoy7_clusterC_heave_m,buoy7_clusterC_heave_acc_mps2
59.410000000000004,0.05091806349245754,-0.19690068640130073,-0.0061246232581597514,0.1376368836083567,-1.2184327301659666e-09,-3.7194693979475313e-10,0.026564076934127222,-0.09911467221862566,0.001865496354801301,0.11054049731431398,-0.00013167822328526862,0.0004446049720745674,0.05010653431529515,-0.1802003526968566,0.010275743340226306,0.08258993180781053,-8.174943824745148e-10,2.5880247746602457e-11,0.07498943237410266,-0.2661629210199067
59.42,0.05188153953162354,-0.20192720741718764,-0.005274023404595095,0.13454876290632484,-1.2142163076743197e-09,-3.9164289056238046e-10,0.027813674356122316,-0.10318099466547875,0.002759100868492512,0.1072540410219215,-0.00013181136989768753,0.0004466749969329062,0.05107025604054013,-0.18330205001585892,0.01115334291449112,0.07933667710001921,-8.277608491938438e-10,6.297058917680696e-11,0.07565309787408997,-0.2682871062191558
59.43,0.052824713185300326,-0.20688867829879543,-0.004410004590345868,0.1314067745012153,-1.2100393202152497e-09,-4.1122917900349056e-10,0.029052915378256536,-0.10720115522337759,0.0036633931155671817,0.10392562108849794,-0.00013190229065382795,0.0004485602054774926,0.052015620626791485,-0.1863424062426643,0.01203883946000766,0.07605299227603518,-8.380208731983028e-10,1.0003815150409537e-10,0.07628991810119352,-0.2703328834235518
59.44,0.05374708920772096,-0.21178134938836596,-0.003532881589826787,0.12821220603981187,-1.2059037042005854e-09,-4.306969462532031e-10,0.030281398546222516,-0.11117460201863914,0.00457803981233211,0.10055669371693736,-0.00013195082283592893,0.0004502583314304128,0.05294232470098809,-0.18932128443179672,0.012931904308666049,0.072740377323122,-8.48270754241281e-10,1.3706515611619866e-10,0.07689968934260871,-0.2723004690095758
59.45,0.05464817935767633,-0.21660149220092675,-0.002642974421169172,0.12496637588819316,-1.2018113925263715e-09,-4.5003664467203067e-10,0.03149872707393708,-0.11510082029803484,0.00550270364046687,0.09714873851821272,-0.00013195681673694446,0.0004517672256001342,0.053850071030375334,-0.1922385676586364,0.013832205915721988,0.06940034888823127,-8.585067885163779e-10,1.740332184682819e-10,0.07748221569511039,-0.27419008533416306
59.46,0.05552750277102776,-0.22134539779318038,-0.0017406082140234487,0.12167063220415845,-1.1977643033115571e-09,-4.692381905361658e-10,0.03270450889441229,-0.11897933690195878,0.006437043395293297,0.09370325791693149,-0.00013192013589222932,0.00045308484676792154,0.05473856853426021,-0.19509415114768433,0.01473941001163492,0.06603443855916528,-8.687252851996018e-10,2.1092516181248625e-10,0.07803730904254993,-0.27600196734633664
59.47,0.05638458633440282,-0.22600926978085667,-0.0008261130745259338,0.11832634757022804,-1.1937643500053944e-09,-4.882916713993251e-10,0.03389835670319314,-0.12280982960088561,0.007380714136596996,0.09022178545829992,-0.00013184065732001096,0.00045420905413862594,0.05560753229800417,-0.19788782582094316,0.015653179755218894,0.06264418582307754,-8.789225626442839e-10,2.4772223487356966e-10,0.0785647890275419,-0.27773651460892784
59.480000000000004,0.05721896506701698,-0.23058917186584432,0.0001001760522045557,0.11493491631402278,-1.1898134067107636e-09,-5.071872808789288e-10,0.035079887987205995,-0.12659218112623769,0.008333367342461866,0.08670588782450034,-0.00013171827178305175,0.00045513752012978217,0.05645668359698788,-0.20061921904726857,0.016573175887618995,0.059231134651911835,-8.890949368235257e-10,2.8440662981330863e-10,0.0790644830073698,-0.27939436686693525
59.49,0.058030182513008496,-0.23508110287238437,0.0010379195218795697,0.11149775702266704,-1.1859133627391732e-09,-5.25914043922033e-10,0.03624872503645361,-0.13032640580837793,0.009294651066094324,0.08315715556428407,-0.0001315528840744617,0.00045586789145883995,0.05728574993353718,-0.20328786715403585,0.01749905688689835,0.05579683648489477,-8.992387526735091e-10,3.20960209896246e-10,0.07953622599048303,-0.2809763033518903
59.5,0.0588177911389893,-0.23948108210208757,0.0019867731333242343,0.10801631545658562,-1.1820660653467384e-09,-5.444633403363786e-10,0.03740449494366605,-0.13401256678302914,0.010264210094950496,0.07957719437498817,-0.00013134441331622414,0.00045639794071732114,0.05809446508186395,-0.20589329761769307,0.018430479123410747,0.05234285333460444,-9.093503525715683e-10,3.5736473239493926e-10,0.07997986056057198,-0.2824831290947295
59.51,0.05958135273193004,-0.24378512262780005,0.0029463882733550524,0.10449206231350734,-1.1782733591057228e-09,-5.628226006166156e-10,0.03854682959656363,-0.13765080471324842,0.011241686111568156,0.07596762562409248,-0.00013109279326139144,0.0004567255228032727,0.058882569136550995,-0.20843499588104153,0.019367097016080373,0.0488707548614997,-9.194261029834132e-10,3.936022727508524e-10,0.08039523679456756,-0.28391571583486824
59.52,0.060320438794456255,-0.2479893141097659,0.003916412064293531,0.10092649628962061,-1.1745370576261011e-09,-5.809840731899283e-10,0.03967536566539545,-0.14124125839856191,0.012226717855735808,0.07233007918765473,-0.00013079797259495657,0.00045684868602628525,0.059649808562171974,-0.21091248401664742,0.02030856318959679,0.045382121343867876,-9.294623807601701e-10,4.296555135510412e-10,0.08078221217815047,-0.2852748930120788
59.53,0.0610346309358502,-0.2520897626375568,0.004896487514086358,0.09732113966085508,-1.170858962758691e-09,-5.989365518489624e-10,0.04078974458721293,-0.14478412634744292,0.013218941287736817,0.06866619609935527,-0.00013045991523100484,0.0004567655955123078,0.060395936242882385,-0.21332525361112972,0.021254528632453584,0.041878538489677146,-9.394555892421458e-10,4.655063058164513e-10,0.08114065152067937,-0.28656153439258564
59.54,0.061723521258517516,-0.2560826418217231,0.005886253668931891,0.09367754018873557,-1.167240854395343e-09,-6.16670258721584e-10,0.04188961254687223,-0.14827961908485907,0.014217989752525724,0.06497762426676698,-0.00013007860060616636,0.0004564745741377209,0.0611207115323313,-0.2156728116488456,0.022204642855682417,0.0383615990411548,-9.494021433229688e-10,5.011380615861663e-10,0.08147042686941273,-0.2877764930508178
59.550000000000004,0.06238671273610648,-0.2599642730439652,0.006885345768489779,0.08999727335611325,-1.1636844788917097e-09,-6.341755462149568e-10,0.042974620458270295,-0.15172788261555087,0.01522349414450063,0.06126601275429247,-0.00012965402396569598,0.0004559741987920262,0.06182390030061232,-0.21795475625586944,0.023158554052316534,0.03483290464026468,-9.592984794454737e-10,5.365331480282195e-10,0.08177141742776613,-0.2889204964868168
59.56,0.06302381958530101,-0.26373089901858693,0.007893395403427856,0.08628192965673999,-1.160191582439145e-09,-6.51442786658407e-10,0.0440444239436086,-0.15512922285581543,0.01623508307285013,0.057533022983990954,-0.00012918619664384218,0.00045526304204132953,0.06250527498087141,-0.22017054134510453,0.024115909257209998,0.031294049723355505,-9.69141071065132e-10,5.716741582896102e-10,0.0820435094756258,-0.28999442011747417
59.57,0.06363446763197689,-0.2673789724039026,0.008910030675250567,0.08253313166505567,-1.1567638681294155e-09,-6.684624546308319e-10,0.045098683309677055,-0.15848382818951545,0.017252383027511198,0.05378031566107248,-0.00012867514634684623,0.00045433974446661997,0.06316461461694574,-0.22231976015260715,0.02507635450552821,0.027746591516687565,-9.78926401923522e-10,6.065469939925342e-10,0.08228659631312067,-0.2909982234135618
59.58,0.06421829467081745,-0.2709048684378107,0.009934876358456739,0.0787525164412049,-1.153403021233379e-09,-6.852256378580337e-10,0.04613706352170013,-0.1617920520899093,0.018275018545681504,0.05000956270147308,-0.0001281209174481105,0.00045320274470295175,0.06380170491179434,-0.22440185001712468,0.026039534987163646,0.024192019438843557,-9.88650989423242e-10,6.411365275873056e-10,0.08250057827114791,-0.29193107419698916
59.59,0.06477495082346789,-0.27430499560564275,0.010967554064560172,0.07494173764557796,-1.1501106971623754e-09,-7.017237893670459e-10,0.04715923416963181,-0.16505430429750448,0.019302612378867923,0.04622243593784418,-0.00012752357130096042,0.0004518504531450453,0.06441633828231517,-0.22641620183310174,0.027005095196156518,0.020631793465716967,-9.983113751701888e-10,6.754340310718502e-10,0.08268536279620506,-0.29279158603125854
59.6,0.06530409889064882,-0.2775759508620299,0.012007682407999556,0.07110247427107748,-1.1468885278899082e-09,-7.179494145156419e-10,0.048164869432483555,-0.16827086295813215,0.020334785659894435,0.04242059886681681,-0.0001268831865611354,0.000450281473716907,0.06500831391502343,-0.22836235308002126,0.027972679077477546,0.017067378696695557,-1.0079041345282406e-09,7.094273563894389e-10,0.08284086458965252,-0.29357800267182976
59.61,0.06580541469729206,-0.2807142308844644,0.013054877174158017,0.0672364224861411,-1.1437381225099378e-09,-7.338910304063375e-10,0.04915364804718544,-0.17144203428132118,0.021371158069469653,0.038605714145249444,-0.00012619985952298522,0.00044849435850322566,0.06557743781583895,-0.23023982764479825,0.028941930173405392,0.013500237793204587,-1.0174258680824387e-09,7.43106307464062e-10,0.08296700578417769,-0.29428830922824145
59.620000000000005,0.0662785874373776,-0.2837163784724652,0.014108751489475874,0.06334530257914034,-1.140661054600428e-09,-7.4954353980144e-10,0.05012525328297778,-0.1745679850578438,0.02241134800229548,0.03477943627098194,-0.00012547370447608776,0.00044648769203209506,0.06612352285277057,-0.23204830775038376,0.02991249177009036,0.009931840092187703,-1.0268732138016195e-09,7.764576700853463e-10,0.08306371615105544,-0.2949201438786517
59.63,0.06672332001673076,-0.28657898972069196,0.015168915993848568,0.059430859282954024,-1.1376588723742928e-09,-7.648969361397238e-10,0.05107937292863117,-0.177648672019072,0.02345497273243519,0.030943409382477305,-0.00012470485406334148,0.00044426005047230286,0.06664638878387523,-0.23378770827596787,0.030884007045026366,0.00636367531217197,-1.036242839526613e-09,8.094720675186853e-10,0.0831309333292733,-0.2954711573912529
59.64,0.06713932939318511,-0.2892986282394979,0.016234979015044164,0.0554948482358325,-1.134733093069861e-09,-7.799457540419128e-10,0.05201569929303888,-0.1806840444508932,0.02450164857786419,0.027099272975672915,-0.0001238934596268674,0.0004418099164954773,0.06714586227018762,-0.235457957634183,0.03185611921549524,0.0027972278930629337,-1.0455314430836321e-09,8.421434039127243e-10,0.08316860307820491,-0.2959384398319759
59.65,0.06752634691265644,-0.29187200500160304,0.017306546744578915,0.0515390392660063,-1.1318852015731784e-09,-7.946816344567805e-10,0.05293392921388779,-0.18367393664244722,0.025550991064313026,0.023248657724386515,-0.00012303969153720082,0.00043913596487002047,0.06762177687976913,-0.2370591016388451,0.032828471688562524,-0.0007659719327345168,-1.0547357604362637e-09,8.743954324736179e-10,0.08317667955416748,-0.2963191968117696
59.660000000000004,0.06788411863433956,-0.2942959655085005,0.018383223414918406,0.047565215486891514,-1.1291166548252742e-09,-8.090984747667969e-10,0.053833764076445655,-0.18661804433213294,0.026602615088314147,0.019393185656370646,-0.00012214373949625282,0.0004362372722461702,0.06807397308133686,-0.23859132737648028,0.03380070821576822,-0.004324311611418474,-1.063852566481422e-09,9.062494241600255e-10,0.08315512558223316,-0.2966109620141453
59.67,0.06821240564523388,-0.29656738859459886,0.019464611477653878,0.043575161342570286,-1.1264288761242949e-09,-8.231888780668399e-10,0.054714909839361316,-0.18951613169758189,0.027656135079506795,0.015534474317434993,-0.00012120581281579262,0.0004331130319564797,0.06850229823109716,-0.24005474116285605,0.03477247305026099,-0.007876260399653374,-1.0728786768806203e-09,9.37728986223182e-10,0.08310391294488763,-0.2968101247267459
59.68,0.06851098436191036,-0.2986834243253624,0.020550311782278362,0.03957067014021574,-1.123823267270551e-09,-8.369443444158422e-10,0.05557707706538777,-0.1923677828747417,0.02871116516213375,0.011674127857132736,-0.00012022614067991545,0.00042976226770935624,0.0689066065554222,-0.24144962309832893,0.03574341109926556,-0.011420360427030572,-1.08181095118125e-09,9.688028365358793e-10,0.08302302268595864,-0.2969142007194924
59.69,0.06877964681466622,-0.30064133555009975,0.021639923755483202,0.0355535371017193,-1.1213011711708405e-09,-8.503610609765835e-10,0.05641998096147171,-0.19517252309213878,0.029767319315501067,0.007813741220427517,-0.0001192049724126834,0.0004261839192551883,0.06928675912502576,-0.24277630262789682,0.03671316807230376,-0.014955122379485888,-1.0906462737566654e-09,9.994890509353745e-10,0.08291244539569353,-0.29692024674272344
59.7,0.06901820091542131,-0.3024385553725168,0.02273304558071347,0.03152555718932443,-1.1188639230012862e-09,-8.634323424730838e-10,0.05724334142686418,-0.19792982748169788,0.030824211533398108,0.003954899071160533,-0.0001181425777518414,0.00042237736991257376,0.06964262382221179,-0.24403514369160698,0.0376813906290502,-0.018479072421817146,-1.099381581611275e-09,1.0297653159073668e-09,0.08277218151487736,-0.29682471632232477
59.71,0.06922647070737228,-0.3040727610879954,0.023829274377816734,0.027488527691762073,-1.1165128081109025e-09,-8.761530195646621e-10,0.05804688311034052,-0.20063899418886974,0.03188145598201907,9.915996998926421e-05,-0.00011703924708734812,0.00041834236553488,0.06997407530496344,-0.24522652602530243,0.03864772652557224,-0.02199078431822277,-1.1080138449883471e-09,1.059615538754828e-09,0.08260224164799607,-0.2966250290257569
59.72,0.06940429659719828,-0.30554169364369616,0.02492820638262243,0.023444240209795585,-1.1142490839262825e-09,-8.885167099277561e-10,0.058830335477599166,-0.20329930705026297,0.032938667154749975,-0.0037519706139343715,-0.00011589529165566563,0.00041407873853613005,0.07028099498474144,-0.2463503380648175,0.03961182475815532,-0.025488823922335365,-1.1165400769814747e-09,1.0890454037194595e-09,0.08240264685554786,-0.29631812053675377
59.730000000000004,0.06955153557853379,-0.30684311690431165,0.02602943712614086,0.01939448174582549,-1.1120739762337815e-09,-9.005183311342829e-10,0.05959343288706262,-0.20590991421625768,0.03399546002250275,-0.0075970296787843975,-0.00011471104373501452,0.00040958651923249915,0.07056327103464863,-0.24740626039097857,0.040573335706047584,-0.028971774280083348,-1.1249573422131024e-09,1.118038012938633e-09,0.08217342895535325,-0.2959007911963552
59.74,0.06966806144682122,-0.3079749948263284,0.02713256161313767,0.015341030190111038,-1.1099886616854347e-09,-9.121528838824296e-10,0.06033591467446738,-0.2084699054740668,0.035051450180204606,-0.011434576719963908,-0.00011348685683451595,0.0004048660332582886,0.07082079842186138,-0.24839383460186956,0.04153191127176127,-0.032438275123701274,-1.133262730643798e-09,1.1465835450168531e-09,0.08191463082224255,-0.2953704202198511
59.75,0.06975376499951998,-0.3089354294651391,0.028237174499772817,0.01128565077375025,-1.107994299787626e-09,-9.234158835118549e-10,0.06105752524338338,-0.21097835908632898,0.03610625399051022,-0.015263197888371821,-0.00011222310583110018,0.00039991784152403244,0.07105347895786664,-0.24931238080965054,0.042487205017874265,-0.03588697777318326,-1.141453396238057e-09,1.1746806186351232e-09,0.0816263066646187,-0.29472429670429046
59.76,0.0698085542203955,-0.3097226881153482,0.02934287026997764,0.007230094068800321,-1.106091988587703e-09,-9.343021376376112e-10,0.06175801415803541,-0.2134343346394525,0.03715948872565056,-0.019081482507068065,-0.0001109201871771024,0.0003947398341807224,0.07126122136014328,-0.2501612918650607,0.0434388723011039,-0.0393165670781331,-1.1495265215932657e-09,1.2023171493564623e-09,0.08130852229020065,-0.2939598340582473
59.77,0.06983235444816249,-0.31033519087715156,0.0304492434104632,0.003176098000258928,-1.1042828109167814e-09,-9.448077050291366e-10,0.062437136240003244,-0.2158368035196054,0.038210772709482824,-0.022887991092685522,-0.00010957851930836816,0.0003893283880967086,0.07144394131998255,-0.25093978723964416,0.044386570402747225,-0.0427257845527751,-1.1574793435089413e-09,1.2294863886920931e-09,0.08096135535527357,-0.29307483893721775
59.78,0.0698251085305786,-0.3107714778438949,0.03155588858427948,-0.0008746166826959768,-1.10256779883783e-09,-9.549293307329931e-10,0.06309465167157004,-0.21818467495135715,0.039259725459723074,-0.026681322153788996,-0.00010819854284838276,0.0003836900915678143,0.07160156158050769,-0.25164698690751497,0.04532995865478559,-0.04611339999377724,-1.1653091426936213e-09,1.2561832711418353e-09,0.08058489559083455,-0.29206715791177584
59.79,0.06978677695967785,-0.31103040938852045,0.03266240080263684,-0.004920349802592324,-1.100947960139832e-09,-9.646639430423862e-10,0.0637303261012295,-0.22047694420252176,0.04030596782767333,-0.030460112866760907,-0.00010678072040740813,0.000377828954037181,0.07173401202000527,-0.2522821090825417,0.04626869856144696,-0.049478248787194166,-1.1730132529615122e-09,1.2824021665333522e-09,0.08017924500284963,-0.2909351607669982
59.800000000000004,0.06971733798456277,-0.31111098298025297,0.03376837559478513,-0.008959420042023814,-1.0994242462327925e-09,-9.740090424404474e-10,0.06434393074890414,-0.2227125181881132,0.041349122134806515,-0.034223015867127324,-0.00010532553643208019,0.0003717455163647272,0.07184122973305897,-0.2528443497292397,0.04720245391504462,-0.05281922872867011,-1.1805890412301024e-09,1.308136589532894e-09,0.079744518035716,-0.2896775468353428
59.81,0.06961678770833994,-0.31101228475461556,0.034873409175950026,-0.01299016551108471,-1.0979975853720229e-09,-9.829617997555547e-10,0.06493524251594993,-0.22489023515775816,0.04238881230695288,-0.03796871186194847,-0.00010383349719427064,0.00036544309179167763,0.07192315912032687,-0.25333259756264564,0.04813089090452321,-0.056135332041684,-1.1880339384206118e-09,1.3333824772956135e-09,0.0792808416913739,-0.2882935902804271
59.82,0.06948514017026597,-0.31073365018119947,0.035977098613255355,-0.017010946247093355,-1.0966688616051107e-09,-9.915199891415655e-10,0.06550404409669446,-0.22700905010105749,0.043424664006593845,-0.04169588790041244,-0.00010230513069238225,0.0003589253401164441,0.07197975199144421,-0.25374582197051393,0.04905367821534718,-0.059425640403929024,-1.1953454169807596e-09,1.3581353314694629e-09,0.07878835559155856,-0.28678327681170696
59.83,0.06932242740604426,-0.3102746667621959,0.03707904198942504,-0.021020146526392915,-1.095438914934506e-09,-9.996817868813441e-10,0.06605012408284935,-0.2290680059933579,0.044456304764134306,-0.045403235853459206,-0.00010074098647365728,0.0003521962261237724,0.07201096765982236,-0.25408332261000666,0.049970487122139993,-0.06268926681213843,-1.2025209950411378e-09,1.3823908172813836e-09,0.07826721198735731,-0.2851467929409555
59.84,0.06912869948983048,-0.30963495180260425,0.0381788385641169,-0.025016174361995564,-1.094308553404261e-09,-1.0074447862150405e-09,0.0665732770632001,-0.23106608339662296,0.04548336410807022,-0.04908947145394263,-9.914163545313361e-05,0.0003452592753375167,0.07201677303564015,-0.25434387762786126,0.05088099157720964,-0.06592535018083813,-1.2095582483441492e-09,1.40614466691085e-09,0.07771757574422447,-0.28338434367410315
59.85,0.06890402456600953,-0.3088142451255086,0.039276088932829877,-0.028997462724534344,-1.0932785455745634e-09,-1.0148090246494057e-09,0.06707330372510087,-0.2330022478452753,0.04650547369306452,-0.05275333676571106,-9.750766968007841e-05,0.00033812022135259854,0.0719971427503404,-0.25452586759291274,0.051784868296341206,-0.06913305640996883,-1.2164547970960813e-09,1.429393510636345e-09,0.07713962431953764,-0.2814962173922141
59.86,0.06864848886125771,-0.30781271046152253,0.040370395183304715,-0.03296247049141882,-1.0923496206689952e-09,-1.0217708143629587e-09,0.06755001095159613,-0.23487567069863835,0.04752226742590642,-0.05639358485340432,-9.583970200792326e-05,0.0003307846124530376,0.07195205928163498,-0.2546286263296711,0.05268179684197887,-0.07231157618371836,-1.2232083145621758e-09,1.4521330822807966e-09,0.07653354772613467,-0.27948301155267086
59.870000000000005,0.0683621966712452,-0.3066305770501718,0.04146136104935341,-0.03690968225723949,-1.0915224581371123e-09,-1.0283314132037497e-09,0.06800321190916582,-0.23668550726472504,0.048533381590025036,-0.060008981015799684,-9.413836576052977e-05,0.000323256976467248,0.07188151305306967,-0.2546510412877991,0.05357145970392371,-0.07546012370408202,-1.2298165165860807e-09,1.4743597018566631e-09,0.07589954847682655,-0.2773453918908765
59.88,0.06804527033363526,-0.30526814253818113,0.04254859206207386,-0.04083760942441815,-1.0907977135806468e-09,-1.0344879733344344e-09,0.06843272613434735,-0.23843084332730768,0.049538454968535706,-0.06359831132448232,-9.240431439248002e-05,0.0003155438403743523,0.07178550256008091,-0.25459124549360945,0.05445354237767077,-0.07857793613481182,-1.2362771843103363e-09,1.4960699323093901e-09,0.07523784151878553,-0.27508404520295504
59.89,0.06769785018346386,-0.3037261249716029,0.04363169569845639,-0.04474478836868389,-1.0901759945629288e-09,-1.0402414472548179e-09,0.06883837961851108,-0.24011094585880377,0.050537128965094144,-0.06716039162329206,-9.06382210634272e-05,0.00030765198663750736,0.07166403451753306,-0.2544481688036212,0.05532773344055713,-0.08166426974258963,-1.242588140608609e-09,1.517259879647555e-09,0.07454865415668652,-0.27269994507880635
59.9,0.0673200944796878,-0.30200546107910564,0.04471028152673106,-0.04862980378262487,-1.0896578658545901e-09,-1.0455898791442084e-09,0.06922000488843842,-0.24172497249470773,0.051529047722320614,-0.07069405540449858,-8.884077817728427e-05,0.0002995875889042976,0.07151712398507865,-0.2542206672858693,0.0561937246259916,-0.0847183976419667,-1.2487472626012957e-09,1.5379260680402654e-09,0.07383222595579278,-0.2701942425808159
59.910000000000004,0.06691217930945165,-0.30010719192976876,0.04578396134698594,-0.05249130010226937,-1.0892438645651838e-09,-1.0505348759252609e-09,0.06957744109391605,-0.2432719124690715,0.05251385823847399,-0.07419814543239486,-8.701269692867224e-05,0.0002913574245064096,0.07134479449990408,-0.2539069656578414,0.057051210896080784,-0.08773960569267879,-1.2547524859146186e-09,1.558064723468237e-09,0.07308880862446723,-0.2675682877756868
59.92,0.06647429847482092,-0.2980326211928676,0.04685234932646237,-0.05632796752452547,-1.0889344694385037e-09,-1.0550786115349172e-09,0.06991053410909519,-0.24475064834211105,0.05349121048242757,-0.07767153319304185,-8.515470681167052e-05,0.0002829690502413863,0.07114707823906871,-0.2535053870537133,0.057899890512915594,-0.09072719196054828,-1.2606017824025426e-09,1.5776713250176872e-09,0.07231866587754136,-0.2648236188297029
59.93,0.06600666335608263,-0.295783326567823,0.04791506213100702,-0.0601385091413727,-1.0887301352984206e-09,-1.0592285274251908e-09,0.07021913664642336,-0.24615993377303338,0.05446075750601005,-0.08111312350762498,-8.326755509241775e-05,0.00027442948430748563,0.07092401617883784,-0.2530145983099209,0.0587394651085421,-0.09368046941287,-1.2662931953953144e-09,1.59674311246183e-09,0.07152207328377654,-0.261961860932937
59.94,0.06550950275339236,-0.29336098248541603,0.048971719053368806,-0.06392168015450188,-1.088631270325168e-09,-1.0629760000447535e-09,0.0705031083835832,-0.2474983754236131,0.05542215555367394,-0.08452183594174985,-8.135200628691034e-05,0.0002657457260996178,0.07067565823885784,-0.2524331442630415,0.05956963975358887,-0.09659876284778346,-1.2718248086582628e-09,1.6152739467512986e-09,0.07069931810200908,-0.25898474620190953
59.95,0.06498306271789024,-0.2907672762310127,0.050021942137519954,-0.06767627279683897,-1.0886382565765211e-09,-1.0663211688579607e-09,0.07076231609519806,-0.2487647431539872,0.056375064170184154,-0.08789660916645267,-7.940884160430211e-05,0.0002569260683581149,0.0704020634311468,-0.25175938867171105,0.060390123024854254,-0.09948140224669746,-1.2771947734637222e-09,1.6332620506296249e-09,0.06985069910417295,-0.2558942050649637
59.96,0.06442760636946193,-0.2880042472322289,0.05106535629913082,-0.07140111114686307,-1.0887514150485265e-09,-1.06926382660201e-09,0.07099663378504917,-0.2499576231764508,0.0573191463057738,-0.09123642379752307,-7.74388583342244e-05,0.0002479783138098546,0.07010330000619623,-0.250992156357261,0.061200627071873265,-0.10232773475530114,-1.2824012810216356e-09,1.6507014749162975e-09,0.0689765263866545,-0.25269216025669794
59.97,0.06384341369151897,-0.28507410982649095,0.05210158944195886,-0.07509507685612925,-1.088971038412552e-09,-1.0718067809425346e-09,0.07120594283403248,-0.2510752809796453,0.05825406841812275,-0.09454028395118406,-7.544286923490888e-05,0.0002389098845112046,0.06977944557799154,-0.25013033316079986,0.062000867682054074,-0.10513712303911264,-1.2874425833598323e-09,1.667591390656113e-09,0.0680771211762976,-0.2493805930274737
59.980000000000004,0.06323078131131113,-0.28197904424186204,0.05313027257024564,-0.07875706825724435,-1.089297388228141e-09,-1.0739489294766984e-09,0.07139013215722921,-0.25211631721490557,0.05917950057133499,-0.09780722644516318,-7.342170190520545e-05,0.0002297293448882092,0.06943058724007764,-0.24917270219074988,0.06279056434458251,-0.10790893380696705,-1.2923169961677682e-09,1.683925507732823e-09,0.06715281562510551,-0.24596176185673865
59.99,0.06259002226860341,-0.27872155243703844,0.05415103989868131,-0.08238599881163533,-1.0897306647820562e-09,-1.075693955541806e-09,0.07154909834993049,-0.25307935921238167,0.06009511653161502,-0.10103632758868042,-7.137619810930761e-05,0.00022044490723297685,0.06905682167288597,-0.2481184548445535,0.06356944031349057,-0.11064254443553298,-1.297022871131933e-09,1.6997024948907086e-09,0.06620395259055668,-0.24243791004377407
60.0,0.06192146576258434,-0.275304351342614,0.05516352895986354,-0.08598082815098632,-1.0902710538185593e-09,-1.0770411391903574e-09,0.07168274583565817,-0.25396271231657935,0.061000593859089555,-0.10422670440169221,-6.930721309308385e-05,0.0002110644887791419,0.06865825522428469,-0.24696706220139497,0.06433722266989593,-0.11333733946857956,-1.301558639805162e-09,1.7149163883160416e-09,0.06523088540903665,-0.23881135065827963
60.01,0.061225456878353623,-0.2717302723522673,0.05616738070813644,-0.08954054950674088,-1.0909186824162718e-09,-1.0779938667012506e-09,0.0717909870293713,-0.2547646877088058,0.06189561399460795,-0.10737754610654546,-6.721561490449882e-05,0.00020159614668469912,0.06823500395667813,-0.24571837009510142,0.0650936423836943,-0.11599270282055374,-1.3059227686063176e-09,1.7295651554516324e-09,0.06423397765841242,-0.23508464637276502
60.02,0.06050235629739623,-0.26800234773046694,0.057162239620693805,-0.0930641612836049,-1.0916736495661398e-09,-1.0785530626585493e-09,0.07187374249705156,-0.25548391054794867,0.06277986234065616,-0.1104880910295911,-6.510228369821721e-05,0.00019204795654070392,0.06778719366039294,-0.24437253762849595,0.0658384343750286,-0.11860802204159061,-1.3101137919987147e-09,1.743643255132073e-09,0.0632136029042798,-0.23126044473451315
60.03,0.059752539989368164,-0.26412382357877473,0.05814775379744283,-0.09655067217640179,-1.0925360174982324e-09,-1.0787210513678448e-09,0.0719309410947034,-0.25611916661753004,0.0636530283378467,-0.11355759601058253,-6.296811102361012e-05,0.00018242798089256645,0.06731495984030049,-0.24292984963381434,0.06657133757535279,-0.12118269236063961,-1.3141303079539564e-09,1.757147465566942e-09,0.06217014443804971,-0.22734136193553595
60.04,0.05897639888800489,-0.26009799271364303,0.059123575058388375,-0.09999915133166465,-1.093505792051236e-09,-1.078498907172232e-09,0.0719625201175634,-0.2566684527728694,0.06451480553877503,-0.11658534212255077,-6.081399910772889e-05,0.000172744071321083,0.0668184476909337,-0.2413905617001788,0.06729209498799886,-0.12371611045110681,-1.3179709508796888e-09,1.7700737367365396e-09,0.0611039950109137,-0.22333014330332657
60.050000000000004,0.05817433855728771,-0.2559282550314409,0.06008935903723695,-0.1034086869522452,-1.0945829681423878e-09,-1.0778906481499573e-09,0.07196842547916639,-0.2571299577944251,0.06536489167967129,-0.11957063120489654,-5.864086012871973e-05,0.00016300437754689667,0.06629781206953372,-0.23975496244827466,0.06800045375387781,-0.12620749939619402,-1.3216344399230454e-09,1.7823686784823736e-09,0.060015556560511836,-0.21922958386327815
60.06,0.05734677884389531,-0.2516182566877255,0.06104476527333101,-0.10677835205294683,-1.095767475276143e-09,-1.0768981172799265e-09,0.07194861187118985,-0.25750269083422017,0.06620298875015579,-0.12251277776339688,-5.6449615455070237e-05,0.00015321744218687607,0.06575321746252703,-0.23802351882660183,0.06869616523337146,-0.12865583448897805,-1.3251195358526914e-09,1.7940478127844274e-09,0.05890523993582609,-0.21504237377972737
60.07,0.05649415351471264,-0.2471716687044472,0.06198945730239322,-0.11010727027359257,-1.0970592232416875e-09,-1.075522356584995e-09,0.07190304291108422,-0.2577846211498012,0.06702880306120072,-0.12541112083893508,-5.4241194866250426e-05,0.0001433911997061778,0.06518483794379824,-0.2361966567194146,0.06937898509380501,-0.1310604177281937,-1.3284250703758528e-09,1.8051386369676512e-09,0.057773464622022284,-0.21077134067813988
60.08,0.05561690988434439,-0.2425922918776103,0.06292310274424152,-0.11339459201327474,-1.0984580807298391e-09,-1.0737675765801292e-09,0.07183169132367608,-0.25797375578846804,0.06784204531106947,-0.12826501761762846,-5.2016535788132846e-05,0.00013353346357836265,0.06459285712930797,-0.2342748716459625,0.07004867338126702,-0.13342069408691817,-1.3315499382873787e-09,1.8156319135201164e-09,0.05662065846006485,-0.2064193284339999
60.09,0.05471550842964644,-0.23788412749579335,0.06384537338818098,-0.1166394676776203,-1.099963870908181e-09,-1.0716360717708978e-09,0.07173453912162515,-0.2580687435699789,0.0686424306496618,-0.13107383217950974,-4.977658250047888e-05,0.0001236531570171749,0.0639774681244617,-0.23225880863648815,0.07070499458051,-0.1357360568717626,-1.3344930849656544e-09,1.825523200042771e-09,0.05544725736520942,-0.20198910284277874
60.1,0.053790422388375704,-0.2330512911225486,0.06475594527725563,-0.11984106742881612,-1.101576382796783e-09,-1.0691308782059116e-09,0.07161157776888057,-0.2580677326856359,0.06942967874184897,-0.13383693868590923,-4.752228529572599e-05,0.00011375869182405409,0.0633388734606265,-0.2301491802966468,0.0713477176735786,-0.13800593175677467,-1.3372535203810599e-09,1.8348094264698594e-09,0.054253705048953535,-0.19748343175515803
60.11,0.052842137343254075,-0.2280980634379292,0.06565449879084882,-0.12299858330499018,-1.1032953754046794e-09,-1.0662535200370156e-09,0.07146280836585793,-0.2579685572962128,0.07020351382990325,-0.1365537200847105,-4.525459969482201e-05,0.00010385636002122235,0.06267728502161998,-0.22794682013111003,0.07197661619816086,-0.14022973465658695,-1.3398303204662109e-09,1.8434878091918096e-09,0.053040452744229694,-0.19290502413124688
60.120000000000005,0.051871150791044617,-0.22302887717643552,0.06654071872505803,-0.1261112317685405,-1.1051205624345894e-09,-1.0630103470964293e-09,0.07128824184706187,-0.25776947078333995,0.07096366479483027,-0.13922357437327648,-4.297448573557614e-05,9.39534324904292e-05,0.06199292395952776,-0.22565267037570239,0.0725914683052078,-0.14240690006992637,-1.3422226154257169e-09,1.8515558505451936e-09,0.05180795893495622,-0.18825654030170455
60.13,0.05087797169884469,-0.21784823410667378,0.06741429437103756,-0.12917824201404432,-1.1070516300650475e-09,-1.059401912561586e-09,0.0710878991653101,-0.2574686906237686,0.07170986521631038,-0.14184591493954468,-4.068290722637286e-05,8.40577298175734e-05,0.06128602060172132,-0.22326770653205166,0.07319205681573866,-0.14453686537851013,-1.3444295984500227e-09,1.8590099679110441e-09,0.05055668908846979,-0.18354066251532586
60.14,0.04986312005216806,-0.21256069791122972,0.06827491959188092,-0.13219885456192693,-1.1090882166509406e-09,-1.0554329498201691e-09,0.07086181147274168,-0.2570643274798042,0.0724418534312166,-0.1444201670741847,-3.838083095422587e-05,7.417669935153243e-05,0.06055681435304451,-0.2207929372584589,0.07377816927695506,-0.1466190738255074,-1.3464505261114119e-09,1.8658464432062054e-09,0.049287115387286605,-0.17876009070664967
60.15,0.04882712639585949,-0.20717092505827964,0.0691222928980415,-0.1351723310056562,-1.1112299353179512e-09,-1.0511066116028532e-09,0.07061002029634741,-0.2565548630923417,0.07315937259093352,-0.1469457660607753,-3.606922588555828e-05,6.431794612427187e-05,0.059805553593569566,-0.21822943995796065,0.0743495980178376,-0.1486529742134184,-1.34828472054043e-09,1.872062264199525e-09,0.047999716460230685,-0.1739175027526483
60.160000000000004,0.047770531367481064,-0.2016836315435723,0.06995611752119163,-0.1380979426106852,-1.1134763569478786e-09,-1.0464265862475125e-09,0.07033257769604978,-0.2559388188092152,0.07386217071762642,-0.14942215763534025,-3.3749062361165e-05,5.448891722267733e-05,0.059032495571043994,-0.21557833252887457,0.07490614020418127,-0.15063802087815595,-1.3499315583263653e-09,1.8776538812578286e-09,0.04669497711425308,-0.1690155777166369
60.17,0.046693885223766954,-0.19610360720601847,0.07077610148647555,-0.14097498373671022,-1.115827014422974e-09,-1.041396015939118e-09,0.07002954640422722,-0.2552150160815197,0.07455000075953817,-0.15184879597953638,-3.142131128583605e-05,4.469707387423769e-05,0.05823790628810706,-0.21284079300099445,0.07544759789306783,-0.1525736739928037,-1.3513904779626309e-09,1.882617546153129e-09,0.04537338806732079,-0.16405697204811096
60.18,0.04559774736014456,-0.19043571406746154,0.07158195768263907,-0.14380277446825246,-1.1182814156200633e-09,-1.0360173790612075e-09,0.06970099993751251,-0.25438266867329523,0.07522262064553867,-0.15422513934248516,-2.9086943310665354e-05,3.494989939732229e-05,0.05742206038368927,-0.21001806549015362,0.07597377808686173,-0.1544593963081298,-1.3526609918690014e-09,1.8869511213441834e-09,0.04403544568339583,-0.15904430944284903
60.19,0.04448268582254109,-0.18468490520938446,0.07237340392878833,-0.14658068821739004,-1.1208390335030043e-09,-1.0302948235648934e-09,0.06934702266120868,-0.2534417056198248,0.07587979333929486,-0.15655064644565,-2.6746927998965183e-05,2.5255062020263285e-05,0.056585241007111514,-0.20711148576546407,0.07648449278694133,-0.15629465127655673,-1.3537426745803822e-09,1.8906496238381365e-09,0.042681651711392245,-0.15398015154942032
60.2,0.04334927681105057,-0.17885620946225655,0.07315016303650017,-0.1493081473090774,-1.1234992956421469e-09,-1.024229946964313e-09,0.0689677097947168,-0.25239257129876025,0.07652128689307841,-0.1588247844717529,-2.4402233024219954e-05,1.5618614563873236e-05,0.05572773968402946,-0.20412246439245135,0.07697955904689555,-0.15807891691150683,-1.354635150360428e-09,1.8937119942791447e-09,0.04131251302938,-0.14886701001940147
60.21,0.0421981041774042,-0.1729546808700667,0.07391196286812028,-0.15198458529105782,-1.1262616020195938e-09,-1.017821077323188e-09,0.06856316737579295,-0.25123576127274005,0.07714687450754601,-0.16104681333816462,-2.2053824508284452e-05,6.011849796576261e-06,0.05484985617641982,-0.20105242632419096,0.07745879902473807,-0.1598116793218647,-1.35533812307098e-09,1.89613413049888e-09,0.03992854139287462,-0.14370738341989225
60.22,0.04102975891926668,-0.16698539143667765,0.07465853639325873,-0.15460944497099458,-1.1291253158506394e-09,-1.0110733515584403e-09,0.06813351220979973,-0.24997184479858572,0.07775633460663452,-0.16321582950831323,-1.9702667365440737e-05,-3.5377111243183545e-06,0.053951898339887776,-0.19790281243251848,0.07792204003433692,-0.16149242782633993,-1.355851355376796e-09,1.897914463702483e-09,0.0385302531852448,-0.1385037538763153
60.230000000000004,0.03984483867269185,-0.1609534317712236,0.07538962174412348,-0.15718218488662639,-1.1320897725529593e-09,-1.0039914314439963e-09,0.06767887181235341,-0.2486014540198715,0.07834945091475536,-0.16533124922286072,-1.734972352757672e-05,-1.3001814283780875e-05,0.05303418197822195,-0.1946751177806786,0.07836911459616215,-0.1631206635520558,-1.3561746695902402e-09,1.8990513960378024e-09,0.0371181691697004,-0.13325858657793993
60.24,0.03864394720313607,-0.15486390167825995,0.07610496226953971,-0.15970227515499166,-1.1351542709723938e-09,-9.965764540346528e-10,0.0671993843453557,-0.24712528723534039,0.07892601251811758,-0.16739259601709228,-1.4995949829697175e-05,-2.2378528614205e-05,0.05209703069380937,-0.19137087429141664,0.07879986048713165,-0.1646958959438917,-1.356307959931494e-09,1.8995429441338786e-09,0.03569281424304379,-0.12797432688649826
60.25,0.03742769389577173,-0.14872190086122591,0.07680430658784658,-0.16216919376592792,-1.1383180725397666e-09,-9.888318355971892e-10,0.06669519854661941,-0.24554410405914687,0.07948581391558959,-0.1693993561743782,-1.2642296956976518e-05,-3.1658855911428796e-05,0.051140775734442895,-0.1879916364911134,0.07921412078972091,-0.16621763744148255,-1.3562511847551808e-09,1.899378929804467e-09,0.03425471719140304,-0.1226533984115534
60.26,0.03619669324613077,-0.14253251625074773,0.0774874086391688,-0.16458241903995166,-1.1415804063183494e-09,-9.807590409947243e-10,0.06616647365319905,-0.24385872725086855,0.08002865506854966,-0.1713510397928124,-1.028970872942213e-05,-4.0839335100198695e-05,0.050165755837500436,-0.18453898391457643,0.07961174396213522,-0.16768470799300597,-1.3560043667647141e-09,1.898461020519013e-09,0.03280441044999133,-0.11729814152772669
60.27,0.03495156435186724,-0.1363008227689465,0.07815402773724074,-0.16694143834357564,-1.144940472527182e-09,-9.723612719768068e-10,0.06561337931857984,-0.24207003813821146,0.08055434145039807,-0.17324715380939407,-7.939121430198028e-06,-4.99137244548967e-05,0.04917231707172882,-0.18101451859577006,0.07999258394349741,-0.1690958991274221,-1.3555676041980745e-09,1.896855377872496e-09,0.031342429868412514,-0.11191086396705162
60.28,0.033692930405785616,-0.13003188534135082,0.07880392862028163,-0.169245755209986,-1.148397442630103e-09,-9.63642105463589e-10,0.06503609552400015,-0.240178973721642,0.08106268409520744,-0.1750872230384141,-5.591463106876668e-06,-5.887590213061569e-05,0.048160812676679605,-0.17741986618275413,0.08035650025242384,-0.17045070528588266,-1.3549410685068504e-09,1.894603588898384e-09,0.029869314478292296,-0.10649390343888206
60.29,0.03242141819047337,-0.12373074418268322,0.07943688150071165,-0.17149487920772427,-1.1519504390892074e-09,-9.546025673192125e-10,0.06443481248416591,-0.23818652553855013,0.08155349964548898,-0.17687077446966032,-3.247652791379379e-06,-6.771879825171484e-05,0.0471316028999026,-0.1737566726535922,0.08070335804851336,-0.1717487161354481,-1.354124983461989e-09,1.8916800650392555e-09,0.02838560626068878,-0.10104957716039407
60.300000000000004,0.031137657575732624,-0.11740239839956232,0.08005266211434957,-0.17368831685469177,-1.1555985779189092e-09,-9.452448159592038e-10,0.06380973054759136,-0.23609373571749825,0.082026610399616,-0.17859733138557218,-9.085996242613599e-07,-7.643373261459936e-05,0.04608505483201118,-0.17002660522660062,0.08103302817620864,-0.17298949032591648,-1.3531196586334843e-09,1.8880928581528384e-09,0.026891849914944633,-0.09558016862143329
60.31,0.02984228101979758,-0.11105180940749187,0.08065105176948335,-0.17582557996035508,-1.159340911048042e-09,-9.355698030520767e-10,0.06316106009173879,-0.23390169833179317,0.0824818443592639,-0.18026642118731082,1.4247979589420426e-06,-8.501725385050372e-05,0.04502154223978407,-0.16623134771725123,0.08134538720747583,-0.17417261355462574,-1.3519254509517126e-09,1.8838375778143113e-09,0.025388592630436888,-0.09008793390561703
60.32,0.02853592307442132,-0.10468390326299695,0.08123183739541609,-0.1779061909877769,-1.1631764912175263e-09,-9.25582302541901e-10,0.06248902141287856,-0.2316115625234429,0.08291903527626075,-0.18187758627702136,3.7516528374772217e-06,-9.34652583668942e-05,0.043941445397718853,-0.16237259375725438,0.08164031748382897,-0.17529766938880642,-1.3505428022948935e-09,1.8789198002963212e-09,0.02387638386117639,-0.08457510176686589
60.33,0.027219219893909557,-0.0983035622036051,0.08179481159015987,-0.17992967966464005,-1.1671043123624783e-09,-9.152852196288641e-10,0.06179384461068612,-0.22922452685298236,0.0833380226983201,-0.18343037883133848,6.07108980657674e-06,-0.0001017716065189196,0.0428451509183577,-0.15845204945798572,0.08191770715740603,-0.17636425821905502,-1.348972206703217e-09,1.873336026728249e-09,0.022355775103253494,-0.07904387043481984
60.34,0.02589280874851921,-0.09191562310392816,0.0823397726672525,-0.18189558582901616,-1.1711233602012157e-09,-9.046818427207464e-10,0.061075769467905446,-0.22674183547072604,0.0837386520136311,-0.18492436297425172,8.38224625146255e-06,-0.00010993146868712324,0.04173305158134485,-0.15447143499504742,0.08217745023058357,-0.17737200223836302,-1.3472142413500663e-09,1.867088715067514e-09,0.020827319675426774,-0.07349640283753825
60.35,0.02455732754276282,-0.08552486796170525,0.08286652470174281,-0.18380345557820554,-1.1752325673182932e-09,-8.937749271523525e-10,0.06033504532538808,-0.2241647773207865,0.08412077449440318,-0.1863591114809733,1.0684272795405514e-05,-0.00011794001015052227,0.04060554616120419,-0.15043248136689621,0.08241944659359339,-0.1783205427979038,-1.345269527247412e-09,1.8601776665496268e-09,0.01929157250307449,-0.06793482848626406
60.36,0.02321341433935087,-0.07913601625361265,0.08337487757554964,-0.18565283900629512,-1.1794308559414396e-09,-8.825674800833094e-10,0.059571930952676454,-0.22149468430871455,0.08448424733954674,-0.1877342037410169,1.2976333906354956e-05,-0.00012579287163164623,0.03946303925402006,-0.14633692871179557,0.08264360206039675,-0.1792095331693569,-1.3431387738914984e-09,1.8526036434542037e-09,0.01774908990550962,-0.062361243414907216
60.370000000000005,0.021861706889583592,-0.07275371678364778,0.08386464702636084,-0.18744316124862756,-1.1837170984323631e-09,-8.710770367202966e-10,0.05878669441474026,-0.21873291519486382,0.08482893371681119,-0.18904922075717573,1.5257608344315425e-05,-0.00013349001408994118,0.03830594110324222,-0.14218652373601284,0.08284982842918646,-0.1800377974067029,-1.3408227474702246e-09,1.8441378210286578e-09,0.016200429389149923,-0.05677762861416646
60.38,0.020502842171233302,-0.06638253170779758,0.0843356547118132,-0.18917354989368165,-1.1880901656471691e-09,-8.592939038346879e-10,0.057979612936470755,-0.2158808307211536,0.08515470282557952,-0.19030306760748705,1.752728732670814e-05,-0.0001410980901625486,0.03713466742699736,-0.13798294755403107,0.08303804361098956,-0.18080327225692788,-1.3383223140017579e-09,1.834880526577653e-09,0.0146461494508925,-0.051185839881883057
60.39,0.01913745593438216,-0.06002695208602288,0.08478772828147402,-0.1908434359516364,-1.1925488700262796e-09,-8.472149233852919e-10,0.05715097276440569,-0.2129398606564404,0.08546142999866721,-0.1914944662070376,1.97845730723398e-05,-0.00014856191851830982,0.0359496392490122,-0.13372786475005818,0.08320817177444487,-0.18150532082806245,-1.3356384018625436e-09,1.8249632295918792e-09,0.01308680938696677,-0.045587829279735884
60.4,0.01776618225513179,-0.053691385992689473,0.0852207014347141,-0.19245241270389338,-1.1970920006090792e-09,-8.348430912457917e-10,0.05630106902331841,-0.2099114888807852,0.08574899680254544,-0.19262291529830283,2.2028681739671768e-05,-0.00015583597959641354,0.03475128272897686,-0.12942302649806062,0.0833601434214043,-0.18214383334906528,-1.3327720059446941e-09,1.814349232547475e-09,0.011522969098978377,-0.03998556542647004
60.410000000000004,0.016389653098035455,-0.04738013960768361,0.08563441396671019,-0.19400000438975984,-1.201718337713593e-09,-8.22176160465857e-10,0.05543020556795033,-0.20679722550720364,0.0860172910982666,-0.19368806131869676,2.425884642683506e-05,-0.00016293510064912986,0.03354002898825776,-0.12507020642583896,0.08349389541534825,-0.18271847265952737,-1.3297242116550792e-09,1.8030569378503675e-09,0.009955188898916141,-0.03438096217675845
60.42,0.015008497887660718,-0.04109744175369004,0.08602871181338174,-0.19548577656636723,-1.206426609710479e-09,-8.092238638501554e-10,0.05453869483101032,-0.20359862463493916,0.08626620708107689,-0.19468950789529724,2.6474317434257266e-05,-0.00016985996317117364,0.03231631393307044,-0.12067116890525,0.08360937100629749,-0.18322904163606912,-1.3264961524104448e-09,1.7910896298862673e-09,0.00838402931714119,-0.028775913560124287
60.43,0.013623343088329673,-0.03484744835354727,0.08640344709534156,-0.19690930496461137,-1.2112155178540207e-09,-7.959922015584758e-10,0.05362685766759347,-0.20031726921908755,0.08649564531723607,-0.19562692330099646,2.86743619816774e-05,-0.00017661280677086928,0.031080578077484364,-0.11622768367597065,0.08370651985883831,-0.18367516377493093,-1.3230890373659034e-09,1.7782927664608984e-09,0.006810050914173377,-0.0231722572439423
60.44,0.01223481179202898,-0.028634219912376475,0.08675847816009032,-0.19827017964999913,-1.2160837544260296e-09,-7.824843840266738e-10,0.05269502319644282,-0.19695477004229675,0.08670551277882159,-0.19649996521542254,3.085826443293276e-05,-0.00018318576761328008,0.02983326636636507,-0.11174151940762406,0.08378529817091027,-0.1840537193000018,-1.31950417489823e-09,1.7643426028818385e-09,0.005233814105060107,-0.0175715260220615
60.45,0.01084352331547047,-0.022461722154656968,0.08709366962315619,-0.1995679955497143,-1.2210299538611472e-09,-7.687058843392954e-10,0.05174352863843437,-0.1935127648502237,0.08689572287703842,-0.19730831547930744,3.3025326841300704e-05,-0.00018957556948739034,0.02857482799819854,-0.10721444632052807,0.08384566889907033,-0.18436264263538824,-1.3157429591862594e-09,1.7495987152268117e-09,0.0036558789980217278,-0.011975314269284285
60.46,0.009450092807233185,-0.016333808723040508,0.08740889240873077,-0.20080234711635206,-1.2260527513541048e-09,-7.546469995046218e-10,0.05077271915260624,-0.18999290982434325,0.08706619552057435,-0.19805081272363215,3.5174866506840576e-05,-0.00019587473863358267,0.027305716250462544,-0.10264815000957546,0.08388760192169663,-0.18460194797293097,-1.3118068802291094e-09,1.7341878139917118e-09,0.002076805231074842,-0.006385378536793581
60.47,0.008055130866249871,-0.010254207301421093,0.08770402379051538,-0.2019728198554428,-1.2311507288949696e-09,-7.403152843740493e-10,0.049782947670131784,-0.18639688011658764,0.08721685725422554,-0.19872502855146956,3.730621294275188e-05,-0.00020203856883638146,0.026026388313347533,-0.09804418047707393,0.08391107408361909,-0.18477148906911298,-1.3076974839924039e-09,1.717934317551821e-09,0.0004971518009686803,-0.0008034246251648465
60.480000000000004,0.0066592431713704,-0.0042265620633771695,0.08797894743232654,-0.20307902197071756,-1.2363224692477586e-09,-7.257203187308355e-10,0.04877457472588489,-0.18272638520211437,0.08734764142587499,-0.1993301828205243,3.941871048401222e-05,-0.0002079975256584368,0.024737305126981624,-0.09340424652724963,0.08391606932731185,-0.18486724089951417,-1.3034164503598911e-09,1.6999768524003716e-09,-0.001082523096421643,0.004769237138504304
60.49,0.005263030121216593,0.0017455991354436132,0.0882335534373792,-0.20412024999955394,-1.2415665018031785e-09,-7.108048480074103e-10,0.04774796828811511,-0.17898312924394902,0.0874584882744948,-0.19986622808985513,4.1511722122841215e-05,-0.00021376956473195382,0.023438931211330276,-0.0887301259507898,0.08390257901755857,-0.184885218602009,-1.2989655700612513e-09,1.6809144271293628e-09,-0.002661662204294951,0.010331324203242051
60.5,0.0038670864849040224,0.007658858386694314,0.08846773843867545,-0.20509495283577542,-1.2468813294506274e-09,-6.95583998320613e-10,0.04670350359052255,-0.17516872628245325,0.08754934495937142,-0.20033279435957024,4.358462964695296e-05,-0.00021936812534127087,0.022131734490519958,-0.08402356362004137,0.083870602236957,-0.18482480022490952,-1.2943467485680025e-09,1.6611453214933506e-09,-0.004239709342558985,0.01588127367662947
60.51,0.002472001063701103,0.013509900333635668,0.0886814057120213,-0.20600240215612542,-1.252265444544427e-09,-6.801033960276373e-10,0.04564156296557878,-0.17128489651928586,0.08762016567477199,-0.20072679052466036,4.563682728167187e-05,-0.00022496831367300015,0.020816186126248647,-0.07928601931437544,0.0838201458928598,-0.18468606708763877,-1.289561990417002e-09,1.6405505391450646e-09,-0.0058161095598266875,0.021417489381712295
60.52,0.0010783563638823398,0.019295536250644604,0.0888744652500469,-0.20684235941179688,-1.2577172835327316e-09,-6.643731923073173e-10,0.04456253567190738,-0.1673334389313262,0.0876709119046474,-0.2010451484620287,4.7667717076503024e-05,-0.00023043274503941295,0.01949276036631367,-0.07451894141881511,0.08375122471936058,-0.18446922368413318,-1.284613351192718e-09,1.619270278686819e-09,-0.0073903092922301935,0.02693838838090612
60.53,-0.00031327171810243624,0.025012705359777922,0.08904683380124985,-0.20761440915483928,-1.2632352832610369e-09,-6.483946611609165e-10,0.043466817715525775,-0.1633161579451795,0.08770155264628463,-0.20128751098213807,4.967671264849656e-05,-0.00023574929979319273,0.018161934390900324,-0.06972405044053194,0.08366386125840343,-0.18417450369683994,-1.279502979850697e-09,1.5972580626941082e-09,-0.008961756521678837,0.03244240517526832
60.54,-0.0017023141980584428,0.030658460108242587,0.08919843490583629,-0.2083182092549585,-1.2688178408481313e-09,-6.321247053322061e-10,0.042354811668707304,-0.15923487756412952,0.08771206464213663,-0.2014489040482791,5.166323361254317e-05,-0.0002412071533881628,0.016824188159895427,-0.06490260340696699,0.0835580858357049,-0.18380218319550928,-1.2742330849173264e-09,1.574549915502608e-09,-0.010529900932281244,0.03792799570258338
60.550000000000004,-0.0030882092945148884,0.036229976152539034,0.08932919899087567,-0.20895149181819134,-1.2744633129024976e-09,-6.153029960753003e-10,0.04122692649438707,-0.1550912074453191,0.08770243278687993,-0.20152432832350328,5.3626697418610294e-05,-0.0002466171602541656,0.015480004278073384,-0.06005584532951537,0.08343393653256835,-0.18335258485700495,-1.2688059450210215e-09,1.5511481004025818e-09,-0.012094194064664533,0.04339363842476642
60.56,-0.004470402707045022,0.04172455172093848,0.08943906355183298,-0.20951222475689316,-1.2801700220448962e-09,-5.981582482833159e-10,0.0400835773795401,-0.15088679657848578,0.08767265049149198,-0.20151317233703725,5.556652526193214e-05,-0.00025190604238494504,0.014129867856639085,-0.05518545516932883,0.08329145915362157,-0.18282606174768123,-1.2632239106143592e-09,1.5270746603737835e-09,-0.013654089468099585,0.048837833367845765
60.57,-0.005848347882065568,0.047139614112928864,0.08952797330828037,-0.2100000678089109,-1.2859362583623973e-09,-5.807836136933893e-10,0.03892518556473491,-0.14662349282271955,0.08762271980797605,-0.2014155754545737,5.748214771233767e-05,-0.0002571299253478485,0.012774266351167893,-0.050293188856062515,0.08313070719062385,-0.18222301578301692,-1.2574894076008193e-09,1.5023399083155884e-09,-0.015209042850273725,0.05425910707103178
60.58,-0.007221506265375507,0.05247273342553133,0.08959588036215617,-0.21041174050014533,-1.2917602563090852e-09,-5.624235574421323e-10,0.03775217817270321,-0.14230283216395673,0.08755265143067809,-0.2012316660067726,5.937300395739157e-05,-0.0002622704515768225,0.011413689387208529,-0.045380800960082554,0.08295174178199083,-0.18154388999777424,-1.2516049141496831e-09,1.476959741236446e-09,-0.01675851222470431,0.059656006361313976
60.59,-0.008589347540962567,0.057721611980581775,0.08964274448003597,-0.2107435661037717,-1.29764017983612e-09,-5.435096510694154e-10,0.03656498804950816,-0.13792631310360778,0.08746246468131776,-0.2009616370826234,6.123854116082326e-05,-0.0002673416137053765,0.010048628584277183,-0.04045005166242223,0.08275463166823262,-0.18078916286042654,-1.2455729735928992e-09,1.4509465181721615e-09,-0.018301958056056868,0.06502709720863463
60.6,-0.00995134985662727,0.06288407531917958,0.0896685335180309,-0.21098976262945968,-1.303574105315399e-09,-5.231138345340854e-10,0.0353640536196781,-0.1334952407313436,0.08735218748970311,-0.20060572508732782,6.307821412063876e-05,-0.00027234337289052714,0.008679577379463151,-0.03550270585115813,0.082539453143562,-0.17995935394355567,-1.239396200939584e-09,1.424314728755583e-09,-0.019838843403498174,0.07037096594634913
60.61,-0.011307000036863227,0.06795807960239376,0.08967322396506379,-0.21114433480096848,-1.3095600008343113e-09,-5.019644854148701e-10,0.03414981875202891,-0.12901090696712944,0.08722185636939955,-0.20016421918435012,6.489148471277206e-05,-0.00027728414052424077,0.007307030850567552,-0.03054053254320027,0.0823062900036765,-0.17905501834683663,-1.2330772681197513e-09,1.3970781253631492e-09,-0.02136863406209671,0.07568621750231906
60.620000000000005,-0.01265579378253544,0.07294172032657531,0.08965680137904534,-0.21120644612813913,-1.3155957530766375e-09,-4.807789668779521e-10,0.03292273261326779,-0.12447514402314108,0.08707151638861184,-0.19963745150713416,6.667782147413336e-05,-0.0002821630361767965,0.005931485538930174,-0.025565301443447305,0.08205523348994868,-0.17807674442817434,-1.2266189016231777e-09,1.3692518666089285e-09,-0.022890798702346497,0.08097147505223769
60.63,-0.013997235856918512,0.0778332278578162,0.08961926053830699,-0.21117636842841006,-1.3216792490078877e-09,-4.5929337574677335e-10,0.031683249491242446,-0.11988991082353752,0.08690122113647208,-0.19902580049974716,6.843669943864157e-05,-0.00028698020529092824,0.004553439272098529,-0.020578784028717694,0.08178638223027251,-0.17702515294914903,-1.2200238975815868e-09,1.3408507379795267e-09,-0.024404809007917787,0.08622537851636938
60.64,-0.015330840258201143,0.08263096582399385,0.08956060544593827,-0.21105406461540258,-1.3278083353243984e-09,-4.376571581413092e-10,0.030431828601889074,-0.11525714549390871,0.08671103268483704,-0.1983296884994335,7.016760011607209e-05,-0.00029173525188747436,0.003173390986351993,-0.015582753449097967,0.0814998421766775,-0.17590089628877392,-1.2132951007686047e-09,1.3118892957182763e-09,-0.025910139811735452,0.09144658376268242
60.65,-0.01665613037862829,0.08733343125836082,0.08948084932011079,-0.21083973664516872,-1.333980848748222e-09,-4.158120383980019e-10,0.02916893389360071,-0.11057882174455455,0.08650102154564963,-0.19754958168624295,7.187001145899199e-05,-0.00029642818436850706,0.0017918405490742351,-0.010578984057886105,0.08119572653979569,-0.17470465745182973,-1.2064354140288674e-09,1.2823830973556467e-09,-0.027406269230462976,0.09663376213427646
60.660000000000004,-0.01797263915033784,0.09193925387282685,0.08938001457981229,-0.21053355046667008,-1.3401945940035013e-09,-3.938044816929349e-10,0.027895033850060553,-0.10585691933514768,0.08627126662395716,-0.19668598871784332,7.354342781642384e-05,-0.00030105893963454074,0.0004092885810091774,-0.005569251065112304,0.08087415572027627,-0.17343714910332048,-1.199447793670783e-09,1.2523469911371349e-09,-0.028892678797447766,0.10178559987687417
60.67,-0.01927990917794179,0.09644719550411991,0.08925813282454034,-0.210135772412646,-1.346447376029963e-09,-3.7162773079471e-10,0.02661060129147064,-0.10109343749930653,0.08602185516667646,-0.19573946000992778,7.518734987296301e-05,-0.00030562761759675547,-0.0009737637215598968,-0.0005553301095513638,0.08053525723724382,-0.17209911261317723,-1.1923352503609861e-09,1.2217966549775616e-09,-0.03036885359417973,0.10690079764749447
60.68,-0.020577492857927798,0.10085614920976384,0.08911524480879553,-0.20964669977097955,-1.352736970997171e-09,-3.4930227395828707e-10,0.025316113174346087,-0.09629038686995357,0.0857528827072006,-0.1947105866859859,7.680128457482871e-05,-0.00031013436005098636,-0.002356814764666687,0.004461003142142527,0.08017916565389548,-0.17069131712014585,-1.1851008456583792e-09,1.1907478264421774e-09,-0.03183428238031412,0.1119780700222756
60.69,-0.021864952484970914,0.10516513828722547,0.08895140041107767,-0.20906669418830023,-1.3590611474590918e-09,-3.268346397028259e-10,0.02401205038992687,-0.09144979214208147,0.08546445300594056,-0.19359999968871236,7.838474504307788e-05,-0.0003145794067709277,-0.0037393627345125146,0.00947797342859856,0.07980602250033084,-0.1692145586102123,-1.1777476841032009e-09,1.1592167972707927e-09,-0.033288457722306,0.11701614504175946
60.7,-0.023141860345262735,0.10937331508389699,0.08876665859766425,-0.20839616358845564,-1.3654176578468654e-09,-3.042381597750773e-10,0.022698897561319764,-0.08657368934940947,0.08515667798689584,-0.19240836880907386,7.993725047523898e-05,-0.00031896306230457905,-0.005120905775266996,0.0144938063279782,0.07941597619370559,-0.16766965901164776,-1.1702789347039795e-09,1.127218001856706e-09,-0.03473087612070192,0.12201376377800272
60.71,-0.024407798796980105,0.11347995967368313,0.08856108738116933,-0.20763556977916442,-1.3718042358728043e-09,-2.815229281509793e-10,0.0213771428394548,-0.08166412581875702,0.08482967767034867,-0.19113640175661795,8.145832603600056e-05,-0.0003232857066292665,-0.006500942166776566,0.019506728710977764,0.07900918195579996,-0.1660574653049341,-1.1626977859426084e-09,1.0947697501531275e-09,-0.03616103813613025,0.1269696799307533
60.72,-0.02566236033803244,0.11748447836909452,0.08833476377402724,-0.20678542316991713,-1.3782186156704859e-09,-2.5870047792907844e-10,0.02004727769795498,-0.07672315876829408,0.08448358010177506,-0.189784843209679,8.294750273774938e-05,-0.00032754778303395286,-0.007878970502132524,0.024514969203420948,0.07858580172809022,-0.164378848647723,-1.1550074969093415e-09,1.0618865295979222e-09,-0.03757844851403184,0.13188265945065303
60.730000000000004,-0.02690514766124187,0.1213864020937667,0.08808777373697613,-0.2058462838998563,-1.3846585044181904e-09,-2.357815544848702e-10,0.018709796727012958,-0.07175285456743966,0.0841185212770675,-0.18835447387606813,8.440431731237355e-05,-0.00033174979649962596,-0.009254489865053363,0.029516758663909567,0.07814600408441073,-0.16263470351396506,-1.1472113505328656e-09,1.028585947264818e-09,-0.03898261630816674,0.13675148019033245
60.74,-0.028135773697122387,0.1251853846108849,0.08782021212265496,-0.20481875973394117,-1.3911216134858456e-09,-2.1277723619222235e-10,0.01736519742637473,-0.06675528764897946,0.08373464506416295,-0.18684610954827985,8.582831207502357e-05,-0.00033589230592069596,-0.010627000007034414,0.0345103306736654,0.07768996414129238,-0.16082594684696266,-1.1393126850375428e-09,9.948833444091845e-10,-0.04037305500293046,0.1415749315836869
60.75,-0.029353861644443254,0.12888120061898556,0.08753218261441098,-0.2037035055547406,-1.3976056514344426e-09,-1.8969836981585047e-10,0.016013979997524377,-0.061732539578708064,0.08333210312117038,-0.18526060016025184,8.721903478124045e-05,-0.00033997591850699584,-0.01199600152421122,0.039493922040190164,0.07721786346606156,-0.15895351722587617,-1.1313148738509204e-09,9.60796670133423e-10,-0.041749282634514655,0.14635181435312583
60.76,-0.030559044988768408,0.1324737437181178,0.08722379766042422,-0.20250122204072393,-1.4041082990431906e-09,-1.6655627865118563e-10,0.014656647135173326,-0.05668669803024432,0.08291105481109212,-0.18359882884112408,8.857603847848956e-05,-0.0003440012822257197,-0.01336099603389099,0.04446577331374134,0.07672988998278352,-0.15701837404552377,-1.1232213234309604e-09,9.263406597441467e-10,-0.043110821910936244,0.1510809402450708
60.77,-0.03175096750918159,0.13596302425388904,0.08689517840325345,-0.2012126547387665,-1.4106272450171325e-09,-1.4336154310996092e-10,0.013293703818151707,-0.051619855791829816,0.08247166711323342,-0.18186171096729586,8.989888135351916e-05,-0.0003479690784117936,-0.014721486350696521,0.049424129316845485,0.07622623787613103,-0.15502149670935966,-1.1150354811834713e-09,8.915339382148674e-10,-0.0444572003309643,0.15576113179352313
60.78,-0.03292928327341823,0.13934916704447753,0.08654645460490985,-0.19983859292860034,-1.4171601644783457e-09,-1.201252972942083e-10,0.011925657099803519,-0.04653410974243383,0.0820141145313947,-0.18005019321140134,9.11871265769103e-05,-0.00035188001355310834,-0.01607697666226997,0.054367239686319194,0.07570710749325935,-0.15296388383568968,-1.1067608211075867e-09,8.563914392581086e-10,-0.045787950301966786,0.1603912221117012
60.79,-0.03409365662163291,0.14263240899694435,0.08617776456756432,-0.19837986858079495,-1.4237047491589565e-09,-9.685808790129273e-11,0.010553015897988663,-0.04143155982943754,0.08153857899894182,-0.17816525258848565,9.24403421458649e-05,-0.00035573481083910454,-0.017426972704482707,0.05929335942750189,0.07517270524376683,-0.1508465524772618,-1.098400869641302e-09,8.209313957864659e-10,-0.04710260925669693,0.16497005471157464
60.800000000000004,-0.0352437621399717,0.14581306664541283,0.0857892550348774,-0.19683784512320102,-1.4302586665660247e-09,-7.395243910788668e-11,0.009176290780813683,-0.03631443701974159,0.08104524978028434,-0.17620791380690043,9.365810076103508e-05,-0.00035953310876200053,-0.01877098193628893,0.06420074320878144,0.07462324349721755,-0.14867055681693395,-1.0899591620645316e-09,7.851703254526002e-10,-0.04840071976879853,0.16949649106822984
60.81,-0.03637928463512005,0.14889122725617412,0.0853810810371094,-0.1952148297421803,-1.4368196513823136e-09,-5.151746006297169e-11,0.007795993740492171,-0.031185145450346032,0.08053432335491885,-0.17417967063014042,9.483998023016245e-05,-0.0003632592278020527,-0.020108513716878555,0.06908756815790369,0.0740589404707275,-0.14643720173726438,-1.0814392665703466e-09,7.494438592553474e-10,-0.049681829664560716,0.17396947865984777
60.82,-0.03749991913220643,0.15186653637184583,0.08495340569350335,-0.19351266372448883,-1.4433854449711653e-09,-2.9259480343789525e-11,0.006412637961550153,-0.0260459117479607,0.08000600323003497,-0.17208355031753744,9.598556496216837e-05,-0.0003668874445538867,-0.021439079493317633,0.0739517962230272,0.07348002005721614,-0.14414928964429574,-1.0728447313176443e-09,7.143091234663595e-10,-0.05094549213986867,0.17838764740910656
60.83,-0.0386053708765419,0.1547393650163938,0.08450640004154647,-0.1917324589044775,-1.4499538259329194e-09,-7.0247303444127244e-12,0.005026737598360649,-0.02089883289230752,0.0794604997038711,-0.16992142195365798,9.709444748727833e-05,-0.0003704172126391677,-0.022762192994028655,0.0787915941905983,0.07288671158539271,-0.14180927823671255,-1.0641790782260373e-09,6.791271055220787e-10,-0.0521912658926354,0.1827495792530481
60.84,-0.03969535529375552,0.1575105556037213,0.08404024289617033,-0.18987582230560726,-1.4565225793716601e-09,1.482790690793127e-11,0.0036388075588806063,-0.01574612581307981,0.07889802968344042,-0.16769426453187464,9.816622884741485e-05,-0.0003738508636357425,-0.0240773704117957,0.08360527782910601,0.07227924960739054,-0.13941832247649935,-1.055445826584767e-09,6.436619253743972e-10,-0.0534187152542191,0.1870541691155126
60.85,-0.040769597916112094,0.16018083359010057,0.08355512068928042,-0.1879446726507664,-1.4630895250781467e-09,3.6429122006325115e-11,0.002249363284603594,-0.010590021792138086,0.07831881655751916,-0.1654034317657815,9.920051864116902e-05,-0.0003771812574226737,-0.025384130576903054,0.08839111265942153,0.07165787375613501,-0.13697762283135445,-1.0466485123512246e-09,6.081573160570552e-10,-0.05462741030348309,0.19130040355800387
60.86,-0.04182783430934555,0.16275079576043658,0.08305122729686218,-0.18594051537415268,-1.4696524981501183e-09,5.7905772235466266e-11,0.0008589205306557052,-0.005432648254673871,0.07772309003774247,-0.16305128068050892,0.00010019693580164566,-0.0003803908973825365,-0.026681995133195975,0.09314725457817648,0.07102282860004419,-0.13448922706804176,-1.037790659936695e-09,5.731045693230703e-10,-0.0558169269753383,0.19548710051485138
60.870000000000005,-0.04286980999921589,0.16522132815424595,0.08252876388819197,-0.18386460139566507,-1.476209359073293e-09,7.929341527181157e-11,-0.0005320048479108127,-0.0002760885224626653,0.07711108595262024,-0.16063984844348833,0.00010115510964642827,-0.0003834763002554379,-0.027970488718676093,0.0978719199213063,0.07037436344211913,-0.1319555999004966,-1.028875782040405e-09,5.381531985413372e-10,-0.056986847179689354,0.19961295231340045
60.88,-0.04389528037486057,0.16759369007319005,0.08198793879827654,-0.18171810065934005,-1.4827579622255362e-09,1.0065209748326792e-10,-0.0019228971049708287,0.00487759447557223,0.07648304606473437,-0.15817029061655077,0.00010207468025851458,-0.000386440119775866,-0.02924913914103249,0.10256346198942524,0.06971273211658666,-0.12937807589896633,-1.0199073614417389e-09,5.029920990247232e-10,-0.05813675892299405,0.20367687570551013
60.89,-0.04490401056547515,0.1698692276088354,0.08142896740963293,-0.17950217273623525,-1.4892961812617296e-09,1.219424536460169e-10,-0.0033132408097719555,0.0100263544420458,0.07583921793617608,-0.1556438149100725,0.00010295529842053863,-0.0003892808818839085,-0.0305174775448408,0.10722024574839746,0.06903819284300862,-0.12675766900872665,-1.0108889116338535e-09,4.67735149767588e-10,-0.05926625641881325,0.2076778649905505
60.9,-0.04589577530261785,0.17204937934626185,0.08085207203487121,-0.1772180194131373,-1.4958218898862691e-09,1.4316499372661712e-10,-0.004702521051863157,0.015168153996863505,0.07517985480904106,-0.15306162178840066,0.00010379662558050733,-0.00039199896069448887,-0.03177503857500952,0.1118406511097184,0.0683510081137899,-0.12409554726433174,-1.0018239545550681e-09,4.323591784672849e-10,-0.06037494019050331,0.21161490085833864
60.910000000000004,-0.0468703587755502,0.17413560910089432,0.08025748178626085,-0.17486720313032847,-1.5023329677872723e-09,1.6408550360845495e-10,-0.006090223646271733,0.020300922409137143,0.0745052154833258,-0.15042497400049304,0.0001045983338851479,-0.0003945924529864333,-0.0330213605391731,0.1164230604799305,0.06765144458116876,-0.12139285405566988,-9.927160114396825e-10,3.9691159282185214e-10,-0.06146241717125031,0.21548702195730696
60.92,-0.04782755448049985,0.17612948067306297,0.07964543242023636,-0.1724514940347116,-1.5088273382315528e-09,1.848142929489386e-10,-0.007475835340939849,0.02542256289903868,0.07381556419195688,-0.14773513204264588,0.00010536010630599566,-0.00039705915545316305,-0.03425598556887983,0.12096588173976755,0.06693977294069536,-0.11865078729626213,-9.835686215886384e-10,3.615002540464529e-10,-0.06252830080198948,0.2192932509565298
60.93,-0.048767165065304194,0.17803253410403577,0.07901616617421876,-0.16997234792548668,-1.5153029193096281e-09,2.0542690027968393e-10,-0.008858844023995695,0.030531046766440577,0.07311117045804204,-0.14499389602006374,0.00010608163705282675,-0.0003993897294395943,-0.03547845978043916,0.12546749117935588,0.06621626778639644,-0.11587139072656029,-9.74385302052249e-10,3.264369854311582e-10,-0.06357221113324472,0.22303247177220822
60.94,-0.04968900216947301,0.1798464341003058,0.07836993161862624,-0.1674310983578337,-1.5217576626065421e-09,2.2592798593605103e-10,-0.010238738926704048,0.035624393250279864,0.07239230892060153,-0.14220322516532707,0.00010676263220555572,-0.0004015796646702865,-0.03668833343756497,0.12992624044665238,0.06548120743038767,-0.1130564717456586,-9.651695624325936e-10,2.914026489698883e-10,-0.06459377493227599,0.22670362890100137
60.95,-0.05059288625231428,0.18157305074300897,0.07770698352195954,-0.16482905189553526,-1.5281895216364416e-09,2.463477962577315e-10,-0.011615010822154515,0.04070063941632024,0.07165925916130286,-0.13936444607030796,0.00010740281011617512,-0.0004036290833494728,-0.037885161112693674,0.13434058313904756,0.06473487373962235,-0.11020711928935316,-9.559248967609053e-10,2.562607682162785e-10,-0.06559262578630176,0.23030578596504123
60.96,-0.05147864640643399,0.1832143242236783,0.0770275827200762,-0.16216750058520718,-1.5345964537280883e-09,2.666618349536302e-10,-0.01298715222146876,0.045757842730115884,0.07091230556295337,-0.13647876661887898,0.00010800190152996475,-0.00040553698965524357,-0.03906850184243296,0.1387090155095708,0.06397755201243328,-0.1073244337064387,-9.466548082506993e-10,2.210934904185689e-10,-0.06656840419832326,0.2338380162501719
60.97,-0.052346120161844346,0.18477225987603912,0.07633199598587181,-0.1594477635791057,-1.5409764339445224e-09,2.868719371172156e-10,-0.014354657568094512,0.05079407811410696,0.07015173718436657,-0.13354745885619862,0.00010855964966519356,-0.00040730285335153837,-0.04023791927863336,0.14303004171627434,0.06320953086911155,-0.10440950203373854,-9.373628027029963e-10,1.8587487133535678e-10,-0.06752075767960639,0.23729940923032586
60.980000000000004,-0.05319515328372711,0.18624892323296874,0.07562049589773814,-0.15667116539452441,-1.5473274568891118e-09,3.0696642683435756e-10,-0.01571702343019587,0.05580744074862129,0.06937784763522938,-0.1305717679768969,0.00010907581030975566,-0.00040892588185761073,-0.04139298183741665,0.1473021918068913,0.062431102142921614,-0.10146341109687977,-9.280524028550027e-10,1.5063245878327457e-10,-0.06844934084076496,0.24068906729037817
60.99,-0.054025599564342414,0.1876464352175951,0.07489336070674728,-0.15383904572004603,-1.5536475082071441e-09,3.2693895034765965e-10,-0.01707374869106545,0.06079604594722879,0.06859093495045844,-0.12755295747196094,0.00010955015192830297,-0.0004104053993748763,-0.04253326284621413,0.15152401343654673,0.061642560771587876,-0.09848724124212907,-9.187271118807941e-10,1.1536766876251495e-10,-0.06935381548142766,0.2440061073971114
61.0,-0.054837320609775655,0.18896696063191834,0.07415087420252664,-0.15095275875353747,-1.5599346037431294e-09,3.4677395066261143e-10,-0.018424334737447152,0.0657580311328656,0.06779130146416623,-0.12449229125129237,0.00010998245578272804,-0.0004117405993405467,-0.04365834068876075,0.15569407537371335,0.060844204689003194,-0.09548207606467808,-9.093904534583199e-10,8.010627825323653e-11,-0.07023385067837827,0.24724966408495191
61.01,-0.05563018562269798,0.1902126914043004,0.07339332557728973,-0.14801368534226972,-1.5661867624895988e-09,3.6646505427721234e-10,-0.019768285645618,0.07069155761535985,0.06697925368258394,-0.12139105451881586,0.00011037251607217113,-0.00041293051875877876,-0.04476779894817014,0.1598109632109635,0.060036334716459444,-0.09244901353441878,-9.000459412074052e-10,4.485483931638783e-11,-0.07108912287174723,0.25041889720136123
61.02,-0.05640407118118652,0.19138587922821207,0.07262100928843009,-0.14502320077423003,-1.5724020228971893e-09,3.8600873470386153e-10,-0.02110510836518396,0.07559480785922539,0.06615510215633802,-0.11825051895934473,0.00011072014008742907,-0.0004139743924284799,-0.04586122654796748,0.16387328812546578,0.05921925445375875,-0.08938913033535603,-8.906970901247591e-10,9.615102438218386e-12,-0.07191931594946778,0.2535129705677195
61.03,-0.05715886101272944,0.19248882269047993,0.07183422492086483,-0.14198268011607354,-1.5785784465360528e-09,4.053962700068044e-10,-0.022434312900656644,0.08046598669233376,0.06531916135314926,-0.11507195044568508,0.00011102514836478022,-0.0004148716064347481,-0.04693821789076319,0.16787968560989297,0.0583932701715587,-0.08630348798475874,-8.813474193507819e-10,-2.560294768069643e-11,-0.07272412133079208,0.2565310556065958
61.04,-0.057894445764109057,0.19352384466940795,0.07103327704908922,-0.13889351153457793,-1.5847141008850964e-09,4.246153350193419e-10,-0.02375541249073168,0.08530332378853199,0.06447174953089006,-0.11185662105495738,0.00011128737483837134,-0.00041562154751969985,-0.047998372994536805,0.17182881271930073,0.057558690700628495,-0.08319328593114636,-8.72000436991924e-10,-6.062326355431611e-11,-0.0735032380493478,0.25947232379902596
61.050000000000004,-0.0586107227694703,0.19449326179798773,0.07021847509749816,-0.1357571183879992,-1.59080706451481e-09,4.436405446407557e-10,-0.025067923785331726,0.09010506684915268,0.06361318860947247,-0.10860583441519334,0.00011150666701112863,-0.00041622324991112263,-0.04904129762643763,0.1757193564327426,0.05671582729958025,-0.08006020999807617,-8.626596275972905e-10,-9.54224132938788e-11,-0.0742563728373901,0.2623359026849367
61.06,-0.05930759581737112,0.1953994216336515,0.06939013319797784,-0.13257494762221808,-1.5968554513771807e-09,4.624409222004665e-10,-0.02637136702057395,0.09486948591010423,0.06274380404122692,-0.1053208884890034,0.00011168288613899437,-0.00041667619670442656,-0.05006660343392559,0.17955002769379874,0.055864993508622326,-0.07690553239573121,-8.533284669535844e-10,-1.3015805344353331e-10,-0.07498324021018136,0.2651209858327929
61.07,-0.05998497491548322,0.1962447059283883,0.06854857003816739,-0.12934868808711325,-1.6028574008901245e-09,4.80961882838044e-10,-0.02766526619227667,0.09959485086689561,0.061863924673233886,-0.10200333072274992,0.00011181590764780644,-0.00041697218350136736,-0.05107390807457112,0.18331952283308944,0.05500650502293887,-0.0737302398994171,-8.440104288809991e-10,-1.6483738291178105e-10,-0.07568356254641742,0.26782681728465074
61.08,-0.060642776053063126,0.1970314982553343,0.06769410870057037,-0.12607992278260474,-1.6088110519093174e-09,4.992672032336699e-10,-0.02894914922754943,0.10427947908244165,0.060973882594549285,-0.09865480235432238,0.00011190562168136358,-0.00041711109180316464,-0.05206283534567399,0.1870265517403378,0.05414067958559702,-0.07053540797776763,-8.347089593918779e-10,-1.9944367807719356e-10,-0.07635707016463578,0.2704526478971175
61.09,-0.06128092096216875,0.19776220189270924,0.06682707650768746,-0.12277005398832869,-1.6147146013200925e-09,5.17380193519055e-10,-0.030222548152296358,0.10892174379297495,0.06007401298410465,-0.095276612947029,0.00011195193338122276,-0.00041709378957839317,-0.053033015311679386,0.19066988315206118,0.05326783688370151,-0.06732204759643762,-8.254275192804019e-10,-2.339758909086474e-10,-0.07700350139746488,0.27299775475220867
61.1,-0.06189933688101021,0.1984391222149718,0.0659478048774463,-0.11942050712042619,-1.6205662422663962e-09,5.352793601492537e-10,-0.03148499925109388,0.11352014498231214,0.059164653975599536,-0.09186999209214232,0.00011195476304948038,-0.0004169184803205247,-0.05398408443067139,0.19424821259315414,0.05238829844554494,-0.0640911838679842,-8.161695516456809e-10,-2.684219196440806e-10,-0.0776226026596533,0.2754615696944451
61.11,-0.06249795632683825,0.19906440358766336,0.06505662918100545,-0.11603270919129448,-1.6263641856526373e-09,5.529664689089244e-10,-0.03273604321419015,0.1180733609931794,0.05824614653216887,-0.08843619282112275,0.00011191404638761737,-0.00041658485699336376,-0.05491568568737882,0.1977601035943298,0.051502387538478106,-0.06084383721335371,-8.069384885181659e-10,-3.027742722181589e-10,-0.07821412850103694,0.27784374791133165
61.120000000000005,-0.06307671688178976,0.19964009447299133,0.0641538885997324,-0.11260809652098004,-1.6321066901558338e-09,5.704316618400528e-10,-0.03397522526966687,0.1225801840884792,0.057318834322203145,-0.08497644441077846,0.00011182973475649251,-0.00041609153513822285,-0.05582746873602107,0.20120405844975162,0.050610429066669536,-0.05758103010678872,-7.977377653883813e-10,-3.370234762952916e-10,-0.07877784164130457,0.28014407769673316
61.13,-0.06363556098752929,0.20016821836330115,0.06323992598186343,-0.1091480997320568,-1.6377920066450407e-09,5.876707909217135e-10,-0.03520209530511909,0.12703944937228973,0.056383063595736777,-0.08149198067844014,0.00011170179545128891,-0.0004154377228549996,-0.056719090048426124,0.2045785906733438,0.049712749469213335,-0.05430377345558249,-7.88570792422795e-10,-3.7116116689861914e-10,-0.07931351299276863,0.2823623798391969
61.14,-0.06417443574499038,0.2006507385732395,0.06231508769927536,-0.1056541488788503,-1.6434184365860955e-09,6.046777599848433e-10,-0.03641620798272831,0.13145006415753005,0.055439183061374485,-0.07798402589046236,0.00011153021198258226,-0.00041462243530450817,-0.057590213063339835,0.20788219602881827,0.0488096766189523,-0.05101307217867216,-7.794409849630455e-10,-4.0517845417284e-10,-0.07982092167663113,0.2844985484163012
61.15,-0.06469329271758484,0.20108962197019625,0.06137972350464369,-0.10212766597443536,-1.6489842746040919e-09,6.214485865474719e-10,-0.037617122849685894,0.1358109430386653,0.05448754376359731,-0.07445380434514501,0.00011131498435233047,-0.00041364504903243884,-0.058440508334850504,0.21111341979776502,0.047901539722216356,-0.04770991851594298,-7.703517242787123e-10,-4.3906787113080965e-10,-0.0802998550355325,0.2865524595604532
61.160000000000004,-0.06519208773675586,0.20148679606665804,0.060434186389167345,-0.09857006780737285,-1.6544878711258058e-09,6.379776358363304e-10,-0.038804404445455964,0.1401210447176633,0.05352849896041949,-0.07090253500172874,0.00011105612932006159,-0.00041250503165173074,-0.0592696536783328,0.2142708194266687,0.04698866921958402,-0.04439529565554618,-7.613064026996018e-10,-4.728193130957664e-10,-0.08075010864450932,0.2885240224224945
61.17,-0.06567078071105768,0.20184413843826512,0.05947883244088779,-0.09498276533197253,-1.6599275801961022e-09,6.54260808884127e-10,-0.03997762240516373,0.1443793777817532,0.052562404001420725,-0.06733143314946936,0.00011075368065974176,-0.0004112020091828588,-0.06007733431460008,0.21735295889468406,0.04607139668761796,-0.04107017782648403,-7.523083889976786e-10,-5.064262758882124e-10,-0.08117148631940638,0.29041318696339796
61.18,-0.06612933543650394,0.20216359431232145,0.058514020703801524,-0.09136715642160828,-1.6653017807188767e-09,6.702927365617615e-10,-0.04113635156170801,0.1485848837099722,0.05158961620602335,-0.06374171541548392,0.00011040768939949484,-0.0004097360380519419,-0.060863243009534156,0.2203585301368868,0.04515005474170491,-0.03773552358424997,-7.433610339488314e-10,-5.398789841320621e-10,-0.08156380012639075,0.2922197806842727
61.19,-0.06656771940938543,0.20244695616816238,0.05754011303769635,-0.08772464008372347,-1.6706088938080063e-09,6.860683982697957e-10,-0.04228017204591303,0.15273664250252933,0.05061049474197554,-0.06013459194968535,0.000110018224045388,-0.00040810708282026004,-0.06162708020986751,0.22328614053514576,0.04422497693983848,-0.034392291744957296,-7.34467683960425e-10,-5.731670298496431e-10,-0.08192687039161424,0.29394379573672225
61.2,-0.06698590364501593,0.20269602900324865,0.05655747397840136,-0.08405660843388411,-1.6758473407061915e-09,7.015840640618717e-10,-0.04340866938191436,0.15683370946821454,0.049625400503999544,-0.056511277068033584,0.0001095853708002812,-0.00040631529115771114,-0.062368554177999594,0.22613448190465205,0.043296497688685626,-0.03104137674344323,-7.256316528072462e-10,-6.062846328042717e-10,-0.08226052571856439,0.29558478970512425
61.21,-0.06738386250034202,0.20291257364505563,0.05556647059873686,-0.08036444116606568,-1.6810155942625275e-09,7.168366030429663e-10,-0.044521434579984316,0.16087517322299777,0.04863469599259599,-0.05287297751881421,0.00010910923378034014,-0.00040436077548119715,-0.06308738112350247,0.2289022721698006,0.04236495215717325,-0.027683532186338736,-7.168562543390967e-10,-6.392248994595411e-10,-0.08256460305059918,0.29714144571331885
61.22,-0.06776157350502915,0.20309814226092923,0.054567472370330584,-0.07664951416578265,-1.6861121410062697e-09,7.318213342490113e-10,-0.04561806422246569,0.16486030790117254,0.04763874519352781,-0.04922088748372518,0.00010858993524137206,-0.0004022433823183426,-0.06378328533571039,0.23158809791985022,0.041430676199837,-0.02431946187823862,-7.081447790271412e-10,-6.719820457777741e-10,-0.08283894779286868,0.2986121998287748
61.230000000000004,-0.06811901720220238,0.2032543394982386,0.05356085102629117,-0.07291318958224884,-1.6911354872566526e-09,7.465342835975678e-10,-0.04669816054265226,0.168788297714084,0.046637913457908964,-0.045556206517289845,0.00010802761580799791,-0.00039996334450053956,-0.06445599931751429,0.23419069974799686,0.04049400628616576,-0.020949845149479954,-6.995004936503427e-10,-7.045481765225393e-10,-0.08308341397830794,0.2999950149676283
61.24,-0.06845617699427328,0.20338265795005192,0.052546980424998474,-0.06915681778999558,-1.6960841795539722e-09,7.609706356922153e-10,-0.04776133150545787,0.17265829374631658,0.04563256738226817,-0.04188013446261642,0.00010742243466875508,-0.0003975212447829707,-0.06510526391098317,0.2367089203616013,0.03955527943157221,-0.017575379678425766,-6.909266511759501e-10,-7.369153037898102e-10,-0.0832978644648954,0.30128775598728547
61.25,-0.0687730389997475,0.20348438306952496,0.05152623641499811,-0.06538174100985952,-1.700956787196581e-09,7.751269838028018e-10,-0.04880719089025638,0.17646948693750905,0.04462307468857311,-0.03819386858826327,0.00010677456972211042,-0.00039491776469167397,-0.06573082841402894,0.2391416304981833,0.03861483312797903,-0.014196761929937839,-6.82426490753402e-10,-7.690754493096008e-10,-0.08348217115525672,0.3024880231310266
61.26,-0.06906959192361284,0.20356076634214995,0.0504989967009984,-0.061589286336414535,-1.7057519105687388e-09,7.889979870892739e-10,-0.04983535837698665,0.1802209194721515,0.043609804104193836,-0.034498612131716164,0.00010608421769811153,-0.00039215387389422094,-0.06633245068674778,0.24148792495864646,0.0376730052729992,-0.010814724140161368,-6.740032233176108e-10,-8.010147471475952e-10,-0.08363621523354732,0.30359334266186344
61.27,-0.06934582693815002,0.20361291113039431,0.04946564071113045,-0.057780769375412544,-1.7104681757052755e-09,8.025810467690364e-10,-0.05084545964107594,0.18391155997783787,0.04259312524160169,-0.03079556906755843,0.00010535159428167601,-0.0003892306469613395,-0.06690989724154617,0.243747047311429,0.03673013409625295,-0.007430034850165236,-6.656600433527868e-10,-8.327313057948922e-10,-0.08375988741391575,0.30460115299440405
61.28,-0.069601737575678,0.2036417955245176,0.04842654946527607,-0.053957499198916216,-1.7151042300101928e-09,8.158710293132434e-10,-0.05183712645306643,0.18754043721890198,0.04157340847808679,-0.027085937844146642,0.00010457693424478358,-0.00038614925349391875,-0.0674629433214767,0.24591824151483185,0.035786558079612785,-0.004043578352908958,-6.574001124536394e-10,-8.641451610754562e-10,-0.08385308820605086,0.3055085266302167
61.29,-0.06983731963100041,0.20364838108396907,0.04738210544430898,-0.050120773129237274,-1.7196587695837196e-09,8.288662645697918e-10,-0.05280999678021559,0.1911064665554491,0.040551024835672675,-0.023370918974900554,0.00010376049157089538,-0.00038291135921205446,-0.0679913729699468,0.24800093502007423,0.034842615865643786,-0.0006564129915309765,-6.492265791567675e-10,-8.952736540191231e-10,-0.08391572818981709,0.30631288298618425
61.300000000000004,-0.07005257106952036,0.20363355484172163,0.04633269246036403,-0.04627187820552979,-1.7241304998252274e-09,8.415603661761835e-10,-0.0537637148931133,0.19460854339084954,0.03952634586119955,-0.019651707827334074,0.00010290253954364403,-0.00037951898786674134,-0.0684949790887298,0.24999464032722044,0.03389864615988166,0.002730555761448396,-6.411425519551216e-10,-9.261615991634159e-10,-0.08394772827853841,0.30701168803468837
61.31,-0.07024749194326767,0.20359807968701674,0.04527869552788137,-0.042412100363793635,-1.7285181647933014e-09,8.539492793650241e-10,-0.054697931472756124,0.19804565262666904,0.038499743506717116,-0.01592949673458009,0.00010200337080905686,-0.00037597409289773844,-0.06897356348913339,0.25189883784993766,0.03295498763931173,0.006116490074161277,-6.331511146830687e-10,-9.567756278975981e-10,-0.08394901999851548,0.307601585116208
61.32,-0.07042208431278484,0.2035427773278744,0.04422050073533792,-0.038542711692478346,-1.732820537389757e-09,8.660307442503446e-10,-0.055612303717542,0.20141665128297476,0.037471590010203434,-0.012205475700029729,0.00010106329744751526,-0.0003722784532173696,-0.06942693693706882,0.25371320209891307,0.03201197886402727,0.00950044904509881,-6.252553358143075e-10,-9.870991700378512e-10,-0.0839195457740234,0.30808032644610206
61.33,-0.07057635217183252,0.20346836556118938,0.043158495118091104,-0.03466497115455772,-1.7370364210370587e-09,8.778038503437898e-10,-0.05650649545482936,0.20472039560889715,0.03644225777683824,-0.008480822529565741,0.00010008265103656767,-0.0003684343424132425,-0.0698549191871359,0.2554374732568089,0.031069958184642456,0.012881475763113022,-6.174582399235725e-10,-1.0171413166249573e-09,-0.08385925918796741,0.3084452050272476
61.34,-0.07071030137749616,0.2033755180568483,0.042093066532340566,-0.03078013141402182,-1.741164661674855e-09,8.892646742089329e-10,-0.0573801772544289,0.2079557619451382,0.03541211926112195,-0.004756708744507383,9.90617826602556e-05,-0.00036444441632654145,-0.07025733900844161,0.25707142997020116,0.030129263646069705,0.016258587016676703,-6.097628460559387e-10,-1.0468775899694322e-09,-0.08376812526008318,0.3086929701469263
61.35,-0.07082393958411083,0.20326492369676524,0.04102460352992835,-0.026889436526223807,-1.745204112856442e-09,9.004096151982807e-10,-0.058233026544963484,0.21112150178433106,0.034381546850252034,-0.001034283095485336,9.800106288309383e-05,-0.0003603114829117055,-0.07063403420608766,0.2586148875452905,0.029190232888354307,0.019630756543843567,-6.021721143707828e-10,-1.076287044416651e-09,-0.08364612073322186,0.3088212727434151
61.36,-0.07091727618133624,0.2031371426075123,0.03995349523385205,-0.02299412530306042,-1.7491536802233708e-09,9.112371906033573e-10,-0.059064727735392814,0.21421638596520998,0.03335091275034967,0.002685357456036032,9.690088171835525e-05,-0.00035603834589626284,-0.07098485164957571,0.26006735375279194,0.028253203043663744,0.022996919135519902,-5.94688998345021e-10,-1.1053671287296902e-09,-0.08349323433425707,0.30882749115822283
61.370000000000005,-0.0709903222444126,0.2029925380741507,0.03888013121443158,-0.019095429389100055,-1.7530122817879794e-09,9.217426230994433e-10,-0.05987497233946352,0.21723913931690733,0.032320588876604515,0.006401145357038528,9.576164856255556e-05,-0.0003516279690492518,-0.0713096473192735,0.26142821966993857,0.02731851062929872,0.02635597043730411,-5.873163942061609e-10,-1.1340997716994102e-09,-0.08330946704087842,0.30870867195927726
61.38,-0.0710430904970155,0.20283146401201324,0.03780490136608565,-0.015194575587794879,-1.7567788975181451e-09,9.319243684537646e-10,-0.060663459101861196,0.22018849253496894,0.03129094674611245,0.010112020002111519,9.458379208447083e-05,-0.00034708336583791057,-0.07160828636603002,0.2626968338314398,0.026386491437345193,0.029706784707019273,-5.800571932021878e-10,-1.1624661011258207e-09,-0.08309483235189272,0.30846245316679505
61.39,-0.07107559528155823,0.20265417531735994,0.036728195784630505,-0.011292786218859797,-1.7604525050975576e-09,9.417765544402552e-10,-0.06142989412500896,0.22306317532498168,0.03026235737112501,0.013816904073462024,9.336776038304155e-05,-0.00034239900566120063,-0.0718806431785252,0.2638724367818198,0.025457480421484997,0.033048203346105,-5.729142226733596e-10,-1.1904553232985745e-09,-0.08284935653279532,0.30808653996385665
61.4,-0.07108785253777099,0.202460824443957,0.03565040464499199,-0.007391280588418484,-1.7640321296519316e-09,9.512987182666787e-10,-0.06217399099477996,0.2258619502563524,0.029235191148294024,0.017514612677301183,9.21140213110519e-05,-0.0003375777118376376,-0.07212660145528038,0.26495431798281116,0.02453181158046553,0.03637902566269544,-5.658902878059767e-10,-1.2180522939419964e-09,-0.08257307885007238,0.30757851652635226
61.410000000000004,-0.07107987978908661,0.2022515392595808,0.03457191807934455,-0.00349127197724851,-1.7675168388077315e-09,9.604858999977333e-10,-0.06289547090391122,0.2285836023620542,0.028209817745086987,0.021204051943176507,9.08230622422039e-05,-0.0003326308487078495,-0.07234605427659971,0.2659417598477087,0.023609817838634452,0.039698044105429674,-5.589881506871332e-10,-1.2452401523776146e-09,-0.08226605179663761,0.3069364048620298
61.42,-0.07105169613735686,0.20202628361988123,0.03349312605575812,0.0004060310887020643,-1.7709057207924825e-09,9.693384792105954e-10,-0.06359406277591406,0.23122684352208878,0.027186605990926174,0.02488420413898249,8.949538946661767e-05,-0.00032756215298389426,-0.07253890417916184,0.2668339388102768,0.022691830924632443,0.0430040292327887,-5.522105323482768e-10,-1.2720066390110691e-09,-0.08192834129598843,0.3061582932989136
61.43,-0.07100332226673985,0.2017850032290118,0.03241441825727751,0.004299422532124807,-1.7741979038386769e-09,9.778505280562287e-10,-0.06426950338968104,0.2337904654930622,0.026165923772907586,0.028554019709145274,8.81315278353655e-05,-0.0003223743368311804,-0.07270506323400353,0.2676300955566788,0.021778181248234017,0.0462957309252259,-5.455601193398298e-10,-1.2983365826048645e-09,-0.08156002688868488,0.30524245639865044
61.44,-0.07093478045138948,0.2015276552810279,0.03133618396139259,0.008187701846685628,-1.7773925368324228e-09,9.860220440656554e-10,-0.06492153749939675,0.23627333111328755,0.025148137931240117,0.0322124420943339,8.673202053972322e-05,-0.00031707146566051957,-0.0728444531193817,0.26832960171901116,0.020869197775928886,0.04957190522126773,-5.390395369875563e-10,-1.3242161607937553e-09,-0.08116120189508154,0.30418759762344544
61.45,-0.07084609456759607,0.20125404653957538,0.03025881191999061,0.012069673523378071,-1.7804888157948235e-09,9.938471183821268e-10,-0.06554991795187619,0.2386742216728623,0.02413361415373596,0.035858415437093484,8.529742882168002e-05,-0.0003116571725376794,-0.0729570051888874,0.26893173209272114,0.019965207906709536,0.05283131806687011,-5.326513802058894e-10,-1.3496318892674656e-09,-0.080731973546086,0.30299265092247907
61.46,-0.07073729011604124,0.20096388979244065,0.029182690239696194,0.015944142942772396,-1.7834859756912868e-09,1.0013256849288863e-09,-0.06615440580605271,0.24099193387138157,0.023122716870214877,0.03949088431337698,8.382833163977997e-05,-0.00030613587228257345,-0.07304266054579694,0.26943563039202184,0.019066537349823835,0.05607277913965288,-5.263982019078338e-10,-1.3745710941503573e-09,-0.08027246307653826,0.301657118119162
61.47,-0.07060839425204793,0.20065688553758468,0.028108206262393395,0.019809916621659606,-1.786383269097899e-09,1.0084512189492894e-09,-0.06673477044938636,0.2432253917397069,0.022115809146296784,0.0431087722101182,8.232532527882773e-05,-0.0003005123798108194,-0.07310137012074472,0.2698406044163703,0.01817351000578728,0.05929512728628447,-5.202824950915013e-10,-1.3990225611751865e-09,-0.07978280577125496,0.30018097861949117
61.480000000000004,-0.07045943581942725,0.20033269753596175,0.02703574644593101,0.023665804499629156,-1.7891799940279061e-09,1.0152244233223277e-09,-0.0672907897042859,0.24537362932633763,0.021113252575655966,0.046710986098864093,8.078902289964957e-05,-0.0002947915160493414,-0.07313309473638231,0.2701462049185356,0.017286447849680007,0.062497200557906425,-5.143067086098525e-10,-1.422975131370592e-09,-0.07926315097129767,0.29856437306789546
61.49,-0.07029044539183094,0.19999081283047837,0.02596569624481736,0.027510609831855187,-1.7918754759684397e-09,1.021635527327952e-09,-0.06782224992750129,0.247435650935425,0.02011540717098586,0.050296430950090204,7.922005407167725e-05,-0.00028897753971110306,-0.07313780516722118,0.27035164501855463,0.01640567081498866,0.06567783712812629,-5.084732381029773e-10,-1.4464164952314084e-09,-0.07871366206184795,0.29680747443985894
61.5,-0.07010145532816735,0.19963056889616795,0.02489843998914741,0.031343086974705246,-1.7944690917110568e-09,1.027686450804766e-09,-0.06832894610862583,0.2494104669969709,0.019122631254375442,0.053864006315367356,7.761906428450372e-05,-0.0002830755908988327,-0.07311548222385458,0.27045573262535183,0.015531496677415081,0.06883587428338518,-5.027844408588399e-10,-1.4693368983565022e-09,-0.0781345164533746,0.29491051823377734
61.51,-0.06989249983551643,0.19925141218664424,0.02383436076243644,0.03516203722322222,-1.7969602356515e-09,1.033375770089693e-09,-0.06881068196224989,0.251297302813522,0.01813528134691217,0.05741259651631648,7.598671439936662e-05,-0.00027709101266940235,-0.07306611683976255,0.27045805653299637,0.01466424093876845,0.07197015324478127,-4.972426061411475e-10,-1.4917251424598015e-09,-0.0775259055504425,0.2928740195906229
61.52,-0.06966361503164409,0.1988527229755583,0.022773840282008493,0.03896630071020948,-1.7993483517767764e-09,1.0387041350222607e-09,-0.06926727000800992,0.2530954282733708,0.01715371205707379,0.060941074328915795,7.432368007718051e-05,-0.00027102828900200915,-0.07298971012641232,0.27035824270669473,0.013804216711178366,0.07507951978231346,-4.918499839021548e-10,-1.5135710122296001e-09,-0.07688803470217041,0.2906986008891483
61.53,-0.06941483901621885,0.1984336350658135,0.021717258782088796,0.04275471284967239,-1.8016329051151724e-09,1.0436676790373549e-09,-0.06969853164601818,0.25480405410220747,0.01617827596751888,0.06444828872376758,7.263065121759791e-05,-0.0002648920242715095,-0.07288627343992825,0.2701549831346562,0.012951734601674996,0.07816282165550087,-4.86608757469648e-10,-1.534864361174162e-09,-0.07622112314210547,0.2883848768967147
61.54,-0.06914621195342503,0.1979933488892798,0.020664994897706887,0.04652611788683881,-1.8038134104644242e-09,1.0482661267907759e-09,-0.07010429722871432,0.256422573223331,0.015209323520436078,0.0679330873467144,7.090833136002799e-05,-0.0002586876011487886,-0.07275582847694734,0.269847494814995,0.012107102597147652,0.0812189126618512,-4.815210609699802e-10,-1.5555955548563967e-09,-0.0755254039188414,0.28593370594439554
61.550000000000004,-0.06885777615455825,0.197531115565454,0.01961742554906164,0.05027936377494661,-1.805889415540569e-09,1.052496933307293e-09,-0.07048440612165369,0.25795048335236337,0.014247202902274932,0.07139431504827394,6.915743703825974e-05,-0.00025241987208946725,-0.07259840735268416,0.2694353291154804,0.011270625949890083,0.08424665457206745,-4.765889803052267e-10,-1.5757556693793774e-09,-0.07480112380933102,0.2833461222557229
61.56,-0.06854957615868511,0.1970461240343969,0.018574925826921673,0.05401332030434513,-1.8078604951501037e-09,1.0563594110777189e-09,-0.07083870675787059,0.25938720626640904,0.013292259927474064,0.07483078937023148,6.737869714008353e-05,-0.00024609314351467276,-0.07241405266505573,0.26891761814332615,0.010442607063864639,0.08724491572288938,-4.71814526773374e-10,-1.595335820475275e-09,-0.07404854321447991,0.2806232969814362
61.57,-0.06822165881812034,0.1965374727889246,0.017537868879895363,0.0577268803970348,-1.8097262743678737e-09,1.0598518952655821e-09,-0.07116705669455384,0.26073214323526667,0.01234483791987641,0.07824129830004029,6.557285227291742e-05,-0.00023971191245856203,-0.07220281758191331,0.2682932024671459,0.009623345381711678,0.09021257286658908,-4.671996682391818e-10,-1.6143268701245412e-09,-0.07326793603799424,0.2777666121721907
61.58,-0.0678740733897503,0.19600425390531886,0.016506625803932178,0.06141895815899587,-1.811486404884824e-09,1.0629734517354722e-09,-0.07146932267475213,0.2619846141639278,0.011405277592248375,0.0816246330576793,6.374065410595443e-05,-0.00023328073115985674,-0.07196476594277783,0.26756118766826087,0.008813137272675615,0.09314851468460544,-4.627463058582048e-10,-1.6327217122171558e-09,-0.07245958954679131,0.27477762233978764
61.59,-0.06750687162813208,0.19544556840875157,0.015481565533355652,0.06508846850800333,-1.8131405847361077e-09,1.0657216173870108e-09,-0.07174538069383342,0.2631439283095132,0.010473916925318877,0.08497958294497987,6.188286470542405e-05,-0.00022680360989928605,-0.07169997234662043,0.2667208942830283,0.008012275921691575,0.09605164288133715,-4.584562883533386e-10,-1.6505123939418246e-09,-0.07162380421647419,0.2716579550765876
61.6,-0.06712010788130003,0.1948604177712079,0.014463054732772162,0.06873433976768656,-1.814688534881267e-09,1.0680963686199325e-09,-0.07199511607322341,0.26420922832415544,0.009551091046007026,0.08830491185869746,6.000025589252787e-05,-0.00022028414326738874,-0.07140852222814212,0.2657715021527499,0.0072210512197613186,0.09892087238627296,-4.5433139611187977e-10,-1.6676915565432356e-09,-0.07076089356771535,0.268409305335218
61.61,-0.06671383919720421,0.19424761079082772,0.01345145768992918,0.07235550894145938,-1.8161300205123516e-09,1.0700945571539319e-09,-0.07221842353854054,0.26517978792644764,0.00863713210394559,0.09159937025766797,5.8093608598812325e-05,-0.0002137265025573525,-0.07109051193913897,0.26471211410290557,0.006439749655771545,0.10175513528553651,-4.5037334678399757e-10,-1.6842516146286494e-09,-0.06987118399069389,0.26503360071676413
61.620000000000005,-0.06628812544013243,0.1936060030158628,0.012447136209027172,0.07595090514129084,-1.8174648485034253e-09,1.0717175076217653e-09,-0.07241520729213012,0.2660549594231758,0.007732369147337585,0.09486172464892816,5.6163712195764986e-05,-0.0002071345453853317,-0.07074604882627769,0.2635421626884826,0.005668654209925765,0.1045533799386764,-4.465838027319488e-10,-1.7001875027167758e-09,-0.06895501455444986,0.2615328423456195
61.63,-0.06584302940715726,0.19293449567924875,0.011450449504050131,0.07951946505588309,-1.8186928617792187e-09,1.0729603588451272e-09,-0.07258538108992801,0.2668337453263285,0.006837127999059911,0.09809073237365301,5.421136383871739e-05,-0.0002005113953645784,-0.07037525129043729,0.2622611997538733,0.00490804424877463,0.10731456940633921,-4.4296437046108967e-10,-1.7154914790114931e-09,-0.06801273680871146,0.25790900878785167
61.64,-0.06537861694765795,0.1922317852903199,0.01046175409252018,0.08306013192452945,-1.8198139330903959e-09,1.0738251765008863e-09,-0.07272886832962501,0.26751529154673315,0.005951731132577439,0.10128514893315771,5.2237367830472164e-05,-0.00019386050662878855,-0.06997824883545739,0.2608687187013851,0.004158195421974124,0.11003768874485899,-4.395165762806819e-10,-1.730159412210945e-09,-0.06704471457735571,0.2541643388933263
61.65,-0.06489495709282243,0.19149654114244682,0.009481403689541942,0.08657184296009995,-1.8208279767240406e-09,1.0743080698960348e-09,-0.07284560213292895,0.26809892987794604,0.005076497548218608,0.10444375026264291,5.0242534974770766e-05,-0.00018718521845384126,-0.06955518211036589,0.2593644415876258,0.003419379561067725,0.11272174392312324,-4.3624188818433796e-10,-1.7441846140552986e-09,-0.06605132373526403,0.2503012076879045
61.660000000000004,-0.06439212218730923,0.19072753488151958,0.008509749101430222,0.09005352721041882,-1.821734947998062e-09,1.0744104516418614e-09,-0.07293552541755272,0.2685839358844386,0.004211742651300484,0.1075653406254203,4.822768193084171e-05,-0.000180488473459706,-0.06910620293131023,0.2577484199789783,0.00269186458027156,0.11536575819853402,-4.3314171509645826e-10,-1.757563290038765e-09,-0.06503295197343965,0.24632198614869968
61.67,-0.06387018801743856,0.18992350175980022,0.00754713811894593,0.09350411785784708,-1.8225348412818026e-09,1.074127741683304e-09,-0.07299859097402449,0.2689694001428452,0.0033577781340546494,0.11064878894907605,4.619363058782414e-05,-0.00017377302922151158,-0.0686314742713995,0.25602107183510603,0.0019759143792647694,0.11796877872857531,-4.30217401673198e-10,-1.7702901894028861e-09,-0.06398999855495847,0.24222926177210774
61.68,-0.06332923394119064,0.18908310861013874,0.006593915410559495,0.09692254750318063,-1.8232276841868009e-09,1.073461522363368e-09,-0.07303476155041422,0.2692544888255873,0.0025149118627227143,0.1136930099894046,4.414120745397961e-05,-0.00016704146971983647,-0.0681311702195421,0.2541830229027591,0.0012717887483225294,0.1205298792323635,-4.2747022336526606e-10,-1.7823622074985353e-09,-0.06292287405446163,0.238025811590983
61.690000000000005,-0.06276934302145526,0.18820504705498373,0.00565042241551239,0.10030774040836363,-1.82381353761217e-09,1.0724094464148866e-09,-0.07304400992979351,0.26943860118333995,0.0016834477686987145,0.11669693484406826,4.2071243055957194e-05,-0.00016029622542834473,-0.06760547591804235,0.2522350205305044,0.0005797432759242753,0.12304815579119702,-4.2490138243096827e-10,-1.7937753136159216e-09,-0.06183200008356457,0.23371442728730907
61.7,-0.06219060215916745,0.18728801387070948,0.004716997236319146,0.10365861633670144,-1.8242925143065123e-09,1.070971129612e-09,-0.07302631899176677,0.269521231448149,0.0008636857418828891,0.11965951073332304,3.998457134941821e-05,-0.00015353950024109113,-0.06705458748706937,0.2501779101595237,-9.997074129954597e-05,0.12552272745161155,-4.2251203027420636e-10,-1.80452650840706e-09,-0.060717809010778584,0.22929793378319338
61.71,-0.061593102229714265,0.18633057297492553,0.0037939745302935303,0.10697407587755593,-1.8246647587565994e-09,1.0691439963730687e-09,-0.07298168178628442,0.2695011749988102,5.59215255149583e-05,0.1225796965179476,3.788202915234181e-05,-0.00014677303605051812,-0.06647871194314442,0.24801249654891847,-0.0007671063861511556,0.12795274220595806,-4.2030324404663543e-10,-1.8146134204299692e-09,-0.05958074367429827,0.22477932480626178
61.72,-0.06097693822582968,0.1853312845718139,0.002881685400031575,0.11025301933969214,-1.8249304474409434e-09,1.0669281300841922e-09,-0.07291010163272885,0.2693774659949501,-0.0007395533875792053,0.12545646787984438,3.576445560473542e-05,-0.0001399984239776255,-0.0658780671151337,0.24573966789255294,-0.0014214212057889713,0.13033737321202435,-4.1827603049079353e-10,-1.8240334914610228e-09,-0.0584212570845441,0.220161634877601
61.730000000000004,-0.060342209400857404,0.18428878510579128,0.0019804572838909265,0.11349435956566208,-1.825089805807751e-09,1.0643252228967637e-09,-0.07281159219904887,0.2691498504504823,-0.0015224518570259985,0.12828882167645445,3.3632691641046646e-05,-0.0001332172575319615,-0.06525288155204007,0.24336047097591013,-0.0020626772941574395,0.13267581561777378,-4.1643133481339703e-10,-1.8327849631380754e-09,-0.05723981212255066,0.2154478599909524
61.74,-0.0596890194119099,0.18320159175141257,0.001090613845428896,0.11669695570653346,-1.8251430933590463e-09,1.0613298525657385e-09,-0.07268617757101493,0.2688171029421357,-0.002292491195145213,0.13107576833522452,3.1487579479917805e-05,-0.00012643058633148198,-0.06460339442250107,0.24087591444435774,-0.0026906413718884364,0.13496729522329826,-4.147700314879089e-10,-1.8408663821006929e-09,-0.05603688123475427,0.21064114860086203
61.75,-0.059017476466579025,0.1820682456930731,0.00021247486023181906,0.11985966024105235,-1.825090613003776e-09,1.0579441001792586e-09,-0.07253389235441172,0.26837802987186804,-0.0030493932655101083,0.13381633747448896,2.9329962142307188e-05,-0.00011963934001176657,-0.0639298554099882,0.23828710604554987,-0.0033050848634881766,0.13721106266696953,-4.1329293693051823e-10,-1.8482766944617654e-09,-0.054812946120670954,0.20574466046409026
61.76,-0.058327693468445775,0.18088736187213497,-0.0006536438980310439,0.12298134552130725,-1.824932696975117e-09,1.0541694115191759e-09,-0.07235478177733135,0.2678320053765165,-0.0037928845795876867,0.13650958152779655,2.716068298457077e-05,-0.00011284450446144391,-0.0632325245994209,0.23559529791285572,-0.00390578397199786,0.1394063910981826,-4.120007872107494e-10,-1.8550152473969927e-09,-0.053568497418178,0.20076151751820343
61.77,-0.057619788157393416,0.1796575869499258,-0.0015074307721746711,0.1260608362123777,-1.8246697223853691e-09,1.050003312045962e-09,-0.07214890177931912,0.2671779011930125,-0.0045226963912501725,0.13915457311289028,2.4980585234161945e-05,-0.00010604700028082516,-0.06251167235170273,0.23280183930192386,-0.004492519751325034,0.1415525772554262,-4.108942568358875e-10,-1.8610812539051227e-09,-0.05230403439036938,0.19569484429931416
61.78,-0.05689388324523185,0.17837761832629323,-0.002348578339241183,0.12909691762373102,-1.8243021083082722e-09,1.045446192864741e-09,-0.07191631912343496,0.2664142874077651,-0.005238564789164489,0.1417504067211909,2.2790511528617126e-05,-9.924778937993203e-05,-0.06176757916717301,0.2299081911079694,-0.005065078176267899,0.1436489405333817,-4.0997395592005534e-10,-1.866474751567684e-09,-0.05102006461353911,0.19054774913217395
61.79,-0.05615010654709286,0.17704618543873574,-0.003176783530460098,0.13208839671169417,-1.8238303042450816e-09,1.04049979102199e-09,-0.07165711152075273,0.2655401356075435,-0.0059402307869725465,0.14429620052176545,2.0591303455411515e-05,-9.244788719875701e-05,-0.06100053553882551,0.2269159053135355,-0.0056232502101983715,0.14569482488101115,-4.09240416799719e-10,-1.8711958975355744e-09,-0.04971710366585896,0.18532334239138828
61.800000000000004,-0.05538859111048497,0.17566200663872195,-0.003991747751697769,0.13503405511312921,-1.8232548071743421e-09,1.0351636311247417e-09,-0.07137136774290809,0.2645543555813052,-0.0066274404111807145,0.14679109504785345,1.8383801095909386e-05,-8.564819116215874e-05,-0.06021084179745435,0.22382657857597238,-0.006166831870242736,0.14768960159196398,-4.0869411729222324e-10,-1.8752445839318297e-09,-0.04839567481495418,0.18002477752399904
61.81,-0.05460947534449233,0.1742237894517669,-0.0047931770056180035,0.1379326456557553,-1.8225761554449662e-09,1.029439685836375e-09,-0.07105918773319163,0.26345574652962644,-0.007299944786780723,0.14923425343422114,1.6168842582553996e-05,-7.884947645536173e-05,-0.0593988079515444,0.22064184832842026,-0.00669562428977522,0.14963266961136054,-4.0833546421035614e-10,-1.878622542779479e-09,-0.04705630870202624,0.1746552499521993
61.82,-0.05381290314872473,0.17273027065564614,-0.005580782015020971,0.1407829452877829,-1.8217949101431882e-09,1.0233285223375138e-09,-0.07072068271415106,0.2622434374500176,-0.007957500220543924,0.15162486375859227,1.394726366923877e-05,-7.205253954789598e-05,-0.05856475352193306,0.21736342797855987,-0.007209433778224222,0.1515234532639977,-4.081647858811583e-10,-1.881330131740248e-09,-0.04569954302298078,0.1692179575711347
61.83,-0.052999024040751894,0.17118019298423606,-0.0063542783459257434,0.14358371910235537,-1.820911685139327e-09,1.0168329346498677e-09,-0.07035597528014628,0.2609165883831657,-0.008599868281888847,0.15396213839784734,1.1719897312098064e-05,-6.525810154453346e-05,-0.05770900737041412,0.2139930797891161,-0.007708071878248603,0.15336140384032498,-4.0818235178468323e-10,-1.883368503509529e-09,-0.04432592220787081,0.1637161224179344
61.84,-0.052167993281603424,0.16957233017381348,-0.007113386529787006,0.1463337637583009,-1.8199271344931626e-09,1.0099547327794553e-09,-0.0699651994729578,0.25947464789996266,-0.009226815881263941,0.1562453154489261,9.48757326060324e-06,-5.8466901624663194e-05,-0.056831907522311376,0.21053263503758654,-0.008191355420302167,0.1551459979417614,-4.0838837609986155e-10,-1.884739848802667e-09,-0.04293599709912336,0.1581529658939077
61.85,-0.05131997199803563,0.16790550404180501,-0.007857832182356167,0.14903194173174386,-1.8188419367380973e-09,1.0026966889824177e-09,-0.0695485008286906,0.25791751351261843,-0.009838115345952306,0.1584736598882267,7.25111765517193e-06,-5.167976072846395e-05,-0.055933800982180246,0.2069840061681511,-0.00865910657467959,0.15687673608460206,-4.0878298106368204e-10,-1.885445498459795e-09,-0.04153032462987503,0.1525316918190668
61.86,-0.050455127299277765,0.16617861503045264,-0.008587346114377793,0.1516772545073436,-1.8176568227889573e-09,9.950631569746453e-10,-0.06910603637339233,0.2562458417047174,-0.010433544493162784,0.16064646521235268,5.011352623829601e-06,-4.489770656698985e-05,-0.0550150435408739,0.203349211769246,-0.009111152901229722,0.1585531399912392,-4.09366244619066e-10,-1.885488101883175e-09,-0.04010946750464918,0.14685545691724497
61.870000000000005,-0.0495736323872419,0.16439061532919214,-0.009301664431428507,0.1542687908113538,-1.816372554953225e-09,9.870563233016724e-10,-0.06863797455918874,0.2544607148942235,-0.011012886700324553,0.16276305275828834,2.769095874693165e-06,-3.812185805750024e-05,-0.054075999573444784,0.19963034586926776,-0.009547327396842288,0.16017475437731232,-4.1013816279940007e-10,-1.8848688122492275e-09,-0.03867399388339221,0.141127395978337
61.88,-0.04867566666192253,0.16254047647266648,-0.010000528626114237,0.1568056584180895,-1.8149899307404725e-09,9.786815073550959e-10,-0.06814449516330902,0.2525632510481321,-0.011575930972623768,0.1648227704950936,5.251602923295347e-07,-3.13532865279074e-05,-0.053117041830009405,0.19582954211714276,-0.009967468540595952,0.1617411494687215,-4.110986727125196e-10,-1.8835910884139083e-09,-0.03722447706727999,0.1353506520355969
61.89,-0.04776141582387468,0.16062719720430377,-0.010683685666694278,0.15928699457400275,-1.8135097835603164e-09,9.699415057497886e-10,-0.06762578917405722,0.25055466187166825,-0.012122472007850186,0.16682499320497404,-1.7196464548978034e-06,-2.4593099138966323e-05,-0.05213855122186401,0.19194897671570132,-0.010371420336429349,0.16325192031546376,-4.1224764001969453e-10,-1.8816572645574555e-09,-0.035761495184547624,0.12952836843443952
61.9,-0.04683107197401593,0.1586498037299177,-0.011350888083120942,0.16171196097272977,-1.811932990571934e-09,9.608420509038338e-10,-0.06708205866953168,0.24843622168449456,-0.012652310258587181,0.16876912187926288,-3.964522301606224e-06,-1.784257077282547e-05,-0.051140916603564276,0.18799086346290084,-0.010759032353335977,0.16470668623203535,-4.13584869855628e-10,-1.87907354908893e-09,-0.03428563087614751,0.12366368864442763
61.910000000000004,-0.04588483371051729,0.15660735197309028,-0.012001894050404029,0.16407974805059306,-1.8102604673345064e-09,9.513861918608058e-10,-0.06651351668907277,0.24620928053965907,-0.01316525199172086,0.17065458537124592,-6.208671163583792e-06,-1.1102818621985777e-05,-0.05012453455116839,0.18395745338696162,-0.01113015976443559,0.1661050483309543,-4.1511010865591066e-10,-1.8758640936476163e-09,-0.032797470981412634,0.11775975583630331
61.92,-0.044922906222596384,0.1544989297861575,-0.012636467469228377,0.16638957366542065,-1.808493149652935e-09,9.415806299895267e-10,-0.06592038709767627,0.24387525548093647,-0.013661109345219911,0.17248083970146505,-8.451303288664688e-06,-4.3746374791998935e-06,-0.04908980913686068,0.17985103146786918,-0.011484663385741908,0.16744663125839737,-4.168230191867006e-10,-1.8720164547537934e-09,-0.031297606223922025,0.11181970730251235
61.93,-0.04394550138099304,0.1523236592075602,-0.01325437804376674,0.16864068434198853,-1.80663202102119e-09,9.314298682756136e-10,-0.0653029044434788,0.2414356326675613,-0.014139700382183854,0.17424736819893322,-1.069163557316853e-05,2.3412332085483174e-06,-0.04803715170018686,0.17567391463967827,-0.011822409712167576,0.16873112326309192,-4.187232217115869e-10,-1.8675221797402574e-09,-0.029786630898067868,0.10584666746129293
61.940000000000005,-0.04295283782494702,0.15008069722849002,-0.013855401356619949,0.1708323563250187,-1.8046781021213742e-09,9.209370337338911e-10,-0.06466131380850212,0.23889196352046985,-0.014600849142127973,0.1759536827468054,-1.2928891860558767e-05,9.043880595808954e-06,-0.04696698061612613,0.17142844977343535,-0.012143270949065267,0.16995824051694025,-4.2081026090164955e-10,-1.8623907140998556e-09,-0.028265142556768583,0.09984374823349544
61.95,-0.041945141045505216,0.14776923882219375,-0.014439318940815637,0.17296389534107132,-1.8026324298660864e-09,9.101089157670972e-10,-0.06399587065282904,0.23624586394850203,-0.015044385689469683,0.17759932284449595,-1.5162303234474389e-05,1.5732352164646285e-05,-0.04587972106021391,0.16711701122930162,-0.01244712504048557,0.17112772028157341,-4.2308361040780775e-10,-1.8566231972059507e-09,-0.026733741700505277,0.09381404718736014
61.96,-0.040922643464925246,0.14538851913128567,-0.015005918348853495,0.17503463668869,-1.8004960989870786e-09,8.989498398636451e-10,-0.06330684065239521,0.23349901202716486,-0.015470146159248233,0.17918385528924222,-1.73911083010013e-05,2.240572356669106e-05,-0.04477580477095217,0.16274199845001366,-0.012733855695123709,0.17223932320762897,-4.255426983196665e-10,-1.8502247461484025e-09,-0.025193031467847158,0.08776064484165487
61.97,-0.03988558451195113,0.14293781537937827,-0.015554993218785586,0.1770439456356771,-1.7982702253173022e-09,8.874662043144649e-10,-0.06259449953058177,0.230653146256159,-0.015877972800112314,0.18070687415436132,-1.961455345586547e-05,2.9063060259259167e-05,-0.043655669809742635,0.15830583369369616,-0.013003352410032417,0.1732928315029845,-4.281868815697075e-10,-1.8431996215663955e-09,-0.023643617327709532,0.08168660231516091
61.980000000000004,-0.03883421069276308,0.14041644885003682,-0.01608634333730438,0.17899121759859585,-1.7959559510432712e-09,8.756634095670873e-10,-0.06185913288380633,0.22771006341990307,-0.01626771401459035,0.1821680005679082,-2.1831893135666578e-05,3.5703430949559594e-05,-0.04251976031857507,0.15381095969641254,-0.013255510492140575,0.17428804913291104,-4.310154473540295e-10,-1.8355518694907458e-09,-0.02208610677358818,0.07559495890497603
61.99,-0.037768775657408826,0.13782378676841864,-0.016599774699815995,0.1808758783567618,-1.7935544605634065e-09,8.635477110555914e-10,-0.06110103600131545,0.2246716165505486,-0.016639224396660216,0.18356688252757,-2.4042390053981472e-05,4.232589512582994e-05,-0.04136852627570118,0.14925983736851253,-0.01349023107762976,0.17522480096625864,-4.340276245772918e-10,-1.827286616726648e-09,-0.020521109020006242,0.06948872981240459
62.0,-0.03668954026152961,0.13515924416684647,-0.017095099567480506,0.18269738417368656,-1.7910669686223285e-09,8.511254118676091e-10,-0.06032051367938823,0.2215397127489696,-0.01699236476664033,0.18490319463542815,-2.6245315422250866e-05,4.8929503528278973e-05,-0.040202423249526074,0.14465494347905003,-0.013707421149218284,0.17610293241405986,-4.3722258581504877e-10,-1.8184077512577437e-09,-0.01894923470140282,0.06337090390883242
62.01,-0.035596772623196875,0.13242228569226588,-0.017572136521206178,0.1844552218889379,-1.7884947172108775e-09,8.384024905323589e-10,-0.05951788003016684,0.21831631099294568,-0.017327002203427783,0.1861766378126689,-2.843994915540335e-05,5.5513292168462826e-05,-0.039021912150947344,0.13999876835604885,-0.013906993551407346,0.17692230879118684,-4.4059943471702505e-10,-1.8089211332792031e-09,-0.01737109557368398,0.05724444159828016
62.02,-0.0344907481746785,0.1296124273770959,-0.018030710512590593,0.1861489089474636,-1.785838979305619e-09,8.253855164259484e-10,-0.05869345828533445,0.2150034198737093,-0.017643010074112946,0.18738693896520323,-3.06255800630633e-05,6.207627967921458e-05,-0.03782745898437212,0.13529381359450568,-0.014088867003743816,0.17768281479012582,-4.4415721775753385e-10,-1.7988303883452285e-09,-0.015787304218649933,0.05111227274965653
62.03,-0.033371749708963123,0.12672923838094605,-0.018470652911805618,0.18777799336824444,-1.7831010633670225e-09,8.120811964828743e-10,-0.05784758059486647,0.21160309529144117,-0.017940268061004946,0.18853385060289657,-3.280150602644239e-05,6.861746338209295e-05,-0.03661953459764099,0.13054258978514077,-0.014252966112157425,0.17838435387143975,-4.47894928762025e-10,-1.7881417623953039e-09,-0.014198473751503439,0.044977294708973006
62.04,-0.03224006742085553,0.12377234311431178,-0.018891801552440607,0.18934205333698242,-1.7802822917107946e-09,7.984951604438225e-10,-0.05698058782109096,0.20811743798390586,-0.0182186621861154,0.1896171501086553,-3.49670341608889e-05,7.513581377173223e-05,-0.03539861443108158,0.1257476143422012,-0.014399221378441667,0.17902684731763885,-4.5181147524786164e-10,-1.7768594455409274e-09,-0.012605217531641467,0.03884237027884959
62.050000000000004,-0.03109599894238554,0.12074142510844743,-0.019294000773379692,0.19084069540027845,-1.7773840341363014e-09,7.846354741385299e-10,-0.05609282932831676,0.20454859052638116,-0.018478084833208,0.1906366376831433,-3.7121480966585175e-05,8.163022729065294e-05,-0.03416517826590208,0.12091140967992148,-0.014527569208043593,0.17961023080058008,-4.559057379052487e-10,-1.7649886686745673e-09,-0.011008148876942861,0.032710325298642116
62.06,-0.029939849372339653,0.11763622581502,-0.019677101457749514,0.1922735564561262,-1.7744076765730193e-09,7.705074583359055e-10,-0.0551846627682736,0.20089873575886807,-0.01871843476747982,0.1915921379640815,-3.9264172468669245e-05,8.809954881853138e-05,-0.032919709972144405,0.11603650041124283,-0.01463795191628726,0.1801344564113596,-4.6017651877451684e-10,-1.7525347178039359e-09,-0.009407880781739798,0.026583947658927035
62.07,-0.02877193129992382,0.11445654370843594,-0.02004096106882462,0.19364030536800364,-1.771354636612736e-09,7.561183691506478e-10,-0.05425645386155849,0.19717009498080143,-0.01893961715279606,0.19248350128218664,-4.1394444345041085e-05,9.454263863571083e-05,-0.03166269725644986,0.11112541075826879,-0.014730317732904077,0.18059949572864437,-4.6462256841075683e-10,-1.7395026178824182e-09,-0.007805025638603369,0.020465986273519334
62.08,-0.027592564822523542,0.11120223775316586,-0.020385443682828276,0.19494064114220894,-1.7682263507823506e-09,7.414746931242072e-10,-0.053308576175304725,0.19336492489466878,-0.019141543566446376,0.19331060163650102,-4.3511642038594636e-05,0.00010095834888703824,-0.030394631409871364,0.10618066280844489,-0.01480462080476784,0.18100533693352774,-4.692425796633967e-10,-1.7258983508392633e-09,-0.006200194964081208,0.014359148971521966
62.09,-0.026402077557348472,0.10787322934412781,-0.02071042001870848,0.19617429221879693,-1.765024290033363e-09,7.265832606860454e-10,-0.052341410897338216,0.1894855149758161,-0.0193241320115272,0.19407333576391914,-4.5615120853716435e-05,0.00010734554456109322,-0.02911600705593464,0.10120477449362719,-0.014860821196964935,0.18135198321427115,-4.740351796280654e-10,-1.7117265673983473e-09,-0.004593999128558784,0.008266100858183311
62.1,-0.025200804646761218,0.10446950355590509,-0.02101576746496841,0.19734101620978542,-1.7617499407427718e-09,7.114509467109408e-10,-0.05135534660709051,0.18553418500726265,-0.01948730692705556,0.19477162248448024,-4.770424602057855e-05,0.00011370360761133277,-0.027827321899143703,0.09620025750572951,-0.014898884892348249,0.1816394523658016,-4.789989448856725e-10,-1.6969933772158214e-09,-0.00298704709041221,0.002189462939446797
62.11,-0.023989088757133487,0.1009911110067201,-0.02130137010360254,0.19844059910438752,-1.7584048326995906e-09,6.960832988089269e-10,-0.05035077904351396,0.18151328261400101,-0.019630999196565527,0.19540538002189514,-4.977839242532348e-05,0.00012004142548750744,-0.02652907647405874,0.09116961792060763,-0.014918783789657449,0.18186777575441257,-4.841324078902036e-10,-1.6817036097067815e-09,-0.001379946134585677,-0.003868189087783607
62.120000000000005,-0.022767280071052633,0.09743817007073119,-0.021567118731215203,0.19947285423092584,-1.7549904959273218e-09,6.804876822774368e-10,-0.04932811087024611,0.17742518086883388,-0.01975514615766223,0.19597448251140334,-5.1836944144659436e-05,0.00012635819734128378,-0.025221773894849035,0.08611535954021492,-0.01492049570030184,0.18203699712472185,-4.89434020657115e-10,-1.6658631071794052e-09,0.00022669838428656462,-0.009904325798617842
62.13,-0.021535736272698083,0.09381086780444817,-0.02181291087740263,0.2004376217921786,-1.7515084945953072e-09,6.646710498250238e-10,-0.048287751438270556,0.17327227563522865,-0.019859691611642815,0.19647887296163644,-5.387929459824255e-05,0.00013264203596909338,-0.023905919605656568,0.0810399673742666,-0.014904004343850124,0.18214717371399267,-4.949022020702569e-10,-1.649476066684786e-09,0.0018322832940964881,-0.015916465611022626
62.14,-0.02029482252590405,0.09010947299778496,-0.022038650820716245,0.20133475998389955,-1.7479604172899826e-09,6.486399109174755e-10,-0.04723011654633904,0.16905698283441906,-0.01994458582911229,0.19691854227014038,-5.59048471694865e-05,0.00013888932521865334,-0.02258202113258948,0.07594590525888473,-0.014869299347736498,0.18219819675540047,-5.005353038565433e-10,-1.6325459825565026e-09,0.0034362078533105925,-0.021902155566005603
62.15,-0.019044911444460567,0.08633432931505625,-0.022244249602492026,0.20216415027499662,-1.744347869809886e-09,6.324008968785924e-10,-0.0461556281994998,0.16478173323235962,-0.02000978555165166,0.19729348865711396,-5.791301552906109e-05,0.0001450995051057554,-0.021250587837522643,0.0708356246307793,-0.014816376264395413,0.18218964983507363,-5.063316272553643e-10,-1.6150739080232029e-09,0.005037873996145146,-0.027858959258588823
62.160000000000004,-0.01778638305535361,0.08248583514761743,-0.02242962503800966,0.20292571198626036,-1.740672479174396e-09,6.159616668101453e-10,-0.045064714365980585,0.16044897444040795,-0.020055253991078128,0.19760374611229248,-5.9903223668218345e-05,0.0001512708023229188,-0.019912130673483845,0.06571155921105747,-0.014745236595535725,0.18212148377438675,-5.122894173748974e-10,-1.597065426161069e-09,0.0066366865735994485,-0.033784529632144726
62.17,-0.016519624755712944,0.07856445547230802,-0.022594701724420824,0.20361939379467392,-1.7369358991557387e-09,5.993284113195579e-10,-0.043957808732509124,0.15606116841461062,-0.020080960826213048,0.19784936755463978,-6.187490591483483e-05,0.0001574015612721517,-0.018567161941791595,0.060576122422248954,-0.014655887798743756,0.18199383133219196,-5.184068757279481e-10,-1.578526381356979e-09,0.008232053587601047,-0.039676589055358084
62.18,-0.015245031263024338,0.07457073011722601,-0.02273941104576801,0.20424516753778207,-1.7331397893957518e-09,5.825075395745777e-10,-0.04283535045830606,0.15162078657249956,-0.02008688219750639,0.19803042227252227,-6.382750696192902e-05,0.000163489887763087,-0.0172161950512008,0.05543170657951124,-0.014548343279681067,0.1818067659681406,-5.246821332769897e-10,-1.559465281552431e-09,0.009823386418526325,-0.045532906044237646
62.190000000000005,-0.013963004557840431,0.07050527792115131,-0.022863691175682408,0.20480302453518678,-1.7292858442386635e-09,5.655058023209606e-10,-0.04169778392815426,0.14713030621850015,-0.02007300070016028,0.19814698995912172,-6.576048194383671e-05,0.00016953223988979625,-0.01585974427919386,0.05028068130846041,-0.014422622382745463,0.18156038945295858,-5.31113284836643e-10,-1.5398814200549742e-09,0.01141010004720367,-0.05135130937588233
62.2,-0.012673953818221315,0.06636880998926573,-0.022967487078330403,0.2052929669448779,-1.7253757642402993e-09,5.483276039377369e-10,-0.040545558504713926,0.14259221361764615,-0.02003930537649098,0.1981991479680331,-6.767329662446205e-05,0.00017552383850473737,-0.014498324535805877,0.045125384257883316,-0.014278750406287294,0.18125400066120717,-5.376983598924483e-10,-1.5195962269609527e-09,0.01299161327430962,-0.05712958639318607
62.21,-0.01137829534611189,0.06216209902154876,-0.023050750507477135,0.205715028248036,-1.7214112742276916e-09,5.309820399631282e-10,-0.039379128280224246,0.13800899721837603,-0.01998579170746846,0.19818699743834495,-6.956542761621477e-05,0.00018146157188455501,-0.013132451130250045,0.0399681278952831,-0.01411675866952231,0.1808864901115101,-5.444353275630915e-10,-1.4987286392877305e-09,0.014567348940330087,-0.0628655334616421
62.22,-0.010076452486967064,0.05788597749259928,-0.02311344000279736,0.20606927415823506,-1.7173941107857117e-09,5.134737434864939e-10,-0.038198951827915245,0.13338314577589222,-0.01991246160377185,0.19811061871457725,-7.143636197679162e-05,0.00018736029296288179,-0.011762639540014767,0.03481120550386257,-0.013936684588229852,0.18045763094206835,-5.513220853289795e-10,-1.4771936891235455e-09,0.016136734141143236,-0.06855710075801569
62.230000000000004,-0.008768855541894093,0.05354138366698925,-0.023155520883993905,0.20635576990091395,-1.7133260331401156e-09,4.95805121325741e-10,-0.03700549195332308,0.12871714941726525,-0.019819323413444077,0.19796957244675525,-7.328559583626723e-05,0.0001932361404984377,-0.010389405180648268,0.029656935010339835,-0.013738571781915634,0.1799650260588491,-5.583564681411598e-10,-1.4546378595460245e-09,0.01769920044128975,-0.07420206130323843
62.24,-0.00745594167152843,0.04912931474164542,-0.02317696524343711,0.20657460888955723,-1.7092088105124597e-09,4.77988125988082e-10,-0.03579921544580599,0.1240134899420274,-0.019706391948252924,0.19776365803593818,-7.511263442878302e-05,0.00019904582692130223,-0.009013263176340134,0.02450758101403713,-0.013522470300013278,0.17940532911557833,-5.655361945288798e-10,-1.430514745936232e-09,0.019254184093918714,-0.0797981561657673
62.25,-0.006138154793336789,0.04465081733658358,-0.023177751936374287,0.20672591860313572,-1.7050442314590316e-09,4.6003048994028074e-10,-0.034580592830779196,0.11927463855369996,-0.01957368849878173,0.19749299069127021,-7.691699348671022e-05,0.0002047958657393109,-0.007634728134677429,0.019365342404521115,-0.013288436993765463,0.1787733815615799,-5.728588419121286e-10,-1.4051286973216406e-09,0.020801126269092182,-0.08534301978402993
62.26,-0.004815945472006175,0.04010704376326335,-0.02315786656860404,0.20680983612584025,-1.7008340967659394e-09,4.4193284376976917e-10,-0.03335009812271683,0.11450306356019871,-0.019421240869690142,0.19715637412263087,-7.869819717134155e-05,0.00021056313661977206,-0.006254313921939699,0.014232540448704048,-0.013036535887769771,0.17806754275390424,-5.803218777879127e-10,-1.3790900753343469e-09,0.02233947327577719,-0.09083468241491448
62.27,-0.003489770800680989,0.03549924013032119,-0.023117301482839324,0.20682650389587148,-1.696580218968348e-09,4.236980074082999e-10,-0.032108208578866815,0.10970122114291535,-0.019249083495369114,0.196751903652927,-8.045577194029549e-05,0.00021641154262500486,-0.004872533432297002,0.009111540964063818,-0.012766838345775008,0.17728836946876916,-5.879226959385995e-10,-1.3524289382039974e-09,0.023868676757913744,-0.09627144954497832
62.28,-0.002160094273032477,0.03082873009747153,-0.02305605574446028,0.20677606940117862,-1.6922844307949429e-09,4.053311226260677e-10,-0.030855404454198952,0.10487154848586472,-0.019057257729459626,0.1962740142773392,-8.218923582365509e-05,0.00022252940710760938,-0.0034898983418829954,0.004005050800678907,-0.012479423080161053,0.17643571582708575,-5.956586204564941e-10,-1.3251401352730504e-09,0.025388193869311897,-0.10165161913841149
62.29,-0.0008273856477859083,0.02609689671035968,-0.02297413512683559,0.2066586826569652,-1.6879485702182384e-09,3.86837513273333e-10,-0.029592168758031646,0.10001646638512615,-0.018845812358569806,0.19571618691861495,-8.389809232622059e-05,0.00022876415866159632,-0.0021069188436879938,-0.0010841755736079061,-0.012174376140399937,0.17550983483893803,-6.035269188192595e-10,-1.297241714391809e-09,0.02689748744036669,-0.10697359030182146
62.300000000000004,0.0005078791934704387,0.021305194927241578,-0.02287155209535847,0.2064745281069535,-1.6835744916402534e-09,3.6823206656259994e-10,-0.02831898701204266,0.09513838910148362,-0.018614804061501067,0.19507753721467253,-8.55818377689035e-05,0.00023499297611853065,-0.0007241033927144141,-0.006154010283046255,-0.011851790900042056,0.1745108387687625,-6.115247958633869e-10,-1.2687468595155096e-09,0.02839602613857632,-0.1122358060573094
62.31,0.001845218396078673,0.01645517146103079,-0.02274832578861147,0.2062238266150248,-1.6791640592010795e-09,3.4953431320803766e-10,-0.027036347009311037,0.09023971851029329,-0.018364297566518507,0.19435855931972604,-8.723996920448264e-05,0.00024124459271610167,0.0006580415132509574,-0.011202507043379899,-0.011511768038550413,0.17343897668653596,-6.19649398864669e-10,-1.2396669264373388e-09,0.02988328462268111,-0.11743678119757159
62.32,0.0031841442906868664,0.011548457156305822,-0.022604482000790172,0.20590667799498824,-1.6747191484078344e-09,3.3075884385101493e-10,-0.0257447385741912,0.08532285395763073,-0.01809436564483736,0.19355924213660652,-8.887198572297148e-05,0.0002475003087231126,0.0020390115317085447,-0.016227713571735598,-0.01115441551944419,0.17229448844388107,-6.278978161027591e-10,-1.2100120337946466e-09,0.03135874369053966,-0.12257509024720122
62.33,0.00452416356038147,0.006586772720560398,-0.022440053343541853,0.20551753945632736,-1.6702416888217899e-09,3.104659867127238e-10,-0.02444465330384204,0.08039080145626266,-0.017805089092625653,0.19267987275626697,-9.047738818510286e-05,0.00025377113702096437,0.0034183046679612072,-0.02122775117228567,-0.010779848564661458,0.17107766359495916,-6.362670778607962e-10,-1.1797934774802312e-09,0.03282189042061578,-0.1276493730297869
62.34,0.005864777413499081,0.0015718249353165238,-0.022255079792719137,0.20504750265049476,-1.6657336723770708e-09,2.9037288882955613e-10,-0.023136584276801316,0.07544666586758111,-0.01749655670962867,0.19172069397790617,-9.205567873615654e-05,0.00026005787764385235,0.004795421462394829,-0.026200796883986334,-0.0103881896241685,0.1697888720787677,-6.447541594129444e-10,-1.1490133626277194e-09,0.034272218307541326,-0.13265831852592835
62.35,0.007205481756945849,-0.003494698702942699,-0.022049609226148563,0.20449694660736462,-1.6611970955214276e-09,2.707874135355492e-10,-0.021821025777397182,0.07049249298353805,-0.017168865264229685,0.19068226805836697,-9.360636042610923e-05,0.00026635512130063443,0.0061698651700056876,-0.03114514294392811,-0.009979568337334986,0.1684285901954371,-6.533559764035136e-10,-1.1177140791619255e-09,0.03570922739212246,-0.13760067501425827
62.36,0.008545767366090636,-0.008611182783789542,-0.021823697532177236,0.20386745137477139,-1.656633944065904e-09,2.5097198743876317e-10,-0.020498473066030615,0.06553047403507392,-0.016822119409537026,0.18956626117945186,-9.512893777769587e-05,0.0002726430942914916,0.007541141923606404,-0.0360593905485418,-0.009554121482060701,0.16699746947721578,-6.620694019458573e-10,-1.0860874694667996e-09,0.03713242438412347,-0.14247529820061977
62.370000000000005,0.00988512005040652,-0.013776022979495204,-0.02157740852796849,0.20315889562343126,-1.6520461931827983e-09,2.312866609323496e-10,-0.019169422157704948,0.06056297825285455,-0.016456431533964623,0.1883744911844986,-9.662291797371158e-05,0.00027890886741564026,0.008908760879923464,-0.040942127050232154,-0.009111992880532589,0.16549721816046128,-6.70891291506315e-10,-1.0546546940663387e-09,0.03854132276763331,-0.14728139816306732
62.38,0.011223020820309005,-0.01898751357711708,-0.02131081391238417,0.20237199099602363,-1.6474358123940497e-09,2.115407000479993e-10,-0.017834369594691955,0.05559218718169573,-0.016071921604229537,0.18710807240437932,-9.808781219674685e-05,0.0002851327475075997,0.010272234365984274,-0.04579175481314343,-0.008653333258381562,0.1639292514418678,-6.798184921768849e-10,-1.023099475506151e-09,0.039935442887375966,-0.15201816645090022
62.39,0.012558946065320237,-0.02424373804493445,-0.021023993225267962,0.20150699791453552,-1.642804772064305e-09,1.9177518834283307e-10,-0.01649381222284703,0.050620350856413206,-0.015668717051336985,0.18576775488983505,-9.95231367389341e-05,0.00029130883459180544,0.011631078033348272,-0.050606726970833876,-0.008178300100041872,0.162294900103296,-6.888478511381725e-10,-9.915847146789694e-10,0.04131431203124045,-0.15668471970528022
62.4,0.013892367750360247,-0.02954259509680268,-0.02071703380738758,0.20056434433254605,-1.6381550648149925e-09,1.7195134093976166e-10,-0.015148246971487441,0.04564961450635649,-0.015246952681165061,0.1843545247122121,-0.0001009284136095667,0.00029742968367296957,0.012984811011612295,-0.055385557280279996,-0.00768705751725337,0.16059539165667636,-6.97976224374474e-10,-9.598349399201027e-10,0.042677464514085287,-0.16128026500890708
62.410000000000004,0.01522275363180098,-0.03488177318228997,-0.02039003076575751,0.19954430460307124,-1.633488666366076e-09,1.5204450492078345e-10,-0.013798170637858027,0.040682098728665635,-0.014806770590313528,0.1828690528332329,-0.00010230317110271087,0.0003034827404779011,0.014332956057322174,-0.0601267790020615,-0.007179776143373396,0.15883133658682005,-7.072004193350239e-10,-9.27629891090638e-10,0.04402444176139776,-0.16580391735513506
62.42,0.01654956749238412,-0.04025880322335903,-0.02004308694211951,0.19844718931938146,-1.6288075665557076e-09,1.3203625763079793e-10,-0.012444079675805545,0.035719894344654606,-0.014348320100111398,0.18131177490572414,-0.00010364694438337818,0.0003094640066784943,0.015675039699618858,-0.06482896142128332,-0.006656633060467398,0.15700333662550114,-7.165172163615413e-10,-8.950933398662569e-10,0.04535479239492158,-0.17025481741529178
62.43,0.017872269390827485,-0.04567112548560457,-0.019676312882772835,0.197273305611581,-1.6241137688571308e-09,1.1194131258545233e-10,-0.011086469988251161,0.03076503229801177,-0.01387175770522903,0.17968323149469648,-0.00010495927573308114,0.0003153701664110229,0.017010592382409855,-0.06949071626562697,-0.006117811727236367,0.1551123752062864,-7.259233667019235e-10,-8.624422416273378e-10,0.046668072314089884,-0.17463225993934026
62.440000000000005,0.01919031592057728,-0.05111612828530592,-0.019289826805937393,0.19602302287472384,-1.6194092743443908e-09,9.177589696014775e-11,-0.009725836724697358,0.0258194953393278,-0.013377247021289482,0.1779839782280167,-0.00010623971463410468,0.00032119664787219826,0.018339148602624304,-0.07411069146855685,-0.005563501887815081,0.1531594503524515,-7.354155985294521e-10,-8.295125479522459e-10,0.04796384476769898,-0.1789355929295092
62.45,0.020503160476587914,-0.05659107974587048,-0.018883754566160215,0.19469670885942467,-1.614696116589665e-09,7.152155903670563e-11,-0.00836267408357669,0.020885224773670018,-0.01286495872892692,0.1762145945060309,-0.00010748781792717258,0.0003269381336671933,0.019660247043904216,-0.07868759796241612,-0.004993899481850636,0.1511452509113791,-7.449906262920052e-10,-7.961590795867724e-10,0.04924168042032999,-0.18316415077819856
62.46,0.021810253531712922,-0.062093160424122884,-0.01845822961670482,0.1932947594211081,-1.6099763045760015e-09,5.118363349009082e-11,-0.006997475118772773,0.01596412393757863,-0.01233507051575121,0.17437567978366236,-0.00010870314994862656,0.00033259206689180106,0.020973430704517338,-0.08322021025387281,-0.004409206569149517,0.1490704789613822,-7.546451023979585e-10,-7.624761152792354e-10,0.050501157417454694,-0.1873172982054291
62.47,0.023111042922141094,-0.06761947310442507,-0.018013392969745197,0.19181759754383246,-1.6052518766659118e-09,3.076516180132961e-11,-0.005630731550474735,0.011058042741925131,-0.011787767012373352,0.1724679785468994,-0.00010988528244172333,0.0003381593956911116,0.022278247018948094,-0.08770736564056397,-0.0038096312585282153,0.14693587701237737,-7.643756629604919e-10,-7.284251011968761e-10,0.051741861447436116,-0.19139446109093985
62.480000000000004,0.02440497414145211,-0.07316701973722815,-0.0175493931542381,0.1902656599931707,-1.6005248714899754e-09,1.0263252305845356e-11,-0.004262933581021549,0.006168779107837623,-0.011223239721321072,0.17049222063828787,-0.00011103379456898657,0.00034363058116641565,0.02357424797379862,-0.09214794486251596,-0.0031953876340976013,0.14474219743824684,-7.741788977562319e-10,-6.940277976084315e-10,0.052963385798248504,-0.19539511930773293
62.49,0.02569149064332922,-0.0787327306885656,-0.017066386171622944,0.18863941442329585,-1.595797337613225e-09,-1.0315639008445496e-11,-0.002894569715864789,0.0012980824205029173,-0.010641686945426432,0.16844908349030258,-0.00011214827328246037,0.0003489991861287539,0.024860990219180985,-0.09654086536852437,-0.0025666956791088238,0.1424902298958681,-7.840513700528976e-10,-6.592908273270266e-10,0.054165331408860554,-0.19931880022168777
62.5,0.026970034151937394,-0.08431346469591315,-0.016564535448788335,0.18693935874016723,-1.5910713301192235e-09,-3.0966312132693284e-11,-0.001526126589492299,-0.0035523478493603576,-0.010043313718090818,0.16633927680288182,-0.00011322831363570532,0.0003542626044296973,0.02613803517590195,-0.10088509469868998,-0.0019237811967820356,0.14018079571286418,-7.939896044501917e-10,-6.242323509485606e-10,0.05534730691576513,-0.2031650780557339
62.51,0.02824004497918853,-0.0899060153138236,-0.01604401178791797,0.185166023692289,-1.5863489116666948e-09,-5.168126427902669e-11,-0.00015808879632552244,-0.008380862609793312,-0.009428331731901274,0.16416354547156833,-0.00011427351891023978,0.0003594163488625785,0.02740494913793435,-0.10517964974839816,-0.0012668757277116075,0.1378147525206779,-8.039900954193911e-10,-5.888646041698455e-10,0.05650892869485206,-0.20693357274446791
62.52,0.029500962348531428,-0.0955071122737154,-0.015504993313112048,0.18331997250386628,-1.5816321412385248e-09,-7.245365367048159e-11,0.0012090612733438736,-0.013185863656619256,-0.008796959263801911,0.16192266891300983,-0.00011528350073712597,0.00036445687312228637,0.028661303369961682,-0.10942359629159808,-0.0005962164637854558,0.13539299241383124,-8.140493031267558e-10,-5.532042366845429e-10,0.05764982089874016,-0.21062394843146393
62.53,0.030752224724930288,-0.1011134259495317,-0.014947665413709293,0.18140180220933297,-1.5769231028096078e-09,-9.32752902706862e-11,0.002574843592335177,-0.017965803961131902,-0.008149421096756707,0.1596174623172388,-0.0001162578792304939,0.00036938019085780866,0.029906674200057444,-0.11361604826139919,8.795384183343245e-05,0.13291645660890836,-8.241636650407291e-10,-5.173212769964735e-10,0.05876961548964837,-0.21423591401957962
62.54,0.03199327015040444,-0.10672157956290253,-0.014372220684035224,0.17941215065259145,-1.5722238750105397e-09,-1.1413111634283769e-10,0.00393878065043645,-0.022719188222397806,-0.007485948437638614,0.1572487836703129,-0.00011719628311370824,0.00037418293653629706,0.031140643107613403,-0.11775616549586491,0.000785386973497552,0.13038626975706177,-8.34329603816057e-10,-4.81302380926914e-10,0.059867952267229255,-0.21776924193076738
62.550000000000004,0.03322353658452596,-0.11232814623636624,-0.013778858859328101,0.17735169247233917,-1.5675365251192214e-09,-1.3501012086726067e-10,0.005300397603074209,-0.02744457387583688,-0.006806778831098669,0.15481752968374468,-0.00011809834985390708,0.0003788610444128355,0.03236279680667781,-0.12184315265542818,0.0014958293609194327,0.12780352483382895,-8.445435062931533e-10,-4.450671466431839e-10,0.06094447889144573,-0.2212237351127198
62.56,0.03444246225010792,-0.11792963829608819,-0.013167786748194386,0.17522112964849632,-1.5628631489996835e-09,-1.5590873596953864e-10,0.006659222414795611,-0.03214056912820331,-0.0061121560698109475,0.15232462499455257,-0.0001189637258253746,0.0003834105217696735,0.03357272732469361,-0.12587626268124,0.0022190221870353292,0.1251692485945076,-8.548017586396006e-10,-4.0859787077432996e-10,0.061998850902036814,-0.22459921776525368
62.57,0.035649485984071305,-0.12352252644972556,-0.012539218161780918,0.17302120312054622,-1.5582058182917744e-09,-1.7681666514719472e-10,0.008014785997695,-0.03680583120777674,-0.005402330101365188,0.1497710332347938,-0.00011979206648513585,0.0003878276333197124,0.034770032076509166,-0.1298547961325825,0.002954701493628586,0.12248452133078766,-8.651007088805323e-10,-3.7193233656953265e-10,0.06303073173529172,-0.22789554796808562
62.58,0.036844047592915596,-0.1291032344515559,-0.011893373839480557,0.17075268616943962,-1.5535666211324033e-09,-1.977251047654855e-10,0.009366622344797884,-0.04143907016752455,-0.00467755693165788,0.14715775108269835,-0.00012058303654359581,0.0003921086774685146,0.03595431393377505,-0.13377809618968087,0.003702598289034128,0.11975044736048954,-8.754366925338399e-10,-3.350730931958805e-10,0.06403979273763877,-0.2311126196104736
62.59,0.03802558821263524,-0.13466814041558478,-0.01123048137132309,0.1684163826564129,-1.548947639488942e-09,-2.1862569770554835e-10,0.010714268658249725,-0.04603904875090828,-0.003938098524924635,0.14448580605174502,-0.00012133631013490771,0.00039625009543013326,0.03712518129001822,-0.13764554776872487,0.004462438659065473,0.11696816258698163,-8.858060289260801e-10,-2.9803930279210305e-10,0.06502571317569901,-0.23425036244663028
62.6,0.03919355067277593,-0.1402135878469019,-0.010550775117100576,0.16601313247991917,-1.5443509589286794e-09,-2.395065735852038e-10,0.012057265472296642,-0.050604580585788435,-0.003184222700494143,0.14175626123775553,-0.00012205157098937487,0.00040024837582768616,0.03828224812154152,-0.1414565774000783,0.005233943880969813,0.1141388350056381,-8.962050147190281e-10,-2.6084846104676837e-10,0.06598818024291478,-0.23730873713902503
62.61,0.040347379863992984,-0.1457358878102404,-0.009854496122030012,0.16354381037389415,-1.5397786531532952e-09,-2.6035870538452007e-10,0.013395156771153703,-0.055134530043929875,-0.002416203026122402,0.13897021370670784,-0.00012272851260937195,0.00040410009221608325,0.039425134044214286,-0.145210651876877,0.0060168305405964,0.11126366504622791,-9.066299346031266e-10,-2.2351820699190296e-10,0.0669268890630256,-0.24028773434843342
62.620000000000005,0.04148652310863712,-0.15123132362081673,-0.009141892028887048,0.16100932644384966,-1.5352327997890664e-09,-2.8117061629636105e-10,0.014727490101825126,-0.059627811607540736,-0.0016343187078921386,0.13612879454099583,-0.00012336683845006293,0.0004078018913934244,0.04055346436625849,-0.14890727706094892,0.006810810652760605,0.10834388413390195,-9.170770571190464e-10,-1.860667326885292e-10,0.06784154269060313,-0.24318737256838024
62.63,0.04261043053398402,-0.15669615436635792,-0.008413216986622002,0.15841062574350404,-1.5307154757921754e-09,-3.019328302248937e-10,0.01605381668192728,-0.06408338934343863,-0.0008388544767343627,0.13323316794616524,-0.00012396626210411753,0.00041135050552616037,0.04166687013715759,-0.15254599653077808,0.007615591784718638,0.10538075402241487,-9.275426474527746e-10,-1.485116811369809e-10,0.06873185210881802,-0.2460076965563082
62.64,0.0437185554477082,-0.16212661911106158,-0.00766873155546895,0.15574868825075003,-1.5262287375473656e-09,-3.226347293126565e-10,0.017373691502572713,-0.06850027618847261,-3.010047163126608e-05,0.13028453073358268,-0.00012452650749098757,0.00041474275167834143,0.04276498819282309,-0.15612639022988667,0.008430877182656223,0.10237556564143226,-9.380229381904908e-10,-1.1087196694456674e-10,0.06959753622461641,-0.2487487754431349
62.65,0.04481035471520062,-0.16751894084684518,-0.006908702608566065,0.15302452856993404,-1.5217746444975545e-09,-3.432671297205066e-10,0.018686673426388075,-0.07287753319664021,0.0007916478804318547,0.12728411153274125,-0.0001250473090499929,0.00041797553705924946,0.043847461197152555,-0.15964807304335624,0.009256365901089844,0.09932963810107606,-9.485141752358312e-10,-7.316437580076245e-11,0.07043832186148698,-0.2514107009846394
62.660000000000004,0.04588528913831857,-0.17286933065702245,-0.006133403230110328,0.15023919570258698,-1.5173552517881862e-09,-3.638189746530706e-10,0.01999232528074248,-0.07721426867656701,0.0016260899876939805,0.1242331700663397,-0.00012552841193777206,0.0004210458609680628,0.0449139376801232,-0.1631106933420157,0.010091752935073969,0.09624431754419645,-9.590125934270282e-10,-3.540793922479049e-11,0.07125394374999787,-0.25399358572980024
62.67,0.046942823835158694,-0.17817399185052687,-0.005343112610072839,0.1473937727198947,-1.5129726081676186e-09,-3.8428196670023853e-10,0.02129021394627115,-0.0815096372583163,0.0024729202199486634,0.12113299632934876,-0.0001259695722294737,0.00042395081803870115,0.04596407207256903,-0.16651393148116198,0.010936729355101496,0.09312097601118823,-9.695144249040477e-10,2.379551831682467e-12,0.07204414451628208,-0.25649756122357886
62.68,0.04798242862043194,-0.18342912418159205,-0.004538115935507143,0.14448937642324935,-1.5086287322595478e-09,-4.046456384598885e-10,0.022579910440793105,-0.08576283887469752,0.00333182803789589,0.11798490975723966,-0.00012637055712394095,0.0004266876005903997,0.04699752473778769,-0.1698574982650598,0.01179098244458319,0.08996101024271679,-9.8001588051461e-10,4.018012313949097e-11,0.07280867466865688,-0.2589227761919701
62.690000000000005,0.04900357838601825,-0.18863092808756649,-0.003718704278484769,0.14152715695127044,-1.5043256589439567e-09,-4.2490041637722443e-10,0.023860989998722385,-0.08997311766877522,0.004202498125431521,0.11479025834424339,-0.00012673114515257094,0.00042925350124226817,0.04801396200013515,-0.17314113337814735,0.012654195839785545,0.08676584046333713,-9.90513196100956e-10,7.797536884017239e-11,0.07354729258255394,-0.26126939474098654
62.7,0.05000575348127696,-0.19377560896979376,-0.0028851744806979835,0.13850829735424347,-1.5000653946587653e-09,-4.450374835122038e-10,0.025133032146084422,-0.09413976082708617,0.005084610524785772,0.11155041773288,-0.00012705112639178252,0.00043164591527721045,0.04901305617076333,-0.17636460378809315,0.013526049672105337,0.08353690912827372,-1.0010025888309619e-09,1.1574769200677608e-10,0.07425976448394263,-0.26353759456004155
62.71,0.050988440092681345,-0.1988593814943849,-0.002037829034773139,0.13543401312435566,-1.4958499426521308e-09,-4.6504633657892936e-10,0.026395620771254714,-0.09826209734407003,0.005977840774418912,0.10826679026404142,-0.00012733030267884264,0.0004338623430468265,0.04999448557066127,-0.17952770212465108,0.01440622071255504,0.08027567964420736,-1.0114802908920115e-09,1.5347817497041946e-10,0.07494586443142527,-0.2657275651403689
62.72,0.05195113062234808,-0.2038784739142973,-0.0011769759623416027,0.13230555168537514,-1.4916812868260876e-09,-4.8491821750354e-10,0.02764834419154514,-0.10233949672078928,0.006881860049578551,0.1049408039917546,-0.0001275684878310372,0.00043590039229365033,0.050957934551161356,-0.1826302450385769,0.015294382518330851,0.07698363505961717,-1.0219425296890208e-09,1.911494518848415e-10,0.07560537429718296,-0.2678395060091921
62.730000000000004,0.0528933240650287,-0.20882913240090534,-0.0003029286889201533,0.1291241918370489,-1.4875613998571534e-09,-5.046425244339149e-10,0.02889079521576834,-0.10637136760249304,0.007796335305419618,0.10157391165853832,-0.00012776550786746668,0.00043775778045227165,0.051903093512075026,-0.18567207154499624,0.016190205581331513,0.07366227672690279,-1.0323855416125073e-09,2.28742778609927e-10,0.07623808374694827,-0.26987362498515877
62.74,0.053814526383128,-0.21370762538006519,0.0005839940843425729,0.12589124315319886,-1.4834922374035612e-09,-5.242105263169046e-10,0.03012257120291579,-0.11035715635897952,0.008720929422583597,0.09816758963107863,-0.00012792120123387445,0.0004394323368942536,0.05282965891762553,-0.18865304135557576,0.01709335747849419,0.0703131229350471,-1.0428055759171378e-09,2.6624059152093135e-10,0.0768437902191768,-0.2718301364580734
62.75,0.05471425087931811,-0.2185102478643672,0.0014834685119931724,0.12260804533059735,-1.4794757369372165e-09,-5.436113200689535e-10,0.0313432741170951,-0.11429634561235981,0.009655301355130054,0.0947233367942206,-0.000128035419029475,0.0004409220051032792,0.05373733331034087,-0.1915730332038407,0.01800350302380963,0.06693770751337737,-1.053198878351844e-09,3.036242214896732e-10,0.07742229890359346,-0.2737092596971309
62.76,0.055592018566935894,-0.2232333055996083,0.0023951657385822074,0.11927596665228335,-1.4755138271974967e-09,-5.628354727956507e-10,0.03255251057825039,-0.11818847283275763,0.010599106280762717,0.09124267514251291,-0.00012810802523722294,0.00044222480597867834,0.05462582532372034,-0.19443192234979875,0.018920304421845762,0.06353757739174046,-1.0635617207466385e-09,3.40876099912471e-10,0.0779734227184177,-0.2755112450643803
62.77,0.05644735854287135,-0.22787298526734745,0.0033187520356763936,0.1158963978478094,-1.4716084134407301e-09,-5.818723292130809e-10,0.03374989190371032,-0.12203326217013359,0.011551995753659637,0.08772715957630668,-0.00012813889696608542,0.00044333858837390303,0.05549484969912824,-0.19722944085882166,0.019843421422387923,0.060114284723623984,-1.0738903794068314e-09,3.7797787405166567e-10,0.07849698227935409,-0.2772365572443651
62.78,0.05727980836946931,-0.23242536110079884,0.0042538889412362954,0.11247075194891089,-1.4677613741189364e-09,-6.007121154167077e-10,0.0349350341338399,-0.12583061931600584,0.012513617860296767,0.08417837446661075,-0.00012812792471718741,0.0004442610576167039,0.056344127314201804,-0.19996517957991986,0.02077251147575159,0.05666938663698422,-1.0841811436606607e-09,4.149109156927134e-10,0.07899280585097317,-0.2788858689010133
62.79,0.05808891446515451,-0.23688647689923556,0.005200233401312723,0.10900046692987063,-1.4639745848479898e-09,-6.193439227269635e-10,0.036107558041921214,-0.12958055139227406,0.013483617377999784,0.08059792430562415,-0.0001280750126714323,0.00044498994302424964,0.057173385222979954,-0.20263866761395213,0.02170722988869304,0.05320444826229584,-1.0944303324549587e-09,4.516578095305646e-10,0.07946072928057314,-0.2804599506843612
62.800000000000004,0.05887423249798575,-0.24125239832281375,0.006157437914231277,0.10548700706932714,-1.4602498894023956e-09,-6.377574330039046e-10,0.037267089133858004,-0.1332831170895098,0.014461635935515539,0.07698742790841223,-0.0001279800789867922,0.00044552308869615835,0.057982356702305546,-0.20524942043931718,0.022647229981100542,0.049721043977574333,-1.1046342709489273e-09,4.881994044961911e-10,0.0799005959221782,-0.2819596031950536
62.81,0.05963532777834508,-0.24551919937105393,0.007125150677334869,0.10193186136292873,-1.4565891086172925e-09,-6.559435624594598e-10,0.03841325764126928,-0.13693844230121008,0.01544731217511665,0.07334851792703216,-0.00012784305609820439,0.0004458584285761867,0.058770781301158384,-0.2077969202944167,0.023592163243520013,0.04622075524379639,-1.1147893119497055e-09,5.245190034185977e-10,0.08031225655550663,-0.28338567975128603
62.82,0.06037177564791353,-0.24968304305740643,0.00810301573631803,0.09833654629371565,-1.452994038677825e-09,-6.738905803624643e-10,0.0395456985105702,-0.1405466428193675,0.016440281915891086,0.06968283406377378,-0.00012766389101533446,0.0004459940944313959,0.05953840489057515,-0.21028069269877872,0.02454167949551309,0.042705173218565776,-1.1248918158198538e-09,5.605979971732134e-10,0.08069556930340148,-0.28473898030317557
62.83,0.06108316186388751,-0.253740094615433,0.009090673137085566,0.09470260024350746,-1.449466465514113e-09,-6.91589947891675e-10,0.04066405138884292,-0.14410791205683407,0.017440178318001376,0.06599202727743553,-0.0001274425456174316,0.000445928302288749,0.0602849797136695,-0.2127002123291057,0.025495427044737,0.039175892379583944,-1.1349381928210097e-09,5.964199220418115e-10,0.08105039954872122,-0.28602037434416566
62.84,0.06176908297798227,-0.2576866237119484,0.0100877590800481,0.09103158783587477,-1.4460081324669423e-09,-7.090310974358219e-10,0.041767960606718085,-0.14762242299871559,0.01844663204776277,0.06227775251771766,-0.00012717899694422708,0.0004456594559445446,0.06101026443586414,-0.21505500100157507,0.02645305284661109,0.03563451469224408,-1.1449248559993438e-09,6.319674016724393e-10,0.08137661985087767,-0.28723066604597014
62.85,0.06242914670651807,-0.2615190164144342,0.011093906076912331,0.08732509844335509,-1.4426207676963386e-09,-7.262053506233218e-10,0.04285707516167501,-0.15109031852857524,0.01945927144320871,0.05854166692802413,-0.00012687323747970737,0.0004451861721961503,0.06171402419214984,-0.21734463432548318,0.027414202664588282,0.03208264761948893,-1.1548482527819656e-09,6.672230623267488e-10,0.08167410986662588,-0.2883705822168739
62.86,0.0630629722943635,-0.26523360071931634,0.012108743109698705,0.08358473716353626,-1.4393060643417115e-09,-7.431020149246316e-10,0.043931048698809635,-0.15451188527247717,0.02047772268017273,0.05478543832227091,-0.00012652527543177683,0.0004445070402051251,0.062396030634755954,-0.2195685586971455,0.028378521230454548,0.028521885957160105,-1.1647048609670637e-09,7.021700393822488e-10,0.08194275627464039,-0.28944089293192715
62.870000000000005,0.0636701908727367,-0.2688269183064638,0.013131895792008394,0.07981214090782562,-1.4360656969589588e-09,-7.597128744410646e-10,0.04498953948872639,-0.15788729276441535,0.021501609938925907,0.05101073404360578,-0.00012613513501772355,0.0004436206721024776,0.0630560619819147,-0.22172635770459798,0.0293456524025641,0.024953774390532514,-1.1744911923874935e-09,7.367951887182337e-10,0.08218245273315013,-0.2904412778453067
62.88,0.0642504458109422,-0.2722953989998362,0.014162986532476387,0.07600895640071915,-1.4329013062386287e-09,-7.760290500794048e-10,0.04603221040219703,-0.16121691113093806,0.022530555571285926,0.04721923066666258,-0.0001257028567635505,0.0004425254800509077,0.06369390306840038,-0.22381742087195725,0.030315239319388936,0.021379794155442857,-1.1842037822839937e-09,7.7108509594948e-10,0.08239309990954792,-0.29137080199523985
62.89,0.06480339306638201,-0.2756355671261346,0.015201634699919735,0.07217684920171064,-1.4298145094587036e-09,-7.920427556678354e-10,0.04705872887724971,-0.16450111012267338,0.023564180268062358,0.04341260121230279,-0.0001252284978200605,0.0004412199042040857,0.06430934540263107,-0.22584114816831155,0.03128692454828316,0.017801405136904088,-1.193839209280832e-09,8.050304309477386e-10,0.08257460557860771,-0.2922279890840269
62.9,0.06532870152687043,-0.2788441133992923,0.016247456790360822,0.06831750915946333,-1.4268068780361776e-09,-8.077451429360025e-10,0.04806876688612248,-0.16774013655044354,0.024602103226266474,0.03959251088858037,-0.00012471213228625145,0.0004397025686482962,0.06490218722286696,-0.22779707660471385,0.03226035023215207,0.014220074181348684,-1.203394074549366e-09,8.386196985595154e-10,0.08272688476857329,-0.29301107157791395
62.910000000000004,0.06582605334632384,-0.2819176129911374,0.017300066596094316,0.0644326414169514,-1.4238799700278319e-09,-8.231275309524036e-10,0.04906200090702856,-0.17093427860041133,0.02564394231581501,0.03576062331973296,-0.00012415385154760977,0.00043797203194224617,0.06547223354732501,-0.22968471475305283,0.033235158235836594,0.010637261492730574,-1.2128650276111123e-09,8.718440199924631e-10,0.08284985994132854,-0.29371799036614826
62.92,0.06629514428007365,-0.2848527284837414,0.01835907537674645,0.06052397565404074,-1.4210353051458127e-09,-8.381829316737602e-10,0.050038111901714685,-0.1740836497493788,0.02668931424569332,0.03191859219537693,-0.00012355376463238235,0.0004360269112355644,0.06601929621703169,-0.23150376444104256,0.03421099029259221,0.007054436525866999,-1.2222487459544598e-09,9.046876454606732e-10,0.08294346120071991,-0.2943464275360799
62.93,0.06673568401708681,-0.28764615370778385,0.01942409203251094,0.05659326302116681,-1.4182743598283829e-09,-8.5290272391147e-10,0.05099678530650492,-0.1771881800312786,0.02773783472928746,0.028068061236816454,-0.0001229119985654144,0.00043386577015078735,0.06654319392341139,-0.2332541312675209,0.03518748815140162,0.0034730852951798128,-1.2315419379197266e-09,9.371472517315957e-10,0.0830076265215445,-0.29489399661949933
62.940000000000005,0.06714739650925894,-0.2902945685201098,0.020494723279208843,0.05264226375366948,-1.4155985985956958e-09,-8.672810818863941e-10,0.05193771103568826,-0.1802478053151719,0.028789118648862765,0.024210668863406604,-0.00012222869871076082,0.0004314871001431734,0.06704375222210053,-0.23493571756708834,0.0361642937249754,-0.00010531620695995286,-1.240741370659967e-09,9.692125379556588e-10,0.08304230200396477,-0.2953577630079774
62.95,0.06753002029539452,-0.2927948243920867,0.021570573824663413,0.048672752444282416,-1.4130094398093252e-09,-8.813110129086718e-10,0.05286058349263424,-0.1832623195880131,0.029842780219271142,0.02034804343683971,-0.00012150402909669476,0.0004288896353914813,0.06752080353845077,-0.2365485699286195,0.03714104923990749,-0.003679216607354563,-1.2498438415073262e-09,1.0007915608128908e-09,0.08304744214716087,-0.29573509001180276
62.96,0.06788330881363625,-0.2951438786987408,0.02265124654628419,0.044686514130801,-1.410508256504411e-09,-8.949859023630454e-10,0.05376510159103255,-0.18623141251068062,0.03089843315079903,0.01648180502994312,-0.00012073817271357778,0.00042607247604043146,0.06797418716274552,-0.23809283968009012,0.03811739739145923,-0.0072470286819499505,-1.2588461802052766e-09,1.0319404102383387e-09,0.0830230101179055,-0.2960233799133382
62.97,0.06820703070336885,-0.29733874783544495,0.02373634266946925,0.04068533452815451,-1.4080964059980827e-09,-9.082983353830877e-10,0.0546509687825409,-0.1891548241864166,0.03195569081119822,0.012613567022366576,-0.00011993133178953424,0.00042303475275653227,0.06840374923936138,-0.23956861467183588,0.03909298149891906,-0.010807252094040565,-1.2677452785862327e-09,1.0626695696655305e-09,0.0829689780411438,-0.2962190692573544
62.980000000000004,0.06850097009330736,-0.29937673114026664,0.02482546194649728,0.03667100753142005,-1.4057751976462036e-09,-9.212413039995979e-10,0.05551789308985294,-0.19203210544746588,0.033014166386797404,0.008744929117749187,-0.0001190837280545884,0.000419775429284184,0.06880934275137818,-0.24097616500442584,0.040067445655799394,-0.01435843758936441,-1.2765380637628037e-09,1.092943901529537e-09,0.08288532729884757,-0.29631984690344715
62.99,0.06876492687185226,-0.30125520955049023,0.02591820283582255,0.03264532665065237,-1.4035459090086192e-09,-9.338106273300783e-10,0.05636558714906936,-0.1948627765646457,0.034073473042509864,0.0048774815122632435,-0.00011819560300932185,0.0004162934604781869,0.06919082749684034,-0.2423157805486449,0.04104043487675558,-0.017899104712972867,-1.2852215093191323e-09,1.1227880625105974e-09,0.08277204881263912,-0.29632254210744424
63.0,0.06899871694134817,-0.30297177163344663,0.027014162681511845,0.028610085492797012,-1.4014097831776758e-09,-9.460005877032976e-10,0.05719376825997166,-0.1976462720561984,0.035133224080737255,0.0010128027163816826,-0.00011726721819540677,0.0004125882679318811,0.06954807005827472,-0.24358782161987633,0.04201159524420175,-0.021427800014721207,-1.293792631751147e-09,1.152173202503248e-09,0.08262914335098966,-0.29622376196664874
63.01,0.06920217245334961,-0.3045242348542434,0.028112937892690794,0.024567078161489585,-1.3993680146191924e-09,-9.578060670276215e-10,0.05800215844613606,-0.2003818646720121,0.036193033098617676,-0.002847557512768018,-0.00011629885542826723,0.0004086595708456106,0.06988094376918379,-0.24479262135466015,0.04298057405289161,-0.02494311263315622,-1.3022484872387287e-09,1.1810903381912012e-09,0.0824566218378816,-0.2960209718977407
63.02,0.0693751420269666,-0.30591046393194743,0.029214124122791688,0.020518091606897035,-1.3974217765351218e-09,-9.692213295138674e-10,0.0587904845248807,-0.20306882255519376,0.03725251414194615,-0.006702103614358291,-0.00011529081698890776,0.0004045071607409922,0.07018932869580748,-0.24593001672698603,0.043947019952260385,-0.028443618742441282,-1.3105861911827166e-09,1.2095427349191067e-09,0.08225450564334535,-0.29571099361935854
63.03,0.06951749095877661,-0.307128372946794,0.03031731644828659,0.016464907352761727,-1.39557218016855e-09,-9.802422483047703e-10,0.05955847818519977,-0.20570626621671959,0.038311281854606354,-0.01054938019434283,-0.00011424342581793591,0.0004001310785161258,0.07047311164874041,-0.2469996888126324,0.04491058308765,-0.03192792416934777,-1.318802884667198e-09,1.2375144458026225e-09,0.08202282688624056,-0.29529073285518986
63.04,0.06962910142345378,-0.3081760660583093,0.031422109546686124,0.012409296511612645,-1.393820316895878e-09,-9.908641787319725e-10,0.06030587607469809,-0.2082932639855515,0.0393689516241804,-0.014387956585054054,-0.00011315702569983805,0.0003955316336380577,0.07073218621704114,-0.24800115701500208,0.04587091523877027,-0.03539468510380087,-1.3268957711004385e-09,1.2649984809689851e-09,0.08176162873094205,-0.29475757055502033
63.050000000000004,0.06970987265971829,-0.30905178583898546,0.03252809787348669,0.008353016401255462,-1.3921672374266571e-09,-1.0010828678076378e-09,0.06103241989222941,-0.21082887756207766,0.040425139724717465,-0.018216428750592966,-0.00011203198139501918,0.0003907093729891194,0.07096645281988898,-0.2489337307904274,0.046827669954790575,-0.0388425672530257,-1.3348621125190973e-09,1.2919924346903637e-09,0.0814709656626568,-0.29410876597990454
63.06,0.06975972114032197,-0.3097539476899657,0.033634875837751765,0.00429780896302144,-1.3906139445922555e-09,-1.0108952050651162e-09,0.06173785648272944,-0.2133121417669348,0.04147946345750328,-0.022033398830963436,-0.00011086867880098483,0.00038566353952819947,0.07117581876909183,-0.24979680749644984,0.04778050268668179,-0.04227027791996221,-1.3426992003608287e-09,1.3184864711525859e-09,0.08115090375280691,-0.2933417909339752
63.07,0.069778580726254,-0.3102811119897033,0.034742037976227685,0.00024540223012678886,-1.3891614054718339e-09,-1.0202968679719277e-09,0.062421937936214325,-0.21574200385173425,0.04253154129163935,-0.025837448057622656,-0.00010966752531665707,0.0003803895754482045,0.07136019833719741,-0.2505895968284815,0.04872907091572476,-0.0456765759681546,-1.3504043780232853e-09,1.3444739324997168e-09,0.0808015209059304,-0.29245445391539443
63.08,0.06976640280647903,-0.31063196430418594,0.03584917912590841,-0.0038024937579244703,-1.3878105465651993e-09,-1.0292855443137962e-09,0.06308442169344085,-0.21811735264418686,0.04358099300478226,-0.02962718181431322,-0.00010842895008021567,0.0003748933699974093,0.07151951283593702,-0.2513112178518892,0.04967303427772898,-0.04906025005982611,-1.3579750522157346e-09,1.3699514870566025e-09,0.08042290708416014,-0.29144461513696396
63.09,0.06972315641876516,-0.31080550903321436,0.0369558945947737,-0.0078441902898606,-1.386562248599266e-09,-1.0378596997155356e-09,0.06372507065366377,-0.22043715869203567,0.04462743982181586,-0.033401247039748255,-0.00010715340380243215,0.00036917930614539514,0.07165369069974226,-0.25196089046453285,0.05061205468270563,-0.05242015540142587,-1.365408665711351e-09,1.394913344151032e-09,0.08001516450589516,-0.2903106728058574
63.1,0.06964882834806796,-0.3108008868613603,0.03806178033050813,-0.011878018263329359,-1.3854173623562934e-09,-1.0460162735797163e-09,0.06434365328247292,-0.22270029670402514,0.045670504550334654,-0.03715831188165818,-0.0001058413586093743,0.00036324776301918795,0.07176266756688125,-0.2525378084287606,0.051545796428681026,-0.055755211509247136,-1.372702723108634e-09,1.4193553635892276e-09,0.07957840780648219,-0.2890513621187833
63.11,0.06954342320879968,-0.3106173380362564,0.039166433087203356,-0.01590232872689903,-1.38437669046525e-09,-1.0537543575682116e-09,0.06493994372511955,-0.22490556466635886,0.046709811713434975,-0.04089707102383152,-0.00010449330802616912,0.0003571019782382101,0.07184638636897159,-0.2530408714698916,0.05247392630792479,-0.05906443816240376,-1.379854777970395e-09,1.443272829825502e-09,0.07911276415243121,-0.2876660402538541
63.120000000000005,0.06940696351195694,-0.31025434667424456,0.04026945058996302,-0.01991549569639451,-1.3834409879675173e-09,-1.061072699687166e-09,0.06551372192180116,-0.2270518812034234,0.047744987680524896,-0.04461622714559189,-0.0001031097668817383,0.00035074545760118195,0.0719047974331384,-0.25346905687038684,0.05339611370450858,-0.062346934434104585,-1.3868624302317584e-09,1.4666631239161382e-09,0.07861837329864443,-0.28615469981680286
63.13,0.06923948971084723,-0.30971163650380457,0.041370431697203586,-0.023915918034968075,-1.3826109740293808e-09,-1.0679680556312415e-09,0.06606477371556316,-0.2291382602305993,0.04877566079708018,-0.048314487130576386,-0.00010169127113293438,0.0003441821286831767,0.07193785857633543,-0.2538216599721306,0.054312030685114754,-0.06560182705299683,-1.3937233426061543e-09,1.4895216807238685e-09,0.07809538759644853,-0.28451751254855656
63.14,0.06904106022918759,-0.30898896303700085,0.042468976560509214,-0.02790201920500529,-1.3818873468132857e-09,-1.0744422219840616e-09,0.06659289095521201,-0.23116364756238017,0.049801461513238256,-0.051990583514833905,-0.00010023837767972506,0.00033741552094004136,0.07194553519859866,-0.25409745224737573,0.05522135208606471,-0.0688282702362899,-1.400435225671184e-09,1.5118461948754498e-09,0.07754397197943474,-0.2827546757978193
63.15,0.06881175147919853,-0.30808620200435016,0.0435646867819836,-0.031872248345527064,-1.38127071803098e-09,-1.0804923520628553e-09,0.06709787159997674,-0.23312698034814025,0.050822022510202555,-0.05564327587305337,-9.875166412617977e-05,0.00033045127430200163,0.0719278004079865,-0.25429481317037467,0.05612375559763921,-0.07202544421012716,-1.4069958351358534e-09,1.533632197208357e-09,0.0769643039419609,-0.2808664689802245
63.160000000000004,0.06855165786017517,-0.3070036494899384,0.044657165569035616,-0.03582508072599741,-1.3807616984198243e-09,-1.0861185506794783e-09,0.0675795198196107,-0.2350274008925776,0.05183697882450228,-0.059271333403727575,-9.72317284488065e-05,0.00032329484603835787,0.07188463514593836,-0.2544130710948052,0.057018921845814384,-0.0751925536932822,-1.4134029960943967e-09,1.554877796513235e-09,0.07635657350350711,-0.27885348206629723
63.17,0.06826089173187964,-0.3057416684621168,0.04574601788654483,-0.03975901810212162,-1.38036083870449e-09,-1.0913203522421674e-09,0.06803764608530109,-0.23686402663701978,0.052845967970826656,-0.06287353864422514,-9.567918866007589e-05,0.0003159507734238356,0.07181602828758167,-0.2544510986541699,0.05790653447155323,-0.07832882673359906,-1.4196545791210742e-09,1.575579266012679e-09,0.07572098315424775,-0.27671636416583834
63.18,0.06793958337446898,-0.3043006829246185,0.04683085060635136,-0.04367258964071067,-1.380068650308707e-09,-1.0960978882726567e-09,0.06847206725950794,-0.2386359181289719,0.053848630063317526,-0.0664486964310649,-9.409468246211415e-05,0.0003084255506232188,0.0717219767688676,-0.2544070210510283,0.05878628020775858,-0.08143351410896349,-1.425748510234467e-09,1.595733434617766e-09,0.07505774779060675,-0.2744557954039649
63.190000000000005,0.06758788093129589,-0.3026815323043418,0.04791127265409151,-0.047564349516468596,-1.3798856043288747e-09,-1.100450058261776e-09,0.0688826066833144,-0.24034232349076265,0.05484460793461475,-0.06999564000472247,-9.247886681513613e-05,0.0003007259087325722,0.07160248573530162,-0.25427975122798685,0.059657848954079655,-0.08450588481863719,-1.431682760782701e-09,1.6153373340752528e-09,0.07436709463913903,-0.27207274664310904
63.2,0.06720595032276652,-0.30088529124351737,0.048986895152980506,-0.05143289310051269,-1.3798121294253152e-09,-1.1043783630694441e-09,0.0692690942575604,-0.24198242847523493,0.05583354725250756,-0.07351322031646161,-9.08324174722356e-05,0.0002928579892687706,0.0714575686688441,-0.254068127284118,0.060520933849851175,-0.08754522462401415,-1.437455379438081e-09,1.6343886596190831e-09,0.07364926316039766,-0.26956835201544216
63.21,0.06679397513739331,-0.2989131325452481,0.050057331563160216,-0.055276877351357355,-1.3798486125734587e-09,-1.1078825710558772e-09,0.06963136652855413,-0.24355525023819669,0.056815096634827596,-0.07700029862262368,-8.915602852030931e-05,0.00028482856528966576,0.07128724752255378,-0.25377035181455293,0.061375231345470405,-0.0905508313870116,-1.4430644508454e-09,1.6528829171853014e-09,0.07290450493273638,-0.26694394841409486
63.22,0.06635215650592784,-0.2967664712517891,0.051122197815488615,-0.05909501423247456,-1.379995395244463e-09,-1.1109633581417929e-09,0.0699692667878982,-0.24505965821678935,0.05778890776258292,-0.08045576519475353,-8.745041188199673e-05,0.00027664517626412537,0.07109155288505958,-0.25338472548419444,0.062220441272495694,-0.09352201428644268,-1.4485081184018764e-09,1.6708175755728214e-09,0.07213308351663332,-0.2642010748010824
63.230000000000004,0.06588071295323823,-0.2944469948900683,0.05218111244047271,-0.06288604545054255,-1.3802527804059092e-09,-1.1136240955657054e-09,0.07028264518503173,-0.24649445402615436,0.05875463549044662,-0.08387854284887035,-8.571629677971616e-05,0.0002683148902714953,0.07087052414224398,-0.25290988886163324,0.06305626691248188,-0.09645809754686548,-1.453784586190983e-09,1.6881892430421588e-09,0.07133527430259111,-0.2613413491050573
63.24,0.06537988022855332,-0.2919565028077094,0.05323369669382964,-0.06664873899646444,-1.3806210339844208e-09,-1.1158757135268998e-09,0.07057135885269727,-0.24785822344133765,0.05971193795465607,-0.08726756753792145,-8.395442920543381e-05,0.00025984462756892566,0.07062420962359006,-0.2523443726026299,0.06388241506451389,-0.0993584162131499,-1.4588921113757048e-09,1.7049933691432368e-09,0.07051136434851628,-0.25836647428220966
63.25,0.06484991112508164,-0.28929678717348783,0.0542795746792665,-0.07038189171003163,-1.3811003807217241e-09,-1.1177119300532615e-09,0.07083527203979055,-0.24914970182737095,0.06066047667897632,-0.09062179598012948,-8.216557136030749e-05,0.00025124263434082937,0.07035266675305353,-0.2516865186737268,0.06469859611175283,-0.10222231033073044,-1.4638290138279897e-09,1.7212275528734916e-09,0.06966165220460677,-0.2552783714866055
63.26,0.06429107528772963,-0.28646996770501104,0.05531837346790864,-0.07408434588183067,-1.3816909951954262e-09,-1.1191285212283482e-09,0.07107425624404616,-0.25036752851678273,0.06159991667806717,-0.09394022727391106,-8.035050103618184e-05,0.00024251678190216435,0.07005596219778823,-0.2509351105827583,0.06550452408698293,-0.10504913738151238,-1.4685936649602388e-09,1.7368881928640078e-09,0.06878644772535253,-0.2520789757462526
63.27,0.06370365899846242,-0.28347837125646036,0.056349723213113365,-0.07775500198377856,-1.3823930162756623e-09,-1.1201296534639948e-09,0.07128819035803428,-0.25150996935314646,0.06252992655770227,-0.09722188132310615,-7.85100109954177e-05,0.00023367442364343268,0.06973417199613449,-0.2500890177457575,0.06629991673671284,-0.10783827053489528,-1.4731844912086807e-09,1.7519730035115647e-09,0.06788607187602363,-0.2487702386723705
63.28,0.06308796494645719,-0.28032427861777814,0.05737325726081885,-0.08139278280986652,-1.3832065515655952e-09,-1.1207171208122868e-09,0.07147696082671402,-0.2525755744968391,0.06345017861204405,-0.10046581291923139,-7.66449083396467e-05,0.00022472406694823917,0.06938738167542276,-0.24914701943268044,0.06708449558407241,-0.11058908569075346,-1.4775999861968733e-09,1.7664784072368501e-09,0.06696085652898306,-0.2453544057922217
63.29,0.06244431198756131,-0.2770102607179422,0.05838861225722398,-0.08499662453899562,-1.3841316505029756e-09,-1.1208922884367886e-09,0.07164046179610972,-0.2535629656366383,0.06436034891759557,-0.10367111530551734,-7.475601383026982e-05,0.00021567395659979235,0.06901568636103858,-0.24810826704665215,0.06785798599096085,-0.11330096857018752,-1.4818386909584545e-09,1.7804014636079487e-09,0.0660111442449142,-0.2418337302847138
63.300000000000004,0.06177303488297081,-0.27353912950843956,0.05939542825411607,-0.08856550374406877,-1.3851683335882132e-09,-1.1206573598136287e-09,0.07177859526076637,-0.2544705074822375,0.06526011742327256,-0.10683692350959524,-7.284416119864155e-05,0.0002065319775495101,0.06861919085875803,-0.2469722399743639,0.0686201172194252,-0.11597331234966202,-1.4858992110746896e-09,1.7937385963408814e-09,0.06503728804639967,-0.23821051262094722
63.31,0.06107448401693748,-0.2699138080191253,0.06039334881072374,-0.09209843624435846,-1.386316571210249e-09,-1.120014486970798e-09,0.07189127122472212,-0.2552964919575752,0.06614916803537642,-0.10996244625467144,-7.091019646258669e-05,0.00019730611516914797,0.06819800970137194,-0.24573881138408585,0.06937062249252468,-0.11860550859818475,-1.489780207725771e-09,1.8064865691334473e-09,0.06403965118110551,-0.2344873092866451
63.32,0.060349025099007185,-0.2661373913147179,0.06138202109257751,-0.09559444603778518,-1.387576310297044e-09,-1.1189675464637977e-09,0.07197840786283183,-0.25603948035498875,0.06702718869669075,-0.11304693796244565,-6.895497722991303e-05,0.00018800440772297848,0.06775226716130969,-0.24440811571743248,0.07010923905503309,-0.12119695190565505,-1.4934804093206364e-09,1.8186420093617734e-09,0.06301860686842342,-0.23066677263723226
63.33,0.059597038848971336,-0.26221319130921195,0.062361095968993085,-0.09905256344168101,-1.3889474411403994e-09,-1.117518241085662e-09,0.07203993166353653,-0.25669825056602075,0.06789387146133026,-0.11608967036169039,-6.69793719849313e-05,0.00017863488251984312,0.06728209723858612,-0.24298041646444485,0.07083570823377883,-0.12374704477936725,-1.4969985904439483e-09,1.8302012063524145e-09,0.06197453803759228,-0.22675151370903926
63.34,0.05881892066607552,-0.2581445758745849,0.06333022810834649,-0.10247187488250024,-1.390429820394693e-09,-1.1156676172055224e-09,0.072075777576656,-0.25727089852267426,0.06874891256709237,-0.11908993911929128,-6.498425936869385e-05,0.000169205375421913,0.06678764363760811,-0.2414559640495207,0.07154977549748377,-0.12625519132689078,-1.5003335989966047e-09,1.8411605221621839e-09,0.06090783706238138,-0.2227442594218989
63.35,0.058015080288896535,-0.25393499017794907,0.06428907606957641,-0.10585149509915565,-1.3920232646765729e-09,-1.1134211818981034e-09,0.07208588919177918,-0.25775548104942547,0.06959201250564429,-0.12204706061633218,-6.297052744949057e-05,0.00015972401743806307,0.06626905974183737,-0.23983501629102236,0.07225119052401947,-0.12872054768394997,-1.5034843326223771e-09,1.8514557187584262e-09,0.05981890548873728,-0.21864780548506446
63.36,0.05718594144270187,-0.24958812856634455,0.06523730239174856,-0.10919052031644347,-1.393727560338811e-09,-1.1107823999362026e-09,0.07207021890415752,-0.2581509587245061,0.07042287609081498,-0.12496036414408335,-6.093907296174361e-05,0.00015019925515316127,0.0657265085825785,-0.23811801745459144,0.07293970728409287,-0.13114213338255745,-1.506449766327167e-09,1.861120453173998e-09,0.058708153760046615,-0.21446484047352743
63.370000000000005,0.056331941472020496,-0.2451077197132105,0.06617457368255043,-0.11248809287193422,-1.3955424316810442e-09,-1.1077506944818194e-09,0.07202872806405108,-0.2584554070147093,0.07124121252510447,-0.12782920282801308,-5.889080052933937e-05,0.00014063896557221895,0.06516016279923287,-0.23630538486892053,0.07361508412639389,-0.13351929782110547,-1.5092289235391054e-09,1.8701809112393816e-09,0.05757600094249225,-0.21019817711621813
63.38,0.05545353096342567,-0.24049759846910673,0.06710056070387693,-0.11574338735770998,-1.3974675931755728e-09,-1.104331162349269e-09,0.07196138715766792,-0.258666715258611,0.07204673546419946,-0.1306529479767031,-5.682662190458401e-05,0.00013105087954660497,0.06457020459560135,-0.23439758728572738,0.07427708384634495,-0.13585148132492172,-1.511820906483039e-09,1.8786216029463846e-09,0.05642287444540069,-0.2058506600430446
63.39,0.05455117335627261,-0.2357618015013189,0.06801493845501508,-0.11895557496883911,-1.3995026981008183e-09,-1.1005294859296805e-09,0.0718681759928706,-0.25878348214694535,0.07283916307994304,-0.13343097662918804,-5.474745517676862e-05,0.00012144395432024195,0.06395682568934269,-0.23239524999076688,0.07492547374492703,-0.13813808913139494,-1.514224861757431e-09,1.8864430998088168e-09,0.05524920974015233,-0.20142504944825187
63.4,0.05362534453782886,-0.23090448392527216,0.06891738625475462,-0.12212384647441474,-1.401647374530787e-09,-1.0963448024629551e-09,0.0717490838673774,-0.2588038573207652,0.07361821812236669,-0.13616267540376942,-5.265422393768208e-05,0.00011182629290416857,0.06332022725030326,-0.23029907514370873,0.07556002568669326,-0.14037855074719469,-1.5164400141629089e-09,1.89363953776912e-09,0.05405545008285346,-0.1969240979664862
63.410000000000004,0.0526765324238662,-0.22592995695314377,0.06980758782188966,-0.12524741562075298,-1.4039012053211113e-09,-1.0917834369499786e-09,0.07160410975693776,-0.25872560712625287,0.0743836279808502,-0.1388474401770335,-5.0547856512933104e-05,0.00010220408361431335,0.06266061982835987,-0.22810988139291358,0.07618051615743789,-0.14257229045270736,-1.5184656388418293e-09,1.900210912821882e-09,0.0528420462407146,-0.19235050368304843
63.42,0.05170523652482618,-0.22084267747034664,0.07068523135349898,-0.12832551879515955,-1.4062637444479183e-09,-1.086849766346203e-09,0.07143326251789392,-0.2585469321263259,0.07513512474418553,-0.14148468142145884,-4.8429285259340326e-05,9.258461040792605e-05,0.06197822327065582,-0.22582859504354624,0.07678672632113506,-0.14471874900750903,-1.520301085691748e-09,1.906154461090446e-09,0.05160945622272927,-0.1877069171776703
63.43,0.05071196749984608,-0.21564716649280796,0.07155000960128481,-0.13135740435833984,-1.4087344930200917e-09,-1.0815455809022777e-09,0.0712365610767702,-0.25826600352046564,0.07587244525927804,-0.14407382450491307,-4.62994458230052e-05,8.297555868825912e-05,0.061273266630160216,-0.22345617621587224,0.07737844207605582,-0.14681737075924634,-1.5219457503347974e-09,1.911466226144283e-09,0.05035814501310449,-0.18299601060402043
63.440000000000005,0.049697246703109085,-0.2103480016506509,0.07240161994654772,-0.13434233121541245,-1.4113129363758457e-09,-1.0758768803258006e-09,0.07101403461613615,-0.2578808821185623,0.07659533118846598,-0.146614306442268,-4.415927635605179e-05,7.338428052138131e-05,0.06054598806938998,-0.22099361823115024,0.07795545411021815,-0.14886760536683327,-1.5233991107444484e-09,1.9161453022581104e-09,0.0490885843040103,-0.17822047390229065
63.45,0.04866160572354564,-0.2049498480624545,0.0732397644737985,-0.13727957790793283,-1.4139985086719463e-09,-1.0698465200918218e-09,0.07076572275510003,-0.2573899978455673,0.07730352906567121,-0.14910557399647056,-4.200971672816508e-05,6.381826054250888e-05,0.059796634759688,-0.2184419831564835,0.07851755795632472,-0.15086890830401456,-1.5246606982920482e-09,1.920186892146671e-09,0.047801252227690834,-0.17338297519845414
63.46,0.04760558591751246,-0.19945742596657287,0.07406415004291245,-0.14016843207829097,-1.4167906175308918e-09,-1.063459981812219e-09,0.07049167571228683,-0.2567918277833722,0.07799679035152673,-0.15154708408508025,-3.985170773315076e-05,5.4284836331843633e-05,0.05902546277516173,-0.2158023744863539,0.07906455404614086,-0.15282074048416866,-1.525730118470772e-09,1.923589336624464e-09,0.046496633089272474,-0.1684861831708054
63.47,0.046529737935012805,-0.19387552450391146,0.07487448835978051,-0.1430082029854591,-1.419688623400942e-09,-1.056719129651403e-09,0.07019195444965486,-0.25608515786402125,0.07867487148757984,-0.15393830115485402,-3.7686190290709396e-05,4.479135832590008e-05,0.0582327369813207,-0.21307595670927257,0.07959624776432637,-0.15472256810882942,-1.5266070199734846e-09,1.9263488901270304e-09,0.04517521710068111,-0.16353274341278493
63.480000000000004,0.04543462123944774,-0.1882090006274832,0.07567049604495037,-0.14579822465800965,-1.4226918576263405e-09,-1.0496302197064795e-09,0.0698666307868591,-0.2552692035905713,0.07933753394988517,-0.1562786909460667,-3.5514104638330396e-05,3.534528061897997e-05,0.05741873091774086,-0.21026396336308584,0.08011244950194694,-0.15657385582439237,-1.5272911370505354e-09,1.9284636164848114e-09,0.04383750011676256,-0.15852526639782885
63.49,0.04432080361987522,-0.18246280537221252,0.07645189469877411,-0.14853789092184871,-1.4257996190325578e-09,-1.0421947761351244e-09,0.06951578746500701,-0.2543439349908378,0.0799845443022458,-0.15856772381043552,-3.3336389506118223e-05,2.5954167569069537e-05,0.056583726673114565,-0.2073677245103305,0.08061297470969718,-0.15837407672440687,-1.5277822607789417e-09,1.9299302408641663e-09,0.04248398337564413,-0.1534662961055917
63.5,0.043188860695316474,-0.17664195733605206,0.07721841096172334,-0.1512266407491102,-1.4290111762064414e-09,-1.0344172745057135e-09,0.06913951815000631,-0.2533097967482611,0.08061567424895377,-0.160804878200866,-3.1153981339968974e-05,1.6623503884171428e-05,0.05572801475195372,-0.20438864165264106,0.0810976439502634,-0.16012271926703422,-1.5280802512625639e-09,1.930748435841977e-09,0.04111517324449085,-0.14835833027258918
63.51,0.04203937541348017,-0.17075149165662115,0.07796977657107627,-0.15386392027550178,-1.4323257465045405e-09,-1.0262948424246794e-09,0.06873792739642177,-0.2521672701092696,0.08123070069443876,-0.16298939290418687,-2.8967814623345528e-05,7.326185696931707e-06,0.054851893935542205,-0.2013281263578903,0.08156628294963748,-0.16181927593954504,-1.528185024369407e-09,1.9309136422664964e-09,0.03973158096918669,-0.14320385542479389
63.52,0.04087293754698916,-0.16479645850973282,0.07870572841603497,-0.15644918624876922,-1.4357425281236878e-09,-1.017834718245261e-09,0.06831113059760067,-0.25091691836235636,0.08182940581815393,-0.165120391392398,-2.6778822105039497e-05,-1.908606337833246e-06,0.05395567114033444,-0.198187610978462,0.0820187226477858,-0.16346324389312525,-1.5280965725761419e-09,1.9304259912949285e-09,0.0383337224259839,-0.13800534126614125
63.53,0.03969014318824058,-0.15878192155650953,0.07942600859172406,-0.1589819101932477,-1.4392606886569555e-09,-1.009040919141834e-09,0.0678592539291663,-0.24955936447778831,0.0824115771500656,-0.16719731554508335,-2.4587932996560452e-05,-1.1055267752935014e-05,0.053039661273426256,-0.19496858277041326,0.08245479924865377,-0.16505413180410441,-1.5278149511571047e-09,1.9292840426429574e-09,0.036922117874693995,-0.13276524120503352
63.54,0.03849159424327259,-0.15271294909151265,0.08013036445190862,-0.16146157479432655,-1.4428793386005833e-09,-9.99915552308287e-10,0.06738243428581984,-0.24809529995898272,0.08297700763004445,-0.1692196933079772,-2.239607098901423e-05,-2.0112817490187333e-05,0.05210418708378084,-0.19167256491144932,0.08287435426925369,-0.1665914566685463,-1.5273402743340885e-09,1.927486165123168e-09,0.0354972917136164,-0.1274859889445699
63.550000000000004,0.037277897925424124,-0.1465946038505069,0.08081854866066786,-0.16388766933904098,-1.4465975859744244e-09,-9.904620807937148e-10,0.06688081921168709,-0.2465254774112198,0.08352549565766602,-0.17118702199657637,-2.0204153292019145e-05,-2.907186900230525e-05,0.05114957900985796,-0.18830110391994892,0.08327723459307326,-0.16807457481924193,-1.526672732898337e-09,1.924969449728898e-09,0.03405977223685875,-0.12216998254701503
63.56,0.03604966624984681,-0.14043193050705405,0.08149031924354881,-0.16625968238140407,-1.4504144854985924e-09,-9.80682926824221e-10,0.0663545668242977,-0.24485071377647555,0.0840568451412324,-0.173098818216528,-1.8013089926154317e-05,-3.792907101222288e-05,0.05017617502459296,-0.18485577143836396,0.08366329255622727,-0.1695020334905852,-1.525812587551112e-09,1.921713586899784e-09,0.03261009139673965,-0.11681952478625125
63.57,0.03480751552952249,-0.1342299610958118,0.0821454396382544,-0.16857711459323402,-1.4543290612075652e-09,-9.705816457088021e-10,0.06580384573237268,-0.24307188448449824,0.08457086554639888,-0.17495460025833187,-1.5823783064363444e-05,-4.667849106378109e-05,0.04918432047790984,-0.18133816318580384,0.08403238605833159,-0.17087297630586323,-1.524760162280636e-09,1.917781806825071e-09,0.031148784570902352,-0.11143694110541832
63.58,0.03355206587283616,-0.12799371255803457,0.08278367874429529,-0.17083948143838068,-1.458340319612975e-09,-9.601617776581278e-10,0.06522883494769376,-0.24118992151538704,0.08506737194385139,-0.1767539022519237,-1.3637126364633951e-05,-5.531428804275077e-05,0.048174367936807135,-0.1777498986450497,0.08438437864449022,-0.17218704648035285,-1.5235158698804194e-09,1.9131865968854787e-09,0.029676390329722354,-0.10602457177040868
63.59,0.03228394068332725,-0.12172816710100964,0.0834048109716598,-0.17304629891291776,-1.46244720682718e-09,-9.494247672877237e-10,0.06462972379134996,-0.23920581057906923,0.08554618505627677,-0.17849625493679824,-1.1454004172105594e-05,-6.38279557560951e-05,0.04714667702310939,-0.17409261932659087,0.08471913955432632,-0.1734437740352671,-1.5220801634018089e-09,1.9079151673169044e-09,0.02819345020371651,-0.10058471822593587
63.6,0.031003766162895175,-0.11543826373673084,0.08400861628920253,-0.17519708197515593,-1.466648662030264e-09,-9.383716541940775e-10,0.06400671179458958,-0.23712058925676952,0.0860071313052479,-0.18018118720704615,-9.27529065758507e-06,-7.221317926946241e-05,0.04610161424900181,-0.1703679881429808,0.08503654376457925,-0.17464275890949657,-1.5204535823037812e-09,1.901971950580091e-09,0.02670050845328413,-0.09511965831844542
63.61,0.029712170819079193,-0.10912890409710135,0.08459488027282674,-0.17729135374362007,-1.4709435915594004e-09,-9.270052549006603e-10,0.06336000859431579,-0.23493535063047039,0.08645004285798043,-0.18180823735213236,-7.101849105839967e-06,-8.046674662831848e-05,0.045039552850640395,-0.1665776819887526,0.08533647203126261,-0.17578357592169755,-1.518636734517673e-09,1.8953585564526882e-09,0.02519811184125614,-0.08963164092906062
63.620000000000005,0.02840978497637841,-0.10280494970110121,0.085163394153006,-0.17932864649356536,-1.4753308543986123e-09,-9.153326908728602e-10,0.06268983382312937,-0.23265124237669696,0.08687475767325328,-0.18337695706245943,-4.934531334927053e-06,-8.858336345023095e-05,0.04396087262027025,-0.16272338937641323,0.085618810930971,-0.1768658229381014,-1.5166302848909889e-09,1.8880769636505524e-09,0.023686809408127653,-0.08412288951825546
63.63,0.027097240291691697,-0.09647121996793595,0.08571395486135143,-0.18130850365723084,-1.479809289888407e-09,-9.033551403788596e-10,0.0619964169940923,-0.23026946052475322,0.08728111954608249,-0.1848869111561563,-2.77417706656599e-06,-9.655749922838165e-05,0.0428659597369752,-0.15880681474253144,0.0858834529010142,-0.17788911501195817,-1.5144349648800836e-09,1.8801262500850373e-09,0.022167152250189132,-0.07859559318670353
63.64,0.02577516927433228,-0.09013248249977239,0.08624636507622181,-0.18323047609859486,-1.484377701269256e-09,-8.910774942644277e-10,0.0612799973805706,-0.2277912480595871,0.08766897815119178,-0.18633767400811557,-6.216132706812374e-07,-0.00010438445154105031,0.04175520659597876,-0.1548296760711088,0.08613029627749968,-0.17885309147248238,-1.5120515840339855e-09,1.871509877800508e-09,0.02063969330085824,-0.07305190843553033
63.65,0.02444420481141505,-0.08379344404135594,0.08676043326763229,-0.18509411856302554,-1.4890348724491436e-09,-8.785018996000442e-10,0.06054082389137431,-0.22521789356821192,0.08803818908555736,-0.1877288264137105,1.5223464519504447e-06,-0.00011205954730692562,0.040629011636624135,-0.15079370235674372,0.08635924533155737,-0.17975740207865706,-1.5094810154503586e-09,1.862227663501249e-09,0.019104987115272153,-0.0674939595513796
63.660000000000004,0.023104979699395654,-0.07745874571322173,0.08725597374171275,-0.18689898957514361,-1.4937795469393336e-09,-8.656325823830794e-10,0.059779154941359006,-0.22255072940423093,0.0883886139102438,-0.1890599558941082,3.656902459713382e-06,-0.00011957836671678499,0.03948777916923179,-0.146700632305058,0.08657021031321406,-0.1806014165679624,-1.5067241976063375e-09,1.8521332837996775e-09,0.01756358965900579,-0.06192380935737586
63.67,0.02175812618256698,-0.07113295010844733,0.0877328066888954,-0.1886445184665628,-1.4986104357892701e-09,-8.524823508403901e-10,0.05899525831811329,-0.21979111510013596,0.08872012019551713,-0.19033052906370787,5.7812686732592296e-06,-0.00012696796913162816,0.03833191920143963,-0.14255219860506865,0.08676310755726502,-0.18138293738531125,-1.5037821528528548e-09,1.841167788251224e-09,0.016016058106259504,-0.05634333250674504
63.68,0.020404275499453006,-0.06482053439329188,0.0881907582474822,-0.1903298407090323,-1.5035262310801476e-09,-8.390489316435245e-10,0.05818941104642032,-0.21694041071490686,0.08903258159999768,-0.19153909894941426,7.894670895829687e-06,-0.00013424641591455237,0.03716184726740214,-0.138350044197514,0.0869378596379617,-0.18210087222103138,-1.500655986422464e-09,1.829497745430836e-09,0.014462950646503889,-0.050754470169491576
63.690000000000005,0.019044057437352435,-0.05852590141558303,0.08862966057493692,-0.19195439451777715,-1.5085255864808674e-09,-8.253265890584362e-10,0.057361899249907984,-0.2140000486487396,0.0893258779809145,-0.19268475013776645,9.996347162181496e-06,-0.00014136014548984347,0.03597798425970653,-0.1340958714288215,0.08709439546993934,-0.18275510536464232,-1.497346867811468e-09,1.8171551649730633e-09,0.012904826289695918,-0.045159223325511234
63.7,0.017678099895269417,-0.0522533583751961,0.08904935190527133,-0.19351777254709,-1.5136071428924347e-09,-8.113152409342141e-10,0.05651301800748734,-0.21097151355015414,0.08959989547812947,-0.1937671513971225,1.2085550781912539e-05,-0.00014828844760896994,0.03478075625790881,-0.12979145449053775,0.08723265034592541,-0.18334529956475326,-1.493856051656035e-09,1.8041209018917152e-09,0.011342244668929542,-0.039559537353052794
63.71,0.01630702845576365,-0.046007126362562885,0.08944967659459502,-0.1950195102485646,-1.518769493982262e-09,-7.97020834788637e-10,0.05564307120474091,-0.20785632351799505,0.08985452656148091,-0.19478588520347184,1.416155210077069e-05,-0.0001550452959514138,0.03357059435259447,-0.12543855930567405,0.08735256596189002,-0.1838712539426688,-1.490184847920672e-09,1.7904149284565658e-09,0.009775765845261627,-0.03395733768951655
63.72,0.0149314659653004,-0.0397913529069313,0.08983048516491521,-0.19645919263903633,-1.5240112115860855e-09,-7.824524236007662e-10,0.05475237138129476,-0.2046560394021317,0.090089670068196,-0.19574062013590887,1.622363830601185e-05,-0.00016163143683648696,0.03234793446826993,-0.12103895679278291,0.08745409044085063,-0.18433273486220628,-1.4863346318527e-09,1.7760082826251263e-09,0.008205950115742447,-0.02835451299605112
63.730000000000004,0.013552032122744065,-0.033610097613183905,0.09019163434665428,-0.19783640372179517,-1.5293308411132585e-09,-7.676142595523173e-10,0.053841239574608596,-0.20137224850677302,0.09030523123819403,-0.19663101074519554,1.827111334415878e-05,-0.00016804275168715404,0.03111321718613404,-0.11659441835671346,0.08753717842473274,-0.18472726883210325,-1.4823068817660537e-09,1.760312165591531e-09,0.006633357831568543,-0.022752695704092083
63.74,0.012169343076590886,-0.027467327249899753,0.09053298711972863,-0.19915074414311518,-1.5347269023414466e-09,-7.525122516756798e-10,0.052910005160702885,-0.19800656764711738,0.09050112174758955,-0.1974567374082579,2.0303298402290882e-05,-0.0001742729235703088,0.02986688756660149,-0.11210671892022114,0.0876017912850324,-0.18505213791648548,-1.4781031682419562e-09,1.743755724098403e-09,0.005058549231625034,-0.017153453378061446
63.75,0.010784011031731362,-0.02136690646944299,0.09085441275381914,-0.2004018149045101,-1.5401978825440004e-09,-7.37142425465609e-10,0.05195900569216597,-0.19456063763499695,0.09067725974753213,-0.19821727541049436,2.2319531172281213e-05,-0.0001803615250447115,0.02860939497217579,-0.10757761561575789,0.08764789731572971,-0.18530702386942738,-1.473725149319309e-09,1.7265771565928238e-09,0.0034820842782923157,-0.011558548312314253
63.76,0.00939664386724616,-0.015312566971114426,0.09115578684871838,-0.2015892034956503,-1.5457422445140068e-09,-7.215019932656515e-10,0.05098858673385459,-0.19103611600032983,0.09083356997135845,-0.19891019842035382,2.4319162878557388e-05,-0.00018634846705032086,0.02734119289718969,-0.10300866961183383,0.08767547180115566,-0.18549197699683334,-1.46917456020391e-09,1.7086503576252886e-09,0.0019045224849751202,-0.005969740237560546
63.77,0.00800784476560098,-0.009307951182021438,0.09143699137477847,-0.20271251584050587,-1.5513584306816855e-09,-7.056056690279879e-10,0.049999101696192566,-0.18743469427666795,0.09096998390831962,-0.19953409687566392,2.6301558052957527e-05,-0.0001921545363511046,0.02606273880472999,-0.09840153565619636,0.08768449711744228,-0.18560383420974857,-1.4644532393022758e-09,1.6889229678177193e-09,0.0003264227501192918,-0.0003884562842892124
63.78,0.006618211852032811,-0.0033566018918229756,0.09169791471257734,-0.20377136246973127,-1.557044844879543e-09,-6.894541838047768e-10,0.0489909116654028,-0.1837580981334993,0.09108643992477836,-0.20008885351432382,2.8266098359119433e-05,-0.00019775936915914725,0.024774493958874374,-0.09375799572500712,0.08767496303142641,-0.18563794050426852,-1.4595631574850985e-09,1.6679929168317392e-09,-0.0012516567869452332,0.005184049882062277
63.79,0.005228337844440443,0.002538059143998668,0.0919384517160453,-0.20476457465797906,-1.5627998727301351e-09,-6.729561702796343e-10,0.04796438523359985,-0.18000798262346213,0.09118288330727402,-0.2005741644270164,3.021218487970988e-05,-0.00020317423700991983,0.02347692324935018,-0.0890798120759039,0.08764686702710392,-0.18559319178465736,-1.454506418934965e-09,1.646355266351667e-09,-0.0028291588843281767,0.010746221858107278
63.800000000000004,0.003838809714362272,0.008372710355772583,0.09215850381791352,-0.20569085648485763,-1.5686218556297839e-09,-6.561801720564717e-10,0.046919898331885736,-0.1761859961582597,0.09125926633674072,-0.20098818798841908,3.213923310765399e-05,-0.00020855844611458586,0.02217049501958439,-0.08436858742412273,0.08760021444439366,-0.18546983860626523,-1.4492851888314932e-09,1.6238817395610346e-09,-0.0044055273503752134,0.01629640837154405
63.81,0.0024502083591163596,0.014144152669782608,0.09235797913053773,-0.20654976436747974,-1.5745091272821776e-09,-6.391773915918038e-10,0.04585783406149124,-0.17229390488300028,0.0913155485067149,-0.20132699709417587,3.4046667097223645e-05,-0.00021384132215181397,0.0208556809100426,-0.07962569815530628,0.08753501848627955,-0.18526795619766903,-1.4439017349828024e-09,1.6007400984221954e-09,-0.005980207205801227,0.0218330026487096
63.82,0.0010631082859028234,0.01984931181750487,0.09253679250293496,-0.20734099117800214,-1.5804599868920302e-09,-6.219286995391517e-10,0.04477858251787709,-0.16833351890695916,0.09135169678274993,-0.20158965053146177,3.593392243294669e-05,-0.00021893928791468675,0.019532955706629242,-0.07485282037707248,0.08745130020113981,-0.18498783726757834,-1.4383583765635565e-09,1.5768719441282788e-09,-0.007552644845456927,0.027354399130002018
63.83,-0.00032192269176668743,0.025485231968575366,0.09269486555626655,-0.2080641643173252,-1.5864726992650015e-09,-6.044493650609094e-10,0.04368254061002506,-0.16430665993898785,0.09136768582258127,-0.2017730363304827,3.780044239522724e-05,-0.00022415688925352342,0.01820279718535162,-0.07005141451942104,0.08734908845957298,-0.18462971693249225,-1.432657514376986e-09,1.5523207778282522e-09,-0.009122288198265577,0.032859019580985686
63.84,-0.0017043237457339889,0.03104907208041368,0.09283212674159948,-0.20871820683153325,-1.5925455104001837e-09,-5.864797826723155e-10,0.042570111880594244,-0.16021507552721312,0.09136349833934003,-0.2018709701772244,3.964566893187587e-05,-0.00022935418586025283,0.0168656859714049,-0.0652226261169075,0.08722841992674221,-0.18419392843701152,-1.426801605601367e-09,1.5270866724675881e-09,-0.010688586885159754,0.038345305439283224
63.85,-0.003083541312914044,0.0365381174227851,0.09294851148587063,-0.20930035302526748,-1.5986766248525622e-09,-5.680913145148434e-10,0.04144170633503866,-0.15606033357530724,0.09133912551322444,-0.20188200277664614,4.1469046718644665e-05,-0.00023442941252125495,0.015522105403636674,-0.06036806852985164,0.08708933903077336,-0.18368081277286005,-1.420793194739548e-09,1.5011928868658887e-09,-0.012250992374833814,0.043811720339796
63.86,-0.004459029362540083,0.041949780367792615,0.09304396237963643,-0.2098096361599239,-1.6048641988332728e-09,-5.494888925574816e-10,0.04029774027448584,-0.15184421561153308,0.0912945671737836,-0.20180650745711648,4.327002912133926e-05,-0.00023944208166071712,0.014172541376424343,-0.05548953896211015,0.08693189792714014,-0.18309076569201793,-1.4146348718619504e-09,1.4746516665348129e-09,-0.013808958137227496,0.049256752643186165
63.870000000000005,-0.005830249650388491,0.04728160903155609,0.09311842932387694,-0.21024461873607025,-1.6111063589881616e-09,-5.300876766365586e-10,0.0391386361227801,-0.147568465373658,0.0912298318104699,-0.20164447517484013,4.50480778389574e-05,-0.00024437371936414615,0.01281748216434565,-0.05058879806144137,0.08675615645885991,-0.18242422608286574,-1.4083293046479676e-09,1.44747888216461e-09,-0.015361939794602573,0.05467891474409857
63.88,-0.007196671959463371,0.052531290043932366,0.09317186976503171,-0.21060060659780153,-1.6174011516559961e-09,-5.100661688407877e-10,0.037964822261866454,-0.14323447904177053,0.09114493655826561,-0.20139614980625634,4.680266218476321e-05,-0.00024923890993659074,0.011457418244270934,-0.04566763136314254,0.08656218211239314,-0.1816816680292092,-1.4018792139367597e-09,1.4196896468876378e-09,-0.016909395270437135,0.060076736109535345
63.89,-0.008557774327323738,0.0576966332605042,0.09320424908790172,-0.21087330279948105,-1.6237465542184371e-09,-4.886397914137821e-10,0.03677673288297483,-0.13884372057596137,0.09103990718000673,-0.20106172226960245,4.853325876101329e-05,-0.00025403626434468326,0.010092842117098991,-0.04072781984315834,0.08635004996971052,-0.18086360589895248,-1.3952873964823245e-09,1.3912969115269932e-09,-0.018450784936353198,0.0654487676243522
63.9,-0.009913043260697581,0.06277557409941008,0.09321554113997427,-0.2110556011302283,-1.6301404117347858e-09,-4.66208170999e-10,0.03557480784976259,-0.13439738013588362,0.09091477804314176,-0.20064148669103649,5.02393509297228e-05,-0.00025877516963153754,0.008724248128897102,-0.03577115527192774,0.08611984265648971,-0.1799705924867609,-1.3885566903338887e-09,1.3623171187014773e-09,-0.0199855717570748,0.07079357896106363
63.910000000000004,-0.011261973937178184,0.06776618624967301,0.09320572873794165,-0.21114521303678438,-1.6365805113063866e-09,-4.4363241918191364e-10,0.03435949255810722,-0.1298971507229331,0.09076959209185573,-0.20013575613225904,5.1920428330340236e-05,-0.0002634562505532601,0.007352132291627125,-0.030799428670103757,0.08587165028659838,-0.17900321367101452,-1.3816900097368284e-09,1.3327649511187431e-09,-0.021513221433466533,0.07610975842657094
63.92,-0.012604070393400866,0.07266667931661987,0.09317480389990418,-0.2111428276378806,-1.6430645721400806e-09,-4.2083771393627305e-10,0.03313123776654725,-0.12534504638446917,0.09060440081440407,-0.19954490249693382,5.357598664130025e-05,-0.0002680791103087832,0.0059769921036098095,-0.02581443416139846,0.0856055704031567,-0.17796208863801058,-1.3746903054541994e-09,1.3026569381488198e-09,-0.0230332025437512,0.08139591181522682
63.93,-0.013938845699688665,0.07747539508477433,0.09312276786506919,-0.21104817173277535,-1.6495903227016102e-09,-3.9787911467861444e-10,0.031890499403615685,-0.12074299377188139,0.09041926420598857,-0.1988693358400305,5.520552755298761e-05,-0.00027264354022623943,0.00459932636980309,-0.020817967759745593,0.08532170791632011,-0.1768478683997568,-1.367560600800346e-09,1.2720081824136518e-09,-0.024544986683005546,0.08665066111735241
63.940000000000005,-0.015265822121376334,0.0821908083755693,0.09304963108468285,-0.2108615382730959,-1.6561554634435618e-09,-3.747469852776094e-10,0.030637738370953307,-0.1160929904267788,0.09021425072712476,-0.19810951358201498,5.6808558744082735e-05,-0.0002771493687311713,0.003219635021867398,-0.01581182748166808,0.08502017503786716,-0.1756612352302817,-1.3603039712182981e-09,1.2408344851407406e-09,-0.026048048601020342,0.09187264429677876
63.95,-0.016584531266890336,0.08681152602597049,0.09295541321016185,-0.21058302102231116,-1.6627576787583212e-09,-3.514642484861681e-10,0.029373420344944324,-0.1113970242071962,0.08998943725763972,-0.1972659345159636,5.838459384337322e-05,-0.000281596534593395,0.0018384189380575306,-0.010797812640855583,0.08470109121268697,-0.17440290146714388,-1.352923534022124e-09,1.2091523887519462e-09,-0.027541866338579232,0.0970605146324103
63.96,-0.017894514222626424,0.09133628653919139,0.09284014307425033,-0.21021289614172187,-1.669394642550189e-09,-3.2803715201049077e-10,0.028098015576526577,-0.1066571121541723,0.0897449090463642,-0.19633914040508388,5.993315237778372e-05,-0.0002859850472596978,0.00045617976298326795,-0.005777723533395397,0.08436458304726223,-0.17307360865318866,-1.3454224677403224e-09,1.1769775788379506e-09,-0.02902592136220606,0.10221294030755398
63.97,-0.01919532167470052,0.09576395913574831,0.0927038586674011,-0.20975143019928472,-1.676064002985407e-09,-3.044805212677382e-10,0.026811998689495572,-0.10187527961913861,0.08948075965662677,-0.19532971377532105,6.145375970703534e-05,-0.0002903150033344927,-0.0009265802727161473,-0.0007533609147834818,0.08401078423524538,-0.17167412653153907,-1.33780398655202e-09,1.144326990111924e-09,-0.030499698697427288,0.10732860391187608
63.980000000000004,-0.020486514017655676,0.10009354284835847,0.09254660710840122,-0.20919897489060257,-1.6827634069259119e-09,-2.808042909574964e-10,0.02551584847728503,-0.09705356924817331,0.08919709090763647,-0.19423827760555615,6.294594694605771e-05,-0.00029458657435293343,-0.002309358532735267,0.004273474435493514,0.08363983548022215,-0.17020525213781285,-1.3300713661338838e-09,1.1112168619184637e-09,-0.031962687060598356,0.11240620202266972
63.99,-0.021767661450229722,0.10432416534654744,0.09236844460985945,-0.20855591832738515,-1.6894904814331336e-09,-2.570213816318506e-10,0.02421004769838051,-0.09219403502191777,0.0888940128118519,-0.19306549406645127,6.440925087539377e-05,-0.00029880000825368354,-0.00369165215545903,0.009300982209714434,0.08325188441575575,-0.16866780886716307,-1.3222279213957622e-09,1.0776636802902707e-09,-0.03341437898933302,0.11744444478392163
64.0,-0.02303834405830455,0.10845508165503354,0.09216943643838212,-0.20782270798553812,-1.696242856151554e-09,-2.3314255442585155e-10,0.02289508287043543,-0.0872987437521134,0.0885716435084286,-0.1918120637342318,6.584321384070766e-05,-0.0003029556232150664,-0.005072958234261886,0.014327363054815322,0.08284708552280358,-0.16706264557695277,-1.3142770057162724e-09,1.043685137318106e-09,-0.0348542709715793,0.12244205552482927
64.01,-0.024298151885168807,0.1124856726922516,0.09194965686966443,-0.20699983777422085,-1.7030181334914189e-09,-2.0918025594675393e-10,0.02157144406320352,-0.08236977283383214,0.08823010919284066,-0.19047872456689036,6.72473836422622e-05,-0.00030705380446929224,-0.006452773997701676,0.019350819079604044,0.08242560004459647,-0.1653906356939096,-1.3062220247539682e-09,1.0092970380082004e-09,-0.036281863573378446,0.12739777039752423
64.02,-0.02554668498925028,0.11641544367404878,0.09170918913852902,-0.2060878530073733,-1.7098139175156673e-09,-1.851450309593329e-10,0.020239624690381732,-0.07740920985379829,0.08786954404276937,-0.18906625099904326,6.86213134154121e-05,-0.00031109499873000347,-0.007830596989555547,0.024369554367891774,0.08198759589906934,-0.16365267634065048,-1.298066415618673e-09,9.745171817528012e-10,-0.0376966615653433,0.13231033804479678
64.03,-0.02678355348947559,0.12024402236863187,0.0914481253840453,-0.2050873463942488,-1.7166278097938772e-09,-1.6104922462019158e-10,0.01890012130046968,-0.07241915125479093,0.08749009014035418,-0.1875754529766858,6.996456150280435e-05,-0.0003150797088940748,-0.009205925248648422,0.029381775507021767,0.08153324758893003,-0.16184968747338788,-1.289813663328866e-09,9.393627283329262e-10,-0.039098174047887485,0.13717851929265967
64.04,-0.028008377598445294,0.12397115721855362,0.09116656658981462,-0.20399895849804744,-1.7234573923547265e-09,-1.369037174435921e-10,0.01755343336674566,-0.06740170145640827,0.08709189739089988,-0.1860071750202703,7.127669131984364e-05,-0.0003190084876941757,-0.010578257488417715,0.03438569212697142,0.0810627361094532,-0.1599826110343636,-1.2814672801682357e-09,9.038497651677956e-10,-0.04048591457523763,0.14200108687061827
64.05,-0.02922078764360733,0.127596715330745,0.09086462251953294,-0.20282337594284233,-1.7303002613177831e-09,-1.1272004571456925e-10,0.01620006307646522,-0.06235897173259105,0.08667512343813454,-0.18436229527076986,7.255727121434351e-05,-0.00032288193098021383,-0.011947093276162928,0.03937951745237075,0.08057624885408272,-0.1580524101167745,-1.2730308185764696e-09,8.67997275414829e-10,-0.04185940127825392,0.14677682515829146
64.06,-0.030420424076645018,0.1311206803431078,0.09054241164793117,-0.20156133073228752,-1.7371539828870805e-09,-8.851000924901762e-11,0.014840515119387348,-0.05729307919636913,0.0862399335761131,-0.18264172454031774,7.380587432159062e-05,-0.0003267006703478103,-0.013311933211923043,0.044361468865899735,0.08007397951792676,-0.15606006814305176,-1.2645078611256203e-09,8.318205152961719e-10,-0.0432181569860841,0.15150452995907404
64.07000000000001,-0.031606937471286956,0.13454315017227914,0.09020006108720047,-0.20021359900022462,-1.7440161478262648e-09,-6.42842237099151e-11,0.013475296475732564,-0.05220614571738818,0.0857865006578616,-0.18084640535577937,7.502207841621039e-05,-0.00033046536532526266,-0.01467227910692469,0.049329768483430264,0.07955612799922711,-0.15400658805603776,-1.2559020294215374e-09,7.953386140639336e-10,-0.04456170934667474,0.1561830083004636
64.08,-0.03277998850977666,0.13786433464927256,0.08983770650900781,-0.19878100003386048,-1.7508843394536637e-09,-4.0054655708117055e-11,0.012104916203681012,-0.04710029686038151,0.08531500500085719,-0.17897731100054923,7.62054657622501e-05,-0.0003341766950963898,-0.016027634161543222,0.05428264374011365,0.07902290029888333,-0.15189299152342098,-1.247216976731708e-09,7.585670495562471e-10,-0.04588959094615754,0.16081107826111826
64.09,-0.03393924795954924,0.1410845105127129,0.08945549204046019,-0.19726509980631768,-1.7577561365769433e-09,-1.6300694996723565e-11,0.010729885220804241,-0.041977845949934686,0.08482563428863714,-0.17703547057030253,7.735562301102255e-05,-0.00033783378584632367,-0.017377503142994407,0.059218319087204215,0.07847450841725917,-0.1497203457653223,-1.238456363023243e-09,7.215210321451865e-10,-0.047201339426794706,0.16538757958932623
64.1,-0.03508439665155443,0.14420372391566585,0.0890535701038663,-0.19566806282024843,-1.7646291811186609e-09,6.98302507920315e-12,0.009350716073767718,-0.03684118376976948,0.08431858345224318,-0.1750224574090346,7.847214169158523e-05,-0.0003414190714901429,-0.018721392565863453,0.06413492829803882,0.07791117024055377,-0.14748997118809054,-1.2296238895384676e-09,6.845710137024245e-10,-0.0484964976012324,0.1699114297826547
64.11,-0.036215125481060526,0.14722161779995313,0.08863210122682855,-0.19399157926767582,-1.7715011291392727e-09,3.010681359752921e-11,0.007967922705736387,-0.03169253148203056,0.08379405447984174,-0.1729412653645884,7.955461973176617e-05,-0.0003449093680584707,-0.020058810883126058,0.06903041244118878,0.07733310936829017,-0.1452046617135071,-1.220723229128285e-09,6.482572908032174e-10,-0.04977461357216149,0.1743812328499496
64.12,-0.037331135410278604,0.15013856535384618,0.08819125388107342,-0.19223678400347224,-1.778369686553242e-09,5.310538790221732e-11,0.006582020233212451,-0.026534026038005313,0.08325225618354486,-0.1707936537883032,8.060266286447372e-05,-0.0003483050483953996,-0.021389268681724118,0.07390293159394848,0.07674055487488483,-0.14286682736006284,-1.2117580162963272e-09,6.119215875271349e-10,-0.05103524086694833,0.17879556005124758
64.13,-0.038432137429403816,0.15295537843975412,0.08773120433900725,-0.19040542959947546,-1.7852325526529585e-09,7.573772750594934e-11,0.005193524726064519,-0.021367944049420936,0.08269340402350076,-0.1685805923988076,8.161588495274362e-05,-0.0003516075156913241,-0.02271227886712722,0.07875077510153253,0.07613374109990367,-0.14047761983625778,-1.202731888478235e-09,5.753285422703491e-10,-0.05227793857068219,0.18315328713131365
64.14,-0.03951785248504075,0.15567276222290918,0.08725213651084385,-0.1884992649826362,-1.7920874679792173e-09,9.811377178991893e-11,0.003802952983907054,-0.016196511630722825,0.0821177199828512,-0.16630345618670483,8.259390806971744e-05,-0.00035480944771075544,-0.024027356838868804,0.08357217740779338,0.07551290750637012,-0.13803824483891544,-1.1936484876853658e-09,5.387355661391524e-10,-0.05350227144227347,0.1874533720168806
64.15,-0.04058801140946722,0.1582912872158759,0.08675424178041258,-0.18651969216287304,-1.798932192130601e-09,1.2032742820103338e-10,0.0024108223150339494,-0.011021863963043476,0.08152543240720708,-0.1639646265620297,8.3536363292267e-05,-0.00035789377895020775,-0.0253340206696836,0.08836526129528122,0.0748782985368082,-0.13555070033121136,-1.1845114580875844e-09,5.026240330008906e-10,-0.05470781002502961,0.19169462481624186
64.16,-0.04164235484952519,0.16081181932401864,0.08623771886191327,-0.18446799179548232,-1.805764512414608e-09,1.424339259720796e-10,0.0010176503212146596,-0.005846123835745142,0.0809167757994309,-0.1615660632122158,8.444289170796211e-05,-0.00036085790211070197,-0.026631791288755105,0.09312823001263403,0.0742301634146279,-0.13301745297807102,-1.1753243990817855e-09,4.666606541247032e-10,-0.05589413076711531,0.19587571959978378
64.17,-0.042680633172289824,0.1632355922601995,0.08570277367400171,-0.1823452991010357,-1.812582221677179e-09,1.6448117142856744e-10,-0.00037604531401528327,-0.0006713786410661878,0.08029199064103106,-0.15910889407863568,8.531314474528264e-05,-0.00036370447767274306,-0.027920192659210582,0.09785941531537228,0.07356875594096549,-0.13043985967624158,-1.1660909193038092e-09,4.3052452840630347e-10,-0.057060816144923164,0.1999955486022797
64.18,-0.043702606344456565,0.16556391880853163,0.08514961922253002,-0.18015277906156107,-1.8193831093324751e-09,1.8643529349625995e-10,-0.0017697470347868567,0.004500292829286009,0.07965132326004036,-0.15659434155668955,8.614678409196764e-05,-0.00036643201833266165,-0.029198751947564716,0.10255715232065253,0.07289433434747421,-0.12781894008545788,-1.1568146142522362e-09,3.9431895241945735e-10,-0.05820745477574955,0.20405308802147004
64.19,-0.044708043797587874,0.16779821228910094,0.08457847548389613,-0.17789162219908944,-1.8261649869338664e-09,2.0826798779175994e-10,-0.003162937620853243,0.009666822756264142,0.07899502571160331,-0.15402359730724136,8.694348166064336e-05,-0.00036904094886348746,-0.030466999689821524,0.10721979638704547,0.07220716118293534,-0.1251558678506897,-1.1474990949112003e-09,3.580195527510248e-10,-0.05933364152253632,0.20804729677714495
64.2,-0.045696724286260856,0.1699399077914088,0.08398956927163503,-0.1755635019091981,-1.8329256808159551e-09,2.2977299317332199e-10,-0.004555100396519373,0.014826088292233253,0.07832335565592846,-0.1513979269480334,8.770291962444658e-05,-0.0003715292570967384,-0.03172446995649247,0.11184570320073976,0.07150750319971218,-0.12245179107713954,-1.1381479832897196e-09,3.216838029434717e-10,-0.06043897759597639,0.21197719279505892
64.21000000000001,-0.046668435740215584,0.17199053824332228,0.08338313407920199,-0.1731700738438641,-1.8396630572173704e-09,2.510856724481353e-10,-0.00594571944153003,0.019975983650723325,0.0776365762333612,-0.14871859060611298,8.842479054036874e-05,-0.000373894995760707,-0.03297070051645832,0.11643325242821652,0.07079563123729926,-0.11970789422389297,-1.128764914394915e-09,2.8536401386345977e-10,-0.061523070654203274,0.21584178843189233
64.22,-0.047622975111917876,0.17395161733225184,0.08275940992240058,-0.17071272432586962,-1.8463749698301342e-09,2.7225302353521156e-10,-0.007334279800378476,0.025114461795285307,0.07693495592176886,-0.1459873828077364,8.910879776379875e-05,-0.0003761284763995573,-0.034205233000571975,0.12098079333247955,0.0700718200815098,-0.11692610918301453,-1.119353481024834e-09,2.4946877564623066e-10,-0.06258553490541424,0.21963997188805204
64.23,-0.0485601482196424,0.17582477427377216,0.08211864319630019,-0.16819281239354933,-1.853059323139694e-09,2.9327908127214643e-10,-0.008720267687504975,0.03023950419373575,0.07621876836306202,-0.1432062463521884,8.975465607786632e-05,-0.00037822568843448687,-0.035427613066829455,0.12548665693700747,0.0693363482871423,-0.11410833192808315,-1.1099172875587368e-09,2.1366159656565118e-10,-0.06362599121595192,0.2233706570613122
64.24,-0.04947976957897486,0.17761184388901202,0.08146108654095156,-0.16561162788222075,-1.8597139986360534e-09,3.141980419121056e-10,-0.010103170689106308,0.03534911884688015,0.07548829219084668,-0.14037650797878756,9.03620920685515e-05,-0.00038018705318772786,-0.036637390563999735,0.12994927227346967,0.06858949801075179,-0.1112557101081707,-1.1004598916951825e-09,1.777630152567959e-10,-0.06464406721568304,0.22703288380540826
64.25,-0.050381662219761064,0.1793147340794377,0.08078699871088804,-0.16297046596961956,-1.866336932943243e-09,3.349832777116488e-10,-0.011482477962518611,0.040441331074632964,0.07474381088904673,-0.13749938164216252,9.093084422611607e-05,-0.0003820114336836031,-0.03783411968950337,0.13436710926240716,0.06783155488296067,-0.10836933050822242,-1.09098488641544e-09,1.4187741132148766e-10,-0.06563939739595874,0.23062571384077507
64.26,-0.051265657493569775,0.18093541607313632,0.08009664444516323,-0.16027063996516044,-1.872926038554707e-09,3.5563686114722144e-10,-0.01285768043361708,0.04551418510656237,0.0739856126663473,-0.13457614329564394,9.146066302298182e-05,-0.0003836983954078637,-0.039017359143045126,0.13873864698112334,0.06706280789784251,-0.10545030297671038,-1.081495843771683e-09,1.0596736015591547e-10,-0.06661162320365142,0.23414821985678758
64.27,-0.05213159487482329,0.18247592192800705,0.07939029433605058,-0.15751347394014734,-1.8794792617331103e-09,3.7614702180416177e-10,-0.014228270992329086,0.050565744662921096,0.07321399033057666,-0.13160804371610124,9.195131100931565e-05,-0.00038524712536349765,-0.04018667227817915,0.14306239018851402,0.06628354930292715,-0.10249971922939609,-1.071996345920851e-09,7.006676052369302e-11,-0.06756039313370643,0.23759949092162638
64.28,-0.052979321756094766,0.18393833854517663,0.07866822469643522,-0.1547003053058224,-1.885994557732498e-09,3.9650763865459326e-10,-0.015593744686162385,0.05559409398482686,0.0724292411625469,-0.12859635168300948,9.240256291777899e-05,-0.00038665698723343474,-0.041341627251856305,0.14733686179544092,0.06549407448956017,-0.09951867368260713,-1.0624899770521862e-09,3.417402638651326e-11,-0.06848536282023317,0.24097862980076792
64.29,-0.053808693238087124,0.18532480216066077,0.0779307174259628,-0.15183248335902916,-1.892469901524969e-09,4.1670608268496536e-10,-0.0169535989116655,0.06059733872707327,0.07163166678959432,-0.1255423328654149,9.281420578029575e-05,-0.00038792724436288414,-0.04248179717186173,0.15156060709833558,0.06469468188368292,-0.09650825435245886,-1.052980317237807e-09,-1.6894127225492815e-12,-0.06938619512610447,0.24428475500629143
64.3,-0.0546195719154531,0.18663747347634127,0.07717805987545752,-0.14891138570967424,-1.8989032790865526e-09,4.367300285313393e-10,-0.018307333603662577,0.06557360873134233,0.070821573058201,-0.12244727603355661,9.318603906177626e-05,-0.00038905699124419576,-0.04360676024226104,0.15573218821954057,0.06388567283629697,-0.09346956793676675,-1.0434709414164564e-09,-3.750740543192194e-11,-0.0702625602306739,0.24751701164206594
64.31,-0.05541182765900216,0.18787856306445783,0.07641054470959986,-0.14593839328564895,-1.9052926917822015e-09,4.565762851740046e-10,-0.01965445142217087,0.07052105606067803,0.06999926990570128,-0.1193124645143865,9.351787481162309e-05,-0.00039004541185481837,-0.044716099906828115,0.15985019118931634,0.06306735151351446,-0.09040370868224343,-1.0339654192822384e-09,-7.327856715863813e-11,-0.07111413571553245,0.2506745552882481
64.32000000000001,-0.056185337393473256,0.18905033349040526,0.07562846976899523,-0.14291488311767017,-1.9116361774501762e-09,4.762397402986932e-10,-0.02099445793704462,0.07543785487058365,0.0691650712320883,-0.11613917219980995,9.380953781816068e-05,-0.0003908918984839485,-0.04580940499016223,0.1639132276433883,0.062240024787451234,-0.08731175144682668,-1.024467328921528e-09,-1.0899842209214548e-10,-0.0719406066490427,0.25375654688569693
64.33,-0.05693998487097226,0.19015507661678807,0.07483213793207565,-0.13984224161311437,-1.9179317633777716e-09,4.957096007184164e-10,-0.022326861810320692,0.0803222039729665,0.06831929477231698,-0.11292867533507787,9.406086576017384e-05,-0.00039159587736423894,-0.04688626983634931,0.16791993189077642,0.061404002127491586,-0.08419479799621359,-1.0149802182569285e-09,-1.4457605441391442e-10,-0.07274166567003679,0.25676215912385725
64.34,-0.057675660441970575,0.19119508713830366,0.07402185697575828,-0.13672188278052477,-1.9241775212471046e-09,5.149573702029842e-10,-0.023651174976233546,0.0851723237499292,0.06746226196797503,-0.10968227279452092,9.42717093710387e-05,-0.0003921565158817599,-0.047946294445168736,0.17186896461523035,0.06055959547473984,-0.0810544641574961,-1.0055076362173293e-09,-1.798397008430453e-10,-0.07351701307222912,0.2596905190460331
64.35,-0.05839226082541348,0.19217266886704742,0.07319793943314529,-0.13355526617220492,-1.9303715370860467e-09,5.339450747929637e-10,-0.02496691281913494,0.08998645191224128,0.06659429783734033,-0.10640127789910478,9.444193261734052e-05,-0.00039257322187544685,-0.048989084605629445,0.17575901585221543,0.05970711909647016,-0.07789217406468962,-9.960531042882615e-10,-2.149652818662579e-10,-0.07426635688943228,0.2625407930055229
64.36,-0.05908968887715713,0.19309016678201976,0.07236070244144248,-0.13034407759550498,-1.936511921845137e-09,5.526324890486223e-10,-0.026273594350059642,0.09476282843056026,0.06571573083986106,-0.1030871469673761,9.45714130575569e-05,-0.00039283968709423293,-0.05001425202758675,0.17958877334648,0.058846889451824806,-0.07470896507212794,-9.866201275954265e-10,-2.5002310692894425e-10,-0.07498941297778688,0.2653122104057146
64.37,-0.05976785335608787,0.19394993322486434,0.0715104675813794,-0.12708988687326458,-1.942596819403954e-09,5.710761439442209e-10,-0.02757074238132097,0.09949974186844254,0.06482689272609311,-0.09974156935676065,9.466004235187482e-05,-0.000392954026588237,-0.05102141447303378,0.18335691991648786,0.05797922507949691,-0.07150590374869989,-9.772122051478695e-10,-2.8496573646584627e-10,-0.07568590509366223,0.26800401455300576
64.38,-0.06042666868862388,0.19475433867953287,0.07064756072289016,-0.12379410160345483,-1.948624391241711e-09,5.892976871139729e-10,-0.02885788369712117,0.10419553010399187,0.06392811838315003,-0.09636591535799989,9.470772659894215e-05,-0.0003929168460631179,-0.05201019588568645,0.18706220276417768,0.05710444649256238,-0.06828402577733791,-9.678328151130944e-10,-3.1980703771335955e-10,-0.07635556496910349,0.270615465199698
64.39,-0.06106605473229612,0.19550575373796908,0.06977231188065659,-0.1204581434819855,-1.9545928375190767e-09,6.072791967602135e-10,-0.03013454921952074,0.10884857079508682,0.06301974569573328,-0.09296141173912495,9.471438651312149e-05,-0.0003927274119759874,-0.05298022651669912,0.19070339435333258,0.05622287607460628,-0.06504435558382982,-9.584854472532776e-10,-3.545279135355412e-10,-0.07699813238512702,0.2731458561208149
64.4,-0.06168593654343236,0.19620640823538368,0.06888505507215095,-0.11708343435624811,-1.9605003561181803e-09,6.250202253929065e-10,-0.03140027416658206,0.11345739950539116,0.06210211541908445,-0.08952933277240836,9.4679957613982e-05,-0.0003923854365169665,-0.05393114305133707,0.19427915414352126,0.05533483797696372,-0.06178791923802739,-9.491735477223843e-10,-3.891252631625177e-10,-0.07761335523699761,0.2755946755624328
64.41,-0.06228624415637199,0.196858387321198,0.06798612817492214,-0.11367141121126725,-1.966345197578219e-09,6.425112992194821e-10,-0.032654598196970586,0.11802071217079056,0.061175571053579035,-0.08607091530786083,9.46043904515926e-05,-0.0003918899167966458,-0.05486258874402094,0.19778803447899362,0.054440658015993834,-0.05851574631342693,-9.399005863401768e-10,-4.2358662261524656e-10,-0.07820098958309289,0.2779616104028692
64.42,-0.0628669123752273,0.19746369469706104,0.06707587278315537,-0.1102235101834142,-1.9721256222257398e-09,6.597491750103166e-10,-0.03389706554053083,0.12253730113892482,0.060240458719984444,-0.08258740408707492,9.448765086306415e-05,-0.000391239982208126,-0.055774213562242485,0.20122854357471107,0.05354066357030327,-0.05522886136850843,-9.306699944414147e-10,-4.5790563895786957e-10,-0.07876079967679686,0.28024645488762245
64.43,-0.06342788057343644,0.19802430808400526,0.06615463406404215,-0.10674116510879408,-1.977839918872444e-09,6.767273091893594e-10,-0.03512722511967315,0.1270059992045106,0.05929712703540227,-0.07908003294947466,9.432972024429672e-05,-0.0003904347970716797,-0.05666567433426036,0.20459920593474248,0.05263518347843343,-0.051928279739889054,-9.214851988040585e-10,-4.920720826570013e-10,-0.07929255798826841,0.2824490321301606
64.44,-0.06396909249823995,0.19854214298301362,0.06522276061437468,-0.10322580671756765,-1.983486401065899e-09,6.934413914229663e-10,-0.03634463066466937,0.13142570972818707,0.05834592698964673,-0.07555003395514868,9.413059582202793e-05,-0.00038947362706637397,-0.05753663489732322,0.20789853077289386,0.05172454793733281,-0.048615009262438516,-9.123496046983746e-10,-5.26078671761141e-10,-0.07979604522048543,0.28456923552840124
64.45,-0.06449049607870318,0.19901911984564555,0.06428060431757139,-0.09967885811107312,-1.989063413438103e-09,7.098870353877604e-10,-0.03754884082457281,0.13579533861525245,0.0573872118220404,-0.07199863542594342,9.389029092075965e-05,-0.0003883559720980825,-0.05838676624458511,0.21112508336449845,0.05080908840176099,-0.04529004550370355,-9.032666152429024e-10,-5.59916479887941e-10,-0.08027105032201054,0.28660693345215943
64.46000000000001,-0.0649920432366079,0.19945710171182535,0.0633285202012967,-0.0961017372567404,-1.9945693176950463e-09,7.260584731417256e-10,-0.03873941927481605,0.14011384977510646,0.05642133689855794,-0.06842706150950012,9.360883521864765e-05,-0.0003870814583833802,-0.05921574666957563,0.21427742794638568,0.04988913748470626,-0.041954375600457984,-8.942395994006866e-10,-5.935770814794291e-10,-0.08071737049799506,0.2885620460924173
64.47,-0.06547368970131547,0.19985791517784873,0.06236686629569511,-0.09249585525708728,-2.0000025256907455e-09,7.419531990413449e-10,-0.03991593482084179,0.14438024080578332,0.055448659589366935,-0.06483653253517083,9.328627499407818e-05,-0.0003856498791566847,-0.06002326190884341,0.2173541533903211,0.048965028858764005,-0.0386089768922036,-8.852719299242101e-10,-6.270522874717362e-10,-0.08113481121855978,0.29043451139770815
64.48,-0.06593539482586615,0.20022344541957748,0.0613960034924611,-0.08886261032936878,-2.0053614433855824e-09,7.575648989426255e-10,-0.04107796150081316,0.14859344766573598,0.05446953914659994,-0.06122827011838719,9.292267335341e-05,-0.00038406145963450824,-0.06080900527958158,0.22035397208649463,0.048037097158630145,-0.03525481167317691,-8.763669357458354e-10,-6.603336667558477e-10,-0.08152318622882455,0.2922241519868916
64.49,-0.06637712140653863,0.20055539855769905,0.060416295404578116,-0.08520340397520725,-2.010644534027208e-09,7.728889757448728e-10,-0.0422250786857566,0.15275256622072556,0.05348433658233391,-0.05760348953210751,9.251811044405542e-05,-0.00038231626075815325,-0.061572677813915004,0.2232754908300511,0.04710567788450485,-0.031892843072498955,-8.675279473237608e-10,-6.934096266019019e-10,-0.08188231755870512,0.2939309708955707
64.5,-0.06679883550905838,0.20085551765311258,0.05942810822647646,-0.08151962706796824,-2.0158502780997095e-09,7.879227748009534e-10,-0.04335687117452291,0.15685664323506285,0.05249341454675985,-0.053963409237145495,9.20726836644541e-05,-0.0003804145658218386,-0.06231398839252825,0.22611742759371004,0.04617110730846274,-0.02852394640482865,-8.587582687997956e-10,-7.262765465132308e-10,-0.08221203554470509,0.2955543671116588
64.51,-0.06720050629903257,0.20112546749371985,0.05843181059499557,-0.07781265930408396,-2.0209771835900404e-09,8.026625491933273e-10,-0.04447292928605969,0.16090478853998688,0.05149713720660537,-0.050309238460393424,9.158650787220271e-05,-0.0003783565747939087,-0.06303265387498506,0.22887849685366726,0.045233722388990774,-0.025148872306106237,-8.500611807234673e-10,-7.589253585653525e-10,-0.08251217890149191,0.2970929774365813
64.52,-0.06758210588165026,0.20136671748404925,0.05742777345122989,-0.07408387639632306,-2.0260237924648114e-09,8.171037259041419e-10,-0.04557284894430689,0.16489628105877235,0.050495870124269156,-0.046642176131374405,9.105971560115461e-05,-0.0003761422689016661,-0.06372839923151735,0.23155729967620725,0.04429386069466697,-0.021768330897469754,-8.414399462732479e-10,-7.913517661826945e-10,-0.08278259485019418,0.29854520666021545
64.53,-0.06794360915081303,0.2015807972477112,0.05641636990324821,-0.07033463931632605,-2.0309886765011933e-09,8.312438642042304e-10,-0.04665623175668035,0.16883029635842894,0.049489980137486414,-0.042963426376261146,9.049245727816524e-05,-0.00037377206630176787,-0.06440095767524678,0.23415260634015903,0.04335186033277521,-0.018383016978583033,-8.328978069159538e-10,-8.235460590621219e-10,-0.08302313928603178,0.2999090441187212
64.54,-0.06828499364342283,0.20176910103482645,0.05539797508995461,-0.06656629816620391,-2.035870437997279e-09,8.450762603595085e-10,-0.04772268509471928,0.17270599671532258,0.04847983523896566,-0.039274192571241116,8.988490140203522e-05,-0.00037124668693391127,-0.06505007078572965,0.2366632697983038,0.042408059878940495,-0.014993642732800062,-8.244379818120421e-10,-8.555015295084062e-10,-0.08323367697397897,0.3011823838497067
64.55,-0.06860623940528975,0.20193282751142336,0.05437296604604951,-0.06278019423390407,-2.040667700797935e-09,8.585997776150982e-10,-0.04877182217645403,0.17652257567750704,0.04746580445603406,-0.03557567574489628,8.923723467526261e-05,-0.00036856696108418464,-0.06567548862391083,0.23908818059987869,0.0414627983062643,-0.011600918576370717,-8.16063653814932e-10,-8.872089573940702e-10,-0.08341408176563274,0.3023628508677487
64.56,-0.06890732887052634,0.20207314066069929,0.05334172156810539,-0.0589776537871949,-2.045379128533759e-09,8.71808259252641e-10,-0.04980326215206902,0.18027907817293148,0.04644825773024793,-0.031869082360357216,8.854966211267767e-05,-0.00036573400364407933,-0.06627696983664455,0.24142645405025218,0.04051641491294368,-0.008205595761274637,-8.077780046055279e-10,-9.186543783394772e-10,-0.08356423683202027,0.30344804490556826
64.57000000000001,-0.06918824675144584,0.20219104742052785,0.05230462208189886,-0.055159992056215364,-2.0500034182037915e-09,8.847002974308045e-10,-0.050816630198086944,0.18397449044326014,0.04542756579679202,-0.028155618605785204,8.782240715245716e-05,-0.0003627489910420696,-0.06685428174523743,0.24367733929494795,0.039569249247027295,-0.004808454108077751,-7.995841667245201e-10,-9.498361920266215e-10,-0.08368403490779244,0.3044354090811821
64.58,-0.06944897994069098,0.20228743438134886,0.05126204951078911,-0.05132851767973415,-2.0545392953793732e-09,8.972708797155594e-10,-0.05181155761565487,0.18760785453421455,0.044404100063942915,-0.024436485640781592,8.70557117750204e-05,-0.0003596132419490608,-0.06740720042276718,0.24584009097943427,0.03862164102408051,-0.0014104313400938632,-7.914852694715509e-10,-9.806650713077753e-10,-0.08377337855331346,0.30532207317707777
64.59,-0.06968951742287036,0.20236317563329573,0.05021438714503171,-0.04748452662849788,-2.0589855172082183e-09,9.095178170003474e-10,-0.05278768193084753,0.19117809504018493,0.04337823249275747,-0.020712885638727703,8.624983661289736e-05,-0.00035632852300340886,-0.06793551076266366,0.2479141522719741,0.03767393003340983,0.0019874350470093236,-7.834843903256859e-10,-1.0111774504694651e-09,-0.08383218042281328,0.30610557174007424
64.6,-0.06990985019217025,0.20241905098826876,0.04916201951212909,-0.04362930582546382,-2.0633408695309733e-09,9.214366957956445e-10,-0.05374464699977259,0.19468413288806374,0.04235033547696941,-0.016986015719797347,8.540506102458843e-05,-0.0003528969842368439,-0.06843900653573277,0.24989903547409412,0.03672645604078291,0.0053842546704761535,-7.755845774010731e-10,-1.0414129415742983e-09,-0.08386036352227899,0.30678332441587336
64.61,-0.07010997117843015,0.20245572720022278,0.048105332247945644,-0.039764140051679914,-2.067604175941612e-09,9.330224390812996e-10,-0.054682103113787024,0.19812496628677856,0.041320781723209944,-0.013257070026599961,8.452168314507289e-05,-0.0003493205451634627,-0.06891749044061297,0.25179423409288265,0.035779558697326616,0.008779165718100298,-7.677888565391325e-10,-1.0713301504740354e-09,-0.08385786148655394,0.3073520532181421
64.62,-0.07028987517891322,0.20247392981635917,0.047044711968574536,-0.03589029901858038,-2.0717742923464732e-09,9.442749616216506e-10,-0.055599707104950546,0.2014994643286182,0.04028994413160513,-0.009527238590555851,8.360001994891647e-05,-0.00034560108427520017,-0.06937077414773128,0.2535994378151859,0.034833577450041966,0.012171218873167943,-7.601002221886461e-10,-1.1009177489377504e-09,-0.08382461885789368,0.3078096226091734
64.63,-0.070449558793222,0.2024742628247336,0.045980546143361604,-0.032009040498109625,-2.0758501040605647e-09,9.55192625871914e-10,-0.05649712245588915,0.2048065102486559,0.039258195677003054,-0.005797699618408712,8.264040730121597e-05,-0.0003417409617188711,-0.06979867833235588,0.2553143874061569,0.03388885144797655,0.015559445769129846,-7.525216355421377e-10,-1.1301827985079111e-09,-0.08376059134181969,0.30815325112825337
64.64,-0.07058902036407005,0.20245729933295756,0.04491322296901954,-0.02812161574457247,-2.07983054018281e-09,9.65771351634759e-10,-0.05737401941138261,0.20804499097212012,0.03822590929103968,-0.0020696258126958853,8.164319995302625e-05,-0.0003377428810167344,-0.0702010326995235,0.2569388797106987,0.03294571944492569,0.018942851953483428,-7.450560225703905e-10,-1.1590999003471905e-09,-0.08366574608397366,0.3083797787669676
64.65,-0.070708259921746,0.20242362177538797,0.04384313124456716,-0.02422926743093085,-2.0837145537652065e-09,9.7601012156096e-10,-0.058230075093186645,0.21121367346781822,0.03719345774537429,0.0016558315365349822,8.060877150250707e-05,-0.0003336097118795715,-0.07057767600374257,0.25847275825151644,0.03200451969915391,0.0223204003333936,-7.377062853306185e-10,-1.1876488796847626e-09,-0.08354006195160031,0.30848691444714427
64.66,-0.07080727913292917,0.20237367802145304,0.042770660246985226,-0.020333232988588284,-2.087501119319031e-09,9.859037970805718e-10,-0.05906497361980132,0.21431135384128808,0.0361612135376575,0.005377571782288681,7.953751435107578e-05,-0.0003293442693103659,-0.07092845607477738,0.25991555883363615,0.03106558986931246,0.025691015406766864,-7.304752651125224e-10,-1.2158279487921998e-09,-0.08338352979040187,0.30847201688444387
64.67,-0.07088608126190832,0.20230772482176831,0.04169619960752927,-0.016434742535112887,-2.091189283517158e-09,9.954529155907405e-10,-0.0598784062287654,0.2173367763197078,0.03512954878137973,0.00909452516622898,7.842983962937216e-05,-0.00032494954455743066,-0.0712532298614785,0.2612666949641055,0.03012926690641503,0.029053582587655575,-7.233657977504369e-10,-1.2436173787132205e-09,-0.0831961526895034,0.3083321860653485
64.68,-0.07094467114441823,0.2022260033280569,0.04062013918866795,-0.012535021085620596,-2.0947780914442243e-09,1.0046517587649369e-09,-0.06067007140083577,0.22028868824413977,0.03409883509840776,0.012805627075588827,7.72861770761979e-05,-0.00032042857772880196,-0.07155186348831875,0.2625255610403292,0.029195886942522828,0.03240696767212261,-7.163806631726439e-10,-1.2710003850280452e-09,-0.08297794624841129,0.3080650953237995
64.69,-0.07098305516916613,0.2021286540239591,0.03954286896156013,-0.008635289151611825,-2.0982666321481245e-09,1.0134986250847976e-09,-0.061439674984915635,0.22316584077700466,0.033069443511835765,0.016509794978312453,7.610697518413988e-05,-0.0003157758453200025,-0.07182423231905574,0.2636914293188524,0.028265785176626656,0.03575000196220204,-7.095225932916153e-10,-1.2979647329884233e-09,-0.08272893881970922,0.30766845222727157
64.7,-0.07100124126785243,0.20201571427717102,0.038464778883964705,-0.004736763803519512,-2.101654041895733e-09,1.021988773405379e-09,-0.06218693032185471,0.22596701342189696,0.032041744335131184,0.020205851547303085,7.489270148203376e-05,-0.0003109952129392366,-0.07207022102557636,0.26476361172125357,0.02733929575719705,0.039081476464162455,-7.02794301009716e-10,-1.3244959277407067e-09,-0.08244917174177874,0.30713986572798607
64.71000000000001,-0.0709992389130816,0.20188719620035392,0.03738625877860515,-0.0008406558859232082,-2.1049394782874732e-09,1.030123518851236e-09,-0.062911558366121,0.22869100681611543,0.031016107058962166,0.023892707358038168,7.364384226393565e-05,-0.00030609738908006013,-0.07228972365661082,0.26574143896879265,0.026416751661899194,0.04240017671067962,-6.961984344561297e-10,-1.35057795276695e-09,-0.08213869956204338,0.3064773876840554
64.72,-0.07097705912450136,0.20174295253846986,0.03630769821205406,0.0030518283091935487,-2.1081221376008768e-09,1.0378969921487627e-09,-0.06361328780783505,0.23133655773446563,0.029992900242645476,0.027569342581304015,7.236090200133291e-05,-0.000301085614181552,-0.07248264370848818,0.2666241201903283,0.025498484575515692,0.045704864598749284,-6.897376101407771e-10,-1.376198043956718e-09,-0.08179759023886461,0.30567911593897334
64.73,-0.07093471448433125,0.20158280362109912,0.035229486374068794,0.0069394857313296475,-2.1112012583517712e-09,1.045309836041155e-09,-0.06429185519567512,0.23390246330948958,0.028972491409892363,0.03123470890913675,7.104440300605899e-05,-0.000295962867907548,-0.07264889419983551,0.26741091923628346,0.024584824766069678,0.04899428493797625,-6.834143911639713e-10,-1.4013416252956442e-09,-0.0814259253263059,0.3047433463313761
64.74,-0.0708722191571221,0.20140658709155337,0.0341520119573526,0.010821118880423641,-2.1141761087165938e-09,1.0523560477906863e-09,-0.06494700505562268,0.23638759957896702,0.027955246944299832,0.03488775067155732,6.969488520077165e-05,-0.00029073311550145757,-0.07278839774195198,0.26810123043048234,0.023676100959819008,0.052267188309244574,-6.772313024623293e-10,-1.4259948939645214e-09,-0.0810238001351771,0.30366879681904424
64.75,-0.07078958891358103,0.20121400228370687,0.03307566303780871,0.014695535143530346,-2.117045989651891e-09,1.0590357034003674e-09,-0.06557849000693342,0.23879076763258628,0.026941531983882504,0.038527410992400056,6.831290581978147e-05,-0.0002853999913318435,-0.07290108660349892,0.26869438840423476,0.02277264021660506,0.05552233831630695,-6.711908061602191e-10,-1.4501454456357475e-09,-0.08059132386142466,0.3024544413199249
64.76,-0.0706868411637332,0.20100465650653973,0.032000826955194454,0.018561543366188257,-2.1198102496938874e-09,1.0653448533757496e-09,-0.06618607088066623,0.24111075514657096,0.02593171031549967,0.04215263610839634,6.689903907228021e-05,-0.0002799677039332293,-0.07298690278012536,0.26918957980165115,0.021874767807447213,0.05875854666481755,-6.652953322243783e-10,-1.4737805645660892e-09,-0.08012861967615302,0.30109981724416324
64.77,-0.07056399499801531,0.20077813578228149,0.03092789019398982,0.022417953756966414,-2.1224682582095735e-09,1.0712804923660723e-09,-0.06676951683647861,0.24334647543159277,0.024926144268825234,0.04576235310415562,6.54538757568586e-05,-0.0002744409192183462,-0.07304579806844015,0.2695861254247747,0.020982807095593768,0.0619746516059433,-6.595472379662107e-10,-1.4968901021143671e-09,-0.07963582476917734,0.29960490223339264
64.78,-0.07042107123267524,0.20053397939344314,0.029857238264469774,0.02626357987756108,-2.1250194405316862e-09,1.0768407385123084e-09,-0.06732860546932933,0.245496976436009,0.023925194608911633,0.049355472032255654,6.39780228124281e-05,-0.00026882445170213726,-0.07307773412898656,0.26988358243767185,0.02009707941980195,0.06516949020802845,-6.539488478400929e-10,-1.5194622642613433e-09,-0.07911309035430138,0.29796984912946706
64.79,-0.07025809246232272,0.20027158306752268,0.028789255583886373,0.03009723247676675,-2.127463244839658e-09,1.0820211831029758e-09,-0.06786312290813291,0.24756127109779075,0.022929220427448327,0.052930900010984015,6.247210284796079e-05,-0.00026312243314497184,-0.0730826825422184,0.27008127075292465,0.019217903978134106,0.06834190102054329,-6.4850241962681e-10,-1.541486648541258e-09,-0.07856058165617218,0.2961948456534012
64.8,-0.07007508312594148,0.19999016557675728,0.02772432535615345,0.03391767599777014,-2.1297991578601154e-09,1.0868213901152492e-09,-0.06837286391373466,0.24953836429672568,0.021938579033407554,0.05648753977539248,6.09367536555601e-05,-0.00025733982463427995,-0.07306062488723283,0.2701780013068727,0.01834559771178204,0.07149072178335868,-6.432101637963104e-10,-1.5629535546925067e-09,-0.07797847789057719,0.29428012415916566
64.81,-0.06987206958161517,0.19968903786541653,0.02666282945042637,0.03772371484649874,-2.132026715633398e-09,1.091239980684494e-09,-0.0688576319711218,0.2514274829534213,0.02095362584298801,0.060024280089410346,5.937262766418747e-05,-0.00025148192028877933,-0.073011552828098,0.27017330529575123,0.017480475189024434,0.07461479477075594,-6.3807423606275e-10,-1.5838516783425812e-09,-0.07736697223309612,0.29222620056535886
64.82000000000001,-0.06964908018095373,0.19936748560381568,0.025605148281953736,0.04151419258800211,-2.1341454823555985e-09,1.0952782909068422e-09,-0.06931723936918921,0.2532279072347098,0.01997471426846134,0.06353999919108277,5.7780391363806284e-05,-0.00024555317827625023,-0.0729354681689728,0.27006689843078147,0.016622848489569186,0.07771296788448528,-6.33096727102786e-10,-1.604173147307932e-09,-0.07672627176916208,0.29003371098710223
64.83,-0.0694061453507385,0.19902454127902877,0.02455166069556353,0.045287949779181665,-2.13615505115229e-09,1.0989321542050637e-09,-0.06975150727558002,0.2549388496233821,0.019002195605457746,0.06703355038226375,5.616072474324323e-05,-0.00023955798294107835,-0.07283238291599367,0.2698575211021828,0.015773027089340422,0.08078409141379386,-6.28279671367784e-10,-1.623906569648831e-09,-0.07605659743308796,0.28770327531533796
64.84,-0.06914329768617722,0.19865928153978987,0.023502743850036152,0.04904383533358047,-2.13805507311017e-09,1.1022029927075442e-09,-0.0701602658083214,0.2565597007629434,0.018036418918740478,0.07050378454431379,5.4514320695435106e-05,-0.0002335016170676043,-0.07270231937038993,0.26954434442304115,0.01493131774570222,0.08382702225514621,-6.236250546947438e-10,-1.643044761614873e-09,-0.07535818393823414,0.28523574958950226
64.85,-0.06886057204503679,0.1982708447710955,0.02245877310297487,0.0527807026989894,-2.1398452238501502e-09,1.105086429793401e-09,-0.07054335409621042,0.25808997418042806,0.01707773092734812,0.0739495517928529,5.2841884371312616e-05,-0.00022738890880785135,-0.07254531020769288,0.26912692524111764,0.014098024383333711,0.08684062621145729,-6.191347900778152e-10,-1.6615775655164378e-09,-0.07463127968989491,0.28263218243872856
64.86,-0.06855800563891128,0.19785833389716018,0.021420121896484207,0.056497418758501054,-2.1415252234213414e-09,1.107585516004059e-09,-0.07090062033000152,0.2595291707880784,0.016126475888837977,0.07736967576301358,5.1144132535790275e-05,-0.00022122405767847515,-0.0723613985413199,0.26860443409158896,0.013273447980905956,0.08982377647330972,-6.148107449143649e-10,-1.6794987447237404e-09,-0.07387614668021955,0.279893745286891
64.87,-0.06823563812785206,0.19742075859372565,0.02038716164445803,0.06019287804171847,-2.143094822439133e-09,1.1096969191428214e-09,-0.0712319218134403,0.2608767382009418,0.015182995481256975,0.08076294921885549,4.942179293353457e-05,-0.00021501140739018946,-0.0721506380075128,0.26797572096978667,0.01245788645858234,0.09277535528701868,-6.106547040232122e-10,-1.6967990002073263e-09,-0.07309306036681172,0.2770218188260984
64.88,-0.0678935117209996,0.19695710432399507,0.019360261622287867,0.06386600052794622,-2.144553820523754e-09,1.1114199213162974e-09,-0.07153712502022476,0.2621320253791555,0.014247628683128963,0.08412816691011049,4.767560363408448e-05,-0.00020875541658040586,-0.07191309286659689,0.26723986750168205,0.011651634566508626,0.09569425763783221,-6.06668418864141e-10,-1.7134717651745285e-09,-0.07228230953280083,0.2740179706826503
64.89,-0.06753167127976621,0.19646637059357855,0.01833978885833192,0.06751570472698445,-2.1459020413420672e-09,1.1127545408985552e-09,-0.07181610565582305,0.2632944160292893,0.013320711652920252,0.08746412316090982,4.590631236631828e-05,-0.00020246004896629438,-0.07164883809209328,0.2663961836035305,0.01085498377453992,0.09857939231051566,-6.02853544786221e-10,-1.7295105067137408e-09,-0.07144419613122137,0.2708838440140499
64.9,-0.0671501644232742,0.19594747506982216,0.017326108026316105,0.07114092529925874,-2.1471393700275223e-09,1.1136984550023689e-09,-0.0720687487261382,0.2643630797334854,0.012402577607753344,0.0907695872363363,4.411467587531401e-05,-0.00019612877462766223,-0.07135795944782139,0.2654438549979668,0.010068222163324269,0.10142968173072454,-5.992117058667424e-10,-1.7449078076352828e-09,-0.07057903512031953,0.26762113558572354
64.91,-0.06674904164303114,0.19539915628050505,0.016319581338846118,0.07474060788818564,-2.148265700998357e-09,1.114252511580572e-09,-0.07229494861365077,0.2653372642554637,0.011493556700442838,0.09404331431173243,4.2301459282503895e-05,-0.00018976554379371765,-0.07104055356899548,0.26438199086074726,0.00929163431687947,0.10424406598088228,-5.957444376719417e-10,-1.7596584571606135e-09,-0.0696871542880139,0.2642317595782929
64.92,-0.0663283564280377,0.19482015183394613,0.015320568441581625,0.07831369158002968,-2.1492809901670867e-09,1.1144137980341813e-09,-0.07249460914890413,0.26621638039759205,0.01059397589582127,0.09728407504772857,4.046743542153684e-05,-0.0001833741744779655,-0.07069672804084894,0.2632099826111618,0.00852550121686738,0.10702150306803505,-5.92453222881121e-10,-1.7737562510594719e-09,-0.06876889406069056,0.2607177557459758
64.93,-0.06588816539106991,0.19420927532182095,0.014329426307442076,0.08185911983860539,-2.150185220876975e-09,1.1141830710511712e-09,-0.07266764368250828,0.2669995114376026,0.009704158847295492,0.10049063172104712,3.861338418240807e-05,-0.0001769577136868717,-0.0703266014603768,0.2619273662885481,0.007770100138561606,0.10976096581744657,-5.893394740366633e-10,-1.7871963107145197e-09,-0.06782460730306114,0.25708111349671786
64.94,-0.06542852839629427,0.19356517398349757,0.013346509131208096,0.08537584604057363,-2.150978419125762e-09,1.113558190779491e-09,-0.07281397516969218,0.2676857539047434,0.008824425773300266,0.10366174669596273,3.6740091878987915e-05,-0.00017051938846350336,-0.06993030348594756,0.2605336592274394,0.007025704548578328,0.11246144895299211,-5.864045422029348e-10,-1.7999730210845311e-09,-0.06685465911100381,0.25332404990306406
64.95,-0.06494950869607481,0.1928864125305305,0.012372168224616854,0.08886282081634028,-2.1516606584398162e-09,1.1125391355251573e-09,-0.07293353625323758,0.26827444539951484,0.007955093334180206,0.10679620136480206,3.4848350611141806e-05,-0.0001640624292623946,-0.06950797487978731,0.25902854730040925,0.006292584004700606,0.11512197044843658,-5.836497089049916e-10,-1.8120831492405677e-09,-0.06585942658818951,0.24944897555925524
64.96000000000001,-0.06445117307124158,0.19217167969786084,0.011406751911221638,0.09231898510693773,-2.152232027303419e-09,1.1111249886726494e-09,-0.07302626933528927,0.26876488989597147,0.0070964745109966315,0.10989280890948956,3.2938957626293945e-05,-0.00015758965528664802,-0.06905976753146711,0.25741207446564945,0.005571004057835855,0.11774156611657337,-5.810761855676228e-10,-1.823522025101788e-09,-0.06483929860919706,0.2454582836462896
64.97,-0.06393359196691471,0.19141966005455294,0.010450605420801331,0.09574328244543977,-2.152692684307352e-09,1.1093147563594142e-09,-0.07309212665027151,0.26915625519516206,0.006248878488425716,0.11295045195573684,3.101271469987786e-05,-0.00015110367946040947,-0.06858584444778619,0.2556846930245234,0.004861226156052836,0.12031929569525511,-5.786851229090781e-10,-1.8342862147048966e-09,-0.06379467557366492,0.24135456188402507
64.98,-0.06339683962868835,0.19062895113218895,0.00950407078376176,0.09913465806860404,-2.1530427973518713e-09,1.1071072740529544e-09,-0.07313107034560744,0.269447695887909,0.005412610543056001,0.1159680565457647,2.907042753361291e-05,-0.00014460692447348778,-0.06808637971004593,0.2538470295710753,0.004163507550996881,0.12285424625762036,-5.764775985345345e-10,-1.844373074722878e-09,-0.06272596914481447,0.23714060443768772
64.99,-0.06284099424264994,0.18979816542997166,0.008567486725447875,0.10249204987712557,-2.1532826064543466e-09,1.1045032772185847e-09,-0.07314307256033137,0.2696385432577693,0.004587971935689307,0.11894456446610699,2.7112905165632417e-05,-0.00013810164043417893,-0.06756155841144108,0.2518998151183031,0.0034781012068508792,0.12534552827497286,-5.744546300909622e-10,-1.8537797158139154e-09,-0.06163360197313711,0.2328192314753044
65.0,-0.062266138075600067,0.1889259379645187,0.0076411885599898645,0.10581439123485865,-2.1534123578803266e-09,1.1015022646760707e-09,-0.0731281154893649,0.26972831908875106,0.0037752598058240702,0.12187893518687413,2.5140959393239982e-05,-0.00013158987438449885,-0.06701157658237634,0.24984389352419067,0.002805255711713692,0.12779227558528142,-5.726171534303915e-10,-1.862504622386936e-09,-0.060518007414107004,0.22839328322884572
65.01,-0.061672357617368355,0.18801078748678257,0.006725508083257205,0.10910059847610538,-2.153432355405163e-09,1.0981001260479502e-09,-0.07308619145322473,0.26971595145302607,0.0029747670677066447,0.12477014058740074,2.3155404217342725e-05,-0.00012507323312556504,-0.0664366411090644,0.24768007930942368,0.002145215191495729,0.13019365122630144,-5.7096604819755e-10,-1.870545253141301e-09,-0.05937962923960063,0.22386575526836655
65.02,-0.06105974372931793,0.18705120098736566,0.005820773464655353,0.1123495805495265,-2.153342942837599e-09,1.0943008219472818e-09,-0.07301730299478887,0.2696003200662915,0.0021867823078395533,0.1276171685490542,2.1157055315184915e-05,-0.00011855308002777063,-0.06583696964975243,0.2454092387929084,0.001498219226550313,0.132548845176099,-5.695021180119549e-10,-1.8779013836173624e-09,-0.058218921339040205,0.21923971499534647
65.03,-0.060428391793746164,0.18604575881713722,0.004927309138770614,0.11556026414523023,-2.1531445055531514e-09,1.0901046976277993e-09,-0.0729214629646096,0.26938113321807966,0.00141158968421104,0.13041902916513756,1.9146729529504934e-05,-0.00011203081433651888,-0.06521279054370402,0.24303240929402076,0.0008645027708894603,0.13485706936622807,-5.682261031933363e-10,-1.8845711801280026e-09,-0.05703634741553521,0.21451817768505452
65.04,-0.059778401862243334,0.18499294296430635,0.004045435696278505,0.11873152836361808,-2.1528374506467826e-09,1.0855070402756147e-09,-0.07279869459050031,0.26905731432078295,0.000649468827393781,0.1331747473032174,1.7125244373926662e-05,-0.00010550734146519549,-0.06456434271138814,0.2405506065043536,0.00024429607395913376,0.13711756629569746,-5.671386709668219e-10,-1.8905551610669018e-09,-0.05583238067901193,0.20970429394937234
65.05,-0.0591098788068821,0.18389123840144994,0.0031754697722173953,0.12186223169219575,-2.152422249065155e-09,1.080510956742794e-09,-0.07264903157731818,0.2686275340959543,-9.930525661893487e-05,0.13588336626110814,1.5093417567410561e-05,-9.898335859481276e-05,-0.06389187555009399,0.2379649198913022,-0.0003621753948297457,0.13932960481085654,-5.662404213496245e-10,-1.895852046541e-09,-0.05460750353260866,0.20480124954035064
65.06,-0.05842293247036748,0.18273921877659136,0.0023177239330674933,0.1249512573221185,-2.151899394485518e-09,1.0751186807090694e-09,-0.07247251821461172,0.2680911154280361,-0.0008344622816426003,0.13854395308411177,1.305206658605856e-05,-9.245965196831955e-05,-0.06319564882156249,0.23527659361904035,-0.0009546910189759779,0.14149247612318086,-5.655318843195716e-10,-1.90046331670119e-09,-0.05336220725618723,0.19981218114208898
65.07000000000001,-0.05771767781017269,0.18153550559810996,0.001472506563286288,0.12799744447304037,-2.1512694335074194e-09,1.0693276079638612e-09,-0.07226920947053687,0.267446944630631,-0.001555736774343335,0.141155595904686,1.1002008217198866e-05,-8.593698472831516e-05,-0.06247593252718562,0.23248698027682183,-0.0015330351054221717,0.14360549466674527,-5.650135260284281e-10,-1.9043884695471764e-09,-0.052096991691882436,0.19474021564485364
65.08,-0.05699423503703177,0.18027876656600947,0.0006401217487116962,0.13099958538462383,-2.150532937599923e-09,1.063139332995276e-09,-0.07203917110648607,0.26669351838835065,-0.0022628681650931765,0.14371740478558373,8.944058115528661e-06,-7.941613630660198e-05,-0.061733006771634534,0.22959753513988745,-0.002096996952780253,0.14566799826546076,-5.646857343018774e-10,-1.907628861239483e-09,-0.05081236493137358,0.18958847152709862
65.09,-0.056252729748990336,0.178967705342838,-0.0001791308425277642,0.13395649484094552,-2.1496905268157136e-09,1.0565565038289777e-09,-0.07178247980669995,0.2658297510999539,-0.002955600876583024,0.14622851388354996,6.87903036071145e-06,-7.289794135788764e-05,-0.06096716161648982,0.22660980404719724,-0.0026463709171767407,0.147679349631914,-5.645488327956369e-10,-1.9101853476445343e-09,-0.04950884300372575,0.18436006882576264
65.1,-0.05549329306283856,0.17760102000974884,-0.0009849560796872162,0.13686696267426918,-2.1487428576832512e-09,1.049578896896088e-09,-0.07149922329658609,0.264854504393183,-0.0036336844101117916,0.14868808008805087,4.807737020065068e-06,-6.638312271892533e-05,-0.06017869692597061,0.2235253785011283,-0.003180956475557935,0.14963893904517622,-5.646030779502913e-10,-1.912059286644568e-09,-0.04818694956206299,0.1790581685933427
65.11,-0.05471606174524739,0.1761774008590011,-0.0017770634908162953,0.13972974793142506,-2.1476906321863337e-09,1.0422085530924358e-09,-0.07118950045908175,0.26376652069239653,-0.004296873429573061,0.15109528313932527,2.7309877246447586e-06,-5.987227886615615e-05,-0.059367922207414534,0.2203458893756758,-0.0037005582862795904,0.1515461847871835,-5.648486566905851e-10,-1.91325214323238e-09,-0.04684721556688901,0.17368597417187245
65.12,-0.0539211783432732,0.17469557147516554,-0.002555167385458134,0.14254363314224563,-2.1465345827293926e-09,1.034448654815343e-09,-0.0708534214478461,0.26256486989995553,-0.004944927843086119,0.15344932803290273,6.495892590244028e-07,-5.3366031115539924e-05,-0.058535156446589895,0.21707304309432,-0.004204986246981237,0.15340053073060453,-5.652856889276868e-10,-1.9137664701824275e-09,-0.04549017896646029,0.16824669070937284
65.13,-0.053108791312929726,0.17315426640643508,-0.003318986977131196,0.1453073900124232,-2.145275493897414e-09,1.0263004370672265e-09,-0.07049110778533199,0.26124866448963924,-0.005577612882170664,0.1557494443724639,-1.4356548382198556e-06,-4.686493135373353e-05,-0.05768072793698424,0.21370859548841636,-0.004694055549809246,0.15520144785195383,-5.659142274890107e-10,-1.9136035846596336e-09,-0.04411638437554937,0.16274354587128612
65.14,-0.05227905514536617,0.17155225569396168,-0.004068246504894092,0.14801982223709254,-2.1439141690932426e-09,1.01776856264205e-09,-0.07010269244325122,0.25981730996494345,-0.006194699178406069,0.1579948877771182,-3.5239446639491823e-06,-4.03695536206375e-05,-0.056804974103038516,0.21025437146153858,-0.005167586734013394,0.15694843254896054,-5.667342478431918e-10,-1.9127675385187528e-09,-0.04272638275312252,0.157179765544146
65.15,-0.05143213048918925,0.16988836703989083,-0.004802675351150291,0.150679811092286,-2.1424514684167282e-09,1.0088548761986314e-09,-0.06968831989196587,0.2582707228876024,-0.006795962837476677,0.16018494125538327,-5.614484333339484e-06,-3.3880579425802295e-05,-0.055908241316344386,0.20671228208799522,-0.005625405736028221,0.15864100478493745,-5.677456700131294e-10,-1.9112590244985635e-09,-0.04132073108039816,0.15155855203557697
65.16,-0.05056818426652328,0.16816151279464667,-0.005522008150516704,0.15328638277769857,-2.140888277838035e-09,9.995656776387886e-10,-0.06924814609477097,0.25660960041127473,-0.0073811855104608136,0.16231891671260099,-7.706482365744672e-06,-2.7398908753522473e-05,-0.05499088470290841,0.20308434612518483,-0.006067343937241484,0.16027870556016297,-5.689483395356344e-10,-1.9090825822371593e-09,-0.03989999204164566,0.14588305796694753
65.17,-0.049687389782038696,0.16637065727566006,-0.006225984887517465,0.15583864402436892,-2.1392255318048254e-09,9.899033886925845e-10,-0.06878233844170684,0.25483502330860264,-0.007950154462292835,0.164396153954975,-9.799152074265065e-06,-2.0925520919754012e-05,-0.0540532679412005,0.19937265375150415,-0.006493238209542698,0.16186109917632,-5.703420335790278e-10,-1.906240441431318e-09,-0.03846473370850254,0.1401564169020079
65.18,-0.04878992682693615,0.1645147875623422,-0.006914350986877316,0.15833571973819596,-2.137464194859733e-09,9.798737073605569e-10,-0.06829107564809844,0.2529481022043472,-0.008502662637452993,0.16641601955456925,-1.1891711951266355e-05,-1.4461349166898758e-05,-0.05309576305336012,0.195579333922215,-0.006902930958518373,0.1633877755196923,-5.719264692694707e-10,-1.902736050626277e-09,-0.0370155292259765,0.13438177041067603
65.19,-0.04787598177971765,0.16259292180229343,-0.007586857400383905,0.16077676540988386,-2.135605265469011e-09,9.694812123111135e-10,-0.06777454764107525,0.25095004414043254,-0.009038508722946252,0.16837790732571853,-1.3983386040530756e-05,-8.007309709601176e-06,-0.05211875019177628,0.19170655810769097,-0.007296270164158865,0.16485834935898286,-5.737012903293029e-10,-1.898572960202726e-09,-0.035552956498456856,0.12856225937393348
65.2,-0.04694574770391489,0.16060410924867732,-0.008243260691127262,0.16316096099154148,-2.133649795195872e-09,9.587307102430694e-10,-0.0672329554388647,0.24884211730175387,-0.009557497208596211,0.17028123744209245,-1.607340430029466e-05,-1.564479577342701e-06,-0.05112261742166336,0.18775653490227698,-0.007673109419075203,0.16627246004841303,-5.756660821938526e-10,-1.89375599371285e-09,-0.034077597875627495,0.12270102417542153
65.21000000000001,-0.045999424442515,0.15854743317875333,-0.008883323115043541,0.16548751512114157,-2.131598840273616e-09,9.476273539975695e-10,-0.06666651102280965,0.2466256663999721,-0.010059438444656704,0.172125457471647,-1.816100296093127e-05,4.866071067731401e-06,-0.050107760499842384,0.1837315095636149,-0.008033307964487108,0.1676297639930266,-5.778203511216571e-10,-1.888300119685973e-09,-0.03259003983855759,0.11680120095191165
65.22,-0.045037218708907666,0.15642201204876308,-0.009506812699699286,0.16775566434354727,-2.1294535282652576e-09,9.361777910976636e-10,-0.06607543720236113,0.24430210245891051,-0.010544148696697161,0.17391004270914007,-2.0245424864910828e-05,1.1283494790668071e-05,-0.04907458264994162,0.17963376125820898,-0.008376730725736472,0.1689298900655072,-5.801635588130374e-10,-1.882216596876613e-09,-0.03109087268608074,0.11086592385951637
65.23,-0.04405934417413887,0.1542270027812018,-0.010113503320256099,0.1699646736249259,-2.1272149994755783e-09,9.243875693034304e-10,-0.06545996747315631,0.241872905807478,-0.011011450197754104,0.1756344952359409,-2.232591977333628e-05,1.7687225230642417e-05,-0.04802349433423556,0.17546560061807873,-0.008703248347176663,0.17017252060345026,-5.826950877920398e-10,-1.8754946700343487e-09,-0.029580690221748526,0.10489831462240662
65.24,-0.04306602155027881,0.15196160084866261,-0.01070317477256053,0.1721138377972741,-2.1248844302020243e-09,9.12261361116106e-10,-0.06482034586836104,0.2393396219493541,-0.01146117119773656,0.17729834561269134,-2.440174464474039e-05,2.407653809164482e-05,-0.04695491302236053,0.17122936778495756,-0.009012737223250005,0.17135739363294908,-5.854142554855213e-10,-1.868133490388415e-09,-0.028060089441930454,0.09890147921481052
65.25,-0.04205747866976877,0.14962504275441346,-0.01127561284327365,0.17420248172181613,-2.1224630410107548e-09,8.998054581469061e-10,-0.06415682680344753,0.23670386077959327,-0.011893146010032711,0.17890115247388239,-2.647216390530166e-05,3.0450580091032574e-05,-0.04586926295711628,0.16692743019953296,-0.00930507952524817,0.17248426384615048,-5.883203327123268e-10,-1.8601404928006816e-09,-0.026529670225401182,0.0928785088786232
65.26,-0.04103395056053252,0.1472166086795298,-0.01183060937701496,0.17622995989820345,-2.119952070383035e-09,8.870255104590804e-10,-0.06346967491459703,0.23396729428404753,-0.012307215055331869,0.18044250165307288,-2.8536449712367683e-05,3.6808535900208714e-05,-0.04476697491758392,0.1625621800340566,-0.009580163225367502,0.17355291138596474,-5.91412507928152e-10,-1.8515195581169638e-09,-0.024990035024525795,0.08683247695840332
65.27,-0.03999567951662949,0.14473562419426964,-0.012367962340522884,0.178195656947346,-2.117352802119348e-09,8.739286915949092e-10,-0.06275916489091042,0.23113165481042097,-0.012703224902710772,0.18192200624845814,-3.0593882203816106e-05,4.3149568523425145e-05,-0.043648485979796585,0.15813603197576515,-0.009837882118557182,0.17456313662938197,-5.946899182893687e-10,-1.842275635039882e-09,-0.023441788558244265,0.08076643684164325
65.28,-0.03894291516424626,0.14218146221942796,-0.0128874758838119,0.1800989877124762,-2.114666550650094e-09,8.605206356680063e-10,-0.062025581300623,0.2281987329268486,-0.013081028308007758,0.18333930632165324,-3.2643749732086376e-05,4.9472843347041734e-05,-0.04251423927519758,0.15365142087328154,-0.010078135842187327,0.17551476204637245,-5.98151633187084e-10,-1.8324141009500845e-09,-0.021885537507096504,0.07468341940992801
65.29,-0.0378759145228498,0.13955354479460363,-0.013388960398305776,0.18193939747701435,-2.1118946552920746e-09,8.468086294337139e-10,-0.06126921841152774,0.22517037538923024,-0.013440484249503828,0.18469406871799957,-3.468534908329301e-05,5.577751030477691e-05,-0.0413646837471135,0.1491107994523634,-0.010300829893600757,0.17640763048505806,-6.017966638482518e-10,-1.821940567351257e-09,-0.02032189021052445,0.0685864308459048
65.3,-0.03679494206131664,0.13685134487399453,-0.01387223257193143,0.18371636204872566,-2.1090384896762056e-09,8.32799307618967e-10,-0.06049038000581506,0.22204848296454896,-0.013781457960934888,0.18598598676501796,-3.671798568114787e-05,6.206270698100486e-05,-0.04020027390547507,0.14451663600151976,-0.010505875645595728,0.17724160521147664,-6.05623956900816e-10,-1.8108597500130705e-09,-0.018751456366677535,0.06247845037828564
65.31,-0.03570026974886594,0.1340743880387652,-0.014337115441162847,0.18542938783474833,-2.106099453062199e-09,8.184997488680587e-10,-0.059689379189544055,0.21883500824168647,-0.014103820961863122,0.18721477997269217,-3.874097377664426e-05,6.832755128098076e-05,-0.0390214695800159,0.13987141208392048,-0.010693190359897568,0.17801656904364538,-6.096323979760784e-10,-1.7991777979518734e-09,-0.01717484673494066,0.056362428174551345
65.32000000000001,-0.03459217710062665,0.13122225418440914,-0.014783438440009507,0.1870780118420864,-2.1030789834389126e-09,8.039167203242938e-10,-0.05886653819696847,0.21553195337035436,-0.014407451085438784,0.18838019367301706,-4.0753636623178484e-05,7.45711394623494e-05,-0.03782873567217517,0.1351776202523359,-0.010862697198675574,0.1787324239147335,-6.138208134822845e-10,-1.7868998393127215e-09,-0.015592672841399957,0.05024128327868522
65.33,-0.03347095121766844,0.12829457922189477,-0.015211037445951148,0.1886618015845708,-2.099978535162589e-09,7.890572501778868e-10,-0.05802218818993968,0.21214136774412812,-0.014692232503590544,0.18948199858223402,-4.275530663778194e-05,8.079254202608842e-05,-0.036622541905935994,0.13043776179825714,-0.011014325234164731,0.1793890901679149,-6.181879695360984e-10,-1.7740317633317165e-09,-0.014005546687446567,0.04411790162798439
65.34,-0.03233688682129479,0.12529105795632142,-0.015619754822856236,0.1901803540127842,-2.096799600852571e-09,7.739288940678912e-10,-0.057156669052633204,0.20866534529389272,-0.014958055749714387,0.1905199894351296,-4.474532554911784e-05,8.699078571568314e-05,-0.035403362577813194,0.1256543447490346,-0.01114800945649405,0.17998650468105984,-6.227325748883479e-10,-1.7605789174418435e-09,-0.012414080461729437,0.037995133818825674
65.35,-0.03119028628133858,0.1222114468082397,-0.016009439460970186,0.19163329450476013,-2.0935436972523394e-09,7.585381350647068e-10,-0.05627032918185621,0.20510602180913565,-0.015204817738977354,0.19149398370924725,-4.672304453487459e-05,9.31648055966787e-05,-0.03417167630620122,0.12082988182975155,-0.011263690779913299,0.18052461809977974,-6.274532787252421e-10,-1.7465471204520417e-09,-0.01081888625566853,0.03187579298013567
65.36,-0.030031459638368757,0.11905556069893715,-0.016379946813941844,0.19302028018704803,-2.090212363111896e-09,7.428926472258946e-10,-0.055363525273158215,0.20146557385609073,-0.015432421786236328,0.1924038245152536,-4.868782434883276e-05,9.931352351515523e-05,-0.03292796578031494,0.11596688735502206,-0.011361316047438771,0.18100339978466937,-6.323486734997523e-10,-1.731942076131329e-09,-0.00922057578269441,0.02576265429673978
65.37,-0.02886072461985873,0.11582327463457415,-0.016731138932756084,0.19434099953892373,-2.0868071710875595e-09,7.269993068536782e-10,-0.054436622102928836,0.19774621621888638,-0.01564077762147529,0.19324937992846142,-5.063903543405559e-05,0.00010543586627638386,-0.03167271750898133,0.11106787516761821,-0.011440838033733443,0.18142283766268344,-6.374172924598827e-10,-1.7167701414033515e-09,-0.007619760101332127,0.019658453294318604
65.38,-0.027678406650200982,0.11251452706937914,-0.01706288449658383,0.1955951705674341,-2.0833297139126683e-09,7.108654054403849e-10,-0.053489992306726276,0.1939501988809057,-0.015829801402798573,0.19403054097318828,-5.257605802185748e-05,0.00011153072568250634,-0.030406421569497008,0.10613535686802168,-0.011502215446231773,0.1817829349597629,-6.426576177283494e-10,-1.7010367066783251e-09,-0.006017049342290757,0.013565883759375568
65.39,-0.02648483885433844,0.10912932091314587,-0.01737505884064917,0.19678254071761547,-2.0797816005616504e-09,6.944982215183264e-10,-0.05252401615410736,0.1900798046211628,-0.01599941572710323,0.19474722129713296,-5.449828221669767e-05,0.0001175969796598901,-0.029129571356748152,0.10117183965796872,-0.011545412924685717,0.18208370981278307,-6.480680629234964e-10,-1.6847487546120423e-09,-0.004413052439735949,0.0074875963308393976
65.4,-0.0252803620548578,0.10566772497801287,-0.017667543981170503,0.1979028863590563,-2.07616448052323e-09,6.779047823464876e-10,-0.05153908132021706,0.18613734647459995,-0.01614954963851004,0.19539935640320785,-5.640510806157825e-05,0.000123633697405054,-0.02784266333279669,0.09617982430002626,-0.011570401039240067,0.1823251944500279,-6.536469965694945e-10,-1.6679108639456993e-09,-0.002808376866900304,0.0014261970687046114
65.41,-0.024065324762409936,0.10212987533373093,-0.017940228637418832,0.19895601226572648,-2.072480006980243e-09,6.610920758568349e-10,-0.05053558265438465,0.18212516528268036,-0.016280138634954946,0.19598689206653866,-5.829594537697591e-05,0.0001296464883148857,-0.026546196777098515,0.09116180440283451,-0.0115771562871064,0.1825074345280173,-6.593927263336721e-10,-1.6505304504695142e-09,-0.0012036283761674659,-0.004615753764839266
65.42,-0.022840083159282397,0.098515978056045,-0.018193008250975747,0.1999417500894155,-2.068729881945538e-09,6.44067030515266e-10,-0.04951392194596998,0.17804562735666107,-0.016391124675521996,0.19650971972655804,-6.0170213303010374e-05,0.00013563952497708538,-0.025240673537248064,0.08612027228184295,-0.011565661087930439,0.18263048762913756,-6.653035179127637e-10,-1.6326117280623886e-09,0.0004005892562573427,-0.010635742520768808
65.43,-0.021605001075768827,0.09482631554429684,-0.018425785002411002,0.2008599540261069,-2.06491579664601e-09,6.268365509898923e-10,-0.04847450768769568,0.17390112211863654,-0.016482456188774683,0.19696777895412876,-6.202734028283233e-05,0.00014160030320459197,-0.023926597780497535,0.08105770198874283,-0.01153590377847814,0.18269440582439375,-6.71377562928223e-10,-1.6141584403611508e-09,0.0020036744810492876,-0.01663130138747724
65.44,-0.020360449958692472,0.09106125551373831,-0.018638467825811994,0.2017104947152699,-2.0610394843500406e-09,6.094087005796675e-10,-0.047417754836795195,0.16969405676090288,-0.016554088077985207,0.1973610676912474,-6.386676464646999e-05,0.00014752398872518185,-0.022604475746838146,0.07597654714913855,-0.011487878620140491,0.1826988271481221,-6.776130202115708e-10,-1.5951666205074602e-09,0.0036050282231680822,-0.022599966018970893
65.45,-0.01910680883231208,0.08722122537461344,-0.01883097242098471,0.20249327760904906,-2.057102696080853e-09,5.917901925359196e-10,-0.04634408457428937,0.16542685600833068,-0.016605981721807703,0.1976896074149938,-6.568793497056922e-05,0.00015341098449397209,-0.021274815503879017,0.07087924776683024,-0.01142158582312546,0.18264351502027515,-6.840079823452241e-10,-1.5756464588325735e-09,0.0052040541262525645,-0.028539334630710723
65.46000000000001,-0.017844464252669022,0.08330671306879638,-0.01900322126254881,0.20320824266736764,-2.0531071877652453e-09,5.739892976867447e-10,-0.045253924062522356,0.16110196165816795,-0.016638104971716573,0.19795344950642466,-6.749031009865302e-05,0.0001592589765915549,-0.01993812670338335,0.06576822528366692,-0.0113370315623965,0.18252856471135226,-6.90560483740809e-10,-1.5556065105760344e-09,0.006800158791212843,-0.03444709104096637
65.47,-0.01657381025541656,0.07931828084913627,-0.019155143605890646,0.20385535427577947,-2.049054752557389e-09,5.560120156945693e-10,-0.044147706201119755,0.1567218283505726,-0.01665043214705665,0.1981526599067183,-6.927335914806705e-05,0.0001650666464139365,-0.01859492033960479,0.060645881289664826,-0.01123422797473972,0.18235407181080435,-6.972685236087016e-10,-1.5350543787466072e-09,0.00839275200776352,-0.04032097046775495
65.48,-0.015295248296326367,0.07525656899468307,-0.01928667549058733,0.2044345976970117,-2.0449471939851582e-09,5.378658491691992e-10,-0.04302586938173693,0.15228891859915583,-0.016642944028372138,0.19828731797847324,-7.103656155836978e-05,0.00017083107157873256,-0.017245708509607206,0.05551459690800725,-0.011113193149270062,0.18212013166978724,-7.041300439686039e-10,-1.5139939722561649e-09,0.00998124697996263,-0.04615876517095757
65.49,-0.014009187183743608,0.07112230474725022,-0.019397759741860338,0.20494597309009954,-2.0407863311946832e-09,5.195553666503455e-10,-0.041888857241842825,0.1478057054535977,-0.01661562784969843,0.19835750599413587,-7.277940725330426e-05,0.00017654716530106154,-0.015891004175875037,0.05037672473995626,-0.010973951128761173,0.18182648918840041,-7.111429310177607e-10,-1.4922873714801033e-09,0.011565060547599097,-0.05195827773074307
65.5,-0.01271604300278336,0.06691629252667104,-0.019488345970229436,0.20538950185662713,-2.0365739948696717e-09,5.010894419859443e-10,-0.04073711841764636,0.14327466816541012,-0.01656847729013529,0.19836331632944856,-7.45013968790371e-05,0.00018221148198493023,-0.014531320931596928,0.045234589446637885,-0.010816531960656609,0.18147184054039034,-7.183049944891068e-10,-1.4699589772084629e-09,0.013143613407927692,-0.05771724613502476
65.51,-0.01141623903230877,0.06263939004972532,-0.019558390568671407,0.20576524281258704,-2.0323120385896016e-09,4.824762810708125e-10,-0.03957110629646213,0.1386982876932668,-0.01650149246382756,0.19830487499921892,-7.620204198858749e-05,0.00018782073790897828,-0.013167172768570004,0.04009049381315449,-0.010640971777893858,0.18105581827668996,-7.256140094178934e-10,-1.4470831147287671e-09,0.014716330335446962,-0.06343356833595168
65.52,-0.010110205654775821,0.05829255002116984,-0.019607856707287645,0.20607326212726781,-2.0280023329699435e-09,4.63714440088084e-10,-0.038391278768773913,0.1340790482351261,-0.016414679916515997,0.19818203492979536,-7.788086402734547e-05,0.0001934088625948818,-0.011799073846778887,0.034946739347074526,-0.010447312896620651,0.18057668067119811,-7.330676622871353e-10,-1.4230782864731151e-09,0.01628264039784558,-0.06910505162457704
65.53,-0.008798380257848596,0.05387680417131484,-0.019636714326330903,0.20631364353745166,-2.0236467567193067e-09,4.448160334824774e-10,-0.03719809798020756,0.12941943113633833,-0.016308052643778197,0.19799436172725188,-7.953739338753004e-05,0.00019894756976859864,-0.010427538264232249,0.029805634982776972,-0.010235604006813233,0.18003127564216223,-7.406635335947708e-10,-1.3976428438541111e-09,0.017841977176001295,-0.07472941406001256
65.54,-0.007481207128938748,0.0493932248660157,-0.01964494012708875,0.20648650752026315,-2.0192472042133623e-09,4.2579333630940396e-10,-0.03599203008390355,0.12472190757019136,-0.016181630114953962,0.19774187134645468,-8.117117088538883e-05,0.00020440545763029624,-0.009053079828926254,0.024669409611831623,-0.010005900530107503,0.17941416958990988,-7.48399059146479e-10,-1.3707739246978642e-09,0.01939377899476112,-0.0803042248327457
65.55,-0.006159137343152812,0.044842980985469315,-0.019632517560147063,0.20659198945175103,-2.0148055844963377e-09,4.066440740051877e-10,-0.03477354499356184,0.11998894492589425,-0.01603543829788293,0.19742401683467492,-8.278174687502914e-05,0.00020987226458611045,-0.007676211833446763,0.019540330289457564,-0.009758265018785916,0.17872314853874124,-7.562715676121733e-10,-1.3431325100081784e-09,0.02093748915137952,-0.08582742434341076
65.56,-0.004832628642516861,0.04022734162640549,-0.019599436811966117,0.20663023204696546,-2.010323816982696e-09,3.8737373675127455e-10,-0.03354311613701707,0.11522300536677726,-0.015869509739070305,0.19703906792498688,-8.436867629356999e-05,0.00021537753944045042,-0.006297446826093749,0.014420767837678655,-0.009492767359452224,0.1779586353632627,-7.642782876322398e-10,-1.3149535970015425e-09,0.022472556118924167,-0.09129726588774763
65.57000000000001,-0.0035021453057504557,0.035547658223795284,-0.019545694790728044,0.20660138036265566,-2.005803831237597e-09,3.6798600950988897e-10,-0.032301220210682546,0.11042653341904267,-0.01568388380147044,0.19658244116502327,-8.593151001798066e-05,0.00022108900713140248,-0.004917296368125159,0.00931335290726296,-0.009209484798487587,0.17712054771145283,-7.724163958853964e-10,-1.2861298637497937e-09,0.023998433726502587,-0.09671201575764558
65.58,-0.0021681580100795118,0.030805343248762912,-0.01947129511180971,0.20650558316501258,-2.0012475698239487e-09,3.4848554834719406e-10,-0.031048336935498234,0.10560195627322812,-0.015478607150497738,0.1960468330186837,-8.746978729997754e-05,0.00022695676868921035,-0.0035362707690311706,0.004220946204224045,-0.00890850193114791,0.17620910204459186,-7.806830001593009e-10,-1.2567298722071953e-09,0.025514581329831157,-0.10207003227562651
65.59,-0.0008311436863540311,0.026001874741065505,-0.019376248082299,0.20634301285965384,-1.996656995056925e-09,3.288864388395273e-10,-0.029784948814241603,0.10075169590067011,-0.015253734264700789,0.1954303191080912,-8.898303913975381e-05,0.00023283573344789378,-0.002154878823831784,-0.0008541911587748291,-0.008589910688783382,0.17522442087785417,-7.890751664802273e-10,-1.2267421711212528e-09,0.027020463975493136,-0.10736972281148345
65.6,0.0005084146331042735,0.02113882100408291,-0.019260570682812426,0.2061138891534719,-1.9920340653661432e-09,3.0920136047675887e-10,-0.028511540889731877,0.09587816474207775,-0.015009327657032848,0.19473348603000928,-9.047079601262813e-05,0.00023873082057463603,-0.0007736275846355543,-0.005910095616604934,-0.00825381032131135,0.17416673957354775,-7.975898855135628e-10,-1.1961929396433872e-09,0.028515552558828344,-0.11260956386680958
65.61,0.0018500279750384813,0.01621783430027627,-0.019124286545973278,0.20581844922466805,-1.9873807525497615e-09,2.8944468471240147e-10,-0.027228600504167186,0.09098375758158034,-0.01474545788588712,0.1939562717882759,-9.193259038372859e-05,0.00024463657947865783,0.00060697784195995,-0.010944781157000288,-0.007900307375773553,0.1730362999424722,-8.062240966045155e-10,-1.16508639430534e-09,0.029999323975551977,-0.11778809286507942
65.62,0.0031932015943097317,0.011240650135289182,-0.01896742601064474,0.20545441760294092,-1.9826990662480895e-09,2.6876522729979125e-10,-0.025936617051612425,0.08607112575970562,-0.01446220353708887,0.19309898607508175,-9.336795656773709e-05,0.0002505540689384471,0.0019864344901678703,-0.015956343891499757,-0.007529515670875985,0.17183339142634113,-8.149746890465967e-10,-1.1334362083592701e-09,0.03147126126700213,-0.12290391176717341
65.63,0.0045374351480823505,0.006208983090210337,-0.01879002652395809,0.20501225936857964,-1.9779910617127617e-09,2.479824413190083e-10,-0.024636081702730253,0.08114342094557683,-0.014159651202694823,0.19216186240913877,-9.477643035693068e-05,0.0002564879413514508,0.003364241725106338,-0.020942931655197942,-0.007141556266387912,0.1705583896983174,-8.238384989235198e-10,-1.1012452903820168e-09,0.03293085375949817,-0.12795567096042285
65.64,0.0058822228703282005,0.0011245377799324178,-0.01859213322451316,0.2044897929206022,-1.973258806861506e-09,2.273748447936568e-10,-0.023327487123182052,0.07620303550404622,-0.013837895443845692,0.19114553496747866,-9.61575486576485e-05,0.0002624325466784162,0.004739901424718081,-0.025902821948968417,-0.00673655742431252,0.1692117685628078,-8.328122915942035e-10,-1.068562643168487e-09,0.03437759719804791,-0.13294208498607846
65.65,0.00722705374339866,-0.004011047769722301,-0.018373799192910482,0.2038884959250021,-1.968504383619667e-09,2.0663612631726383e-10,-0.022011327223995947,0.07125222126698896,-0.013497038702431859,0.19005170403182534,-9.751084997313442e-05,0.0002683688718419887,0.006112918145069026,-0.03083459045050901,-0.006314654556994503,0.16779421289314847,-8.418928184946954e-10,-1.035639662666803e-09,0.035810993872311465,-0.13786198526935853
65.66,0.008571411665322165,-0.009196162130264,-0.018135085426342464,0.2032082256469468,-1.963729853448734e-09,1.8601244838316942e-10,-0.02068809692994907,0.06629335733479981,-0.013137191148492688,0.18888218991377598,-9.883587562332536e-05,0.00027428193704323963,0.007482799269470542,-0.035736776786943,-0.005875990129713137,0.16630748168007567,-8.510767911416551e-10,-1.0029258951509576e-09,0.03723055272436728,-0.14271456468831742
65.67,0.009914775618954772,-0.014429049980857278,-0.017876060795012496,0.2024496788649555,-1.958937287592002e-09,1.6536008808696174e-10,-0.019358291949449675,0.061328660853016255,-0.01275847052696939,0.18763795947101583,-0.0001001321710931962,0.00028015462202868774,0.008849055159391408,-0.04060772950368159,-0.005420713519168484,0.16475290930410813,-8.603609374813362e-10,-9.701531163264136e-10,0.03863578943834536,-0.14749895019412093
65.68,0.011256619853468727,-0.019707770360473754,-0.017596802003088302,0.20161309933068464,-1.9541287460873317e-09,1.4470208462549774e-10,-0.01802240854816731,0.05636040542992675,-0.012361002049238469,0.18631981734718941,-0.0001013992869673904,0.00028598394342629007,0.010211199313075224,-0.04544587627817472,-0.004948980870981611,0.16313185399532892,-8.6974198382661e-10,-9.374294172807203e-10,0.040026226527300646,-0.1522142321827716
65.69,0.012596414084010903,-0.025030183046754105,-0.017297393550335622,0.20069889632305246,-1.949306300372371e-09,1.2400582786679062e-10,-0.016680943326214268,0.05139076310714768,-0.011944918305300834,0.18492870464726888,-0.0001026367794650542,0.0002917585356026272,0.011568748522636261,-0.05024968979606993,-0.004460954971254945,0.16144545199244764,-8.792166518779201e-10,-9.044589970208274e-10,0.041401393421097846,-0.15685956890227543
65.7,0.013933623711230988,-0.030393941175837085,-0.016977927699308386,0.19970732420174986,-1.944472021757467e-09,1.0323391523061578e-10,-0.01533439299974741,0.04642188917891289,-0.011510359183946023,0.18346518949960794,-0.00010384421106751934,0.0002974683206994341,0.012921223026921941,-0.055017657367263856,-0.003956805146697484,0.15969425388986758,-8.887816415725982e-10,-8.710632728467725e-10,0.0427608265545919,-0.16143402388432487
65.71000000000001,0.01526771005927327,-0.03579655676272239,-0.016638504445481192,0.19863868392154685,-1.939627983201027e-09,8.237878619515944e-11,-0.013983254186433544,0.041455905643945426,-0.011057471812607947,0.18192971137103325,-0.00010502115100284559,0.00030311116222496323,0.014268146661333393,-0.05974831288181897,-0.003436707195419087,0.15787889565723046,-8.984336072204156e-10,-8.374069623175934e-10,0.04410406945745032,-0.16593671557630166
65.72,0.016598130627323935,-0.04123545927960203,-0.016279231488130146,0.19749327674725392,-1.934776277880652e-09,6.145946515455215e-11,-0.012628023194664934,0.03649487677953145,-0.010586410508142319,0.1803228003640792,-0.00010616717537425517,0.0003086829914627178,0.015609047003873187,-0.0644402285704074,-0.00290084331316709,0.1560003990568495,-9.081691992121255e-10,-8.036405973637156e-10,0.045430672838462006,-0.17036691412657418
65.73,0.01792433934978183,-0.04670801990187056,-0.015900224198466244,0.19627146263039785,-1.929918988628516e-09,4.048289512206259e-11,-0.011269195817670408,0.03154082195836785,-0.010097336725073765,0.17864500579744386,-0.00010728186724830703,0.0003141791139728226,0.01694345551713221,-0.06909201733981751,-0.0023494020017025535,0.15405969254315618,-9.179850243400079e-10,-7.695893668365822e-10,0.046740194660265154,-0.17472392224753078
65.74,0.019245786864877056,-0.0522114807827343,-0.01550160558514428,0.19497359242081705,-1.925058219415794e-09,1.9430670005389844e-11,-0.009907267132271053,0.02659571889461949,-0.009590419000698003,0.17689689002905873,-0.00010836481682088322,0.0003195946066430617,0.018270907685593515,-0.07370235446349249,-0.0017825779829555776,0.15205741965161287,-9.278776808488913e-10,-7.351489412610648e-10,0.04803220020972566,-0.17900703440541463
65.75,0.02056192079306492,-0.05774300956932617,-0.015083506257949535,0.1936000529827534,-1.9201960659768877e-09,-1.684603963234757e-12,-0.008542731301736826,0.021661507820829356,-0.00906583289715587,0.17507908026327404,-0.00010941562142854402,0.0003249304078355903,0.0195909431469839,-0.07826998251187774,-0.0012005721269763613,0.1499942924405627,-9.378437245928672e-10,-7.003994356439518e-10,0.049306262166777054,-0.18321558730241141
65.76,0.02187218602405159,-0.06329969410285162,-0.014646064389099166,0.1921512565884875,-1.915334637511057e-09,-2.286542273463511e-11,-0.007176081382914576,0.016740076966319174,-0.008523760936272539,0.1731923259179482,-0.00011043388548040951,0.0003301809294406505,0.020903105817245166,-0.08279370325182683,-0.0006035913816909472,0.14787103711592287,-9.47879674255836e-10,-6.653077039734626e-10,0.050561960669571304,-0.1873489752010786
65.77,0.023176025012293874,-0.06887852116701187,-0.014189425672177257,0.1906276284164483,-1.9104760617644015e-09,-4.4111857464039764e-11,-0.005807809138218053,0.011833264098733049,-0.007964392529524586,0.1712372971113933,-0.00011141922066035407,0.00033533865058146123,0.022206944010216813,-0.08727235220458095,8.151300059269891e-06,0.14568840129419822,-9.579820281712285e-10,-6.298929397603515e-10,0.0517988833742428,-0.19140664795524645
65.78,0.02447287808110648,-0.0744764091798394,-0.013713743278930709,0.1890296259819906,-1.905622444906101e-09,-6.541702996062793e-11,-0.0044384048526049285,0.006942859392361773,-0.007387923909939768,0.16921464987270904,-0.00011237124623862407,0.00034039994059140404,0.023502010553177872,-0.09170480753409625,0.0006344370358267986,0.14344716529793702,-9.681472335982459e-10,-5.941657817951431e-10,0.05301662550933471,-0.1953881026486269
65.79,0.025762183734237127,-0.08009020635752248,-0.013219177813270741,0.18735773725402777,-1.9007759244294183e-09,-8.677448787173398e-11,-0.003068357155418015,0.0020706036846010823,-0.0067945580647022575,0.16712509054605615,-0.00011328958923952838,0.0003453610253138302,0.024787862897995446,-0.09609000013922311,0.0012750410919863458,0.14114814436965892,-9.78371725685574e-10,-5.581420508729659e-10,0.05421478992530493,-0.1992928848493614
65.8,0.02704337897417652,-0.08571669638878442,-0.012705897262124403,0.18561248276139572,-1.895938630790613e-09,-1.0817735888583269e-10,-0.0016981528471287125,-0.0027818116865830247,-0.0061845046647433935,0.1649693515209486,-0.00011417388454414696,0.0003502181861846962,0.026064063227353194,-0.10042690901743312,0.0019297329656058906,0.13879218840075552,-9.88651901870489e-10,-5.218365917985885e-10,0.05539298713929013,-0.20312058608704295
65.81,0.028315899626900398,-0.09135260016819434,-0.01217407694307357,0.18379441543592043,-1.8911126930831647e-09,-1.2961759132857832e-10,-0.00032827673104337613,-0.007612745653083894,-0.005557979990846465,0.16274820412879779,-0.0001150237750006636,0.00035496767358084646,0.02733017855603746,-0.10471456280571755,0.0025982764698105443,0.1363801825516771,-9.989841266934448e-10,-4.852651377412239e-10,0.056550835375256646,-0.20687084306277412
65.82000000000001,0.029579180672694702,-0.0969945806603638,-0.011623899448697189,0.18190412224627145,-1.8863002551062344e-09,-1.5108719931397215e-10,0.0010407885499747293,-0.012420607666368644,-0.004915206856264641,0.16046245355605807,-0.00011583891154050048,0.0003596058119696944,0.028585780827352785,-0.1089520380741743,0.003280429823486144,0.13391307387367926,-1.0093647488919709e-09,-4.4852328083808254e-10,0.057687960599557636,-0.21054333980201007
65.83,0.030832656582390757,-0.10263925558685809,-0.011055554587312891,0.17994223151454522,-1.881503461482149e-09,-1.7256759003554803e-10,0.002408562671712755,-0.017203858622864575,-0.004256414525516247,0.15811294960845074,-0.00011661895328947218,0.0003641292511062839,0.029830447004785175,-0.11313845725880538,0.0039759457500786995,0.1313919824303306,-1.0197901009253637e-09,-4.116577025444976e-10,0.058803996551324095,-0.21413782327493483
65.84,0.03207576165852669,-0.10828318975131254,-0.010469239319959493,0.17790940531247434,-1.8767244475877075e-09,-1.9404929330553647e-10,0.0037745677816809074,-0.02196101134323553,-0.0035818386292125223,0.15570057743504592,-0.00011736356768932863,0.00036853401045747615,0.031063759159047598,-0.11727298863415957,0.004684571584392591,0.12881797089653169,-1.0302564908233764e-09,-3.745924154753059e-10,0.05989858476798381,-0.21765406755630584
65.85,0.033307930381767326,-0.11392288821699524,-0.009865157694078747,0.1758063320668353,-1.871965358762375e-09,-2.1552782532202853e-10,0.0051383286470574755,-0.026690628909807685,-0.002891721075384242,0.15322625036710993,-0.00011807243064845009,0.0003728162439055292,0.03228530455046937,-0.12135484904645386,0.005406049378464652,0.12619205299215414,-1.0407602179572003e-09,-3.3732468245120746e-10,0.060971374607439,-0.22109187150944332
65.86,0.0345285977624383,-0.11955481666031015,-0.009243520773989359,0.17363374025120445,-1.8672283285058097e-09,-2.3699289043670497e-10,0.006499372797619481,-0.0313913234705611,-0.002186309957484211,0.15069092157513586,-0.00011874522669982833,0.00037697236808773634,0.03349467570662888,-0.12538330272497267,0.00614011600577167,0.12351530339251136,-1.0512975495888949e-09,-2.998883847366748e-10,0.06202202326737256,-0.2244510702689523
65.87,0.03573719969648588,-0.12517539536182745,-0.00860454656784057,0.17139239132181197,-1.862515498735151e-09,-2.584362463043149e-10,0.00785723066365232,-0.03606175950035058,-0.0014658594588256688,0.148095577785266,-0.00011938164915436069,0.00038099877132016303,0.034691470495359124,-0.1293576571927246,0.006886503268149078,0.12078881828917383,-1.0618647457932789e-09,-2.6228814096893297e-10,0.06305019580118626,-0.22773153458180054
65.88,0.0369331733257369,-0.13078099980214045,-0.007948459951208162,0.16908307698185127,-1.8578290108921593e-09,-2.7984884590718924e-10,0.009211435708694723,-0.0407006539939618,-0.0007306297536218956,0.14544123650881924,-0.00011998140025577042,0.0003848920082706724,0.03587529219338946,-0.13327726206089516,0.007644938006007618,0.11801372718246753,-1.0724580561721844e-09,-2.2454295440600345e-10,0.06405556513033243,-0.23093317217313414
65.89,0.03811595740221608,-0.13636797121454747,-0.007275492587444158,0.16670662448587845,-1.8531709892689622e-09,-3.012193829719856e-10,0.010561524557092743,-0.04530677480259837,1.911309525074549e-05,0.14272895052960277,-0.00012054419133780202,0.0003886486685431651,0.03704574955077037,-0.13714150897042968,0.00841514221158102,0.115191190593308,-1.0830737014723563e-09,-1.8666996244190442e-10,0.06503781205314364,-0.23405592249458831
65.9,0.03928499265590339,-0.1419326193482506,-0.006585882844596804,0.16426389582315462,-1.8485435641962612e-09,-3.225375519779472e-10,0.011907037116450548,-0.04987894043372168,0.0007830972418966196,0.13995980672099406,-0.00012106974298467465,0.00039226542844090595,0.03820245685114465,-0.14094983034064845,0.009196833145389032,0.11232240217570925,-1.0937078982950043e-09,-1.486880877419962e-10,0.06599662525042248,-0.23709975581844775
65.91,0.04043972216544556,-0.14747122682307323,-0.005879875708825651,0.16175578808145336,-1.8439488554025274e-09,-3.4379218316001264e-10,0.013247516695035093,-0.05441601954826792,0.001561045166477308,0.13713492590540458,-0.00012155778519658641,0.0003957390317942212,0.03934503396796519,-0.1447016981790613,0.009989723455904986,0.10940858642273439,-1.1043568516135195e-09,-1.1061486302653381e-10,0.06693170128800704,-0.24006467107637197
65.92,0.04157959173143931,-0.15298005277800508,-0.0051577226943190285,0.15918323313332805,-1.8393889766367335e-09,-3.6497379378319295e-10,0.014582510114180644,-0.0589169304676058,0.0023526737876665518,0.13425546208379727,-0.00012200805755922097,0.00039906630547887495,0.04047310641678254,-0.14839662277937632,0.010793521302349498,0.10645099845825691,-1.115016753820024e-09,-7.246908155034659e-11,0.06784274461648619,-0.24295069429228444
65.93,0.042704050251893985,-0.15845533696717687,-0.004419681749723965,0.15654719758397845,-1.8348660421569734e-09,-3.8607115238565185e-10,0.015911567815746496,-0.06338064053876724,0.0031576945784260436,0.131322601888247,-0.00012242030941791,0.0004022441569142015,0.04158630540373102,-0.1520341513942497,0.011607930480512809,0.10345092268717349,-1.1256838020578169e-09,-3.426844418682446e-11,0.06872946756824207,-0.24575787669310648
65.94,0.04381255009946851,-0.16389330371835023,-0.003666017161105225,0.15384868251704875,-1.8303821364494691e-09,-4.0707474629628396e-10,0.017234243964690598,-0.06780616543548147,0.003975813685036661,0.12833756384205475,-0.00012279430005594704,0.00040526958000476556,0.04268426787034903,-0.15561386684629158,0.012432650551508533,0.10040967193151706,-1.136354172011301e-09,3.9680759238565976e-12,0.06959159035199888,-0.2484862929596504
65.95,0.04490454750008329,-0.16929016604328062,-0.0028969994514534193,0.15108872327521752,-1.82593935225477e-09,-4.2797425531763664e-10,0.01855009654683251,-0.07219256836009737,0.004806732049315809,0.12530159764488147,-0.0001231297988771915,0.0004081396564219461,0.04376663653487061,-0.1591353860991208,0.01326737697335295,0.09732858625039373,-1.1470240395301623e-09,4.222276651072506e-11,0.07042884104505893,-0.2511360393933147
65.96000000000001,0.04597950291249411,-0.17464212974662885,-0.002112905276767783,0.14826838916111676,-1.8215397676681594e-09,-4.487595405949322e-10,0.01985868746188458,-0.07653895916711664,0.0056501455339464145,0.12221598338156686,-0.0001234265855928632,0.0004108515588812903,0.0448330599301332,-0.16259835878388826,0.014111801235260816,0.09420903185447942,-1.1576895892435274e-09,8.04770321500565e-11,0.07124095558340604,-0.2537072321159165
65.97,0.04703688140841294,-0.1799453976037576,-0.0013140173187422778,0.14538878311829334,-1.8171854474739726e-09,-4.69421358125339e-10,0.02115958261184119,-0.08084449340230673,0.006505745050839144,0.11908203071077852,-0.00012368445041267785,0.0004134025531739648,0.04588319243824978,-0.16600246568847604,0.014965610994544023,0.09105239991711489,-1.1683469983646969e-09,1.1871314406347738e-10,0.07202767774985745,-0.2562000052504031
65.98,0.04807615305276105,-0.18519617356260754,-0.0005006241740877409,0.14245104136358627,-1.8128784446817607e-09,-4.899499409876035e-10,0.02245235198482357,-0.08510837126481338,0.007373216692445618,0.11590107800857147,-0.00012390319423953193,0.000415790000639673,0.04691669432219461,-0.16934741721204163,0.015828490215996138,0.08786010538628375,-1.1789924478754201e-09,1.5691193478789925e-10,0.07278875916044689,-0.25861450911428624
65.99,0.04909679328362482,-0.19039066698329707,0.0003269797594721948,0.1394563329850998,-1.8086207890702667e-09,-5.103349489803832e-10,0.023736569734484233,-0.08932983649363938,0.008252241865936698,0.11267449148074885,-0.00012408262886872093,0.0004180113603081291,0.04793323175446018,-0.17263295178926064,0.016700119313642608,0.08463358574878395,-1.189622114106071e-09,1.9505581028388487e-10,0.07352395924921855,-0.2609509084161355
66.0,0.05009828329149784,-0.1955250968982651,0.001168494400491282,0.13640585949733375,-1.8044145131316634e-09,-5.305671967338279e-10,0.02501181425508345,-0.09350817518296942,0.009142497430156556,0.10940366423673543,-0.00012422257719031034,0.00042006419110749197,0.0489324768429417,-0.17585883428859106,0.01758017529473274,0.08137429977273451,-1.200232191975716e-09,2.3312641442566927e-10,0.07423304525161199,-0.2632093804657886
66.01,0.051080110397376366,-0.20059569629122698,0.0020236141043315594,0.13330085435538183,-1.8002616165276713e-09,-5.506367786538104e-10,0.02627766825235749,-0.09764271452993799,0.010043655835259038,0.10609001532725079,-0.00012432287339563013,0.00042194615398780805,0.04991410765420923,-0.17902485438849108,0.018468331905847474,0.07808372621595172,-1.2108188783189822e-09,2.7110529287289837e-10,0.07491579218661805,-0.265390113399111
66.02,0.05204176842928081,-0.20559871638507995,0.002892027786885998,0.130142582424299,-1.7961640895490343e-09,-5.705339992540291e-10,0.02753371881030527,-0.10173282151885012,0.010955385264929597,0.10273498874238374,-0.00012438336318664695,0.00042365501401188003,0.050877808234330725,-0.1821308249362625,0.0193642597809931,0.07476336250644965,-1.2213783779564027e-09,3.089745418814209e-10,0.0755719828378821,-0.26749330442266506
66.03,0.052982758096777056,-0.21053043093293605,0.0037734190514385215,0.12693233940217863,-1.7921239121179381e-09,-5.902482688440743e-10,0.028779557454023164,-0.10577790154613384,0.01187734978109208,0.09934005236942464,-0.00012440390398895743,0.0004251886424021223,0.05182326862741075,-0.18517658029356893,0.020267626591548557,0.07141472339155307,-1.2319069061630314e-09,3.467155275075426e-10,0.07620140773392896,-0.2695191580815097
66.04,0.05390258736306427,-0.21538714050443744,0.0046674663186042666,0.12367145119427092,-1.788143032399045e-09,-6.097703655110081e-10,0.030014780208730496,-0.10977739699026301,0.012809209470995016,0.09590669690844943,-0.00012438436516714235,0.0004265450185080387,0.05275018489200736,-0.18816197467322449,0.021178097197930578,0.06803933955736875,-1.2424006930034288e-09,3.8431047523818416e-10,0.07680386512768575,-0.2714678845542037
66.05,0.05480077181420412,-0.22016517676072006,0.0055738429592850774,0.12036127323637948,-1.7842233882662618e-09,-6.290899325077682e-10,0.031238987655124815,-0.11373078573118084,0.01375062059656867,0.0924364347451201,-0.00012432462824308536,0.0004277222317085035,0.05365825911559776,-0.1910868804714232,0.022095333802838523,0.06463875621817305,-1.2528559842486414e-09,4.217410529044975e-10,0.0773791609754682,-0.2733396979785825
66.06,0.055676835026303204,-0.22486086656005283,0.006492217430523698,0.117003188152886,-1.7803668872598922e-09,-6.481963394728331e-10,0.03245178497998336,-0.1176376196414623,0.014701235746043975,0.08893080217560491,-0.00012422458711841783,0.00042871840569549654,0.05454719942853364,-0.19395114518982187,0.023018996105876405,0.06121452972483878,-1.2632690377910578e-09,4.5898934872721805e-10,0.07792710891388949,-0.2751348702589362
66.07000000000001,0.05653030893636174,-0.2294704015720993,0.007422253413942434,0.11359859980328188,-1.7765754238698234e-09,-6.670798818555025e-10,0.033652782016060166,-0.12149765671448297,0.015660703988208475,0.08539136872871221,-0.00012408414831276794,0.00042953144985738976,0.05541672002396952,-0.19675445142920384,0.02394874145912516,0.05776822002361227,-1.2736361352598985e-09,4.960372312142893e-10,0.07844753022639671,-0.2768539147428428
66.08,0.057360734222385974,-0.23398988886366368,0.008363609956476685,0.11014893487750642,-1.7728508710857691e-09,-6.857296157476017e-10,0.03484159326550582,-0.12531081195948637,0.016628671029579902,0.08181972992187225,-0.0001239032312266233,0.0004301591733921184,0.05626654119006528,-0.19949636435974552,0.024884225023282816,0.054301392543994936,-1.2839535748410242e-09,5.328662682349235e-10,0.07894025379137232,-0.27849751902736697
66.09,0.058167660690281564,-0.23841543375251792,0.009315941613442675,0.10665564546517778,-1.769195071307725e-09,-7.041350741338403e-10,0.036017837909118826,-0.12907707666519605,0.017604779374049185,0.07821749837716263,-0.00012368176842346244,0.00043059944616635884,0.057096389352410695,-0.20217641182533325,0.025825099924405744,0.05081562102921779,-1.294217671407353e-09,5.694584724123237e-10,0.07940511601491254,-0.2800664341248259
66.1,0.0589506476621248,-0.2427431499576813,0.01027889859408145,0.1031202085025185,-1.7656098483837106e-09,-7.22286877202718e-10,0.03718113980663558,-0.13279651032994794,0.018588668484334124,0.0745863013348772,-0.0001234197059193276,0.00043085021802574544,0.057905997121625134,-0.20479408926165457,0.026771017411396855,0.04731248658354389,-1.3044247774084797e-09,6.057964199664534e-10,0.07984196075539718,-0.28156146436287655
66.11,0.05970926436289512,-0.24696918472114704,0.011252126909607505,0.09954412597320564,-1.7620969905203144e-09,-7.401739102202895e-10,0.03833112749075016,-0.13646921799313527,0.01957997494484371,0.07092777736717126,-0.00012311700347516035,0.0004309095523647064,0.058695103343691955,-0.2073488797273498,0.02772162701424535,0.04379357753295645,-1.3145712537265691e-09,6.418618390343188e-10,0.08025063924347228,-0.28298343705067097
66.12,0.06044309030257058,-0.2510897724660389,0.012235268523801225,0.09592892619788987,-1.7586582738503094e-09,-7.577869003600288e-10,0.03946743415771275,-0.14009529954512265,0.020578332625594303,0.0672435716160652,-0.00012277363488663658,0.0004307756967288301,0.05946345315042173,-0.20984030292225125,0.028676576703022046,0.04026049039354338,-1.3246535042753447e-09,6.776382467591459e-10,0.08063101000128393,-0.2843331333386164
66.13,0.061151715653207275,-0.25510114520830557,0.01322796150604344,0.09227615837919888,-1.7552954347093603e-09,-7.751161592813442e-10,0.0405896976546629,-0.14367494012626217,0.021583372847007263,0.06353533999453372,-0.0001223895882715633,0.0004304469610436129,0.060210798010223304,-0.21226781833702504,0.029635513047484463,0.03671482371521209,-1.334667948005045e-09,7.131076512291225e-10,0.08098293876106279,-0.28561141483229224
66.14,0.06183474162005078,-0.25899967242021543,0.014229840186729978,0.08858739848318799,-1.7520101870960036e-09,-7.921516627842649e-10,0.0416975604644117,-0.1472082749459045,0.022594724545414314,0.05980473990725148,-0.00012196486635352921,0.00042992187108233934,0.06093689577878054,-0.2146309616621303,0.03059808137718432,0.033158183819641494,-1.3446110474149027e-09,7.482548389775422e-10,0.0813062983839294,-0.28681903724339497
66.15,0.06249178080352899,-0.26278179674181096,0.01524053531508573,0.08486424396957848,-1.7488042120925105e-09,-8.088848590413721e-10,0.042790669690550995,-0.15069545432216191,0.023612014438967207,0.056053432571164116,-0.00012149948673874424,0.00042919910890308036,0.061641510746994026,-0.21692927424425,0.03156392594205887,0.029592178986851177,-1.3544792851379953e-09,7.830611920310892e-10,0.08160096878278825,-0.2879567420548439
66.16,0.06312245755533286,-0.266443943474894,0.016259674219113278,0.08110830989530964,-1.7456791647052536e-09,-8.253054689404192e-10,0.04386867703951525,-0.15413673559801086,0.024634867194018598,0.05228308742881971,-0.00012099348219096985,0.00042827732464897266,0.062324413690005145,-0.21916220482607454,0.03253269007271527,0.02601839946195565,-1.364269184622639e-09,8.175115467542543e-10,0.08186683685120912,-0.2890251677030207
66.17,0.0637264083277852,-0.2699827326514609,0.017286880967749746,0.07732124089418071,-1.7426366664546472e-09,-8.414052976767116e-10,0.0449312388000338,-0.1575322801855718,0.02566290559198059,0.04849537382053195,-0.00012044690091427212,0.00042715514645986005,0.06298538191716975,-0.22132931622709615,0.03350401633799125,0.022438374877647885,-1.373977299337237e-09,8.515929700671379e-10,0.08210379643387852,-0.290023780110501
66.18,0.06430328201764705,-0.27339466052813644,0.018321776535067308,0.07350468920244907,-1.739678308136663e-09,-8.571770895693083e-10,0.04597801581861775,-0.16088246339302437,0.026695750696568973,0.04469196850297375,-0.00011985980685151325,0.0004258310151528588,0.06362419932468942,-0.22342996223230416,0.03447754669744714,0.01885357925639317,-1.3836002318985198e-09,8.852938560423225e-10,0.08231174837108726,-0.2909515887051697
66.19,0.06485274030767571,-0.27667636621827785,0.01936397896606697,0.0696603275418846,-1.7368056309261338e-09,-8.726116379129024e-10,0.04700867346778852,-0.1641876153182553,0.0277330220212262,0.04087454226621223,-0.00011923227999758469,0.0004243034416884567,0.06424065645460623,-0.22546355213473646,0.035452922649407616,0.015265470310861317,-1.393134599864981e-09,9.18604477808552e-10,0.08249060060560005,-0.2918070629175557
66.2,0.06537445799927852,-0.27982462464544855,0.020413103544325465,0.06578985101680933,-1.7340201742691301e-09,-8.877011068623387e-10,0.04802288161548678,-0.16744796358614014,0.028774337696170868,0.03704475863526112,-0.00011856441671942965,0.00042257109551177406,0.06483455055163381,-0.22742961069435427,0.03642978537725926,0.011675510997383063,-1.4025770849771862e-09,9.51514564845941e-10,0.08264026833309097,-0.2925884169920718
66.21000000000001,0.06586812333905182,-0.2828360968053253,0.021468762961595538,0.061894969101840884,-1.7313234202375866e-09,-9.024370712687541e-10,0.049020314599181235,-0.17066377683432593,0.029819314634887913,0.033204278507656414,-0.0001178563300913344,0.00042063258111875104,0.06540568561409606,-0.22932763362580985,0.03740777589542334,0.008085155852688933,-1.4119243924551504e-09,9.840145751933917e-10,0.0827606741852952,-0.29329355935038204
66.22,0.06633343834453737,-0.28570756139335707,0.022530567489310052,0.05797741563775404,-1.7287168236206619e-09,-9.168126356631112e-10,0.05000065120611164,-0.17383512539330184,0.030867568699999546,0.029354751621154963,-0.00011710815024633137,0.00041848658110318535,0.06595387243734668,-0.23115733298922156,0.038386535195365605,0.004495870755170012,-1.421173278656705e-09,1.016090513059439e-09,0.08285174843890536,-0.2939202173282985
66.23,0.06677011912611522,-0.28843580396642354,0.023598125152154037,0.0540389432981011,-1.7262017994223474e-09,-9.308199798334413e-10,0.050963574667324645,-0.17696192414197381,0.03191871486823773,0.025497818194018588,-0.00011632002472316889,0.0004161316734886407,0.06647892864172084,-0.23291859469646226,0.039365704392365315,0.0009091335266364593,-1.4303205287754393e-09,1.0477398838037731e-09,0.0829134292448847,-0.29446594248647345
66.24,0.06717789620593156,-0.2910176170690276,0.024671041903300352,0.050081312980287104,-1.7237797199070479e-09,-9.444540435207543e-10,0.051908772663209694,-0.18004409149660833,0.03297236739452987,0.021635112143741187,-0.0001154921188031347,0.0004135663901417198,0.06698067868771816,-0.2346113018107862,0.040344924872737366,-0.002673589590612356,-1.439362975356944e-09,1.078946099168631e-09,0.08294566288488213,-0.2949278058324674
66.25,0.06755651483045717,-0.2934499813890242,0.025748921800855078,0.04610629960583422,-1.7214519435742235e-09,-9.57705926976471e-10,0.0528359373368774,-0.18308138593957188,0.03402813997524433,0.017768256409160334,-0.00011462461582880766,0.00041078953165660996,0.06745895388289219,-0.2362354996493211,0.041323838443381465,-0.006250745947525744,-1.4482975142039264e-09,1.109628182289209e-09,0.0829484040418802,-0.29530329881744843
66.26,0.06790573527126202,-0.29572995125167295,0.026831367185397623,0.04211568591935573,-1.7192197661010077e-09,-9.70572607924419e-10,0.053744765317509824,-0.1860734969908664,0.03508564591051942,0.01389886590920372,-0.00011371771749650331,0.0004078001890595966,0.06791359237870159,-0.2377913010600396,0.04230208748582326,-0.009820768115162465,-1.457121064502419e-09,1.1398432425587869e-09,0.08292161606765652,-0.29558965139832494
66.27,0.06822533311543445,-0.29785467580187586,0.02791797885821629,0.03811125578736252,-1.7170844576375307e-09,-9.830439736353614e-10,0.05463495774969832,-0.18902013310950738,0.036144498265715974,0.010028547114417271,-0.00011277164412843491,0.00040459751048551256,0.06834443916181342,-0.23927878704181751,0.04327931510996672,-0.013382176894904063,-1.4658306105683675e-09,1.1695947818592955e-09,0.08286527127600661,-0.29578340829723426
66.28,0.06851509954117772,-0.2998215831426918,0.029008356259959962,0.034094799833909985,-1.7150472410841539e-09,-9.951163059385447e-10,0.055506220328898126,-0.19192081873488046,0.03720431003186521,0.006158892687476656,-0.00011178663493213088,0.0004011804838405928,0.06875134604021223,-0.240698214839245,0.044255165302549075,-0.016933532897123703,-1.4744231693851575e-09,1.1988546003128344e-09,0.08277935123713381,-0.295882340366946
66.29,0.06877484157578191,-0.30162816326008046,0.030102097649588228,0.03006810692739121,-1.7131093088734924e-09,-1.0067831024619543e-09,0.05635826334599731,-0.1947750655542519,0.03826469428496509,0.0022914855875015286,-0.00011076294826555333,0.00039754805210878973,0.06913417162120433,-0.24204984291016227,0.045229283072821834,-0.02047336637939997,-1.482895817837601e-09,1.2276449082955e-09,0.08266384706006824,-0.2958830831894328
66.3,0.0690043823375408,-0.3032721465345578,0.031198800283374423,0.026032966242248816,-1.7112718079052966e-09,-1.0180422894604237e-09,0.0571908017398004,-0.19758226728352585,0.039325264344127975,-0.0015721039694084503,-0.0001097008619036013,0.0003936996689094132,0.06949278128270267,-0.24333403291468,0.04620131459781425,-0.02400024416916671,-1.491245675745398e-09,1.255937720227421e-09,0.08251875970316709,-0.2957823943627813
66.31,0.06920356125809624,-0.3047514714950765,0.03229806059383691,0.021991165379368065,-1.7095358380429423e-09,-1.0288856721262009e-09,0.058003555159914406,-0.20034167776363357,0.04038563392797567,-0.005430335834292396,-0.000108600673265585,0.0003896350425637236,0.06982704714125587,-0.24455108624564684,0.047170907365274864,-0.027512769120789676,-1.4994699083101757e-09,1.283726047073753e-09,0.0823441002794203,-0.29557773130924636
66.32000000000001,0.06937223428850005,-0.30606411561609975,0.033399474368343826,0.01794448381732468,-1.7079024804078953e-09,-1.0393113678899178e-09,0.05879624803890321,-0.2030525501070575,0.0414454173075975,-0.009281724817085826,-0.00010746269960400127,0.0003853539319796058,0.07013684803622773,-0.24570081155117895,0.04813771031454941,-0.031009529833345543,-1.5075657435092211e-09,1.3110139558905258e-09,0.08213989034689471,-0.29526583525462874
66.33,0.06951027409712877,-0.3072081232005039,0.03450263692709169,0.013894694880273652,-1.7063727484486739e-09,-1.049313603771139e-09,0.059568609672120354,-0.20571397956066848,0.04250422945497504,-0.013124825275784423,-0.00010628727819588332,0.0003808563920712604,0.0704220695434547,-0.24678288948732574,0.049101373976272254,-0.034489153076196946,-1.515530439847607e-09,1.3377854258838447e-09,0.08190616221319615,-0.2948436914245787
66.34,0.06961757025783792,-0.30818172159479784,0.03560714330026121,0.00984356039911112,-1.704947626695261e-09,-1.058890001149056e-09,0.06032037430677843,-0.20832501542279197,0.04356168618756286,-0.01695821751086451,-0.00010507476652290753,0.0003761427007150586,0.0706826040102919,-0.24779682793474989,0.05006155060904466,-0.03795031125287994,-1.5233613242066629e-09,1.3640353512997027e-09,0.08164295922980942,-0.2943086811283117
66.35,0.069694029423547,-0.3089832732921221,0.03671258840402585,0.005792827519169991,-1.7036280609828203e-09,-1.0680359388114931e-09,0.06105128123652766,-0.21088470320234048,0.04461740430996274,-0.020780509016053852,-0.00010382554240011285,0.00037121337021461137,0.07091835060811032,-0.24874192785683238,0.05101789433288536,-0.04139168380050984,-1.5310557671386798e-09,1.3897617656267095e-09,0.08135033606697038,-0.293658026580388
66.36,0.06973957548396084,-0.30961132020838056,0.03781856721511337,0.0017442274938801311,-1.7024149400532456e-09,-1.0767498794506488e-09,0.061761074898234396,-0.2133920528425258,0.04567100175348895,-0.024590315348736506,-0.00010254000410050705,0.000366068740487053,0.07112921539539947,-0.24961758828969707,0.0519700612599091,-0.04481199948406287,-1.5386111936924125e-09,1.4149560892944795e-09,0.08102835897923819,-0.2928892525180058
66.37,0.06975414970745737,-0.3100645427172361,0.038924674943814706,-0.0023005237475175154,-1.701309133216e-09,-1.085027483079338e-09,0.06244950497318274,-0.21584599039995134,0.0467220977148408,-0.028386250525620528,-0.00010121857069826003,0.00036070300958610245,0.07131511138611375,-0.25042301405429873,0.052917709621000564,-0.04821003338245896,-1.5460250811315e-09,1.4396123377585552e-09,0.08067710605069256,-0.29200016161559517
66.38,0.06973771086859067,-0.310341750043899,0.040030507205357495,-0.006339728413323762,-1.700311442951839e-09,-1.0928681464181487e-09,0.06311632649489753,-0.21824538451307485,0.04777031279487109,-0.0321669226096037,-9.986168238442572e-05,0.0003551206188488244,0.07147595862843377,-0.2511573206006607,0.053860499888238295,-0.05158459253720471,-1.5532949578056498e-09,1.4637283774041731e-09,0.08029666741818019,-0.2909886294671222
66.39,0.0696902353567334,-0.31044206712216865,0.04113566018939566,-0.01037171074872493,-1.6994226411331203e-09,-1.1002694159171803e-09,0.06376129995906173,-0.22058918157809934,0.04881526913631987,-0.035930983535021624,-9.84698003483067e-05,0.0003493272989114897,0.0716116842886272,-0.2518197255577731,0.054798094892769926,-0.05493455052432248,-1.5604184118635257e-09,1.4872987650767692e-09,0.07988714546864323,-0.28985307681597816
66.4,0.06961171726233388,-0.3103647561142273,0.04223973082741512,-0.01439481549152838,-1.6986434543042956e-09,-1.1072310469996638e-09,0.0643841914338739,-0.2228762262137995,0.04985659055844099,-0.0396771193632643,-9.70434065665214e-05,0.0003433237330190404,0.07172222273226019,-0.2524094261284848,0.055730159936644395,-0.05825884981906582,-1.5673930806917312e-09,1.5103204525632637e-09,0.0794486549968149,-0.2885922896620786
66.41,0.06950216844674188,-0.31010918963910844,0.043342316958054704,-0.018407407846936955,-1.697974565581926e-09,-1.1137513311012185e-09,0.06498477267657653,-0.2251052761678134,0.050893902688390134,-0.0434040382483077,-9.558300374789897e-05,0.0003371128247552837,0.07180751561325481,-0.25292533271576106,0.05665636289672874,-0.06155653650027623,-1.5742166535067916e-09,1.5327900475115895e-09,0.0789813233140465,-0.28720570392134226
66.42,0.06936161859657175,-0.30967497670156385,0.04444301749027029,-0.022407876862266956,-1.6974166142108718e-09,-1.1198295007239227e-09,0.0655628212524139,-0.2272752147236538,0.051926833090502174,-0.04711045936448458,-9.408911524279689e-05,0.00033069804563855786,0.07186751197539308,-0.2533664243451351,0.05757637432003121,-0.06482672522686857,-1.5808868870973772e-09,1.5547046855029497e-09,0.07848529030077149,-0.28569330807661614
66.43,0.06919011525732771,-0.30906194960415395,0.045541432564130374,-0.02639463689598751,-1.6969701964413785e-09,-1.1254651598312572e-09,0.06611812064578697,-0.2293850325588869,0.052955011394502746,-0.05079510449270023,-9.25622848701687e-05,0.00032408325952815913,0.07190216834660794,-0.2537319876737933,0.05848986751280531,-0.06806855610385686,-1.5874015788389628e-09,1.5760613607410286e-09,0.07796070841347764,-0.2840552642331893
66.44,0.0689877238501029,-0.30826998072011236,0.04663716370910286,-0.030366127662445015,-1.6966358643282782e-09,-1.1306579698588556e-09,0.0666504603660316,-0.23143364244167966,0.053978069422520994,-0.05445672286797056,-9.10030767329274e-05,0.00031727187434980165,0.07191144883266073,-0.2540207930404042,0.059396518626163165,-0.07128119773146344,-1.5937585927645152e-09,1.5968575662069897e-09,0.0774077426714213,-0.2822917594122326
66.45,0.06875452767832813,-0.30729905820760994,0.04772981399977534,-0.03432081508323654,-1.696414133663489e-09,-1.1354086506196134e-09,0.06715963605501173,-0.23341995414494418,0.05499564131384542,-0.05809409109896726,-8.941207497961845e-05,0.0003102694937129165,0.07189532524242612,-0.2542312160159598,0.0602960067389973,-0.07446384399679803,-1.599955848173402e-09,1.6170907707604643e-09,0.07682657063612797,-0.2804030632077487
66.46000000000001,0.0684906279153637,-0.3061495807113035,0.04881898820896841,-0.03825719121977017,-1.6963054519800424e-09,-1.1397152919881912e-09,0.06764544958983061,-0.23534309030050712,0.05600736364752163,-0.06170599416218327,-8.778988346936756e-05,0.00030308158300937474,0.07185377721388653,-0.2543625711457894,0.061188013938352076,-0.07761571269030687,-1.6059913032972705e-09,1.6367580834040382e-09,0.07621738237653798,-0.2783897621976897
66.47,0.06819614356721067,-0.30482202279503695,0.04990429295819623,-0.04217377530949833,-1.6963102569001064e-09,-1.1435799196985586e-09,0.06810770917634372,-0.23720213284897945,0.057012875563554694,-0.0652912311987924,-8.613712543338357e-05,0.00029571251085771697,0.07178679231566858,-0.2544137156754143,0.06207222539739322,-0.08073604495990888,-1.611862999963399e-09,1.655857705439431e-09,0.07558038041544432,-0.27625248896635174
66.48,0.06787121142182574,-0.3033169099216934,0.050985336865406225,-0.046069114356635917,-1.6964289195603986e-09,-1.1470019224796355e-09,0.06854622944174203,-0.23899612269736784,0.05801181888251672,-0.0688486248542909,-8.445444312946532e-05,0.0002881687653506883,0.07169436617548593,-0.25438276570736823,0.06294832945106198,-0.08382410427169358,-1.6175690139340085e-09,1.6743861676082173e-09,0.07491577966606705,-0.27399191910020193
66.49,0.06751598598178078,-0.301635178186693,0.052061730690037514,-0.04994178026230696,-1.6966617780651245e-09,-1.1499827550582738e-09,0.06896083152397818,-0.24072429467426293,0.05900383822287164,-0.07237702488335346,-8.27424974070674e-05,0.0002804570806175073,0.07157650263016051,-0.25426861661147876,0.06381601766962837,-0.08687917147793513,-1.6231074933362622e-09,1.6923426038681858e-09,0.07422380735648655,-0.2716090231994186
66.5,0.06713063936799533,-0.2997780127867625,0.05313308747521296,-0.0537903800076813,-1.6970091179438853e-09,-1.1525225803346634e-09,0.0693513431530513,-0.24238586330897355,0.059988581115950304,-0.07587529861031177,-8.100196723713475e-05,0.0002725835228323475,0.07143321385445549,-0.2540700775930508,0.06467498493043522,-0.08990054391844182,-1.6284766348083108e-09,1.709722788722473e-09,0.07350470293386907,-0.2691049269335597
66.51,0.06671536120008728,-0.2977466966243061,0.054199022685781285,-0.05761358281137193,-1.6974711917720559e-09,-1.1546229789232651e-09,0.06971759873469129,-0.2439798737547606,0.06096569811917621,-0.0793423244448745,-7.923354925301668e-05,0.0002645547791595782,0.07126452049826767,-0.25378532589874386,0.06552492948812502,-0.09288753054982134,-1.6336746974920993e-09,1.7265254626322896e-09,0.07275871794902261,-0.26648095631052493
66.52,0.06627035846020007,-0.29554273403650466,0.05525915434073866,-0.061410117776689185,-1.6980482006511648e-09,-1.156285102782334e-09,0.07005943944804963,-0.2455052011933549,0.06193484292748512,-0.08277701017755223,-7.743795725190908e-05,0.00025637838336500253,0.07107045185341591,-0.2534126459727827,0.0663655530436401,-0.09583945092184264,-1.6386999896291543e-09,1.7427469710741837e-09,0.07198611592141071,-0.26373865053283807
66.53,0.06579585533585153,-0.29316789414742916,0.05631310314061796,-0.06517874123939493,-1.6987403114122266e-09,-1.1575090346187645e-09,0.07037671335619769,-0.24696068616662165,0.06289567248210196,-0.08617829497775659,-7.561592165435575e-05,0.0002480614062697042,0.07085104601747064,-0.25295065076062684,0.06719656081201308,-0.09875563937586812,-1.6435508929480694e-09,1.7583844616098412e-09,0.07118717218734036,-0.26087962457625413
66.54,0.06529209304159041,-0.2906240693382386,0.05736049259073451,-0.06891826170916449,-1.6995476308527448e-09,-1.1582982658204218e-09,0.07066927552970559,-0.24834490946399368,0.06384784707680963,-0.089545130161349,-7.376818896982837e-05,0.00023961069217356352,0.07060635004243876,-0.2523978494598366,0.06801766158888946,-0.10163544083993287,-1.6482258324884195e-09,1.7734351715297554e-09,0.0703621737381346,-0.2579055600644642
66.55,0.06475932962988806,-0.2879131360514671,0.058400949120897085,-0.07262750116197915,-1.7004702456830545e-09,-1.1586713988390703e-09,0.070936988180242,-0.24965656494114857,0.06479103046230635,-0.09287648935114998,-7.189552123539206e-05,0.0002310344279850607,0.07033642008763315,-0.25175257111081945,0.06882856781607985,-0.10447820523840086,-1.6527233010750532e-09,1.7878961011418676e-09,0.06951141904644702,-0.2548183676728716
66.56,0.06419783979116993,-0.28503727143117885,0.05943410220292362,-0.07630529758899722,-1.7015081895157086e-09,-1.1586195857154601e-09,0.07117972079406198,-0.250894335333021,0.06572488994792555,-0.09617138806322481,-6.999869539572869e-05,0.00022234047638881863,0.07004132157059262,-0.25101356221706866,0.06962899564614242,-0.1072832991325888,-1.6570418524300321e-09,1.8017646161284753e-09,0.06863521787881503,-0.2516199947067463
66.57000000000001,0.06360791463233176,-0.281998881034456,0.06045958446470369,-0.07995056650091789,-1.7026614471805843e-09,-1.1581374717244257e-09,0.0713973502763953,-0.25205649545454195,0.06664909650027113,-0.09942886035793648,-6.807850268101791e-05,0.00021353611978649172,0.06972112929788196,-0.25017966831160104,0.07041866500554912,-0.11005010511025955,-1.661180081917494e-09,1.8150392815451373e-09,0.06773389110232114,-0.24831237396988895
66.58,0.06298986143948371,-0.27880032595700255,0.061477031799159275,-0.0835622542643833,-1.7039299711643018e-09,-1.157232230569432e-09,0.07158976110892006,-0.25314155561375795,0.0675633248389488,-0.1026479778237489,-6.613574797656476e-05,0.00020462976133152347,0.06937592758451487,-0.2492496778344184,0.0711972996566713,-0.1127780076906631,-1.6651366712905787e-09,1.827716486217537e-09,0.06680777048195205,-0.2448977390109767
66.59,0.06234400343052241,-0.2754442243336835,0.06248608346981875,-0.0871393178602495,-1.705313670586805e-09,-1.155903594221928e-09,0.07175684550045608,-0.2541481299377629,0.06846725352892291,-0.10582784938785658,-6.417124914502195e-05,0.0001956296258085563,0.06900581036398439,-0.24822271118297531,0.07196462725908057,-0.11546640021288285,-1.6689103392029772e-09,1.8397944138322125e-09,0.06585719846242581,-0.24137835453670303
66.6,0.06167067948787963,-0.2719334564162929,0.06348638221413137,-0.09068075063512691,-1.7068124202007764e-09,-1.1541558977411153e-09,0.07189850353411353,-0.2550746303788909,0.06936056506894367,-0.10896762749061636,-6.218583633625022e-05,0.00018654352911494823,0.06861088127145157,-0.24709826354166703,0.07272037943014067,-0.11811468361564498,-1.6724998840067422e-09,1.8512694280786368e-09,0.06488252794155132,-0.23775651706790932
66.61,0.06097024386994477,-0.2682710124504718,0.06447757434346021,-0.09418558845331618,-1.7084260333822044e-09,-1.1519908934432604e-09,0.07201464332630937,-0.2559193411650911,0.07024294597477808,-0.11206653934925126,-6.018035130588679e-05,0.0001773793452503374,0.06819125368914704,-0.24587624196771515,0.07346429180512314,-0.12072225642765491,-1.6759041467620584e-09,1.8621392020796864e-09,0.06388412203339332,-0.23403478232937208
66.62,0.06024306590744036,-0.26446002945422176,0.06545930983989727,-0.09765287871665412,-1.7101542978803969e-09,-1.1494133747204995e-09,0.07210518118919744,-0.25668076959197994,0.07111408685659948,-0.11512385393768426,-5.81556467229878e-05,0.0001681450307388038,0.06774705075759517,-0.24455676152249278,0.07419610409721003,-0.1232885197984042,-1.679122036873425e-09,1.8724006358251465e-09,0.06286235381486793,-0.2302158077232462
66.63,0.059489529683782544,-0.26050386116055085,0.06643124245155788,-0.10108167231794106,-1.7119969589613095e-09,-1.1464256731267217e-09,0.07217004177695344,-0.2573576705835158,0.07197368249233274,-0.11813885656332523,-5.6112585460961463e-05,0.00015884852795111803,0.06727840536441179,-0.24314006719437337,0.07491556015716684,-0.1258128829110741,-1.68215252969704e-09,1.882050100019529e-09,0.06181760606364426,-0.2263022034381142
66.64,0.05871003369998273,-0.25640592458266814,0.06739302978589641,-0.10447107123110871,-1.713953718541343e-09,-1.1430295506582718e-09,0.07220915823304457,-0.2579482280426738,0.07282143189863759,-0.12111085616687664,-5.405203988146905e-05,0.00014949761299392795,0.06678546012255285,-0.24162640431068716,0.07562240803254747,-0.12829475553092703,-1.6849946534145373e-09,1.891081379082216e-09,0.0607502709931305,-0.22229668446695558
66.65,0.05790499053054243,-0.2521696918352736,0.0683443333993165,-0.1078202134048328,-1.7160242405270618e-09,-1.1392295898547415e-09,0.07222247236770016,-0.2584504022409967,0.07365703839976882,-0.12403918218533595,-5.19748911076955e-05,0.00014010035789157075,0.06626836734630376,-0.24001600735891282,0.0763164000364724,-0.13073323118016153,-1.6876475087344241e-09,1.8994304609676122e-09,0.05966074998070461,-0.2182020469270085
66.66,0.057074826467804714,-0.24779888355450747,0.06928481888461067,-0.1111282167976741,-1.7182081439973156e-09,-1.1350331044648115e-09,0.07220993482877786,-0.25886309045601813,0.07448020969454623,-0.12692317736413378,-4.9882028268649284e-05,0.00013066505545123895,0.06572728902191015,-0.23830930117967106,0.07699729283267019,-0.1331273820309211,-1.690110255131467e-09,1.9071402305878124e-09,0.05854945329308721,-0.2140209824779022
66.67,0.0562199811517687,-0.2432972618834058,0.07021415595740621,-0.11439424046142245,-1.7205050142107077e-09,-1.1304358284733965e-09,0.07217150525362154,-0.2591844495657812,0.07529065792154871,-0.12976220756226758,-4.7774347731647256e-05,0.00012119948060404802,0.06516239676948367,-0.2365066951937548,0.0776648475180916,-0.13547659544782306,-1.692382118802298e-09,1.9142326584265844e-09,0.05741679981179271,-0.20975629531918588
66.68,0.05534090719025057,-0.2386686796417879,0.07113201853984377,-0.11761748011281103,-1.722914397323767e-09,-1.1254469880908877e-09,0.07210715244990783,-0.2594122817673432,0.07608809972235178,-0.13255565653018736,-4.5652752350249784e-05,0.00011171125535414988,0.06457387180064265,-0.23460863962354936,0.07831882968901319,-0.1377803030721914,-1.6944623912638512e-09,1.920692778508164e-09,0.056263216753836026,-0.20541082970658056
66.69,0.054438069767658186,-0.2339171904401668,0.07203808484181388,-0.12079712556488434,-1.725435790529935e-09,-1.1200703310924827e-09,0.0720168545856135,-0.25954513475890373,0.07687225630327262,-0.13530291295503463,-4.351815067906146e-05,0.00010220930084814114,0.06396190486947807,-0.2326157451873494,0.07895900949912707,-0.14003792363087797,-1.6963504225033557e-09,1.9265206794596507e-09,0.055089139390920354,-0.20098734267273496
66.7,0.053511946238372896,-0.22904697094797358,0.0729320374411713,-0.12393238571183812,-1.7280686705490112e-09,-1.11430737436475e-09,0.07190059936197915,-0.25958114079140787,0.07764285349624586,-0.13800337434251966,-4.13714561519328e-05,9.270138803468661e-05,0.06332669621212496,-0.2305287087330305,0.07958516171698436,-0.14224888911339706,-1.6980456354489174e-09,1.931712654561739e-09,0.05389501077265808,-0.1964885739486542
66.71000000000001,0.052563025705595665,-0.2240623471384004,0.07381356336238518,-0.12702249337873844,-1.730812451425948e-09,-1.1081633156919674e-09,0.0717583842052946,-0.2595180094124616,0.07839962181886634,-0.14065644793299042,-3.921358633263004e-05,8.319358474811359e-05,0.06266845547539353,-0.22834834078675834,0.08019706578301385,-0.1444126323083809,-1.699547496901808e-09,1.9362673752552964e-09,0.052681281453945385,-0.19191721173440449
66.72,0.051591808586267995,-0.21896778234193137,0.07468235415298824,-0.1300667021734843,-1.733666540902586e-09,-1.1016441819149e-09,0.07159021647397144,-0.2593538966813884,0.07914229653333554,-0.14326155529050874,-3.704546222538333e-05,7.369312978604408e-05,0.06198740163486102,-0.22607555597722556,0.08079450586581974,-0.14652859958485215,-1.7008555720518692e-09,1.94018421509899e-09,0.051448409226565295,-0.18727590042458464
66.73,0.05059880616454847,-0.21376779914483082,0.07553810595818718,-0.13306427671207138,-1.7366302798339257e-09,-1.0947525755560283e-09,0.07139611365296446,-0.25908692445384324,0.07987061770406383,-0.14581813243013347,-3.486800754245813e-05,6.420753226415884e-05,0.061283762904520145,-0.22371130266661382,0.08137727091764956,-0.1485962419504734,-1.701969455951028e-09,1.9434592638813968e-09,0.05019685885328868,-0.18256730635940058
66.74,0.04958454013813218,-0.20846697304845896,0.07638051959421059,-0.13601449160911883,-1.7397029863830946e-09,-1.0874941634344006e-09,0.07117610354420527,-0.2587151125853724,0.08058433025392514,-0.14832562678740707,-3.268214793451345e-05,5.474401637208515e-05,0.06055777664163465,-0.2212565633327884,0.08194515472921972,-0.1506150151029561,-1.7028888239663511e-09,1.946090860976632e-09,0.04892710180122566,-0.17779411297178732
66.75,0.04854954215833889,-0.20306996257337404,0.07720930062038424,-0.13891663970309573,-1.7428839387910603e-09,-1.0798731024729492e-09,0.0709302244513897,-0.25823684856919416,0.08128318401937121,-0.1507834952849115,-3.0488810217183956e-05,4.5309912713043805e-05,0.05980968924710696,-0.218712389341174,0.08249795598402852,-0.15258438089150786,-1.7036134144494833e-09,1.9480770847883082e-09,0.04763961597455658,-0.17295898205234572
66.76,0.04749435336358521,-0.19758147766370168,0.07802415940984266,-0.1417700224841421,-1.7461723854048552e-09,-1.0718952721386962e-09,0.07065852534691344,-0.25765057508878586,0.08196693380454975,-0.1531912046913965,-2.8288921592931872e-05,3.591241696251662e-05,0.05903975606044799,-0.21607987441339702,0.08303547831210932,-0.15450380646948123,-1.7041430326300089e-09,1.9494143592699256e-09,0.04633488544798809,-0.16806457536330327
66.77,0.046419523906828256,-0.19200629195996885,0.07882481121886413,-0.14457396060680613,-1.7495675247386833e-09,-1.0635627588911432e-09,0.07036106601899375,-0.2569550528083237,0.08263533943457788,-0.15554822738880922,-2.608340886790036e-05,2.6558757672830267e-05,0.05824824124937975,-0.2133601739456479,0.08355753034330479,-0.15637276209487094,-1.7044775436744784e-09,1.9501016086945176e-09,0.04501340020134622,-0.1631135313808484
66.78,0.04532561247684049,-0.18634924793842306,0.07961097625421679,-0.14732780302377385,-1.7530685371748142e-09,-1.0548831216307895e-09,0.07003791718699356,-0.25614952825758186,0.08328816580830342,-0.15785403715426283,-2.3873197656968694e-05,1.725630779531968e-05,0.05743541769324487,-0.21055451771081782,0.08406392576032257,-0.1581907167638627,-1.7046168851134757e-09,1.9501357087036543e-09,0.043675655856544725,-0.15810844869949808
66.79,0.04421318581200236,-0.1806152833788384,0.08038237973675427,-0.15003096273880964,-1.7566745604330532e-09,-1.0458584729250266e-09,0.06968916056237552,-0.2552340284822213,0.08392518295066695,-0.16010811497794136,-2.1659211572117302e-05,8.012460164012628e-06,0.056601566858426364,-0.20766423524741842,0.08455448335134468,-0.15995715395642626,-1.704561058607426e-09,1.9495155987230697e-09,0.04232215341912087,-0.1530518565871488
66.8,0.043082818206375315,-0.17480939355941527,0.08113875196008222,-0.1526828919865707,-1.7603846926558405e-09,-1.0364930140576112e-09,0.06931488884853128,-0.25420900066762353,0.08454616606450736,-0.16230994752227174,-1.944237150000166e-05,-1.1686514953600852e-06,0.05574697866530898,-0.20469072267045854,0.08502902706153896,-0.1616715703868736,-1.7043101220316724e-09,1.948240531170119e-09,0.04095339902523375,-0.14794624330356482
66.81,0.04193509101085957,-0.16893658393372607,0.08187982834588277,-0.1552830476494677,-1.7641980079184668e-09,-1.026784604391158e-09,0.06891520570364255,-0.2530749174489007,0.0851508955902548,-0.16445875229857482,-1.722359599544173e-05,-1.0314103295377502e-05,0.05487195134977833,-0.2016353825294798,0.08548738604357745,-0.16333346453559766,-1.7038642166784994e-09,1.946307452823776e-09,0.03956990369234369,-0.14279408722919812
66.82000000000001,0.04077059213243663,-0.1630018726845487,0.08260534949787529,-0.15783089835219294,-1.7681135358354823e-09,-1.0167414720649988e-09,0.06849022569123428,-0.25183234000264504,0.08573915728083513,-0.16655368105239596,-1.5003801468030775e-05,-1.939244547028402e-05,0.05397679132228712,-0.19849964318661953,0.08592939470761632,-0.16494234108186465,-1.7032235298611135e-09,1.943715820904363e-09,0.03817218307169778,-0.13759784970382952
66.83,0.039589915532413235,-0.15701028725507085,0.08331506125467833,-0.16032592666798204,-1.772130282111469e-09,-1.0063671579174674e-09,0.0680400742240736,-0.2504818868086915,0.08631074227548306,-0.16859419847825222,-1.2783900300811921e-05,-2.837905883260368e-05,0.05306181302380416,-0.1952849881710875,0.08635489277059107,-0.16649771588738443,-1.7023883328985173e-09,1.94046657922738e-09,0.036760757202329845,-0.13235997630646074
66.84,0.03839366072404334,-0.15096685591895426,0.08400871474142324,-0.16276762587617816,-1.7762472120873104e-09,-9.95665065378122e-10,0.06756488750130472,-0.24902424675238383,0.08686544715737543,-0.17057983498102108,-1.0564798898729913e-05,-3.7273734180307085e-05,0.05212733877744181,-0.19199293588334357,0.0867637253045809,-0.16799911314485483,-1.7013589545729463e-09,1.936556484760964e-09,0.03533615026676891,-0.12708289305750595
66.85,0.03718243227038709,-0.144876595679511,0.08468606642043255,-0.16515549360782658,-1.7804632622248558e-09,-9.846384541302695e-10,0.06706481243908241,-0.24746016991524852,0.0874030740025738,-0.17251009725609212,-8.347396775475975e-06,-4.60666305805837e-05,0.05117369863651432,-0.1886250286493689,0.08715574280068543,-0.1694455339835522,-1.7001357924507727e-09,1.9318678237059384e-09,0.03389889035010838,-0.12176895839379699
66.86,0.035956839283414234,-0.13874450433843563,0.08534687814143536,-0.1674890287814167,-1.7847773370819711e-09,-9.732904268907326e-10,0.06654000659477845,-0.2457904713223053,0.087923430428319,-0.17438450900510202,-6.132585856940699e-06,-5.475483284406735e-05,0.05020123022991017,-0.1851828347623564,0.08753080126897143,-0.17083564247402716,-1.6987193253180035e-09,1.9264645605968307e-09,0.032449509204502076,-0.11642047542090489
66.87,0.034717494924845646,-0.13257556482341368,0.0859909171912385,-0.1697677432177,-1.7891883005400182e-09,-9.616246494324998e-10,0.06599063808495528,-0.24401602473667405,0.08842632964081537,-0.1762025985769365,-3.921249847093657e-06,-6.333264531015173e-05,0.04921027860492282,-0.18166794742039347,0.0878887623422849,-0.1721688515147185,-1.697110091747817e-09,1.920407882712475e-09,0.03098854201654828,-0.11103978538450664
66.88,0.033465015908864776,-0.12637473920052442,0.08661795634236448,-0.17199116087891253,-1.793694998093756e-09,-9.496448710514146e-10,0.06541688549738332,-0.24213776091304268,0.08891159048207534,-0.17796390656862612,-1.714263580626647e-06,-7.179403722565726e-05,0.048201196067586695,-0.1780819839206187,0.08822949334289212,-0.1734447960036963,-1.695308710998433e-09,1.913672416140251e-09,0.029516527174124247,-0.10562922130463132
66.89,0.032200022007554716,-0.12014694750370374,0.08722777390093212,-0.17415880273348505,-1.7982962262885517e-09,-9.37352060605508e-10,0.06481893779742658,-0.24015666365985955,0.08937903747628688,-0.17966796658191725,4.875077944627701e-07,-8.012984161735439e-05,0.04717434202059667,-0.17442658529122515,0.08855286732608152,-0.1746630229355155,-1.6933158559095034e-09,1.9062665097803817e-09,0.02803400603399383,-0.10019107929606791
66.9,0.030923135560257945,-0.11389706671496912,0.08782015375439224,-0.17627019163089047,-1.8029907701952476e-09,-9.247479725526405e-10,0.06419699422898778,-0.23807377097670177,0.08982850087623673,-0.1813143138740691,2.683209635504369e-06,-8.833612005963959e-05,0.046130082798958694,-0.1707034126965195,0.08885876312205132,-0.17582313348958103,-1.69113228309714e-09,1.8981872427048237e-09,0.02654152269208239,-0.09472763272535822
66.91,0.029634980987179774,-0.10762993530536788,0.08839488541895571,-0.17832485946108856,-1.8077773773617247e-09,-9.118381452916916e-10,0.06355126420991986,-0.23589017897812334,0.0902598167094128,-0.18290249604548287,4.871998429343581e-06,-9.640894331302963e-05,0.04506879150379881,-0.1669141393704236,0.08914706537753402,-0.17692470700207916,-1.6887588079136052e-09,1.889440276840129e-09,0.02503962375639196,-0.08924112904195536
66.92,0.028336184307011767,-0.10135035385767927,0.08895176408615219,-0.1803223507172076,-1.8126547506839535e-09,-8.986282270655335e-10,0.06288196722188194,-0.23360703625449308,0.09067282682297542,-0.1844320767269192,7.053042371637142e-06,-0.00010434248695538262,0.04399084783465726,-0.16306045458041352,0.0894176645963755,-0.17796735694076254,-1.6861963037471657e-09,1.8800259452997738e-09,0.02352885812256698,-0.08373378616855306
66.93,0.02702737265874681,-0.09506307580328723,0.08949059066830635,-0.18226221913976604,-1.8176215753859574e-09,-8.851207020267838e-10,0.062189332694946524,-0.23122554037664547,0.09106737892735954,-0.18590263052687325,9.225522008169902e-06,-0.00011213193678924816,0.04289663792022812,-0.1591440638354382,0.08967045717832317,-0.1789507141935095,-1.6834457309240307e-09,1.8699467864941837e-09,0.022009776752457248,-0.07820778889621724
66.94,0.02570917382845189,-0.08877279695930053,0.09001117184317275,-0.18414402303156338,-1.8226765097072179e-09,-8.713195567682086e-10,0.06147359988725309,-0.22874693692409737,0.09144332663880479,-0.1873137390952862,1.1388630861996757e-05,-0.00011977249478630446,0.041786554147573374,-0.15516668575254255,0.08990534545574869,-0.17987442691947908,-1.6805080970431333e-09,1.8592045388977549e-09,0.020482932455833623,-0.0726652912282488
66.95,0.024382215781843897,-0.08248415066048839,0.09051332009803104,-0.18596732513577524,-1.8278181721460346e-09,-8.572293986201478e-10,0.06073501775988672,-0.22617251753956152,0.09180052952110584,-0.18866499117962812,1.354157602627784e-05,-0.00012725976115161774,0.04066099498999814,-0.151130050831631,0.09012223772902365,-0.18073814820783007,-1.6773844935694206e-09,1.8477753652910641e-09,0.018948879675273242,-0.06710841446278853
66.96000000000001,0.02304712620341414,-0.07620169793607712,0.09099685377347953,-0.18773168808903445,-1.8330451546953854e-09,-8.42851936801137e-10,0.059973844847139864,-0.2235036187405478,0.09213885312677805,-0.18995597875993353,1.5683578745629344e-05,-0.00013458899722105868,0.03952036483378983,-0.1470358986376356,0.0903210483431285,-0.18154017630328478,-1.6740760762786604e-09,1.83537719247889e-09,0.017408174278361253,-0.06153911470089699
66.97,0.021704532042887307,-0.0699299206584761,0.09146159711135678,-0.1894365382890221,-1.8383560228937112e-09,-8.282001547440433e-10,0.059190349122883984,-0.22074160159674777,0.09245816905114543,-0.1911858655755853,1.7813873145193118e-05,-0.0001418157227651373,0.03836507380538816,-0.1428859322427183,0.09050169783196732,-0.1822787803842811,-1.6705840882413065e-09,1.822216837375206e-09,0.015861373360004354,-0.0559593056571982
66.98,0.020355059069731164,-0.06367321550566013,0.09190738031807417,-0.1910810210024284,-1.8437493255393728e-09,-8.132729077939825e-10,0.058384807864717635,-0.21788783087318317,0.09275835502577964,-0.19235322364368668,1.993170465661606e-05,-0.00014890901809822216,0.037195537601937265,-0.1386817975211437,0.09066411304930543,-0.18295357671995305,-1.666909862700588e-09,1.8084231812935082e-09,0.014309035047159595,-0.05037099608660031
66.99,0.01899933143621331,-0.05743589186095246,0.09233403963533397,-0.1926645794077768,-1.8492235533951341e-09,-7.980652881553022e-10,0.05755750751522043,-0.21494374300928346,0.09303929502526243,-0.19345741425498397,2.203633210076137e-05,-0.00015581902882584947,0.03601217732254765,-0.13442523215260693,0.09080822722861803,-0.18356434820572098,-1.6630547751750538e-09,1.793925522824638e-09,0.012751718300191945,-0.04477617860702785
67.0,0.017637971249112504,-0.05122217507422342,0.09274141739683293,-0.19418681419524875,-1.854777198992982e-09,-7.825780428074267e-10,0.05670874353789012,-0.21191082923581972,0.0933008793361381,-0.19449813973808994,2.4127030650473314e-05,-0.000162552838743322,0.03481541929475925,-0.13011801888106292,0.0909339800096259,-0.18411082838904955,-1.659020294882699e-09,1.7787645440565094e-09,0.011189982714438973,-0.039176803808460746
67.01,0.01627159814987967,-0.04503620969696019,0.09312936207290724,-0.19564727425147638,-1.8604087157801826e-09,-7.668211956320951e-10,0.05583882026774398,-0.20879061962155654,0.09354300459677564,-0.1954749942856348,2.6203092415652723e-05,-0.00016911550622241897,0.03360569489746351,-0.1257619242694476,0.09104131746216347,-0.18459280962664337,-1.6548079501092153e-09,1.7629386863165834e-09,0.009624388324874137,-0.033574798981454046
67.02,0.014900828903042115,-0.0388820592633215,0.09349772831317991,-0.19704555541330118,-1.866116524996111e-09,-7.508007977678619e-10,0.054948050757767306,-0.20558468155184026,0.09376557383304894,-0.19638766248650466,2.8263826162819404e-05,-0.00017550680433622647,0.03238344038338982,-0.12135872556581957,0.09113019214288716,-0.1850089577838592,-1.650419336733189e-09,1.7459493823022898e-09,0.008055495417221867,-0.02797194643179213
67.03,0.013526276993082972,-0.032763696908302616,0.0938463769880073,-0.19838125057739842,-1.8718990284651913e-09,-7.345239062466813e-10,0.05403675662193057,-0.20229460933338683,0.09396849649244625,-0.1972358045949976,3.0308557550809258e-05,-0.00018171933545931338,0.03114909670134322,-0.1169102004720418,0.09120056327078738,-0.18535585421753878,-1.6458561774723326e-09,1.7279566614928494e-09,0.006483864354229368,-0.02236978473052962
67.04,0.01214855223031038,-0.026685002793376288,0.09417517522863803,-0.1996539691517904,-1.8777545957730734e-09,-7.179927428961362e-10,0.053105267875222024,-0.19892202699514167,0.09415168847665836,-0.19801911138670683,3.233662974319911e-05,-0.00018774817971293605,0.029903109318003787,-0.1124181328388239,0.09125239695256684,-0.18563252077736342,-1.6411202648923388e-09,1.709292330725096e-09,0.004910055410715628,-0.016770051172278366
67.05,0.01076826036702051,-0.020649732049582013,0.09448399646710283,-0.20086330488381018,-1.8836815791566545e-09,-7.011954007920468e-10,0.05215392277108797,-0.19546857743269463,0.09431507221016727,-0.198736074090004,3.434740069427212e-05,-0.00019369670000124077,0.028645928043025088,-0.10788418935498238,0.0912856662908111,-0.18583920619068395,-1.6362134810670633e-09,1.6899158873221374e-09,0.0033346286011850077,-0.01117456180666697
67.06,0.00938600272512827,-0.014661529588839936,0.09477272047639945,-0.2020088567375494,-1.8896782948791704e-09,-6.841463440092256e-10,0.051183067636418146,-0.191935932232881,0.09445857679055418,-0.19938443593815391,3.634024035280438e-05,-0.00019949595606915204,0.027378006862518563,-0.10330994989195055,0.0913003514476642,-0.18597407609811736,-1.6311378014791591e-09,1.6689870399910436e-09,0.0017581435065940159,-0.00558490510266462
67.07000000000001,0.008002375834346893,-0.008723957461943217,0.09504123341012524,-0.20309024347583138,-1.895743040749474e-09,-6.668558974051342e-10,0.050193056703587924,-0.18832579941061545,0.09458213814750256,-0.1999636229915594,3.83145340052567e-05,-0.00020508417296981636,0.02609980377403442,-0.09869716027275491,0.09129643989378032,-0.1860318410271896,-1.6258953328405178e-09,1.646663782988867e-09,0.0001811591218154214,-2.3116547282850896e-06
67.08,0.00661797108040276,-0.002840458238963857,0.09528942784469231,-0.20410696517896973,-1.901874085970729e-09,-6.492844999531212e-10,0.04918425193959668,-0.18463990551509593,0.09468569911856452,-0.2004735446118722,4.026968606711894e-05,-0.00021048358906376922,0.024811780613498226,-0.09404761538191855,0.09127392676620644,-0.18601054341368284,-1.6204883109094884e-09,1.6234758503335721e-09,-0.0013957662834257647,0.005571704926766413
67.09,0.005233374364101379,0.002985630742234524,0.09551720285764481,-0.20505752956995826,-1.9080696639191885e-09,-6.313968805453002e-10,0.04815702287681636,-0.18087987221266466,0.0947692094896173,-0.20091340408415576,4.220511771257017e-05,-0.00021577692831754384,0.023514402878635533,-0.0893630385256739,0.0912328150592863,-0.18591051604238384,-1.6149190593168762e-09,1.5995138587458546e-09,-0.0029720753162007446,0.01113544696920241
67.1,0.003849165771588385,0.008751088834258337,0.09572446414052109,-0.2059409890794689,-1.9143279985024976e-09,-6.132608816047368e-10,0.04711174644613295,-0.17704739832393687,0.09483262615990401,-0.20127918856972715,4.4120260655893257e-05,-0.0002210210114101043,0.022208139565444106,-0.0846448144641918,0.0911731156491349,-0.18573168721243669,-1.6091899902862397e-09,1.5748650066650847e-09,-0.004547211624663395,0.016687284400603623
67.11,0.002465919256260281,0.0144528165906388,0.09591112408373619,-0.20675706640435143,-1.9206472653431824e-09,-5.949036686314081e-10,0.04604880680509873,-0.17314428752789898,0.09487591341774318,-0.20156889729504365,4.601455631019668e-05,-0.0002261008925565614,0.020893463016677716,-0.07989452631702613,0.09109484727973977,-0.18547440988780767,-1.6033035735634509e-09,1.54951540683497e-09,-0.006120620063111645,0.022225572016782925
67.12,0.0010842023328324556,0.020087836736921893,0.09607710182114847,-0.20750536945802517,-1.9270256301132285e-09,-5.763181666185734e-10,0.04496859515897815,-0.169172357624342,0.09489904315636825,-0.20178130851523707,4.7887455109107454e-05,-0.0002311874181718842,0.019570848764663137,-0.07511383843106514,0.09099803654115576,-0.1851388725156601,-1.5972623533551898e-09,1.5234927361547067e-09,-0.007691746855333511,0.02774869993225222
67.13,-0.0002954242167274781,0.02565328153098303,0.09622232326651,-0.20818552382306008,-1.933461230154813e-09,-5.574375696208951e-10,0.043871509578719124,-0.16513343744965245,0.09490199518130736,-0.2019097006587352,4.973840930058153e-05,-0.00023631560710085135,0.01824077538320752,-0.07030386217746985,0.09088271784286857,-0.1847254114161435,-1.5910689409752484e-09,1.496802661517133e-09,-0.009260039756042497,0.03325507217350967
67.14,-0.0016724066255576907,0.03114640803750709,0.09634672121438076,-0.20879511178717544,-1.939952173950938e-09,-5.380005627811973e-10,0.042757954824875544,-0.1610291358117949,0.09488475765497154,-0.2019512077766637,5.156687220581697e-05,-0.00024134513760165383,0.016903724353532254,-0.06546608750574183,0.0907489333833872,-0.1842343538272815,-1.58472602504367e-09,1.4694660752909505e-09,-0.01082494821012953,0.038743119024989475
67.15,-0.003046198411982251,0.036564599808452905,0.09645023552533494,-0.20933224261684058,-1.94649650313777e-09,-5.182720440839656e-10,0.04162834217995658,-0.15686113369595567,0.09484732735954812,-0.20190620185454092,5.337230398780069e-05,-0.0002462916532382465,0.015560179912458637,-0.06060232699501004,0.09059673311560845,-0.1836660838360065,-1.5782363351059478e-09,1.4414975207970255e-09,-0.012385923509706177,0.044211291086643977
67.16,-0.004416260636838622,0.041905369614708164,0.09653281328237619,-0.20979642301977117,-1.9530922514840466e-09,-4.981294685481848e-10,0.040483089276379364,-0.15263128031304168,0.09478970973812213,-0.2017745921939792,5.515417335972803e-05,-0.00025116468911361205,0.014210628878469357,-0.05571435062513384,0.09042617470827288,-0.18302102695680875,-1.5716026815452213e-09,1.4129148029661647e-09,-0.013942418948761973,0.049658066374241985
67.17,-0.005782062147526677,0.04716637104443309,0.09659440898435981,-0.21018338769163658,-1.9597373842454867e-09,-4.770881779691174e-10,0.03932261992694469,-0.1483410269161927,0.09471191888380658,-0.2015566406552871,5.6911956781022795e-05,-0.00025596494617810425,0.012855560472408982,-0.05080396406467191,0.09023732350295642,-0.18229965072240453,-1.5648279314073714e-09,1.3837319332238989e-09,-0.015493889975530173,0.05508194075779798
67.18,-0.007143079808618264,0.05234538376500766,0.09663498487773528,-0.21048953074117424,-1.9664297778683374e-09,-4.550352903251697e-10,0.03814736396900912,-0.14399190921183883,0.09461397752392334,-0.20125250145857612,5.864513808486883e-05,-0.000260696950105253,0.011495466137589111,-0.045872962924206534,0.09003025246708664,-0.18150245777290824,-1.5579150094951022e-09,1.3539647477985417e-09,-0.017039794342812258,0.06048143070875563
67.19,-0.008498798719689078,0.057440309022543455,0.09665451144320375,-0.21070758618783356,-1.9731672105767578e-09,-4.316658961474543e-10,0.03695775712321725,-0.13958511037620616,0.09449591699848568,-0.20086246006598837,6.035320803398406e-05,-0.00026536686755085045,0.01013083935923334,-0.040923157599394216,0.08980504214309847,-0.18062999278033334,-1.5508669040353842e-09,1.3236277835759536e-09,-0.01857959225633049,0.06585507239315397
67.2,-0.009848712420508766,0.062449182017866756,0.09665296795495003,-0.2108333708542331,-1.9799473551610437e-09,-4.0784258085135996e-10,0.035754240857926056,-0.13512213884937482,0.094357777234105,-0.20038680911653892,6.203566377396606e-05,-0.0002699788784775385,0.008762175483412658,-0.03595635791785599,0.08956178059378121,-0.17968283410882624,-1.5436866495992168e-09,1.2927385460069272e-09,-0.020112746521116824,0.07120142105875968
67.21000000000001,-0.011192323082971543,0.06737017487401904,0.09663034281953356,-0.21086725074768933,-1.986767833901019e-09,-3.839463212449141e-10,0.03453726222967767,-0.13060498373543178,0.09419960671293261,-0.1998259066297233,6.36920085045658e-05,-0.0002745320104605563,0.007389971535606083,-0.030974377565886575,0.08930056334408397,-0.17866159407668042,-1.5363773413964039e-09,1.2613124955218692e-09,-0.021638722686015584,0.07651905021283145
67.22,-0.012529141689544426,0.07220159140146246,0.09658663364582624,-0.2108090544154676,-1.9936262495638975e-09,-3.5983932712728454e-10,0.03330727369478251,-0.12603559225185165,0.09402146243714261,-0.19918014586864208,6.532175140712979e-05,-0.0002790262833217037,0.006014726039034084,-0.025979032198640235,0.08902149331958757,-0.17756691713559178,-1.5289421317050042e-09,1.2293664048016023e-09,-0.023156989186402188,0.0818065501121319
67.23,-0.013858688198427262,0.0769418674531772,0.09652184723996468,-0.210658988496087,-2.0005202016993074e-09,-3.356092212229508e-10,0.03206473291185047,-0.12141596397796443,0.09382340988885694,-0.19844996952637148,6.692440763091168e-05,-0.00028346132840692003,0.004636938832739781,-0.020972140195945746,0.08872468078173615,-0.17639947959421415,-1.5213842261992103e-09,1.1969165314754974e-09,-0.02466701748521068,0.08706252747260644
67.24,-0.015180491695546533,0.08158957021723005,0.09643599959548549,-0.21041715477206513,-2.0074472527343742e-09,-3.1123107661601613e-10,0.03081010254252077,-0.1167480998224561,0.09360552298566822,-0.19763586127524513,6.849949826304624e-05,-0.00028783710205236687,0.003257110889447827,-0.015955521579758946,0.08841024325991792,-0.17515998827499335,-1.51370686220106e-09,1.1639794425440239e-09,-0.026168282212327587,0.09228560486580552
67.25,-0.016494090533423322,0.08614339780249976,0.09632911587698768,-0.21008379060613153,-2.0144049681503162e-09,-2.8673602829639783e-10,0.02954385005030651,-0.11203402604821407,0.09336788403180987,-0.19673834860179168,7.004655028609069e-05,-0.00029215352613650423,0.0018757441332470867,-0.010930997833588313,0.08807830548049295,-0.17384917971197478,-1.5059133494081544e-09,1.1305721707639173e-09,-0.027660261302401866,0.09747442031118461
67.26,-0.017799032456982198,0.0906021784163189,0.09620123039873285,-0.20965914757792206,-2.021390899967625e-09,-2.621270337358996e-10,0.02826644749779414,-0.1072757807566579,0.09311058366508691,-0.1957579999872172,7.156509652121685e-05,-0.00029641066478297264,0.0004933412571455211,-0.005900391256741998,0.08772899929286516,-0.17246781910043538,-1.498007030584518e-09,1.0967116532184036e-09,-0.02914243613111575,0.10262762680145257
67.27,-0.019094874716379426,0.09496486948561907,0.09605238659759252,-0.20914355093534479,-2.0284025759807654e-09,-2.3742109842265884e-10,0.026978371342229274,-0.10247541912694241,0.09283372079965067,-0.19469542490837402,7.30546755592627e-05,-0.000300608632405176,-0.0008895944594516226,-0.0008655245378590176,0.08736246359269499,-0.17101669939391792,-1.489991283575744e-09,1.0624147461106455e-09,-0.030614291649961586,0.10774389189616973
67.28,-0.020381184166949354,0.09923055655692666,0.09588263700076134,-0.20853736855844635,-2.0354375353294868e-09,-2.1262802095919061e-10,0.025680102229626335,-0.0976350092646065,0.09253740256471635,-0.1935512724246668,7.451483167952551e-05,-0.00030474763544877456,-0.0022725593332910176,0.004171779797187674,0.08697884424234663,-0.1694966403504831,-1.4818695585180655e-09,1.0276989522461223e-09,-0.0320753165195646,0.11282189731514503
67.29,-0.021657537356382005,0.10339845206223887,0.09569204318815762,-0.20784102510446678,-2.042493289530003e-09,-1.8776125094825586e-10,0.024372124787487154,-0.0927566327295458,0.09222174423931476,-0.19232623047017816,7.594511475732069e-05,-0.00030882794652155614,-0.003655049459795251,0.009209699889655004,0.08657829398866324,-0.16790848762715388,-1.4736453184836224e-09,9.9258114996099e-10,-0.033525003241592126,0.11786033856860835
67.3,-0.02292352059926185,0.10746789391687801,0.09548067574968765,-0.20705499350890808,-2.049567358579635e-09,-1.628319957387388e-10,0.02305492741624121,-0.08784238270997796,0.09188686918317356,-0.19102102479232302,7.73450801611034e-05,-0.00031284991150339547,-0.005036560895508262,0.014246415092818843,0.0861609723781613,-0.16625311187231018,-1.4653220848664692e-09,9.57079246076491e-10,-0.03496284828928604,0.12285792460524884
67.31,-0.02417873003911251,0.11143834397336791,0.09524861423742814,-0.20617979776718576,-2.056657239712792e-09,-1.3785290031525891e-10,0.021729002079508775,-0.08289436335781915,0.09153290876382159,-0.18963641806649018,7.871428864034786e-05,-0.00031681393927704003,-0.006416589840409292,0.019280106512872763,0.08572704566973403,-0.16453140784056608,-1.4569034015072702e-09,9.212106952980665e-10,-0.03638835223665235,0.12781337748896993
67.32000000000001,-0.025422771698108575,0.11530938632845329,0.094995947112846,-0.20521601004278636,-2.0637604378864102e-09,-1.1283527848293683e-10,0.02039484409329515,-0.07791468852870721,0.09116000228001099,-0.1881732089214537,8.00523062046178e-05,-0.0003207204992243109,-0.007794632820039868,0.0243089575686832,0.08527668674495256,-0.16274429351712943,-1.4483928626801156e-09,8.849925566035034e-10,-0.03780101988633971,0.13272543209888638
67.33,-0.026655261514626574,0.11908072549324343,0.09472277168914534,-0.20416425058673213,-2.070874458004469e-09,-8.779118334737262e-11,0.019052951914221704,-0.07290548080495633,0.09076829688155091,-0.18663223100720416,8.13587039954433e-05,-0.00032457011392176427,-0.009170186867387397,0.029331154558763204,0.08481007501605199,-0.16089270925755766,-1.4397940901393854e-09,8.484430704297984e-10,-0.039200360396236825,0.13759283585583726
67.34,-0.027875825368825755,0.12275218443029413,0.09442919406884966,-0.20302518623133667,-2.0779967881307476e-09,-6.273272251332374e-11,0.017703826926901804,-0.0678688703631141,0.09035794748564752,-0.18501435203825617,8.263305815184588e-05,-0.0003283633533225365,-0.010542749704467799,0.0343448872412795,0.08432739633168833,-0.15897761693946613,-1.431110733792197e-09,8.115795275276213e-10,-0.04058588740481587,0.1424143484738045
67.35,-0.02908409909645713,0.12632370246484864,0.09411532907671892,-0.20179952958083902,-2.085124925976461e-09,-3.767112790773107e-11,0.016347973230572556,-0.06280699390576482,0.08992911668984553,-0.18332047284471903,8.387494967080166e-05,-0.0003321008273329953,-0.01191181992355105,0.03934834942377403,0.08382884288055072,-0.15699999912762788,-1.4223464840029602e-09,7.744195642506264e-10,-0.04195711915524367,0.1471887417372329
67.36,-0.030279728491115352,0.12979533307553076,0.09378130018810796,-0.20048803783995456,-2.092256370629268e-09,-1.2618734734430427e-11,0.014985897425088646,-0.05772199354880981,0.08948197468166556,-0.18155152641403613,8.50839642639408e-05,-0.0003357831783897925,-0.013276897167966475,0.04433973956396561,0.08331461309291226,-0.15496085825161085,-1.4135050594888712e-09,7.369809056672718e-10,-0.04331357861828657,0.15191479930360222
67.37,-0.03146236929515867,0.1331672415707005,0.09342723945286999,-0.1990915118109232,-2.0993886096056838e-09,1.2413206756306714e-11,0.013618108396392244,-0.05261601571935798,0.0890166991450336,-0.1797084769312574,8.625969221160451e-05,-0.0003394110733176432,-0.014637482312430944,0.04931726138025351,0.08278491154020179,-0.15286121579654355,-1.404590197083635e-09,6.992812014130989e-10,-0.044654793614024434,0.15659131653167502
67.38,-0.032631687180743704,0.13643966340238783,0.09305328739472091,-0.19761144899197478,-2.1065191547470378e-09,3.695202866082314e-11,0.012245117096280653,-0.04749138136313541,0.08853347516285542,-0.177792342879107,8.740172826081369e-05,-0.00034298374500400363,-0.01599307764309015,0.05427911626452076,0.0822399488318892,-0.15070213701830423,-1.3956056617856912e-09,6.613299585723597e-10,-0.045980296932088355,0.1612171101727426
67.39,-0.03378735772928274,0.13961270284059668,0.09265959285735918,-0.19604992927441767,-2.1136455706918373e-09,6.103086719911204e-11,0.010867436310698718,-0.042350501440431364,0.08803249510434853,-0.17580452964811086,8.85096720012737e-05,-0.0003464872516061914,-0.017343187039594473,0.05922343992845136,0.08167994150432618,-0.14848486555717746,-1.3865552501205628e-09,6.233874335794968e-10,-0.04728962644865759,0.1657910601335575
67.4,-0.03492906643130402,0.1426859677607207,0.09224631282038909,-0.19440863310549694,-2.1207654339796578e-09,8.487999067750497e-11,0.009485580425381212,-0.037195617199463876,0.08751395844482186,-0.17374797744043152,8.95831292717266e-05,-0.00034989632903131596,-0.018687316167099143,0.06414815329276542,0.08110511186134947,-0.14621189447265764,-1.3774427174900487e-09,5.861708703522856e-10,-0.04858232524632383,0.1703118385951979
67.41,-0.03605650869363452,0.14565970351630914,0.09181361223938285,-0.19268872517604957,-2.127876371736898e-09,1.0856130037704088e-10,0.008100065200485817,-0.03202889205995774,0.08697807153454294,-0.17162457263073858,9.062171363958246e-05,-0.00035321002640325265,-0.02002497267409801,0.06905137417960625,0.08051568774505519,-0.1438858660437579,-1.3682717993493214e-09,5.490479437463844e-10,-0.049857941747908,0.1747779580913762
67.42,-0.03716938980903591,0.14853467051266678,0.09136166390221342,-0.19089192378510622,-2.134976017581538e-09,1.3186584724295305e-10,0.00671140754824914,-0.02685262444344949,0.08642504741721772,-0.1694352978408747,9.162504680755492e-05,-0.0003564306228134371,-0.02135566638024156,0.07393136702219516,0.0799119023164964,-0.1415080625834872,-1.359046203322771e-09,5.116714744522289e-10,-0.05111602985286597,0.17918823578555051
67.43,-0.038267424889496436,0.15131158035293785,0.09089064826918991,-0.1890199161537532,-2.1420620456233503e-09,1.5490641596514546e-10,0.005320125307078925,-0.0216690626624189,0.08585510570450215,-0.16718144057811088,9.25927586265957e-05,-0.0003595524760331733,-0.022678909454284517,0.07878635498296785,0.07929399390589728,-0.13907959441406065,-1.3497696589414867e-09,4.743111153906743e-10,-0.052356149057949795,0.1835416131343932
67.44,-0.03935033879676533,0.15399098554602564,0.09040075331354529,-0.1870740733584029,-2.1491321576460964e-09,1.7773615824347766e-10,0.003926737018466476,-0.016480357979792148,0.08526847242371405,-0.16486524711454525,9.352448780775531e-05,-0.0003625579664029063,-0.023994216594645033,0.08361444872933042,0.07866220587788801,-0.13660223066857172,-1.3404458810801489e-09,4.3736975874699247e-10,-0.05357786456865003,0.18783693596467863
67.45,-0.04041786607515155,0.15657365085443753,0.08989217438030937,-0.18505569641048425,-2.156184073492799e-09,2.0042052371917535e-10,0.0025317617096406136,-0.011288662772929512,0.0846653798175126,-0.16248879069953442,9.441988295497898e-05,-0.0003654434743693572,-0.025301105214630203,0.08841381399116911,0.07801678644345769,-0.134078522776503,-1.331078559496234e-09,4.0070399578771054e-10,-0.054780747418909766,0.1920728557936728
67.46000000000001,-0.04146975086461541,0.1590607430143399,0.08936511405997836,-0.1829659212468906,-2.163215521915072e-09,2.2302846216869222e-10,0.0011357186791524751,-0.006096094573390585,0.0840460661606395,-0.16005325484803093,9.527860294542256e-05,-0.0003682120479215005,-0.026599095622940928,0.09318275287912728,0.07735798845161077,-0.13151000640426821,-1.321671356903859e-09,3.639429074198812e-10,-0.055964374596644835,0.19624820832052947
67.47,-0.042505746786756046,0.16145353260269266,0.08881978207132757,-0.1808058963634367,-2.1702242467342364e-09,2.455151354297423e-10,-0.00026087271535799836,-0.0009047556932637348,0.08341077562373743,-0.157559831924073,9.610031685299318e-05,-0.00037086208407542703,-0.027887711195997804,0.09791957855185437,0.07668606923218074,-0.12889768417496633,-1.3122279417319084e-09,3.271153879488391e-10,-0.05712832915998747,0.20036195908740884
67.48,-0.0435256168149917,0.16375338359437783,0.0882563951459441,-0.17857679988314581,-2.1772080091115458e-09,2.678677998432609e-10,-0.0016574932677252301,0.004283258459321026,0.08275975815401332,-0.15500972362684592,9.68847039073756e-05,-0.0003733941707676638,-0.02916647854647438,0.10262262172169927,0.07600129047928762,-0.1262427447390932,-1.302751992618173e-09,2.902238935785799e-10,-0.058272200344338033,0.2044130453572549
67.49,-0.04452913313677816,0.16596170527476406,0.08767517689735405,-0.17628025346558573,-2.1841645804370725e-09,2.8986092242675977e-10,-0.003053624134750819,0.009465801200345163,0.08209326935399719,-0.15240417261969855,9.763145351418481e-05,-0.00037580661161884044,-0.030434927690558177,0.10729021885792488,0.07530391813792234,-0.12354631886448939,-1.2932471858492455e-09,2.533228215135688e-10,-0.05939558366654201,0.20840045941236915
67.5,-0.04551607700975714,0.16807997409302233,0.08707635766682621,-0.17391790562806816,-2.1910917596940765e-09,3.1164650933122615e-10,-0.004448747049531,0.014640743523014907,0.08141157035735784,-0.14974444528143305,9.834026534957151e-05,-0.00037809779433241,-0.031692592214147025,0.11192072043238667,0.07459422228776466,-0.12080960042841787,-1.2837172015151134e-09,2.164110118220886e-10,-0.06049808102649641,0.2123232064314381
67.51,-0.046486238613044795,0.17010969011492252,0.08646017436812382,-0.17149111197303168,-2.1979873794235785e-09,3.332572749081849e-10,-0.005842344533087037,0.019806015542053173,0.08071492769217259,-0.1470321501801534,9.901084971176086e-05,-0.0003802593256520926,-0.03293900943836016,0.11651247289260509,0.07387247701249117,-0.11803418943295572,-1.274165713122471e-09,1.7991619181933425e-10,-0.061579300809338905,0.21618021651602817
67.52,-0.04743941689447073,0.17205240622912554,0.08582687034580702,-0.1690012403894967,-2.2048492851875044e-09,3.546898318578359e-10,-0.007233900102126631,0.024959566926379465,0.08000361311379053,-0.14426931820723035,9.964292812478709e-05,-0.0003822857066067877,-0.034173720586365176,0.12106377693814283,0.07313896023224974,-0.11522218905401826,-1.2645963604438908e-09,1.4362729747016239e-10,-0.0626388579931068,0.21997035460069095
67.53,-0.04837541940830136,0.17390988650695788,0.08517669524080708,-0.16644959084552,-2.211675337899133e-09,3.759927623627257e-10,-0.008622898473794199,0.030099375893545388,0.07927790342894639,-0.14145736883415158,0.0001002362337666698,-0.0003841771711369191,-0.0353962709496486,0.1255730263781637,0.07239395352749901,-0.11237491720384814,-1.2550127728700914e-09,1.0729582611363722e-10,-0.06367637425687792,0.22369262254427905
67.54,-0.04929406213838024,0.17568400001120252,0.0845099048596996,-0.16383744405575118,-2.2184634149853993e-09,3.9713523427437055e-10,-0.010008825767992592,0.03522344059970281,0.0785380803489577,-0.13859748707365985,0.00010079051159043804,-0.000385933175414497,-0.03660621004885764,0.13003867092845955,0.07163774200058054,-0.10949340356410647,-1.2454185690836256e-09,7.099513671165945e-11,-0.06469147808172565,0.22734607717494648
67.55,-0.05019516931053071,0.17737666515634018,0.08382676104532832,-0.16116611105288778,-2.225211398182952e-09,4.181222937836001e-10,-0.011391169707597945,0.04032977668385925,0.07778443036323628,-0.13569096605457726,0.00010130551838193455,-0.0003875530766662114,-0.037803091789898484,0.13445916460393212,0.07087061416328042,-0.10657879941849134,-1.2358173655428868e-09,3.470290767973248e-11,-0.06568380484631554,0.2309297728618196
67.56,-0.05107857319845517,0.17898986880324871,0.08312753154613409,-0.1584369084515445,-2.231917209303162e-09,4.389395152677426e-10,-0.01276941981678634,0.045416419790958715,0.07701724461355935,-0.13273905121390187,0.00010178102284660432,-0.0003890362537467465,-0.03898647461783096,0.1388329897990437,0.07009286182615188,-0.10363218883091438,-1.2262127944782657e-09,-1.553700263683642e-12,-0.06665299692079082,0.23444278781800326
67.57000000000001,-0.05194411392379285,0.18052564953093894,0.08241248988408431,-0.15565116968130707,-2.238578773791669e-09,4.5958281166959157e-10,-0.0141430676173944,0.050481425669632915,0.07623681876763673,-0.12974301777479894,0.00010221680570777589,-0.0003903820610804849,-0.04015592166873846,0.14315864600088482,0.06930477998790764,-0.10065468327691403,-1.2166084725741383e-09,-3.7773598651481814e-11,-0.06759870375918986,0.23788421095601847
67.58,-0.05279163925075756,0.1819860987748342,0.08168191522134681,-0.15281023821019948,-2.2451940278631135e-09,4.800413797460835e-10,-0.015511606823221915,0.05552287145222747,0.07544345289243579,-0.12670413152389615,0.00010261265981546351,-0.00039158986586036395,-0.04131100091945471,0.14743465615559234,0.06850666672539406,-0.09764737448092108,-1.2070079970196847e-09,-7.394131892672641e-11,-0.06852058199032321,0.24125314848064355
67.59,-0.05362100437615851,0.18337334354522852,0.08093609222551137,-0.14991547754894483,-2.2517609389280423e-09,5.002999011382737e-10,-0.016874533532159477,0.0605388571885306,0.07463745132685135,-0.1236236753814792,0.0001029683902678062,-0.00039265893704314104,-0.04245128533519687,0.1516595622819408,0.06769882308358811,-0.09461136742685076,-1.1974149872211217e-09,-1.1003516501051053e-10,-0.06941829550697391,0.24454872604436317
67.6,-0.05443207171583969,0.18468953976689187,0.08017531093296343,-0.1469682724126088,-2.2582774846123592e-09,5.203530946752451e-10,-0.018231346416001944,0.06552750713025808,0.07381912255339185,-0.12050294263936309,0.00010328381455123295,-0.0003935884256358111,-0.04357635301516271,0.15583192650773212,0.06688155296514343,-0.09154777308109577,-1.1878330393260868e-09,-1.4604953229983427e-10,-0.07029151555305625,0.24777009289382348
67.61,-0.05522471068739112,0.18593689876566305,0.07939986661097001,-0.1439700022893524,-2.2647416831392503e-09,5.4019772879251e-10,-0.019581546907916077,0.07048696755947047,0.07298877906933285,-0.11734321618062522,0.00010355876269157763,-0.0003943777068566364,-0.04468578733594932,0.15995033703236095,0.06605516302000008,-0.0884576822199754,-1.1782657535753581e-09,-1.819833218839669e-10,-0.07113992080906853,0.2509164028121508
67.62,-0.05599879748845371,0.18711767127017961,0.07861005961953454,-0.1409220487974304,-2.2711515486749444e-09,5.59823511170965e-10,-0.020924639387601723,0.07541540845410646,0.07214673725833173,-0.11414577382849776,0.00010379307740302259,-0.0003950262719452438,-0.045779177092501504,0.16401340698896955,0.06521996253627023,-0.08534217271647569,-1.1687167062572024e-09,-2.1782470053015756e-10,-0.07196319747652186,0.25398682023327046
67.63,-0.056754214871611655,0.1882341241142207,0.0778061952727224,-0.13782581047753478,-2.2775051346994694e-09,5.792133148691866e-10,-0.022260131364063834,0.08031102482821771,0.07129331726215947,-0.11091190424192128,0.00010398661423942963,-0.00039553353829656937,-0.04685611663658882,0.1680197724801369,0.06437626332458668,-0.08220256777224193,-1.1591894702204113e-09,-2.533311569865176e-10,-0.07276103936209473,0.2569804983124609
67.64,-0.05749085191810091,0.1892885151927526,0.07698858369785805,-0.13468272622575142,-2.283800506212101e-09,5.983323370277981e-10,-0.02358753365613436,0.0851720291020224,0.07042884285103806,-0.10764292704360681,0.00010413924176149441,-0.00039589877474234937,-0.04791620601265564,0.17196810153548708,0.06352437958082754,-0.07904050690714398,-1.1496875814776167e-09,-2.8859222498752355e-10,-0.07353314796279536,0.25989656859413407
67.65,-0.05820860381062765,0.19028313862934368,0.07615753968601806,-0.13149444143615227,-2.290035772079562e-09,6.171131964130477e-10,-0.024906360571532383,0.08999663703861539,0.06955364129142425,-0.10434018800351856,0.0001042508418079571,-0.0003961184904421885,-0.04895905109114159,0.17585707778658669,0.06266462774222145,-0.07585718095005654,-1.1402145672410075e-09,-3.237495247178433e-10,-0.07427923255021449,0.2627342338150189
67.66,-0.058907371604025656,0.1912203099612679,0.07531338253283247,-0.12826255912384013,-2.296209073610957e-09,6.356143936418665e-10,-0.02621613008424596,0.09478310195679948,0.0686680432014851,-0.10100536992488185,0.00010432130995966462,-0.00039618777924250244,-0.04998426370099963,0.1796853650258658,0.06179732636483918,-0.0726536032504106,-1.1307739420427242e-09,-3.587671444377933e-10,-0.07499901025053535,0.2654927338931098
67.67,-0.05958706199403783,0.19210235202734544,0.07445643588252149,-0.12498851297674954,-2.302318545844336e-09,6.538707613301915e-10,-0.02751636400831153,0.09952973111524284,0.06777238239540308,-0.09763996145403789,0.00010435055597392502,-0.00039610704092176926,-0.050991461761354356,0.18345167630499873,0.06092279601659611,-0.06943085570420568,-1.1213691808455844e-09,-3.936522390833619e-10,-0.07569220612103433,0.2681713170567964
67.68,-0.0602475870847642,0.19293160937800216,0.0735870275817026,-0.1216737180066378,-2.3083624027588657e-09,6.718608852447311e-10,-0.02880658816727801,0.10423486059131672,0.06686699573808902,-0.09424520889851133,0.00010433850399075386,-0.0003958767856791894,-0.05198026940947276,0.1871547778655413,0.06004135917224186,-0.06618995969512806,-1.1120037806309955e-09,-4.283902115289505e-10,-0.07635855322485084,0.27076924997084134
67.69,-0.06088886415589907,0.19371039795284611,0.07270548953739597,-0.11831959132402857,-2.314338842774765e-09,6.895866508945097e-10,-0.030086332559504606,0.10889688035916459,0.06595222301465785,-0.09082239218729013,0.00010428509266939993,-0.00039549649862409276,-0.0529503171252871,0.19079343068528615,0.05915334010962383,-0.06293194824414797,-1.1026812057209572e-09,-4.629762665388968e-10,-0.07699779270316011,0.27328584825378294
67.7,-0.06151081543600347,0.19444087395092394,0.07181215757490905,-0.11492756242588158,-2.3202461150162685e-09,7.070374460418936e-10,-0.031355131514821805,0.11351435517170562,0.06502840680393301,-0.08737276194562207,0.00010419027537626418,-0.00039496586031186824,-0.05390124185885873,0.19436627439353157,0.05825906480668972,-0.05965785053249722,-1.0934049023194151e-09,-4.973992618125081e-10,-0.07760967383779237,0.27572064663361556
67.71000000000001,-0.06211336788834585,0.19512506382606212,0.07090737129484531,-0.11149906793306177,-2.3260824797696275e-09,7.242101229320895e-10,-0.0326125238370826,0.11808599247630841,0.06409589235268515,-0.08389757031245053,0.00010405402040903713,-0.00039428400588346907,-0.05483268716675109,0.19787185704223473,0.057358860838305346,-0.05636870042672877,-1.0841783084572567e-09,-5.316516808309888e-10,-0.07819395409673509,0.2780733523181812
67.72,-0.0626964530085386,0.1957649250561886,0.06999147392950181,-0.10803554485889971,-2.331846233880143e-09,7.410987390801874e-10,-0.033858052933664604,0.12261058197656138,0.0631550274506997,-0.08039805884953237,0.00010387631124836292,-0.00039345020515525004,-0.055744303356123445,0.20130870034486406,0.05645305727316423,-0.05306552379193675,-1.0750048413797986e-09,-5.657245550947732e-10,-0.07875039916408381,0.2803437599265587
67.73,-0.06326000662938085,0.19636237858263392,0.06906481219921345,-0.10453842667928226,-2.337535713856326e-09,7.576988779915095e-10,-0.03509126693661738,0.12708696081288742,0.06220616230639043,-0.0768754673327713,0.00010365714682032474,-0.0003924637680185068,-0.05663574763163566,0.20467533522873385,0.055541984571244464,-0.04974933858039463,-1.0658879130414475e-09,-5.99609440916622e-10,-0.07927878296109196,0.2825317020265072
67.74,-0.06380396873080255,0.19691928622189242,0.06812773616895888,-0.1010091437104956,-2.343149261316577e-09,7.740049626344135e-10,-0.03631171881782076,0.13151403114926055,0.06124964942290397,-0.07333102922837366,0.00010339654175869041,-0.0003913241127824394,-0.05750668424265566,0.20797028467866105,0.05462597448207373,-0.04642115433049315,-1.0568308920867657e-09,-6.332981766154695e-10,-0.07977888766168985,0.2846370733309889
67.75,-0.06432828325335639,0.19743751638263266,0.06718059910545204,-0.097449117789403,-2.3486852686708927e-09,7.900143471918132e-10,-0.03751896650004038,0.13589069338978102,0.06028584347461014,-0.06976597670350439,0.00010309452665996725,-0.0003900309113758807,-0.0583567846287685,0.2111921330414863,0.05370535994394458,-0.0430819683235783,-1.047837155393118e-09,-6.667824537557488e-10,-0.08025050370515348,0.28665973699524666
67.76,-0.06483289791492468,0.1979188641697768,0.0662237573348486,-0.09385976634803059,-2.354142141255537e-09,8.057209396923848e-10,-0.03871257296458959,0.14021591858536006,0.05931510118396618,-0.06618153591811811,0.00010275114832762402,-0.0003885839239464748,-0.05918572756280396,0.2143394517389518,0.052780474984138584,-0.03973277013676263,-1.0389100375103841e-09,-7.000537667643298e-10,-0.08069342980696009,0.28859962520279747
67.77,-0.06531776403181143,0.19836509914496908,0.06525757010108123,-0.09024249884894667,-2.3595183281445143e-09,8.211225682252002e-10,-0.03989210635488666,0.14448869853232746,0.05833778119878417,-0.06257893039480694,0.00010236647000627109,-0.00038698311382916244,-0.05999319929207498,0.21741085118179584,0.051851654620097935,-0.036374538830576585,-1.0300528640347282e-09,-7.331046645232484e-10,-0.08110747296687329,0.29045666940702347
67.78,-0.06578283634115924,0.19877803922163037,0.0642823994250557,-0.08659871239793095,-2.364812305882074e-09,8.362123953597596e-10,-0.04105714007925514,0.14870797072318484,0.05735424396973272,-0.05895938413146647,0.00010194057159665307,-0.0003852288544658918,-0.060778893674327324,0.2204050587359388,0.0509192347617085,-0.033008239207295925,-1.021268934223765e-09,-7.659249182236963e-10,-0.08149244847894496,0.29223069559351
67.79,-0.06622807282756744,0.19915930850592184,0.06329860996448555,-0.08292980821987489,-2.370022577627137e-09,8.509873346352122e-10,-0.04220725291069004,0.15287284415884636,0.05636485162805191,-0.055324115150013675,0.00010147354985652215,-0.0003833213171800326,-0.06154251231073697,0.22332068504455418,0.049983552114537706,-0.029634834681793686,-1.012561533649722e-09,-7.985054901872209e-10,-0.08184817994137476,0.2939217032574849
67.8,-0.06665343455676315,0.19951058501533403,0.06230656887417011,-0.07923717446522129,-2.3751476789674673e-09,8.654446122520273e-10,-0.04334202908125978,0.15698236150356168,0.055369967863482965,-0.051674343793277976,0.0001009655185998932,-0.0003812609207677912,-0.06228376467833911,0.22615647091221086,0.04904494408655032,-0.026255187333063788,-1.0039339101989493e-09,-8.308417065954045e-10,-0.0821744992817737,0.2955289822302094
67.81,-0.06705888551383256,0.19983343985641236,0.06130664566714414,-0.07552218930966863,-2.380186187660268e-09,8.79580222179076e-10,-0.04446105837366325,0.16103565363140593,0.054369957802517875,-0.04801128017401124,0.00010041660889400215,-0.0003790479614453569,-0.06300236825920974,0.22891112851614845,0.048103748703281726,-0.022870048233893683,-9.95389302397548e-10,-8.629250680549352e-10,-0.08247124683456875,0.29705115711069013
67.82000000000001,-0.06744439245132468,0.20012926391332628,0.060299212076717124,-0.07178622641591612,-2.3851366951131593e-09,8.933904401199167e-10,-0.04556393620503886,0.16503200343381977,0.05336518788737459,-0.04433612579667592,9.982696926568056e-05,-0.0003766825560542223,-0.06369804867141149,0.23158327503212145,0.04716030453161013,-0.01948013228103698,-9.86930907030799e-10,-8.947505524876296e-10,-0.08273827147267301,0.29848661265061327
67.83,-0.06780992474644905,0.20039951321309873,0.05928464191940739,-0.0680306440774817,-2.3899978467955713e-09,9.06872484506802e-10,-0.04665026370492703,0.1689705833199543,0.05235602575545309,-0.04065008694939907,9.919676590388895e-05,-0.0003741652910859989,-0.06437053979970721,0.2341717050977791,0.0462149506077511,-0.01608614648200097,-9.785619164388827e-10,-9.263079227243827e-10,-0.08297543077534567,0.2998333704152999
67.84,-0.06815545426350732,0.2006454881448099,0.05826331095903512,-0.06425679051863038,-2.3947683012686997e-09,9.200207971906357e-10,-0.04771964779547795,0.1728505720835569,0.051342840118780084,-0.03695436818715415,9.852618282374202e-05,-0.0003714970033349479,-0.06501958391743329,0.23667527637861296,0.045268026365914774,-0.012688812173077848,-9.702854755061867e-10,-9.575922941043187e-10,-0.08318259122207466,0.30108934316223895
67.85,-0.06848095522842951,0.20086830701841696,0.05723559677191094,-0.06046600443449245,-2.3994467655917662e-09,9.328337288052659e-10,-0.048771701272910854,0.17667116813510517,0.050326000643507465,-0.03325017209367948,9.781542198428502e-05,-0.0003686786674125798,-0.0656449318001992,0.23909289673047238,0.04431987156641679,-0.009288850544988398,-9.621047215308906e-10,-9.8859237977431e-10,-0.08335962840698424,0.30225218490479266
67.86,-0.06878640411655206,0.20106905264195493,0.056201878613152005,-0.056659609696131576,-2.404031967848341e-09,9.453062579940721e-10,-0.049806042892352596,0.18043142452977298,0.04930587782939666,-0.029538706054208597,9.70647033828024e-05,-0.00036571153739208765,-0.06624634282901311,0.24142369583147485,0.043370826222161735,-0.0058870266063908985,-9.540227446074421e-10,-1.0192954202021154e-09,-0.08350642726794717,0.3033195565141372
67.87,-0.06907177955098324,0.2012486405700769,0.05516253728425083,-0.05283891943492345,-2.4085226771310215e-09,9.57436513486615e-10,-0.05082229746093911,0.18413034632301967,0.04828284288913702,-0.025821176486289735,9.627426515182807e-05,-0.00036259688779723966,-0.06682358507764696,0.2436669267430099,0.0424212305222763,-0.00248412770921331,-9.460426235100564e-10,-1.0496965597517662e-09,-0.08362288232714281,0.3042889023802132
67.88,-0.06933706221353826,0.20140787179183375,0.054117955001684204,-0.04900523977900088,-2.4129176990744937e-09,9.692212355223407e-10,-0.051820095934624236,0.18776698795280547,0.04725726762776786,-0.022098785014118064,9.544436366416312e-05,-0.00035933616081377005,-0.06737643538913077,0.24582185523337188,0.04147142474864375,0.0009188925829232963,-9.381673899699488e-10,-1.079713944101124e-09,-0.08370889795025818,0.30515740454212703
67.89,-0.06958223476498715,0.20154753825863694,0.05306851526647901,-0.04515986397666801,-2.417215863224978e-09,9.806571444729168e-10,-0.05279907551714184,0.1913402854497263,0.046229524322345596,-0.01837273370772344,9.457527362757066e-05,-0.00035593122842336603,-0.06790467944331688,0.24788793697851855,0.04052174918131975,0.004321000681449675,-9.304000546993075e-10,-1.1093819949398003e-09,-0.08376438860945665,0.30592268094878705
67.9,-0.06980728177156896,0.20166831884498462,0.052014602734819115,-0.04130407668208693,-2.4214160575797637e-09,9.917411570360834e-10,-0.053758879763596674,0.19484918242673338,0.04519998560185105,-0.014644219291648886,9.366728814492747e-05,-0.0003523843127411496,-0.06840811181300499,0.24986468618207947,0.039572544001137286,0.007721306284429566,-9.227435858499285e-10,-1.1387373039629374e-09,-0.08378927913758348,0.3065821036267035
67.91,-0.0700121896403772,0.2017707938805789,0.05095660308942862,-0.03743915945513127,-2.425517176905231e-09,1.002468914001161e-09,-0.05469915868399922,0.19829268785010523,0.04416902432744765,-0.010914435497238471,9.272071875131012e-05,-0.00034869741588981117,-0.06888653601360734,0.2517516108283808,0.0386241491982635,0.011118933824330442,-9.152009203606628e-10,-1.1677389344138812e-09,-0.08378350500367845,0.30713246870962524
67.92,-0.0701969465602194,0.2018555983118582,0.0498949029117427,-0.033566378860700824,-2.429518158219676e-09,1.0128395243571872e-09,-0.05561956884737586,0.2016696825019047,0.043137013473137906,-0.007184571447091105,9.173589546325261e-05,-0.00034487250288702534,-0.06933976454591141,0.2535484147910386,0.03767690448179919,0.014512926217457967,-9.077749550191083e-10,-1.1963762252351943e-09,-0.08374701258650419,0.30757171533961347
67.93,-0.07036154244589475,0.20192323398826134,0.0488298895552345,-0.02968699003698429,-2.4334179865940813e-09,1.022853039712096e-09,-0.05651977349013895,0.20497907226737733,0.04210432600707638,-0.003455804397848492,9.071316681663982e-05,-0.00034091197461229815,-0.06976761892804177,0.2552548422015819,0.0367311491850724,0.017902307765573885,-9.004685599752215e-10,-1.224656639058464e-09,-0.08367975942739725,0.3078969922723925
67.94,-0.07050596888855278,0.20197418552183746,0.047761951019819775,-0.025802241168811024,-2.4372156738769483e-09,1.032505296210505e-09,-0.05739944262612339,0.2082197505592888,0.04107133477372212,0.00027069354666358963,8.965289985067245e-05,-0.0003368186084034143,-0.07016992971930443,0.25687071042692783,0.03578722216756045,0.0212860754110599,-8.93284572229318e-10,-1.2525526992375194e-09,-0.08358171450669709,0.3081052170876402
67.95,-0.07063021910949442,0.20200894040638293,0.046691475827092946,-0.021913372010546196,-2.440910271673218e-09,1.0417936920101025e-09,-0.05825825316016839,0.211390499557809,0.04003841237707391,0.003993769411266607,8.855548005477692e-05,-0.0003325953337783063,-0.07054653653776938,0.2583958967050118,0.034845461713818776,0.024663184753145648,-8.862257809863416e-10,-1.280046433667002e-09,-0.08345285852159352,0.30819413691863556
67.96000000000001,-0.07073428791853302,0.20202784622118586,0.04561885289628477,-0.01802161696208599,-2.4445008623761165e-09,1.0507179615102886e-09,-0.05909588900629987,0.21449013821229737,0.039005931066499876,0.007712320261146942,8.742131131229905e-05,-0.00032824498716516433,-0.07089728808296791,0.25982996974834527,0.033906205428628926,0.028032552479455825,-8.792949415630266e-10,-1.3071362436035452e-09,-0.08329318414039154,0.3081610835359985
67.97,-0.07081817168494835,0.20203106586277578,0.04454447142088154,-0.014128203046151115,-2.447986565567054e-09,1.0592732209590273e-09,-0.05991204120809619,0.21751742693649614,0.03797426262644893,0.011425276520301555,8.625081581698867e-05,-0.00032377058529834736,-0.0712220421768201,0.26117236285159534,0.032969790128231195,0.031393057021326706,-8.724947627821037e-10,-1.3338014583796098e-09,-0.08310269626656354,0.3080032051333882
67.98,-0.07088186832100808,0.20201874121478106,0.043468720745882934,-0.010234351936248534,-2.451366541894382e-09,1.0674590692436725e-09,-0.06070640806116076,0.22047112781098285,0.03694377826889454,0.015131571627070385,8.504443394129426e-05,-0.0003191752369500039,-0.07152066581712609,0.26242251635521596,0.0320365517283295,0.0347435582300156,-8.658279175215163e-10,-1.3600255920350197e-09,-0.08288141230311193,0.3077181992307102
67.99,-0.07092537727336738,0.20199091183256826,0.04239199024562193,-0.006341280482268919,-2.454639981714665e-09,1.0752709216361687e-09,-0.06147869523644143,0.22335001016644004,0.03591484852646509,0.018830134973409875,8.38026243246594e-05,-0.00031445482586094775,-0.07179303523770995,0.2635797303685963,0.031106825129322998,0.03808288022330552,-8.592970311687374e-10,-1.3857981440418972e-09,-0.08262936239331739,0.30730376690946093
68.0,-0.07094869952315565,0.20194751387372453,0.04131466920204009,-0.002450202032458075,-2.457806127467304e-09,1.0827067742421128e-09,-0.06222861590244542,0.22615286638185492,0.03488784314242084,0.02251979821307453,8.252586415555344e-05,-0.0003096106763141341,-0.0720390359744481,0.26464333408926743,0.03018094409821376,0.04140980840837317,-8.529046904446418e-10,-1.411102863776465e-09,-0.08234658965272626,0.3067575357989786
68.01,-0.07095183759398518,0.20188845856408372,0.04023714668342663,0.0014376762798521156,-2.4608642395436147e-09,1.0897647025073007e-09,-0.06295589084553983,0.22887850926851636,0.03386313095791778,0.026199463934909458,8.121464897711453e-05,-0.0003046539593374799,-0.07225856293132787,0.2656126989055115,0.02925924114776268,0.04472312369032366,-8.466534316969486e-10,-1.4359250562061766e-09,-0.08203315039091422,0.30607757993267076
68.02,-0.07093479556800521,0.20181350325577158,0.03915981142368825,0.005321152207647378,-2.4638136194025605e-09,1.0964433942044517e-09,-0.0636602485904657,0.23152569720895186,0.0328410798032018,0.02986811100159078,7.986949208295607e-05,-0.0002995890293818468,-0.07245152044788197,0.2664870654264409,0.02834204741388926,0.04802158191323546,-8.405457361386432e-10,-1.46025312094926e-09,-0.08168911431184762,0.30526199951860344
68.03,-0.07089757911143436,0.20172236082594186,0.038083051702088,0.009199026783196092,-2.4666536225846143e-09,1.1027401113126667e-09,-0.064341425521862,0.2340932297491935,0.031822056393259246,0.03352469509649299,7.84909241232878e-05,-0.00029441831442539226,-0.07261782237097705,0.2672657155034185,0.02742969253133947,0.05130392570968317,-8.34584046834125e-10,-1.4840714598655382e-09,-0.08131456469738017,0.3043091134681256
68.04,-0.07084019550467376,0.20161476583761748,0.03700725522341893,0.013070106636097005,-2.469383619608882e-09,1.1086516737732672e-09,-0.06499916600220303,0.23657999148383957,0.030806426223568623,0.03716816332010253,7.707949286561433e-05,-0.0002891459875952308,-0.07275739212320184,0.26794805891790036,0.026522504508367503,0.05456890280421344,-8.287707432105843e-10,-1.5073674304520733e-09,-0.08090959856673702,0.3032176519381552
68.05,-0.07076265367611274,0.20149032713245088,0.035932808998679344,0.016933203440883674,-2.4720030415899185e-09,1.1141772393462507e-09,-0.06563322248679195,0.2389848000247007,0.02979455346489531,0.0407974602080301,7.563576289240675e-05,-0.00028377553252638177,-0.07287016276481068,0.2685334831158654,0.025620809601936377,0.057815277890223074,-8.231081771431288e-10,-1.5301289192995992e-09,-0.08047432680253369,0.3019866314396925
68.06,-0.07066496424446822,0.20134856456517242,0.03486009922616711,0.020787130698881703,-2.4745113360262907e-09,1.119313122142073e-09,-0.06624335564162287,0.2413064327972352,0.028786800857954837,0.04441153549781389,7.41603152612919e-05,-0.00027831105772227254,-0.07295607705927053,0.26902121262494694,0.024724932195474073,0.061041867902458906,-8.17598613744536e-10,-1.5523444698515026e-09,-0.08000887423722304,0.3006156292847643
68.07000000000001,-0.07054713956896373,0.20118896658428478,0.03378951117281686,0.024630703470032395,-2.476908011238149e-09,1.1240578038638823e-09,-0.06682933446061823,0.24354379472131604,0.02778352960775204,0.04800932161768169,7.265374712211774e-05,-0.0002727570977592762,-0.07301508754416809,0.2694105732340759,0.023835194680257448,0.06424751274777564,-8.122442950126162e-10,-1.5740031895878025e-09,-0.07951337969387806,0.2991046218485439
68.08,-0.07040919380433665,0.20101097216341174,0.032721429055761066,0.028462740298088686,-2.4791925951041707e-09,1.1284083255325719e-09,-0.06739093637284942,0.24569593706982687,0.026785099276633053,0.05158973352901643,7.11166712677833e-05,-0.00026711844492859305,-0.07304715659299965,0.2697011283949056,0.022951917338924925,0.06743105095455605,-8.070473844727796e-10,-1.5950955293542554e-09,-0.07898799599063833,0.2974537654930374
68.09,-0.07025114296263611,0.2008138990786674,0.03165623592423226,0.03228206406568588,-2.4813646559055824e-09,1.1323640226242836e-09,-0.06792794734096157,0.24776188035058866,0.025791867676024857,0.05515168255427327,6.954971566213647e-05,-0.0002613991180182663,-0.07305225646813107,0.2698922826552129,0.022075418229459107,0.07059132364704493,-8.020099961429637e-10,-1.6156107542648305e-09,-0.07843288992703697,0.2956632602761022
68.1,-0.07007300498797465,0.2005968705372875,0.030594313540572456,0.03608745942443127,-2.4834238207169925e-09,1.1359221168715937e-09,-0.06844016195881034,0.24974062631364027,0.024804190757535455,0.05869407617440269,6.795352295386995e-05,-0.00025560394992247946,-0.07303036939499787,0.2699828545024919,0.02120601306925326,0.07372717127949356,-7.971341951430889e-10,-1.6355391525469996e-09,-0.0778482422636505,0.29373333766705756
68.11,-0.06987479984086706,0.20035908726570203,0.02953604225983366,0.039877723630716046,-2.485369732313872e-09,1.1390840204719577e-09,-0.06892738354374901,0.25163139974706583,0.023822422503389843,0.062215808712253386,6.632874993046136e-05,-0.0002497382026071329,-0.07298148764802095,0.26997232237617197,0.020344015119349506,0.07683743916677173,-7.924219741813417e-10,-1.6548720008187104e-09,-0.07723424769062065,0.291664511450739
68.12,-0.06965654958243557,0.20009975407383304,0.028481800910664448,0.043651699783718176,-2.4872020903599086e-09,1.1418474054343935e-09,-0.06938942421630732,0.25343348914569974,0.02284691481584935,0.06571576493928115,6.467606693831323e-05,-0.00024380629359561828,-0.0729056136063349,0.2698604620597328,0.01948973506911081,0.07992097921655802,-7.878752781405736e-10,-1.673599861270398e-09,-0.07659111477751046,0.28945742844914235
68.13,-0.0694182784645673,0.19981782581115892,0.02743196667890145,0.04740823706205156,-2.488920620463378e-09,1.144212261001247e-09,-0.0698261049746821,0.2551461065855147,0.02187801740511434,0.06919280404120974,6.299615732051877e-05,-0.00023781241161040882,-0.07280275981228755,0.26964606147222514,0.018643480921406816,0.08297664622066919,-7.834959804097989e-10,-1.6917138533448238e-09,-0.07591906591174317,0.28711271200897365
68.14,-0.06916001303160726,0.1995122798951637,0.026386914992497085,0.05114618875378014,-2.490525099609307e-09,1.1461771921155272e-09,-0.07023725576618388,0.2567686443106197,0.02091607767565699,0.07264578130098817,6.128971682498713e-05,-0.00023176179282043748,-0.07267294906238142,0.2693282478801254,0.017805557878291647,0.08600330195999731,-7.792859107019221e-10,-1.7092061204334704e-09,-0.07521833722835197,0.2846312194614977
68.15,-0.068881782223585,0.19918216663940017,0.02534701940699632,0.05486441533014556,-2.4920153295670755e-09,1.1477419605889305e-09,-0.07062271554714915,0.25830062905862045,0.019961440611886185,0.07607355287145137,5.955745295604121e-05,-0.0002256592496518347,-0.07251621448784064,0.2689065740847486,0.0169762682273887,0.08899981798676782,-7.752468087080608e-10,-1.7260690556896433e-09,-0.07448917852235201,0.282014011966316
68.16,-0.06858361747592785,0.1988265177244198,0.02431265149169027,0.05856178494523867,-2.493391168058961e-09,1.1489057478368793e-09,-0.07098233233170825,0.2597416181929359,0.019014448662976267,0.07947494879528068,5.780008432566029e-05,-0.00021950889606029683,-0.07233259961876468,0.26838022688071284,0.016155911229147942,0.0919650739170586,-7.713803796344653e-10,-1.7422947204562618e-09,-0.07373185314273963,0.2792622701354347
68.17,-0.06826555282120404,0.1984442806201297,0.023284180717195974,0.062237194950509556,-2.494652494859787e-09,1.1496695711955686e-09,-0.07131596323870062,0.2610910941769147,0.018075441625448902,0.08284876744112454,5.601834002004943e-05,-0.0002133149216727256,-0.07212215846819749,0.2677480612462621,0.015344783004993829,0.09489795896526851,-7.676882396227253e-10,-1.7578768128943163e-09,-0.07294663787052885,0.27637737033738896
68.18,-0.0679276249965079,0.19803436492345977,0.022261974345390047,0.06588956721246687,-2.495799252375293e-09,1.150031209277931e-09,-0.0716234745436308,0.26234847644909487,0.017144756523721782,0.08619380861085081,5.421295894732832e-05,-0.00020708173349639445,-0.0718849556332298,0.26700914572306317,0.01454317642652631,0.09779737583030364,-7.641719667085453e-10,-1.7728079904280146e-09,-0.07213382277868689,0.27336088581424717
68.19,-0.06756987355420359,0.1975956840822948,0.021246397321309105,0.06951782931138731,-2.4968313982742e-09,1.1499911003133395e-09,-0.07190474173558373,0.2635131727323537,0.01622272749009883,0.08950887188819497,5.238468917087799e-05,-0.00020081326488171575,-0.07162106638533791,0.26616276845635084,0.013751381006026802,0.10066224169373844,-7.608330500673176e-10,-1.7870833165210854e-09,-0.07129371107571385,0.27021447962459433
68.2,-0.06719234097514158,0.19712708763237963,0.020237812166240474,0.07312092244532273,-2.4977489521420087e-09,1.149548639344099e-09,-0.07215964958217364,0.2645843896543997,0.015309685644015063,0.09279273204445614,5.053428726395168e-05,-0.00019451289010109213,-0.07133057674903807,0.26520810836280717,0.012969682788381917,0.10349148778581353,-7.576729316461219e-10,-1.8006961617542045e-09,-0.07042661893970337,0.26693985364085515
68.21000000000001,-0.066795072789693,0.19662726976461237,0.019236578871946228,0.07669779899692958,-2.4985519546425946e-09,1.1487027359648744e-09,-0.07238809220326377,0.26556137909295363,0.014405958969637162,0.0960441503164322,4.866251767335282e-05,-0.0001881843965024985,-0.0710135835833833,0.26414428668847445,0.01219836424454115,0.10628406322002096,-7.54692967805052e-10,-1.8136417099693802e-09,-0.06953287534268136,0.26353890531645247
68.22,-0.06637811770907477,0.1960948786535674,0.018243054795708202,0.08024741122764704,-2.49924050311083e-09,1.1474541725509514e-09,-0.07258997314153867,0.2664435513781259,0.013511872192747545,0.09926190218581439,4.6770152059947256e-05,-0.00018183155065519278,-0.0706701946612445,0.262970658876052,0.011437704166735861,0.10903893649646071,-7.51894470929272e-10,-1.8259148494243874e-09,-0.06861282185917214,0.26001370552697267
68.23,-0.0659415277591236,0.19552865409572975,0.017257594555553903,0.08376871020570675,-2.4998147130024406e-09,1.1458006568823674e-09,-0.07276520543203262,0.2672300683347251,0.012627746657811583,0.10244475484234385,4.485796864327021e-05,-0.00017545736577077032,-0.07030052873343437,0.26168673392112696,0.010687977565478625,0.11175509125734955,-7.492786610775746e-10,-1.8375118975639566e-09,-0.06766681246433713,0.25636626049745276
68.24,-0.06548535841417416,0.1949272131074727,0.016280549925774,0.0872606583287153,-2.500274761437112e-09,1.1437427220888934e-09,-0.07291371168308884,0.26792001782563524,0.011753900205030676,0.10559147909328812,4.292675157063795e-05,-0.00016906491099700336,-0.06990471557956207,0.2602920553989573,0.009949455568360917,0.11443153274722088,-7.468467065217046e-10,-1.8484271762398485e-09,-0.06669521332591395,0.2525987699696039
68.25,-0.06500966873902014,0.1942890463091557,0.01531226973303726,0.0907222199168667,-2.5006208560859477e-09,1.1412805815171333e-09,-0.07303542415877008,0.26851271824754724,0.010890647047934441,0.10870086266107033,4.097729028544265e-05,-0.00016265732100518941,-0.06948289605059522,0.25878628226407635,0.009222405320992695,0.11706729128784137,-7.445997055743817e-10,-1.8586590063966912e-09,-0.06569840258056156,0.24871367083040247
68.26,-0.06451452153526516,0.19361278054435477,0.014353099752485924,0.09415234823573258,-2.5008532496708035e-09,1.1384126895445475e-09,-0.07313028485138716,0.2690074867958606,0.010038297652991256,0.11177172920997634,3.901037889387576e-05,-0.0001562373323146159,-0.06903522209324288,0.2571694560467054,0.008507089890177096,0.11966141561842913,-7.425386887050393e-10,-1.868203596564633e-09,-0.06467677009526765,0.24471338080855942
68.27,-0.06399998348257326,0.19289706825195252,0.013403382603358611,0.09754999761136683,-2.5009722295664756e-09,1.1351399182587039e-09,-0.07319824555197804,0.2694035617029306,0.009197158623634493,0.11480297707821607,3.702681555008128e-05,-0.00014980746289866928,-0.06856185673930197,0.2554420677480522,0.0078037681692358024,0.12221297862411395,-7.406646117728656e-10,-1.8770583487830056e-09,-0.06363071721961927,0.240600492781405
68.28,-0.06346612527904721,0.192140459243354,0.012463457644559042,0.10091412592419352,-2.50097811914848e-09,1.1314597043740619e-09,-0.07323926792741142,0.26970009380427334,0.008367532589909514,0.11779354416631173,3.502740186024558e-05,-0.00014337001888848955,-0.06806297406106394,0.25360474442428393,0.007112694785759503,0.12472108131286368,-7.389783601058167e-10,-1.8852213506475636e-09,-0.06256065652313651,0.2363778157143027
68.29,-0.06291302178584368,0.19134151119386136,0.011533660870210613,0.10424368416586435,-2.500871296012081e-09,1.1273753192474798e-09,-0.07325332359948786,0.26989635974666504,0.0075497181020049995,0.12074238309409475,3.3012942300945485e-05,-0.00013692711964838914,-0.06753875910836275,0.2516582029698981,0.006434120011960816,0.1271848485386234,-7.374807592957266e-10,-1.892690735131203e-09,-0.06146701151741926,0.2320481929450337
68.3,-0.062340752172313656,0.19049881509385794,0.010614324804792396,0.10753761843921922,-2.500652168964802e-09,1.122886004235884e-09,-0.07324039421226615,0.2699918725892438,0.006744009525877525,0.12364846538777038,3.098424365130039e-05,-0.00013048069289447437,-0.06698940783475286,0.24960328190881798,0.005768289677492527,0.12960342885780576,-7.361725552064651e-10,-1.899465929430853e-09,-0.060350216371930374,0.22761448095072984
68.31,-0.061749400062362486,0.18961086127687612,0.00970577839745438,0.11079486041809275,-2.5003211868252353e-09,1.1179879109540126e-09,-0.0732004714997008,0.26998567668556483,0.00595069694050783,0.12651077574973224,2.8942114445972225e-05,-0.00012403225276396457,-0.06641512701648948,0.2474408012479946,0.005115445084815907,0.13197600026201725,-7.350544308336183e-10,-1.905545418512703e-09,-0.059210715624060085,0.22307967862080053
68.32000000000001,-0.06113905368657442,0.18867609019399548,0.008808346915114465,0.11401432847317036,-2.4998788428889594e-09,1.11268507015944e-09,-0.07313355738007812,0.2698765470316391,0.005170066036658366,0.12932831432207678,2.6887364457898938e-05,-0.00011758300054980303,-0.06581613416908877,0.2451716114296321,0.004475822927361568,0.13430176895307425,-7.341269969057625e-10,-1.910929564327921e-09,-0.05804896387904456,0.21844687758591708
68.33,-0.060509806035584646,0.1876930432084442,0.007922351835232084,0.1171949609792385,-2.499325667509357e-09,1.1069793135916433e-09,-0.07303966404632692,0.2696641234391881,0.004402398017356224,0.1321001040074968,2.482080420031119e-05,-0.0001111341824702404,-0.06519265745737855,0.24279673730866644,0.003849655210348724,0.1365799632874309,-7.333907936992492e-10,-1.9156180535677973e-09,-0.05686542550424863,0.21371911273291477
68.34,-0.05986175501178454,0.18666018315807634,0.007048110738027258,0.12033565479685858,-2.4986622326238173e-09,1.1008671887054878e-09,-0.07291881403769113,0.26934743855211746,0.0036479695002954965,0.13482518358816933,2.2743244445003097e-05,-0.0001046865998190964,-0.0645449355965184,0.24031719807853227,0.0032371691741912324,0.13880984195396284,-7.328462913531312e-10,-1.9196113761367804e-09,-0.05566057432075862,0.20889953780097623
68.35000000000001,-0.05919500358313051,0.18557596273071794,0.006185937196086125,0.12343527567908016,-2.4978891467051987e-09,1.094349559047037e-09,-0.07277104033841904,0.26892506792644333,0.0029070524220255202,0.13750260974852077,2.0655495769482577e-05,-9.824078424753807e-05,-0.06387321774811147,0.23773406971238698,0.0026385872206837187,0.14099069103057224,-7.324938910569949e-10,-1.922910529104078e-09,-0.05443489328866527,0.20399135735040239
68.36,-0.05850965993582827,0.18443893445318524,0.005336140662441953,0.12649271632141895,-2.4970070700057988e-09,1.0874326902974536e-09,-0.07259638648972752,0.2683962771384323,0.002179913944089773,0.1401314635767496,1.8558368123212442e-05,-9.179738086823043e-05,-0.06317776340864191,0.2350485899856886,0.0020541268418238713,0.1431218187913813,-7.323339240054043e-10,-1.925516249311864e-09,-0.05318887418925716,0.19899771885747305
68.37,-0.05780583762022639,0.1832477143575501,0.004499026358075188,0.12950682736623995,-2.496016687419156e-09,1.0801120151639438e-09,-0.07239490668889997,0.26775993758055894,0.0014668163613975706,0.14271084800978795,1.6452670395515303e-05,-8.535705589022668e-05,-0.062458842285110394,0.2322621164152667,0.001484000550969952,0.1452025561879606,-7.323666516225582e-10,-1.9274302569888894e-09,-0.05192301730972514,0.19392174763919412
68.38,-0.057083655690241736,0.18200095924255608,0.003674895156283028,0.1324764080457399,-2.494918738465187e-09,1.0723910754879615e-09,-0.07216666590767165,0.26701448501488323,0.0007680170128328259,0.14523988792617123,1.433920998383992e-05,-7.892046889373165e-05,-0.06171673415868505,0.22937610008894826,0.0009284158162984899,0.1472322582579336,-7.325922672501948e-10,-1.9286540375382193e-09,-0.050637831130100425,0.18876656880314352
68.39,-0.05634323883825131,0.18069736348633866,0.0028640434643852648,0.13540028046872862,-2.493713997197377e-09,1.0642719536490017e-09,-0.07191174002669352,0.2661587839543266,8.376819412878271e-05,0.14771773255311937,1.2218792364544568e-05,-7.248833104200098e-05,-0.06095172873864512,0.22639208051009008,0.0003875749966758115,0.14921030526374643,-7.330108943190124e-10,-1.9291894146594117e-09,-0.04933383201056467,0.18353531027685932
68.4,-0.055584717527261636,0.17933562020700158,0.002066763104735077,0.1382772405150859,-2.49240326381635e-09,1.0557567693730194e-09,-0.07163021595924833,0.26519164026408676,-0.0005856829269138785,0.150143554082126,1.0092220669611742e-05,-6.606124496747544e-05,-0.060164125508696105,0.22331164328303743,-0.0001383247198958348,0.15113610517009932,-7.336225797291295e-10,-1.929038782342691e-09,-0.048011543877411765,0.17823113958049783
68.41,-0.054808228122428054,0.17791441824203738,0.001283341193935417,0.14110605324230713,-2.4909874056534092e-09,1.0468464478744133e-09,-0.0713221917728434,0.2641117483079775,-0.001240094392883468,0.1525165477690135,7.960295277092135e-06,-5.963969088606223e-05,-0.05935423356806646,0.22013641309763587,-0.0006490913750979984,0.15300909412074976,-7.344273191067338e-10,-1.928204369237099e-09,-0.04667149790572113,0.17285726586876957
68.42,-0.05401391302157552,0.1764324832360778,0.0005140600207129434,0.14388550631746716,-2.4894673008745392e-09,1.0375459051761682e-09,-0.07098777680747106,0.26291812668011844,-0.0018792295368364326,0.154835934342651,5.823813415386484e-06,-5.32241735504563e-05,-0.058522371467449326,0.21686808991089343,-0.0011445382963860644,0.15482873395313224,-7.35425019196773e-10,-1.9266893041288103e-09,-0.045314232199167324,0.16741689941099153
68.43,-0.05320192078341692,0.1748885559949019,-0.0002408030760015607,0.1466143776589404,-2.48784389519763e-09,1.0278574536911781e-09,-0.0706270917784305,0.26160984704295137,-0.0025028570598986865,0.15710095935280918,3.6835687785621006e-06,-4.681513334301083e-05,-0.057668867038928116,0.21350842352061983,-0.0016244841504177905,0.1565945136528488,-7.36615532510504e-10,-1.9244964452966083e-09,-0.043940291468306886,0.16191327161582608
68.44,-0.052372406252953245,0.17328141749527598,-0.0009809758279813608,0.14929147907869847,-2.4861181467324955e-09,1.0177847371171269e-09,-0.07024026886067809,0.2601862874552423,-0.003110751106329533,0.1593108946059581,1.540351151542536e-06,-4.041303996817926e-05,-0.056794057219802456,0.21005923371926633,-0.002088752993853335,0.15830594757985825,-7.379986378252651e-10,-1.921629440369668e-09,-0.04255022670792102,0.15634961024776536
68.45,-0.051525530682400074,0.17160991640485862,-0.0017061911542887154,0.15191571447899896,-2.4842910606754563e-09,1.007333310145517e-09,-0.06982745173893261,0.2586474116356948,-0.0037026913359408725,0.16146503977138346,-6.05053959280227e-07,-3.401850091382903e-05,-0.05589828786913445,0.20652243259351066,-0.0025371743216576156,0.15996257311930356,-7.395740405939119e-10,-1.9180908335597545e-09,-0.0411445948750716,0.15072911252894705
68.46000000000001,-0.05066146184514495,0.16987298980717472,-0.00241618726808542,0.15448613541860098,-2.4823636931608836e-09,9.965066328920143e-10,-0.06938879559861096,0.25699396760027066,-0.004278462993725481,0.16356272362688926,-2.751865699355079e-06,-2.7632347306857284e-05,-0.054981913575038496,0.20290003996734776,-0.0029695831131220686,0.1615639485665992,-7.413413954763015e-10,-1.913885381752572e-09,-0.03972395857031098,0.14505492499961165
68.47,-0.04978037414233698,0.16806962527926786,-0.0031107077721250717,0.15700186497209942,-2.4803371209028632e-09,9.853110778848792e-10,-0.06892446705628463,0.25522703352579995,-0.0048378569766415695,0.16560330276871682,-4.899308243599431e-06,-2.1255473002145246e-05,-0.0540452974527856,0.19919414215050074,-0.0033858198756729855,0.16310965584213238,-7.433002706907472e-10,-1.9090161360433166e-09,-0.03828888572247347,0.13933017905714415
68.48,-0.04888244870433975,0.1661988361614382,-0.0037895017472496153,0.15946204397532598,-2.478212466647867e-09,9.737506197293109e-10,-0.06843464405751228,0.2533477148133513,-0.005380669897622575,0.16758616062569315,-7.046611168383355e-06,-1.4888727536439771e-05,-0.053088810936323054,0.19540686371025956,-0.003785730686314162,0.16459930242786536,-7.454501814858628e-10,-1.903487607707684e-09,-0.036839949274992255,0.1335580136879156
68.49,-0.047967873488751075,0.16425967014377332,-0.004452323837637001,0.16186584436027904,-2.475990890768516e-09,9.61831669242383e-10,-0.06791951576380079,0.25135721450158444,-0.005906704146872328,0.16951070794346215,-9.1930098100367e-06,-8.53294560750378e-06,-0.05211283356529606,0.1915403715413002,-0.0041691672305784935,0.16603252060720936,-7.4779057416572e-10,-1.897303983835234e-09,-0.03537772687219196,0.12774156645297285
68.5,-0.04703684337508307,0.1622512085413821,-0.005098934333393885,0.1642124630293867,-2.473673583635024e-09,9.495593398212706e-10,-0.06737928243235387,0.24925679602599196,-0.006415767950452211,0.17137638241664144,-1.1337745610850066e-05,-2.1890115366635686e-06,-0.05111775276809165,0.18759686947126647,-0.0045359868389912026,0.16740896733047128,-7.503208261271978e-10,-1.890470170407893e-09,-0.033902800545547125,0.12188397374023814
68.51,-0.04608956025583164,0.16017257056869932,-0.005729099250432012,0.16650112508483358,-2.4712617676363904e-09,9.369398709721814e-10,-0.06681415528854426,0.24704779975271093,-0.006907675426180625,0.17318264831520558,-1.3480066459137431e-05,4.142017054387915e-06,-0.05010396364111793,0.18357859744719682,-0.0048860525210859896,0.16872832361119044,-7.530402461533894e-10,-1.882990985376878e-09,-0.03241575640020187,0.11598836652426746
68.52,-0.045126233123750484,0.15802291320570414,-0.00634259040758646,0.16873108396205894,-2.4687567144999797e-09,9.239792915675776e-10,-0.06622435639136412,0.24473163213851226,-0.007382246636824465,0.17492899798292985,-1.5619227019653545e-05,1.0459264194652088e-05,-0.04907186872453886,0.17948782909400862,-0.005219232998086883,0.1699902595001622,-7.559480867780496e-10,-1.8748966946697375e-09,-0.030917184301921617,0.11005787149231924
68.53,-0.04414707815513077,0.15580143491248588,-0.006939185500900092,0.17090162159324582,-2.466159718305267e-09,9.106851976416394e-10,-0.06561011849196562,0.24230976883440533,-0.00783930764055554,0.17661495055855858,-1.7754489033924128e-05,1.6762194960067733e-05,-0.04802187777467459,0.17532686938660105,-0.005535402735543381,0.17119444882016727,-7.590435378094731e-10,-1.8661764558780074e-09,-0.02940767756462693,0.10409560703036527
68.54,-0.043152318788898254,0.1535073761145715,-0.007518668175033007,0.17301204940806242,-2.4634721089815224e-09,8.970633217078659e-10,-0.06497168488547557,0.2397837507084902,-0.008278690538673333,0.17824005301951648,-1.9885121587618805e-05,2.3050211551928703e-05,-0.04695440753330195,0.17109805232030478,-0.005834441973884919,0.17234063388480034,-7.623257200356531e-10,-1.8568229772437724e-09,-0.027887832638968237,0.09810467410467091
68.55,-0.042142185801385484,0.15114002056040288,-0.008080828091712537,0.17506170936482138,-2.4606952557546295e-09,8.831190607174889e-10,-0.06430930925624545,0.23715518298563573,-0.008700233520548743,0.17980388080572368,-2.201040136441717e-05,2.9322555201194557e-05,-0.04586988149407447,0.16680373900033515,-0.006116236754449619,0.17342859176883388,-7.657936970934709e-10,-1.8468457635217087e-09,-0.026358248802462018,0.09208815652609587
68.56,-0.041116917376614416,0.14869869831733118,-0.008625460995177662,0.1770499731590471,-2.4578305525921352e-09,8.688598117369705e-10,-0.06362325551673016,0.23442573289615948,-0.009103780905776569,0.18130603655173966,-2.412961289413155e-05,3.557845492466411e-05,-0.04476872966628333,0.16244631504208404,-0.0063806789419404986,0.17445811594077457,-7.694464642785236e-10,-1.8362486287417165e-09,-0.024819527851370305,0.08604912046774921
68.57000000000001,-0.040076759171859294,0.14618278748982197,-0.009152368774623998,0.17897624263494746,-2.4548794192708188e-09,8.542927158088699e-10,-0.06291379764017953,0.23159712801483215,-0.009489183183589133,0.1827461500210117,-2.6242048789129702e-05,4.18171387389076e-05,-0.04365138833619508,0.15802818829986334,-0.0066276662446358384,0.17542902428910379,-7.732829523366891e-10,-1.8250382456068121e-09,-0.02327227379444369,0.07999061117205598
68.58,-0.03902196437829476,0.1435917160600235,-0.009661359523641532,0.18083994988996774,-2.4518433273919424e-09,8.394247065799028e-10,-0.06218121948733855,0.22867115408969554,-0.0098562970495677,0.18412387783878212,-2.834700996576544e-05,4.8037822439338917e-05,-0.042518299826200735,0.15355178654890306,-0.0068571022324671145,0.17634115433234687,-7.773020470816756e-10,-1.813219444370506e-09,-0.021717092548759153,0.07391565103838757
68.59,-0.03795279377654992,0.14092496359485857,-0.010152247596626352,0.18264055746029545,-2.448723762091471e-09,8.242631631558739e-10,-0.0614258146273585,0.22564965302698214,-0.01020498543967303,0.18543890326717524,-3.0443805850997246e-05,5.423970943577105e-05,-0.04136991225200596,0.14901955519368398,-0.007068896352993983,0.1771943648053181,-7.815025572273143e-10,-1.8007993070047613e-09,-0.02015459163788887,0.06782723713072433
68.60000000000001,-0.03686951578699803,0.13818206294793112,-0.01062485366215282,0.18437755839077521,-2.445522233491619e-09,8.08815049672952e-10,-0.06064788615312816,0.2225345207085478,-0.010535117561621144,0.1866909358991554,-3.253175457407913e-05,6.042198506534947e-05,-0.04020667927809264,0.14443395496810638,-0.007262963945343117,0.17798853402679554,-7.858832292139016e-10,-1.7877823978490675e-09,-0.01858537989262526,0.0617283390920295
68.61,-0.035772406514615385,0.13536260189233812,-0.011079004753297974,0.1860504762863422,-2.4422403032707314e-09,7.930888401215753e-10,-0.05984774649124069,0.21932770480856692,-0.010846568923633572,0.1878797113346417,-3.461018314432754e-05,6.658381373290632e-05,-0.03902905987168027,0.1397974596513581,-0.00743922625216127,0.17872355985071156,-7.904427697447208e-10,-1.7741761685267037e-09,-0.017010067154481726,0.0556218969728608
68.62,-0.034661749788246835,0.1324662247278988,-0.011514534314914691,0.18765886528713402,-2.438879539828393e-09,7.770907852823552e-10,-0.05902571720681611,0.21603120252982216,-0.01113922136059626,0.18900499080033656,-3.667842761445587e-05,7.27243349175331e-05,-0.03783751805541615,0.13511255379459758,-0.007597610429644256,0.1793993588021722,-7.951798040075252e-10,-1.7599859761364039e-09,-0.015429263982178662,0.04951081921982796
68.63,-0.0335378371941125,0.1294926341276808,-0.011931282247862857,0.1892023097799728,-2.4354415421840052e-09,7.6082923606909e-10,-0.05818212880340694,0.21264705822433447,-0.011412963057671408,0.1900665605252246,-3.8735833230534185e-05,7.88426590053403e-05,-0.03663252265901982,0.13038173052211818,-0.007738049555706601,0.18001586538183068,-8.000929078919163e-10,-1.7452180768349293e-09,-0.01384358136131981,0.0433979806266085
68.64,-0.03240096810331436,0.12644159494312412,-0.012329094950271102,0.1906804225471036,-2.4319279493865567e-09,7.443115938510963e-10,-0.057317320518244286,0.20917736040805396,-0.011667688571465384,0.19106422963237343,-4.078175456972033e-05,8.493782365996905e-05,-0.035414547070088113,0.12560748972362512,-0.007860482636449406,0.18057302863767494,-8.051806051074929e-10,-1.72987852302246e-09,-0.0122536304174794,0.037286219848050334
68.65,-0.03125144969314232,0.12331293362689565,-0.01270782535588137,0.19209284617953776,-2.428340407029487e-09,7.27545328067374e-10,-0.05643164011306618,0.20562424001270507,-0.011903298848837361,0.1919978311974648,-4.281555566832795e-05,9.100879700442027e-05,-0.034184068984282126,0.12079233539025393,-0.00796485461107916,0.18107081313042928,-8.104413508199836e-10,-1.7139734863652905e-09,-0.010660022132894256,0.03117833815509841
68.66,-0.03008959696219132,0.12010653629968847,-0.013067332969373364,0.19343925537901702,-2.4246806067542495e-09,7.105385811909789e-10,-0.055525443660726044,0.20198986888098056,-0.01211970124327805,0.1928672241574808,-4.483661013824065e-05,9.705455637954077e-05,-0.032941570155142465,0.11593877282757063,-0.008051116355172168,0.18150920299733816,-8.15873561010524e-10,-1.6975098220840246e-09,-0.009063367066904264,0.025077098609954437
68.67,-0.028915732739299656,0.11682235198387476,-0.013407483898580482,0.19471935521549202,-2.4209502396934165e-09,6.932979611610991e-10,-0.05459909532778076,0.19827645674986488,-0.012316809528804358,0.19367229135599023,-4.684430126922172e-05,0.00010307406307724697,-0.03168753614377916,0.11104930689967064,-0.008119224682146797,0.18188819930892658,-8.214755656888982e-10,-1.6804935391500152e-09,-0.0074642750802701874,0.018985223920113817
68.68,-0.02773018768612229,0.11346039477412106,-0.013728150883668595,0.19593288013734617,-2.4171510462674927e-09,6.758324764723667e-10,-0.053652967153322365,0.19448624854319682,-0.012494543911465194,0.1944129383418171,-4.883802211715335e-05,0.0001090662359148342,-0.030422456068636694,0.10612644006065074,-0.008169142343058516,0.18220781796783395,-8.272456717530778e-10,-1.662931403808814e-09,-0.005863355063548525,0.012905394653743636
68.69,-0.026533300293140296,0.11002074480464717,-0.014029213323365684,0.19707959382111545,-2.413284765559586e-09,6.5814858685243e-10,-0.05268743882431924,0.1906215219599879,-0.012652831038568584,0.19508909298784455,-5.081717557996759e-05,0.00011502997389955482,-0.029146822355533477,0.10117267021248184,-0.008200838024881326,0.18246808944969237,-8.331821103636672e-10,-1.6448295911632701e-09,-0.004261214669694221,0.00684024784518774
68.7,-0.02532541686897867,0.10650354954278811,-0.014310557298284053,0.1981592886859516,-2.4093531794708346e-09,6.402547689188447e-10,-0.05170289744771695,0.18668458495201806,-0.012791604005694368,0.1957007047776228,-5.278117445633475e-05,0.00012096429859297553,-0.027861130488183637,0.09619048866175976,-0.008214286347355612,0.18266905797330169,-8.392830716768045e-10,-1.62619466547429e-09,-0.002658460051038941,0.0007923755919755055
68.71000000000001,-0.024106891522915053,0.1029090249552762,-0.014572075591376877,0.1991717854205713,-2.4053580817834512e-09,6.221576353666903e-10,-0.05069973731954705,0.18267777325531875,-0.012910802361727569,0.19624773857451283,-5.472944133869997e-05,0.00012687292977524363,-0.02656587875938584,0.09118237876765149,-0.008209467858465888,0.18281078092722308,-8.455466895322167e-10,-1.6070335237785393e-09,-0.001055695600779279,-0.005235676185303837
68.72,-0.022878086140367883,0.09923745976019678,-0.01481366770564571,0.20011693026335642,-2.4013012828924855e-09,6.038644351331778e-10,-0.04967835969128347,0.17860344818455914,-0.013010372114388836,0.19673010481139688,-5.666140813647177e-05,0.00013276350498414702,-0.025261568022802078,0.08615082188420424,-0.008186369028640452,0.1828933273485216,-8.519710385238781e-10,-1.5873504451668356e-09,0.0005464763009161767,-0.011241408370680607
68.73,-0.021639370350719743,0.0954892288384958,-0.015035239879530583,0.2009945856818405,-2.39718461888125e-09,5.85382823182929e-10,-0.04863917253371282,0.17446399311366909,-0.013090265737469698,0.1971477360348123,-5.857651592825459e-05,0.00013862324232316654,-0.02394870144549262,0.08109828334688433,-0.008144982248537573,0.18291662308921383,-8.585541433567342e-10,-1.5671396061811215e-09,0.002147455536578815,-0.017222354004694955
68.74,-0.02039112148713428,0.09166478029477176,-0.015236705100209491,0.20180463967680845,-2.393009944128751e-09,5.667211428373323e-10,-0.04758259029864433,0.17026180997402218,-0.013150442175698057,0.1975006411293442,-6.047421553225109e-05,0.00014444579186943235,-0.02262778426191388,0.07602720814369433,-0.008085305844425898,0.1828802456774658,-8.652939824900275e-10,-1.5464054364911865e-09,0.003746644498298183,-0.023176055699528148
68.75,-0.0191337245392688,0.08776461825435936,-0.015417983114152945,0.2025470180334303,-2.3887791235190785e-09,5.478871607372141e-10,-0.04650903367869193,0.16599931944699442,-0.013190866844382719,0.19778886195562564,-6.235396792347683e-05,0.00015023211888625642,-0.02129932352971896,0.07094002595755891,-0.008007344102395288,0.18278413555848974,-8.721884713505825e-10,-1.5251635191586774e-09,0.005343448330739581,-0.029100144576139627
68.76,-0.01786757209958091,0.08378931615461012,-0.015579000434432408,0.2032216750382683,-2.3844940513318914e-09,5.288884811482536e-10,-0.045418929365273586,0.1616789583056768,-0.013211511625299807,0.19801246061379277,-6.421524425827907e-05,0.00015597967350559585,-0.019963827887286616,0.06583914807250735,-0.00791110727517064,0.18262843918028607,-8.792354879500802e-10,-1.5034206652995371e-09,0.0069372751673345695,-0.03499232496381654
68.77,-0.016593064302638173,0.07973952572506605,-0.015719690345218192,0.2038285863476365,-2.380156630401314e-09,5.097314087028952e-10,-0.04431270980511432,0.15730317421599024,-0.013212354860533322,0.19817151209047548,-6.605752588984081e-05,0.00016168671496999876,-0.01862180731305408,0.06072696672769513,-0.007796611573796712,0.18241323139407675,-8.864328492862258e-10,-1.48118514090086e-09,0.008527536359643834,-0.04085034846121745
68.78,-0.015310608756700917,0.07561597787103032,-0.01583999290403001,0.20436774809265723,-2.3757687809522333e-09,4.904235352790284e-10,-0.04319081295556321,0.15287442565538986,-0.013193381344935945,0.1982661026017104,-6.788030448163876e-05,0.00016734886693200093,-0.0172737728868811,0.05560585079087672,-0.0076638791592375365,0.18213857259211474,-8.937783289041451e-10,-1.4583966330126138e-09,0.01011364670136011,-0.04667201776854025
68.79,-0.014020620467020649,0.0714194938431556,-0.015939854942172305,0.20483916889552312,-2.371332439414725e-09,4.709706807061461e-10,-0.042053682038831794,0.14839518197057316,-0.01315458231783652,0.19829631663567762,-6.968308221897364e-05,0.00017296189486225598,-0.015920236553888648,0.05047813862873371,-0.007512938172886056,0.1818033314891941,-9.012696358631961e-10,-1.4349293013159355e-09,0.011695024651431967,-0.05245505191228882
68.8,-0.012723521751390233,0.06715094924553643,-0.01601923006301803,0.20524289410230492,-2.3668495554853004e-09,4.5138303247955785e-10,-0.04090176529538098,0.14386791615863556,-0.013095955453632289,0.1982622704442213,-7.146537203736715e-05,0.0001785221055428174,-0.014561710890918064,0.045346147373334755,-0.0073438228149869745,0.18140674043867014,-9.089044186400617e-10,-1.4109261801935203e-09,0.013271092557309534,-0.058197266775387446
68.81,-0.01141974214881497,0.06281129649025595,-0.016078078637584578,0.20557899013557535,-2.3623221062797567e-09,4.3166259231768754e-10,-0.0397355157367835,0.13929510547951457,-0.013017504851427168,0.19816406155420416,-7.322669745364191e-05,0.00018403739494125547,-0.013198708875369738,0.04021217071890414,-0.007156573429940144,0.18094798974871942,-9.166802713474467e-10,-1.3859534924305927e-09,0.014841276873450115,-0.06389653031307971
68.82000000000001,-0.010109718320225424,0.058401586522452864,-0.016116367798187144,0.20584752858673794,-2.3577520452395444e-09,4.1181562550026956e-10,-0.03855539089825539,0.1346792291592158,-0.012919241040593755,0.19800128122923694,-7.496659134816813e-05,0.00018953042215706555,-0.011831743654745014,0.03507853051313554,-0.006951236652158821,0.18042414239446342,-9.245946616556833e-10,-1.3597657329258672e-09,0.01640500838057833,-0.06955054022190162
68.83,-0.00879389394155261,0.053922909543294546,-0.016134071430246987,0.20604861918398532,-2.3531413780542002e-09,3.91856337710724e-10,-0.03736185259121769,0.1300227599919328,-0.012801181006220594,0.19777369848254125,-7.668459584993012e-05,0.0001949567528542781,-0.010461328316665028,0.02994750287727755,-0.00672786572936658,0.17982994306816324,-9.326449583077987e-10,-1.331827386148093e-09,0.017961722417070492,-0.07515683994177144
68.84,-0.007472719590425066,0.04937643527437771,-0.0161311701614535,0.20618239313637737,-2.348492099177061e-09,3.717876821247849e-10,-0.03615536665633681,0.1253281643147826,-0.012663348209357779,0.19748129053118937,-7.838026293577074e-05,0.0002003463958304372,-0.009087975662082535,0.024821315828499006,-0.006486520939155652,0.1791621855659224,-9.408283640487516e-10,-1.3029612579504285e-09,0.019510859113154526,-0.08071323740200771
68.85000000000001,-0.0061466526248112946,0.04476344014378362,-0.01610765134887181,0.20624898944485537,-2.3438062284782023e-09,3.5161404042750255e-10,-0.034936402717020046,0.12059790762744775,-0.012505772636090658,0.1971226537991355,-8.005315199002191e-05,0.0002057514633802972,-0.007712197977816696,0.019702326393756353,-0.00622726985403304,0.1784207777859193,-9.491420018706033e-10,-1.2736329134007525e-09,0.021051863604161888,-0.08621789523815133
68.86,-0.004816157052151639,0.04008528519996794,-0.016063509065082394,0.20624855227222527,-2.33908578338947e-09,3.3133525639310504e-10,-0.03370543393344515,0.11583444317960123,-0.012328490963623099,0.19669466971277436,-8.170282144180227e-05,0.0002113328533500113,-0.0063345067991633286,0.014593038230555914,-0.005950187404748402,0.17760586930279412,-9.575829280591253e-10,-1.2436502532775347e-09,0.02258418621841287,-0.09166906146305867
68.87,-0.0034817033900440826,0.03534340035555599,-0.015998744083794526,0.2061812296008214,-2.3343327950764305e-09,3.109577983268326e-10,-0.03246293675776499,0.11104020613687299,-0.012131546971846914,0.19618989370179593,-8.332881768443471e-05,0.00021715125674552153,-0.004955412650378168,0.009496355102258247,-0.005655355871963425,0.17671755172659426,-9.661481431189685e-10,-1.2131230866811787e-09,0.02410728265212729,-0.09706504100497405
68.88,-0.002143768519971235,0.03053927571900748,-0.01591336386491276,0.20604717777375403,-2.329549307948934e-09,2.9049279593786393e-10,-0.03120939069068488,0.10621762387860835,-0.011914992092413276,0.19560444538801716,-8.493067475227973e-05,0.00022300907813125662,-0.003575424775282823,0.0044147670878955814,-0.005342864873603956,0.17575599461203442,-9.748345877437631e-10,-1.1820190323295216e-09,0.025620614137745062,-0.10240420671927718
68.89,-0.0008028355341131952,0.025674483837786567,-0.01580738253759397,0.20584660248277292,-2.3247373729415867e-09,2.6995533927408495e-10,-0.02994527803892376,0.10136911902494881,-0.011678885736971659,0.19493866540222993,-8.650792374806664e-05,0.0002288695557998404,-0.0021950508950307947,-0.0006497094134839698,-0.005012811348734984,0.1747213925173757,-9.836391521342907e-10,-1.1503778245683313e-09,0.027123647605926893,-0.10768499137520081
68.9,0.000540606425819344,0.02075068397542573,-0.01568082087971814,0.20557974138793816,-2.3198990455269997e-09,2.493545623638104e-10,-0.02867108367352107,0.09649709974266665,-0.01142329535543108,0.19419260698759852,-8.806009767318111e-05,0.00023475261299639078,-0.0008147969977898839,-0.005695069399951933,-0.004665299537003093,0.17361399373299102,-9.925586618867402e-10,-1.118198158347423e-09,0.028615855841247366,-0.11290589262656484
68.91,0.0018860623381313172,0.015769614684114124,-0.015533706299852646,0.20524666868050864,-2.3150364006453522e-09,2.2854018387093935e-10,-0.0273872947890356,0.09160397188939047,-0.011148296419281402,0.1933665097807969,-8.958673132850182e-05,0.00024064418121253443,0.000564832859687083,-0.010719371870706053,-0.004300440954038559,0.17243407549781664,-1.0015899084660943e-09,-1.0854974935812311e-09,0.03009671763155592,-0.11806547085847381
68.92,0.0032330314758868845,0.010733000085543282,-0.015366073052037953,0.20484015626923585,-2.310151529862565e-09,2.0714765169623588e-10,-0.026094400647007337,0.08669266428343331,-0.01085397240097008,0.19246062690720217,-9.108736106375717e-05,0.0002465530703853069,0.0019433367453052701,-0.015720734189147875,-0.0039183543615096805,0.17118200760978028,-1.0107296061745291e-09,-1.0522767652783382e-09,0.031565717911400566,-0.1231623368664994
68.93,0.004581007582816307,0.005642574035656963,-0.015177962773770521,0.20435429280619874,-2.305246569836659e-09,1.8559573660517475e-10,-0.024792892297297957,0.08176598747353205,-0.010540414740294386,0.19147549129691993,-9.25615244428382e-05,0.00025247583189410666,0.0033202150374826087,-0.020697378877502608,-0.0035191657296309675,0.16985823774009756,-1.0199744341162278e-09,-1.0185835701758156e-09,0.033022347899782846,-0.12819516413214774
68.94,0.005929479046849762,0.000499986226817288,-0.014969424913397675,0.2037893167658738,-2.3003236813146746e-09,1.6408260802009451e-10,-0.023483262307460197,0.0768263468601442,-0.01020772276212143,0.19041275650510886,-9.400876042214294e-05,0.0002583972479360153,0.004694970595168101,-0.025647836109640037,-0.003103008188270888,0.16846339909801222,-1.0293210298777296e-09,-9.846197712739995e-10,0.03446610523054342,-0.13316273208203736
68.95,0.007277929069446588,-0.004693122548121791,-0.01474051682171521,0.20314566407580809,-2.295385002968339e-09,1.426169519064163e-10,-0.02216600451626683,0.07187608934972589,-0.009856003528183617,0.18927423994054837,-9.542861037482666e-05,0.00026430127495962044,0.006067108910878815,-0.030570626769430835,-0.002670021935673811,0.1669991514897845,-1.0387660046154475e-09,-9.509263083856328e-10,0.03589649406563608,-0.13806416468505062
68.96000000000001,0.008625835836309883,-0.009934999673962967,-0.014491303713905631,0.2024237198738711,-2.290432700448117e-09,1.211811490993668e-10,-0.02084161380045956,0.06691748663739182,-0.009485371684127488,0.18806093340285926,-9.682061944020194e-05,0.00027017011484844236,0.007436138264512184,-0.035464064586689104,-0.0022203541014735807,0.16546687435008628,-1.0483059941047705e-09,-9.171926466757226e-10,0.03731302518970582,-0.1428985723580717
68.97,0.009972672699117594,-0.015223709922165592,-0.014221858630003822,0.20162387192911532,-2.285468905922332e-09,9.974123189913456e-11,-0.019510585845942185,0.06195282452246105,-0.009095949349495395,0.18677365373725804,-9.818433749333014e-05,0.00027600149832902003,0.008801569885118717,-0.04032654280938629,-0.0017541586047490195,0.16386789931243279,-1.0579376304231498e-09,-8.835605210995028e-10,0.038715216100434685,-0.14766500361811777
68.98,0.011317908374713795,-0.020557116367492943,-0.01393226239821431,0.20074644394772248,-2.280495763908968e-09,7.828262710087661e-11,-0.01817341692202225,0.056984315709557753,-0.008687866029690277,0.1854133138164023,-9.9519319683286e-05,0.00028178330357218195,0.010162918111580214,-0.045156495473402614,-0.0012715960255241577,0.16220337827402115,-1.0676575349312692e-09,-8.497312135081998e-10,0.040102591100029214,-0.15236257769573522
68.99,0.01266100716435835,-0.02593287144055347,-0.013622603602735187,0.19979171444576674,-2.2755154322102768e-09,5.6762034745327147e-11,-0.016830603659986447,0.05201414058616976,-0.008261258537988774,0.18398045921040754,-0.00010082512710418775,0.0002875048524588947,0.011519700549418447,-0.049952365978962084,-0.0007728335041268338,0.16047387863530507,-1.0774623318753735e-09,-8.154915928441734e-10,0.04147468138696889,-0.15699033182282446
69.0,0.014001429191501573,-0.03134849246016303,-0.013292978555254735,0.19875995624998957,-2.2705300517589785e-09,3.517758075661917e-11,-0.015482642835381751,0.04704445800987281,-0.007816270937243273,0.1824755237139109,-0.00010210132730903588,0.00029316454059952375,0.012871438224666859,-0.05471265199645991,-0.00025804467172823095,0.15868000770803622,-1.0873485853761595e-09,-7.81010906316997e-10,0.042831025149286425,-0.16154733955269207
69.01,0.015338630652922321,-0.036801413425754825,-0.012943491266762547,0.19765146998861616,-2.265541779574813e-09,1.3543040638318027e-11,-0.014130031153821023,0.04207736762155497,-0.007353054491763209,0.1808990251668874,-0.00010334749443718638,0.0002987578896158441,0.014217655733743778,-0.059435887937282064,0.0002725904215920851,0.15682276311312277,-1.0973128589473824e-09,-7.464504252093268e-10,0.0441711676529112,-0.1660328290337612
69.02,0.016672064078534766,-0.0422890060006633,-0.012574253416833731,0.19646659728986768,-2.260552782850839e-09,-8.130278262663553e-12,-0.012773265041486882,0.0371149253401251,-0.006871767616665532,0.17925150038441715,-0.00010456320930781092,0.00030428035769111103,0.015557881389226867,-0.06412064768112163,0.0008188853965602031,0.1549030684001112,-1.1073516907036102e-09,-7.116399947262896e-10,0.04549466132045831,-0.17044606745767565
69.03,0.018001178599772356,-0.0478085156833025,-0.0121853843203766,0.1952056785650228,-2.255565230887605e-09,-2.9863534508027344e-11,-0.011412840440259066,0.032159145244122736,-0.006372575824223528,0.17753349918114703,-0.00010574805957678207,0.000309727341039252,0.016891647361078756,-0.06876556614461664,0.001380647629764449,0.1529215648716879,-1.117461601069657e-09,-6.764560754926649e-10,0.046801065805229976,-0.17478631565972297
69.04,0.01932542022773872,-0.053357111694679556,-0.011777010892684398,0.19386908483199725,-2.2505812900905585e-09,-5.1640670732963016e-11,-0.010049252606885467,0.027212005261715414,-0.005855651666440545,0.17574566064502112,-0.00010690163966325699,0.00031510190849494825,0.018218489811889425,-0.07336934937724617,0.0019576783249450197,0.1508789467013787,-1.127639066746116e-09,-6.409920203101236e-10,0.04808994806349618,-0.17905287553768462
69.05,0.02064423213982864,-0.058931889832081835,-0.011349267612040227,0.19245721813637398,-2.2456031365381487e-09,-7.346578965330036e-11,-0.00868299591627436,0.022275434282493674,-0.005321174670386184,0.17388870709952595,-0.00010802355065647484,0.00032039564557068075,0.019537949025747018,-0.07793075716246148,0.0025497725821025754,0.14877593335412634,-1.1378805421215956e-09,-6.052104800806342e-10,0.04936088242313323,-0.18324510555249454
69.06,0.021957054974598607,-0.06452984301188266,-0.010902296479874668,0.190970490518805,-2.240632948260952e-09,-9.533955443047626e-11,-0.0073145636694528305,0.0173513113908132,-0.004769331270227879,0.17196327752322504,-0.00010911340061070768,0.0003256011537298962,0.020849569532034415,-0.08244858227885857,0.0031567194693941144,0.14661326019793025,-1.1481824485444767e-09,-5.691299506984337e-10,0.0506134506469338,-0.18736242032334188
69.07000000000001,0.02326332713520888,-0.07014789589283188,-0.010436246978824105,0.1894093461222253,-2.235672910843096e-09,-1.17252986479658e-10,-0.005944447906408919,0.012441468494125084,-0.004200314741517111,0.16997001779872475,-0.0001101708048717777,0.00033071588650117583,0.022152900225138734,-0.08692166310791923,0.0037783020973549803,0.1443916962442691,-1.1585411788222649e-09,-5.32761366569989e-10,0.05184724199051036,-0.19140428364795478
69.08,0.02456248510032948,-0.0757829040954536,-0.009951276028068086,0.18777425942084458,-2.230725208453483e-09,-1.392012689431272e-10,-0.004573139223731286,0.007547689303866423,-0.0036143251353726925,0.16790961931164178,-0.00011119538620208039,0.0003357355846924801,0.023447494479657476,-0.09134889014818615,0.004414297696159114,0.14211204485000517,-1.1689530858413547e-09,-4.961214862340529e-10,0.053061853255163945,-0.19537020796603738
69.09,0.02585396374171166,-0.08143165904130513,-0.009447547935538507,0.1860657370777713,-2.2257920387204906e-09,-1.6117570108070876e-10,-0.003201126597061003,0.0026717087305675826,-0.00301156920940932,0.16578280155231584,-0.00011218677487459351,0.00034065682352238033,0.02473291026064178,-0.09572920234286933,0.005064477696314299,0.13977514406970262,-1.1794145221055575e-09,-4.5922414850390337e-10,0.05425688883593702,-0.19925975269471233
69.10000000000001,0.027137196648133084,-0.08709089005545194,-0.00892523434694562,0.18428431789685032,-2.220875584314084e-09,-1.8316899993469506e-10,-0.001828897208429738,-0.002184787782716993,-0.002392260355215372,0.1635903215876193,-0.0001131446087790815,0.00034547575284089697,0.026008710228898724,-0.10006158822157361,0.005728607812833617,0.1373818669939277,-1.1899217822086573e-09,-4.220866971599358e-10,0.0554319607649759,-0.20307252304500398
69.11,0.02841161645538347,-0.09275726863710926,-0.008384514191545298,0.1824305741307822,-2.2159780397949283e-09,-2.0517227904225252e-10,-0.0004569362785381753,-0.007020164701125663,-0.0017566185223677248,0.16133297044304493,-0.00011406853353202778,0.00035018877119081767,0.027274461841408228,-0.1043450844940149,0.006406448133450479,0.13493313935962853,-1.200471165826789e-09,-3.847897536963489e-10,0.05658668875026702,-0.2068081710514247
69.12,0.029676655181652637,-0.09842742072532881,-0.007825573624368504,0.18050511848783596,-2.2111016085682003e-09,-2.271682371458196e-10,0.0009142730959624137,-0.011832837226022054,-0.0011048701386804725,0.15901158264035675,-0.00011495820258365465,0.00035479251372833476,0.028529737446963035,-0.10857877416380578,0.007097753215428568,0.1324300586041865,-1.2110589469107685e-09,-3.4740359767276976e-10,0.0577207002092057,-0.210466412125806
69.13,0.030931744567802337,-0.10409792122015073,-0.007248605964717593,0.1785085983700007,-2.2062484729511988e-09,-2.49148059824558e-10,0.00228425010011271,-0.016621272066465465,-0.0004372480265087501,0.1566270290471805,-0.0001158132773327958,0.00035928307544174927,0.029774114377164294,-0.11276178611831184,0.007802272190671264,0.12987368255344917,-1.2216813821750752e-09,-3.098492122881288e-10,0.058833630297168614,-0.21404699241591899
69.14,0.03217631642280482,-0.10976528545698727,-0.006653811631323613,0.17644168787206913,-2.2014208312167014e-09,-2.711082895233726e-10,0.0036525163531983566,-0.02138398608310874,0.0002460086844646929,0.15418020834443677,-0.00011663342727032504,0.0003636566138741128,0.031007175032748906,-0.11689329786584819,0.008519748870604917,0.12726501509096955,-1.232334719759756e-09,-2.7211372023066705e-10,0.0599251219325404,-0.21754968337398575
69.15,0.033409802974319475,-0.11542598722918605,-0.006041398074340002,0.1743050985414931,-2.19662086451746e-09,-2.930347268912993e-10,0.005018596056301145,-0.026119545250096535,0.0009446546477086963,0.1516720571210929,-0.00011741833013034958,0.00036790957497770914,0.03222850696515287,-0.12097253438859301,0.009249921849306102,0.12460511475073995,-1.2430151855754123e-09,-2.342375802723556e-10,0.060994825818743346,-0.22097429369443441
69.16,0.03463163722364394,-0.12107645994189704,-0.005411579703849269,0.172099577781502,-2.1918507540123213e-09,-3.149192093352334e-10,0.006382016134870597,-0.030826566483878676,0.001658438393881258,0.14910354865922637,-0.00011816767203768243,0.000372038342701813,0.0334377029534056,-0.12499876518010652,0.00999252460912057,0.12189506776211355,-1.2537189903288317e-09,-1.962250192094394e-10,0.06204240046285593,-0.22432066712388948
69.17,0.035841253304782696,-0.12671309158261587,-0.004764577814945816,0.16982590244737744,-2.1871126835633426e-09,-3.3675243067136457e-10,0.007742306376198687,-0.03550371918810794,0.00238710242836178,0.14647568635118027,-0.00011888114765783091,0.00037603946605290145,0.03463436107658771,-0.1289713021620419,0.010747285629707191,0.1191359919255524,-1.264442341264344e-09,-1.580932266000826e-10,0.06306751219060348,-0.2275886853637833
69.18,0.037038086847547856,-0.13233223455573054,-0.004100620509635299,0.16748488234630926,-2.1824088252111235e-09,-3.5851820797510643e-10,0.00909899956173077,-0.04014972374685287,0.003130383332051681,0.1437895076742792,-0.0001195584603490872,0.0003799095437844408,0.035818084782024084,-0.13288949945283454,0.01151392850012459,0.11632903526674802,-1.275181422213142e-09,-1.198606438528966e-10,0.06406983515775948,-0.23077826351377093
69.19,0.03822157534414691,-0.13793021077264778,-0.0034199426154873295,0.16507736076393134,-2.1777413497009084e-09,-3.8020809131945176e-10,0.010451631594280017,-0.04476335073758245,0.0038880118655262607,0.14104608472458044,-0.00012019932231746262,0.00038364525152988135,0.036988482949287665,-0.13675275265385167,0.012292172034076822,0.11347537950398329,-1.2859324196212552e-09,-8.154513943579274e-11,0.06504905135818753,-0.23388934803141542
69.2,0.03939115851871326,-0.1435033148238444,-0.0027227856008657206,0.16260421709194084,-2.173112404513722e-09,-4.0181446884406823e-10,0.011799741620206708,-0.04934342121210869,0.004659713076613949,0.13824652329262763,-0.0001208034547762474,0.0003872433310303516,0.03814516995009579,-0.14056049746227534,0.013081730388374348,0.11057623715747007,-1.2966914928272378e-09,-4.3165499763973e-11,0.06600485062876449,-0.23692191515016875
69.21000000000001,0.04054627869938707,-0.1490478181593666,-0.0020093974866158618,0.1600663661623804,-2.1685241460382126e-09,-4.2332568501026674e-10,0.013142872146586448,-0.05388880601088509,0.005445206411357682,0.13539196253348773,-0.00012137058811013555,0.0003907006004052711,0.039287765704216146,-0.14431220853120388,0.013882313184539835,0.107632851692635,-1.307454821675697e-09,-4.739703884972365e-12,0.06693693065136204,-0.23987596903523198
69.22,0.04168638119256459,-0.1545599728249354,-0.001280032754230231,0.15746475696825007,-2.16397870732989e-09,-4.447316430758765e-10,0.01448056915341387,-0.05839842514078646,0.0062442058283008065,0.13248357422525803,-0.00012190046204385283,0.0003940139560638238,0.040415895731509284,-0.14800739811601568,0.014693625633462678,0.10464649602376325,-1.3182185546500152e-09,3.371355170776572e-11,0.06784499695206068,-0.24275154004577237
69.23,0.042810914658916135,-0.16003601552668476,-0.000534952250557205,0.15480037301650224,-2.1594782192664103e-09,-4.660220316778487e-10,0.015812382200906302,-0.06287124716815934,0.007056419916035889,0.12952256216649596,-0.0001223928258153217,0.0003971803764040242,0.04152919120023664,-0.15164561475380187,0.01551536866300826,0.10161847176614694,-1.328978849527529e-09,7.217627915304335e-11,0.06872876289777681,-0.24554868291958945
69.24,0.04391933149077807,-0.1654721716127179,0.00022557691092413808,0.1520742318407517,-2.1550247911756246e-09,-4.871866179974e-10,0.017137864531972392,-0.06730628847544616,0.007881552013948766,0.1265101614331245,-0.00012284743835305902,0.0004001969241179679,0.04262728897177041,-0.15522644185385873,0.01634723904847818,0.09855010804012525,-1.3397318665538418e-09,1.1062981228980165e-10,0.06958794969048077,-0.24826747497895424
69.25,0.045011088190509266,-0.17086465917023244,0.0010012814522419797,0.14928738487292723,-2.150620534507635e-09,-5.082151369586262e-10,0.018456573169919246,-0.0717026124562038,0.008719300336086571,0.1234476376416696,-0.00012326406845810913,0.00040306074885310963,0.043709831641845644,-0.15874949626431134,0.017188929545815645,0.09544276043443276,-1.3504737687358737e-09,1.4905619548230333e-10,0.07042228635918718,-0.25090801431525306
69.26,0.04608564574940541,-0.17620969313129334,0.0017918820364551712,0.146440917076578,-2.1462675281119493e-09,-5.290978804508859e-10,0.019768069011481686,-0.07605932861427656,0.009569358098073855,0.12033628615076414,-0.00012364249499022183,0.00040576908943836594,0.04477646757849769,-0.16221442678866832,0.01804012902744493,0.09229780983263428,-1.3612007087615424e-09,1.8743641533924365e-10,0.07123150974989947,-0.25347041797864517
69.27,0.047142470026756506,-0.18150348943232578,0.002597093376532288,0.14353594664159353,-2.1419678434378363e-09,-5.498248274775458e-10,0.021071916915262924,-0.08037559158916698,0.010431413646997317,0.1171774312383816,-0.00012398250705818745,0.00040831927614536957,0.045826850956835696,-0.16562091267051854,0.018900522620630498,0.08911666125611369,-1.371908848928326e-09,2.257531784032459e-10,0.07201536451368774,-0.2559548201662863
69.28,0.0481810321286313,-0.1867422691956473,0.003416624347551396,0.1405736245903082,-2.1377235501470713e-09,-5.703859225628957e-10,0.02236768578568682,-0.08465060010100409,0.011305150594175835,0.11397242523734251,-0.00012428390421440324,0.00041070873280727506,0.046860641790801315,-0.16896866204364155,0.01976979184823829,0.0859007426502823,-1.382594373838618e-09,2.639874619242232e-10,0.07277360309308407,-0.25836137041789264
69.29,0.04920080878596725,-0.19192226293903766,0.004250178102182947,0.13755513436863157,-2.133536672022982e-09,-5.907720015490346e-10,0.02365494865256692,-0.08888359582374797,0.012190247950729058,0.11072264763776216,-0.00012454649665341228,0.0004129349789200042,0.04787750596207077,-0.17225741035476735,0.020647614771777466,0.0826515036525469,-1.3932534496464555e-09,3.0212129134782763e-10,0.07350598570697253,-0.26069023182058215
69.3,0.05020128273154704,-0.1970397148001898,0.005097452189412732,0.1344816913831872,-2.129409236745348e-09,-6.109721672272962e-10,0.024933282746407076,-0.09307386218779166,0.013086380265854134,0.10742950415060355,-0.00012477010541433849,0.00041499563168578905,0.04887711524625583,-0.1754869187617718,0.02153366613659942,0.07937041432336013,-1.4038822720751378e-09,3.40136491816677e-10,0.07421228033415583,-0.26294157922783207
69.31,0.05118194307543591,-0.20209088677208983,0.005958138676459181,0.13135454250096648,-2.1253432496878223e-09,-6.309773327701649e-10,0.02620226956955272,-0.09722072311706646,0.013993217767716127,0.10409442573311124,-0.00012495456258690527,0.0004168884080225287,0.04985914733656588,-0.1786569725123086,0.022427617519126187,0.0760589638496361,-1.4144770462702051e-09,3.780146816909912e-10,0.07489226269577473,-0.2651155974961106
69.32000000000001,0.05214228567845844,-0.20707206294071384,0.006831924273833596,0.1281749654999742,-2.121340685838503e-09,-6.507766464809363e-10,0.02746149496332177,-0.10132354170439017,0.014910426506854263,0.10071886757323092,-0.0001250997115210887,0.0004186111265266455,0.050823285865091467,-0.18176737930672704,0.023329137475978173,0.07271865921549142,-1.4250339806765774e-09,4.157376887809646e-10,0.07554571623675739,-0.267212479743309
69.33,0.05308181352328765,-0.211979553718863,0.0077184904634879994,0.1249442684732431,-2.117403513477134e-09,-6.703612227660778e-10,0.028710549171246887,-0.10538171882921317,0.01583766850200145,0.09730430803207436,-0.00012520540703967394,0.0004201617093738711,0.05176922042187476,-0.18481796765004677,0.024237891694868115,0.06935102384268477,-1.43554931033614e-09,4.5328782288486466e-10,0.07617243210647233,-0.26923242563247923
69.34,0.05400003708272713,-0.21680970006878944,0.008617513629990171,0.12166378918187262,-2.1135336679152603e-09,-6.897196096232342e-10,0.029949026898568296,-0.1093946917223843,0.016774601888210786,0.09385224754313232,-0.00012527151565395483,0.00042153818414786514,0.05269664657193099,-0.18780858519690452,0.025153543147124334,0.06595759619993945,-1.4460192849191112e-09,4.90646498349287e-10,0.07677220913875485,-0.2711756396849572
69.35000000000001,0.05489647468476256,-0.2215588776825984,0.009528665194660307,0.11833489435566696,-2.1097330678564137e-09,-7.088420362526877e-10,0.03117652736812114,-0.11336193250658431,0.01772088106717828,0.09036420747008041,-0.00012529791578204142,0.0004227386855198302,0.053605265870386026,-0.19073909706884026,0.026075752241703956,0.062539928381583,-1.456440169253292e-09,5.27796169261819e-10,0.07734485383147705,-0.27304232966004527
69.36,0.0557706528759852,-0.22622343571755402,0.01045161175251985,0.11495897637944974,-2.1060035994176527e-09,-7.277190172378243e-10,0.032392654370751804,-0.11728301186869038,0.018676156859814247,0.08684173434905162,-0.0001252844979730018,0.0004237613305104387,0.05449478587798107,-0.19360931673629136,0.02700417698045858,0.059099581574006396,-1.4668082521081507e-09,5.647187922913186e-10,0.07789018032303309,-0.27483279527386184
69.37,0.056622106789531695,-0.2307995931948114,0.011386015211730523,0.11153744861408735,-2.102347133473487e-09,-7.463387225595195e-10,0.033597016303901744,-0.12115770421928942,0.01964007666145446,0.0832864065059307,-0.00012523116514901044,0.0004246040232102545,0.05536492018384891,-0.1964188939402134,0.027938473114217564,0.05563812015024086,-1.4771198393053404e-09,6.01396632086946e-10,0.07840801035687481,-0.27654757454587336
69.38,0.05745038052198557,-0.2352835001880898,0.012331532935284238,0.10807174726075935,-2.0987655120209795e-09,-7.646919150541931e-10,0.034789226193750036,-0.12498592796866102,0.020612284599873573,0.07969982602755925,-0.0001251378328721077,0.0004252645904867477,0.056215388440658744,-0.19916737314977676,0.028878294299377376,0.052157113885462764,-1.4873712701351417e-09,6.378114985711544e-10,0.07889817322764199,-0.2781873619502595
69.39,0.058255027515637985,-0.23967132285466802,0.013287817885025175,0.10456333397372378,-2.0952605478593193e-09,-7.827674066954265e-10,0.0359689017043409,-0.1287676627322979,0.02159242169556596,0.07608361005511714,-0.00012500442962800476,0.0004257409409473631,0.05704591640891928,-0.2018542758031517,0.029823292255075386,0.048658140767179274,-1.497558907696088e-09,6.739458297747969e-10,0.07936050571354611,-0.27975289473961057
69.4,0.05903561094107907,-0.24395923122157182,0.014254518768120129,0.10101369429009648,-2.0918340277370445e-09,-8.005559347319606e-10,0.037135665138535535,-0.13250296338197054,0.022580126023680487,0.07243938998585966,-0.00012483089711642765,0.00042603104728709926,0.05785623600577373,-0.2044790823740224,0.03077311692106608,0.04514278490170671,-1.5076791420493697e-09,7.097819855958496e-10,0.07979485200160646,-0.28124497352020955
69.41,0.05979170407753317,-0.24814344792895263,0.015231280185990615,0.09742433891097885,-2.088487713879677e-09,-8.180472284115242e-10,0.03828914343314699,-0.1361919139941485,0.023575032877248915,0.06876880665200465,-0.0001246171905431717,0.00042613301307708865,0.05864608535618588,-0.2070412766151118,0.031727416616283595,0.04161263756227844,-1.5177283888821295e-09,7.453031419665437e-10,0.08020106360890279,-0.28266439949714234
69.42,0.060522890688048545,-0.252220271806685,0.016217742785730554,0.0937968034269397,-2.0852233270174085e-09,-8.352313017631623e-10,0.039428968150913034,-0.139834606714839,0.02457677493136773,0.06507350754314739,-0.00012436327891024134,0.00042604510466071174,0.059415208844110626,-0.20954036404605458,0.03268583819807862,0.038069296483337796,-1.527703097223065e-09,7.804919604166749e-10,0.08057899930340916,-0.2840119463562001
69.43,0.061228765389595305,-0.2561860070476311,0.017213543413887304,0.09013264400880451,-2.0820425627980317e-09,-8.52099039686801e-10,0.04055477546903835,-0.1434312136254065,0.02558498240819172,0.06135514974360557,-0.00012406914530318253,0.0004257656491170495,0.0601633571642624,-0.21197579430594563,0.03364802722196488,0.034514360977819,-1.5375997524097352e-09,8.153318947112464e-10,0.08092852502391996,-0.28528846115803586
69.44,0.06190893401632321,-0.2600371184205355,0.018218315272581616,0.08643344367260394,-2.07894709120679e-09,-8.686414661558063e-10,0.04166620616581822,-0.1469818363715718,0.02659928324252408,0.057615390055977586,-0.00012373478717473245,0.0004252932105051042,0.06089028737325124,-0.21434711330094006,0.03461362810180713,0.030949438008828024,-1.5474148723255258e-09,8.498079735258472e-10,0.08124951380104443,-0.28649465694870635
69.45,0.0625630139737392,-0.2637701006200715,0.019231688077933635,0.08270080397859403,-2.0759385380278987e-09,-8.848485383277816e-10,0.04276290560733472,-0.15048663621132088,0.027619303247747837,0.0538558906558028,-0.00012336021662188773,0.00042462645444664063,0.06159576293835855,-0.21665382550512877,0.03558228427038201,0.027376133390853936,-1.557145008008692e-09,8.839015407773804e-10,0.08154184568190284,-0.28763129464175635
69.46000000000001,0.06319063458723227,-0.26738147720016475,0.02025328822054293,0.07893634614008446,-2.073018505962411e-09,-9.007123602364961e-10,0.0438445237306335,-0.15394583858232064,0.028644666282191006,0.05007831937238761,-0.00012294546066254957,0.0004237640220014131,0.062279553787989834,-0.218895386057364,0.03655363833929308,0.023796028974567278,-1.5667867553832872e-09,9.175992784588068e-10,0.0818054076633419,-0.28869886867601857
69.47,0.06379143744335451,-0.2708679374754023,0.021282738928132955,0.07514171814227005,-2.0701885569281577e-09,-9.162234538028562e-10,0.04491071502460256,-0.15735960297397808,0.029674994415889056,0.046284344445768566,-0.00012249056152165489,0.0004227044993514056,0.06294143636285558,-0.22107133224134023,0.03752733225562968,0.020210640233094792,-1.5763367455941163e-09,9.508876165290347e-10,0.08204009367336443,-0.2896967074281508
69.48,0.06436507672599248,-0.2742260492857492,0.022319660430117752,0.07131857480628344,-2.067450220799492e-09,-9.313759243890794e-10,0.04596113850627936,-0.16072830190259005,0.030709908097655836,0.04247563987872321,-0.00012199557693327573,0.00042144630137728084,0.06358119367053074,-0.22318099225696786,0.03850300745335779,0.016621433598962575,-1.5857916453205463e-09,9.83757207702048e-10,0.08224580462652759,-0.29062377931299077
69.49,0.06491121954968947,-0.2774525577451793,0.023363670123695154,0.06746859231640902,-2.064804993346799e-09,-9.461599952605479e-10,0.04699545769033277,-0.16405223071381406,0.03174902632221001,0.03865387201601885,-0.00012146058045637895,0.00041998794519154805,0.06419861534602413,-0.22522378190585868,0.039480305000551406,0.013029861796739393,-1.5951481781148016e-09,1.0161980116899371e-09,0.08242244853696125,-0.2914785082826064
69.5,0.06542954628325034,-0.2805443136742023,0.024414382741758833,0.06359346721657441,-2.0622543200688134e-09,-9.605688292687896e-10,0.048013340560613134,-0.16733160529471622,0.03279196679682421,0.034820700362805025,-0.00012088566179590439,0.00041832808600636776,0.06479349770934179,-0.22719920833991286,0.040458865745092325,0.009437381309100991,-1.604403090354376e-09,1.0482006066454203e-09,0.0825699406720565,-0.2922591023991416
69.51,0.0659197508676621,-0.2834980663097308,0.025471410522671312,0.05969491011335545,-2.0597996302105113e-09,-9.745937630647849e-10,0.049014459546168364,-0.17056667373020257,0.033838346107368834,0.030977780700490645,-0.00012027092713927068,0.0004164653249683693,0.06536564381745934,-0.22910675790937815,0.041438330459987086,0.0058454390319952875,-1.6135531882272027e-09,1.0797557516266346e-09,0.08268820373745331,-0.2929634497740895
69.52,0.06638154113272869,-0.286310698522367,0.026534363381867404,0.05577465538726526,-2.057442299697129e-09,-9.88228847171464e-10,0.04999849150374219,-0.17375747384931947,0.034887779883669194,0.027126756960374435,-0.00011961649950745797,0.00041439834790549343,0.06591486350849236,-0.23094614478914868,0.04241833998866272,0.002255494149999357,-1.6225953141738954e-09,1.1108503965770008e-09,0.08277716808656509,-0.293589293951197
69.53,0.06681463910940008,-0.2889790811086332,0.02760284908542462,0.0518344541459701,-2.0551836685886437e-09,-1.0014661471813195e-09,0.050965117714146156,-0.17690391022992802,0.035939882963914836,0.023269263764768844,-0.00011892251910022309,0.0004121257028154882,0.06644097343039611,-0.23271723332153013,0.04339853539093888,-0.001330985676538926,-1.631526356609137e-09,1.1414834717213387e-09,0.08283677195089885,-0.29413414113144726
69.54,0.06721878133917879,-0.29150011073059623,0.028676473425169158,0.04787606531231733,-2.0530250399543513e-09,-1.0143005475120147e-09,0.0519140238895205,-0.1800058827866557,0.03699426955814941,0.01940692848431544,-0.00011818914363214417,0.0004096459125720606,0.06694379705761905,-0.23441989227239932,0.044378558089264615,-0.0049125455041625545,-1.640343253224083e-09,1.17163879430863e-09,0.0828669616980233,-0.29459507424717285
69.55,0.06759371917631041,-0.29387088161531794,0.02975484039490852,0.043901261155557474,-2.0509676817354493e-09,-1.026725349286403e-09,0.05284490018873887,-0.18306312079157352,0.03805055341085518,0.015541366790349785,-0.00011741654865012387,0.0004069577763902542,0.0674231646992371,-0.2360541633297653,0.04535805001702573,-0.008487648269013284,-1.6490429957361642e-09,1.201236133151496e-09,0.08286769209981966,-0.2949696725732744
69.56,0.06793921907821017,-0.2960885340250177,0.030837552367651247,0.039911819635420155,-2.0490127996416325e-09,-1.0387349261408815e-09,0.053757441242544966,-0.18607531453380122,0.03910834796256949,0.011674186437310313,-0.00011660492782650285,0.0004040602971973469,0.06787891349735158,-0.2376201243424216,0.04633665377129499,-0.01205473612651236,-1.6576226054335153e-09,1.2303317729680101e-09,0.08283892660032864,-0.29525500543805006
69.57000000000001,0.06825506288560415,-0.2981503389635109,0.03192421027343304,0.03590952079870785,-2.0471615921886695e-09,-1.0503231106187629e-09,0.05465134618447036,-0.1890421389222713,0.0401672665105807,0.007806985593934168,-0.00011575449323211456,0.00040095264415249186,0.06831088742019789,-0.23911785617842773,0.047314012765366016,-0.015612343974377852,-1.6660791902695662e-09,1.2589299785535546e-09,0.0827806376113731,-0.29544774073761854
69.58,0.06854104808702152,-0.30005383360669846,0.0330144137775092,0.03189614966003702,-2.0454151817615454e-09,-1.0614834256546018e-09,0.05552631868856744,-0.19196309787121404,0.0412269223685591,0.00394134842854404,-0.00011486547559231468,0.0003976338378407056,0.06871893724938041,-0.24054760228146949,0.04828977137593957,-0.019159044752322787,-1.674409873375042e-09,1.2870072490023979e-09,0.08269280680361375,-0.29554566313590963
69.59,0.06879698806585798,-0.30179660817231085,0.03410776145875716,0.027873488867211214,-2.0437746763003785e-09,-1.0722125957377682e-09,0.05638206701605477,-0.19483769022240652,0.04228692902500185,7.884932957918018e-05,-0.00011393812454893225,0.00039410274575662113,0.06910292055923573,-0.2419095992976209,0.049263575087571676,-0.022693379849605143,-1.6826118553959233e-09,1.3145817073235134e-09,0.0825754253902603,-0.2955452654749021
69.60000000000001,0.06902271233133984,-0.30337651727169324,0.03520385098806444,0.0238433213214544,-2.0422411168251636e-09,-1.082506945865702e-09,0.057218304069988776,-0.19766527255599356,0.04334690030049999,-0.003778950761246584,-0.00011297270892723644,0.00039035880123317236,0.06946270168937485,-0.24320421192522293,0.050235070636547294,-0.026213935331789787,-1.690682369400883e-09,1.3416274145985087e-09,0.08242849444051145,-0.29544342968898935
69.61,0.06921806672954692,-0.30479160299513197,0.036302279306567806,0.01980742632280476,-2.040815522296399e-09,-1.0923598805137931e-09,0.05803474746067095,-0.20044508473753025,0.04440645050320366,-0.007630521380813106,-0.0001119695169626443,0.0003864016763700939,0.0697981517136077,-0.2444317216711059,0.051203906152263855,-0.029719326546800894,-1.6986187106839693e-09,1.3681408364217956e-09,0.08225202518254265,-0.2952375807158458
69.62,0.06938291363884463,-0.3060399417532284,0.03740264280344435,0.01576757440893823,-2.0394988557295735e-09,-1.1017700816664661e-09,0.05883111957963422,-0.2031763667004608,0.04546519458079749,-0.011474387631430164,-0.00011092885648859686,0.0003822310853799698,0.07010914842546986,-0.24559192342790326,0.05216973129671581,-0.03320815486265736,-1.7064182266205718e-09,1.3941248741885359e-09,0.08204603929508303,-0.2949243955042804
69.63,0.06951713215741673,-0.30711968963105574,0.0385045374929882,0.011725529408199258,-2.0382920394387662e-09,-1.1107324726376103e-09,0.05960714768113305,-0.20585819008474054,0.04652274826788891,-0.0153091146653975,-0.00010985105512686305,0.00037784707901738335,0.070395576352963,-0.24668449748546528,0.05313219740269125,-0.03667906696995124,-1.7140783154160545e-09,1.419564835294933e-09,0.0818105692134188,-0.29450093296630886
69.64,0.06962061828071418,-0.3080291787312981,0.03960755919079373,0.007683042687777721,-2.0371959470253137e-09,-1.1192445531779305e-09,0.06036256397311556,-0.20848958874850793,0.04757872822950231,-0.01913329401137692,-0.00010873646046444691,0.0003732499046484695,0.07065732679406705,-0.24770894601578475,0.054090957608765415,-0.040130749729679185,-1.721596422810701e-09,1.444456214592488e-09,0.08154565842174544,-0.29396456202275356
69.65,0.06969328506453522,-0.30876687291395677,0.04071130368871405,0.0036418503018219583,-2.0362114230226256e-09,-1.1273038455215143e-09,0.06109710571350945,-0.21106959273908718,0.04863275220160855,-0.022945545263417765,-0.00010758544017914986,0.0003684400412337619,0.07089429786971671,-0.24866456377444693,0.05504566699121865,-0.043561896279909536,-1.7289700684967932e-09,1.4687986025521761e-09,0.0812513617281431,-0.2933124742038761
69.66,0.06973506277240485,-0.30933142034979116,0.041815366928309436,-0.00039632798010535297,-2.0353392504990404e-09,-1.134908040781055e-09,0.061810515308782996,-0.21359718884180456,0.049684439129476066,-0.026744496649812252,-0.00010639838215029029,0.00036341819685503787,0.07110639458731169,-0.24955075014919237,0.05599598269314168,-0.04697125510493916,-1.7361968037663914e-09,1.4925828025851523e-09,0.08092774553046504,-0.2925422409542867
69.67,0.06974589900715501,-0.3097216009470908,0.042919345172670584,-0.004429789054089857,-2.034580166395867e-09,-1.142055536526999e-09,0.0625025404171478,-0.21607128523236838,0.05073340930442887,-0.030528796085809298,-0.00010517569469003684,0.0003581814396459986,0.07129352890922676,-0.25036670800818034,0.05694156404942568,-0.05035761544020394,-1.7432742457978936e-09,1.5158067584404246e-09,0.08057488806039476,-0.2916516467601275
69.68,0.0697257588282015,-0.3099363286407172,0.04402283517653195,-0.008456847949227629,-2.0339348770853936e-09,-1.1487434782191375e-09,0.06317293405830883,-0.21849073148853815,0.05177928450033858,-0.0342970629201141,-0.00010391780685480328,0.0003527293073432411,0.07145561983180551,-0.2511115481154633,0.057882072707522936,-0.05371980287349619,-1.7502000722309505e-09,1.5384658017669606e-09,0.08019287960580346,-0.2906385951254686
69.69,0.06967462485000303,-0.3099748278573088,0.045125434354467184,-0.01247584199862358,-2.0334040375255643e-09,-1.1549729729250457e-09,0.06382145472537004,-0.2208544515488374,0.052821688110163835,-0.03804794791866289,-0.0001026251684947373,0.0003470679134175186,0.07159259346960106,-0.2517844843996844,0.058817172743595436,-0.05705670811812095,-1.7569720081287312e-09,1.5605571626675034e-09,0.07978182270639933,-0.28950152817931357
69.7,0.06959249731827241,-0.30983646091358286,0.04622674094695497,-0.016485130069251473,-2.0329882508165024e-09,-1.1607421116657572e-09,0.06444786649749765,-0.2231612633158035,0.05386024527997204,-0.0417801512698527,-0.00010129825005547999,0.0003411998499499764,0.07170438313667726,-0.2523847200608912,0.059746530772436836,-0.06036729617500548,-1.7635878442067461e-09,1.582078320948599e-09,0.07934183230804148,-0.2882392892159653
69.71000000000001,0.06947939416947936,-0.30952071201850195,0.04732635418429338,-0.020483091828059755,-2.032688086313922e-09,-1.166051726012199e-09,0.065051939159374,-0.2254098868359429,0.054894583039191876,-0.045492395941751626,-9.993754244663386e-05,0.0003351269956427969,0.07179092943513582,-0.2529111753100992,0.06066981604919132,-0.06365063726893046,-1.7700454213207024e-09,1.6030260491797292e-09,0.07887303586618301,-0.2868513831867346
69.72,0.06933535107460587,-0.30902729243538074,0.04842387444830946,-0.024468131138571894,-2.032504055499509e-09,-1.1709006760942648e-09,0.06563344832348535,-0.2275991747884783,0.05592433042841375,-0.049183416114861996,-9.854355694926859e-05,0.00032885306955817475,0.07185218035609219,-0.25336282668605087,0.061586700562609446,-0.06690585991348334,-1.776342639077738e-09,1.6233988685356925e-09,0.07837557339402795,-0.285337790807441
69.73,0.06916042146289968,-0.30835612051887235,0.049518903431663375,-0.028438677587549005,-2.03243663199605e-09,-1.1752896067218134e-09,0.06619217554414152,-0.22972809807958816,0.056949118626111954,-0.05285194821499906,-9.711682505216976e-05,0.0003223817031917045,0.07188809137416967,-0.25373895178555866,0.062496859122601285,-0.07013211678862281,-1.7824774524197606e-09,1.643194063140023e-09,0.07784959746874419,-0.28369866695678553
69.74,0.06895467652937397,-0.30750716498494,0.050611044294595404,-0.03239318680874972,-2.032486242674757e-09,-1.1792188565883726e-09,0.06672790842573968,-0.23179554002954003,0.057968581074154986,-0.05649675702169639,-9.565789826441186e-05,0.00031571639167106777,0.07189862554170189,-0.2540383199145157,0.06339996944454569,-0.07332858968955129,-1.7884478765514952e-09,1.6624097358990442e-09,0.0772952732190199,-0.28193418773817364
69.75,0.06871820523235324,-0.3064805045479471,0.0516999018190532,-0.036330140995577076,-2.0326532729373596e-09,-1.182689013438316e-09,0.06724044073291428,-0.23380038723987873,0.05898235360100796,-0.06011663511979053,-9.416734787465036e-05,0.00030886260648404487,0.07188375361438168,-0.2542593021136626,0.06429571223092052,-0.07649448513286128,-1.7942519870717042e-09,1.681043979480551e-09,0.07671277830549827,-0.28004461443053374
69.76,0.06845111427228458,-0.3052766173512487,0.05278508256018363,-0.04024804839699516,-2.032938056612123e-09,-1.185700173670148e-09,0.06772957249541574,-0.2357417478973183,0.05999007454277717,-0.06371038220005625,-9.264576461447756e-05,0.00030182581399412794,0.07184345417794222,-0.25440119843910936,0.06518377125041881,-0.07962903286805192,-1.7998879147478898e-09,1.6990950723179565e-09,0.07610230288660633,-0.2780305316146501
69.77,0.06815352804601744,-0.3038960678257667,0.053866194995152154,-0.04414544499356842,-2.03334089228958e-09,-1.1882539177628828e-09,0.06819511010372424,-0.23761867366727524,0.06099138486289246,-0.06727681278659813,-9.109375831690676e-05,0.0002946103562282047,0.0717777137511311,-0.2544628454464132,0.06606383341470547,-0.08273148607093933,-1.8053538503146193e-09,1.716560618545502e-09,0.07546404956569362,-0.2758925575087964
69.78,0.06782558858763503,-0.3023394634550616,0.054942849669210654,-0.048020894695538864,-2.03386201377314e-09,-1.1903515316493646e-09,0.06863686640385602,-0.23943019095944745,0.06198592827015888,-0.07081476581225363,-8.951195756599572e-05,0.00028722272099504384,0.0716865269156957,-0.25444235145471694,0.06693558885288392,-0.0858011197332849,-1.8106480348819193e-09,1.7334391027461742e-09,0.07479823332842242,-0.27363136535763266
69.79,0.06746745549302827,-0.3006078156133407,0.05601465933907034,-0.05187298613115878,-2.034501627251905e-09,-1.1919929792748519e-09,0.0690546607883577,-0.24117552618284527,0.06297335133450369,-0.07432310615766843,-8.790100925719372e-05,0.00027966961657416257,0.0715698964676733,-0.2543385962204771,0.06779873098390858,-0.08883722548467181,-1.8157687777513699e-09,1.7497286357804527e-09,0.07410508146754166,-0.2712479274622097
69.8,0.06707930581568498,-0.2987023959456762,0.05708123911355694,-0.055700338396890224,-2.035259893935244e-09,-1.193181239663826e-09,0.06944831927752101,-0.24285391874711568,0.06395330360042235,-0.07780071597941071,-8.62615781227524e-05,0.00027195711474480944,0.07142783354830741,-0.25415035115664075,0.06865295658724958,-0.09183911097054531,-1.8207144448432706e-09,1.7654275129791016e-09,0.07338483348710458,-0.2687433683745955
69.81,0.0666613339385578,-0.2966245779403781,0.05814220659036851,-0.05950163211432228,-2.0361369194545603e-09,-1.1939170090902557e-09,0.06981767460115729,-0.2444644409965517,0.06492543769869445,-0.08124648911677763,-8.459434626829287e-05,0.0002640918820587793,0.07126035778423745,-0.253875766707197,0.06949796587208878,-0.09480609513065308,-1.8254834580351887e-09,1.780532919650624e-09,0.07263774098728523,-0.2661190060745735
69.82000000000001,0.06621375142959372,-0.29437593680403407,0.05919718198728647,-0.06327560952740574,-2.0371327705453065e-09,-1.1942026033236705e-09,0.07016256629359512,-0.24600599583400898,0.06588940945625764,-0.08465934917722606,-8.29000126705921e-05,0.0002560814473788062,0.07106749745662423,-0.2535131183406356,0.07033346254532821,-0.09773750703645942,-1.8300742990137544e-09,1.7950435567391237e-09,0.07186406752985255,-0.2633763782985177
69.83,0.06573678687757552,-0.29195829968810894,0.060245788268222925,-0.06702104202938575,-2.038247479080309e-09,-1.1940392798211078e-09,0.0704828408016339,-0.24747744422662604,0.06684487800344689,-0.08803824990668072,-8.117929263129822e-05,0.00024793291249573573,0.07084928966678866,-0.2530609917147417,0.07115915387843381,-0.1006326900500605,-1.8344855177116702e-09,1.808955819178589e-09,0.07106408848655829,-0.26051710074297135
69.84,0.06523068570754291,-0.28937362524483023,0.061287651264983596,-0.07073675358801512,-2.0394810217146892e-09,-1.1934295795280592e-09,0.07077835160654528,-0.24887736745860758,0.06779150587881856,-0.09138215591822398,-7.943291723664678e-05,0.0002396531002509699,0.07060578048722821,-0.25251786961589145,0.07197475077306006,-0.10349099764189476,-1.8387157173911416e-09,1.822268202999514e-09,0.07023809087775505,-0.2575428401925381
69.85000000000001,0.0646957099853006,-0.28662385612579566,0.06232239979471603,-0.07442160503423839,-2.0408333251284683e-09,-1.1923761810325548e-09,0.07104895935811723,-0.2502044309154088,0.06872895913208385,-0.09469005631197774,-7.766163279186012e-05,0.00023125018484697172,0.07033702511646107,-0.2518820765385904,0.0727799678257121,-0.10631178911370563,-1.8427635562219236e-09,1.834977604531018e-09,0.06938637319973462,-0.2544554972203824
69.86,0.0641321382117125,-0.28371120958001494,0.06334966577427167,-0.07807446441188472,-2.0423042895290155e-09,-1.1908994438127837e-09,0.07129453200858181,-0.2514573480712905,0.06965690742434821,-0.09796098124489933,-7.586620019532642e-05,0.00022273209637357162,0.0700430880317105,-0.25115232574367036,0.07357452339142921,-0.10909443965629008,-1.8466277575452723e-09,1.8470830010414538e-09,0.06850924523775945,-0.25125702906246694
69.87,0.06354026509636944,-0.2806381443658988,0.06436908433226525,-0.08169423909720142,-2.0438937623560716e-09,-1.1889936293017155e-09,0.07151494495562376,-0.2526344071636792,0.0705750241253313,-0.10119397726039721,-7.404739430950634e-05,0.000214106094324972,0.06972404312214524,-0.25032743959794307,0.0743581396460898,-0.1118383399558315,-1.8503071105068048e-09,1.8585819451836658e-09,0.06760702787274621,-0.24794935805612783
69.88,0.06292040131516247,-0.2774070810667922,0.06538029391745695,-0.0852798879242234,-2.0456015499031112e-09,-1.1866548199770799e-09,0.07171008119955523,-0.25373408685098,0.07148298640772813,-0.10438813096128259,-7.220600332870834e-05,0.0002053804934328863,0.06937997380967142,-0.24940622018840503,0.07513054264758876,-0.1145428822201264,-1.853800458573756e-09,1.869473040834079e-09,0.06668005287919147,-0.2445347095933552
69.89,0.06227287325796241,-0.27402066987331875,0.06638293640317153,-0.08883039049854273,-2.0474274147004423e-09,-1.1838863457613464e-09,0.07187983149558629,-0.25475499190840456,0.07238047533813823,-0.1075425654903086,-7.034282810125822e-05,0.00019656353888574163,0.06901097315936308,-0.24838776770156956,0.07589146239638563,-0.11720746669157951,-1.8571067026267935e-09,1.879753252140599e-09,0.06572866270727358,-0.24101535893671402
69.9,0.06159802275720465,-0.2704818394423301,0.06737665718883369,-0.09234475356630313,-2.0493710863824534e-09,-1.1806905386708437e-09,0.07202409450082078,-0.25569557418953254,0.07326717596398295,-0.11065644982494607,-6.84586814365644e-05,0.00018766302318667008,0.06861714396258808,-0.24727160266260106,0.07664063289539372,-0.11983150111442158,-1.8602248175831412e-09,1.8894208192447024e-09,0.06475321025578365,-0.23739360456002956
69.91,0.06089620679496703,-0.26679362567184417,0.06836110529827996,-0.09582203150461054,-2.0514322351588356e-09,-1.1770719305077692e-09,0.07214277693150668,-0.2565541170623962,0.07414277739512211,-0.11372902792471219,-6.655438742239705e-05,0.00017868676192746925,0.06819859878052655,-0.24605766521302483,0.07737779220943215,-0.12241439021570064,-1.8631538278064068e-09,1.8984729720184007e-09,0.06375405863487038,-0.23367200570009652
69.92,0.06016779719543691,-0.2629591911718289,0.06933593347476939,-0.099261291934012,-2.0536105042983014e-09,-1.1730340152754152e-09,0.07223579372612472,-0.2573290819754305,0.07500697287969614,-0.11675958151242542,-6.463078073308645e-05,0.00016964267889036072,0.06775545995372441,-0.2447460551380701,0.0781026825246039,-0.12495554112831771,-1.8658928257159403e-09,1.906906872912965e-09,0.06273158091226906,-0.2298532244406257
69.93,0.05941318030244623,-0.25898191397612325,0.0703007982743326,-0.10266160455627499,-2.055905490428732e-09,-1.168581840218731e-09,0.07230306819476588,-0.25801919734771395,0.07585945987613923,-0.11974740793939656,-6.268870592129034e-05,0.00016053867546267361,0.06728785959143237,-0.2433370028011458,0.07881505020736446,-0.12745436907589808,-1.8684409626674163e-09,1.9147211141549158e-09,0.06168615985086355,-0.22593987203563112
69.94,0.05863275664189271,-0.25486523921531606,0.0712553601573329,-0.10602208511949275,-2.058316753623754e-09,-1.163714854295265e-09,0.07234453216646666,-0.2586227163984374,0.07669994012295371,-0.12269182789404638,-6.072901670217976e-05,0.00015138251958556577,0.06679593955104936,-0.24183074771498364,0.07951464586332105,-0.12991028350860592,-1.870797457960595e-09,1.921900379286418e-09,0.06061818764372147,-0.22193465689030215
69.95,0.05782694057544912,-0.25061265226698765,0.07219928357641123,-0.10934189144928141,-2.060843802119164e-09,-1.1584406966854112e-09,0.07236012616586392,-0.2591375315675761,0.07752811970639623,-0.12559218235564432,-5.875257522601886e-05,0.0001421822629510378,0.06627985141520351,-0.240227507386371,0.08020122440715548,-0.13232233751137457,-1.8729615897744688e-09,1.928393467645226e-09,0.05952806564259666,-0.21784037587979616
69.96000000000001,0.05699615994347013,-0.24622788438748472,0.07313223706207755,-0.11262016074025312,-2.063486120173786e-09,-1.152764882083239e-09,0.07234979958797026,-0.2595624774039664,0.07834370912628195,-0.1284478258674202,-5.67602513248372e-05,0.0001329461009528032,0.06573975646380859,-0.2385276909959014,0.08087454514834656,-0.13468964613461223,-1.8749327083825626e-09,1.934241065787647e-09,0.05841620408325023,-0.2136597251355679
69.97,0.05614085569365765,-0.24171471250491858,0.0740538933073573,-0.11585606685597317,-2.066243132029603e-09,-1.1466865213118856e-09,0.07231351085281694,-0.25989576399966985,0.0791464233600225,-0.13125813551550392,-5.475292174981625e-05,0.00012368175851411921,0.06517582563730406,-0.23673170038316016,0.08153437187163165,-0.13701162378112902,-1.8767102223594793e-09,1.9394640827117282e-09,0.057283021810774,-0.20939550504187385
69.98,0.05526148150018362,-0.2370769956951782,0.07496392924980495,-0.11904882344265337,-2.069114236723862e-09,-1.1402117292037096e-09,0.0722512275868344,-0.26013513096535934,0.07993598192474509,-0.13402250579496605,-5.273146942396229e-05,0.00011439680460021446,0.06458823949533612,-0.2348399739078023,0.08218047290107802,-0.13928769727381327,-1.8782936067980036e-09,1.9440479842248223e-09,0.056128946000430245,-0.2050505585219712
69.99,0.054358503371828876,-0.23231879174482511,0.07586202615106488,-0.12219763645087675,-2.0720987912281325e-09,-1.1333478897151373e-09,0.07216292681627856,-0.26027907967598474,0.08071210893797283,-0.13674033554954806,-5.0696782660258757e-05,0.00010510013966839124,0.06397718816874863,-0.2328531126383892,0.08281262115754202,-0.14151729621774933,-1.8796824069276416e-09,1.9479940431158978e-09,0.05495441187705089,-0.2006276400159603
70.0,0.05343239924485919,-0.22744428606077532,0.07674786967545427,-0.12530173035565653,-2.0751961101985e-09,-1.1260954511334007e-09,0.07204859514470245,-0.26032571022512707,0.08147453317750239,-0.13941103154044196,-4.864975434890199e-05,9.579928877297238e-05,0.06334287129988438,-0.2307718124761917,0.08343059421557489,-0.14369985573825905,-1.8808762221289167e-09,1.951297673734873e-09,0.05375986243876456,-0.19612947761000923
70.01,0.05248365856136696,-0.22245780742970678,0.07762114996702442,-0.12836035422641254,-2.0784054812960818e-09,-1.118460045907408e-09,0.07190822894868082,-0.2602726852954203,0.08222298814048884,-0.1420340107803499,-4.6591281221604694e-05,8.650027545685915e-05,0.06268549797155279,-0.22859688045038112,0.08403417435984006,-0.14583481617335048,-1.881874727555642e-09,1.953959966771835e-09,0.05254574818526086,-0.19155875067893346
70.02,0.051512781834166396,-0.2173638129333261,0.0784815617244545,-0.1313727761314443,-2.0817261354229902e-09,-1.110449150792221e-09,0.07174183458892544,-0.26011812522354083,0.08295721210143002,-0.14460870449822905,-4.452226316958442e-05,7.721032675568504e-05,0.06200528662556407,-0.22632922276661235,0.0846231486408127,-0.14792162923914826,-1.8826776516442366e-09,1.9559789177034375e-09,0.05131252685016334,-0.18691809996004558
70.03,0.05052028020095185,-0.21216681433421605,0.07932880427421478,-0.1343382740763572,-2.085157274834292e-09,-1.1020651749540288e-09,0.07154942860893504,-0.25986010174314034,0.08367694816881441,-0.14713455797346955,-4.244360251698708e-05,6.793683058809308e-05,0.06130246497312563,-0.22396977892197237,0.08519730892964957,-0.14995975197909303,-1.8832847910988964e-09,1.957352618690812e-09,0.050060663135568825,-0.1822101888647127
70.04,0.04950667497177193,-0.20687137403591574,0.08016258164256507,-0.13725613577072274,-2.088698072900932e-09,-1.0933145256476578e-09,0.07133103792954253,-0.25949660417065423,0.08438194434044967,-0.14961102770259113,-4.035620326046302e-05,5.8686938597861556e-05,0.06057726990051682,-0.22151952415587217,0.08575645197243732,-0.1519486457681028,-1.8836960182862034e-09,1.9580788914349207e-09,0.04879062844573936,-0.17743769653927177
70.05,0.04847249717059414,-0.20148213358708364,0.08098260262635917,-0.14012566574276733,-2.0923476566191003e-09,-1.0842023248639145e-09,0.0710867000372496,-0.25902598573483404,0.08507195355767662,-0.15203757941953902,-3.8260970306084276e-05,4.946788323011426e-05,0.05982994737020075,-0.21897950265206126,0.08630037944392514,-0.15388777836900536,-1.88391125105514e-09,1.958156978767655e-09,0.047502900620219224,-0.1726032807523754
70.06,0.047418287070586054,-0.19600378282095035,0.08178858086257529,-0.14294617673352752,-2.09610511893058e-09,-1.074734017081229e-09,0.07081646315421228,-0.2584466643496088,0.0857467337586186,-0.15441368821959076,-3.615880870178856e-05,4.028677435000998e-05,0.059060752316476575,-0.2163508018811938,0.08682889800070194,-0.15577662256085234,-1.8839304930222057e-09,1.9575828512050676e-09,0.04619796366770727,-0.1677095986809143
70.07000000000001,0.04634459372375552,-0.19044107018695255,0.08258023489660901,-0.14571699773563185,-2.0999695185537765e-09,-1.0649137471595473e-09,0.07052038638771445,-0.2577573857791882,0.08640604793069159,-0.15673883233350636,-3.40506228634125e-05,3.1150802638609586e-05,0.058269948535696385,-0.21363457160603364,0.08734181933401623,-0.15761465059685545,-1.883753793889004e-09,1.9563570780292177e-09,0.04487630750109353,-0.16275928411796703
70.08,0.045251974484546695,-0.184798818985522,0.08335728824849371,-0.14843749369059814,-2.1039398801083925e-09,-1.054748291258794e-09,0.07019853984494966,-0.25695745361690847,0.08704966416264831,-0.15901249417918745,-3.193731578772155e-05,2.2067276967793092e-05,0.05745780857001163,-0.21083204330623034,0.08783896022239532,-0.15940133887342947,-1.8833812846156203e-09,1.954476010035616e-09,0.04353842767510287,-0.15775492408090172
70.09,0.04414099452582397,-0.17908194567177918,0.08411946947502663,-0.1511070943809156,-2.108015188419637e-09,-1.0442411678249368e-09,0.06985100468950413,-0.25604695766881025,0.08767735569612116,-0.16123416380047528,-2.9819788250498436e-05,1.304348751604385e-05,0.056624613582735024,-0.20794454903181767,0.08832014258355704,-0.16113618042418917,-1.8828131524544205e-09,1.9519409143373773e-09,0.04218482512885505,-0.15269903587862246
70.10000000000001,0.04301222634744362,-0.17329541380546437,0.08486651222697857,-0.15372526225232036,-2.1121944035325762e-09,-1.0333957350762994e-09,0.06947787313691182,-0.2550263463384748,0.0882889009766178,-0.16340333417651956,-2.769893811758572e-05,4.082770488839869e-06,0.05577065322522932,-0.2049734819253251,0.08878519352510873,-0.16281867832903754,-1.8820496594182086e-09,1.948749535617115e-09,0.04081600593386082,-0.1475941016585198
70.11,0.041866249280579235,-0.16744419337699135,0.08559815530329237,-0.15629146367152955,-2.116476437490637e-09,-1.0222121057979788e-09,0.06907924841629184,-0.2538960894462328,0.08888408371309665,-0.1655192108102679,-2.557566071364092e-05,-4.839687409532855e-06,0.05489622549864871,-0.2019202396353014,0.08923394539437289,-0.16444833729218503,-1.881091119762242e-09,1.9449015554920556e-09,0.03943248104540274,-0.1424425942025176
70.12,0.04070364899060027,-0.16153326452269592,0.0863141427040778,-0.1588051769535061,-2.1208601940457953e-09,-1.0106965889002439e-09,0.06865524472100862,-0.2526567481502347,0.08946269295268586,-0.16758096672255998,-2.34508489227619e-05,-1.3692654111061774e-05,0.05400163661334416,-0.19878624901773956,0.08966623582772869,-0.16602466870754998,-1.879937937251042e-09,1.94039487843293e-09,0.03803476605557923,-0.13724696938167277
70.13,0.03952501697924697,-0.1555676135368209,0.08701422368252341,-0.1612658939604721,-2.125344509148798e-09,-9.988554096364029e-10,0.06820598715263967,-0.2513089402485807,0.09002452315316889,-0.16958808336481584,-2.132539133008053e-05,-2.245322468950537e-05,0.053087200845013234,-0.19557299239970458,0.09008190779924513,-0.1675471952291873,-1.878590554130249e-09,1.9352317831695967e-09,0.036623380947836445,-0.13200966762943042
70.14,0.03833095008649207,-0.14955222411643604,0.08769815279559903,-0.1636731165344706,-2.129928208875971e-09,-9.866908211243529e-10,0.06773161165812808,-0.24985335491548766,0.09056937423928332,-0.1715400940526016,-1.920017036221715e-05,-3.112115191655248e-05,0.05215324038646814,-0.1922819862332309,0.09048080966983765,-0.16901540028779768,-1.8770494914599997e-09,1.9293732475982626e-09,0.035198849853313584,-0.12673310586708453
70.15,0.037122049993010844,-0.14349206405307158,0.08836568995392355,-0.16602634902087574,-2.134610081623396e-09,-9.742066924083114e-10,0.06723226496038515,-0.24829074293194373,0.0910970516509609,-0.17343651296779194,-1.7076061405753722e-05,-3.968644102166091e-05,0.051200085195852695,-0.18891477135298163,0.09086279526391679,-0.1704279321391656,-1.8753153502288683e-09,1.9227430431130452e-09,0.03376170081161279,-0.12141960507568801
70.16,0.03589892272416869,-0.13739208261807803,0.08901660047118408,-0.16832510001533457,-2.139388882695543e-09,-9.614066390952865e-10,0.06670810448242422,-0.2466219202102564,0.0916073663909703,-0.175276871201751,-1.4953932118153324e-05,-4.814654085932091e-05,0.05022807284212833,-0.18547291567156698,0.09122772397836294,-0.17178375308701277,-1.873388790373256e-09,1.9154234796061063e-09,0.032312465536707566,-0.11607148824352428
70.17,0.034662178155900294,-0.13125721109403354,0.08965065511292228,-0.1705688903331264,-2.1442633416701093e-09,-9.482948424817237e-10,0.0661592982652236,-0.2448477619082167,0.09210013507193347,-0.1770607054643325,-1.2834641820747964e-05,-5.649598748290089e-05,0.049237548347950716,-0.18195801230714212,0.09157546087312524,-0.17308245288692412,-1.8712705591108238e-09,1.9074508988859543e-09,0.030851679183733726,-0.11069110771421668
70.18,0.03341242952279788,-0.12509235333864788,0.0902676301443804,-0.17275724913273396,-2.149232153988449e-09,-9.348745733463232e-10,0.06558602487961379,-0.24296919992417532,0.09257517996250444,-0.17878755992946196,-1.0719040849527107e-05,-6.472792045198524e-05,0.04822886402998811,-0.17837167930708994,0.0919058767254806,-0.17432359383953414,-1.8689614542611405e-09,1.898804051398299e-09,0.029379880115205148,-0.10528078581240805
70.19,0.032150292929402274,-0.11890236819580936,0.09086730737779675,-0.17488970237695367,-2.1542939747834628e-09,-9.211463154735648e-10,0.06498847333252443,-0.24098721950049526,0.0930323290332887,-0.18045697173679373,-8.607969736431227e-06,-7.283413035955112e-05,0.04720237933675617,-0.17471555919163867,0.09221884807228521,-0.17550676974460822,-1.8664623513817383e-09,1.8894901187221755e-09,0.027897609668908706,-0.09984281904560519
70.2,0.03087638686572416,-0.11269207027471564,0.09144947421961545,-0.17696577877351088,-2.159447434133316e-09,-9.071137694688327e-10,0.0643668429676942,-0.2389028629413584,0.09347141600284828,-0.18206848184555177,-6.502258450478249e-06,-8.081144478527363e-05,0.04615846068420467,-0.17099131216286842,0.0925142572515625,-0.1766315631417445,-1.863774179423892e-09,1.8795111858727306e-09,0.026405411928425805,-0.09437947878159629
70.21000000000001,0.029591331727002852,-0.10646623962014305,0.09201392371721454,-0.1789850204200702,-2.164691135679739e-09,-8.927838772060129e-10,0.06372134336071208,-0.23671723047564802,0.09389228038312297,-0.18362164866379627,-4.402725814931656e-06,-8.865525726036396e-05,0.0450974812895054,-0.16720061236931677,0.0927919924435086,-0.17769757332599023,-1.8608979486373172e-09,1.8688702320909376e-09,0.024903833496171448,-0.08889301142078378
70.22,0.02829574933736931,-0.10022961660174289,0.09256045460453169,-0.18094698205467394,-2.170023650543783e-09,-8.781610875735757e-10,0.06305219420847971,-0.23443147412629564,0.09429476752344461,-0.18511604601064843,-2.310178919459022e-06,-9.635987644397823e-05,0.044019821003216095,-0.16334515200514926,0.09305194771011237,-0.17870442489768026,-1.8578347315701445e-09,1.8575698092684708e-09,0.02339342326916113,-0.0833856314067898
70.23,0.026990262477891398,-0.09398688855460398,0.09308887134662037,-0.18285122443578775,-2.1754435226670297e-09,-8.632488707924298e-10,0.062359625213425245,-0.23204679574198006,0.09467872865320891,-0.18655125551501017,-2.2541248480671033e-07,-0.00010392070358744415,0.04292586613977981,-0.1594266390737536,0.0932940230326099,-0.17965176143335937,-1.854585670187001e-09,1.8456123090733988e-09,0.021874732217786883,-0.07785952251099804
70.24,0.025675494419970905,-0.08774268294602917,0.09359898418353628,-0.18469731245098384,-2.1809492621525014e-09,-8.480517957415963e-10,0.06164387596272001,-0.2295644457369337,0.09504402092365088,-0.1879268656216337,1.8507917437360491e-06,-0.00011133299168557796,0.04181600930646784,-0.1554467950328261,0.09351812434713005,-0.18053923864295615,-1.8511519621412761e-09,1.8330001174571214e-09,0.020348313167665437,-0.07231683801807125
70.25,0.024352068464861664,-0.08150156161582035,0.09409060917380926,-0.1864848141242891,-2.186539347730277e-09,-8.325734413676465e-10,0.0609051958026589,-0.2269857212254121,0.09539050744894699,-0.1892424708211148,3.917665583384647e-06,-0.00011859210342366742,0.040690649230968844,-0.15140735334655392,0.09372416359173298,-0.18136611160474286,-1.8475348851008357e-09,1.819534007488066e-09,0.018814720585793775,-0.06675965971257188
70.26,0.023020607490006305,-0.07526801171213982,0.09456356823770837,-0.18821329667993758,-2.1922122406122525e-09,-8.168167163010891e-10,0.06014384370836908,-0.22431196463713873,0.09571805734719217,-0.1904976557717928,5.9744547291691005e-06,-0.0001257020776493031,0.03955019058785624,-0.14731005563267094,0.09391205881859457,-0.1821301579395906,-1.8437357938173373e-09,1.8052034498053855e-09,0.01727451037635501,-0.06118989053417772
70.27,0.02168173350295619,-0.06904643892827775,0.09501768920472063,-0.18988219023987002,-2.197966361286641e-09,-8.007918493391483e-10,0.05936008814964722,-0.2215445412886575,0.09602654580644046,-0.1916912050933833,8.020417116948538e-06,-0.00013271621780990367,0.03839504382670617,-0.14315656884892464,0.09408173434833882,-0.18283041003595257,-1.8397561318613652e-09,1.790193253716859e-09,0.01572823968422231,-0.05560951594289009
70.28,0.020336067203617483,-0.06284115992325316,0.09545280587653668,-0.1914906425567589,-2.203800111399763e-09,-7.845036660266635e-10,0.05855420695457061,-0.21868482248005544,0.09631585418934514,-0.1928219392490813,1.0054822061883572e-05,-0.00013957823149328056,0.03722562500346402,-0.13894856893186086,0.09423312086495222,-0.18346676344964127,-1.8355974015470512e-09,1.774519671883041e-09,0.01417646669623601,-0.050020575515341746
70.29,0.018984227555247438,-0.05665640480283711,0.09586875809743582,-0.19303810134332197,-2.2097118662364093e-09,-7.679408975329901e-10,0.05772648717018437,-0.21573424972742059,0.09658587012895936,-0.19388941991833916,1.2076953160949268e-05,-0.0001462534888446087,0.03604235561000317,-0.1346878235785176,0.09436615545052957,-0.18403887914066877,-1.8312611865603078e-09,1.7581712232375223e-09,0.012619750440033536,-0.044425048489469765
70.3,0.01762683136387394,-0.05049632854015123,0.09626539181041938,-0.19452417704867192,-2.2156999713658387e-09,-7.511118602862113e-10,0.05687722491768546,-0.21269432601021748,0.09683648758455173,-0.19489329551471202,1.408611066058361e-05,-0.0001527600479960945,0.03484566239863487,-0.13037611162866722,0.09448078160964837,-0.18454657709898573,-1.8267491291874691e-09,1.741171379663826e-09,0.011058650585319886,-0.03882489632410536
70.31,0.01626449286581828,-0.044365002118907246,0.09664255910097322,-0.19594842875168264,-2.2217627385195988e-09,-7.340258386885933e-10,0.056006725242015595,-0.20956659181563375,0.09706760687861606,-0.1958332107416889,1.608161138625144e-05,-0.00015909673684318066,0.03363597720436296,-0.12601520825749715,0.09457694929899385,-0.18498940295383667,-1.8220629410964561e-09,1.7232868391508389e-09,0.009493727248882923,-0.03322202579341224
70.32000000000001,0.014897823323603338,-0.038266410196906714,0.09700011823880532,-0.19731045929756055,-2.2278984663222617e-09,-7.166893548181159e-10,0.055115301957338436,-0.2063526219793986,0.09727913473149631,-0.19670883818682203,1.8062788604224302e-05,-0.00016526144521388793,0.03241373676685173,-0.1216068958145679,0.0946546150542423,-0.18536408835599572,-1.8172044399206004e-09,1.704191154162359e-09,0.007925540812293363,-0.027618031914166494
70.33,0.013527430630469685,-0.03220445255734067,0.09733793371840832,-0.198609872566516,-2.23410541816265e-09,-6.991072957363512e-10,0.054203277489229894,-0.20305401916279706,0.09747098429446524,-0.1975198584835219,2.0028992490477405e-05,-0.0001712460324698387,0.03117938255194754,-0.11715296114143668,0.09471374222153033,-0.18566865429561466,-1.8121755290312917e-09,1.6843178856589772e-09,0.0063546517534948796,-0.022014594080713566
70.34,0.012153918924230732,-0.026182919198527922,0.09765587629859818,-0.1998462760951311,-2.240381843250551e-09,-6.812748582760792e-10,0.05327098271397962,-0.19967241298639685,0.09764307518812207,-0.19826574935352206,2.1979589510145666e-05,-0.00017708773811047043,0.02993336057320719,-0.11265517870766423,0.09475430111737122,-0.18590317808638743,-1.8069782126025484e-09,1.6638071608300923e-09,0.0047816204754713675,-0.016413551085917057
70.35000000000001,0.010777888212211751,-0.020205472933632323,0.09795382304231509,-0.2010192626300632,-2.2467259476071486e-09,-6.631919289850108e-10,0.05231875679531081,-0.19620945455948866,0.09779533360948323,-0.19894408239991015,2.3913959513932283e-05,-0.00018282893761318588,0.028676121220082833,-0.10811512509429538,0.09477626907957287,-0.18606715346263758,-1.801614555826886e-09,1.6421544024632975e-09,0.0032070071281008945,-0.010816652082305799
70.36,0.009399934007256007,-0.01427569387438058,0.09823165735636485,-0.20212844848050096,-2.25313592958848e-09,-6.448745038700573e-10,0.05134694701830354,-0.19266683230754691,0.0979276925055416,-0.19955345526184254,2.5831495436602653e-05,-0.0001883902652038454,0.027408119093244823,-0.10353447151707758,0.0947796306459592,-0.18615555117192165,-1.7960867625429079e-09,1.6188110757561974e-09,0.0016313714452748415,-0.005225191225629444
70.37,0.008020646973582906,-0.00839705914187322,0.09848926903025934,-0.2031734509794535,-2.2596099536895165e-09,-6.263259106269084e-10,0.050355908619977935,-0.1890462698746255,0.09804009169406573,-0.20009375344055763,2.7731607166444308e-05,-0.00019374839175413265,0.02612981283506418,-0.09891502028512948,0.09476437791040332,-0.1861652072815451,-1.790397165633323e-09,1.5944102801181986e-09,5.5272601894729094e-05,0.0003593953713629781
70.38,0.006640612582918521,-0.002572933292274922,0.09872655428490061,-0.20415355186065914,-2.2661461635113134e-09,-6.074770164375608e-10,0.04934600461787353,-0.1853494765003704,0.09813247790645734,-0.20056467073408446,2.961372374705433e-05,-0.00019892203168545017,0.024841664952264666,-0.09425855571787761,0.09473051078178465,-0.18609601328969402,-1.7845482118009764e-09,1.5693233546312841e-09,-0.0015207309350614027,0.005935414502189438
70.39,0.005260410781705516,0.003193430861307182,0.09894341586272232,-0.20506722615908693,-2.272742674134279e-09,-5.883383215593228e-10,0.048317605641196665,-0.18157807784865682,0.09820480488369156,-0.20096366359920645,3.147728748732511e-05,-0.00020408893740539756,0.02354414164407193,-0.08956662957156632,0.09467803705346096,-0.185947917649618,-1.7785424179112266e-09,1.5434945824098788e-09,-0.0030960815702958657,0.011501196002093116
70.4,0.003880615669812238,0.008898900468398353,0.09913976313866442,-0.20591377959037416,-2.27939757041768e-09,-5.689812273557689e-10,0.04727108976274988,-0.1777338163950203,0.098257033616385,-0.20128722121842563,3.3321748408299724e-05,-0.000209134445728541,0.022237712645542203,-0.08484068587189417,0.09460697239819213,-0.1857212376627365,-1.7723823754722655e-09,1.5170122173044515e-09,-0.004670222748108519,0.017055063371070517
70.41,0.0025017951911338572,0.014540461655871983,0.09931551219213904,-0.20669296901834067,-2.2861089112285716e-09,-5.494099890098847e-10,0.04620684232416359,-0.17381851877227644,0.09828913258929133,-0.20153466900664965,3.514656708895535e-05,-0.00021403740975410539,0.020922851071926613,-0.08008245518593048,0.09451734034773453,-0.1854161606112169,-1.7660707384087176e-09,1.4898591134421184e-09,-0.006242599119083451,0.02259537461492809
70.42,0.0011245108360130513,0.020115213941254213,0.09947058584505347,-0.2074043975856035,-2.2928747488134198e-09,-5.296298584464711e-10,0.045125255754690806,-0.16983401184259544,0.0983010780398048,-0.20170095984824746,3.6951209975997045e-05,-0.00021905834955233586,0.019600033264354833,-0.07529323417466666,0.09440917226781574,-0.1850329953419704,-1.7596102397141563e-09,1.4620603254866003e-09,-0.007812656704825012,0.028120498586023116
70.43,-0.00025068264480292477,0.025620371794726992,0.09960491371404788,-0.2080471652038425,-2.2996930814484346e-09,-5.093884942928557e-10,0.04402672938976224,-0.16578207620723895,0.0982928543741843,-0.20178111747812932,3.873514237560191e-05,-0.00022402228298977695,0.018269738651247442,-0.07047432029393398,0.09428250732935671,-0.18457206095792603,-1.7530036620266246e-09,1.4336270461379287e-09,-0.00937984306057224,0.0336288331593908
70.44,-0.0016232375143164393,0.031053277106256952,0.09971843234924248,-0.20861847255230984,-2.3065618889475796e-09,-4.887129350298105e-10,0.04291166929799181,-0.16166429217382203,0.09826445452691408,-0.20177469309712176,4.0497833726055284e-05,-0.0002288722663589777,0.016932449604456074,-0.06562745827931497,0.09413739247531279,-0.18403372432393703,-1.74625385904657e-09,1.4045808996566299e-09,-0.010943607435632729,0.039118793690358186
70.45,-0.0029926133109238117,0.036411398052297185,0.09981108542359048,-0.20911724155116496,-2.313479106277987e-09,-4.678409529606035e-10,0.04178048811270791,-0.15748244419812268,0.09821588007802928,-0.2016817907721357,4.2238762194330645e-05,-0.00023366269551518173,0.015588651271452862,-0.06075445160439611,0.09397388238378905,-0.18341838996033372,-1.739363742002828e-09,1.374936070607894e-09,-0.012503400931513402,0.044588822851892675
70.46000000000001,-0.004358277097106942,0.04169233712013005,0.09988282389486877,-0.2095417423355234,-2.32044261784585e-09,-4.460850325285066e-10,0.04063360485899279,-0.1532382634908076,0.09814714125254802,-0.20150255224662053,4.395741367597739e-05,-0.00023837543381404473,0.014238831395588226,-0.05585710990001463,0.09379203942672558,-0.18272651509790472,-1.7323362820272631e-09,1.3447104866600696e-09,-0.014058676657658179,0.050037385993240625
70.47,-0.005719703694819693,0.04689383065363913,0.09993360625316672,-0.2098874163337221,-2.3274502493715867e-09,-4.2374423451362883e-10,0.03947144478844716,-0.1489331843732525,0.09805825690592349,-0.20123715807406942,4.5653281183974086e-05,-0.00024302428780715246,0.012883480134770668,-0.0509372471313995,0.09359193362434061,-0.18195858603711762,-1.7251745092850345e-09,1.3139191109592581e-09,-0.015608889885004388,0.055462966128213755
70.48,-0.007076375907863615,0.052013735566415815,0.09996339894703533,-0.21014885955735005,-2.3344997265965786e-09,-3.9966253334078464e-10,0.03829443923142421,-0.14456858384527174,0.0979492545051226,-0.20088584431637463,4.73258645118032e-05,-0.00024760927718226535,0.011523089879585582,-0.045996684752936313,0.09337364259574758,-0.18111513282406366,-1.7178815107984627e-09,1.282577301517517e-09,-0.017153498197566855,0.06086406764162275
70.49,-0.008427784731780812,0.05705003423269092,0.09997217693930188,-0.21031963002379453,-2.3415886491745465e-09,-3.7473652035502307e-10,0.03710302546070978,-0.1401457494513611,0.09782017010469925,-0.20044889556989268,4.8974669678276614e-05,-0.00025213889668691705,0.010158155070791874,-0.041037249766814596,0.09313725150571026,-0.180196722033635,-1.7104604312154306e-09,1.2507017865267089e-09,-0.018691961642022904,0.06623921436215972
70.5,-0.009773429550930898,0.06200084590430157,0.09995992417644198,-0.21039828846362085,-2.3487145318790143e-09,-3.4985725584201986e-10,0.035897646544660836,-0.13566648970258732,0.09767104831796071,-0.19992664224747914,5.0599208488496325e-05,-0.0002566129168606589,0.008789172016327337,-0.036060771598447554,0.09288285300768617,-0.17920395406857176,-1.7029144550924436e-09,1.2183101816674428e-09,-0.02022374287533704,0.07158694903562007
70.51,-0.011112818322219888,0.06686442254877564,0.0999266337709699,-0.21038535395260047,-2.355874890938807e-09,-3.2473088741145383e-10,0.034678751169683136,-0.13113282952450805,0.09750194228351262,-0.19931946010244078,5.219899835380266e-05,-0.0002610310370751751,0.007416638708014896,-0.031069082343381085,0.09261054718346101,-0.17813746230211897,-1.6952468373578897e-09,1.185418586561382e-09,-0.021748307310529208,0.07690583221885403
70.52,-0.01244546774554344,0.07163914643984744,0.09987230800995055,-0.21028064425837692,-2.363067209462117e-09,-2.995242633363726e-10,0.0334467934435173,-0.12654673548909914,0.09731291362727389,-0.19862776978218877,5.377356228224653e-05,-0.00026539292538127555,0.006041054638005289,-0.026064017093033177,0.09232044147949496,-0.17699791224766456,-1.6874608629876428e-09,1.1520445145176735e-09,-0.023265123260679733,0.08219444124772665
70.53,-0.013770903421140686,0.07632353065870079,0.09979695834603257,-0.21008441228205071,-2.37028895704136e-09,-2.741732210047152e-10,0.03220223269532761,-0.12191023248504346,0.09710403242002379,-0.1978520358291829,5.532242886204809e-05,-0.0002696983953935495,0.004662920614955862,-0.021047413075261437,0.09201265064006822,-0.175786000584628,-1.679559877541648e-09,1.1182038306328523e-09,-0.024773662081243826,0.08745137000542488
70.54,-0.015088659993913078,0.08091621820027493,0.09970060538498748,-0.2097967768132526,-2.377537608922575e-09,-2.48729544684679e-10,0.03094553327410863,-0.1172253438240067,0.09687537713056653,-0.19699276580309028,5.684513223119865e-05,-0.0002739473158131188,0.0032827385799933336,-0.01602110931817551,0.09168729663732121,-0.17450245415781906,-1.6715472741054694e-09,1.08391543773108e-09,-0.026273398310726098,0.09267522835248632
70.55,-0.0163982812847627,0.08541598151570359,0.09958327886666483,-0.20941800608159783,-2.3848106094465026e-09,-2.231865498526332e-10,0.029677164345190337,-0.11249411963229601,0.09662703457460553,-0.19605050932888612,5.834121203367325e-05,-0.0002781396530341207,0.0019010114225096492,-0.010986946036152962,0.09134450859828755,-0.17314802901145218,-1.6634264786339656e-09,1.0491949734902168e-09,-0.027763809809755537,0.09786464175111594
70.56,-0.017699320409023195,0.08982172157357265,0.09944501764101796,-0.2089483748017915,-2.3921054122930215e-09,-1.9756675068388048e-10,0.028397599685107425,-0.10771862108159347,0.09635909985942005,-0.19502585717247792,5.981021336271317e-05,-0.0002822754468095831,0.0005182427958464825,-0.005946764144146167,0.09098442272901679,-0.17172350942801565,-1.6552009727461712e-09,1.0140611898601573e-09,-0.029244377898606542,0.10301825082525978
70.57000000000001,-0.018991339882069774,0.09413246690955825,0.0992858696384903,-0.20838823439427126,-2.399419444462842e-09,-1.718780121682883e-10,0.02710731747485655,-0.1029009266890306,0.09607167632443726,-0.19391944029722535,6.125168669212263e-05,-0.00028635481873566206,-0.0008650630670784083,-0.0009024046935224386,0.09060718223588282,-0.17022970698725762,-1.646874266305748e-09,9.785304964263455e-10,-0.030714587493206852,0.10813471098427466
70.58,-0.020273911712218144,0.09834737243486374,0.0991058918352435,-0.20773797654418655,-2.4067501396027486e-09,-1.4613533208302292e-10,0.025806800091691697,-0.09804312756748212,0.09576487547779354,-0.19273192892680827,6.266518779591647e-05,-0.0002903779636250415,-0.0022484015381501626,0.004144291666498267,0.0902129372441716,-0.16866745963736834,-1.6384499152222295e-09,9.42621700156603e-10,-0.0321739272396681,0.11321269204873613
70.59,-0.021546617481030785,0.1024657181268707,0.09890515021311962,-0.20699805003474367,-2.4140949282738425e-09,-1.2034987056885003e-10,0.02449653389954129,-0.09314732818731705,0.09543881692897865,-0.1914640316031837,6.405027765748725e-05,-0.0002943451486220938,-0.0036312677783830226,0.00919148525500808,0.08980184471404073,-0.16703763078191494,-1.6299315179056433e-09,9.063515998462087e-10,-0.03362188964737868,0.118250877909386
70.60000000000001,-0.022809048411170593,0.10648690754782807,0.09868371971452965,-0.20616895089525034,-2.421451222766201e-09,-9.45348436837304e-11,0.02317700903816891,-0.08821564436791844,0.09509362831765666,-0.1901164942456325,6.54065223688943e-05,-0.0002982567075728631,-0.005013156922140072,0.014237337926562843,0.08937406835394235,-0.16534110838016436,-1.6213226959228267e-09,8.697388377553008e-10,-0.035057971220689446,0.12324796620480608
70.61,-0.024060805421953876,0.11041046622725345,0.09844168419231561,-0.20525122585485525,-2.428816443603553e-09,-6.87019182848767e-11,0.021848719211179164,-0.08325020264063238,0.09472944523875747,-0.18869009920761054,6.6733493021261e-05,-0.00030211303685104236,-0.006393564261186172,0.019280013653050546,0.0889297785315986,-0.1635788040612882,-1.612627114538119e-09,8.328003204852843e-10,-0.036481672589226834,0.12820266802530061
70.62,-0.025301499172768777,0.1142360398987875,0.09817913635470946,-0.20424546911378494,-2.436188011928767e-09,-4.2863630222341505e-11,0.020512161472984368,-0.07825313891228743,0.0943464111639333,-0.1871856643322046,6.803076558739486e-05,-0.00030591458952290305,-0.00777198542851882,0.02431767911329395,0.08846915218261839,-0.16175165225161717,-1.603848470938938e-09,7.955549076963796e-10,-0.03789249863685946,0.13311370763976793
70.63,-0.02653075009454243,0.11796339260485392,0.09789617770547722,-0.2031523224329409,-2.4435633428283615e-09,-1.7032138260742565e-11,0.019167836014838513,-0.07322659746549937,0.09394467735947404,-0.18560404200471806,6.929792079758477e-05,-0.0003096618694169777,-0.009147916581913515,0.02934850429394029,0.08799237271684252,-0.1598606093148713,-1.5949904859491156e-09,7.580198616162908e-10,-0.03928995862934857,0.13797982224729752
70.64,-0.027748188409447802,0.12159240467146828,0.09759291847935615,-0.20197247354588196,-2.45093984977121e-09,8.780408105310975e-12,0.017816245950055175,-0.06817272977813331,0.09352440280077656,-0.1839461182018642,7.05345440099123e-05,-0.00031335542434716594,-0.010520854587127934,0.03437066309942188,0.08749962992250249,-0.15790665270503523,-1.5860569063354764e-09,7.202130708142059e-10,-0.04067356634070227,0.1427997617528888
70.65,-0.028953454139062286,0.1251230705609564,0.09726947757288475,-0.20070665539434313,-2.458314959423821e-09,3.4562324640825175e-11,0.01645789709851876,-0.06309369342179418,0.09308575408346238,-0.18221281153676874,7.174022507580725e-05,-0.00031699583892057665,-0.011890297200699328,0.039382333971912854,0.0869911198682782,-0.15589078013189456,-1.577051528433305e-09,6.821532780377572e-10,-0.04204284017825934,0.14757228856749965
70.66,-0.030146197101190937,0.12855549660758459,0.0969259824707318,-0.19935564493828012,-2.4656860927708372e-09,6.030094307126069e-11,0.01509329777060334,-0.05799165091014035,0.09262890533123962,-0.18040507229933314,7.291455820295416e-05,-0.00032058372679894887,-0.01325574325227445,0.04438170052007516,0.08646704480333706,-0.1538140087392748,-1.5679781415560436e-09,6.438571040771354e-10,-0.04339730330652043,0.15229617743250404
70.67,-0.03132607689634387,0.1318898742143791,0.09656256915502977,-0.19792067034228134,-2.473050685897223e-09,8.561294000917963e-11,0.013722958547328563,-0.052868875053367896,0.0921540381001412,-0.1785238965065225,7.40571418440296e-05,-0.00032411881801520297,-0.014616692826567482,0.049366947055171397,0.08592761305494605,-0.15167739020481816,-1.5588405805778806e-09,6.053368287048876e-10,-0.04473648376955499,0.15697022135264924
70.68,-0.03249276288810875,0.13512638649089126,0.09617938196603033,-0.19640378674295778,-2.4804062112993738e-09,1.1049144560205785e-10,0.012347392049358523,-0.047727820665221854,0.09166134127520746,-0.17657043144489862,7.516757883748929e-05,-0.0003275941253643244,-0.015972647445935944,0.054336233261814935,0.08537303892101834,-0.1494820725796257,-1.5496426842871975e-09,5.66734977689962e-10,-0.04605991461093568,0.1615932562084608
70.69,-0.033645934198794226,0.13826468118371724,0.09577657342335799,-0.19480671387136733,-2.487750192535863e-09,1.3498942633769225e-10,0.010967112700474478,-0.042570760020112425,0.09115101091143404,-0.17454735880972444,7.624547756020308e-05,-0.0003309812190516877,-0.017323110261369765,0.05928748524643028,0.08480354253201117,-0.14723002059569332,-1.5403882939817231e-09,5.287432306785231e-10,-0.04736713399266316,0.16616407018079787
70.7,-0.03478527972060136,0.14130476179730048,0.0953543040630048,-0.19313066877253696,-2.495080176499069e-09,1.593287598893303e-10,0.00958263649917205,-0.037399877421254224,0.09062325000992816,-0.17245690761767904,7.729045355108154e-05,-0.00033427513838628543,-0.018667586251823236,0.06421874854624894,0.08421934964095014,-0.14492415931519845,-1.531081207079723e-09,4.91084167397074e-10,-0.04865768532568442,0.17068112504552613
70.71000000000001,-0.035910498099976915,0.14424727328115702,0.09491274229480545,-0.19137722383050604,-2.50239373958383e-09,1.832415398052668e-10,0.00819448079486304,-0.0322174652528906,0.09007826832117583,-0.17030017062900746,7.830213014621775e-05,-0.000337479269429764,-0.020005582416566147,0.06912825318100557,0.08362069139091136,-0.14256608490862252,-1.5217251799016568e-09,4.532719035418424e-10,-0.04993111740948563,0.17514314159244715
70.72,-0.03702129768089464,0.14709294227867675,0.09445206424781377,-0.1895480964639556,-2.5096884937046003e-09,2.0689117827885426e-10,0.006803164060525568,-0.027025814680382374,0.08951628221117498,-0.1680783113213032,7.928013845328821e-05,-0.0003405900939073937,-0.021336607956334817,0.07401421983714723,0.08300780414723191,-0.14015680786351314,-1.512324003432987e-09,4.1540511522645695e-10,-0.05118698455926071,0.17954903725472854
70.73,-0.03811739643612015,0.1498423477719098,0.09397245361228916,-0.18764465426726348,-2.5169620733343376e-09,2.3029257401653052e-10,0.005409205667027901,-0.021827096155068046,0.08893751452482798,-0.16579319589932975,8.022411786224805e-05,-0.00034359245437866847,-0.022660174453994344,0.0788747817825017,0.0823809293705854,-0.13769780214081154,-1.5028814361828664e-09,3.7780805491537403e-10,-0.0524248467190552,0.18389770285330653
70.74,-0.039198521903144504,0.15249610201993788,0.09347410149799112,-0.1856682032482673,-2.524212142040356e-09,2.5348007376281704e-10,0.004013125663390988,-0.016623481605533754,0.08834219439892545,-0.1634471540603765,8.11337170508081e-05,-0.0003464783322571795,-0.023975796060488174,0.08370804669498394,0.08174031344787767,-0.1351915415729594,-1.4934012245956932e-09,3.406948650144663e-10,-0.05364426957912489,0.18818780940390242
70.75,-0.040264411108243296,0.1550552435448965,0.09295720630622717,-0.18361992614435654,-2.5314363876293925e-09,2.7658231267423024e-10,0.0026154445599267237,-0.011417124422595116,0.08773055706791548,-0.1610415577834038,8.200859455628305e-05,-0.0003492500464607121,-0.02528298967913517,0.08851227238141612,0.08108620748269281,-0.13263991410093298,-1.4838870812294805e-09,3.036094344628185e-10,-0.0548448247022264,0.19241810750710367
70.76,-0.041314810463180376,0.15752099765778024,0.09242197361138822,-0.18150093479720494,-2.5386325013089508e-09,2.99533256851103e-10,0.001216683113362082,-0.006210142490449687,0.08710284371607932,-0.1585775110186921,8.284841879582749e-05,-0.00035190685471620615,-0.026581275141643324,0.09328576057296296,0.0804188671203677,-0.13004398313487642,-1.474342706366474e-09,2.6643338567249687e-10,-0.05602608964450707,0.19658753597316653
70.77,-0.04234947564233646,0.15989465718707768,0.0918686160466169,-0.17931239928112866,-2.5457981949461422e-09,3.223557453010952e-10,-0.00018263788598478836,-0.0010046565654160046,0.08645930135771077,-0.15605625203249307,8.365286801043231e-05,-0.0003544489374043844,-0.02787017537890623,0.09802681536066965,0.07973855242225651,-0.1274049124612506,-1.4647718164990796e-09,2.2924391349506098e-10,-0.05718764806588504,0.2006950214769493
70.78,-0.04336817145023609,0.1621776020325232,0.09129735317924395,-0.17705577320685045,-2.552931189928103e-09,3.4480819232013127e-10,-0.0015819978273057982,0.004197185085590697,0.08580018271719027,-0.1534789789892152,8.442163026462343e-05,-0.00035687535386988195,-0.029149216590221294,0.10273375975931351,0.07904552775249805,-0.12472382779515005,-1.4551781135301037e-09,1.920375818150733e-10,-0.0583290898362472,0.20473952484322572
70.79,-0.04437067168271572,0.1643712385411852,0.09070841136312036,-0.1747327676638039,-2.560029249589494e-09,3.6701414344255024e-10,-0.002980876494314569,0.009393217785357963,0.08512574610596549,-0.15084696834427838,8.515440351418023e-05,-0.0003591844038869738,-0.030417928411439,0.1074049193824173,0.0783400616625174,-0.12200192487175998,-1.4455653153931274e-09,1.5485316746769108e-10,-0.05945001113913631,0.20872004109663694
70.8,-0.04535675898256193,0.16647705675407867,0.09010202358354011,-0.17234474019330515,-2.5670901694260345e-09,3.890200465285263e-10,-0.004378754279362065,0.014581349226888366,0.0844362552936314,-0.14816158800763396,8.585089583002949e-05,-0.0003613714778404023,-0.03167584408201422,0.11203863917215431,0.07762242677050198,-0.119240474509495,-1.4359371267206999e-09,1.1791108348296935e-10,-0.06055001457361792,0.21263554715575786
70.81,-0.0463262246913047,0.1684965230287891,0.08947842931479423,-0.1698930398187282,-2.5741117371101045e-09,4.1080987159094386e-10,-0.0057751123937664,0.019759504333075655,0.08373197935188297,-0.14542488823456762,8.651082590368493e-05,-0.0003634282284657924,-0.03292250061293445,0.11663320268354545,0.07689289960950624,-0.11644159895130456,-1.4262972170115831e-09,8.13523456680846e-11,-0.06162870926035419,0.21648489064065962
70.82000000000001,-0.047278868694660796,0.1704312960041821,0.08883787438557116,-0.16737900111771678,-2.581091789503902e-09,4.324396337858909e-10,-0.007169433075205304,0.024925629584259954,0.0830131924766827,-0.14263847464842883,8.713392358786184e-05,-0.00036535332459230725,-0.03415743895521306,0.1211869602502324,0.07615176044761313,-0.11360691545627648,-1.4166492446298062e-09,4.487170373513372e-11,-0.0626857109514604,0.2202670154566443
70.83,-0.04821449925422447,0.17228319090633065,0.0881806108475202,-0.16480388458683298,-2.5880281665954463e-09,4.5389002030473655e-10,-0.0085611997928016,0.030077700397019177,0.08228017383174627,-0.13980353672461812,8.77199301190922e-05,-0.00036714720844734214,-0.0353802041639866,0.12569833664432795,0.07539929313366364,-0.11073747585398398,-1.4069968472898809e-09,8.398897330502246e-12,-0.06372064213516201,0.2239809624393065
70.84,-0.049132932826497035,0.17405406432427908,0.08750689684631859,-0.16216899715635488,-2.5949187340715855e-09,4.751598177897258e-10,-0.009949897449906788,0.03521370598449846,0.08153320741825425,-0.13692136447170208,8.826859817090772e-05,-0.0003688087628349817,-0.03659034555732673,0.13016576575292763,0.07463578497783131,-0.10783443080854214,-1.3973436719026652e-09,-2.801640212016362e-11,-0.06473313213369289,0.2276257741286608
70.85000000000001,-0.050033993874622415,0.17574584677771826,0.08681699649195118,-0.1594756442042789,-2.6017613710811276e-09,4.962382634580811e-10,-0.01133501258495376,0.04033165703389159,0.08077258194915654,-0.13399320443840554,8.877969193481657e-05,-0.0003703376203421664,-0.03778741687231582,0.13458770756513214,0.07386152664020654,-0.10489887512592003,-1.3876933425916445e-09,-6.43838658090334e-11,-0.06572281719849009,0.23120051549978776
70.86,-0.050917514674210004,0.17736051928910995,0.08611117972748603,-0.1567251524195697,-2.6085539762778423e-09,5.171191709138431e-10,-0.01271603357037821,0.04542958326751779,0.07999859072276234,-0.13102033137051938,8.925298721679191e-05,-0.0003717330220674565,-0.03897097641907431,0.1389626404327982,0.0730768120195107,-0.10193192547205125,-1.3780494861399813e-09,-1.0068316023974261e-10,-0.06668934060386718,0.23470426356533694
70.87,-0.051783335113611884,0.1789001179824125,0.08538972219655458,-0.15391885718910464,-2.615294478224686e-09,5.377933312955158e-10,-0.014092450809496363,0.05050553602247749,0.07921153149604322,-0.12800401187286098,8.968827154201211e-05,-0.000372994402076887,-0.04014058723264516,0.1432890656804759,0.07228193814235293,-0.09893468164125344,-1.3684157350110084e-09,-1.3690908975136765e-10,-0.06763235273910934,0.23813611258085532
70.88,-0.05263130248920467,0.18036672416766025,0.08465290510953942,-0.1510581080345714,-2.621980806765347e-09,5.582503704631854e-10,-0.015463756931258265,0.0555575883231376,0.07841170635747423,-0.12494552236382403,9.008534427058565e-05,-0.00037412110350553123,-0.041295817222711646,0.14756550593526144,0.07147720505279533,-0.0959082463930112,-1.3587956898122252e-09,-1.7304570742988152e-10,-0.06855151119901053,0.24149517167970422
70.89,-0.05346127129669469,0.18176244401785,0.08390101510810295,-0.14814427987457152,-2.628610940945465e-09,5.7847569145996e-10,-0.016829446982732334,0.06058383775207393,0.07759942159908888,-0.12184615410643909,9.044401672828276e-05,-0.00037511233230162424,-0.042436239321207304,0.15179050298762276,0.07066291570175029,-0.09285373390877158,-1.3491929679525586e-09,-2.0907138617556667e-10,-0.0694464808725059,0.24478057655128277
70.9,-0.054273103019129965,0.1830894253065095,0.0831343441279291,-0.14517875566546873,-2.6351828590139485e-09,5.984665366745758e-10,-0.018189018619214438,0.0655824051579701,0.07677498758755189,-0.11870720005438125,9.076411235427974e-05,-0.00037596733830658294,-0.043561431627834386,0.15596262189965543,0.06983937583591507,-0.08977225314819459,-1.3396111549456271e-09,-2.4498725682102036e-10,-0.0703169340292616,0.24799147658138965
70.91,-0.055066665910948456,0.18434986538370293,0.0823531892606947,-0.14216291403119086,-2.641694568332115e-09,6.182179565763353e-10,-0.0195419722919816,0.07055143429914372,0.07593871863520099,-0.11552994183544127,9.10454668531104e-05,-0.000376685588404708,-0.044670977553223974,0.16008045437330218,0.06900689388738515,-0.08666489205494454,-1.3300538293023801e-09,-2.8078832539948703e-10,-0.07116255040485481,0.25112702751402644
70.92,-0.055841834778006715,0.18554598978202966,0.08155785261583848,-0.13909814178931787,-2.6481441134671997e-09,6.377204078442489e-10,-0.02088781143367026,0.0754890940576058,0.07509093287155531,-0.11231566287339709,9.128792834353808e-05,-0.0003772665947932049,-0.045764465959571406,0.16414261583667378,0.06816578086404589,-0.08353275029989801,-1.3205245705680712e-09,-3.164042350145525e-10,-0.07198301728495587,0.254186398341478
70.93,-0.05659849075527596,0.18668002673166373,0.08074864118121203,-0.13598585148040018,-2.65452955643771e-09,6.569452883802902e-10,-0.022226042641242838,0.08039357623319805,0.07423195211433536,-0.10906566667021257,9.149135751729753e-05,-0.00037770966228150513,-0.04684149129874436,0.16814774811530597,0.06731635022528423,-0.08037739782443924,-1.3110269256690295e-09,-3.516329326816589e-10,-0.07277802958989822,0.25716872000128776
70.94,-0.05733652108385671,0.18775420765356707,0.07992586667837512,-0.13282758263184438,-2.6608489849815823e-09,6.758146458326452e-10,-0.023556175857063048,0.0852630809465937,0.07336210173890909,-0.10578127433936259,9.16556278150682e-05,-0.00037801415159656275,-0.04790165374768144,0.17209452288872099,0.06645891773788318,-0.07720028668722895,-1.3015644102524965e-09,-3.866536121067224e-10,-0.07354728995989546,0.26007315469948433
70.95,-0.05805581888673736,0.18877080120970513,0.07908984540717776,-0.12962500210104783,-2.6671005277347445e-09,6.94361606457811e-10,-0.02487772454861727,0.09009582403547578,0.07248171054139715,-0.10246397129923811,9.178062579087026e-05,-0.00037817368960569323,-0.048944559341852725,0.17598160942672075,0.0655938013403488,-0.07400248333627234,-1.2921405214049728e-09,-4.2154821323610245e-10,-0.07429050883754397,0.26289892687667527
70.96000000000001,-0.058756282942500446,0.18973208477422202,0.07824089808714539,-0.1263795951720835,-2.6732823379076613e-09,7.126322498592475e-10,-0.026190205885522472,0.09489007833457547,0.07159111058805966,-0.09911541320016154,9.18662516050592e-05,-0.00037818718696608377,-0.04996982010813628,0.1798076802804872,0.06472132102850865,-0.07078505743174417,-1.2827587382443433e-09,-4.5626526239719945e-10,-0.07500740454608969,0.26564527831540097
70.97,-0.05943781745750144,0.19064035126933035,0.07737934970789755,-0.12309276331961345,-2.679392605924142e-09,7.306173746989042e-10,-0.027493140912192675,0.09964415551007391,0.07069063706238524,-0.09573695251839622,9.191241931999947e-05,-0.000378055459200724,-0.050977054195641185,0.18357147053839945,0.06384179874918094,-0.06754905875184494,-1.2734225286538062e-09,-4.908210331317431e-10,-0.07569770336511712,0.2683114663538083
70.98,-0.060100331836869324,0.1914979052939568,0.07650552938659415,-0.11976593047781625,-2.685429543557645e-09,7.483138366919225e-10,-0.028786054716684998,0.10435639175318395,0.06978062812722373,-0.09232983039857207,9.191905705406354e-05,-0.00037777778027234374,-0.051965886002204316,0.18727175313736996,0.06295555829527005,-0.06429552058117416,-1.2641353403568696e-09,-5.251959753406258e-10,-0.07636113960466945,0.2708967626079088
70.99,-0.06074374045625311,0.19230700254413874,0.07561977022624079,-0.11640051033334646,-2.691391397849475e-09,7.657147064235848e-10,-0.030068476595390418,0.10902519347961125,0.06886142479709606,-0.08889533031818113,9.188610715331032e-05,-0.0003773543760194873,-0.052935946298351806,0.19090728210018676,0.06206292520215011,-0.061025473564422554,-1.254900604680036e-09,-5.593868153890651e-10,-0.07699745567618657,0.27340050874721245
71.0,-0.061367962441031466,0.19306973147441994,0.07472240917345871,-0.11299793582429056,-2.6972764402957083e-09,7.828142549451224e-10,-0.03133994020821434,0.11364914674267813,0.06793337081165468,-0.08543470194261138,9.181352638308551e-05,-0.00037678456991925975,-0.05388687235533944,0.19447668496463552,0.06116422664437305,-0.05773995260349963,-1.245721737799718e-09,-5.933824441949172e-10,-0.07760640215271465,0.2758222724811165
71.01,-0.061972921458548526,0.19378806080585692,0.07381378687544146,-0.10955964191722486,-2.7030829744042693e-09,7.996083681229644e-10,-0.032599983719443004,0.1182269687342492,0.06699681250984463,-0.08194919917616063,9.170128615261935e-05,-0.00037606773279487003,-0.05481830808220907,0.19797851115803797,0.06025979133224218,-0.05443999184988278,-1.2366021297825001e-09,-6.271756448728852e-10,-0.07818773781176538,0.27816177700923367
71.02,-0.06255854552149719,0.19446390004287956,0.07289424753640032,-0.1060870644838576,-2.7088093455245816e-09,8.160912063581715e-10,-0.03384814992638839,0.12275744744619642,0.06605209870486803,-0.07844006470913577,9.15493727656521e-05,-0.0003752031386945704,-0.055729904169617,0.20141129628729176,0.059349949408555716,-0.051126618447179244,-1.227545161406626e-09,-6.607573935371164e-10,-0.07874122966382885,0.280418816624868
71.03,-0.06312476679820282,0.19509910996362895,0.07196413877404652,-0.10258163540116894,-2.7144539104289127e-09,8.322584448658695e-10,-0.03508398638018118,0.12723942772590197,0.06509958055967069,-0.07490853949857554,9.135778767865281e-05,-0.0003741902107234026,-0.05662131823585888,0.20477357647395475,0.05843503234596596,-0.04780085127909004,-1.218554179473208e-09,-6.941197623829952e-10,-0.07926665297273475,0.28259323625283406
71.04,-0.06367152142822588,0.1956954983819818,0.07102381147636028,-0.09904478297597002,-2.7200150703287233e-09,8.481065018405109e-10,-0.03630704550058303,0.131671811504988,0.06413961146292756,-0.07135585826415589,9.112654775830515e-05,-0.0003730284380704359,-0.05749221497309846,0.20806388892851962,0.057515372845149265,-0.04446370067564747,-1.2096325178250288e-09,-7.272546755790103e-10,-0.07976379127053479,0.28468493150181734
71.05,-0.06419874934146663,0.19625487903105548,0.07007361965888896,-0.09547792657568081,-2.725491249799679e-09,8.636305630373449e-10,-0.03751688468694255,0.13605349756097285,0.0631725469054082,-0.06778325447483885,9.085568553008136e-05,-0.00037171760177291533,-0.05834226629155555,0.21128083455885016,0.05659130473394728,-0.041116164464968866,-1.2007834839543111e-09,-7.601537415049182e-10,-0.08023243636991968,0.28669376407317776
71.06,-0.06470639408078586,0.19677897966027957,0.06911392032267484,-0.09188248169825078,-2.730880930081263e-09,8.788268310202325e-10,-0.03871306642567142,0.1403834655073722,0.062198744356729126,-0.06419195505137328,9.054524941628889e-05,-0.00037025752566115716,-0.05917115146121654,0.2144229916210958,0.05566316286750886,-0.03775923352582401,-1.1920103726515884e-09,-7.928088790223899e-10,-0.08067238837474078,0.2886196785553995
71.07000000000001,-0.06519440262931231,0.1972695133458272,0.06814507331282424,-0.0882598549145792,-2.7361825901020324e-09,8.93692164075954e-10,-0.0398951583935183,0.14466070344535667,0.06121856314251879,-0.060583184812719335,9.019530396351411e-05,-0.00036864827774746284,-0.0599785572517749,0.21748899084198894,0.05473128302937072,-0.034393887455843854,-1.1833164390878668e-09,-8.252128809139013e-10,-0.08108345568766079,0.29046260136436897
71.08,-0.06566272523917764,0.19772822873977217,0.06716744117795592,-0.08461144103277343,-2.741394765845738e-09,9.082206525327381e-10,-0.041062733560165425,0.1488841556662646,0.060232364321823786,-0.056958168325895356,8.980593005024679e-05,-0.000366890302907536,-0.06076417806712138,0.2204775698185855,0.05379600183364613,-0.031021092446648576,-1.1747049209562436e-09,-8.573556638837839e-10,-0.08146545501986785,0.29222236773207283
71.09,-0.06611131526504203,0.19815667512388355,0.06618138903028306,-0.08093863880448147,-2.74651601761796e-09,9.22409127363741e-10,-0.04221537028739736,0.15305294180871312,0.059240510564754226,-0.05331812416343901,8.93772250813615e-05,-0.00036498383112235766,-0.06152771607721354,0.22338734619259815,0.05285765662824795,-0.027641809857362972,-1.1661790338068835e-09,-8.892281343572607e-10,-0.08181821140082766,0.2938989688692604
71.10000000000001,-0.0665401290048512,0.19855646673373908,0.06518728440616078,-0.07724283311186657,-2.75154495162327e-09,9.362558518327315e-10,-0.04335265242287907,0.15716610319980018,0.05824336603035388,-0.04966427340128562,8.890930318116927e-05,-0.00036292935137572686,-0.06226888134933039,0.22621708089026504,0.05191658540194881,-0.024256893043448333,-1.1577419639303923e-09,-9.208266668884114e-10,-0.08214155820605387,0.29549162057309797
71.11,-0.06694912554547439,0.19892908637946882,0.06418549712752171,-0.07352539970896543,-2.7564801906679047e-09,9.497551591865568e-10,-0.044474169390924426,0.1612227914041552,0.05724129624481224,-0.045997825888804245,8.840229538479206e-05,-0.0003607271968375254,-0.06298739197617856,0.22896548409970346,0.050973126699979145,-0.02086709462029625,-1.1493968671438263e-09,-9.521416042719663e-10,-0.08243533723820073,0.2969989515428337
71.12,-0.0673382666186818,0.1992758535813099,0.06317639916420585,-0.06978770885168321,-2.7613204086479825e-09,9.629063906608586e-10,-0.0455795162752151,0.16522229221868234,0.056234667980413926,-0.04231998398093361,8.785634983799091e-05,-0.0003583775634367828,-0.06368297420600975,0.23163118999257715,0.050027619547779296,-0.01747313328568074,-1.141146878882115e-09,-9.831688849057882e-10,-0.08269939886026002,0.2984193377321393
71.13,-0.06770751646580211,0.199598154813147,0.06216036449722132,-0.06603111529687684,-2.7660642946331343e-09,9.757040061362976e-10,-0.04666829389617189,0.16916377915730665,0.05522384913494621,-0.038631954403551653,8.727163199162209e-05,-0.0003558811278168285,-0.06435536257193179,0.23421301258266444,0.0490804033785131,-0.014075724611213229,-1.1329950907388941e-09,-1.0138979396336298e-09,-0.08293360216295254,0.29975082719902
71.14,-0.06805684170770285,0.19989720429750754,0.061137768983173246,-0.06225696427734602,-2.7707106035850823e-09,9.881461920487317e-10,-0.047740108890470125,0.17304644966085816,0.05420920861112243,-0.03493494122228147,8.664832475703686e-05,-0.0003532387724779583,-0.06500430001243418,0.2367098112102071,0.048131817961043113,-0.010675595935376272,-1.1249445936957652e-09,-1.0443237651515423e-09,-0.08313781515692054,0.3009913505597696
71.15,-0.0683862112272294,0.20017404798640326,0.06010899021978296,-0.05846659088410476,-2.775258090658686e-09,1.0002279178762992e-09,-0.048794573791369186,0.17686950806818177,0.05319111619609876,-0.031230147007836835,8.598662861646933e-05,-0.00035045154988692104,-0.06562953798414858,0.23912050895034218,0.04718220332733955,-0.007273476157046455,-1.1169984167917818e-09,-1.0744351402838374e-09,-0.08331191498497642,0.30213858612521527
71.16,-0.06869559606455314,0.20042969547323009,0.05907440741254797,-0.054661315589693386,-2.779705573286869e-09,1.0119483685629046e-09,-0.04983130711254971,0.18063201833139284,0.05216994244099212,-0.027518778457200875,8.528676170857256e-05,-0.0003475207842060159,-0.0662308365638706,0.24144424572387943,0.04623189969816421,-0.003870140075578999,-1.109159578205855e-09,-1.1042199659670648e-09,-0.0834557881480568,0.3031902466595136
71.17,-0.0689849693231966,0.2006649787509098,0.05803440124265049,-0.05084244833745355,-2.7840518981013114e-09,1.0233030349192752e-09,-0.05084993343998305,0.18433300407485692,0.05114605854027124,-0.02380204083076556,8.454895991707935e-05,-0.00034444778059388,-0.06680796453502531,0.24368027751363075,0.04528124740594065,-0.0004663792135162681,-1.101431060626582e-09,-1.1336763807346067e-09,-0.08356933074278168,0.30414377503377077
71.18,-0.06925430608895625,0.20088062150257543,0.056989353735910325,-0.04701129144541883,-2.7882959393092505e-09,1.0342899696070636e-09,-0.051850083527257965,0.18797153096408625,0.05011983621128691,-0.020081134617084787,8.377347696760922e-05,-0.00034123402094740304,-0.06736069946347399,0.24582788106490747,0.04433058681125739,0.0029368647223612307,-1.093815805082982e-09,-1.1627198223595545e-09,-0.08365244871831083,0.3049963983573866
71.19,-0.0695035833579488,0.20107734100746033,0.05593964813271264,-0.04316913467024039,-2.792436618651079e-09,1.0449074718287526e-09,-0.05283139439324435,0.19154654715047675,0.049091647574060135,-0.016357260605492523,8.296058451441031e-05,-0.0003378814229282768,-0.06788882776416379,0.2478865221886019,0.04338025820841373,0.006338546000008041,-1.0863167199283081e-09,-1.1913848376971347e-09,-0.08370505813525049,0.3057457949613887
71.2,-0.06973277997118299,0.2012557248274475,0.05488566875897807,-0.0393172589883687,-2.796472890809097e-09,1.0551510036429031e-09,-0.05379350942424411,0.19505701627738137,0.048061865031338975,-0.012631613547048436,8.211057219389819e-05,-0.0003343921678572894,-0.06839214475644188,0.2498557180173036,0.04243060172737792,0.00973776513368258,-1.0789366798475141e-09,-1.2197072112488828e-09,-0.08372708541740777,0.30638929078712523
71.21000000000001,-0.06994187655828,0.20141627770677722,0.05382780089793459,-0.035456941583462694,-2.800403745288098e-09,1.0650183157357585e-09,-0.05473607847603844,0.19850195557820993,0.047030861149039545,-0.008905385313057571,8.12237476542185e-05,-0.00033076837486270533,-0.06887045471291123,0.2517349916118199,0.041481957241500465,0.013133641630326256,-1.0716785175927454e-09,-1.247646226243496e-09,-0.08371846762631145,0.3069237490702814
71.22,-0.07013085548641715,0.20155955257016578,0.052766430662687255,-0.031589445533946194,-2.8042282079416984e-09,1.0745083484492803e-09,-0.055658757976864516,0.20188025647642333,0.04599900853708337,-0.005179763505559371,8.030043659262355e-05,-0.0003270120170294427,-0.06932357090098347,0.25352405997684274,0.040534664276447786,0.01652521052131789,-1.0645450243974745e-09,-1.2751927751813654e-09,-0.0836791527308688,0.30734715648302424
71.23,-0.07029970081290739,0.2016859622576488,0.05170194486991419,-0.027716022501708678,-2.8079453553034757e-09,1.083620098859624e-09,-0.05656121103450811,0.20519084384645606,0.04496667973088407,-0.0014559234710704693,7.934098278729009e-05,-0.0003231254318807481,-0.06975131561374914,0.2552226719874506,0.03958906191488857,0.019911492139546027,-1.0575389726971337e-09,-1.3023530814366982e-09,-0.08360909985854723,0.30765659678592694
71.24,-0.07044839824393108,0.20179591526897792,0.05063473091463757,-0.02383791668024851,-2.81155428393013e-09,1.0923513081791034e-09,-0.05744310754508926,0.20843261443209585,0.04393424707368299,0.002264964496117026,7.834574807727642e-05,-0.0003191114264875085,-0.07015352019267133,0.25683066625694684,0.03864548869786072,0.02329147676671025,-1.0506630778101202e-09,-1.3291001758964451e-09,-0.08350827957198965,0.30784905507880683
71.25,-0.07057693509641066,0.2018898163789574,0.049565176645846115,-0.019956364024300437,-2.815054138563966e-09,1.1007000145583307e-09,-0.05830412430566627,0.2116043645985827,0.04290208259989374,0.0059817467405221085,7.731511230248516e-05,-0.00031497292283450354,-0.0705300250429786,0.25834795392812515,0.03770428252315119,0.026664115345214318,-1.0439200134677548e-09,-1.35541691137333e-09,-0.08337667414407,0.30792230251808805
71.26,-0.07068530026465535,0.20196792584193865,0.04849367024284427,-0.01607259497416382,-2.8184440989149724e-09,1.1086638793768268e-09,-0.059143945131021655,0.21470493369623178,0.04187055792090255,0.009693319206163084,7.624947323950064e-05,-0.0003107127365854527,-0.07088067965323075,0.2597741373716797,0.03676578053990199,0.030028318641312404,-1.0373124251147994e-09,-1.3813014578678866e-09,-0.08321427781062961,0.3078736386971099
71.27,-0.07077348419973409,0.20203032637308305,0.047420600092268055,-0.012187832577884954,-2.821723378740693e-09,1.1162412748548507e-09,-0.05996226097232771,0.21773309549303646,0.040840044114760596,0.01339861382720551,7.51492465143239e-05,-0.00030633386268780893,-0.07120534263331875,0.26110866919842873,0.0358303190393243,0.03338296067378618,-1.0308428975270265e-09,-1.4067330424932486e-09,-0.08302109703422826,0.3077002576758331
71.28,-0.07084147890130803,0.2020770745139451,0.04634635466574989,-0.008303294317157128,-2.8248912425778413e-09,1.123429737354868e-09,-0.06075877003815969,0.2206876249878182,0.03981091161867189,0.017096563662507263,7.401486546355477e-05,-0.00030183946253049674,-0.07150388176500073,0.26235103307423047,0.034898233342244324,0.0367268972022985,-1.0245139877905576e-09,-1.4316963572881558e-09,-0.08279715076642367,0.30739987170406213
71.29,-0.07088927791749378,0.20210812315012353,0.045271322398167654,-0.004420192497764965,-2.8279469801915756e-09,1.1302270351541154e-09,-0.06153317791644312,0.22356730673817402,0.0387835301226134,0.020786113514726656,7.284678111951372e-05,-0.00029722840615030124,-0.07177617405878056,0.2635005532897953,0.03396985768389246,0.04005894730232906,-1.0183281950770482e-09,-1.4561808899115618e-09,-0.08254247068722208,0.30697017098124757
71.3,-0.07091687635358623,0.2021233214542706,0.04419589156637439,-0.0005397358004547079,-2.83088992772833e-09,1.1366295399956954e-09,-0.062285197695378096,0.2263709423596773,0.03775826846061119,0.024466112606380184,7.164546245907383e-05,-0.0002924980164401097,-0.07202210581753596,0.2645565704599185,0.03304552509538097,0.04337789307174768,-1.0122879734468125e-09,-1.4801704216089332e-09,-0.08225710143685244,0.30640879803569376
71.31,-0.07092427088869842,0.2021224951050635,0.043120450168394775,0.003336872972266591,-2.833719465894287e-09,1.1426371434186808e-09,-0.06301455008267542,0.22909735464827136,0.036735494498733395,0.028135449075540844,7.041139634646414e-05,-0.0002876593022147372,-0.07224157270045105,0.2655184911938942,0.03212556728250524,0.046682512372236765,-1.0063957354638249e-09,-1.503651267090958e-09,-0.08194110083654944,0.3057138418409347
71.32000000000001,-0.07091145980023293,0.20210532057081593,0.04204538580315584,0.007208436488257898,-2.836434995371648e-09,1.1482476748826168e-09,-0.06372096352486788,0.23174531917324068,0.035715575025817944,0.0317930984462758,6.914508695760441e-05,-0.00028271824813857707,-0.07243447978764964,0.26638558325877065,0.031210314502808114,0.04997155710145854,-1.0006538252773334e-09,-1.5266116102853505e-09,-0.08159454008790624,0.3048834019046024
71.33,-0.07087844299781786,0.2020714218797566,0.04097108555070233,0.011073760474171022,-2.839035967222849e-09,1.1534589135244941e-09,-0.06440417432774637,0.23431363687489695,0.034698875648889856,0.035438023331076866,6.784705532596785e-05,-0.00027767642659731826,-0.07260074164946038,0.26715714437658095,0.030300095440999146,0.053243770026226406,-9.950645476446428e-10,-1.5490368673355815e-09,-0.08121750395532218,0.30391582271963397
71.34,-0.07082522206204407,0.2020204471302209,0.03989793585284605,0.014931656203718578,-2.8415218819452447e-09,1.1582686680855306e-09,-0.06506392677373238,0.23680119756400309,0.033685760689289815,0.03906917399544952,6.65178390986338e-05,-0.0002725382412102211,-0.0727402824131694,0.26783259461374487,0.02939523708354513,0.056497898159035824,-9.89630157375048e-10,-1.570914483838909e-09,-0.08081009092386483,0.3028098466237677
71.35000000000001,-0.07075180028657015,0.201951930521528,0.038826322394319206,0.018780940319486114,-2.843892265331202e-09,1.1626756205458324e-09,-0.06569997323622986,0.239206830455345,0.032676593077873684,0.042685498487079164,6.515799223754778e-05,-0.00026730696673390824,-0.07285303582275356,0.2684113665500294,0.028496064593958422,0.05973271001941646,-9.843528427798619e-10,-1.5922334847369937e-09,-0.0803724133228199,0.3015645343144173
71.36,-0.07065818272807521,0.2018653188420397,0.03775662998436836,0.02262043146119216,-2.846146688859808e-09,1.1666772408270698e-09,-0.0663120742970357,0.2415293058304447,0.03167173425004794,0.04628595086458202,6.376808467963427e-05,-0.0002619866429113309,-0.07293894530106539,0.26889271496534695,0.027602901190947923,0.06294702960897118,-9.792347520109995e-10,-1.6129826622540988e-09,-0.07990459740840554,0.3001795056417121
71.37,-0.07054437626395535,0.201760020466349,0.03668924243861259,0.026448950088981515,-2.848284765309353e-09,1.1702716936507236e-09,-0.06689999886394198,0.2437675209034813,0.030671544040591518,0.04986946993921238,6.23487019581699e-05,-0.00025658162071580875,-0.07299796401834625,0.2692759660546295,0.026716068030326674,0.0661396999726162,-9.742779595332905e-10,-1.6331521308420058e-09,-0.0794067834016504,0.298654734863343
71.38,-0.07041038965505872,0.20163539758175478,0.035624542461149745,0.03026532037555288,-2.850306144185098e-09,1.1734567947971593e-09,-0.06746352427868299,0.2459205203857686,0.029676380577294124,0.053434976596614225,6.090044475922382e-05,-0.0002510965813497638,-0.07303005495315606,0.269560691303282,0.025835884088918803,0.06930956281127247,-9.694844900705209e-10,-1.6527323623902365e-09,-0.07887912549222566,0.2969903744587042
71.39,-0.07025623361491455,0.20149069986920892,0.03456291152703856,0.03406837143029109,-2.8522105178113015e-09,1.1762324057993921e-09,-0.06800243641555255,0.24798733418727614,0.028686600173279054,0.05698138741175178,5.942392845197719e-05,-0.0002455354940394899,-0.07303519094301876,0.2697463572241018,0.024962666048881914,0.07245546311519983,-9.64856313796805e-10,-1.6717137326705444e-09,-0.0783217918246342,0.29518663671752504
71.4,-0.07008192089165902,0.2013249747092416,0.033504729764714435,0.03785691981475992,-2.853997617103189e-09,1.1785973927414012e-09,-0.06851652977871527,0.2499669638290257,0.027702557218655728,0.06050761547530704,5.7919782603075944e-05,-0.00023990306716915058,-0.0730133547551284,0.2698317914467124,0.024096728182160864,0.07557624561560168,-9.603953308648432e-10,-1.6900872581588487e-09,-0.07773496447727699,0.29324375496346666
71.41,-0.06988746635997246,0.20113734000156172,0.03245037583707971,0.04162975592351636,-2.8556672201085186e-09,1.1805532229841416e-09,-0.06900560759462723,0.25185862430629474,0.02672460407153242,0.0640125613825639,5.6388650434477264e-05,-0.00023420439961532592,-0.0729645391718534,0.2698164315904031,0.02323838223515208,0.07867076006085896,-9.561033918031551e-10,-1.707844363838668e-09,-0.07711883943088126,0.2911622353951385
71.42,-0.06967288711304905,0.2009269283230022,0.031400226822470054,0.04538571590807972,-2.857219127891169e-09,1.1820968416660196e-09,-0.06946948189179825,0.25366161741418747,0.025753090948066694,0.06749511664704254,5.483118824621681e-05,-0.00022844389656799332,-0.07288874704727868,0.26970008667715006,0.02238793731383775,0.08173786345156982,-9.519822692212815e-10,-1.724976765982916e-09,-0.07647362651828704,0.2889427381973127
71.43,-0.06943820255970597,0.20069263614257943,0.030354658098083066,0.04912365909747739,-2.858653213742877e-09,1.1832291179725028e-09,-0.0699079735749303,0.25537515172870734,0.02478836581102795,0.07095414696264547,5.324806485418419e-05,-0.0002226256174886107,-0.07278599136368237,0.26948158335737477,0.021545699769488492,0.0847764162878509,-9.480336995678521e-10,-1.7414762846517265e-09,-0.07579954936235282,0.28658588755375586
71.44,-0.06918343453260292,0.20043336723948071,0.029314043225400065,0.05284244290468312,-2.8599693521183576e-09,1.183948083585795e-09,-0.07032091249626321,0.2569986200829774,0.023830774256747088,0.074388512799813,5.1639961001639666e-05,-0.00021675465260052,-0.07265629532094901,0.2691600152965936,0.020711973084909817,0.08778528633806508,-9.442593213861254e-10,-1.7573355219221501e-09,-0.07509684530536247,0.2840925422269008
71.45,-0.06890860739832705,0.20014810295661078,0.028278753836303006,0.05654093538171378,-2.861167500326975e-09,1.1842554171267793e-09,-0.07070813751505413,0.25853156467492244,0.02288065940135865,0.07779707648578861,5.00075687142265e-05,-0.00021083576273864442,-0.07249969241842286,0.26873492283687694,0.019887057761444605,0.09076335188589706,-9.406607499066427e-10,-1.7725473195969284e-09,-0.07436576532086588,0.28146377788399984
71.46000000000001,-0.06861374816359793,0.19983582017569418,0.02724915951981456,0.06021800883415455,-2.8622476201192776e-09,1.1841491613122485e-09,-0.0710694965445816,0.2599735751166525,0.021938361766231214,0.0811786743009121,4.8351590651081774e-05,-0.00020487299478545056,-0.0723162265203274,0.26820549336928623,0.019071251206907065,0.09370949983127308,-9.372394972467488e-10,-1.787105570947952e-09,-0.07360657390657564,0.27870078692140376
71.47,-0.06829888658236756,0.19949542254026903,0.02622562771009941,0.06387256271089102,-2.8632097358861543e-09,1.1836319934903363e-09,-0.07140484659580996,0.26132417789486545,0.021004219161159146,0.08453211038827983,4.667273947245511e-05,-0.00019887039600791285,-0.07210595194009069,0.26757058081568935,0.018264847624464214,0.09662262714601777,-9.33997031160397e-10,-1.801003555549302e-09,-0.07281954896165463,0.2758049420074482
71.48,-0.067964055268051,0.19912576574369995,0.025208523576628575,0.0675035202765008,-2.8640538987021907e-09,1.1827012049501208e-09,-0.07171405382424169,0.26258286692189137,0.020078566565500177,0.0878561903483806,4.497173719220836e-05,-0.0001928322742356112,-0.07186893354171354,0.266829246635963,0.017468137902624276,0.09950164493982895,-9.3093474267154e-10,-1.814235499639609e-09,-0.0720049816465108,0.27277781948420293
71.49,-0.0676092898098211,0.19872569551446348,0.024198209916547864,0.07110982062615279,-2.86478021096161e-09,1.1813589947186336e-09,-0.07199699358259026,0.26374904024423323,0.019161736008729537,0.09114971902616183,4.324931451438882e-05,-0.00018676249329365556,-0.0716052468312391,0.26598075455504455,0.016681409506589716,0.10234547938118342,-9.280539680556876e-10,-1.826796537670907e-09,-0.07116317622573383,0.2696211008428839
71.5,-0.0672346288917864,0.19829400886829238,0.023195047048529188,0.0746904102356641,-2.865388812582039e-09,1.1796029016842074e-09,-0.07225355048311523,0.26482195720526824,0.01825405645022353,0.09441147647222607,4.150621018956241e-05,-0.00018066435355119673,-0.07131497803720248,0.2650242691690916,0.015904946371080537,0.10515307105393659,-9.253559682659805e-10,-1.838681273830361e-09,-0.07029444990103387,0.26633649301512924
71.51,-0.06684011441881996,0.19782936971826873,0.02219939270770342,0.07824424858782596,-2.865879895459115e-09,1.1774354161487175e-09,-0.07248361846882,0.265800873485377,0.017355853657429,0.09764023051684985,3.9743170382655056e-05,-0.00017454147803541383,-0.07099822419299583,0.26395892233383766,0.015139028794725203,0.10792337856624024,-9.228419422672177e-10,-1.8498854895228043e-09,-0.06939913263534404,0.26292588143686335
71.52,-0.06642579165228805,0.19733036333999818,0.02121160194154401,0.08177030033233545,-2.8662536641454676e-09,1.1748536730444353e-09,-0.07268710088302037,0.2666851922963741,0.016467450083335708,0.1008347617396697,3.7960948020915475e-05,-0.0001683975395765599,-0.07065509321679557,0.2627840410146081,0.01438393333626275,0.11065538106973195,-9.205130083895365e-10,-1.8604051121020356e-09,-0.06847756696122351,0.25939135842057853
71.53,-0.0659917093492687,0.1967956707617918,0.02023202700611224,0.08526752515875181,-2.866510394685951e-09,1.1718604918635887e-09,-0.07286391053752367,0.26747412840334234,0.01558916474407313,0.10399384209512826,3.616030214254317e-05,-0.00016223550445871056,-0.07028570397784137,0.2614991033509508,0.013639932712597775,0.11334807327780658,-9.183702315340888e-10,-1.870236504167289e-09,-0.0675301077776196,0.2557349484345506
71.54,-0.06553791990110629,0.19622388935396243,0.019261017262516517,0.08873489422282162,-2.8666503815465737e-09,1.1684526116265327e-09,-0.0730139697909236,0.2681667760532669,0.014721313096578528,0.10711625141265,3.434199727059516e-05,-0.0001560582866398864,-0.06989018634867417,0.2601036759630789,0.012907295698689931,0.11600047125314336,-9.164145936535307e-10,-1.8793763874637596e-09,-0.06655712214078291,0.25195884167355775
71.55,-0.0650644794789123,0.19561346169550733,0.018298919074003075,0.09217138390606873,-2.8666739764550086e-09,1.1646324581929772e-09,-0.07313721062996625,0.26876244362759577,0.01386420691694676,0.11020078446301958,3.250680278907993e-05,-0.0001498689052671689,-0.06946868124767756,0.25859740157311856,0.012186287029620773,0.11861161743936033,-9.146470194182749e-10,-1.887822155959234e-09,-0.06555898904018811,0.24806549258556373
71.56,-0.06457144818392235,0.19496297176502767,0.0173460757032005,0.09557595977310455,-2.8665815588448193e-09,1.1603998678395381e-09,-0.07323357474250615,0.2692604466525748,0.013018154180928313,0.11324627660978936,3.065549231811996e-05,-0.00014366999468755728,-0.06902134066364965,0.2569803270629719,0.011477167304973751,0.1211805733045225,-9.130683507411435e-10,-1.8955714214870904e-09,-0.06453609915852113,0.24405734316445452
71.57000000000001,-0.06405889019233296,0.19427105264455838,0.016402827208916282,0.0989475867709517,-2.866373560474954e-09,1.1557540504666936e-09,-0.07330301358655916,0.269660078895927,0.012183458949169931,0.11625164230172141,2.8788843106849827e-05,-0.00013746396186480658,-0.06854832764404972,0.2552529811301701,0.010780192895426508,0.12370642464634779,-9.11679377342651e-10,-1.902623396318801e-09,-0.06348885462212216,0.23993699564520396
71.58,-0.0635268738983741,0.19353622275010127,0.015469510342844692,0.10228523480810865,-2.8660504506174736e-09,1.1506945608685497e-09,-0.07334548846470683,0.2699604910725563,0.011360421258246574,0.11921583105681063,2.6907635446193665e-05,-0.00013125298630142838,-0.06804981624847327,0.25341598995459996,0.010095615851813549,0.1261882861868616,-9.104808056031466e-10,-1.9089749830402152e-09,-0.06241766873698652,0.23570727189160956
71.59,-0.06297547206187834,0.19275700411585195,0.014546458446299306,0.10558786699164903,-2.865612735250027e-09,1.14522432858215e-09,-0.07336097060350569,0.2701609147958487,0.010549337015412844,0.12213780612946001,2.50126520978566e-05,-0.00012503904391778368,-0.06752599148536606,0.2514700587150461,0.009423683816842195,0.12862529673943882,-9.094732732985023e-10,-1.9146279557396324e-09,-0.06132296570953249,0.23137103356227937
71.60000000000001,-0.06240476195661284,0.1919319589042706,0.013634001346543606,0.10885444105416865,-2.8650609635209887e-09,1.1393430957290323e-09,-0.07334944122366678,0.27026084298643765,0.009750497895333748,0.12501655045644597,2.310467773824528e-05,-0.0001188239270317536,-0.06697704923901678,0.24941601917317321,0.00876463993930413,0.13101661889164165,-9.086573467325981e-10,-1.919579605474666e-09,-0.060205180360768426,0.22693115208965148
71.61,-0.06181482551921438,0.1910595603851249,0.012732465252348744,0.11208390256652911,-2.8643957247202037e-09,1.1330487970421001e-09,-0.0733108916069577,0.27025940517816205,0.008964191238485733,0.12785106078408762,2.118449842328965e-05,-0.00011260903749954856,-0.06640319618908054,0.24725469223227484,0.008118722790852862,0.133361444925873,-9.080335272161717e-10,-1.923831767312773e-09,-0.05906475783509727,0.22239063181754212
71.62,-0.061205749503459216,0.19013822271233563,0.011842172648298399,0.11527517936924496,-2.8636176548102295e-09,1.1263429411499028e-09,-0.07324532318896887,0.270155307250099,0.008190699951097061,0.13064034903357455,1.9252901082996302e-05,-0.00010639541788183082,-0.06580464972758594,0.2449869170771284,0.00748616628561457,0.1356589961854275,-9.076022430251073e-10,-1.9273835301193057e-09,-0.05790215329914588,0.21775258153300375
71.63,-0.06057762563593263,0.1891664632430982,0.010963442188617748,0.11842722000293959,-2.862727425295189e-09,1.1192318449931507e-09,-0.07315274765330758,0.2699481195532339,0.007430302406821207,0.13338345015112804,1.7310673038166515e-05,-0.00010018415165609677,-0.06518163786991586,0.24261370606623808,0.006867199602513244,0.13790851646448402,-9.073638557122147e-10,-1.9302372178838745e-09,-0.0567178316345672,0.21302005342228048
71.64,-0.05993055076961395,0.18814273659031236,0.010096588590533426,0.12153893598547813,-2.8617257500970995e-09,1.111708740859133e-09,-0.07303318700612131,0.2696369379536927,0.006683272350363485,0.1360794158183991,1.5358601533670057e-05,-9.397591670271103e-05,-0.06453439915667783,0.24013607833296202,0.006262047110207027,0.14010927966432382,-9.073186474569152e-10,-1.932392791920544e-09,-0.055512267128311935,0.2081962055667867
71.65,-0.05926462703893161,0.18706548101070822,0.009241922525041309,0.12460920080079894,-2.860613375452727e-09,1.10377845086664e-09,-0.07288667367502949,0.2692202736992621,0.0059498788029328,0.13872731534482174,1.339747329993435e-05,-8.777108470119905e-05,-0.06386318255037066,0.23755510020495096,0.005670928294818333,0.14226058769250854,-9.074668360872906e-10,-1.9338527946626956e-09,-0.05428594315696743,0.20328425533604544
71.66,-0.05857996201339026,0.1859332443176044,0.008399750505912535,0.12763691539745475,-2.8593911163940695e-09,1.0954444590581925e-09,-0.07271325062473363,0.2686973369476767,0.005230385969661967,0.14132624292775647,1.1428074134909462e-05,-8.157016309494066e-05,-0.06316824732441383,0.23487200597458782,0.005094057690317524,0.1443617643783886,-9.078085768746073e-10,-1.9346183889045963e-09,-0.05303935186806303,0.19828735596542485
71.67,-0.05787666884364887,0.18474465078848443,0.00757037477801214,0.13062093882444428,-2.8580597836956753e-09,1.0867057493565713e-09,-0.07251297146128129,0.26806696172725314,0.004525053149296882,0.14387531518896338,9.451188486082998e-06,-7.537371911361564e-05,-0.06244986293897758,0.2320881588951694,0.004531644811223413,0.14641215567599833,-9.083439337105676e-10,-1.934692840875367e-09,-0.05177299386437943,0.19320862833636707
71.68,-0.05715486640049311,0.18349835915901283,0.0067540932024465865,0.13356007683304388,-2.8566202668626063e-09,1.0775642191128787e-09,-0.0722859005549629,0.26732753316391694,0.00383413464615995,0.1463736706601985,7.467599031989761e-06,-6.918229129413222e-05,-0.06170830890453627,0.22920500648098427,0.003983894087591721,0.1484111323046007,-9.090729284321e-10,-1.9340765844434774e-09,-0.05048737789087161,0.1880512017239962
71.69,-0.0564146794093127,0.18219306635827817,0.005951199138961301,0.13645315817781384,-2.855073483996144e-09,1.0680240636739976e-09,-0.07203211317931082,0.2664778740034289,0.003157879684393488,0.1488204723725489,5.478086267020164e-06,-6.299646478080804e-05,-0.06094387463607095,0.22622408213039846,0.0034510048024488744,0.15035809049015206,-9.099954948341061e-10,-1.932774418279246e-09,-0.04918302052168532,0.18281820997689602
71.7,-0.05565623858185907,0.18082747101418878,0.0051619813275298985,0.1392989827331619,-2.853420375510634e-09,1.0580865994173232e-09,-0.07175169563972539,0.265516730496865,0.0024965323245569266,0.15121490643423774,3.48342809300107e-06,-5.6816717110884725e-05,-0.06015685929996212,0.2231469650379623,0.0029331710318304884,0.15225245425446157,-9.111115011274689e-10,-1.930787847255539e-09,-0.047860445845586415,0.17751282594267076
71.71000000000001,-0.05487968074707182,0.17940027153405302,0.004386723768077604,0.1420963213915183,-2.8516619501213836e-09,1.0477548802667596e-09,-0.07144474540000445,0.26444275940733897,0.0018503313825638142,0.15355618221581496,1.4843994248601037e-06,-5.064341049336696e-05,-0.05934757165570182,0.21997527435427666,0.002430581587564638,0.154093675816588,-9.124207457790657e-10,-1.928120566960568e-09,-0.04652018514814842,0.17213826242718142
71.72,-0.054085148980563665,0.17791020580940134,0.00362570559885512,0.14484396619193846,-2.8497992473554022e-09,1.0370335765754995e-09,-0.07111137120501541,0.26325493493650315,0.001219510351012179,0.15584353469078044,-5.182281896498142e-07,-4.4476932777528834e-05,-0.05851632989242896,0.2167107040147265,0.0019434199627889049,0.15588123313331034,-9.13922978575967e-10,-1.9247761846934447e-09,-0.04516277659118226,0.16669773296811627
71.73,-0.053272792731485066,0.17635603041169964,0.00287920097501931,0.14754070059022284,-2.84783332591433e-09,1.0259251858203313e-09,-0.07075169318752461,0.26195229423969385,0.0006042973230071102,0.1580762237917178,-2.523686940030535e-06,-3.831761288437673e-05,-0.057663461459441866,0.21335499819129478,0.0014718642801303313,0.15761463128192055,-9.156178428205855e-10,-1.920758499195427e-09,-0.04378876489073407,0.16119447101970485
71.74,-0.052442767946172975,0.17473654761559806,0.002147478948399746,0.15018534667082226,-2.8457653061452273e-09,1.0144362277264468e-09,-0.07036584295528972,0.2605342103703324,4.914918537367035e-06,0.16025353594498598,-4.531213112490394e-06,-3.216582262922719e-05,-0.05678930289052864,0.2099099734327124,0.0010160872425065011,0.15929340048495144,-9.175049478485297e-10,-1.916071103001527e-09,-0.04239870099430346,0.1556317032128101
71.75,-0.051595237186699644,0.17305063662111844,0.0014308033522990422,0.15277683331001593,-2.843596340180387e-09,1.002570002448333e-09,-0.06995396364002128,0.25900071443364375,-0.0005784197864766519,0.16237478583666923,-6.540047446248068e-06,-2.602210173208893e-05,-0.055894199620707095,0.20637754455745214,0.0005762560863934052,0.16091709338457,-9.195838236168736e-10,-1.9107186207344895e-09,-0.04099314175916373,0.15001261894219114
71.76,-0.05073036974184176,0.17129726652204233,0.0007294326968612228,0.15531423619683513,-2.84132761323739e-09,9.903333895569505e-10,-0.06951620988347984,0.2573526068033462,-0.0011454953283181293,0.16443931732034295,-8.549435494582301e-06,-1.988721201567409e-05,-0.05497850579341398,0.20275973260268315,0.00015253253733821785,0.16248528349026495,-9.218539285873693e-10,-1.904704852715608e-09,-0.03957264963420702,0.14434035759635896
71.77,-0.04984834173050085,0.16947545459821,4.362007570726992e-05,0.15779669283467773,-2.8389603517705983e-09,9.77731032652714e-10,-0.06905274776412755,0.2555909623047235,-0.0016961059207594997,0.16644650190034097,-1.0558627990207666e-05,-1.3761960949806296e-05,-0.054042584058619905,0.19905862000432378,-0.00025492723231940303,0.16399756823583808,-9.243146642711217e-10,-1.8980349417494667e-09,-0.038137792345343154,0.1386180476120245
71.78,-0.04894933619998844,0.1675842465030459,-0.0006263869209281311,0.16022335850862007,-2.8364958155910966e-09,9.647698265283625e-10,-0.06856375469420185,0.2537168829560255,-0.002230051517580404,0.16839573793148552,-1.256688120386511e-05,-7.647115016452174e-06,-0.05308680536465164,0.19527632720982924,-0.0006459726433496956,0.1654535705228464,-9.269653554530901e-10,-1.890712932299326e-09,-0.03668914258221793,0.13284882445690444
71.79,-0.04803354322072297,0.16562272478396015,-0.001280346289997111,0.16259341978269087,-2.833935310122274e-09,9.514543781015776e-10,-0.0680494193070233,0.2517315683590255,-0.0027471378723730494,0.1702864510902519,-1.4573457289240478e-05,-1.543429293352729e-06,-0.05211154874563424,0.1914150167404157,-0.0010204587470458591,0.16685293793407485,-9.298052773046246e-10,-1.8827442535240783e-09,-0.03522727768487006,0.12703582163022206
71.8,-0.047101159977339324,0.16359000783118305,-0.001918021696763967,0.16490608851162883,-2.8312801598266714e-09,9.37792708004011e-10,-0.06750994133709415,0.24963627845528158,-0.003247176595631181,0.17211809425815042,-1.657762461374544e-05,4.548344749685148e-06,-0.051117201104979186,0.1874768878858712,-0.0013782462601591905,0.1681953426605794,-9.328336211643741e-10,-1.874134278423179e-09,-0.033752779330409106,0.12118217086212722
71.81,-0.04615239085595079,0.1614852545502363,-0.002539182553197618,0.16716060467890956,-2.828531734399213e-09,9.237896367369183e-10,-0.06694553149292569,0.24743235010907846,-0.0037299852091460823,0.17389014665569882,-1.857865808202993e-05,1.062723695786317e-05,-0.05010415699512953,0.18346417574629345,-0.0017192015973986397,0.1694804807367685,-9.360495243094313e-10,-1.864888406792613e-09,-0.03226623322001054,0.11529099798569005
71.82000000000001,-0.04518744752736471,0.15930766411489058,-0.0031436040936049653,0.16935623653393356,-2.8256914432521083e-09,9.0945308780047e-10,-0.06635641132284248,0.24512118633250635,-0.004195387197708439,0.17560211533868916,-2.0575839453290685e-05,1.6692377263221834e-05,-0.049072818393791025,0.17937914873541622,-0.002043196901933418,0.17070805910382805,-9.39452066546395e-10,-1.8550270115817582e-09,-0.030768228766458593,0.10936542191402558
71.83,-0.044206549026072,0.15705647916425483,-0.0037310674474258193,0.1714922811265687,-2.8227607156261847e-09,8.947909550391152e-10,-0.0657428130738808,0.2427042591372305,-0.004643212058082614,0.17725353445141256,-2.2568457634687823e-05,2.274319589288249e-05,-0.048023594476852276,0.17522410660465865,-0.002350110075765259,0.17187775633313673,-9.43040252051076e-10,-1.8445581106195363e-09,-0.029259358782335456,0.1034085557322877
71.84,-0.04320992182481689,0.15473098718615863,-0.004301359709154489,0.17356806452154597,-2.8197410249037955e-09,8.798092137163048e-10,-0.0651049795439677,0.24018310580990873,-0.005073295345259701,0.1788439652563816,-2.455580894018472e-05,2.8779220649703105e-05,-0.04695690138822471,0.17100137772427704,-0.002639824809369272,0.17298931320390934,-9.46813029861863e-10,-1.8334709912446642e-09,-0.027740219169172475,0.09742349536977339
71.85000000000001,-0.04219779990460378,0.152330520902638,-0.004854274005312298,0.17558294353608378,-2.8166338728177652e-09,8.645147632070382e-10,-0.06444316392753559,0.23755932797474316,-0.005485478715958396,0.18037299757795042,-2.653719732959941e-05,3.479978957814478e-05,-0.04587316200683026,0.1667133173695422,-0.0029122306072148435,0.17404252272412915,-9.50769296262976e-10,-1.821770640380185e-09,-0.026211408608169465,0.09141331735157192
71.86,-0.041170424820009606,0.1498544611498591,-0.005389609558406374,0.17753630495410605,-2.813440779910656e-09,8.489150208464877e-10,-0.06375762965476924,0.23483458919116634,-0.005879609969338705,0.18184024859820525,-2.8511934642080603e-05,4.0804169648449115e-05,-0.0447728057109495,0.1623623051908715,-0.003167222809068191,0.17503719130986622,-9.549078635171897e-10,-1.8094632953477384e-09,-0.024673528252772723,0.08538108029299321
71.87,-0.04012804575958658,0.14730223892585964,-0.005907171747876353,0.17942756559835857,-2.8101633228658823e-09,8.330173194098244e-10,-0.06304865022466784,0.2320106133522663,-0.00625554308497483,0.18324536237316616,-3.047934082033881e-05,4.679164901432908e-05,-0.043656268140166654,0.15795074283354785,-0.003404702608815602,0.17597315093954694,-9.59227510808662e-10,-1.7965551497514684e-09,-0.02312718142319096,0.07932982129944319
71.88,-0.03907091960115401,0.1446733369665083,-0.006406772168034347,0.18125617256631077,-2.8068030937801837e-09,8.168295212383836e-10,-0.062316509032120326,0.22908918248860305,-0.006613138258137683,0.18458800973422626,-3.243874412066412e-05,5.276148735639488e-05,-0.04252399095514425,0.153481051679174,-0.003624577071186737,0.1768502522676027,-9.637269385129526e-10,-1.7830526158868873e-09,-0.021572973303053532,0.07326255423139014
71.89,-0.03799931096180632,0.14196729146946913,-0.006888228682981979,0.18302160332377654,-2.8033617046166065e-09,8.003592592074378e-10,-0.061561499189192,0.22607213476791121,-0.006952261932411972,0.1858678879563301,-3.43894813081417e-05,5.871293496897152e-05,-0.04137642159546142,0.1489556705338366,-0.003826759146396865,0.1776683672420265,-9.684047854194747e-10,-1.768962188711666e-09,-0.02001151063844346,0.0671822671428419
71.9,-0.036913492242475185,0.13918369367040564,-0.007351365478492545,0.18472336579482057,-2.7998408106609287e-09,7.836147945651818e-10,-0.06078392334083561,0.2229613623070378,-0.0072727868296744835,0.1870847204839196,-3.6330897837628225e-05,6.464521749425193e-05,-0.040214013035740306,0.14437705334883566,-0.00401116768278198,0.17842738694141982,-9.732596428794238e-10,-1.7542897269411243e-09,-0.018443401439532593,0.06109192024990706
71.91,-0.035813743666887526,0.13632219142110136,-0.00779601311085178,0.18636099837648976,-2.7962420964932184e-09,7.666036141364481e-10,-0.059984093475238455,0.21975880899345332,-0.007574591977464964,0.18823825656956833,-3.8262348020754665e-05,7.055753794051948e-05,-0.03903722354029295,0.13974766693691948,-0.004177727437475261,0.17912722177892637,-9.782900449574745e-10,-1.7390426442749643e-09,-0.016869254685033433,0.05499444375265213
71.92,-0.034700353314762344,0.1333824907324691,-0.008222008552656446,0.18793406988526953,-2.792567256851612e-09,7.493337444976145e-10,-0.05916233072902859,0.2164664682130684,-0.007857562733785252,0.18932827087210133,-4.0183195179254165e-05,7.64490705386799e-05,-0.037846516416513626,0.13506998871564138,-0.0043263690851889445,0.1797678004892568,-9.834944522535926e-10,-1.7232266453029188e-09,-0.015289680029678796,0.048892735840198126
71.93,-0.03357361714906991,0.13036435817138478,-0.008629195235597258,0.18944217877434477,-2.7888180302131177e-09,7.318136241079364e-10,-0.05831896518757287,0.2130863802973681,-0.008121590809387479,0.19035456235797746,-4.2092811785195756e-05,8.231895010133239e-05,-0.03664235976723753,0.13034650463388317,-0.004457029225187207,0.18034906884478272,-9.888712846329719e-10,-1.7068490361395121e-09,-0.013705287514938264,0.042789660484827116
71.94,-0.03243383903709789,0.12726762429962818,-0.009017423090316432,0.19088495149286838,-2.7849961685879244e-09,7.140504103868158e-10,-0.05745433568062602,0.20962062963507658,-0.008366574287672127,0.19131695240900837,-4.3990579590570013e-05,8.816621527266323e-05,-0.035425226242271866,0.12557970730056092,-0.004569650386646324,0.1808709859908464,-9.944189033371155e-10,-1.6899157454435016e-09,-0.012116687283192448,0.03668804504415143
71.95,-0.03128133076520835,0.12409218050879348,-0.009386548583334927,0.19226204577677003,-2.781103453478923e-09,6.960531865674577e-10,-0.0565687895735566,0.20607134362481444,-0.008592417642222697,0.19221528768079615,-4.587588974729839e-05,9.398987462457509e-05,-0.03419559278932809,0.12077209286158687,-0.004664181032467684,0.18133352900945376,-1.0001356016633068e-09,-1.6724337490884382e-09,-0.010524489295543876,0.0305906797113622
71.96000000000001,-0.03011641204735878,0.1208379795392581,-0.00973643475090889,0.19357315098698324,-2.7771416929847796e-09,6.778292472559561e-10,-0.0556626825543277,0.20244069041219714,-0.008799031751872518,0.1930494401309827,-4.774814291453337e-05,9.978894354822665e-05,-0.032953940404616036,0.11592615874868671,-0.0047405755613573654,0.18173669399136952,-1.006019634664271e-09,-1.6544097632258992e-09,-0.008929303053386066,0.024500316002274664
71.97,-0.028939410527319343,0.11750503900452262,-0.010066951229796828,0.19481798607321854,-2.773112706007557e-09,6.593868480722448e-10,-0.05473637841646352,0.19873087580978896,-0.008986333913313908,0.1938193047907289,-4.960674935164855e-05,0.00010556239907817067,-0.03170075388332142,0.11104440196006596,-0.004798794308137445,0.18208049254348693,-1.0120691874778977e-09,-1.6358509602750767e-09,-0.007331737323888674,0.01841966454486714
71.98,-0.027750661774367916,0.11409344244742416,-0.010377974285037216,0.19599629936259505,-2.7690183449448403e-09,6.407341181023198e-10,-0.05379024883827024,0.19494414086873643,-0.009154247851373542,0.19452479931838856,-5.145112899881412e-05,0.00011130917468607768,-0.0304365215701659,0.10612931691899932,-0.0048388035424619825,0.18236495107523903,-1.018282404797768e-09,-1.616763916091413e-09,-0.005732399869580251,0.012351393572689023
71.99,-0.026550509272308908,0.1106033405860973,-0.010669386834801665,0.19710786811596856,-2.7648604825077973e-09,6.218792258194717e-10,-0.05282467315856958,0.1910827593761273,-0.009302703727039984,0.19516586334180563,-5.3280711546113654e-05,0.00011702817017204249,-0.029161735110251847,0.10118339339822884,-0.004860575466063457,0.1825901100984548,-1.0246573740448784e-09,-1.5971557427781878e-09,-0.004131897182192488,0.006298127460330905
72.0,-0.025339304401702848,0.1070349523299887,-0.010941078472360147,0.19815249817579705,-2.7606410080430712e-09,6.028297435106287e-10,-0.05184003814919224,0.18714903538369104,-0.009431638143302227,0.195742457896368,-5.5094936488340974e-05,0.00012271834145822965,-0.027876889200401444,0.09620911445214772,-0.004864088208596195,0.182756023639963,-1.0311921270467655e-09,-1.577032841365287e-09,-0.0025308342209085792,0.0002624453819646445
72.01,-0.024117406415197908,0.10338856592216034,-0.011192945485200773,0.19913002343122477,-2.7563618346980028e-09,5.835935468662995e-10,-0.050836737784480515,0.183145300703293,-0.00954099414895729,0.1962545616129322,-5.689325306357684e-05,0.00012838186689577064,-0.026582481341182435,0.09120895478848391,-0.00484932582213948,0.1828627586039862,-1.0378846530161275e-09,-1.5564022448760136e-09,-0.0009298141551504512,-0.005753119957796481
72.02,-0.022885182405613328,0.09966454796379226,-0.011424890871531321,0.20004029955424887,-2.7520248794690224e-09,5.641772047163469e-10,-0.0498151730080459,0.1790739124942705,-0.009630721242861802,0.1967020969926582,-5.8675119825958566e-05,0.00013402710767764411,-0.02527901158957615,0.08618538613417474,-0.004816278274599765,0.18291038840655324,-1.0447328733282637e-09,-1.53526646208848e-09,0.0006705618879890361,-0.01174608289588528
72.03,-0.021643007265992418,0.09586335361547142,-0.011636824354694176,0.20088319712369543,-2.7476321027025105e-09,5.445895755546632e-10,-0.04877575149707241,0.1749372493117815,-0.009700775380377214,0.19708499411823072,-6.044000444627152e-05,0.00013964262480399114,-0.023966982312388956,0.08114086644468683,-0.004764941453853556,0.18289861988358144,-1.0517346784732624e-09,-1.5136096659002117e-09,0.0022696950728353397,-0.01771396533140549
72.04,-0.02039126364186576,0.09198549690489584,-0.011828662395310968,0.20165862259584763,-2.743185461118231e-09,5.24839601983052e-10,-0.047718887424441706,0.17073771005841532,-0.009751118977698614,0.19740327552555825,-6.218738421235528e-05,0.00014522157740690447,-0.02264689794104847,0.07607783287039266,-0.004695317189816437,0.18282716151040126,-1.0588878940849516e-09,-1.491452337641412e-09,0.0038669891014614273,-0.02365433620192472
72.05,-0.01913034187691035,0.08803155310661369,-0.012000328200313307,0.2023665164659586,-2.738686933441051e-09,5.049346708175637e-10,-0.04664500121886622,0.16647771202027128,-0.009781720910433575,0.19765699738478276,-6.39167464402127e-05,0.0001507649073352133,-0.021319264728212575,0.07099870619134148,-0.004607413272459531,0.18269608511851634,-1.0661903000661588e-09,-1.4688100964977531e-09,0.005461850454774564,-0.029564854117850134
72.06,-0.017860639952011478,0.08400217396124954,-0.012151751728872269,0.20300684239631872,-2.734138524017342e-09,4.848822535017284e-10,-0.04555451932327194,0.16215968699488406,-0.009792556508320642,0.19784622803902435,-6.562758850954936e-05,0.00015626991486585357,-0.019984590506146118,0.065905889483759,-0.004501243450516608,0.18250550583568415,-1.0736396364755866e-09,-1.4456889458295858e-09,0.007053688626461724,-0.03544323522279008
72.07000000000001,-0.01658256341691194,0.07989808821864992,-0.012282869695833181,0.20357958611829385,-2.729542234764854e-09,4.646903239507966e-10,-0.044447873951759295,0.15778607794117044,-0.009783607548227225,0.19797105066817686,-6.731941790324361e-05,0.00016173420261165854,-0.01864338444690146,0.0608017664094902,-0.004376827421588574,0.18225551576616456,-1.0812335748044881e-09,-1.4220925833070992e-09,0.008641916350677958,-0.04128724887887498
72.08,-0.01529652531382943,0.0757201113626112,-0.012393625573134497,0.20408474862802473,-2.7249000925604596e-09,4.443639912658753e-10,-0.04332550284529742,0.15335934184979044,-0.00975486224611475,0.19803155047807308,-6.899175238380957e-05,0.00016715236907848674,-0.01729615682468113,0.055688692491494635,-0.00423419083832106,0.18194569542495598,-1.0889697517011572e-09,-1.3978290125241456e-09,0.010225949826259706,-0.04709465498613726
72.09,-0.014002946093027921,0.07146913018748424,-0.012483969589276542,0.2045223556813862,-2.7202141402052445e-09,4.2391264925822636e-10,-0.042187849026285786,0.14888194312802414,-0.009706315248162671,0.19802782724133128,-7.064412024992017e-05,0.0001725206600147888,-0.015943418780746642,0.05056899814803673,-0.004073365366222606,0.18157478553314554,-1.0968457360003173e-09,-1.372980030880898e-09,0.011805208941523497,-0.052863175257462536
72.10000000000001,-0.01270225352123221,0.0671460923598078,-0.012553858726245436,0.20489246618767112,-2.715486420184966e-09,4.0334434537253717e-10,-0.04103536055232357,0.14435635124499216,-0.009637967620231048,0.1979600100286573,-7.22760605818397e-05,0.00017783462531829154,-0.014585682090763571,0.045444993069940806,-0.0038943887660596926,0.18114240166256276,-1.1048590343098677e-09,-1.347448789279711e-09,0.013379117496490218,-0.05859068174849512
72.11,-0.011394882582619432,0.062752041597302,-0.012603256714115484,0.20519514548005136,-2.7107190040796387e-09,3.8266013056197964e-10,-0.039868490269433794,0.1397850406592469,-0.009549826840865755,0.197828056986892,-7.388712255374616e-05,0.00018311976845971967,-0.013223458934073935,0.04031897378003916,-0.003697305011173945,0.18064616567392033,-1.113007080837178e-09,-1.320862860181136e-09,0.01494710342319628,-0.06427489212608996
72.12,-0.010081275371849076,0.058288085360933786,-0.012632134023899585,0.20543048427720598,-2.705913953184642e-09,3.618723028832318e-10,-0.038687695564992006,0.13517048473679158,-0.009441906815295529,0.19763150087114104,-7.547686455080183e-05,0.00018836012056340487,-0.011857261663209284,0.03519326299816039,-0.003482164535033317,0.18008211000091623,-1.1212871674862616e-09,-1.292372507647118e-09,0.016508599013602823,-0.06991342800795584
72.13,-0.008761880980418043,0.05375538278063543,-0.012640467857983338,0.20559860694326754,-2.7010733622417655e-09,3.409922156773862e-10,-0.037493438120806084,0.13051515063352473,-0.00931422790089988,0.1973702928494453,-7.70448551543595e-05,0.0001935260350530569,-0.010487602574608908,0.030070110987549477,-0.0032490246239744057,0.17944538197651422,-1.1296964620749045e-09,-1.262701353532233e-09,0.018063041155756063,-0.07550389600807514
72.14,-0.00743715537592986,0.049155197384010765,-0.012628242138122487,0.20569964672743288,-2.6961993215839505e-09,3.200183485481754e-10,-0.03628618366658702,0.1258215031353169,-0.009166816938197531,0.19704380810706348,-7.859067203901021e-05,0.00019870369791386846,-0.00911499368119871,0.0249518074721541,-0.002997949771050705,0.1787348225046259,-1.1382320032994474e-09,-1.2325306419201112e-09,0.01960987155983771,-0.08104431600426197
72.15,-0.006107561272275668,0.04448888521063283,-0.012595447492038184,0.20573374658842464,-2.69129393878373e-09,2.9895525116707435e-10,-0.03506640173375411,0.1210920034856433,-0.008999707344688005,0.19665003928862462,-8.011389653763125e-05,0.0002039429092504144,-0.007739946480671297,0.019840765486206356,-0.0027290118127249277,0.17795096504930175,-1.1468907623842472e-09,-1.201755956409999e-09,0.021148536957278648,-0.0865329294102543
72.16,-0.004773567990722553,0.039757880518585406,-0.012542081239277547,0.2057010520522825,-2.6863593123886414e-09,2.7780781361026397e-10,-0.033834565409945824,0.1163290968886571,-0.008812939404038518,0.19618323062208318,-8.161410376060046e-05,0.000209421537001553,-0.0063629717061637866,0.014739746430350968,-0.0024422899290163797,0.1770936951705478,-1.155669663119853e-09,-1.1704415587023801e-09,0.022678489280813532,-0.09196797649041394
72.17,-0.0034356513134534677,0.03496367698548491,-0.012468147376744426,0.20560170907078862,-2.6813975724995053e-09,2.5658145270853033e-10,-0.03259115109482306,0.11153521463892181,-0.00860656079293553,0.19563680832304023,-8.309085661078906e-05,0.0002150093971070974,-0.004984579056277386,0.0096515448724457,-0.0021378706308271046,0.17616326723888387,-1.1645655675574686e-09,-1.1385738724522086e-09,0.024199185837160266,-0.09734779652606267
72.18,-0.0020942933304796706,0.03010783685160949,-0.012373656562995487,0.2054359013072804,-2.6764108423124544e-09,2.3530352360803354e-10,-0.031336638256915544,0.10671278652137252,-0.008380627047518354,0.19500986405548001,-8.454371190306209e-05,0.00022059441157752457,-0.0036052769357868887,0.004578333515224649,-0.001815847745750253,0.17515980934114445,-1.1735752875132216e-09,-1.1061852929973617e-09,0.02571008947345198,-0.10267077381238839
72.19,-0.0007499822791998264,0.025192011494271256,-0.012258626099256147,0.2052038581947784,-2.6714012527219152e-09,2.1398047953993777e-10,-0.030071509191109635,0.10186423303072818,-0.008135201721874999,0.19430292555223996,-8.597222720311481e-05,0.0002262089354558878,-0.0022255722321148945,-0.00047789974231779463,-0.001476322398810906,0.17408357974318017,-1.182695580403039e-09,-1.0732808922991684e-09,0.027210668737291586,-0.10793536389168172
72.2,0.00059678762432491,0.020217933170468574,-0.012123079906888634,0.2049058268028581,-2.6663709449851903e-09,1.9263436687479513e-10,-0.028796248777153446,0.09699195790842408,-0.007870356380545585,0.19351597508591822,-8.737596179503298e-05,0.00023183275901127003,-0.0008459701128454815,-0.0055151550987824136,-0.0011194029894215159,0.1729348319108397,-1.1919231544319238e-09,-1.039876796657421e-09,0.028700398030544156,-0.11314008217660859
72.21000000000001,0.0019455163601003159,0.015187341777767625,-0.011967048554531762,0.20454038735609967,-2.6613220521037175e-09,1.711183264576858e-10,-0.027511344239733563,0.09209834702148084,-0.0075861705783083514,0.1926493605990652,-8.875447656419236e-05,0.0002374723737544897,0.0005330261709027996,-0.01053152349930666,-0.0007452051629973212,0.1717139166979839,-1.2012546622062822e-09,-1.0059743724839901e-09,0.030178757757042745,-0.11828349973640712
72.22,0.003295698281336947,0.010101990841747586,-0.011790569605853677,0.20409838795384025,-2.6562567527433324e-09,1.4893555849260807e-10,-0.02621728488727146,0.0871865152047092,-0.007282731833623896,0.19170339951056287,-9.010733381645588e-05,0.00024312711736526875,0.001910915475153329,-0.015525151202192633,-0.0003538517759243629,0.17042124758492128,-1.2106867151537903e-09,-9.716080160199136e-10,0.031645234464654386,-0.12336424285555653
72.23,0.004646822289770204,0.004963547703219614,-0.011593688192777982,0.2035768095987648,-2.6511772574650613e-09,1.2660644852818032e-10,-0.02491456182654292,0.08225920600140449,-0.00696013556073119,0.190679563719422,-9.143409722610703e-05,0.0002487863841335779,0.003287198939853652,-0.02049448808742257,5.45271489424045e-05,0.169057382333892,-1.2202158684634977e-09,-9.368314977227052e-10,0.03309932098069365,-0.128381029273407
72.24,0.0059983720075002,-0.0002263050796424096,-0.011376457305709032,0.20297693851850343,-2.6460857974838305e-09,1.0442155306626334e-10,-0.023603667694727475,0.0773187262544342,-0.0066184849354316375,0.18957964595195875,-9.273433257116487e-05,0.00025443443956688126,0.004661380147488681,-0.02543805172938909,0.00047979449920105394,0.1676236581984026,-1.2298386798596972e-09,-9.024283613704679e-10,0.034540516533307856,-0.13333284921421032
72.25,0.00734982594871398,-0.005465859120904719,-0.011138937791464961,0.20229871786205858,-2.640984589569278e-09,8.224512156924625e-11,-0.02228509641956551,0.07236740876609378,-0.006257890740347514,0.18840485174538085,-9.400760897188172e-05,0.00026005372533432553,0.006032965278565095,-0.03035415844461449,0.0009218061986868526,0.1661216560182774,-1.2395516882945012e-09,-8.679781335487975e-10,0.03596832685308824,-0.1382188388507181
72.26,0.008700657699282958,-0.010753202976195954,-0.010881198312113555,0.20154275112683656,-2.635875851088089e-09,6.010962053488834e-11,-0.020959342988155927,0.06740754460684024,-0.005878471246337046,0.18715594929952303,-9.525349997136038e-05,0.0002656379036874113,0.0074014632749248984,-0.035241149629464716,0.0013804113500824533,0.16455261317283842,-1.2493514643373541e-09,-8.336939695259207e-10,0.03738226426631346,-0.14303799734094572
72.27,0.0100503361124451,-0.016086246106628902,-0.010603315309605616,0.2007092570330169,-2.6307618013538125e-09,3.7968474893405956e-11,-0.019626903218244028,0.06244139449958164,-0.005480352122131485,0.18583386792750362,-9.647158416869872e-05,0.0002711782244839588,0.008766386003870728,-0.04009742901774405,0.0018554523657688385,0.16291777963745163,-1.2592345776032247e-09,-7.993313790824464e-10,0.03878184778947,-0.1477894082408466
72.28,0.011398325524396008,-0.02146266914688849,-0.010305372973023585,0.199798562593959,-2.625644654022399e-09,1.579446351406327e-11,-0.018288273533721484,0.05747115812602223,-0.005063666355213806,0.18443919476729226,-9.766144580132867e-05,0.0002766641703580302,0.010127248418760176,-0.04492139908805415,0.002346765074951515,0.1612178363250503,-1.2691975759147573e-09,-7.64555224956013e-10,0.0401666032237494,-0.15247210847836448
72.29,0.012744085988923048,-0.026880015667692648,-0.00998746321087721,0.19881090429099568,-2.620526626643155e-09,-6.4332156199859355e-12,-0.016943950743834025,0.05249903218252404,-0.004628554191798584,0.18297234237755616,-9.882267522581901e-05,0.00028209284732494253,0.011483568716760614,-0.049711516591846305,0.002854178798049161,0.15945330582828218,-1.2792369937715607e-09,-7.295042650416957e-10,0.041536063250953985,-0.15708510996316524
72.3,0.014087073526093653,-0.032335738319769845,-0.009649685623744072,0.197746582952428,-2.6154099400453972e-09,-2.8698037353548173e-11,-0.015594431825580934,0.047527153704280255,-0.004175163089214712,0.18143381971626715,-9.995486908888923e-05,0.00028746034995300523,0.012834868492623183,-0.054466281313698545,0.003377516414016218,0.1576250992420366,-1.2893493247342766e-09,-6.944382585258948e-10,0.042889767526730176,-0.16162758125305302
72.31,0.01542674038012282,-0.03782722434055744,-0.009292147474996827,0.19660591635624344,-2.6102968166400034e-09,-5.0983674493036076e-11,-0.014240213710497357,0.042557614988134145,-0.003703647666731635,0.17982414358904375,-0.00010105763041677293,0.00029276221608143683,0.014180672888272749,-0.05918422508724223,0.003916594445553768,0.1557341868774311,-1.2995310561841366e-09,-6.591854225189305e-10,0.04422726276440285,-0.16609876098883977
72.32000000000001,0.01676253528566033,-0.04335174978351729,-0.008914963658854875,0.19538924065042534,-2.6051894820969892e-09,-7.330892472508824e-11,-0.012881793076109175,0.037592466845184205,-0.0032141696532603727,0.17814385770284297,-0.00010213056875330561,0.0002979939678840797,0.015520510738123595,-0.06386393976641598,0.004471223146168766,0.15378125549308683,-1.3097786614880148e-09,-6.23564367240101e-10,0.04554810281242975,-0.17049788204003125
72.33,0.01809390374384415,-0.04890649249060689,-0.008518256666884935,0.19409690196537757,-2.600090177355821e-09,-9.566587378626701e-11,-0.01151966614144797,0.03263372351091769,-0.002706897831518893,0.17639357216020918,-0.00010317330010501427,0.00030315782458507695,0.01685391470867623,-0.06850408615371127,0.005041206573086372,0.15176694919390224,-1.3200885886515271e-09,-5.87691604100298e-10,0.04685184872986084,-0.17482420637653653
72.34,0.019420288306988463,-0.05448857708367127,-0.008102156552196026,0.19272929335035452,-2.5950011191077135e-09,-1.1805126324930764e-10,-0.010154328466523824,0.02768335591776862,-0.002182007975266453,0.17457399808247653,-0.00010418544685998293,0.00030824624492722984,0.018180421431721938,-0.07310338358383545,0.005626342654932674,0.14969199227993818,-1.3304572321049286e-09,-5.51525916285765e-10,0.04813806885869836,-0.17907705374225086
72.35000000000001,0.020741128871070273,-0.060095021777235746,-0.007666800890943144,0.19128681353187693,-2.5899245515398644e-09,-1.4046908899742312e-10,-0.008786274756185718,0.022743285397568085,-0.001639682782838681,0.17268576221486046,-0.00010516663804201655,0.0003132522733010506,0.01949957163230612,-0.07766058358714382,0.00622642326230598,0.14755710152816284,-1.3408809829190557e-09,-5.150850820066784e-10,0.04940633889115668,-0.18325579826255925
72.36,0.022055862976740885,-0.06572277078985311,-0.007212334741752484,0.18976988940771292,-2.5848627131716487e-09,-1.629101625816694e-10,-0.007415998668748995,0.017815385784651576,-0.0010801118128176655,0.170729492370691,-0.00010611650959934487,0.0003181732804391794,0.020810910252587137,-0.0821744819326834,0.006841234280756353,0.14536303236988027,-1.3513561993625684e-09,-4.783782214265522e-10,0.050656241931438216,-0.1873598679352222
72.37,0.023363926118057664,-0.07136870254868916,-0.0067389106026632855,0.18817897955246665,-2.5798178404869114e-09,-1.8536963549909742e-10,-0.0060439926293825484,0.012901484348360583,-0.0005034914198455173,0.16870586387787098,-0.00010703470451744494,0.00032300520332542433,0.022113986571259073,-0.08664392704018054,0.00747055568649506,0.1431105715564757,-1.3618792080354955e-09,-4.414224484048203e-10,0.051887368552315204,-0.1913887381635597
72.38,0.024664752057870526,-0.07702963007964025,-0.006246688364991629,0.18651457350024653,-2.5747921755979157e-09,-2.0783837022675508e-10,-0.004670747648219555,0.00800336011042524,8.997531275414923e-05,0.16661557865193294,-0.00010792087290135188,0.0003277446658405647,0.023408354318022975,-0.09106781551145127,0.008114161625522276,0.14080054164360323,-1.3724463105521932e-09,-4.0423205484206115e-10,0.05309931684680747,-0.19534193307526632
72.39,0.025957773149554265,-0.08270230525778499,-0.005735835264042696,0.18477719297600373,-2.5697879597914972e-09,-2.303092756839634e-10,-0.003296753143261838,0.003122743596298205,0.0007000786437782485,0.16445937645897557,-0.00010877467206959968,0.00033238793323056315,0.024693571783108464,-0.0954450937618392,0.008771820496197763,0.13843379931021882,-1.383053795867675e-09,-3.6682338468878267e-10,0.054291692475101586,-0.19921902289252644
72.4,0.027242420664781195,-0.08838342132331299,-0.005206525826619153,0.1829673921243662,-2.564807433603579e-09,-2.527729998206882e-10,-0.001922496768149792,-0.0017386839738902386,0.0013266022483611215,0.1622380299894885,-0.00010959576665342233,0.0003369314526188815,0.025969201921903384,-0.09977475648454982,0.00944329503534588,0.1360112381280772,-1.3936979162037165e-09,-3.292325753087674e-10,0.0554641087068304,-0.20301962341309815
72.41,0.028518125126812625,-0.09406962306904111,-0.004658941815119057,0.18108576300623055,-2.5598528344096564e-09,-2.7521653217252986e-10,-0.0005484642448550489,-0.006579291139847615,0.0019693232958334244,0.15995235289913415,-0.00011038382869462243,0.0003413718899226596,0.027234812454764525,-0.1040558456763155,0.010128342411514972,0.1335339025018351,-1.404374924973917e-09,-2.916021957283443e-10,0.056616186458324634,-0.20674341114993652
72.42,0.029784316648666865,-0.09975750952744336,-0.004093272167944825,0.17913293569488922,-2.5549264002716656e-09,-2.976236627391126e-10,0.0008248607986205161,-0.01139749759200406,0.002628012531490618,0.15760319875100653,-0.00011113853774701068,0.00034570558655246667,0.028489975962153177,-0.1082874485859565,0.010826714327319319,0.131002866059762,-1.4150810505131396e-09,-2.538483631046325e-10,0.05774755432466808,-0.2103901048116684
72.43,0.031040425276228422,-0.10544362111530899,-0.0035097129364497306,0.17710956725364835,-2.5500303656426887e-09,-3.1999307820183375e-10,0.0021969969855028374,-0.016191772955832923,0.0033024343620232273,0.1551914495448152,-0.00011185958100223772,0.0003499287321203644,0.029734269975113886,-0.11246870093906275,0.011538157124033865,0.1284191320217757,-1.4258125274267126e-09,-2.1592623668040723e-10,0.05885784860773508,-0.21395944720178822
72.44,0.03228588133655812,-0.11112444976080854,-0.0029084672188092087,0.17501634675948205,-2.5451669519535753e-09,-3.423136470962942e-10,0.003567465342500988,-0.02096063640111429,0.00399234694415481,0.15271802001509913,-0.00011254665342877909,0.0003540378166676752,0.030967277061010618,-0.11659878604630722,0.012262411884131378,0.12578373079584487,-1.4365655547328722e-09,-1.7788649396185948e-10,0.0599467133410934,-0.2174512172394004
72.45,0.033520115790707766,-0.11679645334981555,-0.002289745090530048,0.17285400360692438,-2.5403383891515476e-09,-3.6457295471858203e-10,0.004935789447122348,-0.025702656316299564,0.004697502276729118,0.15018386593973485,-0.00011319945790949477,0.00035802930793186517,0.03218858490454195,-0.12067693322709618,0.01299921453514304,0.12309773710040488,-1.4473363399320354e-09,-1.3973380875256475e-10,0.061013800311568916,-0.2208652292026385
72.46000000000001,0.03474256059046648,-0.12245604479039503,-0.0016537635314161987,0.17062329686431932,-2.5355468877689942e-09,-3.8676297951222783e-10,0.006301495569980246,-0.0304164531007769,0.005417646296416871,0.14758997361080203,-0.00011381770538073406,0.00036189977901075884,0.03339778638422307,-0.12470241491520703,0.013748295957073938,0.12036225243258951,-1.458121061473722e-09,-1.0148729653092327e-10,0.06205876907719723,-0.2242013350285775
72.47,0.03595264903908774,-0.12809959833882067,-0.0010007463492940902,0.1683250171832207,-2.530794656869234e-09,-4.088724019133502e-10,0.007664112811975221,-0.035100698816445876,0.0061525189767331154,0.14493736134139729,-0.00011440111497425858,0.0003656458955929996,0.03459447964454025,-0.12867454569313108,0.01450938209296149,0.1175784088009077,-1.4689159008733132e-09,-6.316079351414935e-11,0.06308128698151555,-0.22745942264472138
72.48,0.03714981615563948,-0.13372345814904896,-0.0003309241004978387,0.16595999055353844,-2.526083898229386e-09,-4.308902392726835e-10,0.009023173236356692,-0.03975411566678974,0.006901854430325555,0.14222708251324515,-0.0001149494141613268,0.0003692643770797931,0.03577826816388147,-0.13259268235195476,0.015282194062494413,0.11474737131282933,-1.4797170274800438e-09,-2.4774873458621635e-11,0.06408102916435705,-0.2306394118485357
72.49,0.038333499042356785,-0.13932394038338225,0.0003554659930667097,0.16352907690617458,-2.521416797496229e-09,-4.5280429686895724e-10,0.010378211995743661,-0.04437547617423436,0.007665381014664983,0.13946022398318292,-0.00011546233890129273,0.0003727520152463452,0.03694876081830816,-0.13645622232813262,0.016066448278840323,0.11187033644561721,-1.4905206076351011e-09,1.365338294080293e-11,0.06505767856941043,-0.23374125347971023
72.5,0.039503137254583834,-0.14489733778211625,0.0010581801302060275,0.16103316760677594,-2.516795532960684e-09,-4.745994501616084e-10,0.011728767454155915,-0.048963602182934315,0.008442821441119795,0.13663790610063065,-0.00011593963379457307,0.0003761056748076338,0.03810557194127436,-0.14026460270670982,0.016861856568634946,0.1089485316268883,-1.5013227940628775e-09,5.2104883782136965e-11,0.06601092594873613,-0.23676492722813883
72.51,0.040658173172928705,-0.1504399231665269,0.001776968020020768,0.15847318870238564,-2.512222270353025e-09,-4.962693438153283e-10,0.01307438130409891,-0.05351736497661056,0.009233892887358163,0.13376128187755246,-0.00011638105224017055,0.00037932229546812043,0.03924832137941436,-0.1440172988755362,0.017668126295043086,0.10598321411215374,-1.5121197480279384e-09,9.056179605316706e-11,0.06694046986441116,-0.2397104400828654
72.52,0.041798052377234274,-0.1559479535787928,0.0025115729749479614,0.15585010261582313,-2.507699161453877e-09,-5.178053805910356e-10,0.014414598678729849,-0.0580356848597086,0.010038307113022758,0.13083153651376106,-0.0001167863565977628,0.00038239889082158603,0.04037663454452438,-0.1477138232758142,0.01848496048380179,0.10297567013945216,-1.5229076226239331e-09,1.2900556177069355e-10,0.06784601668748166,-0.24257782443502846
72.53,0.04292222402197252,-0.16141767411187366,0.0032617320073354,0.1531649056643414,-2.503228356935077e-09,-5.391962148526521e-10,0.015748968259150797,-0.06251753024842907,0.010855770578613852,0.1278498866218112,-0.00011715531835442866,0.00038533255473897877,0.041490142461869474,-0.15135372401443045,0.019312057952147115,0.09992721381716338,-1.5336825890697e-09,1.6741803269103403e-10,0.06872728059440107,-0.24536713633964952
72.54,0.04403014121266611,-0.16684532197512725,0.004027175929455322,0.1504186279533894,-2.498811961533433e-09,-5.604319294122984e-10,0.017077042376905844,-0.06696191692698367,0.01168598456751217,0.12481757954060965,-0.0001174877182961702,0.0003881204631944371,0.042588481814951534,-0.15493658347397138,0.02014911344052086,0.09683918608177688,-1.544440790913836e-09,2.0578047518921008e-10,0.06958398356113428,-0.248078453684926
72.55,0.045121261382931294,-0.17222713052223526,0.00480762945689329,0.1476123330380414,-2.4944520954101113e-09,-5.815023645417395e-10,0.018398377111762336,-0.07136790722020372,0.01252864531106795,0.12173589255556938,-0.00011778334668376581,0.00039075987677111374,0.04367129498688007,-0.15846201686266717,0.020995817746948687,0.09371295357227068,-1.555178410157183e-09,2.4407539484230195e-10,0.07041585535510711,-0.25071187439706005
72.56,0.04619504667173743,-0.1775593333571417,0.0056028113152841235,0.14474711764434922,-2.490150839871263e-09,-6.023975569347923e-10,0.019712532384861422,-0.0757346090840074,0.013383444116679594,0.11860613211002648,-0.00011804200343336174,0.00039324814263193714,0.044738230098489186,-0.16192967073354672,0.021851857863978738,0.09054990749269684,-1.5658916075979002e-09,2.8228415038528435e-10,0.0712226335251841,-0.25326751462590363
72.57000000000001,0.047250964300469905,-0.182838168450171,0.0064124343503637665,0.1418241113036968,-2.485910279410099e-09,-6.231071352540157e-10,0.02101907204732766,-0.08006117511638496,0.01425006749878188,0.11542963296718504,-0.00011826349830109386,0.00039558269661651004,0.045788941043351614,-0.16533922146533248,0.022716917118065182,0.0873514624309734,-1.5765765802433977e-09,3.2038868264212244e-10,0.07200406338985267,-0.255745506943513
72.58,0.04828848694938553,-0.1880598822895884,0.00723620564130148,0.13884447597249583,-2.481732455050936e-09,-6.436218447724319e-10,0.022317563964439725,-0.08434680149315675,0.0151281973126594,0.11220775734317885,-0.00011844765107253345,0.0003977610651853412,0.046823087519839816,-0.1686903737139696,0.0235906753112789,0.08411905515193269,-1.5872295023050618e-09,3.583706024493091e-10,0.07275989802379638,-0.25814599854636483
72.59,0.04930709313304233,-0.19322073404545728,0.008073826617272843,0.13580940559896978,-2.477619404098444e-09,-6.639310355699552e-10,0.023607580095468858,-0.0885907268312902,0.01601751089099812,0.10894189399970118,-0.0001185942917558275,0.00039978086735964886,0.04784033506039042,-0.17198285883708406,0.024472808865223974,0.08085414335642796,-1.5978465920926072e-09,3.962124486429529e-10,0.07348989824303591,-0.26046914947132355
72.60000000000001,0.05030626757428796,-0.1983169997475182,0.008924993177230216,0.13272012565331148,-2.473573142472572e-09,-6.840248695961858e-10,0.024888696569299238,-0.09279223098424182,0.016917681183083483,0.10563345729997657,-0.00011870326077928252,0.00040163981661109414,0.04884035505812964,-0.17521643329618317,0.025362990967035103,0.07755820441058886,-1.6084240630031454e-09,4.338954907864839e-10,0.07419383258881558,-0.2627151308265666
72.61,0.051285501576387206,-0.2033449764656073,0.009789395812822671,0.1295778926099209,-2.4695956533574145e-09,-7.038934547167607e-10,0.02616049375595164,-0.09695063377283368,0.01782837689655024,0.10228388622355405,-0.00011877440919257365,0.00040333572270847146,0.04982282479101965,-0.17839087704082265,0.026260891717328927,0.07423273404278745,-1.6189581484078415e-09,4.714018551928776e-10,0.07487147731041272,-0.26488412304248155
72.62,0.052244293392872204,-0.2083009864881476,0.010666719734413419,0.12638399338398193,-2.465688908975122e-09,-7.23526348705478e-10,0.027422556334138933,-0.10106529365616203,0.018749262641584424,0.0988946433398119,-0.00011880759887158428,0.00040486649351477645,0.05078742744368675,-0.18150599187891323,0.02716617827997778,0.07087924500927656,-1.629445108638146e-09,5.087139976255584e-10,0.07552261634704449,-0.2669763141459664
72.63,0.05318214859469593,-0.21318138149063232,0.011556645000137113,0.12313974471811229,-2.461854848578524e-09,-7.429139809550539e-10,0.02867447335498598,-0.10513560634652792,0.01967999907747443,0.09546721373812542,-0.00011880270272672431,0.0004062301367117088,0.051733852127095296,-0.18456159983767312,0.028078515033572518,0.06749926572813786,-1.639881203635654e-09,5.458134500095927e-10,0.07614704130904403,-0.2689918980618967
72.64,0.05409858043427315,-0.21798254668817224,0.012458846647935326,0.11984649251847403,-2.4580953900253353e-09,-7.620451411994254e-10,0.029915838302054056,-0.1091610033729404,0.02062024306140336,0.0920031039145359,-0.0001187596049143709,0.00040742476144589525,0.05266179389623016,-0.1875575415193509,0.028997563724437014,0.06409433888274355,-1.6502627293925554e-09,5.826832073299635e-10,0.07674455145847602,-0.2709310729455221
72.65,0.05499311020604094,-0.22270090352733146,0.013372994830501111,0.11650561108226241,-2.4544124309568067e-09,-7.809105142384831e-10,0.031146249147767965,-0.11314095203082553,0.021569647799374283,0.08850384073508297,-0.00011867820105091183,0.00040844857707210896,0.05357095376599919,-0.1904936729732007,0.02992298362105215,0.06066601992798135,-1.6605860120898846e-09,6.193049068681998e-10,0.07731495368929514,-0.2727940415350659
72.66,0.055865267605835,-0.22733282818825812,0.014298754952957201,0.11311849906726579,-2.4508078252421727e-09,-7.994992419712047e-10,0.03236530840369553,-0.11707503909451394,0.022527862999373014,0.08497097720239077,-0.00011855839843479235,0.0004092997288617152,0.05446103872831368,-0.1933697758652096,0.030854431669622363,0.05721587173067236,-1.6708473733965653e-09,6.556614739635382e-10,0.07785806250346909,-0.2745811276542549
72.67,0.056714591095369395,-0.23187457690110896,0.015235787812948006,0.10968657608782786,-2.447283418689575e-09,-8.17801512425654e-10,0.03357262315819384,-0.12096304693726162,0.023494535027152583,0.08140609634701775,-0.00011840011628782734,0.00040997615954431303,0.055331761777376975,-0.1961854754677459,0.0317915626503582,0.05374546027194116,-1.6810431969198309e-09,6.917352846894274e-10,0.07837369997402692,-0.2762928823576471
72.68,0.05754062827522342,-0.2363223473095232,0.01618374974295137,0.1062112844394605,-2.4438410213097364e-09,-8.358057213653426e-10,0.03476780509785915,-0.1248048936110593,0.02446930706470142,0.07781080333004184,-0.00011820328602129865,0.0004104757460071083,0.0561828419471957,-0.1989402993264539,0.032734029334219907,0.050256356688169974,-1.691169870456922e-09,7.275083279847132e-10,0.07886169569002205,-0.2779300018544006
72.69,0.05834293626212956,-0.2406723645724153,0.01714229275490896,0.10269409171258562,-2.4404823974438735e-09,-8.535034926263586e-10,0.03595047051682208,-0.12860054903394716,0.025451819270818334,0.07418671690151103,-0.00011796785151757384,0.0004107964567734421,0.05701400435746432,-0.20163376057109847,0.033681482640223116,0.046750140039731033,-1.7012238147153082e-09,7.629638504191127e-10,0.07932188668891815,-0.2794932124264879
72.7,0.059121082065841324,-0.244920856993042,0.018111064687271947,0.09913648868398482,-2.4372093080662384e-09,-8.708834084870513e-10,0.03712024031840917,-0.13235006102924737,0.026441708943218806,0.07053546948627007,-0.0001176937694175486,0.00041093631416574456,0.0578249802634846,-0.20426532761473082,0.03463357179340043,0.04322839462840421,-1.711201491563189e-09,7.980845207897806e-10,0.07975411738255604,-0.28098330763194473
72.71000000000001,0.05987464296315533,-0.24906411864585076,0.019089709354468402,0.09553999120194984,-2.4340234592060286e-09,-8.879369668252459e-10,0.03827674001138613,-0.13605349552373844,0.027438610681833866,0.06685870155524008,-0.00011738100940993903,0.00041089348013221574,0.05861550710816449,-0.2068344826467307,0.035589944483393136,0.03969271169484247,-1.7210993906452602e-09,8.328541009162335e-10,0.08015823947966301,-0.2824010664852065
72.72,0.06060320686647669,-0.2530985092706582,0.02007786669879813,0.0919061387348212,-2.4309265379627165e-09,-9.046533908668808e-10,0.03941959970315789,-0.1397109386461625,0.02844215655298497,0.06315806031600593,-0.00011702955451816918,0.0004106662580397458,0.05938532857397573,-0.20934071613199232,0.036550247023643366,0.03614468748275653,-1.730914030216237e-09,8.672553816821256e-10,0.08053411190808371,-0.2837472575856213
72.73,0.061306372687243336,-0.2570204041844622,0.021075172944622914,0.0882364912160209,-2.427920193644482e-09,-9.210247259782539e-10,0.04054845408941745,-0.14332254811913817,0.02945197625430909,0.05943520135311207,-0.00011663940138565904,0.0004102530135184854,0.060134194635727535,-0.21178347037105863,0.037514124511013235,0.032585919608119684,-1.7406419820350281e-09,9.012732422869962e-10,0.08088160073590839,-0.2850227116025606
72.74,0.061983750691771276,-0.26082635357327744,0.022081260754856728,0.08453263517856219,-2.4250060276662116e-09,-9.37041151502416e-10,0.041662942442430254,-0.14688839878335708,0.030467697280185137,0.055691778784264075,-0.00011621056055677568,0.00040965236033833294,0.06086186161222526,-0.21416229592619923,0.03848122098579366,0.02901801294035038,-1.7502798335187593e-09,9.34891654917865e-10,0.08120057909441142,-0.2862281082196198
72.75,0.06263496284819273,-0.2645129027763347,0.023095759389676663,0.08079617339095838,-2.4221856301362148e-09,-9.52694616028655e-10,0.04276270859907403,-0.15040866068959727,0.03148894508745277,0.05192945319778023,-0.00011574305675165784,0.0004088629665823229,0.061568092215982397,-0.2164766643059045,0.03945117959198863,0.025442568805239277,-1.7598242302167716e-09,9.680947580191115e-10,0.08149092710423392,-0.28736422425927965
72.76,0.0632596431678898,-0.2680766676431735,0.024118294867217886,0.07702872988394545,-2.4194605417907544e-09,-9.679749617810103e-10,0.04384740094505202,-0.15388352896458118,0.03251534326152296,0.048149888480519126,-0.00011523692914248597,0.00040788348155719483,0.062252655605007104,-0.21872603735863716,0.04042364273663029,0.021861158176658436,-1.769271853464794e-09,1.0008677041770859e-09,0.0817525318128204,-0.2884314134470105
72.77,0.0638574380392985,-0.2715143981110148,0.02514849012638589,0.07323195282053996,-2.416832262675452e-09,-9.828762689256265e-10,0.04491667239704794,-0.1573131648008271,0.033546513682811814,0.044354749610084156,-0.00011469223164021453,0.000406712474591366,0.06291532743514401,-0.22090992526470649,0.04139825224542813,0.018275284148535936,-1.7786194274590649e-09,1.0331994092906843e-09,0.0819852871847969,-0.2894289293232587
72.78,0.06442800655699361,-0.27482273407716934,0.026185965191496435,0.06940749735518305,-2.4143022540635137e-09,-9.973895226356468e-10,0.045970180379810766,-0.16069793234893154,0.03458207669342596,0.040545705891212085,-0.00011410903319781109,0.0004053483527885593,0.06355588991638148,-0.223027638820056,0.0423746495130772,0.014686404900896129,-1.7878637066592566e-09,1.0650804021833686e-09,0.08218909416511318,-0.2903556993051963
72.79,0.06497102084728583,-0.2779985155062129,0.027230337338403073,0.06555704017717073,-2.4118719575900352e-09,-1.0115080311200206e-09,0.04700758679693848,-0.16403809729476437,0.0356216512638059,0.03672441769750344,-0.00011348741812595865,0.00040378965034192695,0.06417413187469634,-0.2250785977630641,0.043352475649635264,0.011095966655118793,-1.797001518846121e-09,1.0965013351171056e-09,0.08236386079646364,-0.2912101183783334
72.8,0.06548616638361263,-0.2810386601781955,0.028281221262395306,0.06168227641500203,-2.409542748258841e-09,-1.0252233660002203e-09,0.048028558004242286,-0.16733386965365715,0.03666485515881344,0.03289253895668286,-0.00011282748641357623,0.0004020350150999572,0.06476984881041789,-0.22706228831005842,0.044331371625474764,0.007505417422931276,-1.8060297124905523e-09,1.1274539588368622e-09,0.0825095023755225,-0.2919903847297992
72.81,0.06597314229660692,-0.28394000279632886,0.029338229247869937,0.057784915375501726,-2.4073159770965557e-09,-1.0385286078248173e-09,0.04903276478729174,-0.17058547653224276,0.037711305103173144,0.029051718757596098,-0.00011212935406383001,0.0004000830562937982,0.06534284295134322,-0.22897819082887255,0.04531097841578264,0.003916195389269594,-1.8149451901119669e-09,1.1579287183499495e-09,0.08262594163949112,-0.2926943704209743
72.82000000000001,0.06643166168234715,-0.2866995172123206,0.030400971339772372,0.05386668923801401,-2.4051929538481693e-09,-1.051416687826808e-09,0.05001988234580468,-0.173792931936291,0.03876061694616952,0.025203594004805364,-0.00011139315344315823,0.00039793246794145353,0.06589292329773072,-0.23082601585934756,0.046290937145005574,0.00032975160549741483,-1.8237449071065128e-09,1.1879139625838903e-09,0.08271310897628878,-0.29331982951476643
72.83,0.06686145190609485,-0.289314151430683,0.031469055516914625,0.04992934535211679,-2.4031749419086433e-09,-1.0638821226975973e-09,0.050989590291853605,-0.17695613264402119,0.039812405825360005,0.021349792363409427,-0.00011061903362462638,0.0003955817777801599,0.06641990565193963,-0.23260560706691355,0.04727088923189978,-0.0032524574939679744,-1.8324258645102217e-09,1.2174097286999042e-09,0.08277094265605964,-0.29386422324317374
72.84,0.06726225490317167,-0.2917808959048369,0.032542087866728006,0.04597463869274114,-2.4012631698254805e-09,-1.0759168743840354e-09,0.051941572658568844,-0.1800749597420403,0.04086628632933828,0.01749193337997863,-0.00010980716072231561,0.0003930295078768903,0.06692361263648415,-0.23431682324058228,0.04825047653470685,-0.006828988112015432,-1.8409851090071864e-09,1.2464010520202582e-09,0.08279938909032734,-0.2943246614514004
72.85000000000001,0.06763382747200619,-0.2940969409655348,0.033619672761073326,0.04200433664155514,-2.399458807486132e-09,-1.087518796648867e-09,0.052875517917307525,-0.18314912049633186,0.04192187265953497,0.013631624390998756,-0.00010895771820734594,0.0003902744444530595,0.06740387370328554,-0.23595969916822895,0.049229341497882675,-0.01039832923483328,-1.8494197384014378e-09,1.2748124564729906e-09,0.08279840309830175,-0.2946987721211337
72.86,0.06797594155556543,-0.29625950393926687,0.034701413032942524,0.03802021080234567,-2.3977630014589174e-09,-1.0986788448899096e-09,0.053791119004306644,-0.18617830346567882,0.042978778791006166,0.009770464755318323,-0.00010807090720202753,0.0003873154974619353,0.06786052513347236,-0.2375342846824135,0.0502071273032337,-0.01395892643707641,-1.8577269142579743e-09,1.302690916172373e-09,0.08276794817609999,-0.2949834849986762
72.87,0.06828838451246405,-0.2982659632298109,0.035786910153704124,0.03402403579455167,-2.3961768399705113e-09,-1.1093940429471964e-09,0.054688073353100476,-0.18916215187759133,0.044036618632267564,0.005910043585157499,-0.00010714694675419221,0.0003841518681897025,0.06829341003193141,-0.2390406632214566,0.05118347802149811,-0.017509323261606386,-1.865903837537421e-09,1.3300434850278528e-09,0.08270799679443132,-0.29517559333981097
72.88,0.0685709593718175,-0.30011394684779147,0.036875764410676394,0.03001758941062796,-2.394701378046657e-09,-1.1196574319972596e-09,0.055566082934337076,-0.19210015403309055,0.0450950061840232,0.002051935775050733,-0.00010618607408794036,0.0003807826420007815,0.0687023783154007,-0.24047906424054866,0.0521580387586235,-0.021048106007948767,-1.8739477794528893e-09,1.3568542655774444e-09,0.08261853068733617,-0.29527284567711903
72.89,0.06882348507088369,-0.3018011360004576,0.03796757508483846,0.026002647022862813,-2.3933376159077502e-09,-1.1294650653964187e-09,0.05642485430433918,-0.19499179201031333,0.046153555696684,-0.001802293567709635,-0.00010518854486148638,0.00037720660673631423,0.06908728669286797,-0.24184971159330582,0.05313045579903914,-0.02457382717961272,-1.8818560502968523e-09,1.3831352041918053e-09,0.08249954113810351,-0.295271640951335
72.9,0.06904579667647788,-0.3033254909446253,0.03906194062847947,0.02198098395686216,-2.392086517089227e-09,-1.1388158344629587e-09,0.05726409866190237,-0.19783639032489173,0.04721188182669164,-0.00565109317673965,-0.00010415463343413898,0.0003734231536128853,0.06944799863892996,-0.24315297294347737,0.054100376748167596,-0.028085090567419632,-1.889626021377601e-09,1.4088642118203304e-09,0.08235102929497976,-0.2951689609390309
72.91,0.0692377455863118,-0.3046851403056079,0.04015845884262535,0.01795437007660236,-2.390948987312328e-09,-1.1477022764752828e-09,0.0580835319159123,-0.20063317932204222,0.04826959979102682,-0.009492942072523986,-0.0001030846330939853,0.00036943191665898134,0.06978438436319781,-0.2443891176203998,0.05506745067237573,-0.031580522394344945,-1.8972551091071607e-09,1.4340405028798883e-09,0.08217300647269798,-0.2949621781843022
72.92,0.06939919971543189,-0.3058782460446079,0.04125672705390869,0.013924566116420102,-2.3899259040930052e-09,-1.1561242578936835e-09,0.05888287476081577,-0.20338138655494803,0.04932632551821313,-0.013326375366616792,-0.00010197885624600404,0.0003652325568200841,0.07009632079646445,-0.24555793736095394,0.05603132823717038,-0.0350587369718218,-1.904740798612639e-09,1.4586646649362997e-09,0.08196549444594414,-0.294647928287421
72.93,0.06953004367492306,-0.306903058293875,0.04235634229065496,0.00989332564959245,-2.3890180859577247e-09,-1.1640768839481599e-09,0.05966185275956731,-0.20608006240785215,0.050381675794675715,-0.017149969389593178,-0.00010083763460229673,0.0003608251087727135,0.07038369160585849,-0.24665911183742434,0.05699166184397572,-0.038518399233699485,-1.9120806211529303e-09,1.4827232702300264e-09,0.08172852575642692,-0.2942233353042833
72.94,0.06963017894035765,-0.30775799597539516,0.043456901458019566,0.005862388934640491,-2.3882263178229742e-09,-1.1715591694725372e-09,0.06042019643625744,-0.20872822898528995,0.05143526840714052,-0.02096232674924403,-9.966131935731318e-05,0.0003562097601574726,0.07064638723052381,-0.2476921407776915,0.05794810576359314,-0.041958208197357905,-1.9192721686804154e-09,1.5062154783421664e-09,0.08146214400367074,-0.29368574082787496
72.95,0.06969952400612346,-0.3084416079557778,0.04455800151183719,0.001833480538684109,-2.3875513136162814e-09,-1.1785687438170609e-09,0.06115764137386383,-0.21132490125370942,0.05248672228201987,-0.024762079124694542,-9.845028131365528e-05,0.00035138693481157415,0.07088430493483155,-0.24865631554216883,0.05890031626673051,-0.04537687079409821,-1.9263130784035532e-09,1.5291382982580435e-09,0.08116640412050703,-0.2930323216656792
72.96000000000001,0.06973801452420936,-0.30895262989685207,0.045659239630915144,-0.0021916916010080905,-2.386993767871399e-09,-1.1851031789316405e-09,0.06187392831442308,-0.21386904540311058,0.053535657622557443,-0.02854786729398089,-9.72049109914548e-05,0.0003463573633109786,0.07109734887213913,-0.24955103441372944,0.0598479517516459,-0.04877315295126572,-1.933201062982063e-09,1.551485146815221e-09,0.08084137263905844,-0.2922606871087919
72.97,0.0697456034273201,-0.3092899223796901,0.0467602133876471,-0.006211437165542121,-2.3865543138878206e-09,-1.1911633816129385e-09,0.06256880326400927,-0.21635955466375334,0.054581696044051324,-0.03231836098967421,-9.592561876716694e-05,0.00034112093812683976,0.07128543015341265,-0.25037550044752516,0.06079067286763987,-0.05214585563707584,-1.9399338763034252e-09,1.5732549198663135e-09,0.08048712793407123,-0.2913685939490269
72.98,0.06972226103776076,-0.3094524870931045,0.04786052091684895,-0.010224084444508737,-2.386233540030228e-09,-1.1967455863442534e-09,0.06324201760416631,-0.21879526112820627,0.055624460708005016,-0.036072212375810285,-9.461283518362492e-05,0.0003356725139688578,0.07144846692638376,-0.2511288194407433,0.06172814263431694,-0.05549382300849274,-1.9465093402275285e-09,1.5944430349935007e-09,0.08010376044463478,-0.29035398635949633
72.99,0.0696679751575028,-0.30943962929227425,0.04895976108264712,-0.0142279836044369,-2.386031981850973e-09,-1.2018516121550837e-09,0.06389332820560834,-0.22117506805339496,0.056663576456796316,-0.03980806625620648,-9.326701117236211e-05,0.0003300181301846458,0.07158638446015031,-0.25181020140478655,0.06266002655609162,-0.058815961724408054,-1.9529253197654997e-09,1.6150473598139333e-09,0.07969137286765016,-0.28921532965064234
73.0,0.06958275113618219,-0.3092507930811746,0.05005753364322434,-0.018221507155091455,-2.385950147327125e-09,-1.2064811176719787e-09,0.06452249754299084,-0.22349776927249068,0.05769866994721082,-0.04352462707905537,-9.188861787836327e-05,0.00032416257859836184,0.07169911522653014,-0.25241885711894546,0.06358599273030556,-0.062111257809046326,-1.959179758952364e-09,1.635066376755757e-09,0.07925008030836062,-0.2879515265276858
73.01,0.06946661192221039,-0.30888555316760746,0.05115343941335389,-0.022203049325514573,-2.3859884814454884e-09,-1.210634646068222e-09,0.06512929381693866,-0.22576205302969368,0.05872936978003081,-0.04722063622573425,-9.047814643677713e-05,0.00031810704128353294,0.0717865989880726,-0.25295371382688103,0.06450571194692757,-0.06537880300355245,-1.9652706524670736e-09,1.6544977746828448e-09,0.07878001037856774,-0.2865621412002697
73.02,0.06931959809794658,-0.30834370308315495,0.052247080424673534,-0.02617102835654738,-2.386147379203195e-09,-1.2143123694765193e-09,0.06571349107916737,-0.22796674637776157,0.0597553066264696,-0.05089483985541951,-8.903610786103971e-05,0.000311855388195882,0.07184878289868153,-0.25341374325846444,0.06541885777995565,-0.06861773795425911,-1.971196036343132e-09,1.673340138181952e-09,0.07828130324098292,-0.28504714473605197
73.03,0.06914176789552942,-0.3076252297098582,0.05333806008353975,-0.030123888383761493,-2.3864271981687544e-09,-1.217515304599587e-09,0.06627486934898204,-0.23011080113871316,0.06077611335348208,-0.05454598909480179,-8.756303288845494e-05,0.0003054109807219397,0.07188562159841028,-0.2537982163134514,0.06632510667359107,-0.07182722679177471,-1.9769540305100344e-09,1.691592118079933e-09,0.07775411161495398,-0.28340668513255407
73.04,0.06893319719703797,-0.3067301787957205,0.05442598332630001,-0.03406010023306911,-2.386828250223026e-09,-1.2202437920188774e-09,0.06681321472374722,-0.2321930759703581,0.06179142514788314,-0.058172862545624794,-8.605947179812952e-05,0.00029877728819964304,0.07189707730819273,-0.2541058988014545,0.06722413802537953,-0.07500646302485649,-1.9825428034923823e-09,1.709251459007452e-09,0.07719860076485625,-0.28164092849264416
73.05,0.06869397952473227,-0.3056587001848523,0.0555104567719036,-0.03797816151573275,-2.3873507895643377e-09,-1.2225007007405544e-09,0.06732831949116967,-0.23421243993189733,0.06280087963811605,-0.0617742676508934,-8.452599417400173e-05,0.00029195969100644185,0.07188311995593608,-0.25433515708286775,0.06811563426668633,-0.0781546644783351,-1.98796057341955e-09,1.7263176273857452e-09,0.076614948481319,-0.279750130727757
73.06,0.0684242260129601,-0.3044113343458846,0.05659108887185607,-0.04187659580103656,-2.3879950347624916e-09,-1.2242841708407489e-09,0.06781998223592013,-0.23616798840383016,0.06380411701387505,-0.06534901747400303,-8.296318856788534e-05,0.0002849636521805948,0.07184372730384327,-0.25448528002334836,0.0689992809406913,-0.0812710716006352,-1.9932056376088607e-09,1.7427886531318116e-09,0.07600334504759378,-0.2777348737145158
73.07000000000001,0.06812406535592413,-0.30298871330345806,0.05766749005749028,-0.045753954758730044,-2.388761158147667e-09,-1.2255994483283211e-09,0.06828800793692417,-0.2380587503157952,0.06480078014439788,-0.06889594058977694,-8.13716621583674e-05,0.00027779339163265857,0.07177888505288049,-0.2545550764642035,0.06987476677806269,-0.08435494825043886,-1.998276337160478e-09,1.758663902146336e-09,0.07536399318725044,-0.27559576525477664
73.08,0.06779364374191088,-0.30139151225178745,0.058739272884468535,-0.049608818031440974,-2.3896492735103483e-09,-1.226445231849432e-09,0.06873220806388873,-0.2398837407179919,0.06579051469510518,-0.07241389057919395,-7.97520404021086e-05,0.0002704553746605783,0.07168858697448595,-0.2545426502483089,0.07074178377036955,-0.08740557961280125,-2.0031710805880146e-09,1.7739409522372622e-09,0.0746971080021644,-0.27333347743557324
73.09,0.06743312477143999,-0.2996208010827791,0.0598060521745885,-0.05343978971673867,-2.390659459514571e-09,-1.226824950163586e-09,0.06915240066941415,-0.24164218238865404,0.0667729692419238,-0.07590174594947603,-7.810496659359977e-05,0.00026295628535036704,0.07157283506305984,-0.25444686690751034,0.071600027241486,-0.0904222668010411,-2.00788832539216e-09,1.7886195549327043e-09,0.07400291689742146,-0.2709489866826704
73.10000000000001,0.06704268934686176,-0.29767791719462217,0.06086744515497952,-0.0572455012690268,-2.3917917471113387e-09,-1.2267400032671273e-09,0.06954841047001625,-0.24333333382371786,0.06774779538336025,-0.0793584020966099,-7.643110138926228e-05,0.0002553021425371408,0.07143163966899126,-0.2542664549542935,0.07244919591731043,-0.09340432637461607,-2.01242660439641e-09,1.8026979119202834e-09,0.07328165948523287,-0.2684434212553383
73.11,0.06662253553766845,-0.2955643059046127,0.06192307159362463,-0.06102464361162156,-2.393046119294503e-09,-1.2261929532057583e-09,0.06992006892617805,-0.24495629486638157,0.06871464785086848,-0.08278276656595662,-7.473112234600926e-05,0.00024749953016948924,0.07126501964204993,-0.2539995385247475,0.07328899199406261,-0.09635108603643631,-2.016784499629658e-09,1.8161740504048952e-09,0.07253358746965909,-0.26581809345569063
73.12,0.06617287842955118,-0.29328159734510517,0.06297255392950761,-0.06477596898351315,-2.3944225140886226e-09,-1.225186318520421e-09,0.07026721433431593,-0.24651001015807708,0.06967318461734985,-0.08617377703533338,-7.300572342065858e-05,0.00023955595330867662,0.07107300250275321,-0.25364438986058824,0.07411912120542152,-0.09926188332937318,-2.020960658370797e-09,1.8290466137868159e-09,0.07175896451234678,-0.2630745389343031
73.13,0.06569394995493676,-0.29083165893893265,0.06401551739748729,-0.06849826414099978,-2.3959208282244174e-09,-1.2237213229057092e-09,0.07058969193193292,-0.24799334686071572,0.07062306700302905,-0.08953040008255672,-7.125561442307064e-05,0.00023147849234703326,0.07085562460945366,-0.25319956939545696,0.07493929288853335,-0.10213606950567768,-2.0249537875176267e-09,1.8413129998253802e-09,0.07095806608105536,-0.26021437572860484
73.14,0.0651859987040184,-0.2882164942729645,0.06505159014865813,-0.07219036744133007,-2.397540907411993e-09,-1.2218018525274742e-09,0.07088735401842658,-0.24940488807348943,0.07156395977900526,-0.09285161199272407,-6.948152047532394e-05,0.00022327389716783724,0.07061293131157394,-0.25266353025199456,0.07574922004884188,-0.10497300571572163,-2.028762651389947e-09,1.8529720704287277e-09,0.07013117928851205,-0.25723926029158983
73.15,0.06464928972475936,-0.2854380966366467,0.06608040336628225,-0.07585115592900743,-2.399282556434592e-09,-1.2194313944765679e-09,0.07116006008924422,-0.25074328852247546,0.072495531268933,-0.09613641552238865,-6.768418144795793e-05,0.0002149502820606603,0.07034497710628772,-0.25203460075361295,0.07654861942396514,-0.10777205935528666,-2.0323860787530833e-09,1.8640209539633257e-09,0.06927860272045963,-0.25415108505626416
73.16,0.06408410431306777,-0.2824987093440329,0.06710159137816302,-0.07947952686578173,-2.4011455320809754e-09,-1.2166126844970585e-09,0.0714076769699109,-0.25200727407811485,0.07341745344797093,-0.09938385329442022,-6.586435133482213e-05,0.0002065155723224376,0.07005182579250561,-0.2513114646264821,0.077337211546597,-0.11053261308899487,-2.0358229620149157e-09,1.8744597924219756e-09,0.06840064624904642,-0.2509518150558365
73.17,0.06349073978317757,-0.2794008260036143,0.06811479176587579,-0.08307442210560027,-2.403129549116466e-09,-1.2133665417759783e-09,0.07163007895799642,-0.2531951535005634,0.07432940203876222,-0.10259298330840562,-6.40227976223316e-05,0.00019797701598022716,0.06973355060612231,-0.2504929237709625,0.07811472080605227,-0.11325406507304935,-2.039072243634535e-09,1.88428594093001e-09,0.06749763083946002,-0.24764336674318202
73.18,0.0628695092217958,-0.27614690818554183,0.06911964547104132,-0.08663479490090624,-2.405234285476119e-09,-1.2096919103422305e-09,0.07182714797967689,-0.2543053842503938,0.0752310566045789,-0.10576290525777292,-6.216030065836276e-05,0.00018934279281366233,0.06939023434194404,-0.24957779493175633,0.07888087550872681,-0.11593581403032445,-2.042132942702697e-09,1.8934985947886874e-09,0.06656988834809927,-0.24422796168528127
73.19,0.06222074123250946,-0.2727396268097945,0.070115796899119,-0.09015963196168074,-2.4074593673703603e-09,-1.20558263400588e-09,0.07199877374316964,-0.25533655395498267,0.07612210063898714,-0.10889275495119138,-6.027765297994586e-05,0.00018062108523300526,0.06902196946408135,-0.24856516887606683,0.07963540793799449,-0.11857726610016542,-2.045004130372494e-09,1.902095284866317e-09,0.06561776130468237,-0.24070788463703102
73.2,0.06154477966157764,-0.2691819441353572,0.07110289402016036,-0.09364795754158728,-2.4098043874473293e-09,-1.2010407645929672e-09,0.07214485388591393,-0.2562871492461967,0.07700222165139867,-0.11198171696917784,-5.837565862501916e-05,0.00017181962004095578,0.06862885818818887,-0.24745460027372487,0.08037805441349552,-0.12117783489727939,-2.0476849406880714e-09,1.910074482882958e-09,0.06464160268459994,-0.23708543982494054
73.21000000000001,0.06084198330215368,-0.26547692418659213,0.07208058846571108,-0.0970988391084824,-2.4122688838851813e-09,-1.1960711552930637e-09,0.07226529413024778,-0.2571554595305871,0.07787111124721416,-0.11502904993345571,-5.645513245385651e-05,0.00016294611689154535,0.06821101252258378,-0.2462460581715857,0.08110855535001747,-0.12373693050285692,-2.050174567415803e-09,1.9174339668834723e-09,0.06364177567099495,-0.23336319248881396
73.22,0.06011272558437176,-0.26162774274818257,0.07304853562224213,-0.10051136329693851,-2.4148523600738163e-09,-1.190678245396217e-09,0.07236000844668494,-0.2579399080373639,0.07872846520229544,-0.11803404651797192,-5.451689946276759e-05,0.00015400842464136604,0.0677685542760641,-0.2449396301743106,0.08182665531632843,-0.1262539653890286,-2.052472277178044e-09,1.9241718202767215e-09,0.06261865340045873,-0.2295438085168162
73.23,0.05935739425140397,-0.2576377893342332,0.07400639472280995,-0.10388461570891233,-2.417554285520285e-09,-1.1848681249832398e-09,0.07242891920583826,-0.2586391976864162,0.07957398353382397,-0.12099601458863403,-5.256179408180501e-05,0.00014501435890036999,0.06730161504760183,-0.24353553592795013,0.08253210309371288,-0.12872836010475633,-2.0545773891777377e-09,1.930285569808887e-09,0.061572618700220634,-0.22562990101698788
73.24,0.058576391020762036,-0.25351052114889006,0.07495382893706326,-0.1072177248323721,-2.4203740749492616e-09,-1.1786388845943137e-09,0.0724719573262313,-0.25925163127725587,0.08040737056902424,-0.12391428506860983,-5.05906594644088e-05,0.00013597163605860702,0.06681033620674644,-0.24203400851153553,0.08322465173452978,-0.1311595199911423,-2.05648929004731e-09,1.9357560002393256e-09,0.06050406382309069,-0.2216241757652924
73.25,0.05777013123716729,-0.24924942671849654,0.07589050545773214,-0.11050986510574898,-2.423311101508688e-09,-1.1720000902727796e-09,0.0724890624504581,-0.2597750540624429,0.08122833501182829,-0.12678820895739645,-4.860434676466462e-05,0.00012688823695055956,0.06629486887159204,-0.24043525357855358,0.08390405863301882,-0.13354647271191938,-2.058207423502967e-09,1.9405401191837706e-09,0.059413390176026086,-0.21752943038296754
73.26,0.05693904351515947,-0.24485823687480898,0.0768160955846354,-0.11376019031868302,-2.4263647106751568e-09,-1.16495792120194e-09,0.07248018312293059,-0.26020824775505896,0.0820365900076697,-0.1296171509737648,-4.660371439106762e-05,0.000117772227849271,0.06575537388191371,-0.2387396681733784,0.08457008561128712,-0.13588836808268917,-2.0597313163032694e-09,1.9446795542310857e-09,0.05830100804531409,-0.21334836568854962
73.27,0.05608356936775308,-0.24034073009355442,0.07773027480777413,-0.11696788745658934,-2.4295341993764614e-09,-1.1575101663622156e-09,0.07244527694725003,-0.2605494485693179,0.08283185320652217,-0.13240049792091307,-4.458962725378798e-05,0.00010863124072827908,0.06519202176343834,-0.23694764745007874,0.08522249899794843,-0.13818464023901442,-2.061060546105604e-09,1.9481912112709182e-09,0.05716733632167343,-0.20908378108836864
73.28,0.05520416282564278,-0.2357007632311774,0.0786327228879071,-0.12013218518167997,-2.4328188196502006e-09,-1.1496655831460166e-09,0.0723843107686638,-0.2607963529547609,0.08361384682405684,-0.13513765343136575,-4.256295602624638e-05,9.947275587352138e-05,0.06460499268729963,-0.235059622924109,0.08586106969059741,-0.1404347139594141,-2.062194759413476e-09,1.9510626980904045e-09,0.056012802221106994,-0.20473851736767923
73.29,0.054301290045636524,-0.23094238970319472,0.07952312393468958,-0.12325230310603699,-2.4362177949546344e-09,-1.1414302779850669e-09,0.07229726087032816,-0.2609474224969522,0.08438229770141426,-0.13782802498830274,-4.052457637138774e-05,9.030560414831716e-05,0.0639944764226549,-0.2330761903382516,0.0864855732127112,-0.14263802759628846,-2.0631336720601898e-09,1.9532958437546174e-09,0.05483784100450937,-0.20031532605480934
73.3,0.05337542890386874,-0.22606979507540986,0.0804011664838744,-0.1263274790382563,-2.43973030357518e-09,-1.132805932179725e-09,0.07218411315493452,-0.2610007136638626,0.08513693736423751,-0.14047102708383363,-3.847536814158715e-05,8.113705811366257e-05,0.06336067227729322,-0.2309980483198997,0.08709578977005908,-0.14479401970912442,-2.063877051261911e-09,1.9548861120338075e-09,0.05364289570191894,-0.19581692398310932
73.31,0.05242706857448387,-0.2210873021813426,0.08126654357302712,-0.12935697561319978,-2.4433554875219043e-09,-1.123799183168471e-09,0.07204486334448382,-0.2609538529481221,0.085877502080951,-0.14306608500403165,-3.641621465938957e-05,7.197306599954773e-05,0.062703789026581,-0.22882600339008968,0.08769150430657677,-0.14690213717971995,-2.0644247451802047e-09,1.955835192505231e-09,0.052428416841626004,-0.1912459828382508
73.32000000000001,0.051456709095365365,-0.2159993531166176,0.08211895281512054,-0.13234007279857793,-2.447092446323243e-09,-1.1144166991819874e-09,0.0718795171949271,-0.26080493202264676,0.08660373291992979,-0.14561263825484108,-3.4348002046426095e-05,6.282079808322873e-05,0.062024044832145735,-0.22656095572559667,0.08827250655952366,-0.14896183667138072,-2.064776650584885e-09,1.956141743037093e-09,0.051194862183198936,-0.18660514146410495
73.33,0.05046486092381664,-0.21081044066258037,0.08295809647050972,-0.13527605941652698,-2.4509402507820777e-09,-1.1046620674901182e-09,0.07168809069846681,-0.2605519731008689,0.08731537580533216,-0.14811014005094625,-3.227161850634963e-05,5.368749665354147e-05,0.061321667152774456,-0.22420383826624085,0.08883859111381467,-0.15097258060172655,-2.0649327434459526e-09,1.9558036758410857e-09,0.04994269645229691,-0.18189706215415907
73.34,0.04945204448596173,-0.20552510729551918,0.08378368151783035,-0.13816423394867028,-2.4548979283455246e-09,-1.0945427730955418e-09,0.071470610281686,-0.26019294676578064,0.08801218157163684,-0.15055805460272284,-3.0187953577019102e-05,4.4580214654336986e-05,0.06059689265065427,-0.22175562200976764,0.08938955745574607,-0.15293383556234136,-2.064893055136582e-09,1.9548204808575135e-09,0.04867239107454458,-0.17712442091026756
73.35000000000001,0.04841878972047324,-0.2001479709889152,0.08459541972377194,-0.1410039102239872,-2.458964465848765e-09,-1.0840637978030348e-09,0.07122711299666026,-0.2597261776732492,0.08869390601708957,-0.15295585515273682,-2.809789738037042e-05,3.550606261860745e-05,0.05984996709295826,-0.21921734652727023,0.08992521002620053,-0.15484507468056566,-2.064657679477052e-09,1.9531898461946386e-09,0.04738442390889656,-0.17228987301850662
73.36,0.04736563561631109,-0.19468369489207513,0.08539302771167862,-0.14379440939542548,-2.4631388252096695e-09,-1.073230480470209e-09,0.07095764669331768,-0.25915006429404525,0.08936030995622886,-0.1553030233651775,-2.6002339867609478e-05,2.6472047670772305e-05,0.05908114524792185,-0.21659009536976123,0.09044535827332156,-0.15670577514409362,-2.0642267844027306e-09,1.9509109345086257e-09,0.04607927898177497,-0.16739607284887834
73.37,0.04629312974510191,-0.18913699888877078,0.0861762270290049,-0.14653506822283183,-2.4674199345216377e-09,-1.0620490246353138e-09,0.07066227017026978,-0.25846335755288713,0.09001115927176206,-0.15759904277111914,-2.390217005676569e-05,1.7485303502346776e-05,0.05829069077538992,-0.2138750165824971,0.09094981670493898,-0.1585154115624503,-2.063600608080889e-09,1.9479816796297384e-09,0.0447574462224277,-0.1624456496612315
73.38,0.045201827787439905,-0.1835126838059337,0.08694474421251674,-0.1492252669374918,-2.4718066639441365e-09,-1.0505259224106826e-09,0.07034105328752961,-0.2576654319279139,0.09064622496597348,-0.1598434037975856,-2.1798275256098083e-05,8.55302889873564e-06,0.05747887611056262,-0.21107334660806135,0.09143840494072632,-0.16027346874911066,-2.062779428475368e-09,1.944401665165712e-09,0.043419421201182494,-0.157441179624853
73.39,0.04409229305144606,-0.17781563926259733,0.08769831084908833,-0.15186444903028412,-2.476297877049075e-09,-1.0386650457468465e-09,0.06999407701752669,-0.256756437383307,0.09126528321154861,-0.16203560364244765,-1.9691540274697564e-05,-3.176033545778683e-07,0.05664598233901665,-0.20818642150621616,0.09191094776341133,-0.16197944753793656,-2.0617636169140887e-09,1.9401714398837643e-09,0.042065704872917206,-0.1523851705661472
73.4,0.04296509598428416,-0.17205079304639587,0.08843666363168623,-0.15445208502020558,-2.480892390213193e-09,-1.0264693041453584e-09,0.06962143343622859,-0.25573682407737325,0.09186811540192505,-0.16417513968415068,-1.7582846778964078e-05,-9.124368654641297e-06,0.05579229906332824,-0.20521563327267503,0.0923672751687619,-0.16363285630879187,-2.0605535970227373e-09,1.935289989616965e-09,0.04069680332585559,-0.1472801005631842
73.41,0.04182081368003469,-0.16622307684160773,0.08915954441265742,-0.15698764917124555,-2.485588988016933e-09,-1.013940685161824e-09,0.06922322568348106,-0.2546070622566575,0.09245450821084343,-0.1662612066791623,-1.547307367181292e-05,-1.789048049233432e-05,0.05491812426486483,-0.20216237704155818,0.09280722241481516,-0.16523320568351235,-2.0591498615295182e-09,1.9297560010357903e-09,0.03931322753344797,-0.14212843852915036
73.42,0.04066002938648945,-0.160337430267177,0.0898667002559335,-0.15947062768948922,-2.4903864241424654e-09,-1.0010845539599643e-09,0.06879956791355257,-0.2533677148309558,0.09302425366690335,-0.1682929974038368,-1.3363097134270856e-05,-2.658452491634131e-05,0.05402376416331356,-0.19902808019331372,0.09323063007063723,-0.16678001310358898,-2.0575529646810926e-09,1.9235696189713064e-09,0.037915493107793304,-0.13693263671821784
73.43,0.03948333201147364,-0.15439879672745976,0.09055788348816447,-0.16190052006844668,-2.495283415315196e-09,-9.87908561825625e-10,0.06835058523894655,-0.252019401295401,0.09357714922483999,-0.17027000783165044,-1.1253788763399475e-05,-3.518467991856359e-05,0.05310953307282909,-0.19581422572344545,0.09363734406434927,-0.1682728074924741,-2.0557635296493215e-09,1.9167327480503617e-09,0.03650412005452406,-0.13169513217130072
73.44,0.03829131562912166,-0.148412113526503,0.0912328517486963,-0.16427683445103222,-2.500278651000165e-09,-9.744136143378872e-10,0.06787641366735941,-0.25056281314298556,0.09411299782067041,-0.17219177283792655,-9.146013761414842e-06,-4.369053730337101e-05,0.052175753253757666,-0.1925223298398218,0.09402721573680772,-0.16971091186483095,-2.0537822491217482e-09,1.909160291140241e-09,0.03507963252994116,-0.1264183238585111
73.45,0.037084578987038284,-0.1423823001480975,0.09189136803878209,-0.16659908159654907,-2.505370780233096e-09,-9.60606519604403e-10,0.06737720003204817,-0.2489987037371539,0.09463160791934011,-0.17405781413250876,-7.040630074818305e-06,-5.2092208083647076e-05,0.051222754760826446,-0.18915393405976472,0.09440010192907676,-0.1710928765014527,-2.051609879534551e-09,1.900847555348071e-09,0.03364255860314734,-0.12110451929669533
73.46000000000001,0.03586372501514992,-0.13631425715969958,0.09253320077032157,-0.1688667779099703,-2.510558435392028e-09,-9.464882624894722e-10,0.06685310191569856,-0.24732789183107312,0.095132793561776,-0.17586766897154094,-4.938487721235914e-06,-6.038745166903797e-05,0.050250875288555076,-0.1857106075291498,0.09475586509210542,-0.17241790042782498,-2.0492472659092525e-09,1.891871707536096e-09,0.03219343002244522,-0.11575605854947386
73.47,0.03462936033659111,-0.13021286442465746,0.0931581238139228,-0.17107945119356308,-2.5158402018784833e-09,-9.320658224269666e-10,0.06630428756798881,-0.24555125583455098,0.09561637441124099,-0.1776208809105005,-2.8404282078639426e-06,-6.85709297352505e-05,0.0492604600140081,-0.18219394484712,0.09509437336542201,-0.17368564311242984,-2.0466953046881496e-09,1.8822417590207136e-09,0.03073278198143437,-0.11037529750952256
73.48,0.03338209478112688,-0.124082968137497,0.09376591654615589,-0.1732366337081669,-2.5212146410367557e-09,-9.173403574468913e-10,0.06573093581717503,-0.2436697301715703,0.09608217579900111,-0.17931699589479277,-7.472838657610318e-07,-7.663469064020846e-05,0.04825186143692832,-0.17860556677618517,0.09541550062399994,-0.1748956434243225,-2.043954963557774e-09,1.8719493569651024e-09,0.029261152884862963,-0.10496455348010733
73.49,0.032122540902191354,-0.11792936787208787,0.09435636389644764,-0.17533785508728103,-2.5266802884639774e-09,-9.023123644398994e-10,0.06513323597602642,-0.2416843037837452,0.09653002876993692,-0.1809555539133495,1.3401229558622599e-06,-8.457246336861858e-05,0.047225439217336275,-0.17494711808796007,0.09571912651970996,-0.1760475139985925,-2.041027284226406e-09,1.8609974867806106e-09,0.027779084116678763,-0.09952612343284928
73.5,0.030851313498282955,-0.11175682127073622,0.09492925639384919,-0.17738265060394467,-2.5322356461895427e-09,-8.869887759186774e-10,0.06451138774210378,-0.2395960252144082,0.09695977012814652,-0.18253610334798268,3.420980575930839e-06,-9.238087673194863e-05,0.046181560010939426,-0.17122025926073275,0.09600513652261693,-0.17714083171633452,-2.037913361858354e-09,1.8493920777903592e-09,0.026287119810612686,-0.09406227905780586
73.51,0.02956902913841345,-0.10557005459867329,0.09548439021306328,-0.1793705722851445,-2.537879175821547e-09,-8.713765684566102e-10,0.06386560109227532,-0.23740599942715346,0.09737124248162117,-0.1840582131793286,5.49448854852238e-06,-0.00010005475965461757,0.045120597302740616,-0.16742666796754727,0.09627342196130972,-0.17817521480929613,-2.03461436729e-09,1.8371351190711836e-09,0.024785806623247655,-0.0885752651278071
73.52,0.028276305691423177,-0.0993737492573564,0.09602156721923624,-0.18130118190365885,-2.543609329247293e-09,-8.554788169208577e-10,0.06319609617166452,-0.23511538341093127,0.09776429428537227,-0.18552146439633324,7.559858261597385e-06,-0.00010758893601954655,0.044042931238901295,-0.16356804016389384,0.09652388006139695,-0.17915029765566273,-2.031131532837045e-09,1.8242314480528748e-09,0.023275693509891497,-0.08306729492421373
73.53,0.026973761859979673,-0.09317253000988852,0.09654059501181583,-0.18317404533139475,-2.549424517075373e-09,-8.393009878662287e-10,0.06250310317734169,-0.23272538472029033,0.09813877988337126,-0.18692544418825227,9.616313555648276e-06,-0.00011497872368403557,0.042948948456879354,-0.15964608726539126,0.09675641398185666,-0.18006573194064976,-2.0274661550649756e-09,1.810681268035612e-09,0.021757331503421663,-0.07754055263655174
73.54,0.025662016720220896,-0.0869709611516685,0.09704128696787517,-0.1849887331010105,-2.5553231180548083e-09,-8.228460704717987e-10,0.06178686223696973,-0.2302372597410908,0.0984945595497215,-0.1882697471491265,1.1663091312838592e-05,-0.0001222195721725988,0.041839041914001736,-0.15566253480540954,0.09697093284985919,-0.18092118085155773,-2.023619594966183e-09,1.7964806857937018e-09,0.0202312734961216,-0.07199719180187483
73.55,0.024341689267766354,-0.08077353664342646,0.09752346228512873,-0.1867448158100566,-2.5613034938404328e-09,-8.061196905666292e-10,0.061047623282563857,-0.2276523123621557,0.0988314995292422,-0.1895539712484045,1.3699442052654807e-05,-0.00012930614075136018,0.04071361071467282,-0.1516191197321384,0.09716735183332452,-0.18171505554569659,-2.019593293074683e-09,1.7812834126778686e-09,0.01869807402833073,-0.06643921265262703
73.56,0.023013397970714996,-0.07458467796991053,0.09798694602479177,-0.18844186618093833,-2.567363980251109e-09,-7.891212784074815e-10,0.060285645919558595,-0.2249718911069974,0.0991494720809981,-0.1907776090337763,1.5724629649020765e-05,-0.000136262693928253,0.03957305993673842,-0.14751757861487716,0.09734559228213331,-0.18244553869462646,-2.015388776175103e-09,1.7653302453763086e-09,0.01715828908713006,-0.060868555183281325
73.57000000000001,0.021677760330379922,-0.06840871964985175,0.0984315691588541,-0.19007931063505462,-2.573502870750974e-09,-7.718660731719896e-10,0.059501199292030675,-0.22219736691875197,0.09944835555542672,-0.19193923113996653,1.7737929764593705e-05,-0.0001431081510125492,0.0384178004603636,-0.1433595596008124,0.09750558186272969,-0.18311219401495085,-2.011007637663727e-09,1.7487759935489338e-09,0.015612475907965393,-0.055287258555708714
73.58,0.020335392450660898,-0.06224990433412528,0.09885716863307618,-0.19165629908272913,-2.5797184392569043e-09,-7.543550899128804e-10,0.058694561945732915,-0.2193301168290948,0.09972803450383153,-0.1930379022065223,1.9738630233530656e-05,-0.00014978778468656594,0.03724824879938166,-0.13914677237537829,0.09764725462154829,-0.1837148279298687,-2.0064515511457695e-09,1.7315344968449688e-09,0.01406119277277286,-0.04969735478564318
73.59,0.018986908616110288,-0.05611239776342267,0.09926358743694308,-0.19317229223637558,-2.5860089401636784e-09,-7.365811248362092e-10,0.057866021688099296,-0.216371591376876,0.09998839976272154,-0.19407330157348915,2.172603394082107e-05,-0.00015628703550833888,0.036064826928991295,-0.13488100310982848,0.09777055101162216,-0.1842531676855437,-2.0017222402704443e-09,1.7136566861062307e-09,0.012504998807905019,-0.044100829847003614
73.60000000000001,0.01763292087802798,-0.05000029017858001,0.09965067465891307,-0.1946269071252212,-2.592372596066133e-09,-7.185538476603419e-10,0.057015875442470956,-0.21332330620971934,0.10022934850016166,-0.19504503986097718,2.3699460312733898e-05,-0.00016261914532699132,0.034867962108761606,-0.1305640283079158,0.097875417915871,-0.18472701950350282,-1.996821505307001e-09,1.6951383932740994e-09,0.010944453785102826,-0.03849964863278597
73.61,0.016274038648600404,-0.04391758401802909,0.1000182855293823,-0.1960197099110293,-2.598807606277094e-09,-7.002811155114686e-10,0.05614442909662169,-0.2101868104482846,0.10045078425125922,-0.19595279637378227,2.565824512712654e-05,-0.00016878149352839866,0.03365808670434122,-0.12619763249817617,0.09796180871384216,-0.1851347060863048,-1.991751224285998e-09,1.6753599431263265e-09,0.009380117929784878,-0.03289560207265916
73.62,0.014910868303520034,-0.037868198386479396,0.10036628146165494,-0.1973503128227985,-2.605312149460614e-09,-6.817706595083865e-10,0.055251997347328496,-0.20696368658353487,0.10065261695199247,-0.19679623842810792,2.760174062291588e-05,-0.00017476918502933375,0.03243563800880273,-0.12178360435859176,0.09802968346974131,-0.1854729433976229,-1.9865133879850852e-09,1.654625373481364e-09,0.007812551744432074,-0.027290284482869718
73.63,0.013544012793314861,-0.031855961415085336,0.10069453009178539,-0.1986183235861671,-2.6118843633891387e-09,-6.630254268581596e-10,0.05433890354176698,-0.20365554543783643,0.1008347629715117,-0.19757505822480828,2.952931613728347e-05,-0.0001805738359492625,0.031201058063329568,-0.1173237413394534,0.0980790091511456,-0.18574097349629437,-1.9811100604275567e-09,1.633285395103096e-09,0.006242315838834737,-0.02168549437471912
73.64,0.012174071264655658,-0.025884578800651026,0.10100290531788583,-0.19982334517898453,-2.618522379470048e-09,-6.440331774930171e-10,0.053405479516077055,-0.200264022121784,0.10099714517015179,-0.19828808285849892,3.144035603538121e-05,-0.00018628172262878786,0.029954793479853404,-0.11281976123752485,0.09810975972440936,-0.1859390202309903,-1.975543395744389e-09,1.6112450075359358e-09,0.004669970752384927,-0.016083086515406058
73.65,0.010801638692898238,-0.01995764835674948,0.1012912873397889,-0.2009649798149943,-2.6252243001607736e-09,-6.248089275476737e-10,0.05245206543120644,-0.19679078120463975,0.10113969303832206,-0.19893288720722344,3.333425692964428e-05,-0.00019185280735355904,0.02869729527177864,-0.10827324313189429,0.09812191624580724,-0.18606425820822134,-1.9698156411997652e-09,1.5873534294760333e-09,0.003096076779265165,-0.010484599147649286
73.66,0.009427305524974044,-0.01407868583326041,0.10155956269812083,-0.20204285327909746,-2.6319881901532213e-09,-6.053647695148707e-10,0.05147900960560727,-0.19323752585729334,0.10126234286303966,-0.19950870776863236,3.521043003927851e-05,-0.000197221792281393,0.027429018688054512,-0.1036859308574255,0.09811546714785022,-0.18611178893804525,-1.9639291817210575e-09,1.562181886506522e-09,0.0015211938151500088,-0.0048913432776233005
73.67,0.008051657332009889,-0.008251094672348962,0.10180762431258564,-0.20305657973284474,-2.6388121236845977e-09,-5.857044935497178e-10,0.05048666834444139,-0.18960599268973102,0.10136503781498532,-0.20001549916682407,3.7068305015848175e-05,-0.000202396836538807,0.026150423039470492,-0.09905964393184692,0.09809040857904357,-0.18608025079442783,-1.9578865458354768e-09,1.5363105314200463e-09,-5.411878786804583e-05,0.0006950693207275028
73.68,0.006675274472464433,-0.0024781716447447085,0.10203537153966931,-0.20400514774932962,-2.645694110539652e-09,-5.657165064254556e-10,0.04947540576805504,-0.1858978638803005,0.10144772799052829,-0.20045246273583944,3.890732818565403e-05,-0.0002074654972095105,0.024861971520297448,-0.0943961256732865,0.0980467445578537,-0.18596996964537105,-1.951690322238385e-09,1.5096631427606376e-09,-0.0016293023807090927,0.006272897583207296
73.69,0.005298731766528502,0.003236907615805733,0.10224271027273137,-0.204887181164703,-2.6526321688940464e-09,-5.454730216011016e-10,0.04844559364337229,-0.1821147917090657,0.10151037057491485,-0.2008156197866892,4.072695643076509e-05,-0.00021248256687465293,0.023564131042446135,-0.08969678811847207,0.09798448698301636,-0.1857809624396014,-1.9453431933515565e-09,1.4823996692804868e-09,-0.00320379918734526,0.011840457259694565
73.7,0.003922598182248349,0.008891082838027312,0.1024295530454645,-0.20570217875300406,-2.659624262336818e-09,-5.250407765786267e-10,0.047397611213866514,-0.1782585570505776,0.10155293011698995,-0.20110294818675042,4.252665619881839e-05,-0.00021733801901694074,0.02225737208150288,-0.08496323703310549,0.09790365561666901,-0.18551354088094843,-1.9388478815484183e-09,1.4544689987236919e-09,-0.004777052474618759,0.01739606312746532
73.71000000000001,0.0025474365334434684,0.014481410924316755,0.10259581909250103,-0.20644986126849063,-2.6666683479809846e-09,-5.043995333964481e-10,0.04633184502205821,-0.17433099733954185,0.1015753787562906,-0.20131287388784322,4.430590228436036e-05,-0.0002222136177208041,0.02094216851816927,-0.08019712751082965,0.09780427806196687,-0.18516792143029787,-1.9322071989567733e-09,1.4259171231099714e-09,-0.006348506720049637,0.02293805910656986
73.72,0.001173803189093743,0.020005057357856987,0.10274143438430444,-0.20712986756234417,-2.6737623639290006e-09,-4.835728490082042e-10,0.04524868872665893,-0.17033395144914615,0.10157769654750996,-0.20143869911135065,4.6064170943626657e-05,-0.00022711334983789623,0.019618997489178384,-0.07539960352372146,0.09768638973607363,-0.18474443405246685,-1.925424001952925e-09,1.3967434159493323e-09,-0.007917607777675018,0.02846480601614627
73.73,-0.00019775220584969673,0.02545930794514019,0.10286633170686618,-0.20774037389236297,-2.680904209717702e-09,-4.621258601237941e-10,0.044148542923129024,-0.16626910876776993,0.10155987190066611,-0.20147788848795864,4.7800940148686626e-05,-0.0002319072790431913,0.018288339249883788,-0.07057221720199618,0.09755003383914843,-0.1842434178285912,-1.918501218519202e-09,1.3669736013155857e-09,-0.009483803041689953,0.033974690498240284
73.74,-0.0015666869975482316,0.030841577272574198,0.10297045083139587,-0.2082790333754737,-2.688091741307104e-09,-4.4036597162805713e-10,0.043031814973017016,-0.16213811259347924,0.10152190182533463,-0.20143087442997706,4.951569500426733e-05,-0.00023662568931234296,0.01695067701768263,-0.06571681516061727,0.09739526131920517,-0.18366525830056943,-1.911441834039462e-09,1.336621835638375e-09,-0.011046541607848527,0.03946611929095338
73.75,-0.002932465777677008,0.0361494060596837,0.10305373868514901,-0.2087452354398962,-2.6953227789518907e-09,-4.1830956152666675e-10,0.04189891883217304,-0.1579428125654322,0.10146379196239395,-0.2012975617408306,5.1207928720997926e-05,-0.00024127189704274216,0.015606496794279803,-0.06083519625217078,0.09722213083306146,-0.1830103874821269,-1.904248886759002e-09,1.3057071342678593e-09,-0.012605274432494392,0.04493752671635892
73.76,-0.0042945606248029344,0.041380471178216575,0.10311614954571158,-0.2091351663784306,-2.7025950923013e-09,-3.952602035506623e-10,0.04075027487981109,-0.15368472927102644,0.10138555657214006,-0.20107821366484455,5.2877141760621114e-05,-0.0002458488595509233,0.014256287183366407,-0.05592919626030383,0.09703070870280664,-0.18227927851440173,-1.8969254764932663e-09,1.274244874877667e-09,-0.014159454489263035,0.05038736604802571
73.77,-0.005652451332632773,0.046532575058037935,0.10315764536177355,-0.20944492817666474,-2.7099063712769993e-09,-3.711696176302096e-10,0.03958630975959141,-0.14936538745091596,0.10128721851854046,-0.2007729826718385,5.452284151116274e-05,-0.0002503599845178502,0.012900539207732325,-0.05100064123642622,0.09682106886824862,-0.18147243932569013,-1.8894747631270084e-09,1.2422516529463698e-09,-0.01570853692369703,0.055814110753416475
73.78,-0.007005625625691815,0.05160363887735365,0.10317819624557738,-0.2096672455496399,-2.717254162489928e-09,-3.457130845114355e-10,0.03840745623677177,-0.14498599482853247,0.10116880924778904,-0.20038215375103557,5.6144541834903954e-05,-0.0002548120972932394,0.011539746125656534,-0.04605137272800524,0.09659329283553132,-0.18059041994371985,-1.881899936749516e-09,1.2097428201542402e-09,-0.01725197920586401,0.061216254745220314
73.79,-0.008353579362588836,0.056591715241463086,0.10317778103858695,-0.2097979285741309,-2.7246359603259824e-09,-3.198018901993805e-10,0.03721415306088497,-0.14054808434470156,0.10103036876229464,-0.199906018715566,5.7741762526034876e-05,-0.0002592089796919291,0.01017440324672883,-0.04108323225468847,0.09634746962192951,-0.17963380463047357,-1.8742042716163608e-09,1.176737018575043e-09,-0.018789241280965017,0.06659231156995284
73.8,-0.009695816726275047,0.061494991416451324,0.10315638765276823,-0.20983728252687017,-2.7320491628369365e-09,-2.9388018347194514e-10,0.036006844804026564,-0.13605366117125042,0.10087194558969423,-0.19934493484377347,5.931402898561902e-05,-0.0002635498420854138,0.00880500774724252,-0.036098065669388814,0.09608369569707761,-0.178603211480717,-1.8663910585173147e-09,1.1432505409821575e-09,-0.02031978571799673,0.07194081360646686
73.81,-0.011031850401052961,0.06631178408603466,0.10311401314293825,-0.20978515925923003,-2.739491169845095e-09,-2.677809808366306e-10,0.03478598167034722,-0.13150469909413734,0.10069359674741368,-0.1986992945363444,6.0860872156323436e-05,-0.00026783453415694334,0.007432058485312059,-0.031097721163517958,0.09580207492085376,-0.17749929093759445,-1.8584636575535664e-09,1.1093008351017428e-09,-0.021843077856568315,0.07726031063795862
73.82000000000001,-0.01236120173652727,0.07104053967942504,0.10305066370241012,-0.2096417444875095,-2.746959385728553e-09,-2.416078883574953e-10,0.0335520192962558,-0.12690322051065753,0.10049538770267488,-0.1979695396236182,6.238182851679308e-05,-0.0002720626934365554,0.006056055815703184,-0.02608404998987374,0.09550271847801335,-0.17632272534176,-1.850425469882018e-09,1.074905106345627e-09,-0.02335858595196489,0.08254936957558744
73.83,-0.013683400898616917,0.07567983369128772,0.10296635465367664,-0.2094071407268324,-2.754451179930146e-09,-2.1532952582716926e-10,0.03230541854869335,-0.12225125260000673,0.10027739232810465,-0.1971561528686541,6.387644006107394e-05,-0.0002762341928172523,0.004677501404407515,-0.021058905297410127,0.0951857448096625,-0.17507422767057665,-1.842279936233858e-09,1.0400809824018868e-09,-0.024865781318507467,0.08780657391500744
73.84,-0.014997987007672494,0.0802283702664855,0.10286111043277238,-0.20908157482165657,-2.761963925019511e-09,-1.8898162201595153e-10,0.03104664532143385,-0.11755084763327077,0.10003969285299301,-0.19625966083993773,6.534425426539616e-05,-0.000280348914524668,0.003296898043015354,-0.0160241418964071,0.09485127954166839,-0.1737545406894107,-1.8340305411782746e-09,1.0048456352205888e-09,-0.026364138471256,0.09303052336211073
73.85000000000001,-0.016304508263759575,0.08468498139240861,0.10273496456853938,-0.2086652930705086,-2.769494988477835e-09,-1.625659486909669e-10,0.029776170329638394,-0.11280407120308063,0.09978237981031429,-0.19528063108690177,6.67848240413524e-05,-0.0002844068605248412,0.0019147494629429128,-0.010981615546728957,0.09449945541010533,-0.17236443591782918,-1.8256808149260789e-09,9.692172497532684e-10,-0.02785313526609699,0.09821983340131811
73.86,-0.017602522059190474,0.08904862602931957,0.10258795965629591,-0.20815861246688785,-2.7770417242462287e-09,-1.361014486534109e-10,0.028494468902712428,-0.10801300647965302,0.0995055519795926,-0.19421967215641692,6.81977076770198e-05,-0.0002884080941164024,0.0005315601495693649,-0.005933182473705456,0.09413041218383249,-0.17090471271024862,-1.8172343196152698e-09,9.3321291329491e-10,-0.02933225303825582,0.10337313492328215
73.87,-0.018891595078397768,0.09331838902379501,0.10242014732627787,-0.2075618938015993,-2.7846014836507046e-09,-1.0959833330350935e-10,0.027202020775606055,-0.10317975044186191,0.09920931632571027,-0.19307743218398182,6.958246876615581e-05,-0.0002923527652842276,-0.000852164843660621,-0.0008806987571355779,0.0937442965842986,-0.16937619730106124,-1.8086946593719987e-09,8.968508642005319e-10,-0.030800976739270448,0.10848907385318012
73.88,-0.02017130338526353,0.09749347988783906,0.10223158820679587,-0.20687555377065456,-2.7921716164589602e-09,-8.307057957320465e-11,0.025899309878651307,-0.09830641410695883,0.09889378793374942,-0.19185459819468403,7.093867612620214e-05,-0.00029624109339035804,-0.0022359200811093096,0.004173980228750261,0.09334126220266697,-0.1677797418891227,-1.8000654668907615e-09,8.601489417886639e-10,-0.032258795072464326,0.11356631081133779
73.89,-0.021441232498032377,0.1015732314115047,0.10202235188227048,-0.20610005752616092,-2.7997494733942305e-09,-5.653055030448826e-11,0.02458682412605595,-0.09339512074838682,0.09855908993996176,-0.19055189504718528,7.22659037063941e-05,-0.00030007337035958825,-0.0036191999307362646,0.009229000414403964,0.09292146941435334,-0.16611622372356907,-1.7913504227215475e-09,8.231254359598141e-10,-0.03370520062695136,0.1186035207903289
73.9,-0.02270097745195224,0.10555709813252018,0.10179251684620379,-0.20523592096316368,-2.80733239574153e-09,-2.999118144460737e-11,0.02326505520316222,-0.08844800510633119,0.09820535345895927,-0.1891700845541466,7.356373048615601e-05,-0.0003038499527032169,-0.0050014987497469365,0.014282509627954215,0.09248508529106667,-0.16438654420944498,-1.7825532197788364e-09,7.85797675161546e-10,-0.03513969001020379,0.12359939285759959
73.91,-0.023950142849799527,0.10944465465997726,0.1015421704492016,-0.2042837081042099,-2.8149177372914743e-09,-3.464765903330402e-12,0.021934498352584163,-0.08346721208943562,0.0978327175072198,-0.18770996451177682,7.483174036536693e-05,-0.00030757125820056875,-0.00638231107003844,0.01933265820501205,0.09203228351044332,-0.16259162802330912,-1.7736776037309327e-09,7.481845496718434e-10,-0.03656176397921451,0.12855262987933613
73.92,-0.025188342900464126,0.11323559386201591,0.10127140884213606,-0.20324403090833007,-2.8225028344402986e-09,2.303591044671688e-11,0.02059565215933906,-0.07845489571881273,0.09744132892300154,-0.18617236777112917,7.606952204704118e-05,-0.0003112377593071104,-0.0077611317833842395,0.02437759960368176,0.09156324426336157,-0.160732422243175,-1.7647273197848545e-09,7.103031752965128e-10,-0.03797092757027673,0.13346194826809407
73.93,-0.02641520144577663,0.11692972492157196,0.10098033691455338,-0.20211754784645072,-2.830085044188081e-09,4.9498887938885726e-11,0.019249018335082465,-0.07341321793946415,0.09703134228276032,-0.18455816128362407,7.727666891386008e-05,-0.0003148499772854381,-0.009137456326289704,0.029415491030383704,0.0910781541590244,-0.15880989549026275,-1.7557061660176238e-09,6.721723604214958e-10,-0.039366690227412515,0.1383260777532197
73.94,-0.027630351975781006,0.12052697126679371,0.10066906822842571,-0.20090496307619593,-2.8376617237133665e-09,7.591141686893876e-11,0.017895101501570043,-0.06834434748739196,0.0966029198141646,-0.1828682451533933,7.845277889942402e-05,-0.0003184084750999921,-0.010510780864464487,0.0344444940734153,0.09057720612789517,-0.1568250370835663,-1.7466179539407992e-09,6.338099036517193e-10,-0.0407485659294632,0.14314376117459787
73.95,-0.028833437632659206,0.12402736838205117,0.10033772494735184,-0.19960702530186988,-2.8452302278736695e-09,1.022614310393613e-10,0.01653440897345276,-0.06325045871917048,0.09615623130580306,-0.1811035516790947,7.959745435593856e-05,-0.00032191385012389566,-0.011880602476838394,0.039462775345226526,0.0900605993225715,-0.15477885620669524,-1.737466513006119e-09,5.952335173829653e-10,-0.04211607331587216,0.1479137542995731
73.96000000000001,-0.0300241112037548,0.1274310544016516,0.09998643775763547,-0.19822464577471638,-2.8527879364125073e-09,1.2833195837415162e-10,0.015167450539575932,-0.058133761381796524,0.09569145401354516,-0.17926504877045216,8.07103019269205e-05,-0.00032536646255208713,-0.013246419339110076,0.04446850565074159,0.08952853901653655,-0.15267238572294087,-1.7282557044673383e-09,5.564580724386582e-10,-0.04346873581111419,0.15263482742250434
73.97,-0.031202035105940523,0.13073821372146327,0.09961534574859354,-0.19675976804961712,-2.860332246952879e-09,1.5394936399844727e-10,0.01379473823447736,-0.05299672261604238,0.09520877256240122,-0.1773537724625572,8.179093250410275e-05,-0.0003287643679421665,-0.014607730907179897,0.04945984935295311,0.08898123649954097,-0.15050671701439458,-1.7189893966222937e-09,5.175089892328663e-10,-0.04480608174728879,0.1573057787743548
73.98,-0.03236688137473657,0.13394873825474696,0.0992245962450053,-0.1952141304862026,-2.867860610213759e-09,1.7905331073017756e-10,0.012416786101077144,-0.04784166074480838,0.09470837881745439,-0.1753716289828425,8.283896198275026e-05,-0.00033208360517825874,-0.01596403810532303,0.05443482485649012,0.08841890895966602,-0.14828326416109405,-1.7096714735405335e-09,4.788839919366482e-10,-0.04612764448325368,0.1619254644895118
73.99,-0.03351833167293666,0.13706232493104073,0.09881434464049467,-0.19358910876297356,-2.8753705084030312e-09,2.0392593984146377e-10,0.011034109958579811,-0.04267079856493743,0.09419047168465539,-0.1733213610168175,8.385401284137026e-05,-0.000335310291463657,-0.01731484352412608,0.059391372096389616,0.08784177930507883,-0.1460048414300022,-1.7003057697293424e-09,4.409306988776615e-10,-0.047432962530451026,0.16649241342042306
74.0,-0.03465607729282528,0.14007937481254837,0.09838475425364171,-0.19188605371606735,-2.8828594610701767e-09,2.2846163057168631e-10,0.00964722717694888,-0.03748639349498853,0.09365525689314771,-0.17120441431235164,8.483571516118609e-05,-0.00033844682528644206,-0.018659651618363006,0.06432765196405825,0.08725007593029922,-0.14367361406204127,-1.690896091744724e-09,4.0299439818530313e-10,-0.04872157969199006,0.1710052119764141
74.01,-0.03577981911758108,0.14300061217488874,0.09793599617941653,-0.19010673949684298,-2.890325027927197e-09,2.5265923097962847e-10,0.008256656449250149,-0.03229077782816161,0.09310294683913689,-0.16902178021662181,8.578370676054893e-05,-0.00034149184526207754,-0.019997968893388337,0.06924189367400789,0.08664403251991755,-0.141290676125269,-1.6814462337681704e-09,3.649081152499652e-10,-0.04999304519706744,0.1754627148569207
74.02,-0.036889267555633896,0.14582667520218484,0.09746824913131646,-0.18825257988497712,-2.8977647927658183e-09,2.7659052682250557e-10,0.006862917563202137,-0.02708616829185463,0.09253376046393416,-0.16677489975960283,8.669763339996475e-05,-0.00034443733856821834,-0.021329304085552853,0.07413226902405826,0.08602388791347042,-0.13885726932574075,-1.6719599917111667e-09,3.269192727634015e-10,-0.051246913819664085,0.1798638194685715
74.03,-0.037984142476985255,0.14855807149779823,0.09698169929730613,-0.1863248469797754,-2.905176355732713e-09,3.0024870976552125e-10,0.005466531178343123,-0.021874736943944123,0.09194792308958742,-0.16446615936155456,8.75771496061175e-05,-0.00034726837943767385,-0.02265316834726452,0.07899684735189225,0.08538988596305955,-0.13637531977239983,-1.6624411353262358e-09,2.8951013235966063e-10,-0.05248274599318105,0.1842073144792566
74.04,-0.039064173147923015,0.15119562439917933,0.09647654020974775,-0.18432481684300722,-2.912557361002959e-09,3.2375671567243484e-10,0.004068018607174234,-0.01665867218376437,0.09134566621881691,-0.16209730140523226,8.842191952728002e-05,-0.0003499845298281424,-0.02396907543455178,0.08383381740614879,0.0847422753396281,-0.1338472275071657,-1.6528934061609964e-09,2.5233926290366735e-10,-0.05370010793376754,0.1884918538412023
74.05,-0.04012909814263646,0.15374048621603775,0.0959529726238603,-0.1822535734257324,-2.9199054575324745e-09,3.471153865641419e-10,0.0026679015979301675,-0.011440111993722715,0.09072722736856605,-0.15966940440046615,8.923161714171248e-05,-0.0003525877920806644,-0.025276541887657638,0.08864146771785213,0.0840813093345572,-0.13127434782764555,-1.6433205182708702e-09,2.1508934904521355e-10,-0.05489857176613325,0.192716296280336
74.06,-0.04117866523046755,0.15619387514484098,0.09541120440330499,-0.18011227444297268,-2.9272183220053845e-09,3.703136559810925e-10,0.0012667021194832059,-0.006221196044090098,0.0900928499440547,-0.15718370879923457,9.000592615978653e-05,-0.00035507706548304946,-0.026575087204561032,0.09341807951480836,0.0834072457132648,-0.12865771933225476,-1.6337261959191244e-09,1.778527221314396e-10,-0.056077715639364416,0.19687958242267387
74.07000000000001,-0.04221263125035227,0.15855711255878824,0.09485145040302137,-0.17790217144217788,-2.9344936325584623e-09,3.9322150573206125e-10,-0.00013505785281802058,-0.0010040637211418404,0.08944278311988288,-0.1546413922444663,9.074453999732733e-05,-0.00035745253499185157,-0.027864234012059588,0.09816196046746628,0.08272034660068234,-0.12599852306557408,-1.6241141416963534e-09,1.4059859106018223e-10,-0.0572371238350804,0.2009806386363879
74.08,-0.04323076197775138,0.16083155908393448,0.09427393233161886,-0.175624980864944,-2.941729117828262e-09,4.1579627412362045e-10,-0.0015368565530484478,0.004209089487731499,0.08877728171867823,-0.15204370867295358,9.144716181101395e-05,-0.00035971252015536874,-0.029143508235601048,0.10287142088923429,0.08202087836710766,-0.12329790258499895,-1.6144880840048762e-09,1.0339811034206892e-10,-0.05837638687319934,0.2050184388590627
74.09,-0.04423283198545521,0.1630186476720285,0.09367887859735445,-0.17328214690061386,-2.9489225194843214e-09,4.3815349420968154e-10,-0.002938172641187412,0.009416138421586595,0.08809660608711854,-0.14939191506268243,9.21135046007595e-05,-0.0003618555649595448,-0.030412439267897235,0.10754478927805633,0.08130911151156149,-0.12055705107628432,-1.6048517311900457e-09,6.624784960498043e-11,-0.0594951016151266,0.2089919731508513
74.10000000000001,-0.04521862450010998,0.16511981171688253,0.09306652416292258,-0.17087496611976602,-2.956071602573753e-09,4.602611087739938e-10,-0.004338485416115549,0.014614993771605004,0.08740102195534132,-0.14668775283570773,9.274329161111429e-05,-0.00036387157945673215,-0.03167056013736654,0.11218036878595812,0.08058532053011869,-0.11777759305647593,-1.5952087692333037e-09,2.958464904677403e-11,-0.060592871367433555,0.2129001590797329
74.11,-0.04618793125461686,0.1671365735302536,0.09243711041051969,-0.1684048124999171,-2.963174174468809e-09,4.821580342494203e-10,-0.005737275025330279,0.01980357030714367,0.08669080026732853,-0.14393312659174376,9.333625694723706e-05,-0.00036575745889948154,-0.0329174076776677,0.11677645552771468,0.07984978374897818,-0.11496157358313683,-1.5855628691501817e-09,-6.82885299015054e-12,-0.061669305990498434,0.21674185931141982
74.12,-0.047140552330173474,0.16907065121644715,0.09179088500927735,-0.16587295376475647,-2.970228051742065e-09,5.038699397000531e-10,-0.007134022672628285,0.024979819289327198,0.08596621701128923,-0.1411293696950921,9.389214590056255e-05,-0.00036751417298522943,-0.034152522695337716,0.12133143383894587,0.07910278315134524,-0.11211028924477345,-1.5759176693358354e-09,-4.3232836674773636e-11,-0.06272402200725248,0.22051606753398859
74.13,-0.04807629598437932,0.1709238484589974,0.09112810178585781,-0.16328067544226585,-2.9772310560547495e-09,5.253734654613934e-10,-0.008528210823396236,0.030141707855673446,0.08522755307868392,-0.13827769692486575,9.441071501244624e-05,-0.00036914048314051594,-0.035375450132000254,0.12584372706564845,0.07834460424065967,-0.10922478732381341,-1.566276787137615e-09,-7.954853018793388e-11,-0.06375664270493657,0.22422182885032188
74.14,-0.048994978469704416,0.17269802337395465,0.09044902059584864,-0.16062927648421285,-2.984181063120688e-09,5.466690406194608e-10,-0.009919323407767737,0.035287222993579594,0.08447509413834985,-0.13537938897215615,9.489173214340701e-05,-0.0003706361582410287,-0.036585739222545405,0.13031176982403708,0.07757553592759997,-0.10630622262437756,-1.5566438575165014e-09,-1.1579991952279013e-10,-0.06476679823172526,0.2278581881351038
74.15,-0.049896423845764815,0.17439509662285924,0.08975390719368093,-0.1579200706270267,-2.9910759415298313e-09,5.677449488404325e-10,-0.011306846021874858,0.04041437103677941,0.08370913051051095,-0.1324357005661011,9.533497656185805e-05,-0.0003720004414765494,-0.03778294365117784,0.13473402249160693,0.07679587041854376,-0.10335569020823004,-1.5470224938825095e-09,-1.5196042470596476e-10,-0.06575412569159644,0.23142421417620787
74.16,-0.050780463785955486,0.17601704032292576,0.08904303310114837,-0.1551543845191711,-2.99791359248909e-09,5.885954082027883e-10,-0.012690266127094355,0.04552117930814858,0.0829299570401631,-0.12944790589270033,9.574023904054852e-05,-0.00037323283025429227,-0.038966621705361915,0.1391089647248397,0.07600590310411169,-0.10037430915943299,-1.5374163054077014e-09,-1.8802796356765894e-10,-0.06671826923765313,0.2349189875910041
74.17,-0.05164693737887988,0.17756587650316605,0.08831667547460105,-0.15233355744342375,-3.0046919528580187e-09,6.092103415302996e-10,-0.014069073247198012,0.050605696655623894,0.08213787297012452,-0.12641727533207917,9.610732196443339e-05,-0.0003743326994898673,-0.04013633642757763,0.1434350994294066,0.07520593244825234,-0.09736318077652541,-1.5278288895549197e-09,-2.2398795947282516e-10,-0.06765888016382672,0.23834160686771735
74.18,-0.05249569092515475,0.17904366788861614,0.08757511697082526,-0.14945894261206522,-3.0114089557403527e-09,6.295776290921335e-10,-0.015442759163310123,0.05566599474954224,0.08133318181359162,-0.12334508880530193,9.643603944775016e-05,-0.0003752994692387397,-0.04129165576487499,0.14771095090146474,0.07439625987754454,-0.09432341233833606,-1.5182638287556606e-09,-2.5982488667152133e-10,-0.06857561699494769,0.2416911869778523
74.19,-0.05332657773069261,0.1804524979097069,0.08681864561114465,-0.14653192031275913,-3.0180625937307343e-09,6.496860417135605e-10,-0.016810818106527854,0.060700170226934455,0.08051619122577935,-0.12023264293197222,9.672621746827658e-05,-0.0003761323390921866,-0.042432152716304794,0.15193506284249067,0.07357718967017217,-0.0912561235018916,-1.5087247146040114e-09,-2.955228342100574e-10,-0.06946814557478904,0.2449668703692252
74.2,-0.054139457896786224,0.18179449792804936,0.08604755464391448,-0.14355387049107887,-3.0246508488262354e-09,6.695341213721907e-10,-0.018172746948127566,0.06570634289626046,0.07968721287473964,-0.11708122804077961,9.697769401554821e-05,-0.00037683069210786704,-0.043557405478174466,0.1561060044786671,0.07274902884461244,-0.08816241951426103,-1.4992150896710945e-09,-3.3108341244122355e-10,-0.07033613915214183,0.24816780831043272
74.21000000000001,-0.054934198106217365,0.1830718418506489,0.08526214240653616,-0.14052617167840903,-3.0311717581275985e-09,6.891133143459358e-10,-0.019528045387385614,0.07068265633117944,0.07884656231241642,-0.11389212605330705,9.719031923952262e-05,-0.0003773940720026423,-0.044666997586836094,0.16022237144124193,0.07191208704933275,-0.08504338803636939,-1.4897385167087996e-09,-3.6649758589538033e-10,-0.07117927846563149,0.2512931607590384
74.22,-0.05571067140579686,0.18428672442767416,0.08446271218718282,-0.1374502141139124,-3.0376233746965396e-09,7.084125522946977e-10,-0.020876216136957927,0.07562728011814765,0.077994558846074,-0.11066662414878028,9.736395559691096e-05,-0.00037782204368667547,-0.04576051805892554,0.16428278273632033,0.07106667645096952,-0.08190020323073124,-1.4802985150183794e-09,-4.016170600798441e-10,-0.0719972518277019,0.2543420950266473
74.23,-0.056468756987381186,0.18544133290331632,0.0836495720846397,-0.134327431120901,-3.0440037806244805e-09,7.273809558158285e-10,-0.022216765105898595,0.08053840315042043,0.07713152540876698,-0.10740603741204485,9.74984780120013e-05,-0.00037811387019010825,-0.04683756152898947,0.16828588726559543,0.07021311160407728,-0.07873450922155582,-1.4708985951141381e-09,-4.3637672276184726e-10,-0.07278975520922211,0.25731374067410295
74.24,-0.05720833996838759,0.1865378728234462,0.08282303485911713,-0.13115947196425612,-3.0503110989818796e-09,7.459703103084986e-10,-0.023549201581174847,0.08541421532370808,0.07625778842801458,-0.10411169098923219,9.759377409911791e-05,-0.00037826761475080555,-0.047897728384409644,0.17223035818378446,0.06935170930605038,-0.07554762319271797,-1.4615422243724755e-09,-4.709386877944156e-10,-0.07355649232406256,0.2602072838170944
74.25,-0.057929311170771776,0.1875785785177037,0.08198341777394563,-0.12794790810309042,-3.0565434796553106e-09,7.642381326654073e-10,-0.024873038407459306,0.09025294815084592,0.07537367768442112,-0.10078520171151749,9.764974459482278e-05,-0.0003782769513084099,-0.04894062489897208,0.176114854122973,0.06848278846790823,-0.07234057066419423,-1.4522328561350602e-09,-5.053287981900146e-10,-0.0742971747100813,0.2630219604516436
74.26,-0.058631566898162464,0.18856569008065951,0.0811310424414068,-0.12469416313358868,-3.0626991061675607e-09,7.822083959790728e-10,-0.026187792163216112,0.09505288551277816,0.07447952615797206,-0.09742811250090719,9.766630382688579e-05,-0.0003781424746884211,-0.04996586336562155,0.17993806745416635,0.06760667000395017,-0.06911444166419935,-1.4429739202170209e-09,-5.395223978027299e-10,-0.07501152180620049,0.26575701692712766
74.27,-0.05931500871173505,0.18950146468427612,0.08026623467751663,-0.12139965682495632,-3.0687762016703757e-09,7.998660911885409e-10,-0.027492983332501403,0.09981233910028603,0.07357566988034718,-0.09404170282685671,9.76433799219135e-05,-0.00037786526514192736,-0.050973062226078565,0.18369874729644525,0.06672367672568638,-0.06587027107921145,-1.433768833184927e-09,-5.735230912506038e-10,-0.07569926102738884,0.2684117184760932
74.28,-0.059979543205171876,0.1903881619217245,0.07938932436019494,-0.11806579986270876,-3.0747730146086737e-09,8.172110585831138e-10,-0.028788136473444158,0.10452964963439447,0.07266244780192545,-0.09062724491182145,9.758091491856995e-05,-0.0003774445368418617,-0.051961846196145446,0.187395669777239,0.06583413323707028,-0.06260909855589436,-1.4246209884516898e-09,-6.073172107245757e-10,-0.07636012783810697,0.2709853428598362
74.29,-0.06062508178123671,0.19122797817480996,0.07850064528768087,-0.11469401181448513,-3.0806878148851405e-09,8.342339692032026e-10,-0.03007278038222036,0.10920323921177522,0.07174020166449964,-0.08718600611823249,9.747886493740682e-05,-0.0003768806225527251,-0.05293184638935812,0.19102758469658584,0.06493836583089098,-0.05933195379740746,-1.41553375619302e-09,-6.408986208184029e-10,-0.076993865822011,0.2734772566161066
74.3,-0.061251540436720917,0.19202294179119564,0.07760053503639551,-0.11128572167404112,-3.086518931198489e-09,8.509326015602114e-10,-0.03134644824690229,0.11383170888162945,0.0708092758746909,-0.08371924348319501,9.733720037121642e-05,-0.00037617285754834383,-0.05388270044529941,0.19459311520097397,0.06403670238531964,-0.05603987439168909,-1.406510497178918e-09,-6.742580735414519e-10,-0.07760022674013752,0.27588704920847096
74.31,-0.061858839560595416,0.1927749659369553,0.07668933481798462,-0.10784236414090981,-3.0922647014907785e-09,8.672993123069252e-10,-0.032608677786991044,0.11841378477099465,0.06987001737818926,-0.08022820686603017,9.715590610691216e-05,-0.00037532070088937974,-0.054814052666843784,0.19809081418968766,0.06312947226037341,-0.05273389435806052,-1.397554538051488e-09,-7.073876473255965e-10,-0.07817897057176672,0.2782144575702941
74.32000000000001,-0.062446903742899185,0.1934859110043515,0.07576738933596164,-0.10436537163815769,-3.0979235054169497e-09,8.833325371820181e-10,-0.03385901138128142,0.1229482560833854,0.06892277553470771,-0.07671414105572667,9.693498177184792e-05,-0.00037432351547335955,-0.055725554163530394,0.20151922905573771,0.062217006194606614,-0.04941504103421294,-1.3886691905618716e-09,-7.402794992928509e-10,-0.07872986554175755,0.2804592781264442
74.33,-0.06301566159035288,0.19415758113293105,0.07483504664243061,-0.10085617391957802,-3.1034937536102575e-09,8.990256790017962e-10,-0.0350969961882041,0.1274339743796048,0.06796790199348016,-0.07317828588388696,9.667444198498177e-05,-0.00037318081007870196,-0.05661686299671621,0.20487690293226368,0.06129963620246231,-0.046084333348764904,-1.379857736839121e-09,-7.729249384971148e-10,-0.07925268814022665,0.2826213655022878
74.34,-0.0635650455474238,0.19479173095767852,0.07389265799512833,-0.09731619604745599,-3.108973900945025e-09,9.143760172868249e-10,-0.03632218426021948,0.13186984346852182,0.06700575056924518,-0.06962187660648074,9.637431660737809e-05,-0.0003718921673122321,-0.05748764432483138,0.208162385626841,0.06037769547243895,-0.042742781555087817,-1.3711234435978326e-09,-8.053168316074777e-10,-0.07974722313682774,0.28470061781764033
74.35000000000001,-0.06409499172091473,0.19539011963344158,0.07294057771502066,-0.0937468542968849,-3.1143624220761543e-09,9.293798787427144e-10,-0.037534132654489336,0.1362547638440115,0.0660366771186182,-0.066046146362969,9.603465098320489e-05,-0.00037045746526688994,-0.05833757054638542,0.21137429152459558,0.05945151826623944,-0.03939138333984992,-1.362469548467348e-09,-8.374469153077952e-10,-0.08021326359278536,0.2866968987970441
74.36,-0.06460543970833298,0.19595441163663216,0.07197916304453947,-0.09014956117046356,-3.119657839139131e-09,9.440326505564242e-10,-0.03873240353995917,0.1405877237494919,0.06506103941685842,-0.06245232181298047,9.565550616932896e-05,-0.00036887660271235677,-0.05916632144054508,0.21451120581310817,0.05852143981891277,-0.03603112989480939,-1.3538992582928777e-09,-8.69307324046354e-10,-0.08065061087091187,0.28861016437853904
74.37,-0.06509633243110445,0.19648626639899297,0.07100877400647469,-0.08652571957875337,-3.1248586971555185e-09,9.583315284066284e-10,-0.03991656430022637,0.14486770936446497,0.06407919703505598,-0.05884162772441955,9.523695915492648e-05,-0.0003671497504045846,-0.059973584305892,0.21757177767707991,0.057587796239931564,-0.032663000527566745,-1.3454157583210562e-09,-9.008907410649716e-10,-0.08105907464276509,0.29044033735365754
74.38,-0.06556761596932412,0.1969873655134226,0.07002977326375984,-0.08287672119257883,-3.129963588032049e-09,9.7227162506831e-10,-0.04108618763575495,0.14909367473369725,0.06309151121756962,-0.05521528793010878,9.477910306021486e-05,-0.00036527742455817107,-0.06075905409364562,0.2205547516785704,0.05665092441537545,-0.029287961901995632,-1.3370222051243296e-09,-9.321877058871025e-10,-0.08143847289793228,0.2921872652832985
74.39,-0.06601923940175787,0.19745919140117715,0.06904252597989581,-0.07920396108959835,-3.134971134018443e-09,9.858498868561233e-10,-0.04224085166232887,0.15326474815322425,0.06209834475973467,-0.05157452023226793,9.428204732334853e-05,-0.0003632599233088153,-0.061522433538552586,0.22345875412871383,0.05571116191122313,-0.02590697259638843,-1.328721729095432e-09,-9.6318967107067e-10,-0.08178863195348038,0.29385093161498876
74.4,-0.06645115465311151,0.1979032985171587,0.06804739967985941,-0.0755088203758042,-3.1398799951119537e-09,9.990637139752088e-10,-0.04338014000418756,0.1573799715668381,0.06110006188579653,-0.0479205453977112,9.374591788540603e-05,-0.0003610978107562824,-0.062263433289032145,0.22628256341773917,0.05476884688071996,-0.02252088019491321,-1.3205174298668912e-09,-9.938924172702938e-10,-0.08210938648334076,0.2954305042793701
74.41,-0.06686331634647143,0.19832108892743205,0.06704476411189632,-0.07179267165478212,-3.1446888682233446e-09,1.0119095905479601e-09,-0.04450364188397551,0.1614385163659542,0.0600970281271928,-0.04425457205309454,9.317085737454143e-05,-0.0003587914632107581,-0.06298177203430537,0.2290248878288014,0.05382431798026697,-0.01913043892747849,-1.3124123773338599e-09,-1.0242871680721727e-09,-0.08240057960151084,0.2969246250483052
74.42,-0.06725568166642962,0.1987138190800764,0.0660349911102132,-0.0680568809515096,-3.1493964839632315e-09,1.0243851336583866e-09,-0.045610952204407716,0.16543967028095385,0.059089610201581905,-0.040577802196396215,9.255702529805875e-05,-0.0003563411595747739,-0.06367717663373193,0.23168437856963003,0.05287791429312593,-0.015736370170613686,-1.304409614582377e-09,-1.0543692231750711e-09,-0.08266206299565604,0.29833166639417025
74.43,-0.0676282102304582,0.1990828114747614,0.06501845445863755,-0.06430279893104338,-3.1540016136992084e-09,1.0364871227302471e-09,-0.04670167162502074,0.16938261101804075,0.05807817589231982,-0.03689144172514415,9.190459822772196e-05,-0.00035374765757275163,-0.0643493822448529,0.23425986462476223,0.05192997525659625,-0.01233939512559817,-1.2965121489972854e-09,-1.0841291256619116e-09,-0.08289369709376564,0.2996496972996901
74.44,-0.06798086396569603,0.19942920343755777,0.06399552975544913,-0.06053176709108131,-3.1585030631204832e-09,1.0482120041104502e-09,-0.047775406640855604,0.17326655495180823,0.05706309392798349,-0.03319669308586401,9.121376994668178e-05,-0.000351011885265339,-0.0649981324428388,0.23675020530193594,0.050980840589535135,-0.008940245196094992,-1.2887229585294356e-09,-1.113560901306376e-09,-0.08309535125475119,0.30087666869845975
74.45,-0.06831360699843086,0.19975397751355642,0.0629665942792973,-0.05674511627250007,-3.1628996837988424e-09,1.0595575152760879e-09,-0.04883176966157823,0.17709071250514177,0.05604473386202039,-0.029494757734124147,9.048475155177449e-05,-0.0003481349723359862,-0.06562317933253736,0.23915433720234128,0.05003085021929819,-0.005539654398599839,-1.2810449912067368e-09,-1.1426541824129551e-09,-0.08326690397870648,0.30201027731814345
74.46000000000001,-0.06862640555612877,0.2000580782462445,0.06193202685627124,-0.05294416292122261,-3.167190352315521e-09,1.070520538196243e-09,-0.04987037909425217,0.18085416019533854,0.05502346595241135,-0.025786840566704564,8.97177715299777e-05,-0.0003451183119527386,-0.06622428364961569,0.24147140704775294,0.0490803442068922,-0.002138403995886515,-1.2734811556794227e-09,-1.1713970235474088e-09,-0.08340824313028264,0.3030482769504165
74.47,-0.06891922788023187,0.20034226346728873,0.06089220772821325,-0.049130213082173,-3.1713739905171692e-09,1.0810989988913193e-09,-0.05089085943392892,0.18455593905352288,0.05399966104123915,-0.022074144754314642,8.891307583718769e-05,-0.000341963246129764,-0.06680121484634768,0.2437006731821173,0.04812966266934745,0.0012627119122091757,-1.2660343294435668e-09,-1.1997872722235873e-09,-0.08351926617389079,0.303988109335596
74.48,-0.06919204415213437,0.2006071891729798,0.05984751842208847,-0.0453045644693496,-3.175449559952385e-09,1.0912907576418799e-09,-0.05189284135756091,0.18819512454328713,0.05297369043442785,-0.018357868588108197,8.807092798682031e-05,-0.00033867128969770145,-0.06735375116684301,0.24584142293929334,0.04717914569683668,0.004662779786977535,-1.2587073564157854e-09,-1.227751345345125e-09,-0.08359988042866934,0.30482703825464
74.49,-0.06944482642811205,0.20085350583713543,0.05879834162034265,-0.041468502826075594,-3.1794160587913683e-09,1.1010938807203129e-09,-0.05287596182046263,0.19177067695393213,0.0519459257817487,-0.014639210732670235,8.719160912739898e-05,-0.0003352444129072133,-0.06788167971287569,0.24789313022718473,0.0462291332589941,0.008060735464209821,-1.2515030360453307e-09,-1.255309134506826e-09,-0.08365000332425944,0.30556278550879085
74.5,-0.06967754858099569,0.20108172141672456,0.057745061032302425,-0.03762330465332708,-3.1832725267420877e-09,1.1105051538077122e-09,-0.05383986415713848,0.19528157706091567,0.05091673895711751,-0.010919363031124448,8.627541809043735e-05,-0.00033168474192897795,-0.06838479649847337,0.2498553159020641,0.04527996510603583,0.011455663721281758,-1.2444241333565045e-09,-1.2824978117292827e-09,-0.08366956265096773,0.3061926355645503
74.51,-0.06989018625115656,0.20129227569492886,0.05668806126640707,-0.0337702420358821,-3.187018033835946e-09,1.1195221289523539e-09,-0.054784198182049916,0.19872684834034007,0.049886501939311836,-0.0071995145049281815,8.532267141086219e-05,-0.00032799456198255876,-0.06886290649797101,0.2517275178941662,0.04433198067533104,0.014846683983847708,-1.237473366685684e-09,-1.3092807194766463e-09,-0.08365849683369575,0.3067135092750113
74.52,-0.07008271680245756,0.20148564950304312,0.05562772770323726,-0.029910574285607866,-3.190651697922672e-09,1.128144308500899e-09,-0.05570862029165143,0.2021053916935623,0.04885558669307217,-0.003480850711367691,8.433370335063596e-05,-0.00032417586948494596,-0.06931582368639083,0.2535094650716598,0.04338551899980949,0.018232824376622412,-1.2306534210217573e-09,-1.335648859470182e-09,-0.08361675519871896,0.3071234208683988
74.53,-0.07025511928200288,0.20166218035466857,0.054564446369622044,-0.02604554912176678,-3.1941726733664035e-09,1.1363701601901444e-09,-0.0566127935704238,0.20541614716796153,0.04782436505082487,0.00023545547533778045,8.3308865922747e-05,-0.0003202309266940068,-0.06974337106924652,0.25520091233435266,0.04244091861224826,0.021613103326600706,-1.2239669411239088e-09,-1.3616075147545278e-09,-0.08354429822415331,0.3074193963145928
74.54,-0.07040737438600238,0.2018222121951946,0.053498603813821446,-0.022176406215661346,-3.197580152323991e-09,1.144199127493751e-09,-0.05749638789868975,0.2086580125916003,0.04679320859526354,0.003948236369527692,8.224852886802602e-05,-0.0003161625822420955,-0.07014538070406291,0.2568017191386262,0.04149851744625965,0.024986506249738197,-1.2174165214819316e-09,-1.3871307980883376e-09,-0.0834410978171263,0.3075984775259583
74.55,-0.07053946442849662,0.20196607912760883,0.05243058698158604,-0.0183043771929723,-3.2008733748312607e-09,1.1516277735450439e-09,-0.058359080064465475,0.21182979728377474,0.04576248854288534,0.007656338688334358,8.115307958732631e-05,-0.0003119737587919312,-0.07052169371368151,0.25831182708805933,0.04055865273430906,0.028351981302245317,-1.2110047334999507e-09,-1.4122014369217211e-09,-0.08330713758678472,0.30765844809001747
74.56,-0.0706513733150519,0.20209396713206595,0.05136078309295161,-0.01443068798580023,-3.204051609015803e-09,1.1586560328999061e-09,-0.05920055387904164,0.21493035826751133,0.0447325756298586,0.011358658202084773,8.002292307014009e-05,-0.00030766726137885906,-0.07087216030291453,0.2597308708107158,0.039621660901956575,0.031708434955984216,-1.2047340843997096e-09,-1.4368192843409602e-09,-0.0831424130962897,0.30759657544037894
74.57000000000001,-0.07074308652925086,0.2022058919537116,0.05028957951970435,-0.010556557145446914,-3.2071141650420555e-09,1.1652809446023986e-09,-0.06002050029417883,0.21795848038253346,0.04370384000177914,0.015054128861925625,7.885848180215068e-05,-0.0003032460698418381,-0.07119663979369809,0.261058324144299,0.038687877458230324,0.03505473878450718,-1.1986070381092135e-09,-1.460961695165745e-09,-0.0829469321266012,0.3074100960230425
74.58,-0.07081459113151854,0.20230183776264823,0.04921736366350408,-0.0066831974809929496,-3.2100604043484737e-09,1.1715012662225158e-09,-0.06081861752188947,0.22091294953825044,0.042676651106292846,0.018741684891699324,7.766019562129034e-05,-0.00029871336147860636,-0.071495000672835,0.26229370668349683,0.03775763688288494,0.038389745837966095,-1.1926260235904532e-09,-1.4846155624784174e-09,-0.0827207149371175,0.307096728036524
74.59,-0.07086587576610415,0.20238168488879052,0.04814452283460662,-0.0028118164044581137,-3.2128897072292723e-09,1.1773149994126384e-09,-0.06159461115523107,0.22379256320848284,0.041651377587128835,0.022420281230311593,7.642852160665597e-05,-0.00029407085217153766,-0.07176712064598195,0.263436365401517,0.03683127251090298,0.04171227170958382,-1.1867934073937515e-09,-1.5077703484374097e-09,-0.08246379450438247,0.3066541491560076
74.60000000000001,-0.070896930677048,0.2024452095219923,0.047071444131099406,0.0010563828797651362,-3.215601518635555e-09,1.1827184889522402e-09,-0.062348194288185374,0.22659612927446068,0.04062838717702355,0.026088803441345534,7.516393431578061e-05,-0.00028931143499858614,-0.07201288669920398,0.26448564889518356,0.03590911641371462,0.04502109738200191,-1.1811115165019529e-09,-1.530409873157628e-09,-0.08217621675392425,0.3060800161197668
74.61,-0.07090774773204167,0.20249216586995009,0.045998514318607894,0.00492020211382554,-3.2181953157553725e-09,1.1877116179055663e-09,-0.06307908763407452,0.22932247885919763,0.03960804658706294,0.02974611866172962,7.386692589484478e-05,-0.0002844457719817411,-0.07223219516118325,0.2654409924452823,0.03499149927780993,0.04831499855428208,-1.1755826275364054e-09,-1.5525210807399993e-09,-0.08185804078039238,0.3053724241019397
74.62,-0.07089832045391016,0.20252216343166027,0.044926119710524244,0.008778449222643233,-3.2206705978000552e-09,1.1922930771455477e-09,-0.0637870196439376,0.23197040055657617,0.03859072139676841,0.03339119187633473,7.253800552818075e-05,-0.00027948219579793104,-0.07242495176552394,0.26630168837949914,0.034078750281614154,0.051592725112316426,-1.1702089502376272e-09,-1.5740925630490836e-09,-0.08150933904627983,0.30452947412214654
74.63,-0.07086864406146777,0.2025347539787489,0.04385464604873635,0.01262993517018565,-3.223026927743184e-09,1.1964603741117231e-09,-0.0644717266261351,0.23453869622787454,0.037576775948936075,0.03702299719260077,7.117769888622754e-05,-0.00027442166652399545,-0.07259107171787561,0.267067046223236,0.03317119697082026,0.054853021562522614,-1.1649926477459572e-09,-1.5951103425630098e-09,-0.08113019756344034,0.30354953453817995
74.64,-0.07081871551529734,0.20252951488979756,0.04278447838478908,0.016473475991509876,-3.225263907691516e-09,1.2002125587108357e-09,-0.06513295286332534,0.23702625877521888,0.03656657324618374,0.04064048670024909,6.978654785509085e-05,-0.0002692686913648405,-0.07273047976136965,0.26773649422051493,0.0322691651330545,0.05809463579437502,-1.1599358395325527e-09,-1.6155628306254693e-09,-0.08072071604935095,0.30243136041272267
74.65,-0.07074853356660381,0.20250591998106765,0.041716000961540683,0.02030789355698546,-3.2273811669737536e-09,1.2035475775915514e-09,-0.06577045072642687,0.23943192464577823,0.0355604748466377,0.04424261388625442,6.8365110243814e-05,-0.00026402636036661496,-0.0728431102345287,0.268309503489771,0.03137297867342744,0.06131634227096049,-1.1550405722621347e-09,-1.63543904002358e-09,-0.08028100804813355,0.3011740588609766
74.66,-0.07065809881337484,0.20246335554356318,0.04064959709527636,0.024132011859440233,-3.229378395121802e-09,1.206463812290411e-09,-0.06638398079174598,0.24175445981698418,0.034558840759413754,0.0478283372908528,6.69139594453028e-05,-0.0002586986867864633,-0.07292890713072839,0.26878535031174233,0.030482959493238412,0.06451697279876514,-1.150308848870666e-09,-1.6547287742697943e-09,-0.079811201009501,0.2997772894802743
74.67,-0.0705474137641638,0.20240116694305219,0.03958564905811077,0.027944656998425514,-3.23125530124182e-09,1.2089599752606923e-09,-0.06697331195889596,0.24399275359990216,0.03356202933998449,0.051396602676462934,6.543368406018154e-05,-0.00025328987197735487,-0.07298782416490235,0.2691633605427438,0.0295994273725126,0.06769537447749562,-1.1457425987479927e-09,-1.6734231837343024e-09,-0.07931143632386708,0.2982410229978821
74.68,-0.07041648290689226,0.20231865790226758,0.03852453796066195,0.03174465901322857,-3.233011651799935e-09,1.2110336598829488e-09,-0.06753822155956174,0.24614583979240404,0.03257039718444495,0.054946337194099464,6.392488745737916e-05,-0.0002478044916076169,-0.07301982483379645,0.26944311443857594,0.028722699854395125,0.07085039325599812,-1.1413437011643234e-09,-1.6915122797630646e-09,-0.07878186932579642,0.2965654046562969
74.69,-0.07026531278400701,0.20221501854976942,0.03746664363511443,0.035530852763416526,-3.234647256564053e-09,1.2126857534462646e-09,-0.06807849545644842,0.24821276016754992,0.03158429902246315,0.058476463210787484,6.238818730712866e-05,-0.000242246470287335,-0.07302488246490313,0.26962412034072664,0.027853092129908465,0.07398087878682208,-1.1371139793421232e-09,-1.7089883880913421e-09,-0.07822266928023257,0.2947506593672467
74.7,-0.07009391208016542,0.20208924080232116,0.03641234451868055,0.039302075657591064,-3.23616195524123e-09,1.213914270747843e-09,-0.06859392814033123,0.2501925128901172,0.030604087609526657,0.06198589972683222,6.082421509688896e-05,-0.00023662039726895582,-0.0730029802845714,0.2697052175771147,0.026990916922879023,0.0770856808965977,-1.133055187536302e-09,-1.7258421720292143e-09,-0.07763401936110362,0.29279701999482255
74.71000000000001,-0.06990229172000523,0.2019403789071827,0.0353620175363508,0.043057134771140974,-3.2375556345586874e-09,1.2147240921602733e-09,-0.06908432282268653,0.25208430406648386,0.02963011361856966,0.06547355401457339,5.9233615590885525e-05,-0.00023093131152685848,-0.07295411150311593,0.2696858112480535,0.02613648437511424,0.08016365477335777,-1.1291690151283979e-09,-1.7420661057341855e-09,-0.0770161166197316,0.29070498611363155
74.72,-0.06969046496614141,0.20176750585614686,0.03431603798268941,0.0467948530220232,-3.238828227531043e-09,1.2151119855298427e-09,-0.06954949151559936,0.25388744730871216,0.028662725530676506,0.0689383242280132,5.7617046252691483e-05,-0.00022518359056465762,-0.07287827937220333,0.2695657277444671,0.02529010193208325,0.08321366311615666,-1.1254570970357551e-09,-1.7576525954383777e-09,-0.0763691719346127,0.28847522914518275
74.73,-0.06945844752184224,0.20156947211835013,0.033274779404959265,0.05051409033534268,-3.239979702227555e-09,1.215076762539546e-09,-0.0699892551055435,0.255601149779177,0.027702269524304365,0.07237908249635264,5.5975176683737944e-05,-0.00021938113504884984,-0.07277549724033122,0.26934381920422323,0.024452074229201197,0.08623457263645869,-1.1219209954046944e-09,-1.772593969975058e-09,-0.07569340994885303,0.28610837493706404
74.74,-0.06920625764421967,0.2013451303888443,0.03223861348859054,0.05421371309780846,-3.2410100724727756e-09,1.21461846412523e-09,-0.07040344342461889,0.25722480264013825,0.026749089362858143,0.07579469495114002,5.4308688039655126e-05,-0.00021352896627905465,-0.07264578864134148,0.2690191567803598,0.023622702978700238,0.08922525771790095,-1.1185622182863486e-09,-1.7868836629954837e-09,-0.07498906899926677,0.2836052825011774
74.75,-0.0689339162592549,0.2010934113245685,0.031207909943913904,0.05789259452871815,-3.2419193950949233e-09,1.2137378853945858e-09,-0.07079189530967026,0.2587579635434417,0.025803526281527003,0.07918402995789554,5.2618272385976516e-05,-0.00020763182057967813,-0.07248918737739611,0.2685912643170646,0.022802286857303008,0.09218460379390375,-1.1153822028539007e-09,-1.8005154708603884e-09,-0.07425640102772768,0.2809670420618813
74.76,-0.0686414470727474,0.20081324996625383,0.0301830363935549,0.061549614075978545,-3.242707760922088e-09,1.2124352561063062e-09,-0.07115445864804362,0.2602002390695668,0.02486591887330449,0.08254592958065807,5.090463204826005e-05,-0.00020169366318415464,-0.07230573758602972,0.26805931728061416,0.02199112139487676,0.09511150539225453,-1.1123823123923248e-09,-1.813483392142805e-09,-0.0734956714729163,0.27819485999047056
74.77,-0.06832887668131885,0.2005035209765236,0.029164358260899338,0.06518367143635372,-3.24337531126724e-09,1.2107105223347043e-09,-0.07149099041837195,0.2615512120838018,0.023936602972761994,0.08587920365533737,4.9168478981998854e-05,-0.00019571843041373886,-0.07209549382552378,0.26742216546183994,0.021189498864081464,0.09800486751505526,-1.1095638592688895e-09,-1.8257812576404434e-09,-0.07270715914676451,0.27529010472090215
74.78,-0.06799623468805051,0.20016304080522035,0.028152238660537184,0.06879369391750836,-3.2439222305011618e-09,1.2085657468029823e-09,-0.07180135673285064,0.2628104239107504,0.023015911537767966,0.08918266378835812,4.741053412860506e-05,-0.0001897103733694634,-0.07185852117687465,0.26667886534197,0.020397708171171085,0.10086360985796822,-1.1069280810903814e-09,-1.8374053478257154e-09,-0.07189115609406685,0.2722543565456787
74.79,-0.06764355382276568,0.19979060534112122,0.02714703829115073,0.07237863078835942,-3.244348728672718e-09,1.2059989824129117e-09,-0.07208543288667162,0.26397726581674313,0.0221041745306116,0.0924551199980525,4.5631526754078714e-05,-0.00018367330249085834,-0.0715948953362981,0.26582865787903115,0.01961603474820988,0.10368666766033044,-1.1044761365036917e-09,-1.848350249687539e-09,-0.07104796743487465,0.26908931112041995
74.8,-0.06727087006557896,0.1993849728059174,0.026149115330094955,0.07593743323951217,-3.2446550877083032e-09,1.2030122515871917e-09,-0.07234310341808865,0.2650510513302806,0.021201718798312147,0.09569535722677877,4.383219380647203e-05,-0.00017761045319711257,-0.07130470269747796,0.26487068925080276,0.01884476044680261,0.10647299086169415,-1.1022091470381491e-09,-1.8586113746741507e-09,-0.07017791119654654,0.2657966790966153
74.81,-0.06687822277618734,0.19894478678854882,0.02515882532899669,0.07946906825341972,-3.2448415946032775e-09,1.1996041871002556e-09,-0.07257426217696328,0.2660310399252686,0.020308867951343006,0.09890215011841778,4.20132792872995e-05,-0.00017152534573708144,-0.07098804043500859,0.2638041006248562,0.018084163433420147,0.10922154756543147,-1.1001281278244072e-09,-1.8681861328222144e-09,-0.06928131813760748,0.26237833898984037
74.82000000000001,-0.06646565483265138,0.19846858896684008,0.024176521110457865,0.08297251199416318,-3.2449086058659373e-09,1.1957768565435911e-09,-0.07277881239355798,0.2669166193951069,0.019425942241689982,0.10207428419047321,4.017553360455416e-05,-0.00016542157698762978,-0.07064501658498952,0.2626281944280085,0.017334518086575552,0.11193132729094897,-1.0982340511545418e-09,-1.8770699752468464e-09,-0.06835853155596726,0.25883639797801744
74.83,-0.06603321277441382,0.19795501784811956,0.023202552665280603,0.08644673265109061,-3.244856506205367e-09,1.191529337782702e-09,-0.07295666674611445,0.26770704640424087,0.018553258440973625,0.1052105361557867,3.831971292482533e-05,-0.0001593020785511879,-0.07027575011319928,0.2613424209330984,0.0165960948959111,0.11460133551040297,-1.0965278090665543e-09,-1.8852609467573284e-09,-0.06740990708462026,0.2551728957656254
74.84,-0.06558094694413986,0.19740265814494667,0.022237267049836053,0.08989070986855738,-3.2446857304698126e-09,1.1868617945189688e-09,-0.07310774743705001,0.26840142622229646,0.017691129718727387,0.10830969483272429,3.644657855041366e-05,-0.00015316966540146752,-0.06988037096862512,0.2599463654229916,0.01586916036315235,0.11723059892580466,-1.0950102318534482e-09,-1.892756034992974e-09,-0.06643581248161216,0.25139001956390966
74.85000000000001,-0.06510891163553355,0.1968099227289962,0.021281008284082078,0.09330343101472575,-3.2443967436226057e-09,1.1817747512646355e-09,-0.07323198627321241,0.26899905899097115,0.01683986552151626,0.11137056247519925,3.455689630138407e-05,-0.00014702727006400711,-0.06945902012590507,0.2584396620143307,0.01515397690526912,0.11981817151903178,-1.0936820661929443e-09,-1.8995533893531234e-09,-0.06543662740542161,0.2474902365202484
74.86,-0.0646171652461391,0.1961753697816781,0.020334117249867074,0.09668387297109245,-3.243990066280441e-09,1.1762706259109766e-09,-0.07332932473911477,0.2694992575765621,0.015999771454369777,0.11439198701634316,3.265143589712188e-05,-0.00014087745502659531,-0.06901184960951919,0.25682237193413965,0.014450802760008291,0.12236312683971054,-1.092544007033525e-09,-1.9056519254860506e-09,-0.06441274317372522,0.24347601002174157
74.87,-0.06410577042429294,0.19549762199901707,0.019396931588819725,0.10003101095450985,-3.2434662495018104e-09,1.1703468094503909e-09,-0.07339971406509765,0.26990135427973005,0.015171149167266078,0.11737289830587065,3.0730970355021404e-05,-0.0001347225498964258,-0.06853902248048432,0.25509505699683555,0.013759891893688399,0.12486456292492465,-1.0915966624545586e-09,-1.9110503002783397e-09,-0.06336456251218618,0.23934995370610426
74.88,-0.06357479421374691,0.19477517840860512,0.018469785600126753,0.10334382586583495,-3.2428258901732945e-09,1.1640055244054114e-09,-0.07344311529983696,0.2702045015931613,0.014354296247505576,0.12031225665226698,2.87962754104014e-05,-0.00012856464330684953,-0.06804071278799818,0.2532583406888199,0.013081493911501627,0.12732160734976053,-1.0908405801746338e-09,-1.915748645447833e-09,-0.06229249928913162,0.2351149006221765
74.89,-0.06302430820297411,0.19400654027694172,0.01755301013835336,0.10662129190437772,-3.242069625535534e-09,1.1572473000102104e-09,-0.07345949939004338,0.2704078943735308,0.013549506115614441,0.12320903554013539,2.684812895369516e-05,-0.0001224056051575285,-0.06751710550592255,0.2513129190648011,0.0124158539705122,0.12973341208382072,-1.0902762345992709e-09,-1.919746033911093e-09,-0.061196978235122726,0.23077372619239278
74.9,-0.06245438867536033,0.1931902529250163,0.016646932510864694,0.10986237738206743,-3.2411981409933917e-09,1.1500766798984902e-09,-0.07344884725309336,0.2705110040636937,0.012757067923120797,0.12606222852104823,2.4887310483981004e-05,-0.00011624712582900042,-0.06696839646050441,0.24925961674757616,0.011763212695175145,0.13209915280907844,-1.089904030223789e-09,-1.92304382695398e-09,-0.06007843465583762,0.22632931454290178
74.91,-0.061865116759587904,0.19232478071611364,0.01575187637450253,0.11306604010660484,-3.2402121473461393e-09,1.142486427361734e-09,-0.07341114984397656,0.27051301675999134,0.011977266452020975,0.12887084335472715,2.291460058324933e-05,-0.00011009052199234061,-0.06639479225052092,0.24709925206987032,0.01112380609542853,0.13441803504814737,-1.089724298634983e-09,-1.9256419745078186e-09,-0.058937314139772316,0.22178467677005026
74.92,-0.06125657858496984,0.19140852617360293,0.014868161630980726,0.11623121692640578,-3.2391124153083036e-09,1.1344833310007872e-09,-0.07334640824716884,0.27041259079597546,0.011210382015811638,0.13163390294965135,2.0930780421041973e-05,-0.00010393672197248444,-0.06579651016480345,0.24483265628544343,0.010497865487641084,0.13668929391139348,-1.089737302235135e-09,-1.9275424245337494e-09,-0.0577740722561373,0.21714293321701714
74.93,-0.06062886543817353,0.19043999456001723,0.013996104321681095,0.11935686548703486,-3.237899745228954e-09,1.126071537581921e-09,-0.07325463377386363,0.2702092381496131,0.01045669036226481,0.1343504533537974,1.893663128276842e-05,-9.778668643617312e-05,-0.06517377809401873,0.2424608304398707,0.009885617418312861,0.13891218728271948,-1.0899432383534941e-09,-1.928746464034997e-09,-0.056589174246526985,0.21240715010604688
74.94,-0.05998207391757562,0.1894176402180105,0.0131360165220026,0.12244190906066825,-3.2365749789326433e-09,1.1172461476194125e-09,-0.07313584803950199,0.2699020813156694,0.009716462578179956,0.1370195579555369,1.6932934115003596e-05,-9.164099805517998e-05,-0.06452683443333286,0.23998479131371633,0.009287283590407746,0.14108600296210552,-1.0903422246021816e-09,-1.9292561207274434e-09,-0.05538309471413682,0.20758049003689183
74.95,-0.05931630608856906,0.1883398992098339,0.012288206233125161,0.12548522879546858,-3.2351390130852675e-09,1.1080109051321646e-09,-0.07299008306389808,0.2694895878442547,0.00898996499598997,0.13964029767407465,1.4920469099204923e-05,-8.549991323409269e-05,-0.06385592797964464,0.23740559808830503,0.008703080792486292,0.1432100570843463,-1.0909343271212633e-09,-1.9290736061394682e-09,-0.05415631730734959,0.2026661787732983
74.96000000000001,-0.058631669636980216,0.18720532769759105,0.011452977271843521,0.12848573271740202,-3.2335927635765355e-09,1.0983712690224575e-09,-0.07281738139007671,0.26897091636711773,0.008277459102355706,0.14221177872484814,1.2900015245510673e-05,-7.936385157521073e-05,-0.06316131782101359,0.23472448531381798,0.00813322083049011,0.1452836872301224,-1.0917195156625043e-09,-1.9282014892331455e-09,-0.05290933440053781,0.19766736966681875
74.97,-0.05792827801420157,0.18601256647643472,0.010630629159571504,0.1314422859018522,-3.2319371914240406e-09,1.0883260941585675e-09,-0.07261779619350672,0.2683448505517758,0.007579201449058433,0.14473313011024075,1.0872349985406343e-05,-7.323331859804e-05,-0.0624432732124591,0.231942821593284,0.007577910461813971,0.14730625272528616,-1.0926977054028659e-09,-1.9266431295096783e-09,-0.05164264677838851,0.19258717778218262
74.98,-0.05720625057480773,0.18476028429500366,0.009821457008113033,0.13435370017725148,-3.2301733183926985e-09,1.0778777190941909e-09,-0.07239139140974195,0.2676097355757583,0.006895443566190645,0.14720350268284516,8.838248763151499e-06,-6.710877037154868e-05,-0.061702073439360426,0.2290620508889246,0.007037351331657464,0.14927713829454112,-1.093868747031904e-09,-1.9243997455382217e-09,-0.05035676332303847,0.18742873493794324
74.99,-0.05646571270981715,0.1834471888147077,0.009025751402656592,0.13721881011275966,-3.228302193015121e-09,1.0670311952980218e-09,-0.07213824187749793,0.2667643584173839,0.00622643187763396,0.14962207188593332,6.798484631091105e-06,-6.0990705466641895e-05,-0.06093800767190352,0.22608370114345827,0.006511739911850775,0.15119575434127766,-1.0952324274510337e-09,-1.921477269408986e-09,-0.049052200700970085,0.1821951787335477
75.0,-0.05570679597728393,0.18207199076816646,0.008243798283844193,0.1400364179755665,-3.226324886350332e-09,1.0557878593320853e-09,-0.07185843347168433,0.26580740554430277,0.005572407618894032,0.1519880362521501,4.7538278530885194e-06,-5.487951174620041e-05,-0.06015137481252868,0.22300934479738602,0.006001267442309259,0.1530615391624555,-1.0967884344635288e-09,-1.9178771406715905e-09,-0.0477294830480793,0.1768896862738529
75.01,-0.05492963823172643,0.18063340554936902,0.007475878827910075,0.1428053006323902,-3.224242535696488e-09,1.0441523840783081e-09,-0.07155206323438384,0.2647375083218498,0.0049336067572843464,0.15430061778074805,2.705045522100396e-06,-4.877547312057954e-05,-0.059342483338229016,0.21984059647345724,0.005506119875236667,0.15487395911506835,-1.0985364183412723e-09,-1.9136041876750008e-09,-0.046389141651543536,0.17151547171456727
75.02,-0.05413438375191732,0.17913018909948109,0.0067222693254848625,0.14552425302639616,-3.2220563087003337e-09,1.0321287635331453e-09,-0.07121923950128997,0.2635535980219429,0.004310259914513965,0.1565590640968435,6.529011913041092e-07,-4.267889555896108e-05,-0.05851165113763489,0.21657914408181833,0.005026477822059412,0.15663250635851342,-1.100475957445554e-09,-1.908661978075737e-09,-0.045031714629042215,0.16607575067407904
75.03,-0.05332118336577071,0.17756112027872434,0.0059832410606323145,0.1481920649808557,-3.219767405537457e-09,1.0197220189538067e-09,-0.07086008201176995,0.2622546921540349,0.0037025922917771916,0.15876264792489084,-1.4018454837112233e-06,-3.659003586266603e-05,-0.05765920534205452,0.21322672742623175,0.004562516503018422,0.15833669999809113,-1.1026065499164578e-09,-1.9030559222719507e-09,-0.04365774660663829,0.16057375633805474
75.04,-0.05249019457163008,0.17592502873402582,0.005259060191342694,0.15080757014814183,-3.2173770725059216e-09,1.0069368884593313e-09,-0.07047472199743803,0.26084017490551226,0.0031108235974102124,0.16091066867376347,-3.4584390937995987e-06,-3.050920708006188e-05,-0.05678548215020219,0.2097851611900931,0.004114405699366059,0.15998608399181727,-1.104927633765255e-09,-1.896788778635132e-09,-0.042267788396081224,0.15501271188910443
75.05,-0.05164158165386881,0.17422082921614931,0.0045499876358186635,0.15336972301634083,-3.214886595751203e-09,9.93779762371915e-10,-0.07006330222857012,0.25931015483831976,0.0025351679772412784,0.16300245432933033,-5.5161288226147445e-06,-2.4436917714262088e-05,-0.05589082664500964,0.2062563638345552,0.0036823097079925968,0.16158022410184755,-1.1074385895885843e-09,-1.8898672166603247e-09,-0.04086239667360341,0.1493957971587571
75.06,-0.050775515790414734,0.1724475261609081,0.0038562789700156727,0.15587762132779476,-3.212297283535801e-09,9.802565301317832e-10,-0.06962597699462279,0.2576654821877095,0.001975833947775292,0.16503736199484753,-7.5741687992099645e-06,-1.8373891255505655e-05,-0.054975592600644926,0.20264235746155346,0.003266387298262222,0.163118706981694,-1.1101387178993762e-09,-1.8822946866468643e-09,-0.039442133662549554,0.1437261438093319
75.07000000000001,-0.04989217515266385,0.17060416930809177,0.003178184336245877,0.15833041475056644,-3.209610492293931e-09,9.66373130567042e-10,-0.06916291202708759,0.25590722564120544,0.0014330243322248678,0.16701477619843,-9.63181845417021e-06,-1.2320878696591638e-05,-0.05404014228063197,0.19894522050198882,0.0028667916710550406,0.1646011434855332,-1.113027254338825e-09,-1.874076695261118e-09,-0.03800756681945707,0.13800687684667334
75.08,-0.048991745000330246,0.1686898393172703,0.0025159483577538696,0.16072727168482298,-3.206827619378776e-09,9.521364417690937e-10,-0.06867428439591203,0.2540364864451719,0.0009069361992968428,0.16893410831717606,-1.1688342868207036e-05,-6.278594248959808e-06,-0.05308484622997034,0.19516706965759864,0.0024836704201944663,0.1660271697702297,-1.1161033891058218e-09,-1.8652186790629196e-09,-0.03655926852123605,0.13224112737496585
75.09,-0.04807441777258449,0.16670365550151306,0.0018698100561953834,0.16306739144487842,-3.203950087633448e-09,9.375526493495767e-10,-0.06816028239708105,0.2520544606893777,0.0003977608046853804,0.17079479700212052,-1.3743013106806399e-05,-2.47742071161759e-07,-0.0521100830629753,0.19131006325800873,0.0021171654963571553,0.16739644654622168,-1.1193662242938974e-09,-1.8557261922189095e-09,-0.03509781575225711,0.1264320242984352
75.10000000000001,-0.047140393175408135,0.16464477499790142,0.0012400027718028177,0.16534999898276193,-3.2009793590922854e-09,9.226289291943859e-10,-0.06762110543297588,0.24996240611988776,-9.431646472002323e-05,0.172596308146489,-1.5795106539972598e-05,5.770991245720007e-06,-0.05111623924718453,0.1873763963392158,0.0017674131734471534,0.16870865899185358,-1.122814809694686e-09,-1.8456042017212038e-09,-0.033623789791506195,0.12058269416443637
75.11,-0.04618987826492077,0.1625123970784423,0.0006267540862963452,0.16757434748527866,-3.1979169323382434e-09,9.073717880661503e-10,-0.06705696388547523,0.2477616566778964,-0.0005691161439283776,0.17433813410902918,-1.7843907153130258e-05,1.1776739500071344e-05,-0.05010370888353747,0.18336829954403108,0.0014345440173923918,0.16996351601295465,-1.126448138200964e-09,-1.8348601286704449e-09,-0.032137775900104804,0.11469625719689533
75.12,-0.04522308752646909,0.16030576362053436,3.0285748556049813e-05,0.16973971805486243,-3.194764336403422e-09,8.917891114701896e-10,-0.06646807898202901,0.2454536128604988,-0.001026464740258556,0.17601979449321284,-1.9888705853040893e-05,1.7768621344521533e-05,-0.04907289348306451,0.17928803647224173,0.0011186828572085686,0.17116074646102106,-1.1302651254767856e-09,-1.823506783000827e-09,-0.030640363009449063,0.10877582542030437
75.13,-0.04424024294930551,0.15802416129705893,-0.0005491863968739607,0.1718454209103256,-3.1915231234410838e-09,8.758887762172746e-10,-0.06585468265483063,0.24303974388160554,-0.0014661947810399767,0.17764083629813532,-2.1928800755439957e-05,2.37460175643897e-05,-0.048024201740286716,0.17513790200520807,0.000819948756482836,0.17230004579781047,-1.1342646317061058e-09,-1.8115642921741694e-09,-0.029132143410069557,0.10282450497338685
75.14,-0.0432415740966681,0.15566692375878555,-0.0011114524784081098,0.17389079496203105,-3.188194893137237e-09,8.596792860254134e-10,-0.06521701739327063,0.24052158429975343,-0.0018881448586034956,0.17920083316427746,-2.3963497438585048e-05,2.9708538263485928e-05,-0.04695804930355535,0.17092021940524582,0.0005384549849438856,0.17338115305520965,-1.138445466253197e-09,-1.7990220940479134e-09,-0.02761371244143273,0.0968453863312531
75.15,-0.04222731817112005,0.1532334315386139,-0.0016563086631052675,0.17587520982329127,-3.18478127754469e-09,8.431658722512575e-10,-0.06455533608983322,0.23790073297057365,-0.002292159672542841,0.18069938711538647,-2.5992109171492736e-05,3.56555882364314e-05,-0.0458748585425544,0.16663733861713603,0.0002743089934442368,0.1744038695902282,-1.1428063702744398e-09,-1.785879325122614e-09,-0.02608566818328422,0.090841539165161
75.16,-0.041197720075032626,0.15072311450595874,-0.0021835572193418386,0.17779806531546422,-3.181283916937326e-09,8.263578259790994e-10,-0.06386990187962273,0.23517885065737318,-0.0026780900692019304,0.18213612770865323,-2.8013957135885398e-05,4.158646439018481e-05,-0.04477505831318629,0.1622916338572814,2.7612393445766773e-05,0.17536801516472422,-1.1473460204349138e-09,-1.772146252821838e-09,-0.024548611148917585,0.08481601426435928
75.17,-0.0401530324660202,0.1481354542885347,-0.0026930065764660307,0.1796587911558176,-3.1777045097639664e-09,8.092625169556794e-10,-0.06316098797371085,0.23235765842613196,-0.003045793078423712,0.18351071112519682,-3.002837064099538e-05,4.750049020579967e-05,-0.0436590837200667,0.15788550114685873,-0.00020153906065674662,0.17627343228536088,-1.1520630498147976e-09,-1.7578277582075268e-09,-0.023003143980461507,0.07877184079770641
75.18,-0.03909351580711976,0.14546998560924423,-0.0031844713814486933,0.18145684732036568,-3.174044760065663e-09,7.918879864115414e-10,-0.062428877486497794,0.2294389354601392,-0.0033951319476210684,0.1848228202100466,-3.2034687324623064e-05,5.339695492845952e-05,-0.0425273758768671,0.1534213560909405,-0.00041305548711996384,0.17711998316909558,-1.1569560123283775e-09,-1.7429311711106084e-09,-0.0214498711463485,0.07271202418148574
75.19,-0.03801943841154816,0.14272629802383907,-0.0036577725525172447,0.18319172405177442,-3.1703064131899574e-09,7.742430896007165e-10,-0.06167386325728791,0.2264245170563461,-0.003725976173198677,0.18607216405306815,-3.4032253339658796e-05,5.927513831900707e-05,-0.04138038166473554,0.1489016315567117,-0.0006068528903883603,0.17790755042299805,-1.162023420932531e-09,-1.7274631622917737e-09,-0.019889398641195207,0.06663954373569811
75.2,-0.03693107648188209,0.13990403738350674,-0.00411273732976323,0.1848629419701894,-3.16649123861079e-09,7.563354181874553e-10,-0.060896247666291196,0.22331629244042425,-0.004038201529353514,0.18725847774166182,-3.602042352667977e-05,6.513429264748833e-05,-0.04021855348902212,0.14432877540906575,-0.0007828531726453361,0.17863603584056098,-1.1672637260548442e-09,-1.711430266389741e-09,-0.018322333688319915,0.06055735056260692
75.21000000000001,-0.035828714143508744,0.13700290736583373,-0.004549199322717595,0.186470052053009,-3.1626010281227103e-09,7.38173715154347e-10,-0.060096342445263295,0.2201162025875643,-0.00433169009428646,0.18838152196724717,-3.7998561572758765e-05,7.09736462581251e-05,-0.039042349034538903,0.13970524822998742,-0.0009409841434344775,0.17930536011792053,-1.1726753118652384e-09,-1.6948398956189637e-09,-0.016749284445111475,0.054468365432391766
75.22,-0.034712643472195104,0.13402267103044793,-0.004966998554897102,0.18801263550383232,-3.1586376058021395e-09,7.197663707176308e-10,-0.059274468483006965,0.2168262379247521,-0.00460633027386422,0.18944108255282113,-3.996604015682768e-05,7.679239674565793e-05,-0.037852231019579116,0.1350335210898415,-0.0010811795274141447,0.17991546201458772,-1.1782565235621466e-09,-1.6776984500849924e-09,-0.015170859711459745,0.04837547675062613
75.23,-0.0335831645155735,0.13096315410078546,-0.005365981505375694,0.1894903022298176,-3.1546028146194023e-09,7.011215638735466e-10,-0.05843095562597756,0.21344843551308132,-0.00486201682281791,0.190436968646951,-4.192224108284074e-05,8.258968275409026e-05,-0.036648666948908754,0.13031607365883152,-0.0012033789703727112,0.18046629576266018,-1.1840056416244236e-09,-1.6600131269494839e-09,-0.013587668641463975,0.04228153812385427
75.24,-0.032440585308308505,0.12782424617352395,-0.0057460011474584636,0.19090269083635353,-3.150498527753721e-09,6.822477301753828e-10,-0.05756614247424515,0.20998487679092104,-0.005098650863587185,0.19136901241430537,-4.386655540314426e-05,8.83645515730207e-05,-0.035432128865941596,0.1255553919086547,-0.001307528043692546,0.18095782964116963,-1.1899208945835323e-09,-1.6417904843332856e-09,-0.012000320458633884,0.036189366549801955
75.25,-0.03128522188093045,0.12460589746043872,-0.006106916984388277,0.19224947190288827,-3.146326630479573e-09,6.631534608059435e-10,-0.05668037617301586,0.2064376864876,-0.005316139902772357,0.192237071875805,-4.5798383531689e-05,9.411605005645867e-05,-0.03420309310433963,0.12075396504216834,-0.0013935782472208381,0.18139005127533456,-1.1960004480595432e-09,-1.6230376769069101e-09,-0.01040942417473871,0.03010174187650251
75.26,-0.030117398262394648,0.12130812121493155,-0.006448595081959253,0.19353034678997824,-3.1420890466611276e-09,6.438472593100919e-10,-0.05577401219989647,0.20280902980995952,-0.0055143978451051125,0.19304102947264723,-4.7717135343565284e-05,9.984321803530457e-05,-0.032962040039294496,0.11591428361826413,-0.0014614870103627437,0.18176296605401338,-1.2022424325733651e-09,-1.6037623192681367e-09,-0.008815588312429857,0.024021404777242916
75.27,-0.028937446476228396,0.11793099652654926,-0.006770908098079923,0.19474504610055035,-3.1377877050435025e-09,6.243368312291498e-10,-0.05484741414815375,0.1991011095615489,-0.005693345005005878,0.1937807903259294,-4.9622230260735934e-05,0.00010554504652250527,-0.031709453838697985,0.11103883770203535,-0.001511217691461554,0.18207659417208416,-1.2086449128935148e-09,-1.5839710766569751e-09,-0.007219420631812062,0.01795105472760637
75.28,-0.027745706530060654,0.11447466901866485,-0.007073735309384997,0.19589332967529777,-3.1334245611818237e-09,6.046316039443244e-10,-0.05390095350623738,0.19531616379381303,-0.0058529081158498475,0.19445628199144108,-5.151309732614827e-05,0.00011122048453066248,-0.030445822214397632,0.10613011467942927,-0.0015427395756476827,0.18233097048356153,-1.2152059007769678e-09,-1.5636712771199376e-09,-0.005621527861144956,0.011893348592875212
75.29,-0.026542526398406884,0.1109393521218406,-0.007356962634943058,0.19697498605939884,-3.129001594537505e-09,5.847390990941073e-10,-0.05293500943381498,0.19145646327907156,-0.005993020337011131,0.19506745372264378,-5.3389175267049504e-05,0.00011686844450581846,-0.02917163617374901,0.10119059720525958,-0.0015560278712496588,0.18252614359634195,-1.2219233670502305e-09,-1.5428699531450894e-09,-0.004022515431827497,0.005850899151799718
75.3,-0.02532826199860892,0.10732532796243285,-0.007620482657096717,0.19798983217954355,-3.1245207975913155e-09,5.646680978789759e-10,-0.051949968534570005,0.18752430905381606,-0.0061136212587417915,0.19561427594344752,-5.5249912544076144e-05,0.00012248788922526594,-0.02788738977166679,0.09622276113513767,-0.0015510637048295644,0.18266217540403906,-1.2287952280796907e-09,-1.5215744362271367e-09,-0.0024229872178109188,-0.00017372621757562003
75.31,-0.024103277159808242,0.10363294907450135,-0.007864194639492821,0.19893771232278185,-3.119984186239471e-09,5.444256830330395e-10,-0.05094622462600733,0.18352202985998897,-0.006214656905034554,0.19609673677037223,-5.7094767303253805e-05,0.0001280804077744491,-0.02659357986337861,0.09122907375242245,-0.0015278341149072506,0.1827391403046004,-1.235819349833297e-09,-1.4997907158757436e-09,-0.0008235452795689031,-0.006178006844873617
75.32000000000001,-0.0228679435843704,0.0998626541268454,-0.00808800454270434,0.19981848697560367,-3.115393789222163e-09,5.2401953585672e-10,-0.04992417850654095,0.17945197905785576,-0.006296079737027455,0.19651476499806853,-5.8923206951605455e-05,0.0001336550729448575,-0.025290705857857233,0.086211998540445,-0.001486332046697093,0.1827570514861738,-1.242993548187471e-09,-1.4775109779536176e-09,0.0007752103874575257,-0.012159463037833667
75.33,-0.021622640801171683,0.09601496074828895,-0.008291825037839184,0.2006320385223797,-3.11075164841492e-09,5.034585750882945e-10,-0.04888423772013373,0.17531653239173342,-0.0063578486588030374,0.19686829553316185,-6.0734707909155007e-05,0.00013920113652350866,-0.02397926947198918,0.0811739868762934,-0.0014265563628379416,0.18271549395944336,-1.2503155894957371e-09,-1.4547311651362562e-09,0.002372682101511253,-0.01811561359429358
75.34,-0.020367756111555436,0.09209044100129114,-0.008475575517549903,0.201378288261366,-3.106059836992608e-09,4.827523248367281e-10,-0.0478268163187081,0.1711180864430138,-0.006399929021023395,0.19715736168050166,-6.252875607879988e-05,0.0001447110729332204,-0.022659774486071618,0.07611746906164345,-0.001348511867934822,0.18261432957261028,-1.2577831970895567e-09,-1.431475804914465e-09,0.003968274740015838,-0.02404405556234097
75.35000000000001,-0.019103684528884172,0.08808973496191642,-0.008639182103800132,0.20205718638542836,-3.101320414752928e-09,4.619075047633835e-10,-0.04675233462254746,0.16685905537870382,-0.006422292618608474,0.1973820284951767,-6.430484727922763e-05,0.0001501856622651005,-0.02133272650112215,0.07104485830243489,-0.0012522093192896555,0.18245369881540147,-1.2653940344125688e-09,-1.4077573445710243e-09,0.005561395978712449,-0.029942467657946926
75.36,-0.017830828711153848,0.0840135622965719,-0.008782577652811983,0.20266870340046916,-3.096535479591729e-09,4.40933064920813e-10,-0.04566121897902263,0.16254186634908072,-0.006424917684671928,0.1975423685889747,-6.606248731290007e-05,0.0001556217435451441,-0.01999863269797117,0.06595855099047893,-0.0011376654202639158,0.18223368199262632,-1.2731457303858807e-09,-1.3835807508039024e-09,0.007151456523702687,-0.035808577469649765
75.37,-0.016549598885961355,0.07986271811136977,-0.008905701757719993,0.20321283319411348,-3.091707139407858e-09,4.198353042891639e-10,-0.04455390151988878,0.1581689608014731,-0.006407788882955719,0.19763847090978842,-6.780119205470968e-05,0.00016101606118165208,-0.018658001598215034,0.06086092137669606,-0.001004902811473415,0.18195434766485394,-1.2810358644082702e-09,-1.3588845065386472e-09,0.008737870337949743,-0.04164016173514997
75.38,-0.015260412767396902,0.07563808614547052,-0.009008500749276815,0.20368958248675761,-3.086837505504848e-09,3.9862130148549537e-10,-0.04343081991722729,0.15374279318247086,-0.006370897299406682,0.19767042129422427,-6.952048766913078e-05,0.00016636347656103965,-0.01731134282749177,0.05575431463194,-0.0008539501003240361,0.1816145795220359,-1.2890619558548256e-09,-1.333520882816938e-09,0.010320054866877681,-0.04743491622724721
75.39,-0.013963695465244792,0.07134060798154755,-0.009090927694397604,0.20409899262307743,-3.0819286999008003e-09,3.773011284471033e-10,-0.04229241713827433,0.14926582433783928,-0.006314240432647406,0.197638335989704,-7.121991085803201e-05,0.00017166057572978323,-0.015959166881239106,0.05064105619294739,-0.0006848419386174428,0.18121360716800608,-1.2972214595120502e-09,-1.3076508565399348e-09,0.011897431264115226,-0.053190629872097925
75.4,-0.012659879387160705,0.06697130205351419,-0.00915294239210085,0.20444112577829304,-3.0769828731114262e-09,3.558791619471606e-10,-0.041139141199480936,0.14474052167016294,-0.0062378221827223785,0.19754234051377526,-7.28990090872935e-05,0.00017690271721231042,-0.014601984892785594,0.04552344610275528,-0.0004976191140143054,0.1807504161383272,-1.305511784466205e-09,-1.280753703787658e-09,0.013469424613282864,-0.05890512231194693
75.41,-0.011349404133059002,0.0625312777144058,-0.009194511367453783,0.20471605340938243,-3.072002159044461e-09,3.3435981491092684e-10,-0.039971444920020534,0.14016935623280374,-0.006141652849948677,0.19738219874530694,-7.455733952365833e-05,0.0001821276055585527,-0.01324030840269385,0.04040379698383319,-0.0002923287102070728,0.18022193497816666,-1.3139302043344288e-09,-1.252485919364222e-09,0.01503546415130038,-0.06457605471228212
75.42,-0.010032716382165154,0.05802168595082929,-0.009215607863497809,0.20492388432535186,-3.0669887200885824e-09,3.1275856487257203e-10,-0.03878978567507799,0.13555479652377528,-0.006025749155608611,0.19715753959952817,-7.619446830590681e-05,0.00018729481673806272,-0.011874649128203732,0.03528441413949765,-6.902444808539543e-05,0.17962267556181086,-1.3224738756622988e-09,-1.222548822721271e-09,0.016594983503949615,-0.07020092458574775
75.43,-0.008710269773633574,0.05344376020072105,-0.00921621183055394,0.20506474658463944,-3.0619447211978897e-09,2.9108017624942007e-10,-0.03759462514932911,0.13089930657144253,-0.005890134265762285,0.19686833835276,-7.780997125912937e-05,0.00019241475909363145,-0.010505518734702403,0.030167541130173028,0.00017223290003496865,0.17894996566510024,-1.3311398192985594e-09,-1.1917897762339388e-09,0.018147420922260682,-0.07577756605331737
75.44,-0.007382524778991013,0.048798838265219774,-0.009196309913595501,0.20513877617029808,-3.0568723411327665e-09,2.6932711774138575e-10,-0.03638642909067272,0.1262053504316665,-0.0057348378392607,0.19651331851317427,-7.940343189711512e-05,0.00019755414304070378,-0.00913342860690495,0.025055535247810037,0.000431375274749589,0.1782039598050062,-1.3399249554569372e-09,-1.1606039002173811e-09,0.019692219495475376,-0.0813041387804891
75.45,-0.006049948565222082,0.044088339672403505,-0.009155895438538543,0.20514611912849232,-3.051773751038172e-09,2.475138461851532e-10,-0.03516566706431397,0.1214753832206793,-0.00555989619158542,0.1960892320491358,-8.097443272267483e-05,0.00020287414180101,-0.007758889610273494,0.019950928233059936,0.0007083272860367669,0.177384712682333,-1.3488261616659085e-09,-1.1288202492660812e-09,0.021228827339724414,-0.0867788532621668
75.46000000000001,-0.004713014849604002,0.0393137526116276,-0.009094968397790608,0.2050869243951536,-3.0466511462115814e-09,2.2563685626856464e-10,-0.033932812207804516,0.11671184321831181,-0.005365352714420825,0.19558850083643037,-8.25225445746686e-05,0.0002084119639312445,-0.0063824118293201145,0.014856649231974202,0.0010030062236256088,0.17649237584101182,-1.3578402643560885e-09,-1.096538911618656e-09,0.022756697775539052,-0.0921999922350446
75.47,-0.0033722037476703833,0.03447662496430143,-0.009013535435334246,0.20496134495711593,-3.0415067071803198e-09,2.0370144179217322e-10,-0.03268834098724665,0.11191716353517114,-0.005151258426806747,0.19500747353858566,-8.40473269522049e-05,0.00021398659598842855,-0.00500450429662631,0.009775180987882808,0.0013153220701410523,0.1755270997280296,-1.3669640192438445e-09,-1.0637347000918446e-09,0.024275289498936578,-0.09756589866541243
75.48,-0.0020280016143630624,0.029578584649106017,-0.008911609829994775,0.20476958436449821,-3.036342642674419e-09,1.8172693234528474e-10,-0.03143273295414476,0.10709377522164888,-0.004917672292073194,0.19434657598443075,-8.554833684528223e-05,0.00021956926792657117,-0.003625674750091356,0.004708551994384896,0.0016451775181110006,0.17448909965359785,-1.3761941511518027e-09,-1.0304445713176322e-09,0.025784066746153328,-0.10287497897913066
75.49,-0.0006809008773958277,0.02462134434672612,-0.008789211475106574,0.20451187945030863,-3.0311611524449545e-09,1.597329318852792e-10,-0.030166470502870794,0.10224409644409328,-0.004664661268496484,0.19360582484025787,-8.70251329580611e-05,0.00022517632902434236,-0.0022464294213726792,-0.0003412074043138084,0.0019924679911922064,0.1733786245530704,-1.3855273312977227e-09,-9.966702684110133e-10,0.027282499452108398,-0.10812570244306595
75.5,0.0006686001366534266,0.019606664802326656,-0.008646366835707537,0.20418910955314976,-3.025964412400875e-09,1.3836614846335673e-10,-0.028890038633709217,0.097370386840174,-0.004392300291469824,0.19278550095391542,-8.847727561289258e-05,0.00023079437211397162,-0.0008672728355169834,-0.005372141808410484,0.002357081670080922,0.1721959798376861,-1.3949601699970065e-09,-9.624236749753205e-10,0.028770063402656143,-0.11331659824072494
75.51,0.002019997379692422,0.01453628677536022,-0.00848310906666965,0.2037958904227204,-3.0207546230242532e-09,1.1572772329110478e-10,-0.027603924711436117,0.09247531283375446,-0.004100672251148726,0.19188587093337475,-8.990432664561683e-05,0.00023642885871568637,0.0005112923840456771,-0.010382350950495568,0.002738899524673955,0.17094156155853138,-1.4044892452390319e-09,-9.277170139847655e-10,0.0302462403810985,-0.11844624530130088
75.52,0.0033727812590056212,0.009411936872418048,-0.008299478499330168,0.20332450897162457,-3.0155340320959907e-09,9.260566864157883e-11,-0.0263086181910678,0.08756205528410249,-0.0037898679447902744,0.19090787501403036,-9.130584926201329e-05,0.00024207523896144445,0.001888765700420017,-0.01537012521165122,0.00313779535469101,0.16961585873065246,-1.4141110881428278e-09,-8.926141801297817e-10,0.03171051830864105,-0.12351330078991056
75.53,0.004726436812398146,0.004235319582122124,-0.008095523149135638,0.20277430623087378,-3.010304939941456e-09,6.978261466809635e-11,-0.025004610329262218,0.08263317698267046,-0.0034599859708878303,0.18985327052265075,-9.268140827792825e-05,0.0002477203361846053,0.0032646488308866487,-0.020333974657705388,0.0035536358478902553,0.16821972364270238,-1.4238221949142688e-09,-8.575830946376603e-10,0.03316239137513368,-0.12851657926983484
75.54,0.0060804438806667995,-0.000991903963462211,-0.007871298874355566,0.20214613249538124,-3.0050696373504357e-09,4.692321280210296e-11,-0.023692393925205994,0.07769094540094128,-0.00311113257509872,0.18872363819944454,-9.40305711699151e-05,0.0002533448376174907,0.0046384459038108505,-0.025272283599878313,0.003986280686437745,0.16675492802966038,-1.4336190726927182e-09,-8.227175171054032e-10,0.03460136015045238,-0.13345522040757352
75.55,0.0074342772841024885,-0.006267859627343269,-0.007626869342922345,0.2014401253803972,-2.999830408970677e-09,2.4169710058980365e-11,-0.022372463085681978,0.07273771298565998,-0.0027434215150930314,0.18751970530057155,-9.535290930012905e-05,0.0002589390233195759,0.006009663620966344,-0.030183321612922184,0.0044355826876053585,0.16522265224393212,-1.4434982384810677e-09,-7.879702368909029e-10,0.0360269316814478,-0.1383282103087891
75.56,0.008787407012993045,-0.011590533555186905,-0.007362305994641922,0.2006567468657812,-2.9945895308615986e-09,1.4210391486592857e-12,-0.02104531299405408,0.06777575852261292,-0.0023569739646774556,0.18624240512876217,-9.664799867061776e-05,0.0002644968756188774,0.007377811424704893,-0.035065465307734675,0.004901387938036507,0.1636242259742744,-1.453456214619676e-09,-7.532836797287453e-10,0.03743861958863127,-0.14313458110796184
75.57000000000001,0.010139298436442791,-0.016957678271824303,-0.00707768800880419,0.199796221142807,-2.9893492789516176e-09,-2.1323257597361388e-11,-0.01971143968239085,0.06280732271412769,-0.001951918432057002,0.18489242942658776,-9.791542047277461e-05,0.00027000684423458864,0.008742401662295006,-0.03991708524480442,0.005383535910584175,0.16196055375085858,-1.4634895324071618e-09,-7.18317715821427e-10,0.038835944163124726,-0.14787338101745842
75.58,0.011489412530648073,-0.022366878598094008,-0.006773102275323005,0.19885883091535914,-2.984111921590406e-09,-4.411718178764846e-11,-0.01837133980766644,0.057834622358057454,-0.0015283906946239121,0.18347018901736034,-9.915476165932881e-05,0.0002754630540147246,0.010102949747279839,-0.04473658989889511,0.005881859549659429,0.16023210447004765,-1.473594685399268e-09,-6.830410046120937e-10,0.04021843246437903,-0.1525435781518038
75.59,0.01283720612312234,-0.027815619260547438,-0.006448643368478908,0.1978448331157847,-2.978879742562311e-09,-6.69364599629461e-11,-0.01702551043096657,0.0528598394538508,-0.0010865337500232095,0.18197617136009658,-0.00010036561524387564,0.0002808629201354784,0.011458974317303278,-0.04952244549714006,0.006396185335063472,0.1584396189434838,-1.4837681497734007e-09,-6.476763909710642e-10,0.04158561841794688,-0.1571442568657987
75.60000000000001,0.014182132147355874,-0.03330131317567417,-0.006104413519112252,0.19675453863240766,-2.9736550241363927e-09,-8.97581541288382e-11,-0.015674448800548614,0.047885101999768906,-0.000626497768702232,0.18041087294067115,-0.00010154758038949171,0.0002862018280052483,0.012809997387530563,-0.05427314439184041,0.006926333359197434,0.15658411509085365,-1.4940063975325459e-09,-6.122236287398356e-10,0.042937042905386094,-0.16167462197274948
75.61,0.01552363990561852,-0.03882128714344541,-0.005740522584257049,0.19558827143599053,-2.968440040612674e-09,-1.1259495484562762e-10,-0.01431865213947798,0.04291249843346713,-0.00014844004323384186,0.1787748311946999,-0.0001027002625272749,0.0002914753813604189,0.01415554449999493,-0.05898723241574922,0.0074721174162565756,0.1546663816487014,-1.5043058762144565e-09,-5.764957427515137e-10,0.044272253845674514,-0.16613388618272534
75.62,0.016861175341188226,-0.044372745010497226,-0.005357088014962864,0.19434635870391131,-2.9632370719151276e-09,-1.3546013392866268e-10,-0.012958617437516758,0.037944077346809754,0.00034747506527462216,0.17706860658580237,-0.00010382327333896484,0.00029668455878327884,0.015495144867859245,-0.06366331814281719,0.008033345079604157,0.15268701366771817,-1.5146630070398738e-09,-5.404876790235888e-10,0.04559080627358287,-0.17052127103148754
75.63,0.01819418131969355,-0.049952845425478135,-0.004954234822250091,0.1930291745552865,-2.9580484091477077e-09,-1.5833180012687008e-10,-0.011594841246868656,0.03298185137296472,0.0008610761870274935,0.1752928990922124,-0.00010491623064782726,0.0003018246529666735,0.016828331513362174,-0.06830008036092883,0.008609817768920927,0.15064673141593252,-1.5250741936178676e-09,-5.042346088414806e-10,0.0468922624157033,-0.1748360549720255
75.64,0.01952209791801171,-0.055558651535042185,-0.004532095540212304,0.19163710831809438,-2.9528763302566305e-09,-1.8122001397063428e-10,-0.010227819481978628,0.028027784607771576,0.0013921850086723393,0.17344834188282415,-0.00010597875858718412,0.0003068877299108822,0.018154641400044347,-0.07289623076590765,0.009201330819112029,0.14854623561797647,-1.5355358112925717e-09,-4.677230682593043e-10,0.04817619176191769,-0.17907756777904285
75.65,0.020844362721403338,-0.06118713949807285,-0.004090810186896586,0.19017056687856942,-2.947723123091612e-09,-2.0411748653506953e-10,-0.008858047223912384,0.0230837933553266,0.0019406163370386657,0.17153554049581304,-0.00010701048790992811,0.000311870205129408,0.019473615560729997,-0.0774505212180668,0.009807673551900884,0.1463862651005329,-1.546044204235528e-09,-4.309673817080419e-10,0.049442171131403694,-0.18324519779309567
75.66,0.02216041112871379,-0.06683522220944887,-0.003630526222977993,0.18862999070768452,-2.9425910687465727e-09,-2.2701762517310786e-10,-0.0074860185294592235,0.018151748297041706,0.002506178161789774,0.16955515210307964,-0.00010801105614981778,0.0003167685486465219,0.02078479922125407,-0.08196175637643625,0.010428629349786374,0.14416758671259144,-1.5565956993938593e-09,-3.939812975556824e-10,0.050689784733278086,-0.18733838071061076
75.67,0.023469676664409415,-0.0724997458290261,-0.0031513985075204997,0.18701584963223689,-2.9374824502422713e-09,-2.499128392438843e-10,-0.006112226244887451,0.013233472858158587,0.0030886717208195857,0.16750785775745528,-0.00010898010770126654,0.00032157917005293214,0.022087741919313536,-0.08642878897855769,0.011063975733278277,0.14189100420487233,-1.5671865979845914e-09,-3.567809913047759e-10,0.051918624222208686,-0.19135660213787084
75.68,0.024771591296956667,-0.07817749587555667,-0.0026535892506238125,0.1853286458224824,-2.932399553306223e-09,-2.72794749281565e-10,-0.004737161824401315,0.008330742812475377,0.003687891569043764,0.16539437711091698,-0.00010991729390616942,0.00032629848565507864,0.023381997618369364,-0.09085052169689532,0.011713484441532621,0.13955735441451408,-1.5778131764425088e-09,-3.1938175077752525e-10,0.05312828874918973,-0.19529939439473193
75.69,0.02606558576326675,-0.08386519867500632,-0.0021372679629135982,0.18356891311560805,-2.9273446637642037e-09,-2.956548158653745e-10,-0.0033613151533760824,0.0034452854149987964,0.004303625650559155,0.16321546177337642,-0.0001108222731484401,0.0003309229013228545,0.02466712481664683,-0.09522590558497997,0.012376921516447757,0.1371675096398618,-1.588471702063427e-09,-2.8179963064550937e-10,0.054318385007602124,-0.19916633611392207
75.7,0.02735108989883004,-0.08955952716495212,-0.0016026114017721584,0.1817372194902721,-2.9223200503750366e-09,-3.1848365634856513e-10,-0.0019851743764388225,-0.0014212210537121713,0.004935655374299056,0.1609719006521849,-0.00011169471095225771,0.0003354489347367402,0.02594268665128273,-0.09955393991717063,0.013054047391437285,0.13472241570605556,-1.5991584159140866e-09,-2.441520520111856e-10,0.05548852727452236,-0.20295705603618508
75.71000000000001,0.028627532972875992,-0.09525711202439713,-0.001049803514009995,0.17983417325104104,-2.917327995609937e-09,-3.4126033561585226e-10,-0.0006092257304683966,-0.006267148474900215,0.005583755693468007,0.1586645248424384,-0.00011253428007766063,0.00033987325851527476,0.027208250997740532,-0.10383366947298298,0.013744616988991964,0.1322231627523828,-1.6098695595899277e-09,-2.0644730522403136e-10,0.05663833744680338,-0.20667124269460205
75.72,0.02989434402822918,-0.10095453087965689,-0.0004790353749190044,0.17786041347278275,-2.9123707664546893e-09,-3.6398087128822293e-10,0.0007660466174176152,-0.011090918913671933,0.00624769518881459,0.15629419828590987,-0.0001133406606300609,0.0003441920345694728,0.028463390564579947,-0.10806418613843738,0.014448379824832578,0.12967077639547286,-1.6206013575344643e-09,-1.6861534290951548e-10,0.05776744507239029,-0.21030861154204167
75.73,0.031150952226222946,-0.1066483065052662,0.00010949487583900479,0.1758166066120941,-2.9074506227694836e-09,-3.866402980989523e-10,0.0021401607268817916,-0.015891003871449174,0.006927236155236015,0.15386181316455066,-0.00011411354019351887,0.00034840162795078775,0.02970768298352924,-0.11224463000287123,0.015165080110862478,0.12706625414903253,-1.6313500284537305e-09,-1.3066806206451304e-10,0.05887548737820964,-0.21386890776037798
75.74,0.032396787196425206,-0.1123349244065772,0.0007155821014776304,0.17370345704647275,-2.902569822437008e-09,-4.0922195351575253e-10,0.00351263703645559,-0.020665923783832148,0.007622134691626725,0.15136830043352303,-0.00011485261396696957,0.00035249860049334496,0.030940710894810826,-0.1163741878207038,0.01589445685728621,0.12441065264020593,-1.6421117803074908e-09,-9.263488018954255e-11,0.05996210929486675,-0.21735191559221512
75.75,0.03363127939034901,-0.11801083258344466,0.001339014238841572,0.17152170457065094,-2.8977306116477972e-09,-4.3171788993992187e-10,0.004882998510691872,-0.025414249215747146,0.00833214079432117,0.1488146272314144,-0.00011555758489839388,0.0003564794506149431,0.03216206202784264,-0.12045209109581236,0.016636243977879068,0.12170505388974623,-1.6528828109414052e-09,-5.452636392507162e-11,0.061026963477760376,-0.2207574540073856
75.76,0.03485386043894789,-0.12367243710323439,0.0019795723725721443,0.1692721183817195,-2.8929352263656862e-09,-4.541180358352326e-10,0.00625077078228643,-0.030134602614009312,0.009056998454023767,0.1462017908530213,-0.00011622816382310306,0.0003603408329150703,0.033371329277502915,-0.12447761376671451,0.017390170398690365,0.1189505725908892,-1.6636593137084997e-09,-1.6357074081493982e-11,0.062069710324541075,-0.22408538033496175
75.77,0.0360639635138404,-0.12931611086602116,0.002637030812453907,0.16695550093181505,-2.88818589944302e-09,-4.764110707470324e-10,0.007615482289088507,-0.03482565709929047,0.009796445755978165,0.1435308219724076,-0.00011686406960439759,0.0003640794501320009,0.03456811077612632,-0.12845007202430744,0.018155960169761048,0.11614835246566234,-1.674437471068307e-09,2.18541827768112e-11,0.0630900179889526,-0.22733558563605527
75.78,0.037261023691748725,-0.13493819916826907,0.0033111571740610515,0.16457268941177894,-2.883484841855877e-09,-4.985856858382744e-10,0.008976664406048492,-0.03948613576545637,0.0105502149834449,0.14080278560898568,-0.0001174650292774606,0.0003676920740241322,0.0357520099613041,-0.13236882364138278,0.018933332579963845,0.11329957095508764,-1.6852134634915818e-09,6.008926583138865e-11,0.06408756239127845,-0.23050799272306635
75.79,0.03844447832161084,-0.14053502249799732,0.004001712462828261,0.16212455498050685,-2.8788342559089115e-09,-5.206303773872368e-10,0.010333851572166663,-0.044114811628745566,0.011318032724562993,0.13801877996636738,-0.00011803077819778636,0.00037117554079953955,0.03692263563956457,-0.13623326661412696,0.019722002275017764,0.11040543570123701,-1.6959834669443813e-09,9.832979437078007e-11,0.06506202722563317,-0.23360255456854404
75.8,0.03961376739398822,-0.1461028807744623,0.004708451161514809,0.15961200201297746,-2.874236343899995e-09,-5.425312815320821e-10,0.011686581412474424,-0.048710506982446784,0.012099619982551017,0.13517993621622976,-0.00011856106019421877,0.0003745267600063696,0.03807960204605326,-0.14004283806041537,0.020521679378609114,0.10746718500510351,-1.7067436711105562e-09,1.3655796956607397e-10,0.066013103964269,-0.23661925248497587
75.81,0.040768333912389446,-0.15163805691966917,0.005431121320911725,0.15703596494668773,-2.8696932646080076e-09,-5.642771686512651e-10,0.01303439485511082,-0.05327209263792562,0.012894692289188681,0.13228741770026206,-0.00011905562772662265,0.0003777427191172911,0.03922252890032867,-0.14379701289824126,0.02133206961652196,0.10448608617882034,-1.7174902430714158e-09,1.7475495335740598e-10,0.0669404918590786,-0.23955809439411554
75.82000000000001,0.041907624266123475,-0.15713682096060277,0.0061694646538180825,0.15439741463716755,-2.8652071831703894e-09,-5.858613929595872e-10,0.014376836243533211,-0.05779848811310471,0.013702959821520143,0.1293424194324005,-0.00011951424204788736,0.00038082047883478733,0.0403510414584054,-0.1474953025807466,0.022152874443687146,0.10146343495775535,-1.7282193681194166e-09,2.1290341531238225e-10,0.06784389794046491,-0.2424191130175612
75.83,0.043031088604285374,-0.16259543390330822,0.0069232166325123275,0.15169735752845487,-2.860780244524347e-09,-6.07273651154186e-10,0.015713453443894958,-0.062288660897323544,0.014524127521715885,0.12634616735945445,-0.00011993667337063597,0.00038375717574091746,0.04146477056117256,-0.15113725372265716,0.02298379117405067,0.0984005542872854,-1.7389272372898923e-09,2.509845801205849e-10,0.06872303701376224,-0.24520236409160312
75.84,0.044138181210479355,-0.16801015171334285,0.0076921065897167665,0.1489368328621804,-2.8564145736069677e-09,-6.285038569255853e-10,0.01704379794765437,-0.06674162537156568,0.015357895220023772,0.12329991762593073,-0.00012032270103883299,0.0003865500281381286,0.042563352679324505,-0.15472244669337648,0.023824513113158526,0.09529879330243639,-1.749610045728747e-09,2.889808307220777e-10,0.06957763165338506,-0.24790792456729524
75.85000000000001,0.04522836087787894,-0.17337722933804997,0.008475857822920556,0.14611691329662074,-2.8521122681780346e-09,-6.495415897718223e-10,0.018367424969505976,-0.07115644208742507,0.016203957760734678,0.12020495580553156,-0.00012067211370419675,0.00038919633682541925,0.043646429954945734,-0.15825049417161927,0.02467472969334826,0.09215952618166001,-1.7602639918200055e-09,3.2687373530450904e-10,0.07040741219488593,-0.25053589080823246
75.86,0.046301091284221586,-0.17869292476505824,0.009274187702012509,0.14323870413507786,-2.847875416430204e-09,-6.703771360804893e-10,0.019683893540721035,-0.07553221678990853,0.017062005131085325,0.11706259609913347,-0.0001209847095066378,0.0003916934877608788,0.044713650239894355,-0.16172103966212362,0.025534126611435018,0.08898415101617824,-1.7708852871718163e-09,3.6464592409244067e-10,0.07121211672510226,-0.253086376789709
75.87,0.04735584136632966,-0.1839535031050832,0.010086807780193767,0.14030334319303878,-2.843706089034079e-09,-6.909993430780049e-10,0.020992766597990622,-0.07986809944972485,0.017931722593017483,0.1138741804962914,-0.00012126029625984883,0.00039403895368134124,0.04576466713113319,-0.16513375597957852,0.026402385968777434,0.08577408862295677,-1.7814701650738253e-09,4.022788311889979e-10,0.07199149107057197,-0.255559512303231
75.88,0.04839208569374805,-0.18915524069557485,0.010913423908132809,0.1373120002871613,-2.839606326945334e-09,-7.113998114895604e-10,0.022293611067870703,-0.08416328317762047,0.01881279081770927,0.11064107790094188,-0.00012149869164073975,0.0003962302961491692,0.046799140003160725,-0.16848834370275748,0.02727918641360469,0.08253078133837659,-1.792014862899253e-09,4.3975505460542563e-10,0.07274528878439722,-0.2579554411708904
75.89,0.04940930484108887,-0.19429442921694376,0.011753736351322958,0.13426587685209432,-2.835578144561513e-09,-7.315670555227892e-10,0.023585997946939594,-0.08841700308961178,0.019704886022790087,0.10736468321916458,-0.00012169972338341105,0.0003982651673371403,0.04781673403769511,-0.1717845296039408,0.028164203285483157,0.07925569177433385,-1.8025156267416105e-09,4.770562716476983e-10,0.07347327113173631,-0.26027431947284646
75.9,0.05040698575866934,-0.19936737981536837,0.012607439910597405,0.13116620542904023,-2.831623542528168e-09,-7.514918331304117e-10,0.02486950237778016,-0.09262853509452668,0.020607680112148016,0.10404641640760949,-0.00012186322947711812,0.0004001413118801256,0.048817120250770896,-0.17502206505719092,0.029057108761798265,0.07595030154557357,-1.8129687389890415e-09,5.141653805812404e-10,0.07417520707409794,-0.2625163137923915
75.91,0.051384622141031434,-0.2043704272249817,0.013474224045753238,0.1280142491508544,-2.827744487502259e-09,-7.711633237207972e-10,0.026143703720910287,-0.0967971946240508,0.021520840818233026,0.10068772148076283,-0.00012198905836810327,0.00040185656862722205,0.049799975517405504,-0.17820072443018212,0.029957572006123416,0.07261610996347549,-1.8233704836094602e-09,5.510639006395516e-10,0.07485087325261576,-0.26468159948201403
75.92,0.0523417147929303,-0.20929993388294466,0.01435377300223043,0.12481130115804667,-2.823942938403592e-09,-7.905719089079663e-10,0.027408185622788853,-0.10092233530137515,0.022444031846756758,0.09729006547560479,-0.00012207706916513388,0.0004034088723636444,0.050764982593998,-0.18132030346357736,0.030865259318344874,0.06925463269858097,-1.8337171833408197e-09,5.877349297893001e-10,0.07550005397047442,-0.26677035895448714
75.93,0.05327777199238111,-0.21415229403077005,0.015245765940787668,0.1215586839757026,-2.820220792361698e-09,-8.097070910979869e-10,0.028662536080031432,-0.10500334755668651,0.023376913023683943,0.09385493737289298,-0.00012212713184853746,0.0004047962554523392,0.05171183013862025,-0.18438061764248545,0.031779834286408716,0.06586740041135175,-1.8440051563085552e-09,6.241602502854324e-10,0.07612254117465918,-0.26878278000241973
75.94,0.054192309850353976,-0.21892393779547062,0.016149877070111666,0.11825774883386446,-2.816579963214182e-09,-8.28558600284967e-10,0.029906347499973205,-0.10903965719195936,0.02431914044440757,0.0903838469746964,-0.0001221391274820447,0.0004060168493937218,0.05264021272936621,-0.18738150056400008,0.03270095793955182,0.062455957352921664,-1.85423077932933e-09,6.60323412464087e-10,0.07671813443719448,-0.2707190541500961
75.95,0.05508485266683595,-0.22361133120109886,0.017065775782286158,0.11490987478398458,-2.813022296112388e-09,-8.471164447294328e-10,0.031139216757601815,-0.1130307279297515,0.025270366625004502,0.08687832407251689,-0.000122112948428075,0.0004070688783857031,0.0535498308810466,-0.19032279813665004,0.03362828890287158,0.05902185975132934,-1.864390424699348e-09,6.962063016172168e-10,0.07728664093586705,-0.27257938062343545
75.96000000000001,0.05595493328608811,-0.22821088189815808,0.017993126790927395,0.11151646426823791,-2.8095496306915675e-09,-8.65370284492401e-10,0.03236074524578651,-0.11697615772416937,0.02623024065571365,0.08333992509280869,-0.00012204849857149758,0.00040795047038565954,0.054440391063726785,-0.19320426574095437,0.03456148355294693,0.055566670011281905,-1.874480513888532e-09,7.317924182956395e-10,0.07782787543013034,-0.2743641003228299
75.97,0.05680209345740691,-0.23271888576585162,0.018931590271672155,0.10807894061605249,-2.806163771961441e-09,-8.833091952731803e-10,0.033570538912308594,-0.12087573349948598,0.027198408357007414,0.07977023502484774,-0.00012194569356436131,0.00040865956133537116,0.05531160573014533,-0.19602550836155713,0.035500196174095916,0.05209195355229389,-1.8844974890534312e-09,7.670643150605979e-10,0.0783416602231355,-0.27607377237414304
75.98,0.05762588420396482,-0.23713158944055424,0.019880822004858658,0.104598749707438,-2.8028664812186727e-09,-9.009242767433643e-10,0.03476820828097241,-0.12472937005871107,0.028174512438240762,0.07617085957680597,-0.00012180446109439558,0.0004091940337143551,0.056163193355154566,-0.1987860404765472,0.03644407911505892,0.04859928076408974,-1.89443781968203e-09,8.02004642144154e-10,0.07882782510604153,-0.27770909046090997
75.99,0.058425866195133104,-0.24144527339276328,0.02084047352050836,0.10107736240866663,-2.799659500263856e-09,-9.182039933474056e-10,0.03595336846122363,-0.1285370292869882,0.029158192658277494,0.0725434170502108,-0.00012162474116826097,0.00040955186657864605,0.056994878482933706,-0.20148536626937735,0.037392782946219866,0.04509022954296618,-1.9042980125023365e-09,8.365973448632599e-10,0.07928620729064642,-0.279270771927995
76.0,0.05920161011787077,-0.24565622193642503,0.021810192245689277,0.0975162722426511,-2.7965445357515345e-09,-9.351402635962002e-10,0.03712563915050428,-0.13229875169874933,0.03014908598755164,0.06888953881416497,-0.00012140648639973224,0.0004097310881052503,0.05780639177793549,-0.20412294366376474,0.0383459566174392,0.041566382380755496,-1.914074617520818e-09,8.708253116846841e-10,0.0797166513360886,-0.28075960262544464
76.01,0.059952697044803466,-0.24976079505105914,0.02278962165426256,0.09391699763063366,-2.7935232522377745e-09,-9.51721924570695e-10,0.03828464463150503,-0.1360145875121656,0.031146826771238405,0.06521086319049088,-0.00012114966229940079,0.0004097298742721697,0.05859747007766438,-0.20669825228082547,0.03930324761646799,0.03802932843840252,-1.923764206709073e-09,9.046726469639557e-10,0.08011900907250809,-0.2821763424419696
76.02,0.06067871879664268,-0.25375540874436026,0.02377840141900461,0.09028107953542051,-2.7905972866905356e-09,-9.679411531676526e-10,0.03943001376644408,-0.13968461790396297,0.032151046893236834,0.06150903531451446,-0.00012085424756221346,0.000409546524951594,0.05936785644541736,-0.20921076816605808,0.040264302127899755,0.03448066067782448,-1.9333633973590103e-09,9.381235358179276e-10,0.08049313952450093,-0.2835217560157386
76.03,0.06137927829940106,-0.2576365058924083,0.024776167565967275,0.08661007938362755,-2.7877682296169016e-09,-9.837878526598258e-10,0.04056137998773435,-0.1433089857417142,0.03316137594084883,0.05778570752716208,-0.00012052023435317454,0.000409179409685653,0.06011730022397478,-0.21165992874658296,0.041228765192482315,0.03092197338419742,-1.9428688434596276e-09,9.711623920491258e-10,0.08083890883336385,-0.2847966565557629
76.04,0.06205398993348089,-0.26140071009739874,0.02578255263110062,0.08290558467904237,-2.785037647275999e-09,-9.992542685357388e-10,0.04167838128770688,-0.14688774635824567,0.03417744136988268,0.05404253004219911,-0.00012014762858860056,0.00040862715030028584,0.060845557087810115,-0.21404528386340407,0.04219628086677418,0.027354867467103337,-1.9522772411647703e-09,1.0037748882311105e-09,0.08115619018170747,-0.2860017000937864
76.05,0.06270247987411894,-0.265044615083334,0.02679718581901897,0.07916919749795034,-2.782407048519027e-09,-1.0143317593201288e-09,0.04278066020772417,-0.15042107586984918,0.035198868670012325,0.05028116017025408,-0.00011973645021169345,0.00040788838877667396,0.061552389093795075,-0.2163662772586845,0.043166492382982084,0.023780938286901452,-1.961585322966057e-09,1.0359444905640826e-09,0.08144486372092774,-0.2871376708233427
76.06,0.06332438642633272,-0.2685649213079611,0.027819693163696146,0.07540254239698865,-2.7798779378341252e-09,-1.029010428506448e-09,0.04386786382335784,-0.15390914109075846,0.0362252815304827,0.046503256464088955,-0.00011928673347012502,0.00040696176074415296,0.0622375647341514,-0.2186223780100419,0.04413904230756605,0.02020174593930229,-1.9707898897454944e-09,1.0676590497674933e-09,0.08170481651234292,-0.28820480602801324
76.07000000000001,0.0639193603519629,-0.27195843039541223,0.028849697691231614,0.0716072656898394,-2.7774517362973932e-09,-1.043285015587443e-09,0.04493964372768649,-0.15735210774562058,0.03725630200607515,0.04271047941244995,-0.00011879852720512288,0.00040584579866791414,0.06290085898982781,-0.22081306904510742,0.04511357269588426,0.016618782243196663,-1.9798877487917385e-09,1.0989056279916483e-09,0.08193594252436578,-0.28920232082374453
76.08,0.0644870651923931,-0.2752218505727635,0.029886819584369062,0.06778502126599825,-2.7751298604844e-09,-1.0571462419297119e-09,0.04599565600905766,-0.16075032903150985,0.038291550683284284,0.038904492500515975,-0.00011827189515683384,0.0004045388835453806,0.06354205338837585,-0.22293764941122357,0.046089725241450115,0.013033496379091168,-1.988875788093426e-09,1.1296778236865661e-09,0.08213814270121743,-0.2901290981916805
76.09,0.06502717758714266,-0.27835210551060346,0.03093067634847878,0.06393748435994535,-2.772913664653061e-09,-1.070588637363431e-09,0.04703556122311428,-0.16410404510996573,0.03933064684637367,0.035086949308148443,-0.00011770691628136216,0.0004030395477852255,0.06416093606682775,-0.22499554169483552,0.047067141421423854,0.00944732754953227,-1.997750922750984e-09,1.1599651044645708e-09,0.08231132508377256,-0.29098351793225785
76.10000000000001,0.0655393875819698,-0.28134617059816464,0.031980882979257254,0.06006634686921009,-2.7708044702129786e-09,-1.083603466487859e-09,0.048059024367673155,-0.16741346488825773,0.0403732086428142,0.03125949739508452,-0.00011710368507166616,0.00040134641262331054,0.06475730183085311,-0.22698620946265743,0.04804546264074446,0.005861714228272298,-2.0065101260683773e-09,1.189761310490246e-09,0.0824554049677443,-0.2917637678686165
76.11,0.06602339893197968,-0.2842009596343276,0.03303705213212122,0.056173315265286024,-2.76880354764074e-09,-1.0961838534874028e-09,0.04906571486145378,-0.17067879536120154,0.041418853248044986,0.027423778410032074,-0.00011646231189383621,0.00039945808091205673,0.06533095220904363,-0.22890912962933832,0.04902433037573401,0.0022780854048237544,-2.015150407370831e-09,1.2190566784206116e-09,0.08257030509161582,-0.2924677016080805
76.12,0.06647892940238138,-0.2869135252656855,0.03409879429332439,0.052260117884472254,-2.7669121356773046e-09,-1.1083236493641728e-09,0.050055306530041095,-0.17390003250490754,0.042467197029440934,0.023581421664454868,-0.00011578292333518123,0.0003973732420942334,0.06588169549871303,-0.23076400673295433,0.05000338631763645,-0.0013021163708198341,-2.023668845397948e-09,1.2478402262753915e-09,0.08265595584741202,-0.29309309056089783
76.13,0.0669057110646808,-0.2894808826970849,0.03516571795287199,0.04832849703053725,-2.7651314228541566e-09,-1.1200168998471867e-09,0.05102747760553663,-0.1770770681497251,0.04351785570926853,0.019734047280472053,-0.00011506566254663191,0.00039509039225600097,0.06640934679651135,-0.23255066463743249,0.050982272516704626,-0.004877446313911053,-2.0320625553061933e-09,1.2761130229324778e-09,0.08271229551317022,-0.2936373488840228
76.14,0.06730349059011206,-0.29190010531653404,0.036237429778790915,0.04438020264817269,-2.7634625601583783e-09,-1.1312579185159945e-09,0.05198191073643003,-0.18020976499295646,0.04457044452666746,0.015883266486174722,-0.0001143106895765463,0.00039260804370202216,0.06691372801777151,-0.23426895586829657,0.05196063152630238,-0.008446471272141967,-2.0403287114380208e-09,1.3038601472170918e-09,0.0827392705132018,-0.29409761476627705
76.15,0.06767202953475658,-0.2941684642934699,0.03731353479240233,0.0404169960551123,-2.761906629915714e-09,-1.142041937263139e-09,0.052918293006300646,-0.18329781334283513,0.045624578398621156,0.01203067793060088,-0.00011351818168628362,0.0003899249525036336,0.06739466790670226,-0.23591890739922836,0.05293810654792927,-0.012007710908071671,-2.0484645237308253e-09,1.3310196882732477e-09,0.08273683568315217,-0.29447154141698145
76.16,0.06801110461327475,-0.2962832438576413,0.03839363654440327,0.03644064176543941,-2.7604647009485326e-09,-1.152362637931975e-09,0.05383631596175766,-0.1863408989695335,0.046679872079877734,0.008177872175303566,-0.00011268833364605042,0.0003870399349834745,0.06785200203739229,-0.23750054660720898,0.053914341580539246,-0.015559613726929235,-2.05646728532302e-09,1.3576193829687533e-09,0.08270495454096559,-0.29475594356949664
76.17,0.06832050796226193,-0.298241914688256,0.039477337291443294,0.03245290803110993,-2.759137783307213e-09,-1.16221747989893e-09,0.054735675646206884,-0.18933863677666307,0.047735940321889374,0.004326429057927256,-0.00011182135801151392,0.00038395219483122804,0.0682855728095079,-0.2390139606828127,0.054888981571271464,-0.019100726446999686,-2.0643343292453053e-09,1.3836686600687801e-09,0.08264359958618882,-0.29494772993799556
76.18,0.06860004738689725,-0.3000421802733587,0.040564238172999985,0.028455564851892226,-2.7579268327954113e-09,-1.1715981750109868e-09,0.05561607264150522,-0.19229050261254896,0.048792398030619924,0.0004779141829165253,-0.00011091748537026916,0.0003806609010849618,0.06869522943702927,-0.24045936660493433,0.055861672561136604,-0.0226296475036906,-2.072063047039025e-09,1.4091626749449922e-09,0.0825527525872962,-0.2950445837152022
76.19,0.06884954659054232,-0.3016818026218257,0.041653939388339875,0.024450379930493052,-2.7568327641277394e-09,-1.1805040893144582e-09,0.056477212118278566,-0.19519595971257955,0.0498488604231292,-0.003366116727716029,-0.00010997696459395485,0.00037716479238944533,0.06908082792936865,-0.2418369824545973,0.056832061827275446,-0.026144940745350502,-2.079650879056722e-09,1.4341073014178474e-09,0.08243240487033246,-0.295042846185325
76.2,0.06906884538797417,-0.3031588298391789,0.04274604037338321,0.02043912051621615,-2.7558564502807047e-09,-1.1889308634661184e-09,0.05731880389471983,-0.19805430595767465,0.05090494318295402,-0.007204121904441895,-0.00010900006310419791,0.00037346319343970115,0.06944223106518616,-0.24314717823841403,0.05779979802418864,-0.029645225508369406,-2.0870953326502876e-09,1.4584832396412076e-09,0.08228255763639206,-0.29493957583480584
76.21000000000001,0.06925779989860749,-0.3044714615646398,0.04384013997727892,0.016423546801153398,-2.7549987095646076e-09,-1.1968752320616918e-09,0.05814056250607115,-0.20086476585299315,0.05196026261368513,-0.01103458925825426,-0.0001079870671017102,0.00036955570104749857,0.06977930836201421,-0.24439021618957615,0.05876453132240142,-0.033129137499596575,-2.09439396359942e-09,1.482292823111888e-09,0.08210322226243828,-0.2947320822637544
76.22,0.06941628272544363,-0.30561793302053336,0.04493583663832909,0.012405409628532336,-2.7542603170365594e-09,-1.2043356252885283e-09,0.05894220728128532,-0.20362655481097594,0.053014435789051885,-0.014856063292368655,-0.000106938281754867,0.0003654419434643914,0.07009193606257563,-0.24556589291122224,0.05972591354548103,-0.03659530402953941,-2.101544384839544e-09,1.505534160779752e-09,0.08189442059682932,-0.29441698595089405
76.23,0.06954418312638892,-0.3065965715219919,0.04603272855907583,0.008386452298356058,-2.7536419949804425e-09,-1.2113078615762088e-09,0.05972346242723494,-0.20633870540972152,0.05406708069830325,-0.018667131211900292,-0.00010585403138822849,0.00036112194610521566,0.07037999714987575,-0.24667388680691907,0.06068359830549102,-0.040042405969757965,-2.108544263761596e-09,1.5281959024336887e-09,0.0816561852668629,-0.2939914599541976
76.24,0.06964140717528285,-0.3074058666377377,0.04713041388039335,0.004368404066669652,-2.7531444216655353e-09,-1.2177923044451879e-09,0.06048405712271608,-0.2090002314083621,0.0551178163875589,-0.022466406090675545,-0.00010473465965523312,0.00035659586481075694,0.07064338138285783,-0.24771369724160502,0.061637241135097096,-0.043469152331517796,-2.1153913324905784e-09,1.5502787118550338e-09,0.08138855996862569,-0.29345280765638265
76.25,0.06970787790906163,-0.30804443771089507,0.048228490854242835,0.0003529783238312659,-2.7527682247190047e-09,-1.2237860407731909e-09,0.06122372561741022,-0.21161013326652758,0.056166263098105955,-0.026252531096356047,-0.00010358052966183332,0.000351864090654388,0.07088198534967105,-0.2486846150597065,0.06258649961686588,-0.046874263676546374,-2.1220833701829232e-09,1.5717790874357653e-09,0.08109159974333181,-0.2927982081153868
76.26,0.06974353545951775,-0.30851109085773437,0.04932655801483886,-0.003658128497674009,-2.7525139929753433e-09,-1.2292890054920972e-09,0.0619422073334719,-0.21416735980370738,0.05721204240239629,-0.030024159026019962,-0.00010239202407391695,0.00034692736679466817,0.07109571253154502,-0.2495860357664497,0.0635310335095795,-0.05025652073645026,-2.1286182333437926e-09,1.5926923780176994e-09,0.08076537124315825,-0.2920252962436068
76.27,0.06974833716957886,-0.30880475130038554,0.05042421434809736,-0.007663238188071122,-2.7523822464856932e-09,-1.234300371790629e-09,0.0626392469720392,-0.21667079156597835,0.0582547773380616,-0.033779972089908725,-0.00010116954522332071,0.00034178648274919734,0.07128447337149041,-0.25041716460666735,0.06447050487041173,-0.05361473466289388,-2.1349938134384944e-09,1.6130170712669862e-09,0.08040995297410322,-0.29113180159821683
76.28,0.06972225769540726,-0.3089244929712178,0.05152105945924735,-0.011660691873819639,-2.7523734745196524e-09,-1.2388201101734374e-09,0.06331459462610307,-0.2191192454813928,0.05929409253995399,-0.03751866309165637,-9.991351531300576e-05,0.0003364380712757026,0.07144818535354908,-0.25117710249324643,0.06540457817285429,-0.0569477670512185,-2.141208071987977e-09,1.6327507374084741e-09,0.0800254355171408,-0.2901157137844532
76.29,0.06966528908967082,-0.30886968551362926,0.05261669373846401,-0.015648852004285545,-2.752488107910538e-09,-1.242847032818988e-09,0.06396800589577745,-0.22151160623201913,0.06032961437250919,-0.04123887844786597,-9.862437668048275e-05,0.00033088327715565994,0.07158677308770602,-0.25186505563132994,0.06633292041970236,-0.06025453937005384,-2.147259027713975e-09,1.6518901524780098e-09,0.0796119217192459,-0.28897552191437226
76.3,0.06957744086292936,-0.3086398391569538,0.053710718524364764,-0.019626103624984917,-2.752726542336527e-09,-1.2463845980342845e-09,0.06459924200493859,-0.22384664644550004,0.061360971062549965,-0.044939317600191715,-9.730259179407109e-05,0.00032512788539340343,0.07170016839126744,-0.25248024313777917,0.06725520124949645,-0.06353405701735163,-2.153144764322873e-09,1.6704357590868873e-09,0.07916952683996001,-0.2877101898650433
76.31,0.06945874002804453,-0.30823460000066116,0.054802736265257085,-0.023590854633709746,-2.753089114065278e-09,-1.249431111816282e-09,0.06520806992545271,-0.226123028799274,0.0623877928286032,-0.04861873763772822,-9.594864301795453e-05,0.0003191748167323064,0.0717883103763949,-0.25302159668103263,0.06817109303440952,-0.06678542996430498,-2.1588634225868726e-09,1.6883849395894206e-09,0.07869837864464768,-0.2863193293012785
76.32000000000001,0.06930923112855172,-0.307653826738055,0.05589235067806405,-0.027541536977171256,-2.7535761016838956e-09,-1.2519900060864706e-09,0.0657942625046227,-0.22833955934533426,0.06340971200629594,-0.0522758963615373,-9.45630324174882e-05,0.0003130270482977601,0.07185114555052623,-0.2534880820144886,0.06908027097003473,-0.07000780955244687,-2.1644131881203986e-09,1.705737663619492e-09,0.07819861744562469,-0.28480290048922513
76.33,0.069128976248253,-0.3068975598787306,0.056979166904814776,-0.03147660821492543,-2.754187755661271e-09,-1.2540604097426307e-09,0.06635759858378197,-0.23049517187119692,0.0644263631723765,-0.05590955792894446,-9.314628160107372e-05,0.00030668822789160056,0.07188862791150784,-0.2538789656933574,0.06998241316035234,-0.07320037021417089,-2.169792323955018e-09,1.7224925015219384e-09,0.07767039610767788,-0.28316104490078625
76.34,0.0689180550056329,-0.3059659052957229,0.05806279166655292,-0.03539455302654443,-2.7549242735208898e-09,-1.2556458490671138e-09,0.06689786311068582,-0.232588704950342,0.06543738326757183,-0.05951851343026352,-9.169893154465934e-05,0.0003001615696247091,0.07190071904282533,-0.2541930079589254,0.07087720069983723,-0.07636231558159268,-2.1749991512753555e-09,1.7386480675925205e-09,0.07711388003726352,-0.28139391970671995
76.35000000000001,0.06867656453839743,-0.3048590686364696,0.059142833414560544,-0.039293883123580044,-2.755785791481092e-09,-1.256746078446857e-09,0.06741484725352195,-0.23461901516601105,0.06644241171707357,-0.06310158347333733,-9.022154235467876e-05,0.00029345252291078426,0.0718873882401976,-0.2544285704968077,0.07176431775292297,-0.07949287341947296,-2.1800320395752406e-09,1.7542038388067408e-09,0.07652924716437957,-0.2795017781560023
76.36,0.06840461947004996,-0.3035776370161223,0.06021890247890807,-0.04317313607270675,-2.7567724196271213e-09,-1.2573651235793668e-09,0.06790834850887194,-0.23658518725178398,0.06744109054889268,-0.0666575930890158,-8.871469293059239e-05,0.0002865664747912526,0.0718486126394871,-0.25458493390088344,0.07264345163101488,-0.0825912935758305,-2.1848894316130618e-09,1.7691594809848357e-09,0.07591668790933107,-0.2774851991921286
76.37,0.06810235185277044,-0.3021222921670066,0.06129061121431413,-0.047030877781610886,-2.757884198755941e-09,-1.2575029081436533e-09,0.06837817080029364,-0.23848623306515587,0.06843306451091434,-0.07018538332173162,-8.717898062073739e-05,0.00027950767838092513,0.07178437732263979,-0.2546608754672927,0.0735142928672142,-0.08565684925478495,-2.189569819175038e-09,1.7835128901292931e-09,0.07527640513085404,-0.27534478288354114
76.38,0.06776991109661516,-0.30049376462777816,0.06235757414322811,-0.05086570206781279,-2.7591211352025e-09,-1.2571632281181353e-09,0.06882412457614076,-0.24032115978357133,0.06941798118628548,-0.07368382064730095,-8.561502087001939e-05,0.0002722825782555833,0.07169467545116971,-0.25465449702047566,0.07437653528880955,-0.08868883449115343,-2.194071761895049e-09,1.7972645196714864e-09,0.07460861406452746,-0.27308120169627925
76.39,0.06740746388261729,-0.29869316944033053,0.06341940809622529,-0.05467622688608492,-2.760483180894281e-09,-1.2563476972081734e-09,0.06924602690238339,-0.24208919056756062,0.07039549110648438,-0.07715179553800394,-8.402344677621256e-05,0.00026489785584178936,0.07157950841978475,-0.2545646505431777,0.07522987608780618,-0.09168655858393533,-2.1983938725930714e-09,1.8104127934324825e-09,0.07391354224761877,-0.2706954381368312
76.4,0.06701519404760697,-0.2967218929158411,0.06447573234986503,-0.05846109574108918,-2.7619702581110496e-09,-1.2550589570205617e-09,0.06964370154335543,-0.2437895970748676,0.07136524786218955,-0.08058821496969953,-8.240490861116438e-05,0.0002573595348450095,0.07143888599147889,-0.2543900204036954,0.07607401588983093,-0.09464934570071748,-2.202534835452721e-09,1.8229567297359488e-09,0.07319142942248924,-0.26818862683407063
76.41,0.06659330244457816,-0.2945814355207558,0.06552616876108079,-0.062219008013888626,-2.7635822199203455e-09,-1.2533001424220626e-09,0.07001697904016828,-0.24542151072592153,0.07232690821247058,-0.08399199840066844,-8.076007335643545e-05,0.0002496741890144032,0.07127282644411632,-0.25412870640933033,0.07690865882165701,-0.09757653115067547,-2.206493382892508e-09,1.8348955598731674e-09,0.07244252742100686,-0.26556207589095543
76.42,0.0661420067868576,-0.29227346816497335,0.06657034189641069,-0.06594872436015224,-2.765318885189737e-09,-1.2510735583917182e-09,0.07036569679956986,-0.2469839177212861,0.07328013219209208,-0.08736209574677781,-7.908962420027949e-05,0.00024184932504415382,0.0710813567438599,-0.2537789809675194,0.07773351257758745,-0.10046745985898536,-2.210268313653797e-09,1.846227035531668e-09,0.07166710003040902,-0.2628173193675196
76.43,0.06566154147479344,-0.28979988449145144,0.06760787915581921,-0.06964904669390211,-2.767180026502551e-09,-1.2483825475782693e-09,0.07068969919663295,-0.24847567819252359,0.07422458321620984,-0.09069748457924008,-7.739425998678031e-05,0.00023389204026681858,0.07086451271343865,-0.2533393813789956,0.07854828848473949,-0.10332148984150116,-2.213858491342385e-09,1.8569507084735537e-09,0.07086542284188804,-0.25995597842535056
76.44,0.0651521574038272,-0.28716271796591786,0.06863841089178714,-0.07331882487174395,-2.7691653694467433e-09,-1.2452295045707295e-09,0.07098883769466958,-0.2498953886495229,0.0751599281828297,-0.09399715112212567,-7.56746946711459e-05,0.00022580908436389103,0.07062233918739266,-0.2528083323333921,0.07935270156718957,-0.10613798890048026,-2.2172628332736502e-09,1.8670636930041815e-09,0.07003778308957256,-0.25697970126914965
76.45,0.06461412176143838,-0.2843639985426643,0.06966157052396131,-0.07695694933899035,-2.7712745861489085e-09,-1.2416204411911988e-09,0.07126297097879411,-0.2512417058469445,0.07608583757340896,-0.09726011015252395,-7.393165675309178e-05,0.000217608557988994,0.07035489017034742,-0.2521841706054268,0.08014647060916927,-0.10891633152332865,-2.2204803162313655e-09,1.876565876912617e-09,0.06918447947908148,-0.2538903749416016
76.46000000000001,0.0640477178145189,-0.2814059846575157,0.07067699465014311,-0.08056233339567907,-2.7735073236727385e-09,-1.2375568934162297e-09,0.07151196508983695,-0.25251334734315606,0.07700198555068999,-0.1004854148129342,-7.216588864905661e-05,0.00020929839240192813,0.07006222899189299,-0.2514655554263491,0.08092931821728833,-0.11165590674924523,-2.2235099929424726e-09,1.8854562821683504e-09,0.06830582200113182,-0.2506899711202359
76.47,0.06345324467769299,-0.2782911911550409,0.07168432315376413,-0.08413394149997874,-2.7758631556969283e-09,-1.2330448645324936e-09,0.07173569356588735,-0.2537086473819694,0.07790805005362396,-0.10367213280515376,-7.037814605793263e-05,0.0002008858681378842,0.06974442844343401,-0.2506512703727073,0.08170097088142803,-0.11435611912325064,-2.2263509566122177e-09,1.8937335026062754e-09,0.06740213173806253,-0.24738040241293172
76.48,0.06283101706539512,-0.27502210528978877,0.0726831993075601,-0.08767076466151272,-2.778341645473705e-09,-1.2281049971472864e-09,0.07193403759811141,-0.25482605189245294,0.078803712889466,-0.10681937555095274,-6.856919732621406e-05,0.0001923791508932115,0.06940157090109264,-0.24974014532120223,0.08246115903457442,-0.11701637338772258,-2.22900238168691e-09,1.901396443549782e-09,0.066473740662064,-0.2439638902429836
76.49,0.06218136503425583,-0.27160141091465195,0.07367326987526983,-0.091171782553333,-2.7809422910655916e-09,-1.2227400872452766e-09,0.07210688618481434,-0.25586413006084674,0.07968865982232379,-0.10992629007145817,-6.673982277474413e-05,0.00018378637914856055,0.06903374843576729,-0.24873127239963577,0.08320961711213928,-0.11963608063688587,-2.2314634969377786e-09,1.9084432182003937e-09,0.06552099141710664,-0.2404427276385478
76.5,0.061504633707137046,-0.2680320923684984,0.07465418521199586,-0.09463601923482236,-2.783664547493364e-09,-1.2169386342786643e-09,0.07225413627890168,-0.2568213960894773,0.08056258065748571,-0.11299207513506854,-6.489081401199058e-05,0.00017511523399496898,0.0686410628938151,-0.24762424592535454,0.08394608361073734,-0.12221465928294636,-2.233733582289399e-09,1.9148732892161347e-09,0.06454423709063152,-0.23681922693076016
76.51,0.06080118297564012,-0.2643172279079019,0.07562559936071435,-0.09806255967995148,-2.7865078399431103e-09,-1.2107056710507214e-09,0.07237569294225771,-0.25769614898624227,0.08142516932025522,-0.11601600191345775,-6.302297325728352e-05,0.000166373400805448,0.06822362593547526,-0.24641905767257907,0.08467030114658852,-0.12475152408245263,-2.23581199830454e-09,1.9206840785655754e-09,0.06354384097483658,-0.2330959606745541
76.52,0.060071387188994185,-0.26045999745758763,0.07658717014444578,-0.10145050347132681,-2.7894715387054405e-09,-1.204046957013763e-09,0.07247146950893962,-0.25848678138931847,0.08227612392924147,-0.1189973722201088,-6.113711265655719e-05,0.00015756869351717174,0.06778155904108209,-0.24511578533989545,0.08538201651388184,-0.1272460921933768,-2.2376981490724117e-09,1.925873749162698e-09,0.06252017631176389,-0.22927559732697136
76.53,0.05931563482963795,-0.2564637925168828,0.07753855925645363,-0.10479895164286117,-2.7925549828030844e-09,-1.1969693099455137e-09,0.07254138773917258,-0.25919197171754477,0.08311514686623898,-0.12193550299718063,-5.9234053582233196e-05,0.00014870888633766656,0.06731499350102282,-0.2437146410236533,0.08608098074284415,-0.12969778882455998,-2.239391518400616e-09,1.9304413959811606e-09,0.06147362603013834,-0.22536075243016068
76.54,0.058534328174389895,-0.25233207095949156,0.07847943234891305,-0.10810704306315648,-2.7957574602917658e-09,-1.1894698600263544e-09,0.07258537796790625,-0.25981005714990285,0.08394194484405323,-0.12482973391479106,-5.7314625925030875e-05,0.00013980168347656592,0.0668240703969069,-0.24221585123584496,0.08676694915813067,-0.1321060143287916,-2.2408916425438037e-09,1.9343626668816453e-09,0.06040458248013405,-0.2213541316696574
76.55,0.05772788294744591,-0.24806831713602254,0.07940945911814301,-0.11137396641672624,-2.7990782287423525e-09,-1.1815593904721383e-09,0.07260337928077414,-0.26033884992120676,0.08475622897229013,-0.12767942454237496,-5.537966737272965e-05,0.0001308550330662548,0.06630894058024552,-0.24061961361155068,0.08743968145022127,-0.13446978227156905,-2.242198128032365e-09,1.9376024298232806e-09,0.059313447161867136,-0.21725853349536658
76.56,0.05689672796349318,-0.24367625396554554,0.08032831338728437,-0.11459888914119844,-2.8025164937914074e-09,-1.1732449436078827e-09,0.07259533969404938,-0.2607770907983801,0.08555771482128921,-0.1304839482161557,-5.34300226678086e-05,0.00012187692547442882,0.0657697646463891,-0.23892631605277534,0.08809894176138845,-0.13678826886114875,-2.2433106432500263e-09,1.9402009665586168e-09,0.05820063045040213,-0.21307666297278272
76.57000000000001,0.05604130475713626,-0.23915965262504219,0.08123567318808067,-0.1177810098236726,-2.8060714223297212e-09,-1.164523903038048e-09,0.0725612163145314,-0.26112302088860706,0.0863461224843136,-0.1332426999934498,-5.146654286035736e-05,0.00011287494038167942,0.06520671289957067,-0.2371363482470879,0.08874449876288582,-0.13906092206622675,-2.2442289258923636e-09,1.94217444066032e-09,0.057066551320605015,-0.2088113199847423
76.58,0.05516206720294323,-0.23452236165766824,0.08213122084023193,-0.12091956942454031,-2.80974214895374e-09,-1.1554054377209133e-09,0.07250097552344835,-0.26137430798586725,0.08712117663789402,-0.13595509118392832,-4.949008457533095e-05,0.0001038565121260392,0.06461996531291173,-0.23525013821501092,0.08937612571621842,-0.1412871666841705,-2.244952777767358e-09,1.9435121953455535e-09,0.055911637067958056,-0.20446534290467702
76.59,0.05425948112480151,-0.22976842480396376,0.08301464302834706,-0.12401379892808428,-2.813527763388054e-09,-1.145896832102273e-09,0.07241459317504799,-0.2615293807163022,0.08788260660083694,-0.13862053648812642,-4.750150924354592e-05,9.483042794698218e-05,0.06400971148136808,-0.23326827992999724,0.089993600529558,-0.14346644798165795,-2.2454820628834177e-09,1.9442140597834852e-09,0.05473632302838053,-0.20004147967580352
76.60000000000001,0.0533340238900101,-0.22490202214678306,0.08388563087799535,-0.1270629473515249,-2.8174273193399003e-09,-1.1359992671209469e-09,0.07230205478198798,-0.2615862444578753,0.08863014639255624,-0.14123845672091193,-4.5501682310915704e-05,8.580378187841465e-05,0.06337615056232078,-0.23119147741513613,0.09059670581370127,-0.14559820810348767,-2.245816703885369e-09,1.944278465607661e-09,0.05354105230303886,-0.19554243614980188
76.61,0.05238618398886761,-0.21992746436779384,0.08474388003030249,-0.13006628842025966,-2.8214398229838135e-09,-1.125720766527096e-09,0.07216335571905017,-0.26154250063297313,0.08936353479068451,-0.14380828410514065,-4.349147253044844e-05,7.678249299686185e-05,0.06271949120424976,-0.22902053832351943,0.09118522893745858,-0.14768189954901562,-2.2459566951594596e-09,1.94370615302812e-09,0.052326275488256545,-0.1909708776690937
76.62,0.051416460601813034,-0.21484917294741004,0.08558909071448073,-0.1330231117016053,-2.825564260296348e-09,-1.1150673974491902e-09,0.0719985014407494,-0.2613962173769258,0.09008251538756007,-0.146329465168012,-4.147175129798505e-05,6.777370411938528e-05,0.062039951465383616,-0.2267563584065203,0.09175896208232531,-0.14971698347998996,-2.245902097436225e-09,1.9424962094300276e-09,0.051092450409082196,-0.18632944255962344
76.63,0.05042536315716634,-0.20967161682800708,0.08642096781884853,-0.13593271457502062,-2.8297995574414427e-09,-1.1040446111637103e-09,0.07180750768675148,-0.26114536938735383,0.09078683664537034,-0.14880145983602117,-3.944339194150734e-05,5.8784559251988054e-05,0.061337758724936256,-0.22439986582418694,0.09231770229633572,-0.15170292705179927,-2.2456530217156373e-09,1.940647654628707e-09,0.04984004185424488,-0.18162079315854468
76.64,0.04941341088290528,-0.20439931487904114,0.08723922096084717,-0.1387944042839337,-2.8341446227887143e-09,-1.0926586136024634e-09,0.0715904006830129,-0.2607879206055682,0.09147625195002115,-0.15122373879103404,-3.74072689821993e-05,4.982205481603552e-05,0.06061314958972138,-0.2219520297129011,0.09286125154732142,-0.15363920158709393,-2.2452096593810767e-09,1.9381597261391106e-09,0.048569521310111836,-0.17684760288861617
76.65,0.04838113235294574,-0.1990368574970317,0.08804356455599724,-0.14160750169699907,-2.838598325436339e-09,-1.0809164194071663e-09,0.07134721733501795,-0.2603221676646459,0.0921505196639378,-0.15359578160569176,-3.53642573932488e-05,4.089322063070342e-05,0.05986636979601517,-0.21941388650509866,0.09338941677564325,-0.15552528498544865,-2.244572258497892e-09,1.9350304234358844e-09,0.047281366694206454,-0.17201252597902952
76.66,0.04732906502769008,-0.19358887801496433,0.08883371788578982,-0.14437133413352893,-2.8431594807016345e-09,-1.068822509187285e-09,0.07107800540186715,-0.25974650190049153,0.09280940317800526,-0.15591707470864874,-3.3315231853872576e-05,3.200501797932041e-05,0.05909767410587028,-0.2167865180836818,0.09390200994644966,-0.15736065730216411,-2.243741123673021e-09,1.9312600107811605e-09,0.04597606208950947,-0.16711821466005797
76.67,0.04625775478938118,-0.18806006725521796,0.08960940516446222,-0.147085246080369,-2.8478268980722485e-09,-1.056385223353211e-09,0.07078282364743409,-0.259059692891538,0.09345267096292101,-0.15818710699179425,-3.126106599404437e-05,2.3164545696136492e-05,0.0583073261977649,-0.21407107360184824,0.09439884810175228,-0.15914479688541935,-2.2427166451943e-09,1.926845999241518e-09,0.04465409748008142,-0.16216729363915655
76.68,0.04516775547124259,-0.1824552015577573,0.09037035560327485,-0.14974863146695186,-2.852599329402085e-09,-1.0436098455358911e-09,0.07046174194995705,-0.2582611909496646,0.09408009662003601,-0.16040537569678948,-2.9202631625360432e-05,1.4378927348129516e-05,0.057495598550116406,-0.21126879610747676,0.09487975341209834,-0.1608771964848698,-2.2414992585101453e-09,1.921789549378799e-09,0.04331596848987903,-0.1571623293812772
76.69,0.04405962837879397,-0.17677914092755628,0.09111630347014191,-0.15236094477733372,-2.8574755113341613e-09,-1.0305011402599444e-09,0.07011484134722083,-0.2573512015375568,0.09469145893156708,-0.16257138358673823,-2.7140797960971945e-05,5.6552701043198336e-06,0.05666277231580339,-0.20838102641485826,0.09534455322712512,-0.1625573631584954,-2.2400894761725977e-09,1.9160911049694225e-09,0.04196217612701898,-0.15210582223363184
76.7,0.04293394180451099,-0.1710367762080213,0.09184698814460354,-0.15492166304450736,-2.8624541207421182e-09,-1.0170630195685984e-09,0.0697422140234183,-0.2563301752085277,0.09528654191041708,-0.1646846320327688,-2.507643099931761e-05,-3.0048442250225495e-06,0.05580913718842068,-0.20540915653988975,0.09579308012493178,-0.16418481019741565,-2.2384878613776637e-09,1.909749668216229e-09,0.04059322653320413,-0.14700024775241066
76.71000000000001,0.04179127053935655,-0.16523300039821268,0.09256215417037658,-0.15743026704012397,-2.867533830486504e-09,-1.0032958875271592e-09,0.06934396326826324,-0.2551985856949582,0.09586513485956943,-0.16674431099448025,-2.301039389376095e-05,-1.1623138349091134e-05,0.05493499126398154,-0.20235458122255343,0.09622517196077984,-0.1657590535550441,-2.236695057506142e-09,1.902765432892965e-09,0.039209630735954945,-0.14184807219301784
76.72,0.04063219538352345,-0.15937271252995042,0.09326155130691482,-0.15988624933028237,-2.872713269665776e-09,-9.8920804980676e-10,0.06892020342727236,-0.2539569983589153,0.09642703244637403,-0.16874962718806777,-2.0943546948770016e-05,-2.016859655147581e-05,0.05404064090041723,-0.19921872926042516,0.09664067191532644,-0.16727961611300288,-2.234711769022822e-09,1.8951377246883153e-09,0.037811904402277795,-0.1366517455242696
76.73,0.03945730265688329,-0.15346081362962163,0.09394493457991189,-0.16228911558400086,-2.877991025671853e-09,-9.748045698301212e-10,0.0684710598452759,-0.2526060361453476,0.09697203477291501,-0.17070008687629265,-1.887674578005138e-05,-2.8620314504679245e-05,0.05312640057360745,-0.1960030852821803,0.097039428542105,-0.16874603239371866,-2.232538755054395e-09,1.8868697016306013e-09,0.03640056759377738,-0.13141370262547006
76.74,0.03826718370961645,-0.1475021953214878,0.09461206433070896,-0.1646383785461683,-2.8833656610663254e-09,-9.600895751854514e-10,0.06799666880304364,-0.251146394050896,0.09749994743032088,-0.1725952267253964,-1.6810839549733417e-05,-3.6977533731057e-05,0.05219259272896207,-0.19270916641681135,0.0974212958279295,-0.17015739516674133,-2.230176852047873e-09,1.877833346520213e-09,0.03497614452464906,-0.12613631948516071
76.75,0.037062434433924006,-0.14150173141945102,0.09526270626497303,-0.16693355499784027,-2.88883571783225e-09,-9.450671895086349e-10,0.06749717744729113,-0.24957882922846236,0.09801058154591444,-0.17443457516437033,-1.4746670118517526e-05,-4.523063229740853e-05,0.05123954762946487,-0.18933851616792013,0.09778613328920761,-0.17151233312126368,-2.22762697216286e-09,1.8680911029539818e-09,0.03353916332487768,-0.12082190720504579
76.76,0.035843654777528336,-0.13546427568750094,0.09589663150085691,-0.16917416762625564,-2.89439968513925e-09,-9.297416762757787e-10,0.06697274371416144,-0.24790416444079205,0.09850375382973488,-0.17621767483213477,-1.268507138859985e-05,-5.337756310705041e-05,0.05026760320089812,-0.18589270587363668,0.09813380607678017,-0.17281022397986856,-2.2248900806253176e-09,1.857713962661659e-09,0.03209015580648619,-0.11547281949179719
76.77,0.034611448259347574,-0.12939465833357344,0.09651361661648258,-0.17135974915630528,-2.9000560425386675e-09,-9.141169019079747e-10,0.06642353624637999,-0.2461232823593387,0.09897928662034422,-0.17794407421184671,-1.0626868738440786e-05,-6.141289739676106e-05,0.04927710487436671,-0.18237333260933278,0.09846418504437185,-0.17405072305768024,-2.2219672296108303e-09,1.8466862676802657e-09,0.030629657228941214,-0.1100914103875092
76.78,0.033366421488016745,-0.12329767122220839,0.09711344369676417,-0.1734898339943733,-2.90580322949628e-09,-8.981963242711538e-10,0.06584973430443286,-0.24423712098979755,0.0994370079301107,-0.17961332042320932,-8.572878342138942e-06,-6.93280830025085e-05,0.0482684054261531,-0.17878202075416755,0.09877714679177761,-0.17523338077517694,-2.2188595283921703e-09,1.8350106824932508e-09,0.02915820606484217,-0.10467999647974245
76.79,0.03210918368434945,-0.11717805816534582,0.09769590038002977,-0.17556395412374878,-2.9116396579985958e-09,-8.819797121863014e-10,0.06525152767206718,-0.2422466747043849,0.09987675149059845,-0.18122495568023067,-6.5239063836406494e-06,-7.711836668166152e-05,0.04724186481502358,-0.17512041712134852,0.09907257370590958,-0.17635780711881402,-2.2155681469400023e-09,1.8226891000293217e-09,0.02767634376801466,-0.09924087554772335
76.8,0.030840346208113722,-0.11104052760905289,0.09826077990438081,-0.1775816529898408,-2.917563707949306e-09,-8.654768776832637e-10,0.06462911655603287,-0.24015299840890642,0.10029835679775213,-0.18277853769336028,-4.480748427326285e-06,-8.47800461747192e-05,0.04619785001738702,-0.17139018451920976,0.09935035400171723,-0.17742358806251798,-2.21209432528832e-09,1.8097278226351672e-09,0.0261846145440571,-0.09377631966080817
76.81,0.029560522088617605,-0.10488975507173977,0.0988078811530369,-0.17954249023411198,-2.92357372824522e-09,-8.486928151216888e-10,0.06398271148000807,-0.23795720250824381,0.10070166915581621,-0.18427364368456395,-2.4441888577097166e-06,-9.230758431653804e-05,0.04513673486061189,-0.16759300479893188,0.09961038176173335,-0.17843035439817112,-2.2084393603210056e-09,1.796129489236031e-09,0.024683565123403917,-0.08828857267389918
76.82000000000001,0.02827032555925079,-0.09873036643023535,0.09933700869844914,-0.18144603228804893,-2.929668048555467e-09,-8.316322034843375e-10,0.06331253317296948,-0.23566044980690187,0.10108653971971804,-0.18570985965943504,-4.1500027301880814e-07,-9.969620296594811e-05,0.04405889985451217,-0.16373057789182432,0.09985255697352133,-0.17937774862045147,-2.2046046227974305e-09,1.781898617011494e-09,0.02317374453721853,-0.08277984830058516
76.83,0.026970371597006423,-0.09256692995213069,0.09984797284563979,-0.1832918495687559,-2.9358449625116754e-09,-8.142991209965735e-10,0.06261881245228898,-0.2332639541366116,0.1014528255364386,-0.18708677800865103,1.6060571190510987e-06,-0.0001069411370332237,0.04296473202107985,-0.15980461930111164,0.10007678556516518,-0.18026542927828876,-2.2005915367963783e-09,1.7670369518746719e-09,0.021655703896201688,-0.07725233161030096
76.84,0.025661275467836666,-0.08640395177812642,0.100340589675094,-0.18507951645389173,-2.942102738646182e-09,-7.966990028756135e-10,0.06190179010174778,-0.23076897847793842,0.10180038958568957,-0.18840399790232937,3.6182360829115978e-06,-0.0001140378110101547,0.041854624722642175,-0.1558168588552615,0.10028297944527388,-0.18109287554818443,-2.196401609573791e-09,1.751401090167842e-09,0.02012999617290352,-0.07170815894924436
76.85000000000001,0.02434365227854041,-0.08024586554110448,0.10081468108541775,-0.18680860615204153,-2.948439621454429e-09,-7.788358992964471e-10,0.06116171674462617,-0.22817683377827291,0.1021291008200604,-0.18966112088069711,5.620802959830109e-06,-0.00012098053733839742,0.0407289774886431,-0.15176903772244063,0.10047105660183556,-0.18185793661512747,-2.1920364081735924e-09,1.7348646410948454e-09,0.018597175992879317,-0.06614927629141627
76.86,0.023018116535755667,-0.07409703308085237,0.10127007483586963,-0.18847869544651752,-2.9548538203562204e-09,-7.607075603459637e-10,0.06039885271209798,-0.2254888747767286,0.10243883421321313,-0.19085747976844808,7.613036873970463e-06,-0.00012781056845389342,0.03958819584207491,-0.1476628806695583,0.10064094125653145,-0.1825593875786214,-2.187497593549586e-09,1.7176472518986025e-09,0.017057799434634768,-0.06057768063595403
76.87,0.021685281712863148,-0.06796172380171243,0.10170660459340744,-0.19008921003124898,-2.961343528610735e-09,-7.423338838131397e-10,0.05961346790780074,-0.22270647901938492,0.10272947084601067,-0.19199160690713005,9.594228282676069e-06,-0.00013451596928783395,0.03843269112883174,-0.14350003653766036,0.10079256397268305,-0.18319706759682292,-2.182786892096125e-09,1.6998119400054992e-09,0.015512423828565353,-0.054995441565177404
76.88,0.020345759825685768,-0.061844118204166736,0.10212410999553789,-0.19163930320442552,-2.9679069103985518e-09,-7.237121852827729e-10,0.05880584167023201,-0.21983102952255346,0.10300089801530558,-0.1930627533008499,1.1563680350644353e-05,-0.00014104820688564727,0.037262880348388046,-0.1392822431713342,0.10092586169713262,-0.18377066138352424,-2.177906096662297e-09,1.6813215399790491e-09,0.013961607552837648,-0.049404578571460904
76.89,0.01900016101660843,-0.055748327714561716,0.10252243671982562,-0.19312844522797915,-2.974542105403758e-09,-7.048396412581869e-10,0.05797626263199907,-0.21686398727413872,0.10325300930841189,-0.19407064438424587,1.3520711675970613e-05,-0.00014740739429857486,0.03607918597983295,-0.13501129520864805,0.10104077778486252,-0.18427997910241706,-2.1728570650038724e-09,1.662212054523707e-09,0.01240590983100345,-0.04380708807007348
76.9,0.017649093146454096,-0.04967838269558139,0.10290143653848324,-0.19455625710772342,-2.9812472213643747e-09,-6.857261331435969e-10,0.05712502857306065,-0.2138068790583988,0.10348570464368985,-0.1950148845933083,1.5464657112797e-05,-0.00015360084406929495,0.034882035803825234,-0.13068897170958466,0.10113726202604821,-0.1847246502711811,-2.167641722193303e-09,1.6422790793637977e-09,0.010845890533068581,-0.03820492285046403
76.91,0.016293161394519334,-0.043638225796657326,0.10326096736076548,-0.19592231105808386,-2.98802034894423e-09,-6.663796543287744e-10,0.056252446268264734,-0.21066126170406943,0.10369889030500762,-0.19589516691566902,1.7394867603676266e-05,-0.00015962517882437292,0.03367186272376502,-0.12631706476681442,0.10121527076518319,-0.18510153000485327,-2.1622620781551412e-09,1.621099862010479e-09,0.009282109988492278,-0.032599734164664815
76.92,0.014932967867070854,-0.03763171992457007,0.1036008932732931,-0.19722622806375317,-2.9948595529354535e-09,-6.46806179303827e-10,0.05535883133108855,-0.20742872543769253,0.10389247897488252,-0.19671116307497094,1.9310710484944077e-05,-0.00016547401401989783,0.03244910458646758,-0.1218973706632279,0.1012747671298421,-0.18540847574873007,-2.1567202566170392e-09,1.5991497221275691e-09,0.007715128813273679,-0.026993228045833397
76.93,0.013569111214731621,-0.03166262535261204,0.10392108457938388,-0.19846761458797207,-3.001762884136176e-09,-6.270041463257135e-10,0.05444450805428646,-0.20411088795459725,0.10406638976696415,-0.1974625436210937,2.1211569832373487e-05,-0.00017115115573265448,0.0312142040020567,-0.11743169549122508,0.10131572119828969,-0.18564549822598198,-2.1510184616445646e-09,1.5766138158593496e-09,0.006145507735145081,-0.021387277450965053
76.94,0.012202186260429883,-0.02573457744475458,0.1042214178383014,-0.19964607204123408,-3.008728352948415e-09,-6.069680496741252e-10,0.053509809247713494,-0.20070939183989422,0.10422054831006318,-0.1981473245262961,2.3096843580822804e-05,-0.00017675047927113917,0.029967608168450736,-0.11292167907017571,0.10133811005636433,-0.18581210908880097,-2.145158963594458e-09,1.5529212965261477e-09,0.004573807411896057,-0.015783674336764347
76.95,0.010832783638301357,-0.01985112437749323,0.10450177590464178,-0.20076121499707972,-3.0157539506294882e-09,-5.867156818176787e-10,0.05255507607320956,-0.197225915833498,0.10435488691075516,-0.19876362397111794,2.4965941481260973e-05,-0.0001821879790953621,0.028709768703952362,-0.1083689598086503,0.10134191797739749,-0.18590325421654336,-2.1391441609913227e-09,1.527526778290374e-09,0.00300058826441383,-0.01018375479229736
76.96000000000001,0.00946148944230964,-0.014015721071739387,0.10476204796677431,-0.20181267097845826,-3.022837664150296e-09,-5.662543219720401e-10,0.05158065787606703,-0.19366217589533713,0.10446934469578316,-0.19931111020188433,2.6818288959150342e-05,-0.0001874151117663879,0.02744114147828734,-0.10377533429227218,0.10132713677798141,-0.18591580660655588,-2.132976605074432e-09,1.5010975970789e-09,0.0014264103293591909,-0.0045890003968733105
76.97,0.008088884884699157,-0.00823171141074819,0.10500212958514894,-0.2028000427197102,-3.0299774320373304e-09,-5.455758690738872e-10,0.05058691201306612,-0.19001991726397627,0.10456386767176122,-0.19978958560971763,2.8653330426452274e-05,-0.00019245787710707695,0.02616218643530817,-0.09914261572932166,0.10129376607500482,-0.18584967685201212,-2.1266589252557364e-09,1.4740284901725118e-09,-0.00014816689418683423,0.000998852154684661
76.98,0.00671554596523003,-0.00250232865812519,0.10522192275889118,-0.20372204800215066,-3.037171194514574e-09,-5.245762766702291e-10,0.049574203681007324,-0.18630079779835984,0.10463840879959115,-0.2001971692698313,3.0470524371547287e-05,-0.00019746669225061605,0.024873367417107727,-0.09447244416595357,0.10124181335331049,-0.18570481799454275,-2.1201938490853205e-09,1.4462651269266828e-09,-0.0017225846128573262,0.0065780894257893895
76.99,0.005342043151859264,0.0031693151890055437,0.10542133603282922,-0.20457752657326383,-3.044416846857231e-09,-5.033493865807479e-10,0.048542905748023446,-0.18250650574105126,0.1046929282109877,-0.20052998344201736,3.2269337478562205e-05,-0.00020237655376283595,0.023575152002841056,-0.0897662498881977,0.10117129396023425,-0.1854815402057237,-2.113584156171431e-09,1.4178937982807778e-09,-0.00329628491120192,0.012146992874072365
77.0,0.003968941073165519,0.00878022091971382,0.10560028459172835,-0.20536610393479682,-3.0517122610357676e-09,-4.81946801474416e-10,0.04749339858134315,-0.17863885208622546,0.10472739346736228,-0.20078705033966868,3.404924680062912e-05,-0.00020712618708390102,0.02226801135230517,-0.08502575444527635,0.10108223108547934,-0.1851800301518176,-2.1068326892954957e-09,1.3889003586154603e-09,-0.0048687109225447915,0.01770388016004639
77.01,0.0025967982222698848,0.01432750137337023,0.1057586903120181,-0.20608744757573094,-3.059055296475346e-09,-4.6035014171225117e-10,0.04642606986751231,-0.17469967728963584,0.10474177981636228,-0.20096410638025597,3.5809735455873254e-05,-0.0002119960154544821,0.020952420049139876,-0.08025235841632174,0.1009746557363923,-0.1848005924517931,-2.0999423574928985e-09,1.3593087759460187e-09,-0.006439306997816798,0.02324707883969651
77.02,0.0012261666719722533,0.019808380063756847,0.10589648179954579,-0.20674110777139454,-3.066443791592165e-09,-4.3845350500699244e-10,0.04534131442880003,-0.1706908200097831,0.10473607059070503,-0.2010556790824785,3.755028507173958e-05,-0.0002168226631848709,0.019628855957948665,-0.07544733794985088,0.10084860670949437,-0.18434354332642028,-2.0929161275983578e-09,1.3291321050944846e-09,-0.008007518872264318,0.028774945900552632
77.03,-0.0001424081985763386,0.02522020425561813,0.10601359449660214,-0.2073245511595532,-3.0738755387064083e-09,-4.160246202555488e-10,0.044239534045796676,-0.16661390195385892,0.10471025758598582,-0.20106101439814525,3.9270380765032224e-05,-0.00022152744025599988,0.018297800079611508,-0.07061243230788314,0.10070413055755602,-0.18380924936457202,-2.0857570235556276e-09,1.2983922580685137e-09,-0.009572793829950514,0.03428585662315126
77.04,-0.001508387964941149,0.030560448084740104,0.1061099708684903,-0.20783607606730842,-3.0813483045768865e-09,-3.9335738085653026e-10,0.043121137287565295,-0.16247064893188262,0.10466434119994118,-0.20098031150965145,4.096951620710479e-05,-0.00022617700760331873,0.016959736383146216,-0.06574947829119179,0.10054128155296141,-0.18319810928242863,-2.0784681238218094e-09,1.2671050778427791e-09,-0.011134580865953456,0.0397782121636652
77.05,-0.0028712414057482385,0.03582671409324875,0.10618556056794871,-0.2082747012779561,-3.08885979811072e-09,-3.700530952152139e-10,0.0419865393379221,-0.1582628843663543,0.10459833043498229,-0.200813654803767,4.264719256692049e-05,-0.00023074942731970751,0.015615151623828972,-0.0608603050612441,0.1003601216467434,-0.18251057840767876,-2.071052565209608e-09,1.2352881076371547e-09,-0.012692330846156613,0.045250438452833976
77.06,-0.004230444738031819,0.04101673767229358,0.10624032066011148,-0.2086357993575309,-3.096407690121337e-09,-3.4599105597035426e-10,0.04083616182646395,-0.15399205390290602,0.10451224288409612,-0.20056124112911342,4.430291779781611e-05,-0.0002352601455957467,0.014264535159411573,-0.055946753908059484,0.10016072042329743,-0.18174714099300493,-2.0635135417470804e-09,1.2029575401838084e-09,-0.01424549666477776,0.05070097924563111
77.07000000000001,-0.005585481839744446,0.046128374641765266,0.10627421601396331,-0.20891472138584646,-3.1039895277455754e-09,-3.203707756924655e-10,0.03967043267557846,-0.14965962687057666,0.10440610471294524,-0.20022328403660242,4.5936206348625316e-05,-0.00023970753294899367,0.012908378765782503,-0.05101066985493729,0.09994315505123733,-0.18090832379978602,-2.055854280362361e-09,1.1701298384542948e-09,-0.015793533399870593,0.056128299898633674
77.08,-0.00693584445997263,0.05115960098485141,0.10628721984174876,-0.20910439280407922,-3.1116027499386637e-09,-2.937156055888808e-10,0.03848978596064049,-0.14526684896969255,0.10427995063680853,-0.19980006555332697,4.7546578630278405e-05,-0.000244101078989261,0.011547176451944448,-0.0460539064324181,0.09970751023040976,-0.17999469153094372,-2.0480780763559414e-09,1.1368216083149815e-09,-0.01733589846679001,0.06153088589525993
77.09,-0.0082810324166951,0.05610852657694504,0.1062793142115184,-0.20920250431087925,-3.1192447150936287e-09,-2.6698384871527067e-10,0.03729466176556318,-0.14081545860431624,0.10413382389268482,-0.1992919041750536,4.913356054498911e-05,-0.00024844117728923463,0.01018142427444155,-0.0410783192610737,0.0994538781351457,-0.17900684290153868,-2.0401882655161717e-09,1.1030510872377661e-09,-0.01887205176963904,0.06690724234756783
77.10000000000001,-0.009620553781488003,0.06097339269244363,0.10625049027961325,-0.20920974873924122,-3.1269127344407186e-09,-2.4012564594732985e-10,0.03608550600850152,-0.1363075155177131,0.10396777620670185,-0.1986991683299047,5.0696683264828794e-05,-0.0002527273657801433,0.008811620151425859,-0.03608576709632955,0.0991823583540598,-0.17794540979130785,-2.032188224542666e-09,1.068835081799035e-09,-0.020401455850778794,0.07225589306124496
77.11,-0.010953925051145362,0.06575256835043712,0.10620074831114483,-0.2091258348229658,-3.134604130495341e-09,-2.1318663148254366e-10,0.03486277024457108,-0.13174499402530646,0.10378186775702547,-0.19802226896484457,5.2235483223118214e-05,-0.00025695929337584257,0.00743826367644523,-0.031078111813561814,0.09889305782654531,-0.17681105631686894,-2.0240813835228446e-09,1.0341912599990495e-09,-0.021923576038501532,0.0775753792764542
77.12,-0.012280671306430138,0.07044455118664834,0.10613009767199168,-0.20895104742061585,-3.1423162009500008e-09,-1.8616497819527392e-10,0.033626911464173743,-0.1271299417286116,0.10357616713229087,-0.19726166213131102,5.374950210924981e-05,-0.0002611366827804403,0.0060618559319408055,-0.026057217714921494,0.09858609077605353,-0.1756044779644816,-2.015871209761589e-09,9.991371017165673e-10,-0.02343788059293759,0.08286425956574608
77.13,-0.013600326358021806,0.07504796643847281,0.10603855681811336,-0.20868546637807084,-3.1500462430754936e-09,-1.5908205524295823e-10,0.03237839188962593,-0.12246439850038125,0.10335075128565553,-0.19641784633511938,5.5238286849983025e-05,-0.0002652593476329214,0.004682899302508407,-0.021024951030065988,0.09826157864025127,-0.17432640053312548,-2.0075612045007526e-09,9.636898369450614e-10,-0.024943840850247135,0.08812110924853521
77.14,-0.014912432879706507,0.07956156661176314,0.105926153277914,-0.20832935607921818,-3.1577915554068965e-09,-1.319478471357691e-10,0.03111767876975929,-0.11775043534413272,0.10310570548455526,-0.19549136248941362,5.6701389577395576e-05,-0.00026932718168944325,0.0033018972879779616,-0.015983179307359704,0.09791964999815446,-0.17297757919249748,-1.9991549271860832e-09,9.278679578621069e-10,-0.026440931365134486,0.09334452007000232
77.15,-0.016216542528882733,0.08398423054555543,0.10579292362989418,-0.2078829695383224,-3.1655494134944284e-09,-1.0477784177322406e-10,0.029845244172825802,-0.11299013330016698,0.10284112325625959,-0.19448279255504342,5.813836758424717e-05,-0.00027334016164373763,0.0019193543163700821,-0.010933770851434294,0.09756044049433552,-0.17155879750415048,-1.9906559574530803e-09,8.916884799233086e-10,-0.027928630051726102,0.09853309977630281
77.16,-0.017512216054461467,0.08831496252646977,0.1056389134745848,-0.20734664514335727,-3.1733171051847076e-09,-7.758415388068948e-11,0.028561564777707688,-0.10818559231850065,0.10255710632931637,-0.19339275883053753,5.9548783267213547e-05,-0.0002772983424552373,0.0005357755567877591,-0.005878594126360965,0.09718409276030031,-0.17007086648236236,-1.9820679115784227e-09,8.551695971121149e-10,-0.029406418322849945,0.10368547176967112
77.17,-0.01879902339226779,0.09255289113238015,0.10546417740138743,-0.20672075699616768,-3.181091906639774e-09,-5.038088661523443e-11,0.027267121663600846,-0.10333892513550064,0.10225376457097919,-0.19222192291280685,6.093220405880997e-05,-0.00028120185574289085,-0.0008483332676974087,-0.0008195171648393922,0.09679075633312952,-0.16851462365620598,-1.9733944473403605e-09,8.183294859354339e-10,-0.03087378122775197,0.10880027475349556
77.18,-0.02007654374805709,0.09669726797398287,0.10526877895013766,-0.20600573839581163,-3.188871094921093e-09,-2.3180625183489543e-11,0.02596240009825643,-0.09845225863699023,0.1019312159207098,-0.1909709848195314,6.228820234852008e-05,-0.0002850509058170192,-0.002232466067104257,0.004241593037451684,0.09638058757147694,-0.1668909321518764,-1.9646392451012943e-09,7.811856434129232e-10,-0.03233020758828406,0.1138761624131072
77.19,-0.021344365668281517,0.10074746625713743,0.1050527905676176,-0.2052020686993522,-3.1966519623183273e-09,4.003424756584794e-12,0.02464788932490953,-0.0935277314658968,0.10158958631984921,-0.18964068202816187,6.361635539421545e-05,-0.00028884576602798435,-0.00361611657148589,0.009302871132098137,0.09595374956901705,-0.16520067978522082,-1.955806027971855e-09,7.437566314846198e-10,-0.0337751901335953,0.11891180311034427
77.2,-0.022602087098753464,0.10470297921321213,0.10481629355904412,-0.20431027845480934,-3.2044317768654776e-09,3.1158155123382435e-11,0.023324082348002064,-0.08856749349613531,0.10122900963754985,-0.18823178855380496,6.491624522449016e-05,-0.00029258677402484444,-0.0049987785176967645,0.014362454038233144,0.09551041206543207,-0.1634447781689531,-1.946898528235161e-09,7.060604714414366e-10,-0.035208225633355794,0.12390587960329161
77.21000000000001,-0.02384931543136887,0.10856341838202192,0.10455937803466298,-0.2033309453660835,-3.2122078275058276e-09,5.827123084320814e-11,0.02199147571782026,-0.08357370436199522,0.10084962759306303,-0.18674511400403115,6.618745853315221e-05,-0.00029627432662278683,-0.0063799458359211705,0.019418481570007404,0.09505075135502751,-0.16162416183180012,-1.9379205185982028e-09,6.681147327742236e-10,-0.03662881502954059,0.1288570887861122
77.22,-0.02508566753906649,0.11232851176391838,0.10428214285153002,-0.20226469481705317,-3.2199774075788028e-09,8.532961489535565e-11,0.020650569314158644,-0.07854853244924988,0.10045158967447454,-0.18518150264045502,6.742958656648232e-05,-0.00029990887392428314,-0.007759112835897749,0.024469097072703914,0.09457495019306422,-0.15973978735052513,-1.92887579624702e-09,6.299380233547217e-10,-0.03803646356680123,0.1337641414516683
77.23,-0.026310769799212614,0.11599810184146407,0.10398469555058827,-0.20111219809579903,-3.2277378159740665e-09,1.1232084305932827e-10,0.019301866129132043,-0.07349415364546717,0.10003505305398329,-0.18354183243088773,6.86422250048482e-05,-0.00030349091291342726,-0.00913577439277913,0.029512448066374306,0.09408319769989357,-0.15779263249402198,-1.9197681794131936e-09,5.915481143956094e-10,-0.03943068092144484,0.1386257620759521
77.24,-0.02752425810561447,0.11957214347943916,0.10366715228913725,-0.19987417175185948,-3.235486343211573e-09,1.392322696187171e-10,0.01794587204925037,-0.068412750201835,0.09960018249981686,-0.18182701409905605,6.982497383953359e-05,-0.0003070209804577222,-0.010509426132560406,0.034546686897280035,0.09357568926298088,-0.15578369537980552,-1.910601497567796e-09,5.529629884478928e-10,-0.040810981329043886,0.14344068862482467
77.25,-0.028725777869374643,0.12305070170756108,0.10332963776879932,-0.1985513763717614,-3.2432203109386017e-09,1.660516466022546e-10,0.01658309563687452,-0.06330650953116461,0.09914715028487914,-0.18003799016748445,7.09774372461009e-05,-0.000310499645830858,-0.011879564617009744,0.03956997139635506,0.09305262643690179,-0.15371399364278493,-1.9013796131947556e-09,5.142007786592265e-10,-0.04217688371069581,0.1482076723830342
77.26,-0.029914984009957034,0.12643391234105744,0.10297228513977975,-0.19714524111662982,-3.250937047292546e-09,1.9229090921104476e-10,0.015214047906197776,-0.0581777842715506,0.09867613609151586,-0.17817575700099583,7.209922349836081e-05,-0.00031392611768848056,-0.013245687528276935,0.0445804578127729,0.09251421684064257,-0.15158458795529456,-1.8921063976391025e-09,4.752705629045444e-10,-0.043527911797665124,0.15292548694785127
77.27,-0.03109154094067297,0.12972190979954593,0.10259523585710509,-0.19565765305459173,-3.258633933742195e-09,2.180952318309013e-10,0.013839242088505123,-0.053029006962889015,0.09818732690715355,-0.17624150006453246,7.318994518290268e-05,-0.00031729207144342463,-0.01460729385440836,0.04957627188346523,0.09196067404956697,-0.1493966303975431,-1.8827857353007653e-09,4.363287798712732e-10,-0.044863594253486794,0.15759294380636998
77.28,-0.03225512256858801,0.1329143186909091,0.10219863951139478,-0.19409016373920898,-3.266308395185901e-09,2.435273037045789e-10,0.012459193395442911,-0.047862441154177496,0.09768091686285214,-0.17423791730621635,7.424922035699173e-05,-0.0003205715759228971,-0.01596388408333023,0.05455531481917426,0.0913922174570197,-0.14715208300430624,-1.8734214971751708e-09,3.980642161444005e-10,-0.046183464795407005,0.16220880096498416
77.29,-0.03340541230768204,0.1360111479839613,0.10178265367733681,-0.1924439948229531,-3.273957893271131e-09,2.6866633312660546e-10,0.01107441879038018,-0.04268030725628636,0.09715710701290002,-0.1721670758391863,7.527667404991106e-05,-0.00032376067779046555,-0.017314960403926695,0.059515637035835775,0.09080907206702026,-0.14485378601362373,-1.8640175047716914e-09,3.6017386385270195e-10,-0.04748706232684309,0.1667715209780771
77.3,-0.03454210306479872,0.1390129990806212,0.10134744377103119,-0.19072082315709518,-3.2815799213548927e-09,2.9338753258754107e-10,0.009685436761539797,-0.03748494509758063,0.09661610514726236,-0.1700300195525159,7.627193882799538e-05,-0.00032686200741151403,-0.018660026899171806,0.0644554511111196,0.09021146826713718,-0.14250329830351186,-1.854577554722007e-09,3.221811660957318e-10,-0.048773931077707916,0.17127981886788166
77.31,-0.0356648971863981,0.1419205542949944,0.10089318289553716,-0.18892219046297426,-3.2891720066890113e-09,3.178321224019416e-10,0.00829276709182698,-0.03227863856410166,0.09605812566312845,-0.16782791827522758,7.723465477670903e-05,-0.0003298725307899408,-0.01999858972880291,0.06937295310770544,0.08959964166424085,-0.14010162948687938,-1.8451054314328538e-09,2.8418262456598635e-10,-0.050043620732640216,0.17573258612523213
77.32000000000001,-0.03677350639395887,0.1447343593027878,0.1004200516929572,-0.18704935137951179,-3.296731713705442e-09,3.419686526064429e-10,0.006896930632407206,-0.027063563713213834,0.09548338942890872,-0.16556263969617796,7.816446999757147e-05,-0.00033277741529208493,-0.02133015731236526,0.07426624943493285,0.08897383295961231,-0.13765021287556883,-1.8356049252582066e-09,2.464714041307441e-10,-0.05129568654596322,0.1801286998414028
77.33,-0.03786765172380654,0.14745498374031044,0.09992823821121763,-0.18510363009680061,-3.304256631399855e-09,3.658486051797956e-10,0.005498449081765284,-0.021841927375909575,0.09489212359946238,-0.16323643433895063,7.906104156887987e-05,-0.0003355694427015838,-0.022654240517258246,0.07913343840592875,0.08833428778474905,-0.1351514287716986,-1.8260797845988215e-09,2.0932667202738966e-10,-0.052529689460027375,0.18446683753396434
77.34,-0.038947063455781604,0.15008340827159772,0.09941793777858869,-0.18308617239654357,-3.3117443796755587e-09,3.8959461394387785e-10,0.004097844766359282,-0.016615904230967635,0.09428456142700647,-0.16085063334556052,7.992403607656284e-05,-0.00033825092759681046,-0.02397035284448516,0.08397276276849808,0.0876812564962915,-0.13260719556632863,-1.816533731809914e-09,1.7227622237687111e-10,-0.05374519623202937,0.18874573085990204
77.35000000000001,-0.0400114810156858,0.1526207938310983,0.0988893528867498,-0.18099808801034772,-3.3191925765049877e-09,4.131439333604908e-10,0.0026956404231392706,-0.011387640377126617,0.09366094211654563,-0.15840635121560168,8.075312962769698e-05,-0.0003408209943426001,-0.025278010606378434,0.08878249873382128,0.08701499400051851,-0.13001860653648187,-1.8069704565936181e-09,1.35179595537473e-10,-0.0549417795563339,0.19296429820467828
77.36,-0.041060652858687194,0.15506837161681208,0.09834269307789294,-0.17884052749595603,-3.326598881655815e-09,4.365060832178548e-10,0.0012923589841505655,-0.006159281369456027,0.09302151070673557,-0.15590481328162917,8.154800780297682e-05,-0.0003432799084935728,-0.02657673309957696,0.0935609300668265,0.08633575962586316,-0.12738681481089,-1.7973936696704988e-09,9.812342984010077e-11,-0.0561190181765826,0.19712145484265015
77.37,-0.04209433634309742,0.1574274604804414,0.09777817481953172,-0.17661499734287428,-3.3339609754497106e-09,4.5945025503434195e-10,-0.00011147663951445525,-0.0009330133994624038,0.09236651795049859,-0.1533472140918035,8.230836566074016e-05,-0.00034562668428322104,-0.027866042776409757,0.09830635832978465,0.08564381700942955,-0.12471295213127565,-1.7878070667734117e-09,6.108955804285205e-11,-0.05727649699339523,0.20121614404705598
77.38,-0.0431122975974998,0.15969941245570732,0.09719602135776352,-0.17432310636434883,-3.341276557118717e-09,4.821179255194583e-10,-0.0015153437754524058,0.004288986965568433,0.09169622019286984,-0.1507348160924704,8.30339077998822e-05,-0.0003478599185966107,-0.02914546541506543,0.10301709084982845,0.08493943398169454,-0.12199820489546982,-1.778214339568973e-09,2.4135369701354078e-11,-0.0584138071696913,0.20524734312017356
77.39,-0.04411431138211229,0.16188565977790542,0.09659646256809998,-0.17196615046533492,-3.3485433746718115e-09,5.045564415023788e-10,-0.002918720205834082,0.009504613251134636,0.0910108792442056,-0.148068942950726,8.372434854289795e-05,-0.0003499760154635122,-0.03041453028859552,0.10769145209032485,0.08422288244849148,-0.11924377373005338,-1.768619176803352e-09,-1.2629747543908933e-11,-0.059530546233617775,0.20921403410274833
77.4,-0.045100160946490414,0.16398760629165196,0.09597973481804539,-0.16954547993801633,-3.3557591891520595e-09,5.267228639707991e-10,-0.0043210843795289085,0.014711762280224716,0.09031076222846864,-0.14535158428960893,8.437941239672776e-05,-0.00035196637658923587,-0.03167277033457574,0.11232771383191471,0.08349443824733026,-0.11645163295967556,-1.759025232349988e-09,-4.889519556202889e-11,-0.06062631818422558,0.2131150804075314
77.41,-0.046069637881862906,0.16600682598421412,0.09534608083400771,-0.16706241781394846,-3.362921786082151e-09,5.486787090837244e-10,-0.005721915621979365,0.0199083538922584,0.08959614140821473,-0.14258437972449656,8.499883459702214e-05,-0.00035382940194896505,-0.0329197223252434,0.11692420501841898,0.08275438097203999,-0.1136235362056179,-1.7494361259577315e-09,-8.498534915425792e-11,-0.061700733601417417,0.21694939418550396
77.42,-0.04702254196069995,0.1679450556967346,0.0946957495704928,-0.16451822179872616,-3.3700289913923233e-09,5.704114378844581e-10,-0.007120694342966091,0.025092337170343326,0.08886729402712282,-0.1397685341037196,8.558236134662255e-05,-0.00035556570160769915,-0.03415492703357062,0.12147932801883841,0.08200299381260019,-0.11076060289095109,-1.7398554747454098e-09,-1.2104356967928247e-10,-0.06275340975244177,0.22071599734503713
77.43,-0.047958680963566515,0.1698040793197534,0.09402899608198335,-0.16191418438799404,-3.377078625327673e-09,5.919163774116759e-10,-0.008516902241981742,0.030261676464791616,0.08812450217858944,-0.13690532728657567,8.612974986925621e-05,-0.00035717413721566746,-0.035377929394158805,0.12599149867474924,0.08124056343045288,-0.10786395872571461,-1.7302868650022866e-09,-1.5698423310131276e-10,-0.06378397069150396,0.22441392739143537
77.44,-0.04887787049842571,0.17158574999113255,0.09334608139422787,-0.1592516031368506,-3.3840685562050923e-09,6.131845329657592e-10,-0.00991002251161079,0.035414357091288616,0.08736805268013324,-0.1339960089875008,8.66407684881707e-05,-0.00035865441710436187,-0.036588278661249654,0.13045915736380817,0.08046737984631903,-0.10493472005714775,-1.7207338888482011e-09,-1.9283479794669737e-10,-0.06479204735591812,0.22804223833839948
77.45,-0.04977993381412246,0.17329197198542481,0.09264727237400772,-0.1565317943732031,-3.3909966692828016e-09,6.342088784973923e-10,-0.011299540038958469,0.0405483839141129,0.08659823694712047,-0.13104185100187704,8.71151967203524e-05,-0.00036000581122555623,-0.03778552856463631,0.13488076422066098,0.07968373632838524,-0.10197400213863578,-1.711200119163721e-09,-2.2856695117534148e-10,-0.06577727766063397,0.2316000001806246
77.46000000000001,-0.050664701608444045,0.1749247028119382,0.0919328415975422,-0.15375608512181013,-3.3978608565545568e-09,6.549804488336859e-10,-0.012684941605019595,0.04566178343722076,0.08581535086613339,-0.12804412053102063,8.75528253784771e-05,-0.00036122780671281866,-0.03896923746339714,0.1392548022749062,0.07888992928088626,-0.09898291506522455,-1.7016891225222792e-09,-2.64179828951148e-10,-0.06673930659113848,0.23508629913939733
77.47,-0.051532011831258,0.17648594511705237,0.09120306721757233,-0.15092581590208975,-3.404659065932514e-09,6.754916367009453e-10,-0.014065716081904982,0.05075260410941475,0.08501969466787322,-0.12500409293362516,8.795345668332934e-05,-0.00036231979290009237,-0.040138968497415224,0.14357977659994617,0.07808625813305838,-0.09596256584168998,-1.692204449538656e-09,-2.9965860525775084e-10,-0.06767778629473611,0.2385002375278156
77.48,-0.052381709483357686,0.1779777380391102,0.0904582328290795,-0.1480423428586224,-3.4113892589199082e-09,6.957272198973186e-10,-0.015441354627815675,0.05581891795109043,0.08421157279956974,-0.12192304933162296,8.831690438636659e-05,-0.00036328116525110606,-0.04129428973666752,0.14785421428714351,0.07727302522829702,-0.09291406303532362,-1.6827496521275992e-09,-3.3498478935458556e-10,-0.06859237617010487,0.24184093705473025
77.49,-0.05321364641207472,0.17940214169507648,0.08969862733319924,-0.1451070468057196,-3.418049415500737e-09,7.156791305480392e-10,-0.016811350879632266,0.06085882209231502,0.08339129379640854,-0.11880228810445871,8.86429939089353e-05,-0.0003641111422379973,-0.04243477432836428,0.15207666241762072,0.07645053571289114,-0.08983852835791468,-1.6733282408266678e-09,-3.701486151676774e-10,-0.0694827429547794,0.24510754491673767
77.5,-0.054027681103737464,0.18076126499545006,0.08892454479970906,-0.14212130512080262,-3.4246375549127294e-09,7.353465118697802e-10,-0.018175201143059375,0.06587043708429534,0.082559170152315,-0.11564309707162476,8.893156249335759e-05,-0.0003648091594119215,-0.04356000064183603,0.1562456947982578,0.07561909742468224,-0.08673706387092446,-1.6639437323252548e-09,-4.05150381283464e-10,-0.07034856081074645,0.24829921581125086
77.51,-0.05482367847227963,0.18205725375733053,0.08813628432916754,-0.13908649602236514,-3.4311517277670492e-09,7.54718996823743e-10,-0.01953240458034812,0.070851907996931,0.08171551819108469,-0.11244675857071279,8.918245935222051e-05,-0.0003653747845821192,-0.04466955241089046,0.16035991131024505,0.074779020782859,-0.08361075784186027,-1.6545996267838058e-09,-4.399798921845485e-10,-0.07118951140883156,0.25141511494182806
77.52,-0.0556015096447086,0.1832922691782706,0.08733414991463162,-0.13600401210988192,-3.4375900088556314e-09,7.737816902459384e-10,-0.02088246339552855,0.07580140611895692,0.08086065793775123,-0.10921456264864056,8.939554581791733e-05,-0.00036580755325504155,-0.0457630188735996,0.16441793563707668,0.0739306186736752,-0.08046086522821125,-1.6452993847942334e-09,-4.744350853670236e-10,-0.07200528401243982,0.25445440678460535
77.53,-0.05636105174554777,0.1844684611038287,0.08651845029995311,-0.13287533311324226,-3.4439505046441833e-09,7.924623426616257e-10,-0.022224883017434378,0.08071711627529955,0.07999491298874495,-0.10594782959747787,8.957069550769707e-05,-0.00036610675296266384,-0.04683999490941664,0.16841842280702563,0.07307420631656379,-0.07728901825200639,-1.6360464506751256e-09,-5.085492280156901e-10,-0.07279557556192369,0.2574162296388148
77.54,-0.05710218768081087,0.18558800612306628,0.0856894988277623,-0.12970212417616775,-3.4502313616170048e-09,8.107640541395122e-10,-0.023559172281314756,0.0855972304910575,0.07911861037939588,-0.10264791232636582,8.9707794584634e-05,-0.0003662693013322825,-0.04790008117369824,0.17236004599450844,0.0722101011206001,-0.07409645148807838,-1.6268442278816543e-09,-5.424664538080195e-10,-0.07356009075827513,0.2602997859941381
77.55,-0.05782480592034079,0.1866531018157193,0.0848476132814606,-0.1264858919651057,-3.456430766499463e-09,8.287367008997676e-10,-0.024884843608208015,0.09043999285573275,0.0782320804398228,-0.09931646839659056,8.980674217892692e-05,-0.0003662911733588243,-0.048942884231121725,0.1762414645867785,0.07133862255973393,-0.0708841861728461,-1.617696106633794e-09,-5.761757759359216e-10,-0.07429854214290087,0.26310431914665017
77.56,-0.05852880027852338,0.1876659514968313,0.08399311573455844,-0.12322803992645436,-3.4625469328928797e-09,8.463818333094233e-10,-0.026201413180183517,0.0952436928268321,0.07733565664100558,-0.09595496503195021,8.986745078382682e-05,-0.00036617248249986683,-0.0499680166879276,0.18006138621785156,0.07046009206428053,-0.06765331255669342,-1.6086054501563753e-09,-6.096722334595884e-10,-0.07501065017382076,0.2658290815077221
77.57000000000001,-0.0592140696939439,0.1886287739518035,0.08312633240763782,-0.11992999090872843,-3.4685781135359135e-09,8.636948046360461e-10,-0.027508401111521797,0.10000664505386098,0.07642967545093023,-0.09256465259842937,8.988984646536414e-05,-0.00036591363978128946,-0.050975097320481756,0.1838185690969941,0.0695748329150476,-0.06440486156839524,-1.5995756057187167e-09,-6.429491360911809e-10,-0.07569614329999938,0.26847334486525537
77.58,-0.059880518008395965,0.18954378432499117,0.0822475935269287,-0.11659315034987248,-3.474522595817091e-09,8.806702468461674e-10,-0.028805331616782122,0.10472719512874622,0.07551447620413688,-0.08914681592881009,8.987386900366786e-05,-0.0003655144233281449,-0.0519637511996754,0.1875117942594364,0.06868317013871705,-0.061139874203688126,-1.5906098969366976e-09,-6.759979807173523e-10,-0.07635475803412724,0.27103639393999646
77.59,-0.06052805374817749,0.19041312340124047,0.0813572331829134,-0.11321893812099149,-3.4803786993506305e-09,8.973023338587554e-10,-0.030091733174021414,0.10940377979286661,0.0745904009746371,-0.08570271427366918,8.981947205886001e-05,-0.000364974896109157,-0.052933609814243346,0.19113980843153336,0.06778543040424284,-0.0578593803808812,-1.5817116295515615e-09,-7.088108743307232e-10,-0.07698623902119398,0.27351761646082395
77.60000000000001,-0.06115658991436534,0.19123876587399183,0.08045558918836665,-0.10980878032015771,-3.4861447683624943e-09,9.135866079406986e-10,-0.03136713867747174,0.11403501131844576,0.07365779444940997,-0.08223360694640115,8.972662336135086e-05,-0.00036429454114781425,-0.05388431119911833,0.19470123507709733,0.06688194191934371,-0.05456441822447176,-1.5728840691895967e-09,-7.413796642838277e-10,-0.07759033909500122,0.27591661753097885
77.61,-0.06176604378633647,0.1920225738600133,0.07954300293560543,-0.10636410938228284,-3.4918191983960035e-09,9.295183691771575e-10,-0.032631085575987755,0.11861962352003687,0.0727170038027726,-0.07874074115667955,8.95953049348954e-05,-0.0003634727807590097,-0.054815500072563694,0.19819463203103843,0.06597303432694959,-0.05125602134302747,-1.5641304791380045e-09,-7.736961836495e-10,-0.0781668193175045,0.27823314466852966
77.62,-0.062356336735765655,0.19276635976243714,0.07861981925340629,-0.10288635431474194,-3.497400410814822e-09,9.450936299057115e-10,-0.03388311600019827,0.12315640905760843,0.0717683785714192,-0.07522536173560133,8.942551334074645e-05,-0.00036250905598969715,-0.055726827978993074,0.20161855637119652,0.06505903860192062,-0.04793521650721053,-1.5554540898572272e-09,-8.057530870319009e-10,-0.0787154490051805,0.2804669985753121
77.63,-0.0629273940472706,0.19347187547203087,0.07768638626403725,-0.09937694178719494,-3.502886866351349e-09,9.603083675002074e-10,-0.03512277688232547,0.12764422585985677,0.07081227053001332,-0.071688707116112,8.921725992662064e-05,-0.00036140289598831797,-0.05661795343331822,0.20497155853338064,0.06414028694845124,-0.04460302212598527,-1.54685809606196e-09,-8.375422257464733e-10,-0.07923600574803136,0.2826180420046345
77.64,-0.06347914474457123,0.19414082629839227,0.07674305524063267,-0.09583729320741816,-3.5082770581614876e-09,9.751589117668326e-10,-0.03634962007011604,0.13208198016253123,0.06984903356725936,-0.06813201194481973,8.897057107352542e-05,-0.00036015394005014715,-0.057488542065282894,0.20825220016904472,0.06321711269829755,-0.041260447706302016,-1.5383456836231453e-09,-8.690562505410633e-10,-0.07972827542330133,0.2846861754243373
77.65,-0.06401152142020083,0.19477491897871874,0.07579018046514102,-0.09226882130228783,-3.513569522503374e-09,9.896425053661168e-10,-0.03756320243712918,0.13646857679101373,0.06887902356236837,-0.06455650822738111,8.86854884330075e-05,-0.00035876210477086266,-0.05833826676141641,0.21145910605075616,0.062289850209992524,-0.037908490340396735,-1.5299199969071024e-09,-9.002876300086397e-10,-0.08019205220708306,0.28667126733008863
77.66,-0.06452446006924493,0.19537576070400897,0.07482811908691869,-0.08867293505275785,-3.518762830142473e-09,1.0037536157312842e-09,-0.038763085989306854,0.1408030119882487,0.06790259826192861,-0.060963421508561114,8.836206915293012e-05,-0.0003572273229672209,-0.05916680780464303,0.21459086840830338,0.061358834769045044,-0.034548140810662875,-1.521584166151318e-09,-9.312280886569264e-10,-0.08062713858375146,0.28857328331889787
77.67,-0.06501789992797989,0.19594496144179427,0.07385723098199183,-0.08505103331055285,-3.5238555849661244e-09,1.0174917414023866e-09,-0.039948837967369304,0.14508427152577746,0.06692011715719949,-0.0573539756419186,8.800038609270567e-05,-0.00035554981724937053,-0.05997385301198505,0.21764615260391745,0.060424402489076504,-0.031180377582154594,-1.5133412775000753e-09,-9.618717976594038e-10,-0.08103334535261617,0.2903921439137242
77.68,-0.0654917833141502,0.1964841405604312,0.07287787861322356,-0.08140450416267918,-3.52884643282801e-09,1.03085016840276e-09,-0.04112003094854697,0.14931132053135246,0.06593194136166854,-0.053729392815322435,8.76005280177095e-05,-0.0003537301276631712,-0.06075909786669861,0.2206237079213119,0.05948689021406147,-0.02780616709597491,-1.505194400307851e-09,-9.922084049225805e-10,-0.08141049163670831,0.292127710142847
77.69,-0.06594605547284661,0.19699472227529957,0.07189042689113426,-0.07773473820974597,-3.533734053301625e-09,1.043827145390293e-09,-0.042276242944280666,0.15348329413817696,0.06493843348891475,-0.050090889055758085,8.716259978197879e-05,-0.0003517685830105377,-0.061522245648312504,0.22352217022614174,0.05854663542174426,-0.024426464830546897,-1.4971465627092286e-09,-1.0222303732428095e-09,-0.0817584048917832,0.2937799597790323
77.7,-0.06638066442958625,0.19747820657967244,0.0708952430352212,-0.07404311272568942,-3.53851717436304e-09,1.0564202476429013e-09,-0.04341705749273543,0.15759923626636635,0.06393995753069252,-0.04643968420447561,8.668672250921983e-05,-0.0003496657778023494,-0.06226300756174963,0.2263403327280961,0.0576039761312741,-0.02104211483248839,-1.4892007785050174e-09,-1.051933117506358e-09,-0.08207692093659068,0.2953480324113102
77.71000000000001,-0.06679556084883359,0.19793592376003158,0.06989269643613658,-0.07033099688649436,-3.5431945481048964e-09,1.068626092961695e-09,-0.04454206374795577,0.16165833646617575,0.06293687873534988,-0.0427769851426703,8.617303377279522e-05,-0.0003474220919085057,-0.06298110286358033,0.22907690214927934,0.05665925081928674,-0.017653872776700257,-1.4813600089853964e-09,-1.0813087736767818e-09,-0.08236588403705968,0.29683058689567837
77.72,-0.06719069790345623,0.19836907551550734,0.06888315851876775,-0.06659975211920718,-3.5477649768057515e-09,1.0804426872527148e-09,-0.0456508565605496,0.1656598838630642,0.06192956348700096,-0.03910399265017697,8.562168778422707e-05,-0.0003450378457003034,-0.06367625899064522,0.2317305457933499,0.055712798343560806,-0.014262461605020644,-1.473627204095785e-09,-1.1103520758887992e-09,-0.08262514703964907,0.2982259945766523
77.73,-0.0675660311520132,0.19877892690920496,0.0678670026063252,-0.06285072482396258,-3.5522272970170116e-09,1.0918674438742717e-09,-0.04674303655382157,0.1696030622274054,0.06091837918514993,-0.0354219109802753,8.503285557312703e-05,-0.00034251382771654154,-0.0643482116869827,0.2343001040014599,0.05476495786998028,-0.010868606075255628,-1.4660052667696628e-09,-1.1390544550156476e-09,-0.08285457153718,0.299532341884816
77.74,-0.06792151842154096,0.19916654839901146,0.06684460378560243,-0.05908525242776105,-3.5565803820093708e-09,1.1028959897622403e-09,-0.0478182102015734,0.1734871058652159,0.05990369412439306,-0.031731940264755815,8.440672512995047e-05,-0.00033985096964182754,-0.06499670512242262,0.2367844352533369,0.053816068799772646,-0.007473040080276896,-1.458497068555681e-09,-1.1674095358228477e-09,-0.08305402805797951,0.30074759963894604
77.75,-0.06825711970316796,0.1995328680092244,0.06581633877331884,-0.055304661301622364,-3.560823148754026e-09,1.1135277421102906e-09,-0.04887598990603338,0.1773112312026613,0.058885877374273365,-0.028035280128937787,8.374350150458141e-05,-0.00033705043381841704,-0.06562149200408839,0.23918248781717222,0.05286647069615971,-0.004076500806428332,-1.4511054484897967e-09,-1.1954072564214615e-09,-0.08322339627438037,0.3018694785933061
77.76,-0.06857279705991835,0.19987877366162118,0.06478258578362357,-0.051510263637946585,-3.5649545531990912e-09,1.123759570869299e-09,-0.04991599407957105,0.18107452787554543,0.0578652986591584,-0.024333132986152438,8.304340687740618e-05,-0.00033411363686428617,-0.06622233367685076,0.24149341257797258,0.05191650320918543,-0.0006797734308876788,-1.4438332115033228e-09,-1.2230363473279688e-09,-0.08336256522404496,0.3028957637523905
77.77,-0.06886851454537345,0.20020495893678458,0.06374372439683865,-0.04770336129944949,-3.568973596102579e-09,1.1335891854120437e-09,-0.05093784723403127,0.18477605276084924,0.05684232823805127,-0.02062669935923657,8.230668063269076e-05,-0.00033104191909293334,-0.06679900020862233,0.24371646970899888,0.05096650599779455,0.0027163466799679107,-1.4366831332510178e-09,-1.2502943943678877e-09,-0.0834714335433437,0.30382389702198725
77.78,-0.06914423813573499,0.20051202188810446,0.06270013542927072,-0.04388524715319443,-3.5728793063613427e-09,1.1430157820180356e-09,-0.05194118007334198,0.18841488983767102,0.05581733678459809,-0.01691717475205743,8.153357944231827e-05,-0.0003278367846636645,-0.06735127046511519,0.24585095620454875,0.05001681864782298,0.006110978699232566,-1.4296579339678041e-09,-1.277120592292565e-09,-0.08354990972081645,0.30465117069147174
77.79,-0.06939993567069133,0.2008005545665936,0.061652200804024386,-0.04005720268456892,-3.576670754395869e-09,1.1520355422620107e-09,-0.05292562958889642,0.19199001057666823,0.05479069526736864,-0.013205755145706424,8.072437733913694e-05,-0.00032450021053434037,-0.06787893217494623,0.24789635276603592,0.049067780579502854,0.009503045316142945,-1.422760299212641e-09,-1.3035163311051262e-09,-0.08359791235058982,0.30537533725670357
77.8,-0.06963557680121293,0.2010709972099322,0.060600303422854225,-0.03622049974759034,-3.580347074102092e-09,1.1606495706278752e-09,-0.05389083915920573,0.19550041048386688,0.05376277483044582,-0.009493629074476926,7.987936576285392e-05,-0.00032103423103118175,-0.06838178198358792,0.24985218390193323,0.04811973094793696,0.01289161042571166,-1.4159928866145603e-09,-1.3295213699694515e-09,-0.08361537038157485,0.30599364507116916
77.81,-0.06985113294673573,0.20132373444516852,0.059544827038878985,-0.032376405015727305,-3.583907411277917e-09,1.1688516342016498e-09,-0.0548364586495757,0.19894511760116965,0.05273394667446938,-0.005781982062333351,7.899885357669138e-05,-0.0003174412423638059,-0.0688596255006745,0.2517180016107984,0.04717300854837199,0.016275793176590028,-1.4093582973050833e-09,-1.3551050205943748e-09,-0.08360222339108742,0.3065030630974842
77.82000000000001,-0.07004657725706899,0.20155918558520167,0.0584861561300928,-0.028526173889676782,-3.5873509612783607e-09,1.1766438924169607e-09,-0.05576214451337024,0.20232304112446395,0.05170458193805487,-0.0020719971599193325,7.808316708030869e-05,-0.0003137232724091582,-0.06931227733929698,0.25349354511553285,0.046227951724054986,0.0196546175970493,-1.4028590954253967e-09,-1.3802564013879413e-09,-0.08355842184955382,0.3069016188654543
77.83,-0.07022188457819632,0.20177762557181225,0.05742467577389493,-0.02467105017894154,-3.5906769682072405e-09,1.1840250618604864e-09,-0.05666755989718962,0.20563313263324765,0.05067505157979202,0.0016351553598142766,7.713265002848474e-05,-0.0003098824664247824,-0.06973956114480406,0.25517857626965845,0.045284898270271635,0.023027100745519252,-1.3964978051647565e-09,-1.4049823171656806e-09,-0.08348392737091871,0.3071862881830358
77.84,-0.07037703142410029,0.20197934438975607,0.056360771522687265,-0.02081226894328912,-3.5938847070852733e-09,1.1909926644134564e-09,-0.057552374747957546,0.20887428981472586,0.0496457262610999,0.005338310840957964,7.614766360840331e-05,-0.00030592166063565644,-0.0701413096151834,0.2567729737283619,0.04434418533509338,0.026392224997113963,-1.39027690589167e-09,-1.429254538194962e-09,-0.08337871299056554,0.30735416043744157
77.85000000000001,-0.07051199595121233,0.20216461664895197,0.05529482928037972,-0.016951057335080934,-3.5969734985269933e-09,1.1975469208843578e-09,-0.058416265924194924,0.212045333641001,0.04861697623000395,0.009036317213057268,7.512858636962255e-05,-0.00030184375338083557,-0.07051736451248855,0.2582767047914274,0.04340614931716865,0.029748936860986824,-1.384198826842017e-09,-1.4530608131526668e-09,-0.08324276343689156,0.3074030218611522
77.86,-0.07062675793800102,0.20233356660678387,0.05422723517964189,-0.013088636649552747,-3.5999427075529497e-09,1.2036846931489152e-09,-0.059258917310570064,0.21514513597142843,0.04758917120713915,0.012728070682192658,7.407581414851359e-05,-0.00029765151207940987,-0.07086757667691658,0.2596894342673516,0.04247112575973762,0.033096139980450585,-1.3782659675734118e-09,-1.476396662112862e-09,-0.08307607538309769,0.30733011189858417
77.87,-0.07072129877736073,0.20248615518500612,0.05315837545983102,-0.009226220816878345,-3.6027917355280536e-09,1.2094057265584823e-09,-0.06008001993384288,0.21817249111239626,0.04656268027561605,0.016412507209794855,7.29897599738654e-05,-0.00029334788193501044,-0.07119180605923424,0.2610106596230147,0.04153944924080066,0.03643270483185856,-1.3724806632258423e-09,-1.499242797010195e-09,-0.08287865771117248,0.30713270373129314
77.88,-0.0707956014812129,0.2026223060445075,0.052088636345583715,-0.005365017895149928,-3.6055200324459653e-09,1.2147077227819304e-09,-0.060879272081621555,0.2211261935483117,0.04553787177383024,0.020088563499252806,7.187085392080705e-05,-0.0002889360276332546,-0.07148992176593551,0.2622399272143116,0.04061145326022038,0.03975748290556065,-1.3668452112785458e-09,-1.5215853706279134e-09,-0.08265053177124772,0.30680851628094236
77.89,-0.07084965069337333,0.20274183998379322,0.05101840392601594,-0.001506230466376391,-3.6081270734271586e-09,1.2195897644853621e-09,-0.06165637942220438,0.2240050518948813,0.04451511318977656,0.023755198272822384,7.071954296194937e-05,-0.00028441870655559695,-0.07176180211077691,0.26337660557376874,0.039687470124050876,0.043069287372665264,-1.361361847782143e-09,-1.5434148688775214e-09,-0.08239173161998452,0.3063552130527811
77.9,-0.07088343271148212,0.20284447318918236,0.0499480640344685,0.0023489439453292732,-3.610612389791161e-09,1.2240481458235845e-09,-0.06241105512361992,0.22680787797988253,0.04349477105555343,0.027411340578775083,6.953629108468433e-05,-0.00027979082702569926,-0.07200733467455084,0.26442004947190384,0.038767830825622275,0.04636689965788207,-1.356032770537902e-09,-1.5647153912449046e-09,-0.08210230425265931,0.3057704650162739
77.91,-0.07089693551678175,0.2029299013559198,0.048878002128735464,0.006199311736699,-3.612975555902735e-09,1.2280833316377733e-09,-0.0631430199714272,0.22953350948395437,0.04247721083850638,0.03105584384826899,6.832157943890013e-05,-0.00027505777025778983,-0.07222641636587787,0.2653697165321679,0.03785286492409555,0.04964909439649672,-1.3508601145420406e-09,-1.5854742198036524e-09,-0.08178230982280922,0.3050523696461267
77.92,-0.07089014881133021,0.20299767939433225,0.047808603171792266,0.010043685856899381,-3.6152161806824556e-09,1.2316929339963839e-09,-0.0638520024863891,0.23218074485397835,0.041462796830967937,0.03468765588889924,6.70759059713319e-05,-0.0002702288477549563,-0.07241895348160855,0.26622492116269664,0.03694290042126787,0.05291462058483256,-1.345845967089558e-09,-1.6056800061345323e-09,-0.08143182184053148,0.30419902890852607
77.93,-0.0708630640644585,0.20304730133613103,0.04674025151303599,0.013880882746529996,-3.6173339216063203e-09,1.2348769252146952e-09,-0.06453773904344903,0.2347483864618581,0.04045189204430866,0.038305761453639516,6.579978486870955e-05,-0.0002653067728180479,-0.07258486177217213,0.26698498082202804,0.0360382636369291,0.05616222556042497,-1.3409923616007218e-09,-1.6253202071419808e-09,-0.0810509273532428,0.3032088328609653
77.94,-0.07081567456419202,0.2030782880188368,0.045673330769962286,0.017709723093979748,-3.619328464041899e-09,1.237632107170477e-09,-0.06519997398844724,0.23723532864425192,0.03944485810575333,0.041909115250713475,6.449374620937484e-05,-0.00026029494589464624,-0.07272406650597123,0.2676493307754966,0.03513927908372076,0.0593906594766367,-1.3363012631323736e-09,-1.6443838167687169e-09,-0.08063972710040387,0.30208055118466454
77.95,-0.070747975471489,0.20309006501353913,0.04460822371031662,0.021529033786129498,-3.621199554851068e-09,1.2399592244589642e-09,-0.06583845975190003,0.23964041124692537,0.03844205515458361,0.04549667641732603,6.315833567284039e-05,-0.0002551968376320542,-0.07283650252585287,0.2682174725860267,0.034246269343080116,0.06259870405478477,-1.3317745910124507e-09,-1.662859745648647e-09,-0.08019833563194745,0.3008133378084561
77.96000000000001,-0.07065996388137612,0.2030819696107278,0.04354531213471228,0.02533764408989362,-3.6229469800757097e-09,1.2418554224146212e-09,-0.06645295696599265,0.24196239836697575,0.03744384173809935,0.04906740827888908,6.179411420740304e-05,-0.00025001615703882865,-0.07292211430644571,0.2686886982863558,0.03335955494459222,0.06578519897812192,-1.3274142089886203e-09,-1.680739147434821e-09,-0.07972688138354524,0.2994068873889298
77.97,-0.07055163889153374,0.20305329954175783,0.042484976759564766,0.02913438562238479,-3.6245705542245783e-09,1.2433194400636063e-09,-0.0670432345827924,0.2442001707835427,0.036450574707545626,0.05262026339908083,6.0401657657116435e-05,-0.0002447570508314352,-0.07298085601947756,0.2690623341186463,0.03247945424919897,0.06894899583016526,-1.3232219043227713e-09,-1.6980131088574417e-09,-0.0792255067092295,0.2978611653587398
77.98,-0.07042300167577821,0.20300331318580286,0.041427597100320505,0.03291809412610807,-3.626070138050522e-09,1.2443519151022301e-09,-0.06760906998381941,0.24635275109889881,0.03546260911300581,0.05615417526379914,5.898155633080649e-05,-0.00023942390535189084,-0.07301269159349166,0.2693379672436611,0.03160628333412039,0.0720889453895987,-1.3191994139820649e-09,-1.714673463647804e-09,-0.07869436788463925,0.29617630964688335
77.99,-0.07027405556387273,0.20293115151492286,0.040373551355084046,0.0366876100330183,-3.62744565713149e-09,1.244950032312784e-09,-0.06815024907939661,0.24841919161175235,0.034480298096982026,0.05966807210778413,5.753441453819924e-05,-0.00023402069977220368,-0.07301759476160424,0.2695151329669183,0.03074035587809618,0.07520390236403339,-1.315348419997125e-09,-1.730711432353471e-09,-0.07813363509339644,0.29435255560933704
78.0,-0.07010480613373891,0.20283576605044157,0.03932321628866789,0.04044177718758311,-3.628697057048621e-09,1.245115402034717e-09,-0.06866656640552485,0.25039848662845043,0.03350399278723749,0.06316087874001036,5.606085010690176e-05,-0.00022855184918986376,-0.07299554912779524,0.26959268212598503,0.02988198304682483,0.0782927219765388,-1.311670540531939e-09,-1.746119707382092e-09,-0.07754349240537207,0.2923901352035399
78.01,-0.06991526131363772,0.2027161626877482,0.03827696711681443,0.04417943643420578,-3.629824326887213e-09,1.2448500436360505e-09,-0.06915782521670648,0.25228983556383905,0.032534042189032504,0.06663150907207305,5.456149384665083e-05,-0.00022302230033782977,-0.07294654825171697,0.26956999407497456,0.029031473378691563,0.08135426535964004,-1.3081673137601698e-09,-1.7608910838868724e-09,-0.07692413774508074,0.29028954335104024
78.02,-0.0697054314847269,0.20257136836558526,0.03723517738956507,0.04789940346583827,-3.6308275106701907e-09,1.2441566963355297e-09,-0.06962383756603555,0.2540925594829332,0.031570793076470816,0.07007886769935381,5.303698897500069e-05,-0.0002174364091239735,-0.07287059570687854,0.2694469032748634,0.028189132671035542,0.08438740123039241,-1.3048402304764167e-09,-1.7750178129433091e-09,-0.07627578284148646,0.2880514588527405
78.03,-0.0694753295880226,0.2024001977396273,0.03619821887437838,0.05160052789277555,-3.631706685566691e-09,1.2430317939787418e-09,-0.07006442437873642,0.25580586583999276,0.03061458988235739,0.07350183274026592,5.148799055661339e-05,-0.00021179798256793525,-0.07276770513581605,0.26922227564499285,0.02735526386704297,0.08739100256112493,-1.30169071347507e-09,-1.7884941434920986e-09,-0.07559865316509817,0.2856765098297684
78.04,-0.06922497124132344,0.20220146765045544,0.035166461441241754,0.05528168562217185,-3.6324619769962295e-09,1.2414750791998927e-09,-0.07047941552325152,0.2574291455950687,0.02966577458637259,0.07689927600000088,4.9915164923180736e-05,-0.00020611192033791694,-0.07263790033826328,0.2688951663623216,0.026530166943256044,0.09036395051159127,-1.2987201230826157e-09,-1.8013130078581794e-09,-0.07489298785676465,0.2831655569408155
78.05,-0.06895437485770273,0.20197407507590381,0.034140272949808884,0.05894175429412175,-3.6330935507241116e-09,1.2394872771111823e-09,-0.07086864986996665,0.2589619694344702,0.028724686602484506,0.08027007155981969,4.831918903425277e-05,-0.00020038289082062577,-0.07248121535517857,0.2684650821197843,0.025714138797926587,0.09330513768854584,-1.2959297455318485e-09,-1.8134697092309684e-09,-0.07415903963850719,0.2805197032694865
78.06,-0.06866356175969997,0.20171692510912193,0.033120019137426585,0.06257962064598363,-3.6336016087477568e-09,1.2370686790309129e-09,-0.07123197533590009,0.2604039579360892,0.027791662665525012,0.08361306669506012,4.670074982947272e-05,-0.0001946148075123564,-0.07229769453756871,0.2679311788670659,0.02490747314039243,0.09621346617920833,-1.2933208058256266e-09,-1.8249577803250287e-09,-0.07339707470417915,0.2777401689183247
78.07000000000001,-0.06835255629303734,0.2014288722311792,0.03210606350808825,0.06619418566330623,-3.6339864077781305e-09,1.2342223848809508e-09,-0.07156924892318933,0.2617547378887435,0.02686703671549772,0.08692707654293447,4.5060543600724776e-05,-0.00018881151181196964,-0.07208739263340867,0.26729229869212606,0.02411046038148477,0.09908784888736402,-1.2908944589956399e-09,-1.8357736505936265e-09,-0.07260737259506436,0.2748283196967248
78.08,-0.06802138594463,0.20110870571129283,0.03109876722322915,0.0697843812816226,-3.634248243163759e-09,1.2309462448498863e-09,-0.07188033675786897,0.26301388489650196,0.025951139779844853,0.09021091861937462,4.339927535267817e-05,-0.00018297716531140909,-0.07185037489047207,0.2665474950930724,0.023323387525128258,0.1019272138905033,-1.2886518023017575e-09,-1.8459118857876132e-09,-0.07179022605922772,0.27178573993501226
78.09,-0.06767008146561287,0.20075518710484008,0.030098488995101372,0.07334916427685151,-3.634387444530491e-09,1.2272430652004706e-09,-0.07216511413642314,0.2641808007406553,0.025044299855121063,0.09346340790327354,4.171765814616594e-05,-0.00017711551465115157,-0.07158671714974332,0.2656959895736649,0.02254653806139796,0.10473050519041449,-1.2865938530546965e-09,-1.8553695775399663e-09,-0.07094594089347002,0.2686141348391333
78.10000000000001,-0.06729867699794936,0.20036704602663627,0.029105584981991773,0.07688749150895896,-3.6344043939179005e-09,1.2231116254451324e-09,-0.07242346558361275,0.2652548329434445,0.024146841787796514,0.09668333361036424,4.001641245893058e-05,-0.00017122974038870584,-0.07129650592936683,0.26473690636209574,0.02178019186112494,0.10749668169381278,-1.2847215662540469e-09,-1.8641417950422168e-09,-0.07007483577473517,0.26531521825828175
78.11,-0.06690721020615105,0.19994291332274675,0.02812040868447005,0.08039833708541631,-3.634299512132961e-09,1.2185545190297986e-09,-0.07265528491892725,0.2662352478433701,0.023259087153497886,0.0998694771095527,3.8296265561415984e-05,-0.0001653232600187822,-0.07097983850930437,0.26366939505219916,0.02102462507211998,0.11022472064113975,-1.283035826237504e-09,-1.872227353214294e-09,-0.06917724208371338,0.26189086589404414
78.12,-0.0664957224180736,0.19948130217674334,0.02714331084286132,0.08388068705775309,-3.634073257293359e-09,1.213570380685005e-09,-0.07286047532473605,0.2671214214870248,0.022381354135628695,0.10302062863693602,3.655795087581555e-05,-0.00015939958139021712,-0.07063682301257614,0.2624927378596641,0.020280110017279418,0.11291362131256638,-1.2815374492028309e-09,-1.8796212075012842e-09,-0.06825350371283434,0.25834319485920054
78.13,-0.06606425877043143,0.19898082213293927,0.02617463933535675,0.08733351790891607,-3.6337261435930664e-09,1.2081616481894098e-09,-0.07303894941349355,0.2679126371812916,0.021513957403997003,0.10613556942273843,3.480220733424168e-05,-0.0001534615904271545,-0.0702675784750279,0.26120636059567787,0.01954691509464557,0.11556239925724839,-1.2802271817161674e-09,-1.886323447521353e-09,-0.0673039768611762,0.2546742565218611
78.14,-0.06561286835279778,0.19844005064120201,0.025214739076229634,0.09075581713617807,-3.633258712027251e-09,1.2023268303891135e-09,-0.07319062930237717,0.26860801581330745,0.020657207993672617,0.10921309680671677,3.3029778760454606e-05,-0.00014751200479053733,-0.06987223490001941,0.2598098631962518,0.01882530467936279,0.11817009126646096,-1.2791056997486992e-09,-1.8923306410909385e-09,-0.06632902982362424,0.2508862394764064
78.15,-0.06514160435680838,0.1978573838742356,0.02426395191471045,0.09414658201539887,-3.6326715519479612e-09,1.1960686756007258e-09,-0.07331544669247383,0.2692068502336529,0.019811413184853344,0.11225202074790874,3.124141325920443e-05,-0.00014155366722496838,-0.0694509333007096,0.2583028773113538,0.018115539027865748,0.12073576201984502,-1.2781736108829494e-09,-1.8976422218620465e-09,-0.06532904276564229,0.24698162107828747
78.16,-0.06465052423026015,0.19723136745466044,0.02332261653425057,0.09750479963766953,-3.6319652953717023e-09,1.1893876569789589e-09,-0.07341334294231933,0.26970844532414806,0.018976876385244992,0.11525120209376344,2.9437862605428858e-05,-0.00013558906027015102,-0.0690038257234235,0.2566854855994107,0.01741787418448335,0.12325849621076675,-1.277431452385264e-09,-1.90225746811282e-09,-0.06430440748094163,0.24296288321528686
78.17,-0.06413968982507431,0.19656062018098366,0.022391068351401665,0.10082945462972377,-3.6311406227923428e-09,1.1822840477685455e-09,-0.0734842691357665,0.27011216051747144,0.018153897017768837,0.1182095847511776,2.7619881650649474e-05,-0.00012962043061418664,-0.06853107523250206,0.25495827715186165,0.01673256189034382,0.12573740318176835,-1.2768796973439712e-09,-1.9061759867447257e-09,-0.06325552713879647,0.23883265126491512
78.18,-0.06360916754262269,0.1958436306992105,0.021469639414560423,0.104119537630533,-3.630198243561808e-09,1.1747581090449617e-09,-0.07352818615313761,0.2704171541014705,0.017342770414182015,0.1211261386891164,2.578822775058986e-05,-0.00012364977879387643,-0.06803285586031235,0.253121871212708,0.016059849494815582,0.12817162220368566,-1.276518738922084e-09,-1.9093979454359423e-09,-0.062182816017493495,0.23459376760574505
78.19,-0.06305902848386315,0.19507889059011302,0.020558658302760158,0.10737403272581018,-3.6291389177810436e-09,1.1668126825563857e-09,-0.07354506475105778,0.27062259015582835,0.01654378771202887,0.12399984690655479,2.394366021177517e-05,-0.00011767887064553925,-0.06750935254361712,0.2511769570161874,0.015399979869675765,0.1305603172197771,-1.276348900700332e-09,-1.9119241889460888e-09,-0.06108669922290532,0.23024911770164577
78.2,-0.06248934860040341,0.1942649371642556,0.01965845002406412,0.11059191767013588,-3.6279634380520632e-09,1.1584515205579027e-09,-0.07353488563715406,0.2707279188134277,0.01575723575337437,0.12682971259593717,2.2086939755002848e-05,-0.00011170929466649292,-0.0669607610519474,0.24912435192043236,0.014753191325819634,0.1329026758699774,-1.276370440848656e-09,-1.913755458422971e-09,-0.059967612400373266,0.22580159618298667
78.21000000000001,-0.061900208845509404,0.193400231724611,0.01876933591322545,0.11377216072817828,-3.6266726556525328e-09,1.1496685799622116e-09,-0.07349763953763634,0.2707323596376845,0.014983396985237405,0.12961475336132405,2.0218828000050246e-05,-0.00010574227715260957,-0.06638728790839722,0.24696486933984602,0.01411971753254952,0.13519791566612047,-1.2765835515961943e-09,-1.914893163037948e-09,-0.05882600144147066,0.22125422150123084
78.22,-0.06129169532972545,0.1924831756489622,0.017891633528037784,0.11691370693434847,-3.6252674482146757e-09,1.1404698687607589e-09,-0.07343332728898418,0.27063453723595354,0.014222549361605618,0.13235400206842893,1.834008698087227e-05,-9.977864126990474e-05,-0.0657891503077082,0.24469933511378103,0.013499787439726943,0.1374452839342456,-1.276988350910821e-09,-1.915339585953348e-09,-0.05766232218111197,0.2166101211433633
78.23,-0.06066389947775948,0.19151227096416343,0.0170256565449922,0.12001552208191368,-3.623748741870991e-09,1.1308615124362796e-09,-0.07334195993754275,0.27043391971532643,0.01347496624720447,0.13504651477217566,1.645147868532096e-05,-9.38192324606917e-05,-0.06516657602872283,0.24232874046467578,0.012893625202700543,0.13964405112319264,-1.2775848832346872e-09,-1.915096597593825e-09,-0.05647704008839431,0.21187237221156102
78.24,-0.060016918182805724,0.1904859770790318,0.016171714654470138,0.12307653852455691,-3.622117500530333e-09,1.1208376632283293e-09,-0.07322355881992908,0.2701296283203578,0.012740916323259058,0.13769136524054099,1.4553764613014708e-05,-8.786453604142423e-05,-0.06451980333776886,0.2398540982187487,0.012301450109882407,0.1417935174451433,-1.278373130293166e-09,-1.9141666045595374e-09,-0.055270629955004924,0.20704414171916705
78.25,-0.05935085396140407,0.18940273678047215,0.01533011345333619,0.12609564457474567,-3.620374731495879e-09,1.1104033768676556e-09,-0.07307815566502253,0.2697201004216163,0.012020663495131284,0.14028764482578596,1.2647705360768511e-05,-8.191470581412141e-05,-0.06384908088643264,0.23727646285132314,0.011723476513126937,0.14389301152304942,-1.2793530030081067e-09,-1.9125533230371916e-09,-0.05404357557824238,0.20212865985048306
78.26,-0.05866581510582842,0.1882611236953972,0.014501154335488214,0.12907175421429723,-3.6185214778883895e-09,1.0995646900263586e-09,-0.07290579271574102,0.2692044487285235,0.011314466801965645,0.14283447052135462,1.0734060227850953e-05,-7.597008918021002e-05,-0.06315466760120009,0.23459707222401516,0.011159913760742563,0.14594188282245846,-1.2805243380711062e-09,-1.9102585972823394e-09,-0.05279636944165666,0.1971290755327588
78.27,-0.057961915827527966,0.18705979944204362,0.013685134381419821,0.13200373654609845,-3.6165588354004444e-09,1.0883197303285827e-09,-0.07270652284291958,0.26858139932091435,0.010622580328656268,0.14533098227011956,8.813586818593435e-06,-7.003113252207688e-05,-0.06243683255906099,0.23181729916952432,0.010610966132758585,0.14793950239340473,-1.281886914272626e-09,-1.907286826355694e-09,-0.051529512399694784,0.19204849779205002
78.28,-0.05723927639285079,0.18579744779208232,0.012882346244482572,0.13489040909419878,-3.614487928272297e-09,1.0766727979278907e-09,-0.0724804096775979,0.2678492685809121,0.009945253120125248,0.1477763418083934,6.887040642967578e-06,-6.409821630018165e-05,-0.06169585485074582,0.22893858418605215,0.010076832778467618,0.14988526722500833,-1.2834404306616348e-09,-1.903640883721796e-09,-0.05024351336518995,0.18689005969041417
78.29,-0.056498023254613464,0.1844727921651463,0.012093078034387101,0.13773061120934219,-3.612309919368715e-09,1.0646285503457996e-09,-0.07222752775764288,0.2670068116704192,0.00928272909788957,0.15016973550274962,4.955174722453537e-06,-5.817176032897076e-05,-0.06093202343541661,0.22596245032905635,0.009557707656468833,0.1517786000711872,-1.285184529381283e-09,-1.8993248705619563e-09,-0.04893888899625597,0.18165690087043496
78.3,-0.05573828918107158,0.18308455925074818,0.011317613199654034,0.14052314628323526,-3.6100260268108805e-09,1.0521892764069451e-09,-0.07194796266470242,0.26605265752421303,0.008635246978984117,0.152510372751883,3.0187392044897404e-06,-5.225206899442171e-05,-0.060145636988639485,0.22289046320713896,0.00905377947735747,0.15361895167984038,-1.2871187755663046e-09,-1.8943429909663097e-09,-0.04761616338113374,0.1763522017415599
78.31,-0.05496021338353928,0.18163148586075256,0.010556230408084656,0.1432667971365688,-3.6076374984287305e-09,1.039359610511767e-09,-0.07164181115910406,0.26498542306207223,0.008003040197237925,0.15479748663213036,1.0784809910571467e-06,-4.6339358260137646e-05,-0.05933700374523259,0.21972423389104478,0.008565231649162432,0.15540580060399475,-1.2892426784455363e-09,-1.8886992189879885e-09,-0.04627586771987586,0.17097917591652673
78.32000000000001,-0.054163941642097806,0.18011234921415945,0.009809203425940874,0.14596036069183613,-3.60514561163496e-09,1.0261453596998633e-09,-0.07130918130934263,0.2638040008406832,0.007386336826961955,0.1570303357900944,-8.648566190687376e-07,-4.043386023427644e-05,-0.05850644133684177,0.21646544456114244,0.00809224222550588,0.15713865127725837,-1.2915556662918498e-09,-1.8823985859236297e-09,-0.044918540003504245,0.165541039980845
78.33,-0.053349626428161274,0.17852595405361316,0.009076800997410636,0.14860263374850602,-3.6025516953922e-09,1.0125504926245954e-09,-0.07095019260455701,0.2625074015107755,0.006785359509144327,0.1592082041101462,-2.8105342776874187e-06,-3.4535771305552665e-05,-0.0576542766234391,0.2131158317935586,0.007634983856411382,0.1588170348048684,-1.2940571116600288e-09,-1.8754453328910064e-09,-0.04354472469192412,0.16004102501358672
78.34,-0.05251742702308189,0.17687116039266573,0.008359286725860301,0.15119246217170673,-3.5998571171215546e-09,9.985829177804867e-10,-0.0705649760435089,0.26109503202270634,0.006200325380222864,0.16133040230679632,-4.757816925921548e-06,-2.86453574139029e-05,-0.05678084551835286,0.2096772094507829,0.007193623741694933,0.16044050682549288,-1.2967463230731787e-09,-1.867845355258982e-09,-0.04215497239147335,0.1544823491163193
78.35000000000001,-0.051667509630532814,0.17514692053718656,0.007656918961642504,0.15372882581679384,-3.597063275665748e-09,9.842465973059471e-10,-0.07015367417745157,0.2595670839348442,0.005631446003568745,0.1633962699218514,-6.705974132177012e-06,-2.2763105725814397e-05,-0.055886492805058544,0.20615150020760797,0.006768323586745654,0.162008644179891,-1.2996225365278836e-09,-1.859602622130087e-09,-0.040749839534343066,0.14886818150033415
78.36,-0.050800047480426797,0.1733522747459138,0.006969950701723763,0.15621084170708358,-3.5941716046777956e-09,9.695505634635957e-10,-0.06971644108475239,0.25792445131367003,0.005078927303815277,0.16540517547342815,-8.654280437436413e-06,-1.688970708765333e-05,-0.05497157194398949,0.20254072682382324,0.0063592395604833325,0.16352104470041134,-1.3026849273047622e-09,-1.8507238422803431e-09,-0.039329888062074464,0.1432016461166987
78.37,-0.04991522092526219,0.1714863055325255,0.00629862950004549,0.15863766940550242,-3.5911835848711763e-09,9.544993752516432e-10,-0.0692534422902197,0.25616819405134633,0.004542969504023591,0.1673565146524118,-1.0602015703145098e-05,-1.1025863263937365e-05,-0.054036444870670636,0.19884696364928042,0.005966522255521904,0.16497733066043999,-1.3059326089229276e-09,-1.8412128475002198e-09,-0.0378956851123464,0.13748586434133134
78.38,-0.04901321753151579,0.16954812885356174,0.005643197383328908,0.16100848903757442,-3.588100712179274e-09,9.391016123561031e-10,-0.06876485466104972,0.25429941490913294,0.004023767065588018,0.16924970998973057,-1.2548465450952665e-05,-5.172245625432472e-06,-0.05308148178813455,0.19507232402580685,0.0055903166507260465,0.1663771494176622,-1.3093646222405655e-09,-1.8310770830665375e-09,-0.03644780270664231,0.13172396237362852
78.39,-0.04809423216722528,0.16753690039715954,0.005003890769661633,0.16332251077496512,-3.584924549587374e-09,9.233632906060093e-10,-0.06825086629462439,0.2523193062849653,0.003521508630840053,0.17108421120433104,-1.4492921188074588e-05,6.704837196576461e-07,-0.052107060955135495,0.19121896229976038,0.0052307620762400255,0.16772017276173548,-1.312979967186498e-09,-1.8203208930558155e-09,-0.03498681743780507,0.1259190642678806
78.4,-0.04715846708563528,0.16545181538962586,0.004380940389778337,0.16557897089381476,-3.5816566538824723e-09,9.072924670385654e-10,-0.06771167639906245,0.25022912479416426,0.0030363769683609426,0.17285949519423346,-1.6434680718247414e-05,6.5016771778196e-06,-0.05111356847044329,0.18728906957976824,0.004887992180964891,0.1690060967634152,-1.3167775503410986e-09,-1.80895169501395e-09,-0.03351331015770116,0.12007429112218436
78.41,-0.04620613200467896,0.16329211218781053,0.003774571211094956,0.16777713395882074,-3.5782986523901925e-09,8.908958669394975e-10,-0.06714749516652911,0.24803020188721264,0.0025685489209940444,0.1745750655389104,-1.837304844184433e-05,1.2320571134216825e-05,-0.05010139805342691,0.18328487239696742,0.004562134902443581,0.17023464113117523,-1.320756238157456e-09,-1.7969748650674116e-09,-0.032027865665286745,0.11419275738847227
78.42,-0.04523744418208235,0.16105707369366495,0.003185002364504517,0.1699162921019442,-3.574852180966825e-09,8.741823211333159e-10,-0.06655854363951426,0.2457239362713839,0.0021181953565303567,0.17623045244802008,-2.0307335651254316e-05,1.812627292126581e-05,-0.04907095082116298,0.1792086299603268,0.00425331243909487,0.17140554841691336,-1.3249148326374974e-09,-1.7844006951340447e-09,-0.030531072395340336,0.10827756870021674
78.43,-0.04425262848591157,0.15874602858136952,0.0026124470739947035,0.17199576674252176,-3.5713189177773026e-09,8.571594752641339e-10,-0.06594505357021273,0.2433117949895282,0.0016854811210837502,0.17782521369704304,-2.2236860813424765e-05,2.3918127038391363e-05,-0.04802263506227611,0.1750626326501482,0.003961641223199956,0.17251853399762085,-1.3292520753798696e-09,-1.7712559884557755e-09,-0.02902352210798511,0.10233182376520934
78.44,-0.04325191746039398,0.15635835396697437,0.0020571125891348098,0.1740149078333925,-3.567700565896215e-09,8.398365380384842e-10,-0.06530726727318868,0.24079531052811579,0.0012705649951641935,0.17935893343664328,-2.4160949818808707e-05,2.9695789009159216e-05,-0.04695686600773231,0.17084919911308155,0.003687231893681886,0.1735733355061286,-1.3337666460236344e-09,-1.7575312879748613e-09,-0.027505809579162013,0.09635860740089988
78.45,-0.0422355513868653,0.15389347519318286,0.0015192001204893542,0.17597309583796417,-3.563998871286277e-09,8.222201410932535e-10,-0.06464543747148518,0.23817607960215015,0.0008735996524609262,0.1808312238913766,-2.607893620172499e-05,3.545871289562717e-05,-0.04587406559881192,0.16657067445920395,0.0034301892715527765,0.17456975889609616,-1.3384571718254137e-09,-1.7432217188388631e-09,-0.025978532292603267,0.090360982732781
78.46000000000001,-0.041203778339739955,0.15135086778762258,0.0009989047780375147,0.17786974160686825,-3.5602155945832687e-09,8.043188949325219e-10,-0.06395982713636796,0.2354557608382779,0.0004947316213831462,0.18224172493561255,-2.799016135303167e-05,4.1206224044505535e-05,-0.04477466225247888,0.16222942798281612,0.0031906123399716114,0.17550763607490355,-1.34332221881883e-09,-1.7283403528281778e-09,-0.02444229013377766,0.08434199286406398
78.47,-0.04015685423733448,0.14873006015608684,0.0004964155126120761,0.17970428576078523,-3.5563525221705766e-09,7.861404946242021e-10,-0.06325070932088994,0.2326360731144322,0.00013410124933231241,0.18359010286793348,-2.9893974727120652e-05,4.6937664535490724e-05,-0.04365909062437373,0.15782785064451077,0.0029685942275071257,0.17638681764087163,-1.348360287457134e-09,-1.7128901484928568e-09,-0.022897685085923613,0.07830465935748765
78.48,-0.03909504288733274,0.14603063477479516,1.1915060338056027e-05,0.1814761991189296,-3.5524114917129686e-09,7.676950638867751e-10,-0.06251836698747355,0.2297187934151476,-0.00020815733035924752,0.1848760505081051,-3.1789734035863515e-05,5.2652343609160876e-05,-0.04252779136966589,0.15336835286099607,0.002764222193492478,0.17720717557758073,-1.3535698443747089e-09,-1.696880883110493e-09,-0.021345320928297783,0.07225197953441197
78.49,-0.0380186160267308,0.14325222990588724,-0.000454420109921429,0.18318498265551472,-3.548394343575811e-09,7.489892622812502e-10,-0.06176309282970981,0.226705754809476,-0.0005319162288575298,0.1860992867353978,-3.367680542857034e-05,5.834955689421831e-05,-0.041381210901997055,0.1488533621861174,0.0025775776153944834,0.17796860106147364,-1.3589492782203859e-09,-1.6803179867888799e-09,-0.01978580293686393,0.06618692443375682
78.5,-0.03692785335611501,0.14039454097623572,-0.0009024198461022638,0.18483016761785076,-3.5443029558935605e-09,7.300336441967723e-10,-0.060985189088584316,0.22359884427645427,-0.0008370538296520044,0.1872595562494715,-3.555456365803792e-05,6.402857127484246e-05,-0.040219801150741745,0.1442853210542055,0.0024087359781486137,0.17867100468879718,-1.3644969242367748e-09,-1.6632093102323113e-09,-0.01821973758764671,0.06011243655704005
78.51,-0.035823042568122326,0.13745732206392475,-0.0013319203594557118,0.18641131547783202,-3.540139227745886e-09,7.108354828554811e-10,-0.060184967363346,0.22040000051972752,-0.001123454813810374,0.18835662915398926,-3.742239223327338e-05,6.968862724996311e-05,-0.03904401931681261,0.1396666845065605,0.002257766865397111,0.17931431547026117,-1.3702110746085613e-09,-1.6455614998826114e-09,-0.016647732262964808,0.05403142783677307
78.52,-0.03470447936993536,0.13444038764712107,-0.0017427642680551373,0.1879280175947762,-3.5359050836229655e-09,6.914041644053381e-10,-0.05936274841723894,0.2171112115991564,-0.0013910101827092126,0.18939030028794968,-3.927968355917198e-05,7.532893094920918e-05,-0.037854327627236235,0.13499991802027955,0.002124733952563016,0.17989848011667284,-1.3760899561936562e-09,-1.6273819090545243e-09,-0.015070394960751535,0.04794677751105016
78.53,-0.03357246749957489,0.1313436164529152,-0.0021348006373721248,0.1893798932029853,-3.5316024827303284e-09,6.717484139615571e-10,-0.05851886197835322,0.21373451194354978,-0.0016396172783514382,0.19036038695701324,-4.1125839064774986e-05,8.094860513688366e-05,-0.03665119308870275,0.13028749573716966,0.0020096950015867235,0.1804234592170225,-1.3821317590824613e-09,-1.6086777074962068e-09,-0.01348833400719046,0.04186132954978559
78.54,-0.03242731873581968,0.1281669498578714,-0.0025078850179645106,0.1907665914930657,-3.527233379249766e-09,6.518767372042097e-10,-0.05765364653583071,0.21027198088175653,-0.0018691798013435474,0.19126673063316704,-4.2960269322673635e-05,8.654670850518957e-05,-0.0354350872403109,0.12553189763674044,0.0019127018571869138,0.18088922931363355,-1.3883345910973888e-09,-1.5894555464494677e-09,-0.011902157772863521,0.03577789159109523
78.55,-0.03126935290180864,0.12491039027568777,-0.0028618794801527907,0.19208779355736527,-3.522799773230874e-09,6.317981981071324e-10,-0.05676744913160914,0.20672574102216992,-0.002079607826445354,0.19210919851820663,-4.4782394157010225e-05,9.212230932114449e-05,-0.03420648590576279,0.12073560685328796,0.0018338004447830372,0.18129578648095312,-1.3946965373056296e-09,-1.5697236585214415e-09,-0.010312474392548883,0.029699233933978195
78.56,-0.03009889786233037,0.12157400450638568,-0.0031966526456087495,0.19334321042976219,-3.5183036825266633e-09,6.115213937143696e-10,-0.05586062514790941,0.2030979551971893,-0.002270817815647694,0.19288768137611173,-4.6591642737362094e-05,9.767445025943339e-05,-0.032965868945248264,0.11590110795853147,0.0017730307702008437,0.18164314321941716,-1.4012156193729185e-09,-1.549488520804574e-09,-0.0087198914888107,0.0236280872832228
78.57000000000001,-0.02891628951462274,0.11815792545127675,-0.0035120797159377964,0.19453258232259793,-3.5137471391666857e-09,5.910547518326779e-10,-0.054933538090727194,0.1993908238618799,-0.0024427326288852416,0.19360209254677735,-4.83874536599875e-05,0.00010320212332508986,-0.03171372000721999,0.11103088493414133,0.0017304269210245066,0.18193132669358586,-1.4078898185177376e-09,-1.5287582104515148e-09,-0.007125015899564158,0.017567140997003163
78.58,-0.027721871772501044,0.11466235298588877,-0.003808042498338141,0.19565567842819157,-3.5091321913402083e-09,5.704075021753666e-10,-0.05398655936959375,0.1956065826863159,-0.0025952815324886296,0.19425236751653335,-5.0169275018059426e-05,0.00010870427515645163,-0.03045052628025826,0.10612741903099415,0.0017060170694364748,0.18216037840463037,-1.4147170379043397e-09,-1.5075399745174387e-09,-0.0055284534097933,0.011519041634447398
78.59,-0.026515996543709598,0.11108755503610855,-0.00408442942837453,0.1967122964791625,-3.504460908909932e-09,5.495876947938675e-10,-0.05302006807384982,0.1917475000645449,-0.002728400205436755,0.1948384632781606,-5.193656446142152e-05,0.00011417981099351969,-0.029176778245237733,0.10119318670173763,0.0016998234764703593,0.1823303534077792,-1.4216951669903471e-09,-1.485840417159216e-09,-0.00393080848756823,0.005486391523475597
78.60000000000001,-0.025299023700401446,0.10743386848115895,-0.004341135589904722,0.19770226235699112,-3.4997353842670727e-09,5.286043538267205e-10,-0.05203445074568234,0.1878158746377594,-0.002842030743466971,0.19536035774669014,-5.368878924371655e-05,0.00011962766259726307,-0.027892969428000142,0.09623065755337126,0.0017118624976161332,0.1824413198026598,-1.4288220308064653e-09,-1.4636675435375925e-09,-0.0023326840245053914,-0.0005282525611018974
78.61,-0.024071321042552822,0.10370170327269367,-0.0045780627322747494,0.19862542723385354,-3.4949577200340673e-09,5.074644323563123e-10,-0.05103010115018027,0.1838140324251971,-0.002936121661237663,0.1958180448107776,-5.54254261980629e-05,0.0001250485875631834,-0.02659959615273725,0.09124229246185118,0.0017421445896600492,0.18249335624015553,-1.4360954072066045e-09,-1.441027097383068e-09,-0.0007346810808112119,-0.0065223810501249405
78.62,-0.02283326425358833,0.09989155893926822,-0.004795119285291103,0.19948165593239894,-3.4901300403727334e-09,4.861761791553412e-10,-0.05000742004269162,0.179744323958659,-0.0030106278951994975,0.1962114565467257,-5.714596134847904e-05,0.0001304517448914161,-0.02529715729607592,0.08623054803042941,0.0017906743125337794,0.1824863545329456,-1.4435130216839817e-09,-1.4178971334951688e-09,0.0008626013656012868,-0.012493511460230224
78.63,-0.02158523684798642,0.09600400302583395,-0.00499222037210973,0.2002708428449153,-3.4852544669286064e-09,4.647492366068186e-10,-0.04896681493371349,0.17560912314891575,-0.003065510808878082,0.19654053567336835,-5.884988964870759e-05,0.00013582711557424596,-0.023986154041892666,0.08119786982607088,0.001857450313025093,0.1824199110593866,-1.4510725623994389e-09,-1.3942929767304512e-09,0.0024585666673600354,-0.018439173045384675
78.64,-0.02032763011198469,0.09203965879323275,-0.005169287819235207,0.20099292004926508,-3.480333164082949e-09,4.4319288108004906e-10,-0.04790869985151403,0.17141082449386935,-0.0031007381957983463,0.19680532394510167,-6.053671541161885e-05,0.00014116716691702373,-0.022667089637419254,0.07614668211720466,0.0019424653020035946,0.1822940044428203,-1.4587716716095803e-09,-1.3702388419877671e-09,0.004052620751948795,-0.02435698616408111
78.65,-0.01906084303785579,0.08799922344381651,-0.005326250163334223,0.2016478437132727,-3.475368284092939e-09,4.2151369501080313e-10,-0.04683349510277337,0.16715183893368873,-0.003116284276444788,0.19700589117110942,-6.220595273334714e-05,0.00014647243419091722,-0.02134046915115444,0.07107939193602139,0.002045706049973344,0.1821087846642445,-1.466607935697897e-09,-1.345743070855412e-09,0.005644172359072854,-0.030244642889073334
78.66,-0.01778528225098616,0.08388347190685229,-0.005463042655461203,0.20223559128075635,-3.470362003395337e-09,3.9972146273707156e-10,-0.04574162703159644,0.162834590782568,-0.0031121296916363484,0.19714231514754452,-6.385712557746779e-05,0.0001517395361840495,-0.0200067992325731,0.0659983894686877,0.0021671533963635377,0.18186432807425107,-1.4745788972633411e-09,-1.3208104265113233e-09,0.007232633271231507,-0.03609988221613782
78.67,-0.016501361929149205,0.0796932589634748,-0.005579607263147702,0.20275616003049987,-3.4653165087639657e-09,3.7782114215992487e-10,-0.04463352777703813,0.15846152069971184,-0.003088261494620658,0.19721468451522753,-6.54897679116234e-05,0.00015696409896640042,-0.01866658787380211,0.0609060394025098,0.0023067822494169388,0.18156041459291775,-1.4826820624899331e-09,-1.2952718700748829e-09,0.008817418540107662,-0.0419204577032991
78.68,-0.015209503713846882,0.07542951753361261,-0.005675892670499222,0.20320956656253625,-3.4602339929571235e-09,3.558220954189192e-10,-0.04350963502923549,0.15403508010272185,-0.0030446731423160495,0.19722309312687777,-6.710342396619047e-05,0.00016214150427455178,-0.017320344173679777,0.05580468068659083,0.002464561536512284,0.18119573968277225,-1.4909148678529369e-09,-1.269148174457076e-09,0.010397946713319513,-0.04770405749770472
78.69,-0.013910136614343888,0.07109323991360463,-0.005751854275894008,0.20359586165178395,-3.4551166660478868e-09,3.3373362704963244e-10,-0.04237039178446876,0.14955772764535713,-0.002981364485096157,0.1971676668342834,-6.86976484886805e-05,0.00016726794793514818,-0.015968578104161774,0.05069663380219674,0.0026404541219024035,0.18076986798374942,-1.4992746987983595e-09,-1.2424152299626193e-09,0.011973640059546313,-0.05344851759430418
78.7,-0.012603696904431812,0.06668550745031536,-0.005807454187287488,0.2039151067038087,-3.449966737616846e-09,3.1155789620327186e-10,-0.04121624609944827,0.14503192889220354,-0.0028983417559169714,0.1970484983066791,-7.027200665707773e-05,0.00017234919181636566,-0.014611800278966233,0.04558419262503064,0.002834416692234841,0.18028062371860057,-1.507758856881161e-09,-1.2146039691067027e-09,0.013543924791497866,-0.05915154876338313
78.71000000000001,-0.011290628011450945,0.0622074703866205,-0.005842661215644416,0.204167385011903,-3.444786431422222e-09,2.8930535319823275e-10,-0.04004765084506861,0.14046015139999182,-0.002795617575498412,0.1968651926904605,-7.182607315224068e-05,0.00017740209109983528,-0.013250521722877577,0.04046968386850007,0.003046399521920566,0.17972416669665042,-1.5163645318738644e-09,-1.1849149963726442e-09,0.015108231295388647,-0.06481075623819794
78.72,-0.009971380398637831,0.057660326793290494,-0.005857450865953694,0.2043528164498163,-3.4395779825972867e-09,2.6699500720509124e-10,-0.03886506346001175,0.13584486020163208,-0.0026732109769715302,0.19661752575735386,-7.335943214265943e-05,0.00018238976794992048,-0.011885253641240786,0.03535539257163567,0.0032763460864191473,0.1790955061884547,-1.5250887562362436e-09,-1.1540254428023683e-09,0.016665994369347754,-0.07042370450442738
78.73,-0.008646411440618541,0.053045374734050986,-0.005851805325592073,0.20447153427781803,-3.4343436198294874e-09,2.4463209567340705e-10,-0.03766894570453026,0.1311885169661028,-0.0025311474335459596,0.1963052145239528,-7.487167694688117e-05,0.00018736436222947762,-0.01051650719142058,0.030243586296640017,0.003524192700677871,0.17839337254210316,-1.533928446396913e-09,-1.1226445664211012e-09,0.018216653453111846,-0.0759883734284568
78.74,-0.007316185290050418,0.04836400650537423,-0.005825713451079357,0.20452367904519153,-3.429085594566607e-09,2.222101930602053e-10,-0.036459763414419755,0.1264935836936499,-0.0023694589316587485,0.19592648733427445,-7.63624060414486e-05,0.0001923881869575359,-0.00914479325174333,0.025136669652599114,0.0037898683744892097,0.177618306848752,-1.5428804685476518e-09,-1.0907301328438573e-09,0.01975965283093444,-0.08150297258706009
78.75,-0.005981172735182386,0.04361769242528604,-0.005779170754184132,0.20450939213525407,-3.4238061449883666e-09,1.9973060660413944e-10,-0.03523798625539383,0.12176251069797747,-0.002188184221269259,0.19547625254558992,-7.783121339494048e-05,0.0001976340998604684,-0.007770622174604963,0.02003735267737039,0.0040732948105454084,0.17677019491615456,-1.551941619996185e-09,-1.0583149766043786e-09,0.02129444181502281,-0.08696570927441881
78.76,-0.004641851049802393,0.03880796352535365,-0.005712179387829124,0.2044288154307691,-3.4185075301039443e-09,1.7720013035642758e-10,-0.03400408747847442,0.11699773378115189,-0.0019873693211862374,0.19494742024681988,-7.927768126263808e-05,0.000203011687400419,-0.0063945035170682105,0.014948498642835121,0.0043743864173556544,0.17584929368395483,-1.5611086587865968e-09,-1.0254007524317483e-09,0.02282047492148476,-0.0923748902408801
78.77,-0.003298703836646872,0.03393641464735622,-0.00562474813111624,0.20428211808369548,-3.4131920010796776e-09,1.5463500737862266e-10,-0.03275854367632767,0.11220168868344083,-0.0017670680163855846,0.19433848212153312,-8.070138476468673e-05,0.00020839865307652997,-0.005016945776632378,0.009872362948164636,0.004693050323488458,0.17485572856551454,-1.5703782916729355e-09,-9.920134011583486e-10,0.02433721204002885,-0.09772886713207661
78.78,-0.0019522208637762254,0.02900472626907001,-0.005516892371495056,0.204069517899386,-3.4078618235831972e-09,1.320491951085959e-10,-0.03150183454005993,0.10737680566429152,-0.0015273420534998913,0.19365005751960904,-8.210189888503415e-05,0.00021381326389220768,-0.0036384561618092457,0.004810948132430439,0.00502918639673187,0.1737897572178879,-1.579747179122115e-09,-9.58162921875434e-10,0.0258441185973031,-0.10302606233693605
78.79,-0.0006028978930509949,0.024014655903732317,-0.005388634079734944,0.2037913706318162,-3.402519251470265e-09,1.097207727687595e-10,-0.03023444261736609,0.10252548038935431,-0.001268261142086856,0.19288208205800336,-8.34788001019837e-05,0.00021924308332353748,-0.0022595403863599674,-0.00023371637593804257,0.005382687267117722,0.172651635082938,-1.5892119308131746e-09,-9.238626429854298e-10,0.027340665714018393,-0.10826495747535483
78.8,0.0007487634963449275,0.018967942948017555,-0.005240001756017435,0.20344871590581143,-3.397166512461418e-09,8.760888096887751e-11,-0.028956853082474573,0.09764978547424855,-0.000989902933793183,0.19203493977210007,-8.483166638071106e-05,0.00022468781253673454,-0.0008807024703358717,-0.005259702947122525,0.005753438355925181,0.17144173025586829,-1.5987691137488223e-09,-8.891160367692051e-10,0.028826330356105816,-0.11344408721826925
78.81,0.002102256086279517,0.01386636762507686,-0.005071030648544989,0.20303258138738053,-3.3918058745857517e-09,6.425425093549903e-11,-0.02766955348900076,0.09275288640043111,-0.0006923529937279953,0.19110898722151531,-8.616007713187122e-05,0.00023014834706776229,0.0004975554526492796,-0.010265140168510933,0.006141317911569879,0.1701604550858833,-1.6084152573579224e-09,-8.539665000845416e-10,0.03030059548019527,-0.11856204740250846
78.82000000000001,0.0034570671970813064,0.008711624437850412,-0.0048817633409839415,0.2025376260193368,-3.386439650009784e-09,4.05793571309219e-11,-0.026373033478829504,0.08783783176789171,-0.0003757047273565496,0.1901057790587876,-8.746361317177034e-05,0.0002356157040085923,0.001874733313915172,-0.015248462735813331,0.006546197054543206,0.16880837224412204,-1.6181468406095974e-09,-8.185279343154984e-10,0.03176295017211332,-0.12361752803170067
78.83,0.0048126788618096635,0.0035054161341723806,-0.004672250163981193,0.20196480647453305,-3.3810702028643803e-09,1.72044058966277e-11,-0.025067784497023682,0.08290696296776033,-4.005924243349817e-05,0.18902707525944398,-8.874185735475366e-05,0.00024107405484376416,0.0032503332711027147,-0.02020813402359839,0.006967939857665147,0.16738691971670738,-1.6279603464672451e-09,-7.834851658108177e-10,0.0332128897704018,-0.1286095143293011
78.84,0.006168568001334381,-0.0017504878875194462,-0.004442549252131603,0.20131416647857836,-3.3756998742104753e-09,-6.198986371292345e-12,-0.023754299543722893,0.07796262967961835,0.00031447479955799807,0.18787388047039155,-8.999439575773414e-05,0.0002465068636342338,0.0046238598687201185,-0.02514240301491649,0.007406403472535799,0.1658975356181243,-1.6378522643157088e-09,-7.484508347939927e-10,0.03464991597109071,-0.13353706593180237
78.85000000000001,0.007524206608320387,-0.007054142527704576,-0.004192726506902031,0.20058622699132975,-3.370330999383496e-09,-2.949781347003012e-11,-0.022433072940611677,0.07300714911915229,0.0006877812929550437,0.1866470124347825,-9.122081859961386e-05,0.0002519115837107579,0.005994820206454382,-0.03004959178301895,0.007861438267388903,0.164341467055358,-1.6478190951645895e-09,-7.136348078091849e-10,0.036073536925892345,-0.1383991474610496
78.86,0.008879061946966948,-0.012403416539758719,-0.003922855563073398,0.19978121571247398,-3.3649659076402874e-09,-5.279501023871144e-11,-0.02110460009995434,0.06804280215296234,0.0010797367743398463,0.1853473220974478,-9.242072077126704e-05,0.00025727623106666935,0.007362724107003704,-0.03492805816984418,0.00833288795304495,0.16271988105498214,-1.6578573548835417e-09,-6.787452342705738e-10,0.037483267341358185,-0.14319479669557206
78.87,0.010232596772155303,-0.017795959834366815,-0.003633017758268087,0.19889942419055426,-3.359606936278049e-09,-7.609412689227985e-11,-0.019769377297603537,0.06307182000357603,0.0014902104959250658,0.18397530436486348,-9.359370246763638e-05,0.00026259155199958423,0.008727084280667161,-0.039776161228621446,0.008820589683786038,0.1610333824365094,-1.6679635491249283e-09,-6.434940852110688e-10,0.0388786285779669,-0.1479229973584544
78.88,0.011584269566674176,-0.023229304912116694,-0.003323302106837236,0.19794108823842096,-3.3542564067966346e-09,-9.94171149942907e-11,-0.018427901449385418,0.058096427197128826,0.0019190644799584457,0.18253138751206358,-9.473936962575163e-05,0.00026785622790930847,0.010087416487117761,-0.04459232656216513,0.009324374127212213,0.15928252173710136,-1.6781341507337102e-09,-6.080482274867747e-10,0.040259148750329446,-0.1525827367342575
78.89,0.01293353479109534,-0.028700901205022073,-0.0029938052735168754,0.19690649944052266,-3.3489166567025752e-09,-1.227404900673641e-10,-0.017080669890528342,0.053118792070209746,0.002366153564791393,0.18101606413550528,-9.585733402719153e-05,0.0002730653705158377,0.011443239692779914,-0.049375015037652174,0.009844065531858978,0.15746822356133472,-1.6883656241949929e-09,-5.726172235482255e-10,0.04162436282364826,-0.1571731525195049
78.9,0.014279843142200661,-0.03420812790846581,-0.00264463154488233,0.19579596714860203,-3.3435900095351496e-09,-1.4605665166515756e-10,-0.015728180159356342,0.04814103884419708,0.0028313254534501047,0.17942984757244265,-9.694721339228891e-05,0.00027821503954138216,0.012794076224037955,-0.05412272362384839,0.010379481812154374,0.1555914104554353,-1.6986544270500334e-09,-5.370323997168691e-10,0.0429738127008562,-0.1616934416638857
78.91,0.015622641819948154,-0.03974825184006394,-0.002275892798445165,0.19460981294378377,-3.338278797999758e-09,-1.6938216370975594e-10,-0.01437092978549633,0.043165252222947814,0.0033144207650869155,0.1777732700313708,-9.800863145862839e-05,0.0002833025887306298,0.01413945191615669,-0.05883400828465363,0.010930434632298652,0.15365273390473067,-1.7089969909936352e-09,-5.011348273268198e-10,0.04430704730395278,-0.16614279789941208
78.92,0.016961374804016594,-0.04531845278313694,-0.0018877084702675012,0.19334837548133008,-3.3329853512135975e-09,-1.9270542653357904e-10,-0.01300941608199854,0.0381934814959679,0.0038152730912183563,0.17604697524490745,-9.904121787957181e-05,0.00028832857339115706,0.015478896256318752,-0.06350749824876566,0.011496729476713789,0.15165284518967384,-1.7193897284088236e-09,-4.6503347885551305e-10,0.04562362265314811,-0.17052045337546198
78.93,0.018295483138472964,-0.050915856754889514,-0.001480205520131184,0.19201203744545287,-3.3277119926382415e-09,-2.1602443377452009e-10,-0.011644135941266766,0.033227734422124955,0.00433370905839167,0.1742516246126771,-0.00010004460822027913,0.00029328453759925384,0.01681194252048642,-0.06814186809892464,0.01207816571695692,0.14959245475588448,-1.7298290263787162e-09,-4.2869091275388616e-10,0.04692310194252879,-0.17482569361938297
78.94,0.019624405223896094,-0.056537488165522266,-0.001053518393973073,0.19060118865705572,-3.3224610546285615e-09,-2.393417342609552e-10,-0.010275585635210449,0.02826997081923714,0.004869548391922875,0.172387814522226,-0.0001010184442457036,0.00029816503273399756,0.01813812790549194,-0.07273582756350228,0.012674536681648989,0.14747227609867117,-1.7403112578669012e-09,-3.9212495761180457e-10,0.04820505561060973,-0.17905786021823775
78.95,0.02094757711770063,-0.062180300777022024,-0.0006077889842259706,0.1891162471449926,-3.3172348637019623e-09,-2.626477078529672e-10,-0.00890426062002322,0.02332210386872308,0.005422603977788262,0.17045617412490793,-0.00010196237415117373,0.0003029675639466422,0.019456993657010695,-0.07728813483470476,0.013285629728773169,0.14529305667058792,-1.7508327591153067e-09,-3.5534376543311617e-10,0.04946906140540232,-0.1832163486322432
78.96000000000001,0.022264432841854986,-0.06784118462700567,-0.0001431665876602061,0.18755766215293293,-3.312035739019889e-09,-2.8593617938251504e-10,-0.007530655345604344,0.01838600153361048,0.005992681925854759,0.1684573650172198,-0.00010287605263807295,0.0003076881439281481,0.020768085192908244,-0.08179759825058401,0.013911226320736365,0.14305557707820535,-1.7613898459103721e-09,-3.183657088192792e-10,0.050714704444241046,-0.18730060221010544
78.97,0.02357440469701038,-0.07351696698566627,0.00034019213982315204,0.1859259136201998,-3.30686600267578e-09,-3.09198234084613e-10,-0.006155263069587535,0.013463484547804692,0.006579581636400612,0.1663920824015761,-0.00010375914098829961,0.00031232349800311676,0.022070952221650945,-0.08626307508376352,0.014551102102802305,0.1407606522855025,-1.7719788335623948e-09,-2.812040585428741e-10,0.051941577268675446,-0.191310113267821
78.98,0.024876923582732118,-0.07920441625124962,0.0008421232315148926,0.18422151326692313,-3.3017279859012277e-09,-3.324256251066085e-10,-0.004778575676054207,0.00855632622608438,0.007183095869983439,0.16426105527637047,-0.00010461130715018653,0.0003168699775851166,0.023365148855804953,-0.09068347162220554,0.015205026984937706,0.138409131557227,-1.7825960003031635e-09,-2.4387612448029994e-10,0.0531492798945691,-0.1952444206133645
78.99,0.02617141932353948,-0.08490024452697434,0.001362455461386644,0.1824450048247677,-3.2966239891516993e-09,-3.556090979483384e-10,-0.0034010834990101865,0.003666251514346152,0.00780301082070549,0.16206504699565905,-0.00010543222582937628,0.0003213241196659027,0.024650233720666093,-0.09505774248490231,0.015872765227107385,0.13600189893363185,-1.7932376138378443e-09,-2.0640160791763326e-10,0.054337419857529615,-0.1991031087726812
79.0,0.027457321000272934,-0.09060111644819643,0.0019010103989207457,0.18059696862566885,-3.291556332186169e-09,-3.7873492348095137e-10,-0.002023275150690736,-0.0012050634973480258,0.008439106193042807,0.15980485965393548,-0.00010622157857991198,0.0003256826333798721,0.025925770058087796,-0.0993848894666045,0.01655407553093979,0.13353996715937216,-1.8038999360133024e-09,-1.689449059896413e-10,0.05550561225338679,-0.20288582001683383
79.01,0.028734057286157754,-0.0963036537842266,0.0024576024675587284,0.178678023093684,-3.286527313444038e-09,-4.017874011322644e-10,-0.0006456373547767309,-0.006055992916168048,0.009091155282518474,0.1574813357890892,-0.00010697905389767024,0.0003299419946747317,0.02719132582563475,-0.10366395967974541,0.017248711140208827,0.13102440634358134,-1.814579216471859e-09,-1.3142166168526986e-10,0.05665347977348208,-0.20659224331741838
79.02,0.030001056787550277,-0.10200442282784544,0.0030320390065950993,0.1766888138098802,-3.281539229051433e-09,-4.24762497014401e-10,0.0007313452154268936,-0.010884960145357088,0.009758925060022619,0.15509534644322392,-0.00010770434733575546,0.0003340984825618529,0.028446473791093975,-0.10789404834332741,0.01795641994456473,0.12845621760483705,-1.8252717064043592e-09,-9.377856651408399e-11,0.05778065273574027,-0.21022209276773043
79.03,0.03125774838966708,-0.10769994165202777,0.0036241203360975376,0.17463001648457316,-3.276594365299881e-09,-4.476519954645827e-10,0.0021071900938724347,-0.015690437858276774,0.010442176259303538,0.15264779377888887,-0.00010839716163378382,0.00033814865976284237,0.029690791622265688,-0.11207429795287127,0.018676944581456707,0.1258364170435853,-1.8359736385719584e-09,-5.606660236735209e-11,0.058886769112483354,-0.21377511816533115
79.04,0.03250356160668025,-0.1133866964331134,0.004233639825087908,0.17250234676214302,-3.271694996182014e-09,-4.70440063303406e-10,0.0034814171737528174,-0.020470947298522685,0.0111406634678182,0.1501396206238773,-0.00010905720684611059,0.0003420890890765505,0.03092386197205613,-0.11620389710815596,0.019410022538955827,0.12316607000826155,-1.8466812424335023e-09,-1.829412180427604e-11,0.05997147455486579,-0.21725110587191176
79.05,0.033737926935474165,-0.1190611335200048,0.004860383963269294,0.17030655188323227,-3.2668433949256495e-09,-4.93118586071234e-10,0.004853548854556764,-0.025225060445921942,0.011854135221210269,0.14757180222182348,-0.00010968420047211921,0.00034591639325685437,0.032145272559015836,-0.12028207818944868,0.02015538626213375,0.12044626854603055,-1.8573907478669032e-09,1.9520436547451116e-11,0.06103442241368124,-0.22064987878758266
79.06,0.03496027621307229,-0.12471966126252579,0.00550413243603735,0.1680434092644847,-3.262041810016305e-09,-5.156772821144212e-10,0.006223110184077962,-0.029951400714797332,0.01258233410114588,0.14494534457229796,-0.00011027786759032426,0.00034962729997903763,0.03335461624351786,-0.12430811567225869,0.020912763262673342,0.11767813508967573,-1.8680983709701854e-09,5.736519331827975e-11,0.062075273756505234,-0.22397129691859988
79.07000000000001,0.036170042977522625,-0.13035865883396755,0.006164658202664556,0.16571373050842347,-3.25729249014587e-09,-5.381040758916799e-10,0.007589628995349273,-0.034648641482080654,0.013324996836364948,0.1422612877611713,-0.00011083794099446243,0.0003532185908558372,0.034551491099699246,-0.12828132624989924,0.02168187623147999,0.11486282346712022,-1.87880033240906e-09,9.521927991106528e-11,0.06309369738128462,-0.22721525296068143
79.08,0.037366662831668576,-0.13597447954467015,0.0068417275778200415,0.16331836113234932,-3.2525976604841943e-09,-5.603878282014098e-10,0.00895263603855901,-0.03931550602139,0.014081854407059488,0.13952070529662813,-0.00011136416133386594,0.0003566871123461922,0.035735500483236295,-0.1322010675851723,0.022462443154427268,0.11200151929794509,-1.8894928437319e-09,1.3306602807042685e-10,0.0640893698266133,-0.230381671075522
79.09,0.03854957380934077,-0.14156345472851606,0.007535100316491652,0.16085818063922358,-3.247959534627984e-09,-5.825175172743031e-10,0.010311665107997794,-0.04395076711818279,0.014852632152599616,0.13672470372348167,-0.0001118562772583263,0.0003600297757243313,0.036906253095041724,-0.13606673723361754,0.023254177431234053,0.10909543858295237,-1.900172127845098e-09,1.7088693838516284e-10,0.06506197537890919,-0.23347050491998064
79.10000000000001,0.03971821674360111,-0.14712189741503628,0.008244529702288343,0.1583341018151535,-3.2433803065268865e-09,-6.044796311278467e-10,0.011666253164069253,-0.04855324663574259,0.015637049882555907,0.13387442199850802,-0.00011231404556798073,0.0003632435625823358,0.03806336304100114,-0.1398777713967648,0.02405678799739162,0.10614582708860373,-1.91083440067261e-09,2.0866425762208901e-10,0.0660112060766617,-0.23648173601426448
79.11,0.04087203563665904,-0.15264610613745083,0.008969762638953698,0.15574706636825128,-3.2388621610200847e-09,-6.262613434094264e-10,0.013015940450423612,-0.05312181449839397,0.016434821990960292,0.1309710308653713,-0.00011273723136747761,0.0003663255322132522,0.03920644988787219,-0.1436336436635442,0.024869979449047206,0.10315395920576967,-1.9214758874483723e-09,2.46379783561261e-10,0.06693676171192567,-0.23941537192155624
79.12,0.04201047803107546,-0.1581323688742646,0.009710539745065869,0.15309805152276781,-3.2344072596992388e-09,-6.478562634510186e-10,0.014360270606267218,-0.05765538894990084,0.01724565757374351,0.12801573225224908,-0.00011312560822490929,0.0003692728156313014,0.04033513871547162,-0.14733386370965487,0.025693452170749306,0.10012113709274617,-1.9320928211105068e-09,2.8401607643741874e-10,0.06783834982923888,-0.24227144448782548
79.13,0.043132995381862035,-0.16357696698384938,0.0104665954521824,0.1503880706465396,-3.2300177409802986e-09,-6.692550608359644e-10,0.015698790773873664,-0.06215293596109445,0.018069260549286058,0.1250097585904564,-0.00011347895833548118,0.0003720826164941923,0.04144906016528182,-0.1509779759441883,0.026526902465956438,0.09704868960571997,-1.94268143939727e-09,3.215548274719241e-10,0.06871568572214269,-0.245050008037114
79.14,0.04423904342908187,-0.16897617910709106,0.011237658106481871,0.1476181697157914,-3.225695715449276e-09,-6.904469453177706e-10,0.01703105170135577,-0.06661346806627834,0.01890532978201302,0.12195437204256232,-0.00011379707269028947,0.00037475221757168306,0.04254785048561371,-0.15456555809304098,0.027370022690205824,0.09393797120249944,-1.953237974027148e-09,3.5897883027402834e-10,0.06956849242748325,-0.2477511375893581
79.15,0.04532808257055521,-0.17432628516846266,0.012023450073753734,0.14478942773353512,-3.2214433075518246e-09,-7.114211032391056e-10,0.018356607840792696,-0.07103604360525496,0.01975355920895756,0.11885086374067792,-0.00011407975124982614,0.00037727898173662124,0.04363115157346585,-0.15809621975780774,0.028222501386832223,0.0907903608265109,-1.963758714905339e-09,3.96270064247036e-10,0.07039650071767424,-0.25037492706117975
79.16,0.046399578234269656,-0.17962357038659152,0.012823687847665313,0.14190295604657432,-3.217262577157745e-09,-7.32168388224791e-10,0.019675017441800693,-0.07541976575495113,0.020613637969215275,0.11570055297608929,-0.00011432680312227942,0.0003796603543478591,0.04469861101322787,-0.1615696009340218,0.02908402342512448,0.08760726076058252,-1.9742399147084926e-09,4.334107037270504e-10,0.07119944909109821,-0.2529214874761127
79.17,0.04745300125009461,-0.1848643293168832,0.01363808216127519,0.1389598981568868,-3.2131555826546218e-09,-7.526785283474772e-10,0.020985842640643966,-0.07976378154969371,0.021485250536207996,0.11250478636004643,-0.00011453804674636373,0.0003818938648423089,0.04574988211237139,-0.16498537049932327,0.029954270140804977,0.08439009544769302,-1.9846778618795498e-09,4.703837576994469e-10,0.0719770837608296,-0.25539094517876004
79.18,0.04848782822039224,-0.1900448699051693,0.014466338101754486,0.13596142922650026,-3.2091243499854606e-09,-7.729402896590849e-10,0.02228864954498337,-0.08406728079534218,0.022368076852672548,0.10926493694443792,-0.00011471331007873032,0.00038397712866183566,0.046784623934285584,-0.1683432246726964,0.030832919478713174,0.08114031028073833,-1.995068864939689e-09,5.071708745356955e-10,0.07272915864185311,-0.25778344006114845
79.19,0.0495035418891206,-0.19516151755305874,0.015308155228275657,0.13290875567353932,-3.205170896663734e-09,-7.929450485379155e-10,0.023583008314374238,-0.0883294949302905,0.023261792468285834,0.10598240330576694,-0.0001148524307858735,0.00038590784895396225,0.047802501328406924,-0.1716428854502316,0.03171964613757209,0.07785937036020722,-2.005409250913337e-09,5.437555193606014e-10,0.07345543533695904,-0.26009912380322153
79.2,0.0504996315090206,-0.2002106191846765,0.016163227693022794,0.12980311465740804,-3.2012971899303475e-09,-8.126816684815709e-10,0.024868493236625967,-0.09254969581252254,0.024166068679834042,0.10265860858817341,-0.00011495525644004754,0.0003876838183235838,0.04880318495780376,-0.17488409902103028,0.03261412171671279,0.07454875921981645,-2.01569535694905e-09,5.80119189216988e-10,0.07415568312148739,-0.26233815813219
